;FLAVOR:Marlin
;TIME:999
;Filament used: 2.74416m
;Layer height: 0.3
;MINX:142.345
;MINY:106.113
;MINZ:0.3
;MAXX:217.778
;MAXY:171.61
;MAXZ:9.1
;TARGET_MACHINE.NAME:Unknown
;ARCWELDERPROCESSED
; Postprocessed by [ArcWelder](https://github.com/FormerLurker/ArcWelderLib)
; Copyright(C) 2021 - Brad Hochgesang
; Version: 1.2.0, Branch: HEAD, BuildDate: 2021-11-21T20:25:43Z
; resolution=0.05mm
; path_tolerance=10.0%
; max_radius=1000.00mm
; firmware_compensation=True
; mm_per_arc_segment=1.00mm
; min_arc_segments=36
; default_xyz_precision=4
; default_e_precision=6
; extrusion_rate_variance_percent=0.0%

;Generated with Cura_SteamEngine 5.9.0
M140 S60
M105
M190 S60
M104 S305
M105
M109 S305
M82 ;absolute extrusion mode
G28 ;Home
M106 S255
G1 Z15.0 F6000 ;Move the platform down 15mm
;Prime the extruder
G92 E0
G1 F200 E3
G92 E0
G92 E0
G92 E0
G1 F3600 E-1.8
;LAYER_COUNT:27
;LAYER:0
M107
G1 F600 Z1.3
G0 F6000 X189.348 Y171.454 Z1.3
;TYPE:SKIRT
G1 F600 Z0.3
G1 F3000 E0
G1 X188.013 Y171.61 E0.09254
G1 X173.186 Y171.58 E1.11336
G1 X172.223 Y171.443 E1.18033
G1 X171.136 Y171.089 E1.25903
G1 X170.111 Y170.554 E1.33864
G1 X168.913 Y169.611 E1.4436
G1 X167.966 Y168.408 E1.54901
G1 X167.398 Y167.299 E1.6348
G1 X167.118 Y166.365 E1.70193
G1 X166.914 Y165.225 E1.78166
G1 X166.911 Y135.816 E3.80643
G1 X161.072 Y135.78 E4.20844
G1 X159.967 Y135.621 E4.2853
G1 X158.66 Y135.191 E4.38003
G1 X157.462 Y134.569 E4.47297
G1 X156.046 Y133.462 E4.59671
G1 X154.912 Y131.997 E4.72426
G1 X154.303 Y130.783 E4.81777
G1 X153.9 Y129.533 E4.90819
G1 X153.72 Y128.098 E5.00777
G1 X153.713 Y122.309 E5.40633
G1 X152.642 Y122.307 E5.48007
G1 X151.271 Y122.026 E5.57642
G1 X149.799 Y121.287 E5.68982
G1 X149.332 Y120.813 E5.73563
G1 X147.509 Y120.813 E5.86114
G1 X146.468 Y120.594 E5.93438
G1 X145.731 Y120.222 E5.99122
G1 X145.201 Y119.843 E6.03608
G1 X144.635 Y119.236 E6.09322
G1 X144.49 Y119.169 E6.10422
G1 X143.851 Y118.777 E6.15583
G1 X143.229 Y118.174 E6.21548
G1 X143.018 Y117.904 E6.23907
G1 X142.505 Y116.882 E6.3178
G1 X142.345 Y115.858 E6.38915
G1 X142.345 Y112.476 E6.622
G1 X142.564 Y111.435 E6.69524
G1 X142.936 Y110.698 E6.75208
G1 X143.315 Y110.168 E6.79694
G1 X143.932 Y109.593 E6.85501
G1 X144.681 Y109.153 E6.91481
G1 X144.877 Y108.908 E6.93641
G1 X145.56 Y108.283 E7.00015
G1 X146.576 Y107.773 E7.07842
G1 X147.599 Y107.613 E7.14971
G1 X149.321 Y107.613 E7.26827
G1 X149.771 Y107.174 E7.31155
G1 X151.097 Y106.473 E7.41482
G1 X152.532 Y106.115 E7.51664
G1 X156.079 Y106.115 E7.76085
G1 X157.578 Y106.476 E7.867
G1 X158.869 Y107.223 E7.96969
G1 X159.29 Y107.613 E8.0092
G1 X202.334 Y107.613 E10.97272
G1 X202.683 Y107.3 E11.00499
G1 X203.597 Y106.719 E11.07956
G1 X204.333 Y106.406 E11.13462
G1 X205.667 Y106.113 E11.22865
G1 X209.199 Y106.115 E11.47183
G1 X210.503 Y106.473 E11.56493
G1 X211.778 Y107.129 E11.66365
G1 X212.271 Y107.613 E11.71121
G1 X214.112 Y107.613 E11.83796
G1 X215.147 Y107.831 E11.91078
G1 X215.985 Y108.243 E11.97508
G1 X216.696 Y108.808 E12.0376
G1 X217.289 Y109.654 E12.10873
G1 X217.556 Y110.301 E12.15692
G1 X217.776 Y111.233 E12.22285
G1 X217.778 Y117.148 E12.63009
G1 X217.559 Y118.192 E12.70353
G1 X217.151 Y119.017 E12.7669
G1 X216.585 Y119.732 E12.82968
G1 X215.742 Y120.322 E12.90052
G1 X215.093 Y120.593 E12.94894
G1 X214.158 Y120.813 E13.01508
G1 X212.285 Y120.813 E13.14403
G1 X211.979 Y121.106 E13.1732
G1 X211.366 Y121.541 E13.22495
G1 X210.318 Y122.024 E13.30439
G1 X208.991 Y122.311 E13.39787
G1 X207.913 Y122.311 E13.47209
G1 X207.906 Y128.368 E13.8891
G1 X207.583 Y130.072 E14.00851
G1 X207.028 Y131.426 E14.10926
G1 X206.289 Y132.612 E14.20547
G1 X205.125 Y133.854 E14.32266
G1 X204.009 Y134.657 E14.41732
G1 X202.878 Y135.228 E14.50455
G1 X201.637 Y135.621 E14.59417
G1 X200.316 Y135.799 E14.68594
G1 X194.711 Y135.811 E15.07184
G1 X194.694 Y165.08 E17.08696
G1 X194.603 Y165.894 E17.14336
G1 X194.402 Y166.795 E17.20691
G1 X193.952 Y167.887 E17.28823
G1 X193.323 Y168.891 E17.3698
G1 X192.285 Y169.993 E17.47403
G1 X191.347 Y170.629 E17.55205
G1 X190.303 Y171.139 E17.63205
G1 X189.348 Y171.454 E17.70128
G0 F6000 X189.218 Y170.865
G1 F3000 X188.014 Y171.01 E17.78477
G1 X173.27 Y170.986 E18.79988
G1 X172.363 Y170.857 E18.86295
G1 X171.368 Y170.533 E18.935
G1 X170.435 Y170.046 E19.00746
G1 X169.34 Y169.184 E19.1034
G1 X168.474 Y168.084 E19.19979
G1 X167.959 Y167.078 E19.2776
G1 X167.693 Y166.192 E19.34129
G1 X167.514 Y165.171 E19.41265
G1 X167.511 Y135.219 E21.4748
G1 X161.157 Y135.186 E21.91227
G1 X160.105 Y135.035 E21.98544
G1 X158.894 Y134.636 E22.07323
G1 X157.789 Y134.063 E22.15893
G1 X156.474 Y133.034 E22.27389
G1 X155.421 Y131.673 E22.39236
G1 X154.86 Y130.556 E22.47842
G1 X154.488 Y129.403 E22.56183
G1 X154.32 Y128.097 E22.65249
G1 X154.312 Y121.71 E23.09222
G1 X152.705 Y121.707 E23.20286
G1 X151.467 Y121.453 E23.28987
G1 X150.156 Y120.795 E23.39086
G1 X149.582 Y120.213 E23.44714
G1 X147.571 Y120.213 E23.5856
G1 X146.669 Y120.023 E23.64906
G1 X146.001 Y119.686 E23.70057
G1 X145.599 Y119.39 E23.73494
G1 X145.157 Y118.916 E23.77956
G1 X145.041 Y118.756 E23.79317
G1 X144.804 Y118.658 E23.81083
G1 X144.221 Y118.3 E23.85793
G1 X143.646 Y117.743 E23.91305
G1 X143.527 Y117.581 E23.92689
G1 X143.084 Y116.698 E23.9949
G1 X142.945 Y115.81 E24.05678
G1 X142.945 Y112.538 E24.28205
G1 X143.135 Y111.636 E24.34552
G1 X143.472 Y110.968 E24.39703
G1 X143.768 Y110.566 E24.4314
G1 X144.292 Y110.077 E24.48075
G1 X144.879 Y109.733 E24.52759
G1 X145.052 Y109.661 E24.54049
G1 X145.282 Y109.351 E24.56707
G1 X145.905 Y108.781 E24.6252
G1 X146.76 Y108.352 E24.69106
G1 X147.647 Y108.213 E24.75288
G1 X149.565 Y108.213 E24.88493
G1 X150.131 Y107.662 E24.93931
G1 X151.311 Y107.038 E25.03121
G1 X152.605 Y106.715 E25.12304
G1 X156.009 Y106.715 E25.3574
G1 X157.354 Y107.039 E25.45265
G1 X158.569 Y107.742 E25.54929
G1 X159.041 Y108.213 E25.5952
G1 X202.572 Y108.213 E28.59224
G1 X203.005 Y107.806 E28.63316
G1 X203.876 Y107.252 E28.70423
G1 X204.516 Y106.98 E28.7521
G1 X205.732 Y106.713 E28.83782
G1 X209.116 Y106.715 E29.0708
G1 X210.285 Y107.036 E29.15426
G1 X211.424 Y107.622 E29.24245
G1 X212.026 Y108.213 E29.30053
G1 X214.051 Y108.213 E29.43995
G1 X214.95 Y108.402 E29.5032
G1 X215.661 Y108.752 E29.55776
G1 X216.256 Y109.225 E29.61009
G1 X216.759 Y109.943 E29.67045
G1 X216.983 Y110.484 E29.71076
G1 X217.176 Y111.303 E29.76869
G1 X217.178 Y117.087 E30.16691
G1 X216.988 Y117.993 E30.23065
G1 X216.641 Y118.695 E30.28456
G1 X216.168 Y119.292 E30.337
G1 X215.454 Y119.792 E30.39701
G1 X214.907 Y120.02 E30.43781
G1 X214.088 Y120.213 E30.49575
G1 X212.036 Y120.213 E30.63702
G1 X211.632 Y120.616 E30.67631
G1 X211.062 Y121.02 E30.72441
G1 X210.125 Y121.452 E30.79545
G1 X208.929 Y121.711 E30.8797
G1 X207.314 Y121.711 E30.99089
G1 X207.306 Y128.314 E31.4455
G1 X207.005 Y129.9 E31.55664
G1 X206.492 Y131.152 E31.64979
G1 X205.812 Y132.244 E31.73836
G1 X204.726 Y133.402 E31.84766
G1 X203.699 Y134.141 E31.93477
G1 X202.649 Y134.671 E32.01575
G1 X201.508 Y135.033 E32.09817
G1 X200.236 Y135.204 E32.18653
G1 X194.111 Y135.212 E32.60823
G1 X194.097 Y165.016 E34.66019
G1 X194.017 Y165.764 E34.71198
G1 X193.828 Y166.613 E34.77186
G1 X193.415 Y167.614 E34.84641
G1 X192.846 Y168.522 E34.92019
G1 X191.895 Y169.532 E35.0157
G1 X191.01 Y170.132 E35.08931
G1 X190.115 Y170.569 E35.15789
G1 X189.218 Y170.865 E35.22292
G0 F6000 X189.084 Y170.277
G1 F3000 X188.015 Y170.41 E35.29709
G1 X173.354 Y170.392 E36.30647
G1 X172.503 Y170.271 E36.36565
G1 X171.6 Y169.977 E36.43104
G1 X170.759 Y169.538 E36.49635
G1 X169.767 Y168.757 E36.58328
G1 X168.982 Y167.76 E36.67064
G1 X168.52 Y166.857 E36.74048
G1 X168.268 Y166.019 E36.80072
G1 X168.114 Y165.121 E36.86345
G1 X168.111 Y135.219 E38.92216
G1 X168.282 Y134.479 E38.97445
G1 X167.671 Y134.62 E39.01762
G1 X161.243 Y134.592 E39.46018
G1 X160.243 Y134.448 E39.52974
G1 X159.128 Y134.081 E39.61056
G1 X158.113 Y133.555 E39.68927
G1 X156.902 Y132.607 E39.79515
G1 X155.931 Y131.353 E39.90434
G1 X155.417 Y130.329 E39.98323
G1 X155.076 Y129.273 E40.05963
G1 X154.92 Y128.096 E40.14137
G1 X154.911 Y121.111 E40.62228
G1 X152.767 Y121.107 E40.76989
G1 X151.664 Y120.881 E40.84741
G1 X150.513 Y120.303 E40.93608
G1 X149.875 Y119.656 E40.99864
G1 X149.755 Y119.613 E41.00742
G1 X147.633 Y119.613 E41.15352
G1 X146.868 Y119.452 E41.20734
G1 X146.344 Y119.194 E41.24755
G1 X146.038 Y118.981 E41.27322
G1 X145.596 Y118.507 E41.31784
G1 X145.43 Y118.254 E41.33867
G1 X145.118 Y118.147 E41.36138
G1 X144.591 Y117.823 E41.40397
G1 X144.063 Y117.312 E41.45456
G1 X143.663 Y116.514 E41.51602
G1 X143.545 Y115.762 E41.56843
G1 X143.545 Y112.6 E41.78613
G1 X143.706 Y111.835 E41.83995
G1 X143.964 Y111.311 E41.88016
G1 X144.177 Y111.005 E41.90583
G1 X144.651 Y110.563 E41.95045
G1 X145.183 Y110.251 E41.99291
G1 X145.436 Y110.163 E42.01136
G1 X145.687 Y109.794 E42.04208
G1 X146.25 Y109.279 E42.09461
G1 X146.944 Y108.931 E42.14807
G1 X147.695 Y108.813 E42.2004
G1 X149.541 Y108.813 E42.3275
G1 X149.863 Y108.761 E42.34996
G1 X150.489 Y108.151 E42.41013
G1 X151.527 Y107.602 E42.49098
G1 X152.678 Y107.315 E42.57265
G1 X155.94 Y107.315 E42.79723
G1 X157.128 Y107.601 E42.88136
G1 X158.199 Y108.221 E42.96656
G1 X158.756 Y108.777 E43.02075
G1 X158.948 Y108.813 E43.0342
G1 X202.81 Y108.813 E46.05403
G1 X203.375 Y108.281 E46.10746
G1 X204.157 Y107.784 E46.17125
G1 X204.697 Y107.555 E46.21163
G1 X205.797 Y107.313 E46.28918
G1 X209.033 Y107.315 E46.51197
G1 X210.067 Y107.599 E46.5858
G1 X211.07 Y108.115 E46.66346
G1 X211.753 Y108.785 E46.72933
G1 X212.148 Y108.813 E46.75659
G1 X213.989 Y108.813 E46.88334
G1 X214.754 Y108.974 E46.93716
G1 X215.337 Y109.261 E46.9819
G1 X215.814 Y109.64 E47.02385
G1 X216.267 Y110.287 E47.07822
G1 X216.399 Y110.622 E47.10301
G1 X216.576 Y111.373 E47.15614
G1 X216.578 Y117.026 E47.54534
G1 X216.417 Y117.794 E47.59936
G1 X216.131 Y118.373 E47.64382
G1 X215.753 Y118.85 E47.68573
G1 X215.11 Y119.3 E47.73976
G1 X214.769 Y119.436 E47.76504
G1 X214.018 Y119.613 E47.81816
G1 X211.789 Y119.613 E47.97162
G1 X211.248 Y120.152 E48.0242
G1 X210.758 Y120.499 E48.06554
G1 X209.932 Y120.88 E48.12816
G1 X208.867 Y121.111 E48.20319
G1 X206.715 Y121.111 E48.35135
G1 X206.706 Y128.254 E48.84314
G1 X206.426 Y129.731 E48.94664
G1 X205.955 Y130.88 E49.03213
G1 X205.335 Y131.875 E49.11285
G1 X204.327 Y132.95 E49.21431
G1 X203.389 Y133.625 E49.29387
G1 X202.422 Y134.113 E49.36845
G1 X201.377 Y134.445 E49.44394
G1 X200.156 Y134.609 E49.52876
G1 X194.036 Y134.612 E49.95011
G1 X193.359 Y134.525 E49.9971
G1 X193.42 Y134.731 E50.01189
G1 X193.511 Y135.31 E50.05225
G1 X193.5 Y164.955 E52.09326
G1 X193.431 Y165.634 E52.14025
G1 X193.254 Y166.431 E52.19646
G1 X192.878 Y167.341 E52.26425
G1 X192.369 Y168.153 E52.33023
G1 X191.505 Y169.071 E52.41702
G1 X190.673 Y169.635 E52.48622
G1 X189.927 Y169.999 E52.54337
G1 X189.084 Y170.277 E52.60449
G0 F6000 X188.962 Y169.688
G1 F3000 X188.015 Y169.81 E52.67022
G1 X173.438 Y169.798 E53.67383
G1 X172.643 Y169.685 E53.72911
G1 X171.832 Y169.421 E53.78783
G1 X171.083 Y169.03 E53.84601
G1 X170.194 Y168.33 E53.92391
G1 X169.49 Y167.436 E54.00225
G1 X169.079 Y166.632 E54.06442
G1 X168.859 Y165.918 E54.11586
G1 X168.714 Y165.072 E54.17495
G1 X168.711 Y135.289 E56.22547
G1 X168.889 Y134.517 E56.28001
G1 X169.3 Y133.917 E56.33008
G1 X169.658 Y133.626 E56.36185
G1 X170.193 Y133.356 E56.40311
G1 X170.811 Y133.259 E56.44618
G1 X190.811 Y133.258 E57.82315
G1 X191.408 Y133.348 E57.86471
G1 X191.94 Y133.609 E57.90551
G1 X192.363 Y133.944 E57.94266
G1 X192.726 Y134.527 E57.98994
G1 X192.827 Y134.824 E58.01154
G1 X192.911 Y135.358 E58.04876
G1 X192.903 Y164.894 E60.08227
G1 X192.834 Y165.573 E60.12926
G1 X192.679 Y166.253 E60.17727
G1 X192.344 Y167.063 E60.23762
G1 X191.892 Y167.784 E60.29621
G1 X191.113 Y168.612 E60.37448
G1 X190.406 Y169.098 E60.43355
G1 X189.737 Y169.43 E60.48497
G1 X188.962 Y169.688 E60.5412
G1 F3600 E58.7412
G1 F600 Z1.3
G0 F6000 X201.242 Y133.858 Z1.3
G1 F600 Z0.3
G1 F3000 E60.5412
G1 X200.156 Y134.009 E60.61669
G1 X194.036 Y134.012 E61.03805
G1 X193.528 Y133.942 E61.07335
G1 X192.909 Y133.618 E61.12145
G1 X192.433 Y133.206 E61.1648
G1 X191.825 Y132.862 E61.21289
G1 X191.161 Y132.687 E61.26017
G1 X190.733 Y132.658 E61.2897
G1 X170.875 Y132.659 E62.6569
G1 X170.401 Y132.695 E62.68962
G1 X170.066 Y132.768 E62.71323
G1 X169.428 Y133.045 E62.76112
G1 X169.135 Y133.246 E62.78558
G1 X168.743 Y133.587 E62.82135
G1 X168.238 Y133.87 E62.86121
G1 X167.673 Y134.02 E62.90145
G1 X161.329 Y133.998 E63.33823
G1 X160.379 Y133.861 E63.40431
G1 X159.363 Y133.527 E63.47795
G1 X158.437 Y133.047 E63.54976
G1 X157.332 Y132.182 E63.64637
G1 X156.44 Y131.029 E63.74674
G1 X155.974 Y130.102 E63.81817
G1 X155.664 Y129.142 E63.88762
G1 X155.515 Y128.017 E63.96575
G1 X155.511 Y120.98 E64.45024
G1 X155.481 Y120.58 E64.47786
G1 X155.144 Y120.511 E64.50154
G1 X152.83 Y120.507 E64.66086
G1 X151.86 Y120.308 E64.72903
G1 X150.87 Y119.811 E64.8053
G1 X150.206 Y119.137 E64.87044
G1 X149.858 Y119.013 E64.89587
G1 X147.694 Y119.013 E65.04486
G1 X147.065 Y118.881 E65.08911
G1 X146.609 Y118.656 E65.12412
G1 X146.435 Y118.527 E65.13903
G1 X146.035 Y118.098 E65.17941
G1 X145.877 Y117.832 E65.20071
G1 X145.724 Y117.714 E65.21402
G1 X145.417 Y117.627 E65.23599
G1 X145.008 Y117.392 E65.26846
G1 X144.554 Y116.953 E65.31194
G1 X144.242 Y116.329 E65.35998
G1 X144.145 Y115.713 E65.40291
G1 X144.145 Y112.661 E65.61303
G1 X144.277 Y112.032 E65.65728
G1 X144.502 Y111.576 E65.69229
G1 X144.631 Y111.402 E65.7072
G1 X145.06 Y111.002 E65.74759
G1 X145.471 Y110.777 E65.77985
G1 X145.707 Y110.711 E65.79672
G1 X145.893 Y110.567 E65.81291
G1 X146.092 Y110.237 E65.83945
G1 X146.595 Y109.777 E65.88637
G1 X147.128 Y109.51 E65.92742
G1 X147.744 Y109.413 E65.97035
G1 X149.569 Y109.413 E66.096
G1 X149.991 Y109.367 E66.12522
G1 X150.215 Y109.256 E66.14244
G1 X150.847 Y108.64 E66.2032
G1 X151.743 Y108.166 E66.27299
G1 X152.751 Y107.915 E66.34451
G1 X155.871 Y107.915 E66.55931
G1 X156.902 Y108.163 E66.63232
G1 X157.829 Y108.7 E66.70608
G1 X158.428 Y109.298 E66.76435
G1 X158.667 Y109.382 E66.78179
G1 X158.911 Y109.413 E66.79873
G1 X202.568 Y109.413 E69.80445
G1 X202.943 Y109.383 E69.83035
G1 X203.147 Y109.321 E69.84503
G1 X203.745 Y108.756 E69.90167
G1 X204.433 Y108.319 E69.95778
G1 X204.882 Y108.129 E69.99135
G1 X205.862 Y107.913 E70.06044
G1 X208.95 Y107.915 E70.27304
G1 X209.849 Y108.162 E70.33723
G1 X210.716 Y108.608 E70.40436
G1 X211.447 Y109.325 E70.47486
G1 X211.57 Y109.373 E70.48395
G2 X213.9280 Y109.4130 I1.4605 J-16.5744 E70.646390
G1 X214.557 Y109.545 E70.69064
G1 X215.013 Y109.77 E70.72565
G1 X215.374 Y110.057 E70.7574
G1 X215.735 Y110.572 E70.8007
G1 X215.815 Y110.76 E70.81476
G1 X215.976 Y111.443 E70.86308
G1 X215.978 Y116.965 E71.24326
G1 X215.846 Y117.595 E71.28757
G1 X215.621 Y118.05 E71.32252
G1 X215.337 Y118.408 E71.35398
G1 X214.82 Y118.771 E71.39748
G1 X214.631 Y118.852 E71.41163
G1 X213.948 Y119.013 E71.45994
G1 X211.66 Y119.013 E71.61747
G1 X211.442 Y119.111 E71.63393
G1 X210.86 Y119.691 E71.6905
G1 X210.456 Y119.977 E71.72458
G1 X209.737 Y120.309 E71.7791
G1 X208.805 Y120.511 E71.84476
G1 X206.573 Y120.511 E71.99843
G1 X206.18 Y120.558 E72.02568
G1 X206.111 Y121.108 E72.06384
G1 X206.106 Y128.2 E72.55211
G1 X205.848 Y129.559 E72.64735
G1 X205.419 Y130.606 E72.72525
G1 X204.858 Y131.506 E72.79827
G1 X203.928 Y132.498 E72.89188
G1 X203.079 Y133.109 E72.9639
G1 X202.195 Y133.555 E73.03207
G1 X201.242 Y133.858 E73.10092
G0 F6000 X201.108 Y133.271
G1 F3000 X200.156 Y133.409 E73.16715
G1 X194.036 Y133.412 E73.5885
G1 X193.712 Y133.362 E73.61107
G1 X193.25 Y133.12 E73.64698
G1 X192.791 Y132.722 E73.68881
G1 X192.44 Y132.493 E73.71766
G1 X192.052 Y132.305 E73.74734
G1 X191.652 Y132.171 E73.77639
G1 X191.237 Y132.09 E73.8055
G1 X190.758 Y132.058 E73.83855
G1 X170.856 Y132.059 E75.20877
G1 X170.313 Y132.1 E75.24626
G1 X169.9 Y132.19 E75.27537
G1 X169.504 Y132.333 E75.30435
G1 X169.12 Y132.528 E75.334
G1 X168.766 Y132.772 E75.3636
G1 X168.427 Y133.077 E75.395
G1 X168.082 Y133.291 E75.42295
G1 X167.561 Y133.431 E75.46009
G1 X167.144 Y133.419 E75.48882
G1 X161.415 Y133.404 E75.88325
G1 X160.515 Y133.274 E75.94586
G1 X159.598 Y132.973 E76.01231
G1 X158.761 Y132.539 E76.07722
G1 X157.762 Y131.757 E76.16456
G1 X156.95 Y130.707 E76.25595
G1 X156.53 Y129.872 E76.3203
G1 X156.251 Y129.008 E76.38281
G1 X156.115 Y128.017 E76.45168
G1 X156.111 Y120.96 E76.93754
G1 X156.073 Y120.461 E76.972
G1 X156.026 Y120.312 E76.98275
G1 X155.902 Y120.134 E76.99769
G1 X155.673 Y119.995 E77.01613
G1 X155.198 Y119.911 E77.04934
G1 X152.892 Y119.907 E77.20811
G1 X152.057 Y119.736 E77.26679
G1 X151.227 Y119.319 E77.33074
G1 X150.673 Y118.757 E77.38507
G1 X150.455 Y118.589 E77.40402
G1 X150.062 Y118.449 E77.43274
G1 X149.694 Y118.413 E77.4582
G1 X147.746 Y118.413 E77.59232
G1 X147.33 Y118.343 E77.62136
G1 X146.874 Y118.118 E77.65637
G1 X146.474 Y117.689 E77.69675
G1 X146.355 Y117.443 E77.71557
G1 X145.985 Y117.157 E77.74776
G1 X145.684 Y117.09 E77.769
G1 X145.425 Y116.961 E77.78892
G1 X145.045 Y116.593 E77.82534
G1 X144.82 Y116.144 E77.85991
G1 X144.745 Y115.713 E77.89003
G1 X144.745 Y112.713 E78.09658
G1 X144.815 Y112.297 E78.12562
G1 X145.04 Y111.841 E78.16063
G1 X145.469 Y111.441 E78.20101
G1 X145.727 Y111.319 E78.22066
G1 X145.964 Y111.271 E78.23731
G1 X146.369 Y110.957 E78.27259
G1 X146.517 Y110.661 E78.29538
G1 X146.864 Y110.313 E78.32921
G1 X147.313 Y110.088 E78.36379
G1 X147.744 Y110.013 E78.39391
G1 X149.605 Y110.013 E78.52204
G1 X150.16 Y109.953 E78.56047
G1 X150.568 Y109.75 E78.59185
G1 X151.205 Y109.129 E78.65309
G1 X151.959 Y108.73 E78.71183
G1 X152.824 Y108.515 E78.77319
G1 X155.802 Y108.515 E78.97822
G1 X156.676 Y108.725 E79.04011
G1 X157.459 Y109.179 E79.10242
G1 X158.1 Y109.819 E79.16479
G1 X158.527 Y109.969 E79.19595
G1 X158.876 Y110.013 E79.22016
G1 X202.591 Y110.013 E82.22988
G1 X203.056 Y109.976 E82.26199
G1 X203.456 Y109.854 E82.29078
G1 X204.114 Y109.233 E82.35308
G1 X204.683 Y108.865 E82.39973
G1 X205.011 Y108.715 E82.42456
G1 X205.927 Y108.513 E82.48914
G1 X208.867 Y108.515 E82.69156
G1 X209.631 Y108.725 E82.74611
G1 X210.362 Y109.101 E82.8027
G1 X211.115 Y109.84 E82.87534
G1 X211.438 Y109.966 E82.89921
G2 X213.8760 Y110.0130 I1.5525 J-17.2759 E83.067180
G1 X214.292 Y110.083 E83.09622
G1 X214.748 Y110.308 E83.13123
G1 X214.98 Y110.51 E83.15241
G1 X215.231 Y110.898 E83.18422
G1 X215.376 Y111.513 E83.22773
G1 X215.378 Y116.913 E83.59951
G1 X215.308 Y117.329 E83.62855
G1 X215.083 Y117.784 E83.6635
G1 X214.883 Y118.015 E83.68454
G1 X214.493 Y118.268 E83.71654
G1 X213.878 Y118.413 E83.76005
G1 X211.949 Y118.413 E83.89285
G1 X211.447 Y118.451 E83.92751
G1 X211.094 Y118.61 E83.95417
G1 X210.499 Y119.211 E84.0124
G1 X210.205 Y119.432 E84.03772
G1 X209.544 Y119.737 E84.08784
G1 X208.743 Y119.911 E84.14427
G1 X206.541 Y119.911 E84.29588
G1 X205.989 Y119.961 E84.33404
G1 X205.693 Y120.166 E84.35883
G1 X205.551 Y120.513 E84.38464
G1 X205.511 Y121.08 E84.42377
G1 X205.506 Y128.146 E84.91026
G1 X205.271 Y129.385 E84.99708
G1 X204.883 Y130.331 E85.06748
G1 X204.379 Y131.139 E85.13304
G1 X203.531 Y132.044 E85.21843
G1 X202.766 Y132.595 E85.28334
G1 X201.968 Y132.997 E85.34486
G1 X201.108 Y133.271 E85.407
G1 F3600 E83.607
G1 F600 Z1.3
G0 F6000 X200.831 Y132.099 Z1.3
G1 F600 Z0.3
G1 F3000 E85.407
G1 X200.111 Y132.209 E85.45714
G1 X194.036 Y132.212 E85.8754
G1 X193.522 Y131.767 E85.92221
G1 X193.03 Y131.445 E85.96269
G1 X192.512 Y131.193 E86.00235
G1 X191.956 Y131.007 E86.04271
G1 X191.389 Y130.896 E86.08249
G1 X190.807 Y130.858 E86.12265
G1 X170.82 Y130.859 E87.49872
G1 X170.137 Y130.91 E87.54588
G1 X169.564 Y131.035 E87.58625
G1 X169.026 Y131.229 E87.62563
G1 X168.503 Y131.497 E87.66609
G1 X168.027 Y131.824 E87.70585
G1 X167.643 Y132.169 E87.74139
G1 X167.507 Y132.239 E87.75192
G1 X167.19 Y132.219 E87.77379
G1 X161.502 Y132.21 E88.1654
G1 X160.788 Y132.101 E88.21513
G1 X160.068 Y131.865 E88.26729
G1 X159.409 Y131.523 E88.31841
G1 X158.62 Y130.905 E88.38741
G1 X157.97 Y130.065 E88.46054
G1 X157.643 Y129.415 E88.51063
G1 X157.425 Y128.738 E88.5596
G1 X157.315 Y128.017 E88.60981
G1 X157.311 Y120.923 E89.09823
G1 X157.259 Y120.23 E89.14607
G1 X157.121 Y119.8 E89.17716
G1 X156.957 Y119.508 E89.20022
G1 X156.736 Y119.248 E89.22371
G1 X156.419 Y119.012 E89.25092
G1 X156.091 Y118.856 E89.27593
G1 X155.634 Y118.746 E89.30829
G1 X155.282 Y118.711 E89.33265
G1 X153.018 Y118.707 E89.48852
G1 X152.449 Y118.59 E89.52851
G1 X151.943 Y118.336 E89.56749
G1 X151.47 Y117.857 E89.61384
G1 X151.088 Y117.562 E89.64707
G1 X150.702 Y117.375 E89.6766
G1 X150.278 Y117.265 E89.70676
G1 X149.752 Y117.213 E89.74315
G1 X147.746 Y117.213 E89.88126
G1 X147.597 Y117.174 E89.89186
G1 X147.488 Y117.066 E89.90243
G1 X147.446 Y116.83 E89.91893
G1 X147.204 Y116.572 E89.94329
G1 X146.837 Y116.272 E89.97592
G1 X146.412 Y116.013 E90.01019
G1 X146.096 Y115.974 E90.03211
G1 X145.987 Y115.866 E90.04267
G1 X145.945 Y115.713 E90.0536
G1 X145.945 Y112.713 E90.26014
G1 X145.984 Y112.564 E90.27075
G1 X146.092 Y112.455 E90.28131
G1 X146.4 Y112.413 E90.30271
G1 X146.788 Y112.172 E90.33416
G1 X147.2 Y111.844 E90.37042
G1 X147.444 Y111.592 E90.39457
G1 X147.483 Y111.364 E90.41049
G1 X147.591 Y111.255 E90.42106
G1 X147.744 Y111.213 E90.43198
G1 X149.678 Y111.213 E90.56513
G1 X150.421 Y111.133 E90.61658
G1 X150.832 Y110.99 E90.64654
G1 X151.305 Y110.706 E90.68453
G1 X151.917 Y110.109 E90.74339
G1 X152.392 Y109.858 E90.78038
G1 X152.969 Y109.715 E90.8213
G1 X155.663 Y109.715 E91.00678
G1 X156.224 Y109.85 E91.04651
G1 X156.719 Y110.137 E91.0859
G1 X157.274 Y110.691 E91.13989
G1 X157.605 Y110.917 E91.16749
G1 X158.244 Y111.143 E91.21415
G1 X158.807 Y111.213 E91.25321
G1 X202.635 Y111.213 E94.2707
G1 X203.234 Y111.166 E94.31207
G1 X203.66 Y111.072 E94.34211
G1 X204.014 Y110.908 E94.36897
G1 X204.378 Y110.634 E94.40033
G1 X204.858 Y110.179 E94.44587
G1 X205.333 Y109.873 E94.48477
G1 X206.057 Y109.713 E94.53582
G1 X208.702 Y109.715 E94.71792
G1 X209.257 Y109.867 E94.75754
G1 X209.651 Y110.084 E94.78851
G1 X210.308 Y110.728 E94.85185
G1 X210.593 Y110.923 E94.87562
G1 X211.023 Y111.092 E94.90743
G1 X211.409 Y111.167 E94.93451
G2 X213.8760 Y111.2130 I1.5600 J-17.4873 E95.104470
G1 X214.025 Y111.252 E95.11507
G1 X214.134 Y111.36 E95.12564
G1 X214.176 Y111.513 E95.13656
G1 X214.178 Y116.913 E95.50834
G1 X214.139 Y117.061 E95.51888
G1 X214.031 Y117.171 E95.52949
G1 X213.878 Y117.213 E95.54042
G1 X211.913 Y117.213 E95.6757
G1 X211.219 Y117.265 E95.72362
G1 X210.829 Y117.386 E95.75173
G1 X210.366 Y117.641 E95.78812
G1 X209.647 Y118.367 E95.85847
G1 X209.154 Y118.595 E95.89587
G1 X208.618 Y118.711 E95.93362
G1 X206.476 Y118.711 E96.0811
G1 X205.906 Y118.763 E96.1205
G1 X205.562 Y118.839 E96.14476
G1 X205.25 Y118.974 E96.16816
G1 X204.977 Y119.167 E96.19118
G1 X204.744 Y119.414 E96.21456
G1 X204.532 Y119.772 E96.24321
G1 X204.365 Y120.276 E96.27976
G1 X204.311 Y121.038 E96.33236
G1 X204.306 Y128.033 E96.81395
G1 X204.114 Y129.044 E96.8848
G1 X203.814 Y129.777 E96.93933
G1 X203.421 Y130.405 E96.99033
G1 X202.737 Y131.136 E97.05926
G1 X202.138 Y131.568 E97.11011
G1 X201.517 Y131.88 E97.15795
G1 X200.831 Y132.099 E97.20753
G0 F6000 X200.97 Y132.685
G1 F3000 X200.156 Y132.809 E97.26422
G1 X194.036 Y132.812 E97.68557
G1 X193.822 Y132.772 E97.70056
G1 X193.643 Y132.666 E97.71489
G1 X193.158 Y132.246 E97.75906
G1 X192.733 Y131.968 E97.79402
G1 X192.282 Y131.749 E97.82854
G1 X191.804 Y131.589 E97.86324
G1 X191.313 Y131.493 E97.89769
G1 X190.783 Y131.458 E97.93426
G1 X170.838 Y131.459 E99.30744
G1 X170.225 Y131.505 E99.34976
G1 X169.73 Y131.613 E99.38465
G1 X169.269 Y131.779 E99.41838
G1 X168.813 Y132.012 E99.45364
G1 X168.394 Y132.3 E99.48864
G1 X168.026 Y132.631 E99.52272
G1 X167.782 Y132.772 E99.54212
G1 X167.469 Y132.838 E99.56414
G1 X167.167 Y132.819 E99.58498
G1 X161.501 Y132.81 E99.97507
G1 X160.651 Y132.687 E100.0342
G1 X159.833 Y132.419 E100.09347
G1 X159.085 Y132.031 E100.15148
G1 X158.19 Y131.33 E100.22975
G1 X157.46 Y130.387 E100.31186
G1 X157.087 Y129.645 E100.36903
G1 X156.839 Y128.875 E100.42473
G1 X156.715 Y128.017 E100.48441
G1 X156.711 Y120.941 E100.97159
G1 X156.666 Y120.345 E101.01274
G1 X156.569 Y120.043 E101.03457
G1 X156.321 Y119.687 E101.06445
G1 X155.887 Y119.424 E101.09938
G1 X155.253 Y119.311 E101.14372
G1 X152.955 Y119.307 E101.30194
G1 X152.253 Y119.163 E101.35127
G1 X151.584 Y118.827 E101.40282
G1 X151.071 Y118.307 E101.45311
G1 X150.77 Y118.075 E101.47927
G1 X150.494 Y117.941 E101.5004
G1 X150.17 Y117.857 E101.52344
G1 X149.723 Y117.813 E101.55436
G1 X147.746 Y117.813 E101.69048
G1 X147.445 Y117.754 E101.7116
G1 X147.173 Y117.598 E101.73318
G1 X146.94 Y117.311 E101.75863
G1 X146.886 Y117.11 E101.77296
G1 X146.484 Y116.759 E101.80971
G1 X146.21 Y116.592 E101.8318
G1 X145.814 Y116.504 E101.85973
G1 X145.563 Y116.29 E101.88244
G1 X145.408 Y116.025 E101.90357
G1 X145.345 Y115.713 E101.92549
G1 X145.345 Y112.713 E102.13203
G1 X145.404 Y112.412 E102.15315
G1 X145.56 Y112.14 E102.17474
G1 X145.847 Y111.907 E102.20019
G1 X146.19 Y111.837 E102.22429
G1 X146.448 Y111.676 E102.24523
G1 X146.884 Y111.308 E102.28451
G1 X146.967 Y111.058 E102.30265
G1 X147.167 Y110.831 E102.32348
G1 X147.432 Y110.676 E102.34461
G1 X147.744 Y110.613 E102.36653
G1 X149.642 Y110.613 E102.4972
G1 X150.289 Y110.543 E102.54201
G1 X150.579 Y110.443 E102.56313
G1 X150.937 Y110.228 E102.59188
G1 X151.56 Y109.62 E102.65181
G1 X152.177 Y109.294 E102.69986
G1 X152.897 Y109.115 E102.75094
G1 X155.732 Y109.115 E102.94612
G1 X156.45 Y109.288 E102.99697
G1 X157.089 Y109.658 E103.04781
G1 X157.659 Y110.227 E103.10326
G1 X157.879 Y110.377 E103.12159
G1 X158.386 Y110.556 E103.15861
G1 X158.841 Y110.613 E103.19018
G1 X202.613 Y110.613 E106.20381
G1 X203.144 Y110.571 E106.24049
G1 X203.469 Y110.5 E106.26339
G1 X203.703 Y110.391 E106.28116
G1 X203.99 Y110.175 E106.30589
G1 X204.486 Y109.706 E106.35289
G1 X205.008 Y109.369 E106.39567
G1 X205.204 Y109.287 E106.4103
G1 X205.992 Y109.113 E106.46585
G1 X208.784 Y109.115 E106.65808
G1 X209.415 Y109.288 E106.70313
G1 X210.005 Y109.592 E106.74882
G1 X210.689 Y110.262 E106.81474
G1 X210.878 Y110.391 E106.8305
G1 X211.302 Y110.557 E106.86185
G2 X213.8760 Y110.6130 I1.6810 J-18.0819 E107.039200
G1 X214.177 Y110.672 E107.06032
G1 X214.449 Y110.828 E107.0819
G1 X214.558 Y110.936 E107.09247
G1 X214.713 Y111.201 E107.11361
G1 X214.776 Y111.513 E107.13552
G1 X214.778 Y116.913 E107.5073
G1 X214.719 Y117.214 E107.52842
G1 X214.563 Y117.485 E107.54995
G1 X214.455 Y117.595 E107.56056
G1 X214.19 Y117.75 E107.5817
G1 X213.878 Y117.813 E107.60361
G1 X211.931 Y117.813 E107.73766
G1 X211.333 Y117.858 E107.77895
G1 X211.066 Y117.941 E107.7982
G1 X210.731 Y118.125 E107.82451
G1 X210.073 Y118.789 E107.88887
G1 X209.899 Y118.912 E107.90354
G1 X209.349 Y119.166 E107.94525
G1 X208.68 Y119.311 E107.99238
G1 X206.509 Y119.311 E108.14185
G1 X205.839 Y119.372 E108.18817
G1 X205.544 Y119.501 E108.21034
G1 X205.226 Y119.777 E108.23933
G1 X205.083 Y120.02 E108.25874
G1 X204.957 Y120.397 E108.28611
G1 X204.911 Y121.052 E108.33131
G1 X204.906 Y128.087 E108.81566
G1 X204.692 Y129.216 E108.89478
G1 X204.348 Y130.055 E108.95721
G1 X203.9 Y130.772 E109.01542
G1 X203.134 Y131.59 E109.09257
G1 X202.453 Y132.081 E109.15037
G1 X201.741 Y132.439 E109.20524
G1 X200.97 Y132.685 E109.26096
G1 F3600 E107.46096
G1 F600 Z1.3
G0 F6000 X192.311 Y135.358 Z1.3
G1 F600 Z0.3
G1 F3000 E109.26096
G1 X192.306 Y164.837 E111.29054
G1 X192.249 Y165.439 E111.33218
G1 X192.104 Y166.074 E111.37702
G1 X191.81 Y166.785 E111.42999
G1 X191.415 Y167.415 E111.48119
G1 X190.721 Y168.153 E111.55093
G1 X190.134 Y168.563 E111.60023
G1 X189.547 Y168.861 E111.64555
G1 X188.83 Y169.1 E111.69759
G1 X188.015 Y169.21 E111.75421
G1 X173.522 Y169.204 E112.75203
G1 X172.783 Y169.099 E112.80342
G1 X172.064 Y168.865 E112.85548
G1 X171.407 Y168.522 E112.9065
G1 X170.621 Y167.903 E112.97539
G1 X169.998 Y167.112 E113.04471
G1 X169.638 Y166.409 E113.09909
G1 X169.433 Y165.742 E113.14713
G1 X169.314 Y165.021 E113.19744
G1 X169.311 Y135.359 E115.23962
G1 X169.449 Y134.761 E115.28188
G1 X169.698 Y134.366 E115.31402
G1 X169.928 Y134.162 E115.33519
G1 X170.38 Y133.934 E115.37005
G1 X170.811 Y133.859 E115.40016
G1 X190.811 Y133.858 E116.77713
G1 X191.227 Y133.928 E116.80618
G1 X191.676 Y134.148 E116.8406
G1 X191.909 Y134.349 E116.86179
G1 X192.165 Y134.741 E116.89402
G1 X192.236 Y134.927 E116.90773
G1 X192.311 Y135.358 E116.93785
G0 F6000 X191.111 Y135.358
G1 F3000 X191.11 Y164.735 E118.96041
G1 X191.066 Y165.254 E118.99627
G1 X190.957 Y165.708 E119.02842
G1 X190.741 Y166.231 E119.06737
G1 X190.459 Y166.679 E119.10382
G1 X189.933 Y167.239 E119.15672
G1 X189.516 Y167.537 E119.192
G1 X189.095 Y167.753 E119.22458
G1 X188.558 Y167.927 E119.26345
G1 X188.015 Y168.01 E119.30126
G1 X173.606 Y168.01 E120.2933
G1 X173.063 Y167.927 E120.33112
G1 X172.528 Y167.753 E120.36985
G1 X172.055 Y167.506 E120.40659
G1 X171.475 Y167.049 E120.45743
G1 X171.016 Y166.466 E120.50852
G1 X170.753 Y165.953 E120.54821
G1 X170.597 Y165.462 E120.58368
G1 X170.514 Y164.922 E120.62129
G1 X170.511 Y135.359 E122.65666
G1 X170.55 Y135.21 E122.66726
G1 X170.658 Y135.101 E122.67783
G1 X170.811 Y135.059 E122.68875
G1 X190.811 Y135.058 E124.06572
G1 X190.959 Y135.097 E124.07626
G1 X191.069 Y135.205 E124.08687
G1 X191.111 Y135.358 E124.09779
G0 F6000 X191.711 Y135.358
G1 F3000 X191.708 Y164.786 E126.12387
G1 X191.664 Y165.305 E126.15973
G1 X191.529 Y165.895 E126.2014
G1 X191.276 Y166.507 E126.24699
G1 X190.938 Y167.046 E126.29079
G1 X190.328 Y167.695 E126.35212
G1 X189.79 Y168.071 E126.39731
G1 X189.28 Y168.324 E126.4365
G1 X188.695 Y168.513 E126.47883
G1 X188.015 Y168.61 E126.52612
G1 X173.606 Y168.61 E127.51816
G1 X172.923 Y168.513 E127.56565
G1 X172.296 Y168.309 E127.61105
G1 X171.731 Y168.014 E127.65493
G1 X171.048 Y167.476 E127.71479
G1 X170.507 Y166.789 E127.77499
G1 X170.196 Y166.182 E127.82195
G1 X170.025 Y165.644 E127.86082
G1 X169.914 Y164.971 E127.90778
G1 X169.911 Y135.359 E129.94652
G1 X169.97 Y135.058 E129.96764
G1 X170.124 Y134.788 E129.98904
G1 X170.232 Y134.679 E129.9996
G1 X170.499 Y134.522 E130.02093
G1 X170.811 Y134.459 E130.04284
G1 X190.811 Y134.458 E131.41981
G1 X191.112 Y134.517 E131.44093
G1 X191.379 Y134.669 E131.46208
G1 X191.489 Y134.777 E131.47269
G1 X191.648 Y135.046 E131.49421
G1 X191.711 Y135.358 E131.51612
G1 F3600 E129.71612
G1 F600 Z1.3
G0 F6000 X195.038 Y125.718 Z1.3
G1 F600 Z0.3
G1 F3000 E131.51612
G1 X195.532 Y125.54 E131.55227
G1 X195.585 Y125.515 E131.55631
G1 X195.922 Y125.311 E131.58343
G1 X195.97 Y125.275 E131.58756
G1 X196.267 Y125.002 E131.61534
G1 X196.307 Y124.956 E131.61953
G1 X196.537 Y124.637 E131.64661
G1 X196.57 Y124.58 E131.65114
G1 X196.763 Y124.131 E131.68479
G1 X196.781 Y124.075 E131.68884
G2 X196.8570 Y123.7050 I-3.1885 J-0.8477 E131.714850
G2 X196.9110 Y123.1210 I-4.7746 J-0.7360 E131.755230
G1 X196.911 Y120.205 E131.95599
G2 X196.8500 Y119.6840 I-3.2826 J0.1203 E131.992120
G1 X196.701 Y119.151 E132.03023
G1 X196.678 Y119.093 E132.03452
G1 X196.495 Y118.742 E132.06177
G1 X196.462 Y118.692 E132.0659
G1 X196.209 Y118.38 E132.09355
G1 X196.167 Y118.337 E132.09769
G1 X195.861 Y118.085 E132.12498
G1 X195.802 Y118.048 E132.12978
G1 X195.313 Y117.808 E132.16728
G1 X195.248 Y117.785 E132.17203
G2 X194.6690 Y117.6560 I-1.2056 J4.0473 E132.212880
G2 X194.0670 Y117.6130 I-1.1011 J11.1802 E132.254430
G1 X167.526 Y117.613 E134.08174
G2 X166.7310 Y117.6750 I0.4330 J10.6798 E134.136640
G1 X166.662 Y117.689 E134.14149
G1 X166.166 Y117.851 E134.17741
G1 X166.11 Y117.875 E134.18161
G1 X165.763 Y118.073 E134.20911
G2 X165.4160 Y118.3660 I1.5273 J2.1608 E134.240390
G1 X165.374 Y118.411 E134.24463
G1 X165.129 Y118.731 E134.27238
G1 X165.096 Y118.784 E134.27668
G1 X164.9 Y119.197 E134.30815
G1 X164.878 Y119.26 E134.31275
G1 X164.759 Y119.789 E134.35008
G2 X164.7110 Y120.4320 I11.5227 J1.1835 E134.394470
G1 X164.711 Y122.998 E134.57114
G2 X164.7730 Y123.7970 I10.8511 J-0.4401 E134.626320
G1 X164.788 Y123.869 E134.63138
G1 X164.959 Y124.376 E134.66822
G1 X164.983 Y124.43 E134.67229
G1 X165.18 Y124.77 E134.69934
G1 X165.215 Y124.819 E134.70349
G1 X165.483 Y125.122 E134.73134
G1 X165.528 Y125.163 E134.73553
G1 X165.847 Y125.402 E134.76297
G1 X165.902 Y125.435 E134.76739
G1 X166.332 Y125.632 E134.79995
G1 X166.393 Y125.652 E134.80437
G2 X166.9550 Y125.7720 I1.0528 J-3.5548 E134.843940
G2 X167.5460 Y125.8130 I1.2074 J-13.1238 E134.884730
G1 X194.173 Y125.808 E136.71796
G2 X194.9640 Y125.7350 I-0.2289 J-6.8026 E136.772650
G1 X195.038 Y125.718 E136.77788
G0 F6000 X195.241 Y126.283
G1 F3000 X195.735 Y126.105 E136.81403
G1 X195.896 Y126.028 E136.82632
G1 X196.233 Y125.824 E136.85344
G1 X196.376 Y125.717 E136.86574
G1 X196.673 Y125.444 E136.89351
G1 X196.794 Y125.307 E136.9061
G1 X197.024 Y124.988 E136.93317
G1 X197.121 Y124.817 E136.94671
G1 X197.314 Y124.368 E136.98036
G1 X197.368 Y124.199 E136.99257
G2 X197.4540 Y123.7620 I-3.6715 J-0.9495 E137.023240
G2 X197.5110 Y123.1210 I-6.5435 J-0.9049 E137.067560
G1 X197.511 Y120.205 E137.26832
G2 X197.4550 Y119.6630 I-5.0051 J0.2432 E137.305840
G2 X197.2790 Y118.9900 I-4.1788 J0.7333 E137.353760
G1 X197.21 Y118.816 E137.36665
G1 X197.027 Y118.465 E137.3939
G1 X196.928 Y118.314 E137.40633
G1 X196.675 Y118.002 E137.43399
G1 X196.548 Y117.874 E137.4464
G1 X196.242 Y117.622 E137.47369
G1 X196.067 Y117.509 E137.48804
G1 X195.578 Y117.269 E137.52554
G1 X195.381 Y117.2 E137.53991
G2 X194.7120 Y117.0570 I-1.3500 J4.6795 E137.587030
G2 X194.0670 Y117.0130 I-0.8520 J7.7394 E137.631540
G1 X167.526 Y117.013 E139.45885
G2 X166.6840 Y117.0770 I0.4499 J11.4904 E139.516990
G1 X166.476 Y117.118 E139.53159
G1 X165.98 Y117.28 E139.56751
G1 X165.813 Y117.354 E139.58009
G1 X165.466 Y117.552 E139.60759
G1 X165.324 Y117.653 E139.61959
G1 X165.024 Y117.912 E139.64688
G1 X164.897 Y118.046 E139.65959
G1 X164.652 Y118.366 E139.68734
G1 X164.554 Y118.527 E139.70031
G1 X164.358 Y118.94 E139.73179
G1 X164.293 Y119.128 E139.74548
G2 X164.1540 Y119.7910 I4.4567 J1.2804 E139.792140
G2 X164.1110 Y120.4320 I8.0477 J0.8618 E139.836370
G1 X164.111 Y122.998 E140.01304
G2 X164.1750 Y123.8440 I11.6736 J-0.4577 E140.071460
G1 X164.219 Y124.061 E140.0867
G1 X164.39 Y124.568 E140.12354
G1 X164.464 Y124.731 E140.13586
G1 X164.661 Y125.071 E140.16292
G1 X164.766 Y125.216 E140.17524
G1 X165.034 Y125.519 E140.20309
G1 X165.168 Y125.643 E140.21566
G1 X165.487 Y125.882 E140.2431
G1 X165.652 Y125.98 E140.25632
G1 X166.082 Y126.177 E140.28888
G1 X166.264 Y126.238 E140.3021
G2 X166.9130 Y126.3710 I1.2583 J-4.4902 E140.347730
G2 X167.5460 Y126.4130 I0.8642 J-8.2332 E140.391410
G1 X194.173 Y126.408 E142.22463
G2 X195.0210 Y126.3320 I-0.3829 J-9.0408 E142.283260
G1 X195.241 Y126.283 E142.29878
G0 F6000 X195.444 Y126.847
G1 F3000 X195.938 Y126.669 E142.33493
G1 X196.207 Y126.541 E142.35544
G1 X196.544 Y126.337 E142.38256
G1 X196.782 Y126.158 E142.40306
G1 X197.079 Y125.885 E142.43084
G1 X197.281 Y125.658 E142.45176
G1 X197.511 Y125.339 E142.47883
G1 X197.672 Y125.054 E142.50137
G1 X197.865 Y124.605 E142.53502
G1 X197.955 Y124.322 E142.55546
G2 X198.0510 Y123.8190 I-4.2709 J-1.0758 E142.590730
G2 X198.1110 Y123.1210 I-7.5033 J-0.9966 E142.638970
G1 X198.111 Y120.205 E142.83974
G2 X198.0510 Y119.5960 I-5.6584 J0.2500 E142.881880
G2 X197.8570 Y118.8280 I-4.6911 J0.7765 E142.936460
G1 X197.742 Y118.539 E142.95787
G1 X197.559 Y118.188 E142.98512
G1 X197.394 Y117.936 E143.00586
G1 X197.141 Y117.624 E143.03352
G1 X196.93 Y117.411 E143.05416
G1 X196.624 Y117.159 E143.08145
G1 X196.331 Y116.97 E143.10546
G1 X195.842 Y116.73 E143.14296
G1 X195.515 Y116.615 E143.16683
G2 X194.7550 Y116.4590 I-1.4141 J4.9598 E143.220270
G2 X194.0670 Y116.4130 I-0.9959 J9.7270 E143.267750
G1 X167.526 Y116.413 E145.09506
G2 X166.6370 Y116.4790 I0.4566 J12.1704 E145.156440
G1 X166.289 Y116.548 E145.18086
G1 X165.793 Y116.71 E145.21679
G1 X165.516 Y116.833 E145.23765
G1 X165.169 Y117.031 E145.26516
G1 X164.932 Y117.199 E145.28516
G1 X164.632 Y117.458 E145.31245
G1 X164.421 Y117.681 E145.33358
G1 X164.176 Y118.001 E145.36133
G1 X164.012 Y118.27 E145.38302
G1 X163.816 Y118.683 E145.4145
G1 X163.708 Y118.997 E145.43736
G2 X163.5560 Y119.7490 I4.9716 J1.3963 E145.490210
G2 X163.5110 Y120.4320 I10.2537 J1.0186 E145.537340
G1 X163.511 Y122.998 E145.714
G2 X163.5770 Y123.8910 I12.3618 J-0.4647 E145.775660
G1 X163.651 Y124.252 E145.80103
G1 X163.822 Y124.759 E145.83787
G1 X163.945 Y125.032 E145.85848
G1 X164.142 Y125.372 E145.88554
G1 X164.316 Y125.614 E145.90606
G1 X164.584 Y125.917 E145.93391
G1 X164.809 Y126.123 E145.95491
G1 X165.128 Y126.362 E145.98235
G1 X165.402 Y126.526 E146.00434
G1 X165.832 Y126.723 E146.0369
G1 X166.135 Y126.824 E146.05889
G2 X166.8710 Y126.9690 I1.3417 J-4.8698 E146.110570
G2 X167.5460 Y127.0130 I1.0251 J-10.5266 E146.157140
G1 X194.173 Y127.008 E147.99037
G2 X195.0770 Y126.9290 I-0.4354 J-10.1944 E148.052850
G1 X195.444 Y126.847 E148.07875
G1 F3600 E146.27875
G1 F600 Z1.3
G0 F6000 X194.711 Y130.415 Z1.3
G1 F600 Z0.3
G1 F3000 E148.07875
G2 X194.0040 Y129.9300 I-3.6435 J4.5534 E148.137810
G2 X193.1010 Y129.4920 I-3.1624 J5.3699 E148.206960
G2 X192.3250 Y129.2450 I-2.2804 J5.8219 E148.263050
G2 X191.5260 Y129.1010 I-1.5385 J6.2478 E148.318970
G2 X190.8110 Y129.0580 I-0.9949 J10.5775 E148.368290
G1 X170.811 Y129.059 E149.74526
G2 X169.7730 Y129.1470 I0.0726 J7.0217 E149.817020
G2 X168.9800 Y129.3330 I0.9968 J6.0331 E149.873120
G2 X168.2180 Y129.6200 I1.7664 J5.8450 E149.929200
G2 X167.5020 Y130.0010 I2.7370 J6.0068 E149.985060
G2 X166.9070 Y130.4190 I2.9263 J4.7979 E150.035140
G1 X161.663 Y130.413 E150.39618
G1 X161.18 Y130.339 E150.42982
G1 X160.783 Y130.209 E150.45858
G1 X160.407 Y130.018 E150.48762
G1 X159.903 Y129.623 E150.5317
G1 X159.507 Y129.117 E150.57594
G1 X159.317 Y128.743 E150.60482
G1 X159.187 Y128.345 E150.63365
G1 X159.112 Y127.855 E150.66778
G1 X159.111 Y120.915 E151.14559
G2 X159.0510 Y120.0580 I-10.9200 J0.3339 E151.204740
G1 X158.984 Y119.713 E151.22894
G1 X158.828 Y119.225 E151.26421
G1 X158.707 Y118.948 E151.28502
G1 X158.513 Y118.602 E151.31233
G1 X158.344 Y118.36 E151.33265
G1 X158.079 Y118.051 E151.36068
G1 X157.839 Y117.827 E151.38328
G1 X157.472 Y117.552 E151.41485
G1 X157.215 Y117.396 E151.43555
G1 X156.835 Y117.216 E151.4645
G1 X156.544 Y117.114 E151.48573
G2 X155.8320 Y116.9560 I-1.5924 J5.4925 E151.535970
G2 X155.3020 Y116.9110 I-0.6843 J4.9163 E151.572600
G1 X153.208 Y116.912 E151.71677
G1 X153.061 Y116.885 E151.72706
G1 X153.022 Y116.865 E151.73007
G2 X152.5900 Y116.4480 I-3.2692 J2.9545 E151.771430
G1 X152.158 Y116.115 E151.80899
G1 X151.896 Y115.953 E151.83019
G1 X151.465 Y115.744 E151.86317
G1 X151.186 Y115.642 E151.88363
G2 X150.4720 Y115.4750 I-1.4955 J4.7839 E151.934140
G2 X149.7730 Y115.4130 I-0.9369 J6.5918 E151.982460
G1 X148.585 Y115.413 E152.06426
G2 X148.3570 Y115.1900 I-1.8264 J1.6392 E152.086220
G2 X147.7840 Y114.7420 I-3.5360 J3.9321 E152.136330
G1 X147.745 Y114.718 E152.13948
G1 X147.745 Y113.697 E152.20977
G2 X148.4830 Y113.1050 I-3.2825 J-4.8481 E152.274960
G1 X148.572 Y113.013 E152.28378
G2 X149.8530 Y113.0040 I0.5600 J-11.4623 E152.371990
G1 X150.65 Y112.918 E152.42718
G1 X150.982 Y112.844 E152.4506
G1 X151.45 Y112.681 E152.48472
G1 X151.728 Y112.551 E152.50585
G1 X152.264 Y112.23 E152.54886
G1 X152.541 Y112.016 E152.57296
G1 X153.008 Y111.56 E152.6179
G1 X153.19 Y111.515 E152.63081
G1 X155.469 Y111.515 E152.78771
G1 X155.557 Y111.538 E152.79398
G1 X155.594 Y111.558 E152.79687
G1 X156.025 Y111.988 E152.83879
G1 X156.241 Y112.166 E152.85806
G1 X156.613 Y112.419 E152.88903
G1 X156.851 Y112.551 E152.90777
G2 X157.4000 Y112.7760 I1.7927 J-3.5918 E152.948640
G2 X158.0050 Y112.9280 I1.3886 J-4.2470 E152.991620
G2 X158.7850 Y113.0130 I1.0496 J-6.0102 E153.045660
G1 X202.647 Y113.013 E156.06549
G2 X203.5990 Y112.9290 I-0.1283 J-6.8910 E156.131320
G1 X204.076 Y112.825 E156.16493
G1 X204.39 Y112.719 E156.18775
G1 X204.804 Y112.526 E156.21919
G1 X205.072 Y112.364 E156.24075
G2 X205.6110 Y111.9450 I-3.3550 J-4.8720 E156.287770
G1 X205.956 Y111.613 E156.32074
G1 X206.037 Y111.561 E156.32736
G1 X206.253 Y111.513 E156.3426
G1 X208.473 Y111.515 E156.49544
G1 X208.552 Y111.535 E156.50105
G2 X209.1090 Y112.0710 I3.8908 J-3.4858 E156.554310
G2 X209.6040 Y112.4280 I2.6760 J-3.1887 E156.596360
G1 X209.901 Y112.585 E156.61949
G1 X210.389 Y112.777 E156.65559
G1 X210.652 Y112.854 E156.67446
G2 X211.2660 Y112.9610 I1.1261 J-4.6469 E156.717390
G2 X212.3770 Y113.0130 I0.9500 J-8.4026 E156.794000
G1 X212.377 Y115.413 E156.95924
G2 X211.0480 Y115.4730 I-0.2280 J9.6975 E157.050890
G1 X210.716 Y115.536 E157.07415
G1 X210.265 Y115.676 E157.10666
G1 X209.988 Y115.794 E157.12739
G1 X209.465 Y116.081 E157.16847
G1 X209.122 Y116.34 E157.19806
G1 X208.589 Y116.878 E157.2502
G1 X208.444 Y116.911 E157.26044
G2 X206.3220 Y116.9170 I-0.9925 J24.2292 E157.406540
G2 X205.5360 Y117.0010 I0.2701 J6.2464 E157.460980
G1 X205.146 Y117.087 E157.48848
G1 X204.873 Y117.175 E157.50823
G1 X204.508 Y117.333 E157.53561
G1 X204.239 Y117.485 E157.55688
G1 X203.912 Y117.716 E157.58445
G1 X203.685 Y117.913 E157.60514
G1 X203.412 Y118.203 E157.63256
G1 X203.213 Y118.467 E157.65532
G1 X202.965 Y118.886 E157.68885
G1 X202.832 Y119.179 E157.711
G2 X202.6410 Y119.8110 I4.0739 J1.5761 E157.756480
G2 X202.5150 Y120.9340 I6.5298 J1.3012 E157.834370
G1 X202.511 Y121.038 E157.84153
G1 X202.511 Y127.836 E158.30956
G1 X202.375 Y128.556 E158.36001
G1 X202.216 Y128.938 E158.3885
G1 X201.997 Y129.295 E158.41733
G1 X201.563 Y129.765 E158.46138
G1 X201.214 Y130.019 E158.4911
G1 X200.852 Y130.203 E158.51906
G1 X200.437 Y130.337 E158.54908
G1 X199.95 Y130.412 E158.583
G1 X194.711 Y130.415 E158.9437
G0 F6000 X194.488 Y131.015
G2 X194.1930 Y130.7720 I-1.8147 J1.9025 E158.970030 F3000
G2 X193.5740 Y130.3740 I-3.6465 J4.9909 E159.020710
G2 X192.9100 Y130.0610 I-2.5884 J4.6302 E159.071260
G2 X192.2100 Y129.8340 I-2.1129 J5.3228 E159.121940
G2 X191.4870 Y129.7000 I-1.4139 J5.6113 E159.172580
G2 X190.8110 Y129.6580 I-1.0339 J11.1804 E159.219210
G1 X170.811 Y129.659 E160.59618
G2 X169.9000 Y129.7340 I0.0746 J6.4764 E160.659140
G2 X169.1820 Y129.8980 I0.9240 J5.6989 E160.709860
G2 X168.4920 Y130.1530 I1.7155 J5.7029 E160.760520
G2 X167.8420 Y130.4960 I2.1075 J4.7812 E160.811130
G2 X167.2420 Y130.9170 I3.3092 J5.3543 E160.861610
G1 X167.128 Y131.019 E160.87214
G1 X161.617 Y131.013 E161.25156
G1 X161.041 Y130.925 E161.29168
G1 X160.55 Y130.764 E161.32726
G1 X160.082 Y130.526 E161.3634
G1 X159.475 Y130.051 E161.41647
G1 X159 Y129.444 E161.46954
G1 X158.762 Y128.976 E161.50568
G1 X158.601 Y128.485 E161.54126
G1 X158.512 Y127.899 E161.58207
G1 X158.511 Y120.915 E162.06291
G2 X158.4520 Y120.1030 I-13.4334 J0.5679 E162.118960
G1 X158.412 Y119.896 E162.13348
G1 X158.256 Y119.408 E162.16875
G1 X158.184 Y119.242 E162.18121
G1 X157.99 Y118.896 E162.20852
G1 X157.888 Y118.75 E162.22078
G1 X157.623 Y118.441 E162.2488
G1 X157.48 Y118.307 E162.2623
G1 X157.113 Y118.032 E162.29387
G1 X156.958 Y117.939 E162.30632
G1 X156.578 Y117.759 E162.33527
G1 X156.404 Y117.697 E162.34798
G2 X155.7720 Y117.5530 I-1.4330 J4.8304 E162.392620
G2 X155.3030 Y117.5110 I-0.6124 J4.1988 E162.425050
G1 X153.15 Y117.512 E162.57328
G1 X152.872 Y117.461 E162.59274
G1 X152.662 Y117.356 E162.60891
G2 X152.2230 Y116.9230 I-3.2787 J2.8851 E162.651380
G1 X151.791 Y116.59 E162.68893
G1 X151.635 Y116.493 E162.70158
G1 X151.204 Y116.284 E162.73455
G1 X151.036 Y116.223 E162.74686
G2 X150.4130 Y116.0720 I-1.3950 J4.3949 E162.791010
G2 X149.7730 Y116.0130 I-0.8534 J5.7561 E162.835270
G1 X148.326 Y116.013 E162.93489
G2 X147.9790 Y115.6560 I-2.8931 J2.4649 E162.969180
G2 X147.4720 Y115.2540 I-3.3238 J3.6712 E163.013750
G1 X147.145 Y115.055 E163.0401
G1 X147.145 Y113.363 E163.15659
G2 X147.5300 Y113.1170 I-1.9031 J-3.4027 E163.188060
G2 X148.0530 Y112.6870 I-3.1893 J-4.4121 E163.234690
G1 X148.319 Y112.413 E163.26098
G2 X149.7890 Y112.4080 I0.6865 J-14.2615 E163.362190
G1 X150.586 Y112.322 E163.41738
G1 X150.785 Y112.277 E163.43143
G1 X151.253 Y112.114 E163.46555
G1 X151.419 Y112.036 E163.47818
G1 X151.955 Y111.715 E163.52119
G1 X152.122 Y111.587 E163.53568
G1 X152.662 Y111.06 E163.58763
G1 X152.779 Y110.999 E163.59671
G1 X153.118 Y110.915 E163.62076
G1 X155.545 Y110.915 E163.78785
G1 X155.782 Y110.976 E163.8047
G1 X155.959 Y111.074 E163.81863
G1 X156.449 Y111.563 E163.86629
G1 X156.579 Y111.67 E163.87788
G1 X156.951 Y111.923 E163.90886
G1 X157.093 Y112.002 E163.92005
G2 X157.5600 Y112.1980 I1.5824 J-3.1159 E163.954930
G2 X158.0790 Y112.3320 I1.1704 J-3.4612 E163.991860
G2 X158.7850 Y112.4130 I1.0188 J-5.7626 E164.040790
G1 X202.647 Y112.413 E167.06062
G2 X203.4710 Y112.3420 I-0.0773 J-5.7139 E167.117590
G1 X203.948 Y112.238 E167.1512
G1 X204.136 Y112.175 E167.16485
G1 X204.55 Y111.982 E167.1963
G1 X204.711 Y111.885 E167.20924
G2 X205.1950 Y111.5130 I-3.1277 J-4.5703 E167.251280
G1 X205.585 Y111.138 E167.28853
G1 X205.801 Y110.998 E167.30625
G1 X206.187 Y110.913 E167.33346
G1 X208.547 Y110.915 E167.49594
G1 X208.78 Y110.974 E167.51249
G1 X208.932 Y111.058 E167.52445
G2 X209.1340 Y111.2810 I2.2594 J-1.8436 E167.545170
G2 X209.6140 Y111.7080 I3.1652 J-3.0748 E167.589420
G1 X209.942 Y111.932 E167.61677
G1 X210.12 Y112.027 E167.63066
G1 X210.608 Y112.219 E167.66676
G1 X210.767 Y112.265 E167.67816
G2 X211.3080 Y112.3630 I1.0509 J-4.2592 E167.716020
G2 X212.9760 Y112.4130 I1.2075 J-12.4350 E167.830980
G1 X212.978 Y116.013 E168.07883
G2 X211.0930 Y116.0720 I-0.5380 J12.9517 E168.208760
G1 X210.894 Y116.109 E168.2227
G1 X210.443 Y116.249 E168.25521
G1 X210.277 Y116.32 E168.26764
G1 X209.754 Y116.607 E168.30872
G1 X209.548 Y116.762 E168.32646
G1 X208.941 Y117.374 E168.38581
G1 X208.787 Y117.448 E168.39757
G1 X208.514 Y117.511 E168.41686
G2 X206.3770 Y117.5150 I-1.0275 J21.9063 E168.564000
G2 X205.6650 Y117.5870 I0.2511 J6.0400 E168.613280
G1 X205.275 Y117.673 E168.64078
G1 X205.111 Y117.726 E168.65264
G1 X204.746 Y117.884 E168.68003
G1 X204.585 Y117.975 E168.69276
G1 X204.258 Y118.206 E168.72032
G1 X204.122 Y118.324 E168.73272
G1 X203.849 Y118.614 E168.76014
G1 X203.729 Y118.773 E168.77386
G1 X203.481 Y119.192 E168.80738
G1 X203.402 Y119.367 E168.8206
G2 X203.2330 Y119.9110 I3.4711 J1.3766 E168.859840
G2 X203.1520 Y120.4130 I5.7738 J1.1892 E168.894850
G2 X203.1110 Y121.0380 I8.4412 J0.8676 E168.937980
G1 X203.111 Y127.895 E169.41007
G1 X202.954 Y128.725 E169.46823
G1 X202.752 Y129.212 E169.50453
G1 X202.479 Y129.657 E169.54047
G1 X201.959 Y130.219 E169.59318
G1 X201.532 Y130.53 E169.62955
G1 X201.079 Y130.76 E169.66453
G1 X200.577 Y130.923 E169.70087
G1 X199.996 Y131.012 E169.74134
G1 X194.488 Y131.015 E170.12056
G0 F6000 X194.42 Y131.615
G2 X194.2820 Y131.6290 I0.0700 J1.3774 E170.130110 F3000
G2 X193.8640 Y131.2730 I-2.6695 J2.7110 E170.167920
G2 X193.3120 Y130.9140 I-2.7911 J3.6877 E170.213260
G2 X192.7190 Y130.6300 I-2.0572 J3.5345 E170.258530
G2 X192.0950 Y130.4230 I-2.0398 J5.1051 E170.303800
G2 X191.4480 Y130.2990 I-1.2648 J4.8495 E170.349160
G2 X190.8110 Y130.2580 I-2.0194 J26.4060 E170.393110
G1 X170.811 Y130.259 E171.77008
G2 X170.0280 Y130.3200 I0.0576 J5.7952 E171.824160
G2 X169.3850 Y130.4630 I0.6364 J4.3787 E171.869520
G2 X168.7660 Y130.6870 I1.9033 J6.2267 E171.914840
G2 X168.1820 Y130.9900 I1.8568 J4.2932 E171.960140
G2 X167.6420 Y131.3640 I3.3723 J5.4459 E172.005370
G1 X167.342 Y131.633 E172.03311
G2 X167.2080 Y131.6190 I-0.1822 J1.0959 E172.042390
G1 X161.572 Y131.613 E172.43042
G1 X160.901 Y131.51 E172.47716
G1 X160.317 Y131.319 E172.51946
G1 X159.758 Y131.034 E172.56266
G1 X159.048 Y130.478 E172.62475
G1 X158.491 Y129.767 E172.68694
G1 X158.207 Y129.209 E172.73004
G1 X158.016 Y128.625 E172.77235
G1 X157.912 Y127.945 E172.81971
G1 X157.911 Y120.915 E173.30371
G2 X157.8540 Y120.1480 I-12.9793 J0.5789 E173.356660
G1 X157.841 Y120.079 E173.3615
G1 X157.685 Y119.591 E173.39677
G1 X157.661 Y119.535 E173.40097
G1 X157.467 Y119.189 E173.42828
G1 X157.433 Y119.141 E173.43233
G1 X157.168 Y118.832 E173.46035
G1 X157.12 Y118.787 E173.46488
G1 X156.753 Y118.512 E173.49646
G1 X156.701 Y118.481 E173.50062
G1 X156.321 Y118.301 E173.52957
G1 X156.263 Y118.28 E173.53382
G2 X155.7120 Y118.1500 I-1.3064 J4.3046 E173.572800
G2 X155.3030 Y118.1110 I-0.4968 J3.0461 E173.601090
G1 X153.097 Y118.112 E173.75297
G1 X152.68 Y118.036 E173.78216
G1 X152.305 Y117.848 E173.81104
G2 X151.8570 Y117.3980 I-3.1789 J2.7167 E173.854760
G1 X151.425 Y117.065 E173.89232
G1 X151.373 Y117.033 E173.89652
G1 X150.942 Y116.824 E173.9295
G1 X150.886 Y116.804 E173.93359
G2 X150.3530 Y116.6690 I-1.4863 J4.7483 E173.971450
G2 X149.7730 Y116.6130 I-0.7114 J4.3365 E174.011570
G1 X148.007 Y116.613 E174.13316
G1 X147.964 Y116.504 E174.14123
G2 X147.6000 Y116.1210 I-3.0758 J2.5587 E174.177610
G2 X147.1600 Y115.7670 I-2.6046 J2.7869 E174.216500
G1 X146.651 Y115.457 E174.25753
G1 X146.545 Y115.427 E174.26512
G1 X146.545 Y112.996 E174.43249
G1 X146.644 Y112.968 E174.43957
G2 X147.1530 Y112.6500 I-2.5971 J-4.7234 E174.480890
G2 X147.6220 Y112.2690 I-2.5255 J-3.5880 E174.522500
G1 X147.959 Y111.922 E174.5558
G1 X148.003 Y111.813 E174.5639
G1 X149.692 Y111.813 E174.68018
G2 X150.5210 Y111.7250 I-0.5611 J-9.2346 E174.737580
G1 X150.588 Y111.71 E174.74231
G1 X151.056 Y111.547 E174.77643
G1 X151.111 Y111.521 E174.78062
G1 X151.647 Y111.2 E174.82363
G1 X151.703 Y111.158 E174.82845
G1 X152.308 Y110.567 E174.88668
G1 X152.568 Y110.433 E174.90682
G1 X153.042 Y110.315 E174.94045
G1 X155.621 Y110.315 E175.11801
G1 X156.004 Y110.414 E175.14524
G1 X156.324 Y110.59 E175.17039
G1 X156.873 Y111.138 E175.22379
G1 X156.916 Y111.174 E175.22765
G1 X157.288 Y111.427 E175.25863
G2 X157.7210 Y111.6200 I1.4920 J-2.7650 E175.291280
G2 X158.1530 Y111.7370 I1.1219 J-3.2862 E175.322100
G2 X158.7850 Y111.8130 I0.8601 J-4.4862 E175.365940
G1 X202.647 Y111.813 E178.38577
G2 X203.3430 Y111.7560 I-0.0510 J-4.9009 E178.433850
G1 X203.82 Y111.652 E178.46747
G1 X203.883 Y111.631 E178.47204
G1 X204.297 Y111.438 E178.50349
G1 X204.35 Y111.406 E178.50775
G2 X204.7790 Y111.0800 I-2.3639 J-3.5561 E178.544850
G1 X205.208 Y110.667 E178.58585
G1 X205.567 Y110.435 E178.61528
G1 X206.121 Y110.313 E178.65433
G1 X208.622 Y110.315 E178.82652
G1 X209.003 Y110.412 E178.85359
G1 X209.314 Y110.584 E178.87806
G2 X209.5390 Y110.8380 I3.1196 J-2.5368 E178.901420
G2 X209.9530 Y111.2130 I2.8687 J-2.7511 E178.939890
G1 X210.281 Y111.437 E178.96723
G1 X210.34 Y111.468 E178.97182
G2 X210.8810 Y111.6760 I1.5413 J-3.2014 E179.011740
G2 X211.3500 Y111.7640 I0.7768 J-2.8462 E179.044600
G2 X213.5760 Y111.8130 I1.4655 J-15.9891 E179.197970
G1 X213.578 Y116.613 E179.52845
G2 X211.0720 Y116.6820 I-0.8407 J15.0100 E179.701200
G1 X210.621 Y116.822 E179.73372
G1 X210.566 Y116.846 E179.73785
G1 X210.043 Y117.133 E179.77892
G1 X209.974 Y117.185 E179.78487
G1 X209.294 Y117.871 E179.85137
G1 X208.989 Y118.018 E179.87468
G1 X208.584 Y118.111 E179.90329
G2 X206.4320 Y118.1120 I-1.0625 J29.0525 E180.051450
G2 X205.7940 Y118.1730 I0.1482 J4.9169 E180.095580
G1 X205.404 Y118.259 E180.12308
G2 X204.9850 Y118.4350 I0.8021 J2.4963 E180.154380
G1 X204.931 Y118.465 E180.15864
G1 X204.604 Y118.696 E180.1862
G1 X204.559 Y118.735 E180.1903
G1 X204.286 Y119.025 E180.21772
G1 X204.246 Y119.078 E180.22229
G1 X203.998 Y119.497 E180.25581
G1 X203.971 Y119.556 E180.26028
G2 X203.8240 Y120.0110 I2.9712 J1.2112 E180.293210
G2 X203.7510 Y120.4540 I3.3973 J0.7873 E180.324120
G2 X203.7110 Y121.0380 I13.5101 J1.2187 E180.364430
G1 X203.711 Y127.949 E180.84024
G1 X203.53 Y128.901 E180.90696
G1 X203.29 Y129.482 E180.95024
G1 X202.959 Y130.022 E180.99384
G1 X202.361 Y130.669 E181.0545
G1 X201.847 Y131.043 E181.09826
G1 X201.306 Y131.318 E181.14005
G1 X200.718 Y131.508 E181.18259
G1 X200.041 Y131.612 E181.22975
G1 X194.42 Y131.615 E181.61675
G1 F3600 E179.81675
G1 F600 Z1.3
G0 F6000 X194.288 Y127.607 Z1.3
;TYPE:SUPPORT
G1 F600 Z0.3
G1 F3000 E181.61675
G1 X195.38 Y127.504 E181.69226
G1 X196.311 Y127.17 E181.76036
G1 X197.055 Y126.722 E181.82015
G1 X197.661 Y126.159 E181.8771
G1 X198.13 Y125.503 E181.93262
G1 X198.502 Y124.619 E181.99865
G1 X198.634 Y124.003 E182.04203
G1 X198.707 Y123.24 E182.0948
G1 X198.707 Y120.073 E182.31284
G1 X198.631 Y119.386 E182.36043
G1 X198.37 Y118.449 E182.4274
G1 X198.007 Y117.749 E182.48168
G1 X197.494 Y117.103 E182.53848
G1 X196.815 Y116.541 E182.59916
G1 X195.882 Y116.083 E182.67072
G1 X194.939 Y115.872 E182.73725
G1 X194.151 Y115.812 E182.79166
G1 X167.436 Y115.812 E184.63095
G1 X166.344 Y115.9 E184.70637
G1 X165.374 Y116.219 E184.77667
G1 X164.718 Y116.595 E184.82873
G1 X164.053 Y117.169 E184.88921
G1 X163.56 Y117.817 E184.94527
G1 X163.175 Y118.627 E185.00702
G1 X162.964 Y119.57 E185.07355
G1 X162.908 Y120.35 E185.12739
G1 X162.909 Y123.089 E185.31596
G1 X163 Y124.188 E185.39189
G1 X163.311 Y125.124 E185.45979
G1 X163.712 Y125.827 E185.51551
G1 X164.255 Y126.451 E185.57246
G1 X164.944 Y126.979 E185.63223
G1 X165.816 Y127.37 E185.69802
G1 X166.652 Y127.55 E185.7569
G1 X167.466 Y127.612 E185.8131
G1 F2941.2 X168.694 Y127.623 E185.89934
G1 F2593.7 X169.701 Y127.693 E185.97973
G1 F2419.4 X170.687 Y127.673 E186.06392
G1 F2486.2 X190.864 Y127.67 E187.74017
G1 F2432.4 X191.808 Y127.686 E187.82034
G1 F2593.7 X192.765 Y127.624 E187.89671
G1 F2922.1 X193.627 Y127.608 E187.95765
G1 F3000 X194.288 Y127.607 E188.00316
G1 F3600 E186.20316
G1 F600 Z1.3
G0 F6000 X194.922 Y129.812 Z1.3
G1 F600 Z0.3
G1 F3000 E188.00316
G1 X194.233 Y129.36 E188.05989
G1 X193.405 Y128.959 E188.12323
G1 F2889.2 X192.554 Y128.651 E188.18793
G1 F2564.1 X191.736 Y128.436 E188.25606
G1 F2429.1 X190.888 Y128.394 E188.32825
G1 F2486.2 X170.715 Y128.395 E190.00417
G1 F2419.4 X169.766 Y128.451 E190.08533
G1 F2564.1 X168.92 Y128.7 E190.15637
G1 F2903.2 X168.079 Y129.017 E190.22031
G1 F3000 X167.286 Y129.421 E190.28158
G1 X166.707 Y129.816 E190.32984
G1 X161.704 Y129.812 E190.67429
G1 X161.334 Y129.755 E190.70006
G1 X160.731 Y129.509 E190.7449
G1 X160.33 Y129.194 E190.78001
G1 X160.015 Y128.793 E190.81511
G1 X159.766 Y128.186 E190.86028
G1 X159.712 Y127.818 E190.88589
G1 X159.708 Y120.829 E191.36707
G1 X159.627 Y119.764 E191.44061
G1 X159.334 Y118.836 E191.50761
G1 X158.926 Y118.116 E191.56459
G1 X158.382 Y117.482 E191.6221
G1 X157.641 Y116.934 E191.68555
G1 X156.9 Y116.583 E191.74201
G1 X156.051 Y116.376 E191.80217
G1 X155.423 Y116.309 E191.84565
G1 X153.319 Y116.312 E191.99051
G1 X153.051 Y116.041 E192.01675
G1 X152.375 Y115.525 E192.0753
G1 X151.568 Y115.126 E192.13728
G1 X150.708 Y114.897 E192.19855
G1 X149.894 Y114.813 E192.2549
G1 X148.843 Y114.812 E192.32726
G1 X148.344 Y114.405 E192.37159
G1 X148.344 Y114 E192.39947
G1 X148.826 Y113.612 E192.44207
G1 X149.814 Y113.611 E192.5101
G1 X150.951 Y113.491 E192.58881
G1 X151.875 Y113.162 E192.65634
G1 X152.786 Y112.612 E192.7296
G1 X153.299 Y112.112 E192.77892
G1 X155.303 Y112.112 E192.9169
G1 X155.714 Y112.528 E192.95716
G1 X156.458 Y113.031 E193.01899
G1 X157.111 Y113.318 E193.0681
G1 X157.778 Y113.503 E193.11575
G1 X158.672 Y113.612 E193.17776
G1 X202.737 Y113.612 E196.21157
G1 X203.608 Y113.538 E196.27175
G1 X204.434 Y113.357 E196.32997
G1 X205.278 Y112.959 E196.39422
G1 X205.922 Y112.472 E196.4498
G1 X206.294 Y112.116 E196.48525
G1 X208.266 Y112.112 E196.62102
G1 X208.827 Y112.625 E196.67336
G1 X209.464 Y113.057 E196.72635
G1 X210.374 Y113.411 E196.79358
G1 X211.07 Y113.547 E196.8424
G1 X211.776 Y113.594 E196.89112
G1 X211.776 Y114.814 E196.97511
G1 X210.764 Y114.891 E197.04499
G1 X209.91 Y115.157 E197.10657
G1 X208.907 Y115.7 E197.1851
G1 X208.302 Y116.308 E197.24415
G1 X206.343 Y116.309 E197.37902
G1 X205.519 Y116.39 E197.43603
G1 X204.843 Y116.538 E197.48367
G1 X204.069 Y116.868 E197.5416
G1 X203.373 Y117.366 E197.60052
G1 X202.806 Y117.977 E197.65791
G1 X202.334 Y118.773 E197.72163
G1 X202.074 Y119.56 E197.77869
G1 X201.96 Y120.231 E197.82555
G1 X201.908 Y120.958 E197.87573
G1 X201.908 Y127.78 E198.34541
G1 X201.798 Y128.376 E198.38714
G1 X201.511 Y128.93 E198.4301
G1 X201.159 Y129.315 E198.46601
G1 X200.633 Y129.641 E198.50862
G1 X200.286 Y129.751 E198.53368
G1 X199.904 Y129.811 E198.5603
G1 X194.922 Y129.812 E198.90331
G0 F6000 X196 Y129.542
G1 F3000 X196 Y127.571 E199.03901
G1 F3600 E197.23901
G1 F600 Z1.3
G0 F6000 X192.07 Y128 Z1.3
G1 F600 Z0.3
G1 F3000 E199.03901
G1 X201.593 Y128 E199.69465
G1 F3600 E197.89465
G1 F600 Z1.3
G0 F6000 X200 Y129.514 Z1.3
G1 F600 Z0.3
G1 F3000 E199.69465
G1 X200 Y113.881 E200.77096
G1 F3600 E198.97096
G1 F600 Z1.3
G0 F6000 X196 Y113.881 Z1.3
G1 F600 Z0.3
G1 F3000 E200.77096
G1 X196 Y115.84 E200.90583
G0 F6000 X196.325 Y116
G1 F3000 X208.227 Y116 E201.72527
G1 X208 Y116.039
G1 X208 Y112.382 E201.97705
G1 F3600 E200.17705
G1 F600 Z1.3
G0 F6000 X204 Y113.728 Z1.3
G1 F600 Z0.3
G1 F3000 E201.97705
G1 X204 Y116.604 E202.17506
G1 F3600 E200.37506
G1 F600 Z1.3
G0 F6000 X201.726 Y120 Z1.3
G1 F600 Z0.3
G1 F3000 E202.17506
G1 X198.97 Y120 E202.3648
G1 F3600 E200.5648
G1 F600 Z1.3
G0 F6000 X198.906 Y124 Z1.3
G1 F600 Z0.3
G1 F3000 E202.3648
G1 X201.638 Y124 E202.5529
G1 F3600 E200.7529
G1 F600 Z1.3
G0 F6000 X192 Y128.009 Z1.3
G1 F600 Z0.3
G1 F3000 E202.5529
G1 X192 Y128.16 E202.56329
G1 F3600 E200.76329
G1 F600 Z1.3
G0 F6000 X192 Y115.543 Z1.3
G1 F600 Z0.3
G1 F3000 E202.56329
G1 X192 Y113.881 E202.67772
G1 F3600 E200.87772
G1 F600 Z1.3
G0 F6000 X188 Y113.88 Z1.3
G1 F600 Z0.3
G1 F3000 E202.67772
G1 X188 Y115.543 E202.79221
G1 F3600 E200.99221
G1 F600 Z1.3
G0 F6000 X184 Y115.543 Z1.3
G1 F600 Z0.3
G1 F3000 E202.79221
G1 X184 Y113.88 E202.90671
G1 F3600 E201.10671
G1 F600 Z1.3
G0 F6000 X180 Y113.88 Z1.3
G1 F600 Z0.3
G1 F3000 E202.90671
G1 X180 Y115.543 E203.0212
G1 F3600 E201.2212
G1 F600 Z1.3
G0 F6000 X176 Y115.543 Z1.3
G1 F600 Z0.3
G1 F3000 E203.0212
G1 X176 Y113.88 E203.1357
G1 F3600 E201.3357
G1 F600 Z1.3
G0 F6000 X172 Y113.879 Z1.3
G1 F600 Z0.3
G1 F3000 E203.1357
G1 X172 Y115.543 E203.25026
G1 F3600 E201.45026
G1 F600 Z1.3
G0 F6000 X168 Y115.543 Z1.3
G1 F600 Z0.3
G1 F3000 E203.25026
G1 X168 Y113.879 E203.36483
G1 F3600 E201.56483
G1 F600 Z1.3
G0 F6000 X165.212 Y116 Z1.3
G1 F600 Z0.3
G1 F3000 E203.36483
G1 X153.39 Y116 E204.17875
G1 F3600 E202.37875
G1 F600 Z1.3
G0 F6000 X152 Y115.035 Z1.3
G1 F600 Z0.3
G1 F3000 E204.17875
G1 X152 Y113.401 E204.29125
G1 F3600 E202.49125
G1 F600 Z1.3
G0 F6000 X156 Y113.05 Z1.3
G1 F600 Z0.3
G1 F3000 E204.29125
G1 X156 Y116.096 E204.50096
G1 F3600 E202.70096
G1 F600 Z1.3
G0 F6000 X160 Y113.879 Z1.3
G1 F600 Z0.3
G1 F3000 E204.50096
G1 X160 Y127.92 E205.46767
G1 X160.011 Y128
G1 X169.38 Y128 E206.11271
G1 F3600 E204.31271
G1 F600 Z1.3
G0 F6000 X168 Y127.887 Z1.3
G1 F600 Z0.3
G1 F3000 E206.11271
G1 X168 Y128.762 E206.17295
G1 F3600 E204.37295
G1 F600 Z1.3
G0 F6000 X164 Y129.543 Z1.3
G1 F600 Z0.3
G1 F3000 E206.17295
G1 X164 Y126.57 E206.37764
G1 F3600 E204.57764
G1 F600 Z1.3
G0 F6000 X162.716 Y124 Z1.3
G1 F600 Z0.3
G1 F3000 E206.37764
G1 X159.979 Y124 E206.56607
G1 F3600 E204.76607
G1 F600 Z1.3
G0 F6000 X159.914 Y120 Z1.3
G1 F600 Z0.3
G1 F3000 E206.56607
G1 X162.664 Y120 E206.75541
G1 F3600 E204.95541
G1 F600 Z1.3
G0 F6000 X164 Y116.852 Z1.3
G1 F600 Z0.3
G1 F3000 E206.75541
G1 X164 Y113.879 E206.96009
G1 F3600 E205.16009
G1 F600 Z1.3
;MESH:LC-GR3005??????RFID?????????-WB.stl
G0 F6000 X180.961 Y157.421 Z1.3
;TYPE:WALL-INNER
G1 F600 Z0.3
G1 F3000 E206.96009
G1 X181.227 Y157.415 E206.97841
G1 X182.007 Y157.583 E207.03335
G1 X182.826 Y157.891 E207.09359
G1 X183.547 Y158.411 E207.15479
G1 X184.17 Y159.036 E207.21555
G1 X184.618 Y159.722 E207.27196
G1 X184.93 Y160.494 E207.32928
G1 X185.04 Y160.997 E207.36473
G1 X185.117 Y161.842 E207.42315
G1 X185.018 Y162.595 E207.47544
G1 X184.803 Y163.299 E207.52612
G1 X184.432 Y164.022 E207.58207
G1 X184.133 Y164.425 E207.61662
G1 X183.701 Y164.881 E207.65986
G1 X182.979 Y165.421 E207.72194
G1 X182.592 Y165.612 E207.75165
G1 X187.807 Y165.612 E208.1107
G1 X188.16 Y165.532 E208.13562
G1 X188.359 Y165.412 E208.15161
G1 X188.545 Y165.209 E208.17057
G1 X188.665 Y164.972 E208.18886
G1 X188.708 Y164.629 E208.21266
G1 X188.708 Y137.456 E210.08348
G1 X172.908 Y137.456 E211.17129
G1 X172.908 Y164.716 E213.04809
G1 X173.027 Y165.137 E213.07822
G1 X173.184 Y165.336 E213.09567
G1 X173.382 Y165.494 E213.11311
G1 X173.813 Y165.612 E213.14387
G1 X179.007 Y165.612 E213.50147
G1 X178.411 Y165.27 E213.54878
G1 X178.011 Y164.973 E213.58308
G1 X177.444 Y164.383 E213.63942
G1 X176.985 Y163.671 E213.69774
G1 X176.731 Y163.071 E213.7426
G1 X176.532 Y162.27 E213.79943
G1 X176.532 Y161.408 E213.85877
G1 X176.591 Y160.912 E213.89316
G1 X176.811 Y160.146 E213.94803
G1 X177.196 Y159.387 E214.00663
G1 X177.444 Y159.043 E214.03582
G1 X177.986 Y158.476 E214.08983
G1 X178.649 Y158 E214.14602
G1 X179.009 Y157.812 E214.17398
G1 X179.605 Y157.583 E214.21794
G1 X180.32 Y157.434 E214.26822
G1 X180.961 Y157.421 E214.31236
G1 F3600 E212.51236
G1 F600 Z1.3
G0 F6000 X189.308 Y150.213 Z1.3
G1 F600 Z0.3
G1 F3000 E214.31236
G1 X189.308 Y136.856 E215.23197
G1 X172.308 Y136.856 E216.4024
G1 X172.308 Y164.762 E218.32368
G1 X172.353 Y165.052 E218.34389
G1 X172.52 Y165.464 E218.3745
G1 X172.757 Y165.763 E218.40076
G1 X173.056 Y166 E218.42703
G1 X173.463 Y166.163 E218.45722
G1 X173.766 Y166.212 E218.47835
G1 X178.947 Y166.212 E218.83505
G1 F2719 X180.211 Y166.15 E218.93119
G1 F2528.1 X180.816 Y166.162 E218.98062
G1 F2507 X181.566 Y166.145 E219.04243
G1 F2643.2 X182.514 Y166.199 E219.11663
G1 F2931.6 X183.036 Y166.212 E219.15342
G1 F3000 X187.854 Y166.212 E219.48513
G1 X188.39 Y166.088 E219.52301
G1 X188.759 Y165.863 E219.55276
G1 X189.027 Y165.572 E219.58
G1 X189.237 Y165.159 E219.6119
G1 X189.308 Y164.651 E219.64722
G1 X189.308 Y150.213 E220.64125
G0 F6000 X189.908 Y150.213
G1 F3000 X189.908 Y136.256 E221.60217
G1 X171.708 Y136.256 E222.85521
G1 X171.708 Y164.807 E224.8209
G1 X171.767 Y165.191 E224.84765
G1 X172.013 Y165.79 E224.89223
G1 X172.329 Y166.191 E224.92738
G1 X172.73 Y166.507 E224.96254
G1 X172.998 Y166.645 E224.98329
G1 X173.325 Y166.749 E225.00691
G1 X173.719 Y166.812 E225.03438
G1 X187.901 Y166.812 E226.01079
G1 X188.294 Y166.749 E226.0382
G1 X188.619 Y166.645 E226.06169
G1 X189.159 Y166.315 E226.10526
G1 X189.509 Y165.935 E226.14083
G1 X189.809 Y165.346 E226.18634
G1 X189.908 Y164.674 E226.2331
G1 X189.908 Y150.213 E227.22872
G1 F3600 E225.42872
G1 F600 Z1.3
G0 F6000 X180.952 Y158.021 Z1.3
G1 F600 Z0.3
G1 F3000 E227.22872
G1 X181.17 Y158.017 E227.24373
G1 X181.839 Y158.159 E227.29082
G1 X182.539 Y158.424 E227.34235
G1 X183.355 Y159.012 E227.4116
G1 X183.889 Y159.666 E227.46973
G1 X184.101 Y160.026 E227.49849
G1 X184.364 Y160.692 E227.54779
G1 X184.442 Y161.052 E227.57315
G1 X184.504 Y161.804 E227.6251
G1 X184.427 Y162.492 E227.67276
G1 X184.235 Y163.104 E227.71692
G1 X183.911 Y163.725 E227.76515
G1 X183.698 Y164.012 E227.78976
G1 X183.266 Y164.468 E227.833
G1 X182.998 Y164.691 E227.85701
G1 F2931.6 X182.327 Y165.093 E227.91212
G1 F2752.3 X181.556 Y165.412 E227.97473
G1 F2608.7 X180.816 Y165.462 E228.03346
G1 F2528.1 X180.245 Y165.427 E228.08019
G1 F2670.6 X179.488 Y165.195 E228.14143
G1 F2946 X178.709 Y164.75 E228.20433
G1 F3000 X178.424 Y164.537 E228.22882
G1 X177.932 Y164.034 E228.27727
G1 X177.532 Y163.425 E228.32743
G1 X177.304 Y162.892 E228.36734
G1 X177.132 Y162.204 E228.41617
G1 X177.132 Y161.408 E228.47097
G1 X177.174 Y161.054 E228.49552
G1 X177.359 Y160.389 E228.54304
G1 X177.683 Y159.738 E228.5931
G1 X178.109 Y159.189 E228.64095
G1 X178.621 Y158.735 E228.68806
G1 X179.234 Y158.369 E228.73721
G1 X179.772 Y158.159 E228.77697
G1 X180.399 Y158.031 E228.82103
G1 X180.952 Y158.021 E228.85911
G0 F6000 X180.88 Y158.625
G1 F3000 X181.106 Y158.623 E228.87467
G1 X181.672 Y158.735 E228.9144
G1 X182.276 Y158.974 E228.95912
G1 X182.846 Y159.385 E229.0075
G1 X183.271 Y159.831 E229.04992
G1 X183.584 Y160.331 E229.09053
G1 X183.835 Y160.986 E229.13882
G1 X183.904 Y161.804 E229.19534
G1 X183.835 Y162.388 E229.23583
G1 X183.668 Y162.909 E229.27349
G1 X183.343 Y163.515 E229.32084
G1 X182.83 Y164.055 E229.37212
G1 X182.245 Y164.472 E229.42158
G1 X181.436 Y164.755 E229.48059
G1 X180.816 Y164.812 E229.52345
G1 X180.224 Y164.761 E229.56436
G1 X179.552 Y164.541 E229.61305
G1 X178.902 Y164.168 E229.66464
G1 X178.42 Y163.684 E229.71167
G1 X178.079 Y163.178 E229.75368
G1 X177.877 Y162.713 E229.78859
G1 X177.732 Y162.136 E229.82955
G1 X177.732 Y161.288 E229.88793
G1 X177.908 Y160.632 E229.93469
G1 X178.17 Y160.089 E229.9762
G1 X178.525 Y159.622 E230.01659
G1 X178.948 Y159.237 E230.05597
G1 X179.458 Y158.925 E230.09713
G1 X179.94 Y158.735 E230.1328
G1 X180.502 Y158.628 E230.17219
G1 X180.88 Y158.625 E230.19821
G0 F6000 X180.884 Y159.223
;TYPE:WALL-OUTER
G1 F3000 X181.052 Y159.221 E230.20978
G1 X181.504 Y159.311 E230.24151
G1 X181.963 Y159.491 E230.27546
G1 X182.496 Y159.872 E230.32056
G1 X182.855 Y160.275 E230.35772
G1 X183.092 Y160.688 E230.3905
G1 X183.244 Y161.121 E230.4221
G1 X183.304 Y161.804 E230.4693
G1 X183.244 Y162.284 E230.50261
G1 X183.1 Y162.714 E230.53383
G1 X182.852 Y163.16 E230.56896
G1 X182.394 Y163.643 E230.61479
G1 X181.927 Y163.948 E230.65319
G1 X181.284 Y164.168 E230.69998
G1 X180.816 Y164.212 E230.73235
G1 X180.309 Y164.161 E230.76743
G1 X179.85 Y164.021 E230.80047
G1 X179.306 Y163.709 E230.84364
G1 X178.945 Y163.378 E230.87736
G1 X178.626 Y162.932 E230.91512
G1 X178.449 Y162.534 E230.9451
G1 X178.336 Y162.084 E230.97705
G1 X178.332 Y161.37 E231.02621
G1 X178.457 Y160.874 E231.06142
G1 X178.656 Y160.44 E231.09429
G1 X178.94 Y160.055 E231.12723
G1 X179.276 Y159.74 E231.15894
G1 X179.683 Y159.481 E231.19216
G1 X180.108 Y159.311 E231.22367
G1 X180.559 Y159.225 E231.25528
G1 X180.884 Y159.223 E231.27766
G0 F6000 X181.052 Y159.221
G0 X181.083 Y159.227
G1 F3600 E229.47766
G1 F600 Z1.3
G0 F6000 X190.508 Y150.213 Z1.3
G1 F600 Z0.3
G1 F3000 E231.27766
G1 X190.508 Y135.656 E232.27988
G1 X171.108 Y135.656 E233.61555
G1 X171.108 Y164.853 E235.62571
G1 X171.181 Y165.33 E235.65894
G1 X171.318 Y165.752 E235.68948
G1 X171.506 Y166.116 E235.71769
G1 X171.902 Y166.618 E235.76171
G1 X172.404 Y167.014 E235.80573
G1 X172.768 Y167.201 E235.83391
G1 X173.186 Y167.335 E235.86413
G1 X173.672 Y167.412 E235.89801
G1 X187.948 Y167.412 E236.88089
G1 X188.434 Y167.335 E236.91476
G1 X188.849 Y167.201 E236.94479
G1 X189.215 Y167.015 E236.97305
G1 X189.559 Y166.766 E237.00229
G1 X189.991 Y166.298 E237.04614
G1 X190.212 Y165.934 E237.07546
G1 X190.381 Y165.534 E237.10536
G1 X190.474 Y165.141 E237.13316
G1 X190.508 Y164.696 E237.16389
G1 X190.508 Y150.213 E238.16102
G0 F6000 X190.508 Y150.013
G1 F3600 E236.36102
G1 F600 Z1.3
G0 F6000 X180.966 Y156.853 Z1.3
;TYPE:SKIN
G1 F600 Z0.3
G1 F3000 E238.16102
G1 X180.21 Y156.87 E238.21308
G1 X179.47 Y157.026 E238.26515
G1 X178.8 Y157.279 E238.31446
G1 X177.997 Y157.74 E238.37821
G1 X177.31 Y158.334 E238.44073
G1 X176.708 Y159.091 E238.50732
G1 X176.292 Y159.903 E238.57014
G1 X176.039 Y160.756 E238.63139
G1 X175.962 Y161.376 E238.67441
G1 X175.964 Y162.356 E238.74188
G1 X176.185 Y163.238 E238.80448
G1 X176.459 Y163.896 E238.85356
G1 X176.707 Y164.334 E238.88821
G1 X177.264 Y165.039 E238.95007
G1 X173.867 Y165.039 E239.18395
G1 X173.682 Y164.995 E239.19704
G1 X173.523 Y164.834 E239.21262
G1 X173.476 Y164.653 E239.22549
G1 X173.476 Y138.024 E241.05886
G1 X188.136 Y138.024 E242.06818
G1 X188.136 Y164.594 E243.89748
G1 X188.081 Y164.856 E243.91591
G1 X187.915 Y165.003 E243.93118
G1 X187.754 Y165.04 E243.94255
G1 X184.333 Y165.04 E244.17808
G1 X184.551 Y164.811 E244.19985
G1 X184.902 Y164.339 E244.24035
G1 X185.328 Y163.513 E244.30433
G1 X185.58 Y162.692 E244.36346
G1 X185.688 Y161.852 E244.42177
G1 X185.602 Y160.916 E244.48648
G1 X185.478 Y160.34 E244.52705
G1 X185.107 Y159.427 E244.5949
G1 X184.895 Y159.067 E244.62366
G1 X184.331 Y158.356 E244.68615
G1 X183.905 Y157.968 E244.72582
G1 X183.086 Y157.38 E244.79523
G1 X182.144 Y157.03 E244.86442
G1 X181.28 Y156.845 E244.92525
G1 X180.966 Y156.853 E244.94688
G1 F3600 E243.14688
G1 F600 Z1.3
G0 F6000 X173.776 Y164.442 Z1.3
G1 F600 Z0.3
G1 F3000 E244.94688
G1 X174.073 Y164.739 E244.9758
G0 F6000 X174.921 Y164.739
G1 F3000 X173.776 Y163.593 E245.08733
G0 F6000 X173.776 Y162.745
G1 F3000 X175.77 Y164.739 E245.28148
G0 F6000 X176.618 Y164.739
G1 F3000 X173.776 Y161.896 E245.55824
G0 F6000 X173.776 Y161.048
G1 F3000 X175.845 Y163.117 E245.75969
G0 F6000 X175.662 Y162.085
G1 F3000 X173.776 Y160.199 E245.94333
G0 F6000 X173.776 Y159.351
G1 F3000 X175.676 Y161.251 E246.12832
G0 F6000 X175.795 Y160.522
G1 F3000 X173.776 Y158.502 E246.32495
G0 F6000 X173.776 Y157.654
G1 F3000 X175.986 Y159.864 E246.54013
G0 F6000 X176.266 Y159.296
G1 F3000 X173.776 Y156.805 E246.78263
G0 F6000 X173.776 Y155.957
G1 F3000 X176.58 Y158.761 E247.05564
G0 F6000 X176.956 Y158.289
G1 F3000 X173.776 Y155.108 E247.36531
G0 F6000 X173.776 Y154.26
G1 F3000 X177.385 Y157.869 E247.71671
G0 F6000 X177.845 Y157.48
G1 F3000 X173.776 Y153.411 E248.11289
G0 F6000 X173.776 Y152.563
G1 F3000 X178.383 Y157.169 E248.56141
G0 F6000 X178.96 Y156.899
G1 F3000 X173.776 Y151.714 E249.06621
G0 F6000 X173.776 Y150.865
G1 F3000 X179.602 Y156.691 E249.63347
G0 F6000 X180.321 Y156.563
G1 F3000 X173.776 Y150.017 E250.27078
G0 F6000 X173.776 Y149.168
G1 F3000 X181.155 Y156.548 E250.98929
G0 F6000 X182.188 Y156.732
G1 F3000 X173.776 Y148.32 E251.80834
G0 F6000 X173.776 Y147.471
G1 F3000 X183.906 Y157.601 E252.79466
G1 X184.012 Y157.707
G1 F3600 E250.99466
G1 F600 Z1.3
G0 F6000 X184.908 Y158.604 Z1.3
G1 F600 Z0.3
G1 F3000 E252.79466
G1 X187.836 Y161.531 E253.0797
G0 F6000 X187.836 Y160.683
G1 F3000 X173.776 Y146.623 E254.44868
G0 F6000 X173.776 Y145.774
G1 F3000 X187.836 Y159.834 E255.81765
G0 F6000 X187.836 Y158.986
G1 F3000 X173.776 Y144.926 E257.18662
G0 F6000 X173.776 Y144.077
G1 F3000 X187.836 Y158.137 E258.55559
G0 F6000 X187.836 Y157.289
G1 F3000 X173.776 Y143.229 E259.92456
G0 F6000 X173.776 Y142.38
G1 F3000 X187.836 Y156.44 E261.29354
G0 F6000 X187.836 Y155.592
G1 F3000 X173.776 Y141.532 E262.66251
G0 F6000 X173.776 Y140.683
G1 F3000 X187.836 Y154.743 E264.03148
G0 F6000 X187.836 Y153.895
G1 F3000 X173.776 Y139.835 E265.40045
G0 F6000 X173.776 Y138.986
G1 F3000 X187.836 Y153.046 E266.76943
G0 F6000 X187.836 Y152.198
G1 F3000 X173.962 Y138.324 E268.12029
G0 F6000 X174.811 Y138.324
G1 F3000 X187.836 Y151.349 E269.38849
G0 F6000 X187.836 Y150.501
G1 F3000 X175.659 Y138.324 E270.57412
G0 F6000 X176.508 Y138.324
G1 F3000 X187.836 Y149.652 E271.67709
G0 F6000 X187.836 Y148.804
G1 F3000 X177.357 Y138.324 E272.69744
G0 F6000 X178.205 Y138.324
G1 F3000 X187.836 Y147.955 E273.63517
G0 F6000 X187.836 Y147.106
G1 F3000 X179.054 Y138.324 E274.49025
G0 F6000 X179.902 Y138.324
G1 F3000 X187.836 Y146.258 E275.26275
G0 F6000 X187.836 Y145.409
G1 F3000 X180.751 Y138.324 E275.95259
G0 F6000 X181.599 Y138.324
G1 F3000 X187.836 Y144.561 E276.55987
G0 F6000 X187.836 Y143.712
G1 F3000 X182.448 Y138.324 E277.08448
G0 F6000 X183.296 Y138.324
G1 F3000 X187.836 Y142.864 E277.52652
G0 F6000 X187.836 Y142.015
G1 F3000 X184.145 Y138.324 E277.8859
G0 F6000 X184.993 Y138.324
G1 F3000 X187.836 Y141.167 E278.16271
G0 F6000 X187.836 Y140.318
G1 F3000 X185.842 Y138.324 E278.35686
G0 F6000 X186.69 Y138.324
G1 F3000 X187.836 Y139.47 E278.46844
G0 F6000 X187.836 Y138.621
G1 F3000 X187.539 Y138.324 E278.49736
G1 F3600 E276.69736
G1 F600 Z1.3
G0 F6000 X185.781 Y160.325 Z1.3
G1 F600 Z0.3
G1 F3000 E278.49736
G1 X187.836 Y162.38 E278.69745
G0 F6000 X187.836 Y163.229
G1 F3000 X185.942 Y161.335 E278.88186
G0 F6000 X185.946 Y162.187
G1 F3000 X187.836 Y164.077 E279.06588
G0 F6000 X187.649 Y164.739
G1 F3000 X185.825 Y162.915 E279.24348
G0 F6000 X185.629 Y163.567
G1 F3000 X186.801 Y164.739 E279.35759
G0 F6000 X185.952 Y164.739
G1 F3000 X185.347 Y164.134 E279.4165
G1 F3600 E277.6165
G1 F600 Z1.3
;MESH:NONMESH
G0 F6000 X190.686 Y133.938 Z1.3
;TIME_ELAPSED:116.042572
;LAYER:1
M106 S51
G0 F9000 X190.686 Y133.938 Z1.6
;TYPE:SUPPORT-INTERFACE
G1 F600 Z0.4
G1 F3000 E279.4165
G1 F7000 X170.929 Y133.94 E280.09662
G1 F3600 E278.29662
G1 F600 Z1.6
G0 F9000 X168 Y125.812 Z1.6
;TYPE:SUPPORT
G1 F600 Z0.6
G1 F3000 E280.09662
G1 F4500 X168 Y131.677 E280.50042
G1 X167.301 Y131.619 E280.54871
G1 X164 Y131.615 E280.77598
G1 X164 Y111.813 E282.13931
G1 X160 Y111.813 E282.41471
G1 X160 Y131.157 E283.74651
G1 X159.758 Y131.034 E283.7652
G1 X159.048 Y130.478 E283.82729
G1 X158.491 Y129.767 E283.88947
G1 X158.207 Y129.209 E283.93258
G1 X158.016 Y128.625 E283.97488
G1 X157.912 Y127.945 E284.02225
G1 X157.911 Y120.814 E284.5132
G1 X157.846 Y120.1 E284.56257
G1 X157.761 Y119.757 E284.58689
G1 X157.579 Y119.342 E284.61809
G1 X157.314 Y118.962 E284.64999
G1 X156.981 Y118.647 E284.68155
G1 X156.518 Y118.367 E284.7188
G1 X156 Y118.204 E284.75619
G1 X156 Y110.413 E285.29259
G1 X155.621 Y110.315 E285.31954
G1 X153.042 Y110.315 E285.4971
G1 X152.57 Y110.432 E285.53058
G1 X152.311 Y110.567 E285.55069
G1 X152 Y110.9 E285.58206
G1 X152 Y117.539 E286.03914
G1 X151.718 Y117.254 E286.06675
G1 X151.165 Y116.898 E286.11203
G1 X150.585 Y116.7 E286.15422
G1 X149.925 Y116.613 E286.20006
G1 X148.067 Y116.613 E286.32798
G1 X147.417 Y115.923 E286.39324
G1 X146.545 Y115.389 E286.46364
G1 X146.545 Y113.028 E286.62619
G1 X147.055 Y112.723 E286.6671
G1 X147.495 Y112.396 E286.70485
G1 X148 Y111.888 E286.75416
G1 X148 Y116.541 E287.07451
G1 F3600 E285.27451
G1 F600 Z1.6
G0 F9000 X192 Y132.67 Z1.6
G1 F600 Z0.6
G1 F3000 E287.07451
G1 F4500 X192 Y132.891 E287.08973
G1 F3600 E285.28973
G1 F600 Z1.6
G0 F9000 X196 Y118.17 Z1.6
G1 F600 Z0.6
G1 F3000 E287.08973
G1 F4500 X196 Y111.813 E287.5274
G1 X192 Y111.813 E287.80279
G1 X192 Y117.613 E288.20212
G1 X188 Y117.613 E288.47751
G1 X188 Y111.813 E288.87683
G1 X184 Y111.813 E289.15222
G1 X184 Y117.613 E289.55155
G1 X180 Y117.613 E289.82694
G1 X180 Y111.813 E290.22626
G1 X176 Y111.813 E290.50165
G1 X176 Y117.613 E290.90098
G1 X172 Y117.613 E291.17637
G1 X172 Y111.813 E291.57569
G1 X168 Y111.813 E291.85108
G1 X168 Y117.613 E292.25041
G1 X167.425 Y117.613 E292.28999
G1 X166.683 Y117.685 E292.34132
G1 X166.345 Y117.769 E292.3653
G1 X165.928 Y117.954 E292.39671
G1 X165.552 Y118.219 E292.42838
G1 X165.237 Y118.552 E292.45994
G1 X164.995 Y118.94 E292.49142
G1 X164.779 Y119.522 E292.53416
G1 X164.711 Y120.34 E292.59067
G1 X164.711 Y123.099 E292.78062
G1 X164.784 Y123.848 E292.83244
G1 X164.869 Y124.179 E292.85596
G1 X165.053 Y124.596 E292.88734
G1 X165.317 Y124.97 E292.91886
G1 X165.649 Y125.283 E292.95028
G1 X166.045 Y125.528 E292.98234
G1 X166.64 Y125.745 E293.02594
G1 X167.453 Y125.813 E293.08211
G1 X172 Y125.812 E293.39516
G1 X172 Y131.199 E293.76605
G1 X176 Y131.199 E294.04145
G1 X176 Y125.811 E294.4124
G1 X180 Y125.81 E294.6878
G1 X180 Y131.198 E295.05875
G1 X184 Y131.198 E295.33414
G1 X184 Y125.809 E295.70517
G1 X188 Y125.809 E295.98056
G1 X188 Y131.197 E296.35152
G1 X192 Y131.197 E296.62691
G1 X192 Y125.808 E296.99794
G1 X194.309 Y125.808 E297.15691
G1 X195.024 Y125.721 E297.2065
G1 X195.387 Y125.616 E297.23251
G1 X195.791 Y125.418 E297.26349
G1 X196 Y125.257 E297.28165
G1 X196 Y131.615 E297.71939
G1 X200 Y131.613 E297.99479
G1 X200 Y111.813 E299.35799
G1 X202.748 Y111.813 E299.54718
G1 X203.583 Y111.735 E299.60492
G1 X204 Y111.59 E299.63532
G1 X204 Y119.489 E300.17915
G1 X204.119 Y119.234 E300.19852
G1 X204.398 Y118.867 E300.23026
G1 X204.746 Y118.567 E300.2619
G1 X205.145 Y118.339 E300.29354
G1 X205.586 Y118.195 E300.32548
G1 X206.322 Y118.111 E300.37648
G1 X208 Y118.111 E300.49201
G1 X208 Y110.315 E301.02875
G1 X208.622 Y110.315 E301.07157
G1 X209.003 Y110.412 E301.09864
G1 X209.315 Y110.584 E301.12317
G1 X209.64 Y110.954 E301.15707
G1 X210.14 Y111.374 E301.20203
G1 X210.525 Y111.566 E301.23165
G1 X211.095 Y111.744 E301.27277
G2 X213.5760 Y111.8130 I1.6750 J-15.5886 E301.443770
G1 X213.578 Y116.613 E301.77424
G1 X212 Y116.613 E301.88288
G1 X212 Y111.813 E302.21335
G1 F3600 E300.41335
G1 F600 Z1.6
G0 F9000 X171.078 Y132.568 Z1.6
;TYPE:SUPPORT-INTERFACE
G1 F600 Z0.6
G1 F3000 E302.21335
G1 F6104.7 X190.542 Y132.564 E302.98166
G0 F9000 X191.531 Y131.944
G1 F3500 X191.116 Y132.745 E303.04377
G1 X191.018 Y133.247 E303.07898
G1 X190.872 Y133.187 E303.08985
G1 X170.748 Y133.192 E304.47536
G1 X170.601 Y133.252 E304.48629
G1 X170.5 Y132.722 E304.52344
G1 X170.093 Y131.948 E304.58364
G1 X191.531 Y131.944 E306.05962
G1 F3600 E304.25962
G1 F600 Z1.6
;MESH:LC-GR3005??????RFID?????????-WB.stl
G0 F9000 X180.714 Y157.421 Z1.6
;TYPE:WALL-INNER
G1 F600 Z0.6
G1 F3000 E306.05962
G1 F4500 X181.281 Y157.429 E306.09866
G1 X182.018 Y157.584 E306.15051
G1 X182.6 Y157.807 E306.19342
G1 X182.949 Y157.987 E306.22046
G1 X183.565 Y158.401 E306.27155
G1 X184.125 Y158.992 E306.32761
G1 X184.41 Y159.37 E306.3602
G1 X184.803 Y160.125 E306.4188
G1 X185.024 Y160.893 E306.47382
G1 X185.108 Y161.677 E306.52811
G1 X185.018 Y162.591 E306.59134
G1 X184.799 Y163.307 E306.64289
G1 X184.415 Y164.046 E306.70023
G1 X184.125 Y164.432 E306.73347
G1 X183.697 Y164.884 E306.77633
G1 X183.305 Y165.209 E306.81139
G1 X182.588 Y165.611 E306.86798
G1 X187.807 Y165.612 E307.2273
G1 X188.16 Y165.532 E307.25222
G1 X188.359 Y165.412 E307.26822
G1 X188.545 Y165.209 E307.28717
G1 X188.665 Y164.972 E307.30546
G1 X188.708 Y164.629 E307.32926
G1 X188.708 Y136.808 E309.2447
G1 X172.908 Y136.808 E310.3325
G1 X172.908 Y164.716 E312.25393
G1 X173.027 Y165.137 E312.28405
G1 X173.184 Y165.336 E312.3015
G1 X173.382 Y165.494 E312.31894
G1 X173.813 Y165.612 E312.3497
G1 X179.003 Y165.612 E312.70703
G1 X178.391 Y165.253 E312.75588
G1 X178.007 Y164.965 E312.78893
G1 X177.441 Y164.377 E312.84512
G1 X176.991 Y163.679 E312.90229
G1 X176.705 Y163.009 E312.95245
G1 X176.543 Y162.183 E313.0104
G1 X176.512 Y161.82 E313.03548
G1 X176.544 Y161.056 E313.08813
G1 X176.812 Y160.144 E313.15358
G1 X177.195 Y159.387 E313.21198
G1 X177.699 Y158.747 E313.26807
G1 X178.315 Y158.215 E313.32411
G1 X179.02 Y157.807 E313.38019
G1 X179.6 Y157.585 E313.42295
G1 X180.385 Y157.417 E313.47822
G1 X180.714 Y157.421 E313.50087
G1 F3600 E311.70087
G1 F600 Z1.6
G0 F9000 X189.308 Y150.213 Z1.6
G1 F600 Z0.6
G1 F3000 E313.50087
G1 F4500 X189.308 Y136.208 E314.46509
G1 X172.308 Y136.208 E315.63552
G1 X172.308 Y164.762 E317.60141
G1 X172.353 Y165.052 E317.62162
G1 X172.52 Y165.464 E317.65223
G1 X172.757 Y165.763 E317.6785
G1 X173.056 Y166 E317.70476
G1 X173.463 Y166.163 E317.73495
G1 X173.766 Y166.212 E317.75608
G1 X178.92 Y166.212 E318.11093
G1 F4078.5 X180.208 Y166.15 E318.20888
G1 F3792.1 X180.808 Y166.162 E318.25791
G1 F3760.4 X181.558 Y166.145 E318.31972
G1 F3958.9 X182.493 Y166.197 E318.393
G1 F4397.4 X183 Y166.212 E318.42874
G1 F4500 X187.854 Y166.212 E318.76293
G1 X188.39 Y166.088 E318.8008
G1 X188.759 Y165.863 E318.83056
G1 X189.027 Y165.572 E318.8578
G1 X189.237 Y165.159 E318.8897
G1 X189.308 Y164.651 E318.92501
G1 X189.308 Y150.213 E319.91905
G0 F9000 X189.908 Y150.213
G1 F4500 X189.908 Y135.608 E320.92458
G1 X171.708 Y135.608 E322.17762
G1 X171.708 Y164.807 E324.18793
G1 X171.767 Y165.191 E324.21467
G1 X172.013 Y165.79 E324.25926
G1 X172.329 Y166.191 E324.29441
G1 X172.73 Y166.507 E324.32956
G1 X172.998 Y166.645 E324.35031
G1 X173.325 Y166.749 E324.37394
G1 X173.719 Y166.812 E324.40141
G1 X187.901 Y166.812 E325.37782
G1 X188.294 Y166.749 E325.40522
G1 X188.619 Y166.645 E325.42871
G1 X189.159 Y166.315 E325.47228
G1 X189.509 Y165.935 E325.50785
G1 X189.809 Y165.346 E325.55336
G1 X189.908 Y164.674 E325.60013
G1 X189.908 Y150.213 E326.59574
G1 F3600 E324.79574
G1 F600 Z1.6
G0 F9000 X180.903 Y158.022 Z1.6
G1 F600 Z0.6
G1 F3000 E326.59574
G1 F4500 X181.166 Y158.018 E326.61385
G1 X181.85 Y158.16 E326.66195
G1 X182.511 Y158.416 E326.71075
G1 X183.168 Y158.852 E326.76504
G1 X183.69 Y159.404 E326.81735
G1 X183.893 Y159.674 E326.8406
G1 X184.234 Y160.317 E326.89071
G1 X184.43 Y160.977 E326.93812
G1 X184.504 Y161.612 E326.98213
G1 X184.427 Y162.488 E327.04267
G1 X184.232 Y163.112 E327.08768
G1 X183.827 Y163.875 E327.14716
G1 X183.261 Y164.472 E327.2038
G1 X182.982 Y164.704 E327.22878
G1 F4397.4 X182.31 Y165.1 E327.28373
G1 F4128.4 X181.543 Y165.413 E327.3459
G1 F3913 X180.808 Y165.462 E327.40422
G1 F3792.1 X180.242 Y165.428 E327.45055
G1 F4017.9 X179.455 Y165.181 E327.51415
G1 F4426.2 X178.694 Y164.735 E327.57589
G1 F4500 X178.42 Y164.53 E327.59945
G1 X177.929 Y164.027 E327.64785
G1 X177.537 Y163.431 E327.69696
G1 X177.283 Y162.839 E327.74131
G1 X177.104 Y161.925 E327.80544
G1 X177.176 Y161.032 E327.86712
G1 X177.36 Y160.387 E327.9133
G1 X177.683 Y159.736 E327.96333
G1 X178.112 Y159.183 E328.01152
G1 X178.639 Y158.72 E328.05981
G1 X179.244 Y158.364 E328.10814
G1 X179.769 Y158.16 E328.14692
G1 X180.407 Y158.027 E328.19179
G1 X180.903 Y158.022 E328.22594
G0 F9000 X180.811 Y158.623
G1 F4500 X181.104 Y158.623 E328.24612
G1 X181.602 Y158.716 E328.28099
G1 X182.228 Y158.949 E328.32698
G1 X182.744 Y159.288 E328.36949
G1 X183.331 Y159.897 E328.42772
G1 X183.666 Y160.508 E328.4757
G1 X183.836 Y161.061 E328.51553
G1 X183.901 Y161.694 E328.55934
G1 X183.835 Y162.384 E328.60706
G1 X183.664 Y162.917 E328.6456
G1 X183.334 Y163.522 E328.69305
G1 X182.74 Y164.15 E328.75256
G1 X182.11 Y164.52 E328.80286
G1 X181.425 Y164.755 E328.85272
G1 X180.808 Y164.812 E328.89538
G1 X180.305 Y164.769 E328.93014
G1 X179.64 Y164.595 E328.97747
G1 X178.898 Y164.159 E329.03672
G1 X178.416 Y163.677 E329.08365
G1 X178.084 Y163.184 E329.12457
G1 X177.873 Y162.704 E329.16067
G1 X177.725 Y161.976 E329.21182
G1 X177.732 Y161.353 E329.25471
G1 X177.858 Y160.777 E329.29531
G1 X178.081 Y160.243 E329.33515
G1 X178.411 Y159.748 E329.37611
G1 X178.828 Y159.33 E329.41676
G1 X179.385 Y158.952 E329.4631
G1 X179.938 Y158.736 E329.50398
G1 X180.512 Y158.623 E329.54426
G1 X180.811 Y158.623 E329.56484
G0 F9000 X180.811 Y159.221
;TYPE:WALL-OUTER
G1 F4500 X181.048 Y159.221 E329.58116
G1 X181.54 Y159.321 E329.61572
G1 X181.978 Y159.503 E329.64838
G1 X182.363 Y159.752 E329.67995
G1 X182.843 Y160.256 E329.72787
G1 X183.097 Y160.7 E329.76308
G1 X183.242 Y161.145 E329.79531
G1 X183.307 Y161.601 E329.82702
G1 X183.244 Y162.28 E329.87397
G1 X183.072 Y162.775 E329.91005
G1 X182.844 Y163.168 E329.94133
G1 X182.39 Y163.647 E329.98676
G1 X181.914 Y163.952 E330.02569
G1 X181.276 Y164.168 E330.07206
G1 X180.808 Y164.212 E330.10442
G1 X180.308 Y164.161 E330.13903
G1 X179.84 Y164.016 E330.17276
G1 X179.269 Y163.681 E330.21834
G1 X178.941 Y163.37 E330.24946
G1 X178.63 Y162.936 E330.28622
G1 X178.445 Y162.523 E330.31737
G1 X178.316 Y161.872 E330.36307
G1 X178.34 Y161.323 E330.4009
G1 X178.44 Y160.923 E330.42929
G1 X178.659 Y160.433 E330.46624
G1 X178.899 Y160.097 E330.49467
G1 X179.241 Y159.766 E330.52744
G1 X179.642 Y159.503 E330.56045
G1 X180.133 Y159.305 E330.5969
G1 X180.568 Y159.221 E330.6274
G1 X180.811 Y159.221 E330.64413
G0 F9000 X181.011 Y159.221
G1 F3600 E328.84413
G1 F600 Z1.6
G0 F9000 X190.508 Y150.213 Z1.6
G1 F600 Z0.6
G1 F3000 E330.64413
G1 F4500 X190.508 Y135.008 E331.69098
G1 X171.108 Y135.008 E333.02664
G1 X171.108 Y164.853 E335.08142
G1 X171.181 Y165.33 E335.11464
G1 X171.318 Y165.752 E335.14519
G1 X171.506 Y166.116 E335.1734
G1 X171.902 Y166.618 E335.21742
G1 X172.404 Y167.014 E335.26144
G1 X172.768 Y167.201 E335.28961
G1 X173.186 Y167.335 E335.31983
G1 X173.672 Y167.412 E335.35371
G1 X187.948 Y167.412 E336.33659
G1 X188.434 Y167.335 E336.37047
G1 X188.849 Y167.201 E336.40049
G1 X189.215 Y167.015 E336.42876
G1 X189.559 Y166.766 E336.458
G1 X189.991 Y166.298 E336.50185
G1 X190.212 Y165.934 E336.53117
G1 X190.381 Y165.534 E336.56106
G1 X190.474 Y165.141 E336.58887
G1 X190.508 Y164.696 E336.61959
G1 X190.508 Y150.213 E337.61673
G0 F9000 X190.508 Y150.013
G1 F3600 E335.81673
G1 F600 Z1.6
G0 F9000 X180.914 Y156.851 Z1.6
;TYPE:SKIN
G1 F600 Z0.6
G1 F3000 E337.61673
G1 F4500 X180.255 Y156.861 E337.6621
G1 X179.461 Y157.03 E337.71799
G1 X178.809 Y157.275 E337.76595
G1 X178.022 Y157.723 E337.82829
G1 X177.276 Y158.361 E337.89588
G1 X176.74 Y159.037 E337.95527
G1 X176.296 Y159.9 E338.02209
G1 X176.044 Y160.73 E338.08181
G1 X175.963 Y161.247 E338.11784
G1 X175.94 Y161.812 E338.15677
G1 X175.98 Y162.28 E338.18911
G1 X176.161 Y163.183 E338.25252
G1 X176.467 Y163.909 E338.30676
G1 X176.74 Y164.379 E338.34418
G1 X177.265 Y165.039 E338.40224
G1 X173.867 Y165.039 E338.63619
G1 X173.682 Y164.995 E338.64928
G1 X173.523 Y164.834 E338.66486
G1 X173.476 Y164.653 E338.67774
G1 X173.476 Y137.376 E340.55572
G1 X188.136 Y137.376 E341.56504
G1 X188.136 Y164.594 E343.43895
G1 X188.081 Y164.856 E343.45739
G1 X187.915 Y165.003 E343.47265
G1 X187.754 Y165.04 E343.48402
G1 X184.333 Y165.04 E343.71956
G1 X184.539 Y164.823 E343.74016
G1 X184.888 Y164.361 E343.78002
G1 X185.32 Y163.529 E343.84456
G1 X185.592 Y162.636 E343.90883
G1 X185.675 Y161.649 E343.97703
G1 X185.591 Y160.825 E344.03405
G1 X185.345 Y159.956 E344.09623
G1 X184.907 Y159.094 E344.1628
G1 X184.56 Y158.627 E344.20286
G1 X183.945 Y157.97 E344.26482
G1 X183.235 Y157.493 E344.32371
G1 X182.843 Y157.289 E344.35413
G1 X182.152 Y157.03 E344.40494
G1 X181.28 Y156.845 E344.46631
G1 X180.914 Y156.851 E344.49151
G1 F3600 E342.69151
G1 F600 Z1.6
G0 F9000 X187.836 Y164.303 Z1.6
G1 F600 Z0.6
G1 F3000 E344.49151
G1 F4500 X187.4 Y164.74 E344.53401
G0 F9000 X186.551 Y164.74
G1 F4500 X187.836 Y163.455 E344.65913
G0 F9000 X187.836 Y162.606
G1 F4500 X185.703 Y164.74 E344.86686
G0 F9000 X185.227 Y164.366
G1 F4500 X187.836 Y161.758 E345.12084
G0 F9000 X187.836 Y160.909
G1 F4500 X185.816 Y162.929 E345.31752
G0 F9000 X185.956 Y161.941
G1 F4500 X187.836 Y160.061 E345.50057
G0 F9000 X187.836 Y159.212
G1 F4500 X185.923 Y161.125 E345.68683
G0 F9000 X185.789 Y160.411
G1 F4500 X187.836 Y158.364 E345.88614
G0 F9000 X187.836 Y157.515
G1 F4500 X185.589 Y159.762 E346.10492
G0 F9000 X185.301 Y159.202
G1 F4500 X187.836 Y156.667 E346.35175
G0 F9000 X187.836 Y155.818
G1 F4500 X184.975 Y158.679 E346.63031
G0 F9000 X184.59 Y158.216
G1 F4500 X187.836 Y154.97 E346.94636
G0 F9000 X187.836 Y154.121
G1 F4500 X184.178 Y157.779 E347.30253
G0 F9000 X183.679 Y157.43
G1 F4500 X187.836 Y153.272 E347.70733
G0 F9000 X187.836 Y152.424
G1 F4500 X183.148 Y157.112 E348.16378
G0 F9000 X182.552 Y156.859
G1 F4500 X187.836 Y151.575 E348.67827
G0 F9000 X187.836 Y150.727
G1 F4500 X181.893 Y156.67 E349.25692
G0 F9000 X181.165 Y156.549
G1 F4500 X187.836 Y149.878 E349.90645
G0 F9000 X187.836 Y149.03
G1 F4500 X180.303 Y156.563 E350.63991
G0 F9000 X179.218 Y156.8
G1 F4500 X187.836 Y148.181 E351.47906
G0 F9000 X187.836 Y147.333
G1 F4500 X173.776 Y161.392 E352.84799
G0 F9000 X173.776 Y160.544
G1 F4500 X187.836 Y146.484 E354.21696
G0 F9000 X187.836 Y145.636
G1 F4500 X173.776 Y159.695 E355.58588
G0 F9000 X173.776 Y158.847
G1 F4500 X187.836 Y144.787 E356.95486
G0 F9000 X187.836 Y143.939
G1 F4500 X173.776 Y157.998 E358.32378
G0 F9000 X173.776 Y157.15
G1 F4500 X187.836 Y143.09 E359.69275
G0 F9000 X187.836 Y142.242
G1 F4500 X173.776 Y156.301 E361.06167
G0 F9000 X173.776 Y155.452
G1 F4500 X187.836 Y141.393 E362.4306
G0 F9000 X187.836 Y140.545
G1 F4500 X173.776 Y154.604 E363.79952
G0 F9000 X173.776 Y153.755
G1 F4500 X187.836 Y139.696 E365.16845
G0 F9000 X187.836 Y138.847
G1 F4500 X173.776 Y152.907 E366.53742
G0 F9000 X173.776 Y152.058
G1 F4500 X187.836 Y137.999 E367.90634
G0 F9000 X187.31 Y137.676
G1 F4500 X173.776 Y151.21 E369.2241
G0 F9000 X173.776 Y150.361
G1 F4500 X186.462 Y137.676 E370.45924
G0 F9000 X185.613 Y137.676
G1 F4500 X173.776 Y149.513 E371.61177
G0 F9000 X173.776 Y148.664
G1 F4500 X184.765 Y137.676 E372.68168
G0 F9000 X183.916 Y137.676
G1 F4500 X173.776 Y147.816 E373.66898
G0 F9000 X173.776 Y146.967
G1 F4500 X183.068 Y137.676 E374.57366
G0 F9000 X182.219 Y137.676
G1 F4500 X173.776 Y146.119 E375.39572
G0 F9000 X173.776 Y145.27
G1 F4500 X181.371 Y137.676 E376.13517
G0 F9000 X180.522 Y137.676
G1 F4500 X173.776 Y144.422 E376.792
G0 F9000 X173.776 Y143.573
G1 F4500 X179.674 Y137.676 E377.36622
G0 F9000 X178.825 Y137.676
G1 F4500 X173.776 Y142.725 E377.85783
G0 F9000 X173.776 Y141.876
G1 F4500 X177.977 Y137.676 E378.26681
G0 F9000 X177.128 Y137.676
G1 F4500 X173.776 Y141.027 E378.59314
G0 F9000 X173.776 Y140.179
G1 F4500 X176.28 Y137.676 E378.83689
G0 F9000 X175.431 Y137.676
G1 F4500 X173.776 Y139.33 E378.99799
G0 F9000 X173.776 Y138.482
G1 F4500 X174.583 Y137.676 E379.07651
G1 F3600 E377.27651
G1 F600 Z1.6
G0 F9000 X175.918 Y160.1 Z1.6
G1 F600 Z0.6
G1 F3000 E379.07651
G1 F4500 X173.776 Y162.241 E379.28502
G0 F9000 X173.776 Y163.089
G1 F4500 X175.667 Y161.199 E379.46909
G0 F9000 X175.66 Y162.054
G1 F4500 X173.776 Y163.938 E379.65253
G0 F9000 X173.837 Y164.725
G1 F4500 X175.776 Y162.787 E379.84128
G0 F9000 X175.952 Y163.46
G1 F4500 X174.672 Y164.74 E379.96591
G0 F9000 X175.52 Y164.74
G1 F4500 X176.205 Y164.054 E380.03265
G0 F9000 X176.524 Y164.585
G1 F4500 X176.369 Y164.74 E380.04774
G1 F3600 E378.24774
G1 F600 Z1.6
;MESH:NONMESH
G0 F9000 X190.687 Y133.332 Z1.6
;TIME_ELAPSED:149.739017
;LAYER:2
G0 F12000 X190.687 Y133.332 Z1.9
;TYPE:SUPPORT-INTERFACE
G1 F600 Z0.7
G1 F3000 E380.04774
G1 F7643.3 X170.933 Y133.334 E380.75949
G1 F3600 E378.95949
G1 F600 Z1.9
G0 F12000 X168 Y125.812 Z1.9
;TYPE:SUPPORT
G1 F600 Z0.9
G1 F3000 E380.75949
G1 F6000 X168 Y131.679 E381.16343
G1 X167.408 Y131.619 E381.2044
G1 X164 Y131.615 E381.43903
G1 X164 Y111.813 E382.80237
G1 X160 Y111.813 E383.07776
G1 X160 Y131.157 E384.40957
G1 X159.758 Y131.034 E384.42826
G1 X159.048 Y130.478 E384.49034
G1 X158.491 Y129.767 E384.55253
G1 X158.207 Y129.209 E384.59564
G1 X158.016 Y128.625 E384.63794
G1 X157.912 Y127.945 E384.6853
G1 X157.911 Y120.691 E385.18473
G1 X157.829 Y119.955 E385.23571
G1 X157.682 Y119.516 E385.26759
G1 X157.459 Y119.122 E385.29876
G1 X157.149 Y118.771 E385.331
G1 X156.783 Y118.494 E385.3626
G1 X156.324 Y118.278 E385.39753
G1 X156 Y118.213 E385.42028
G1 X156 Y110.413 E385.9573
G1 X155.621 Y110.315 E385.98425
G1 X153.042 Y110.315 E386.16181
G1 X152.57 Y110.432 E386.19529
G1 X152.311 Y110.567 E386.2154
G1 X152 Y110.9 E386.24677
G1 X152 Y117.496 E386.70089
G1 X151.537 Y117.101 E386.74279
G1 X151.066 Y116.843 E386.77977
G1 X150.718 Y116.727 E386.80502
G1 X150.122 Y116.613 E386.8468
G1 X148.069 Y116.613 E386.98815
G1 X147.334 Y115.844 E387.06138
G1 X146.545 Y115.394 E387.12392
G1 X146.545 Y113.028 E387.28681
G1 X147.178 Y112.648 E387.33765
G1 X147.616 Y112.3 E387.37616
G1 X148 Y111.889 E387.41489
G1 X148 Y116.54 E387.7351
G1 F3600 E385.9351
G1 F600 Z1.9
G0 F12000 X192 Y132.676 Z1.9
G1 F600 Z0.9
G1 F3000 E387.7351
G1 F6000 X192 Y132.863 E387.74797
G1 F3600 E385.94797
G1 F600 Z1.9
G0 F12000 X196 Y118.162 Z1.9
G1 F600 Z0.9
G1 F3000 E387.74797
G1 F6000 X196 Y111.813 E388.18509
G1 X192 Y111.813 E388.46049
G1 X192 Y117.613 E388.85981
G1 X188 Y117.613 E389.1352
G1 X188 Y111.813 E389.53452
G1 X184 Y111.813 E389.80992
G1 X184 Y117.613 E390.20924
G1 X180 Y117.613 E390.48463
G1 X180 Y111.813 E390.88395
G1 X176 Y111.813 E391.15935
G1 X176 Y117.613 E391.55867
G1 X172 Y117.613 E391.83406
G1 X172 Y111.813 E392.23338
G1 X168 Y111.813 E392.50878
G1 X168 Y117.613 E392.9081
G1 X167.302 Y117.613 E392.95616
G1 X166.547 Y117.7 E393.00848
G1 X166.124 Y117.839 E393.03914
G1 X165.718 Y118.07 E393.0713
G1 X165.375 Y118.369 E393.10262
G1 X165.094 Y118.737 E393.1345
G1 X164.895 Y119.143 E393.16563
G1 X164.791 Y119.5 E393.19123
G1 X164.711 Y120.233 E393.242
G1 X164.711 Y123.221 E393.44772
G1 X164.798 Y123.976 E393.50004
G1 X164.937 Y124.399 E393.5307
G1 X165.168 Y124.805 E393.56286
G1 X165.467 Y125.148 E393.59418
G1 X165.835 Y125.43 E393.6261
G1 X166.244 Y125.628 E393.65739
G1 X166.631 Y125.739 E393.68511
G1 X167.343 Y125.813 E393.73439
G1 X172 Y125.812 E394.05502
G1 X172 Y130.506 E394.37819
G1 X176 Y130.506 E394.65359
G1 X176 Y125.811 E394.97683
G1 X180 Y125.81 E395.25223
G1 X180 Y130.506 E395.57554
G1 X184 Y130.506 E395.85093
G1 X184 Y125.809 E396.17431
G1 X188 Y125.809 E396.44971
G1 X188 Y130.506 E396.77309
G1 X192 Y130.506 E397.04848
G1 X192 Y125.808 E397.37193
G1 X194.479 Y125.808 E397.54261
G1 X195.158 Y125.699 E397.58995
G1 X195.589 Y125.54 E397.62158
G1 X196 Y125.279 E397.6551
G1 X196 Y131.615 E398.09133
G1 X200 Y131.613 E398.36672
G1 X200 Y111.813 E399.72992
G1 X202.867 Y111.813 E399.92731
G1 X203.603 Y111.726 E399.97834
G1 X204 Y111.61 E400.00681
G1 X204 Y119.43 E400.54521
G1 X204.236 Y119.046 E400.57624
G1 X204.549 Y118.707 E400.608
G1 X204.922 Y118.439 E400.63963
G1 X205.343 Y118.252 E400.67134
G1 X205.783 Y118.151 E400.70242
G1 X206.244 Y118.111 E400.73428
G1 X208 Y118.111 E400.85518
G1 X208 Y110.315 E401.39192
G1 X208.621 Y110.315 E401.43468
G1 X209.004 Y110.414 E401.46191
G1 X209.313 Y110.584 E401.48619
G1 X209.828 Y111.171 E401.53996
G1 X210.331 Y111.494 E401.58111
G1 X211.072 Y111.738 E401.63482
G1 X211.878 Y111.813 E401.69056
G1 X213.576 Y111.813 E401.80746
G1 X213.578 Y116.613 E402.13793
G1 X212 Y116.613 E402.24658
G1 X212 Y111.813 E402.57705
G1 F3600 E400.77705
G1 F600 Z1.9
G0 F12000 X170.791 Y131.916 Z1.9
;TYPE:SUPPORT-INTERFACE
G1 F600 Z0.9
G1 F3000 E402.57705
G1 F5633.8 X190.803 Y131.914 E403.55528
G1 F3600 E401.75528
G1 F600 Z1.9
G0 F12000 X191.99 Y131.252 Z1.9
G1 F600 Z0.9
G1 F3000 E403.55528
G1 F4000 X192.066 Y131.44 E403.56925
G1 X191.664 Y131.838 E403.60819
G1 X191.318 Y132.349 E403.65068
G1 X191.148 Y132.727 E403.67922
G1 X190.911 Y132.578 E403.69849
G1 X170.714 Y132.578 E405.08902
G1 X170.468 Y132.731 E405.10897
G1 X170.223 Y132.244 E405.1465
G1 X170.21 Y132.133 E405.1542
G1 X169.554 Y131.435 E405.22014
G1 X169.632 Y131.256 E405.23359
G1 X191.99 Y131.252 E406.7729
G1 F3600 E404.9729
G1 F600 Z1.9
;MESH:LC-GR3005??????RFID?????????-WB.stl
G0 F12000 X180.714 Y157.421 Z1.9
;TYPE:WALL-INNER
G1 F600 Z0.9
G1 F3000 E406.7729
G1 F6000 X181.281 Y157.429 E406.81194
G1 X182.018 Y157.584 E406.86379
G1 X182.6 Y157.807 E406.9067
G1 X182.949 Y157.987 E406.93374
G1 X183.565 Y158.401 E406.98484
G1 X184.125 Y158.992 E407.04089
G1 X184.41 Y159.37 E407.07349
G1 X184.803 Y160.125 E407.13209
G1 X185.024 Y160.893 E407.18711
G1 X185.108 Y161.677 E407.2414
G1 X185.018 Y162.591 E407.30463
G1 X184.799 Y163.307 E407.35618
G1 X184.415 Y164.046 E407.41352
G1 X184.125 Y164.432 E407.44676
G1 X183.697 Y164.884 E407.48961
G1 X183.305 Y165.209 E407.52467
G1 X182.588 Y165.611 E407.58126
G1 X187.807 Y165.612 E407.94058
G1 X188.16 Y165.532 E407.9655
G1 X188.359 Y165.412 E407.9815
G1 X188.545 Y165.209 E408.00046
G1 X188.665 Y164.972 E408.01875
G1 X188.708 Y164.629 E408.04255
G1 X188.708 Y136.208 E409.99929
G1 X172.908 Y136.208 E411.0871
G1 X172.908 Y164.716 E413.04983
G1 X173.027 Y165.137 E413.07995
G1 X173.184 Y165.336 E413.0974
G1 X173.382 Y165.494 E413.11484
G1 X173.813 Y165.612 E413.14561
G1 X179.003 Y165.612 E413.50293
G1 X178.391 Y165.253 E413.55178
G1 X178.007 Y164.965 E413.58483
G1 X177.441 Y164.377 E413.64102
G1 X176.991 Y163.679 E413.6982
G1 X176.705 Y163.009 E413.74835
G1 X176.543 Y162.183 E413.8063
G1 X176.512 Y161.82 E413.83139
G1 X176.544 Y161.056 E413.88403
G1 X176.812 Y160.144 E413.94948
G1 X177.195 Y159.387 E414.00789
G1 X177.699 Y158.747 E414.06397
G1 X178.315 Y158.215 E414.12001
G1 X179.02 Y157.807 E414.17609
G1 X179.6 Y157.585 E414.21885
G1 X180.385 Y157.417 E414.27412
G1 X180.714 Y157.421 E414.29677
G1 F3600 E412.49677
G1 F600 Z1.9
G0 F12000 X189.308 Y150.213 Z1.9
G1 F600 Z0.9
G1 F3000 E414.29677
G1 F6000 X189.308 Y135.608 E415.3023
G1 X172.308 Y135.608 E416.47273
G1 X172.308 Y164.762 E418.47994
G1 X172.353 Y165.052 E418.50014
G1 X172.52 Y165.464 E418.53075
G1 X172.757 Y165.763 E418.55702
G1 X173.056 Y166 E418.58328
G1 X173.463 Y166.163 E418.61347
G1 X173.766 Y166.212 E418.6346
G1 X178.92 Y166.212 E418.98945
G1 F5438.1 X180.208 Y166.15 E419.0874
G1 F5056.2 X180.808 Y166.162 E419.13643
G1 F5013.9 X181.558 Y166.145 E419.19824
G1 F5278.6 X182.493 Y166.197 E419.27152
G1 F5863.2 X183 Y166.212 E419.30726
G1 F6000 X187.854 Y166.212 E419.64145
G1 X188.39 Y166.088 E419.67933
G1 X188.759 Y165.863 E419.70908
G1 X189.027 Y165.572 E419.73632
G1 X189.237 Y165.159 E419.76822
G1 X189.308 Y164.651 E419.80353
G1 X189.308 Y150.213 E420.79757
G0 F12000 X189.908 Y150.213
G1 F6000 X189.908 Y135.008 E421.84441
G1 X171.708 Y135.008 E423.09745
G1 X171.708 Y164.807 E425.14907
G1 X171.767 Y165.191 E425.17581
G1 X172.013 Y165.79 E425.2204
G1 X172.329 Y166.191 E425.25555
G1 X172.73 Y166.507 E425.2907
G1 X172.998 Y166.645 E425.31145
G1 X173.325 Y166.749 E425.33508
G1 X173.719 Y166.812 E425.36255
G1 X187.901 Y166.812 E426.33896
G1 X188.294 Y166.749 E426.36636
G1 X188.619 Y166.645 E426.38985
G1 X189.159 Y166.315 E426.43342
G1 X189.509 Y165.935 E426.46899
G1 X189.809 Y165.346 E426.5145
G1 X189.908 Y164.674 E426.56127
G1 X189.908 Y150.213 E427.55688
G1 F3600 E425.75688
G1 F600 Z1.9
G0 F12000 X180.903 Y158.022 Z1.9
G1 F600 Z0.9
G1 F3000 E427.55688
G1 F6000 X181.166 Y158.018 E427.57499
G1 X181.85 Y158.16 E427.62309
G1 X182.511 Y158.416 E427.67189
G1 X183.168 Y158.852 E427.72618
G1 X183.69 Y159.404 E427.77849
G1 X183.893 Y159.674 E427.80174
G1 X184.234 Y160.317 E427.85185
G1 X184.43 Y160.977 E427.89925
G1 X184.504 Y161.612 E427.94327
G1 X184.427 Y162.488 E428.00381
G1 X184.232 Y163.112 E428.04882
G1 X183.827 Y163.875 E428.1083
G1 X183.261 Y164.472 E428.16494
G1 X182.982 Y164.704 E428.18992
G1 F5863.2 X182.31 Y165.1 E428.24487
G1 F5504.6 X181.543 Y165.413 E428.30704
G1 F5217.4 X180.808 Y165.462 E428.36536
G1 F5056.2 X180.242 Y165.428 E428.41169
G1 F5357.1 X179.455 Y165.181 E428.47529
G1 F5901.6 X178.694 Y164.735 E428.53703
G1 F6000 X178.42 Y164.53 E428.56059
G1 X177.929 Y164.027 E428.60899
G1 X177.537 Y163.431 E428.6581
G1 X177.283 Y162.839 E428.70245
G1 X177.104 Y161.925 E428.76658
G1 X177.176 Y161.032 E428.82826
G1 X177.36 Y160.387 E428.87444
G1 X177.683 Y159.736 E428.92447
G1 X178.112 Y159.183 E428.97266
G1 X178.639 Y158.72 E429.02095
G1 X179.244 Y158.364 E429.06928
G1 X179.769 Y158.16 E429.10806
G1 X180.407 Y158.027 E429.15293
G1 X180.903 Y158.022 E429.18708
G0 F12000 X180.811 Y158.623
G1 F6000 X181.104 Y158.623 E429.20726
G1 X181.602 Y158.716 E429.24213
G1 X182.228 Y158.949 E429.28812
G1 X182.744 Y159.288 E429.33063
G1 X183.331 Y159.897 E429.38886
G1 X183.666 Y160.508 E429.43684
G1 X183.836 Y161.061 E429.47667
G1 X183.904 Y161.612 E429.51489
G1 X183.835 Y162.384 E429.56826
G1 X183.664 Y162.917 E429.60679
G1 X183.334 Y163.522 E429.65424
G1 X182.74 Y164.15 E429.71376
G1 X182.11 Y164.52 E429.76406
G1 X181.425 Y164.755 E429.81392
G1 X180.808 Y164.812 E429.85658
G1 X180.305 Y164.769 E429.89133
G1 X179.64 Y164.595 E429.93866
G1 X178.898 Y164.159 E429.99791
G1 X178.416 Y163.677 E430.04484
G1 X178.084 Y163.184 E430.08576
G1 X177.873 Y162.704 E430.12186
G1 X177.725 Y161.976 E430.17301
G1 X177.732 Y161.353 E430.21591
G1 X177.858 Y160.777 E430.2565
G1 X178.081 Y160.243 E430.29634
G1 X178.411 Y159.748 E430.3373
G1 X178.828 Y159.33 E430.37795
G1 X179.385 Y158.952 E430.4243
G1 X179.938 Y158.736 E430.46517
G1 X180.512 Y158.623 E430.50545
G1 X180.811 Y158.623 E430.52603
G0 F12000 X180.811 Y159.221
;TYPE:WALL-OUTER
G1 F6000 X181.048 Y159.221 E430.54235
G1 X181.54 Y159.321 E430.57692
G1 X181.978 Y159.503 E430.60957
G1 X182.363 Y159.752 E430.64114
G1 X182.843 Y160.256 E430.68906
G1 X183.097 Y160.7 E430.72428
G1 X183.242 Y161.145 E430.7565
G1 X183.304 Y161.612 E430.78893
G1 X183.244 Y162.28 E430.83511
G1 X183.072 Y162.775 E430.87119
G1 X182.844 Y163.168 E430.90247
G1 X182.39 Y163.647 E430.94791
G1 X181.914 Y163.952 E430.98683
G1 X181.276 Y164.168 E431.0332
G1 X180.808 Y164.212 E431.06557
G1 X180.308 Y164.161 E431.10017
G1 X179.84 Y164.016 E431.1339
G1 X179.269 Y163.681 E431.17948
G1 X178.941 Y163.37 E431.2106
G1 X178.63 Y162.936 E431.24736
G1 X178.445 Y162.523 E431.27852
G1 X178.316 Y161.872 E431.32421
G1 X178.34 Y161.323 E431.36204
G1 X178.44 Y160.923 E431.39043
G1 X178.659 Y160.433 E431.42738
G1 X178.899 Y160.097 E431.45581
G1 X179.241 Y159.766 E431.48858
G1 X179.642 Y159.503 E431.52159
G1 X180.133 Y159.305 E431.55804
G1 X180.568 Y159.221 E431.58855
G1 X180.811 Y159.221 E431.60528
G0 F12000 X181.011 Y159.221
G1 F3600 E429.80528
G1 F600 Z1.9
G0 F12000 X190.508 Y150.213 Z1.9
G1 F600 Z0.9
G1 F3000 E431.60528
G1 F6000 X190.508 Y134.408 E432.69343
G1 X171.108 Y134.408 E434.02909
G1 X171.108 Y164.853 E436.12518
G1 X171.181 Y165.33 E436.1584
G1 X171.318 Y165.752 E436.18895
G1 X171.506 Y166.116 E436.21716
G1 X171.902 Y166.618 E436.26118
G1 X172.404 Y167.014 E436.3052
G1 X172.768 Y167.201 E436.33337
G1 X173.186 Y167.335 E436.36359
G1 X173.672 Y167.412 E436.39747
G1 X187.948 Y167.412 E437.38035
G1 X188.434 Y167.335 E437.41423
G1 X188.849 Y167.201 E437.44425
G1 X189.215 Y167.015 E437.47252
G1 X189.559 Y166.766 E437.50176
G1 X189.991 Y166.298 E437.54561
G1 X190.212 Y165.934 E437.57493
G1 X190.381 Y165.534 E437.60482
G1 X190.474 Y165.141 E437.63263
G1 X190.508 Y164.696 E437.66335
G1 X190.508 Y150.213 E438.66049
G0 F12000 X190.508 Y150.013
G1 F3600 E436.86049
G1 F600 Z1.9
G0 F12000 X180.914 Y156.851 Z1.9
;TYPE:SKIN
G1 F600 Z0.9
G1 F3000 E438.66049
G1 F6000 X180.255 Y156.861 E438.70586
G1 X179.461 Y157.03 E438.76175
G1 X178.809 Y157.275 E438.80971
G1 X178.022 Y157.723 E438.87205
G1 X177.276 Y158.361 E438.93964
G1 X176.74 Y159.037 E438.99903
G1 X176.296 Y159.9 E439.06585
G1 X176.044 Y160.73 E439.12557
G1 X175.963 Y161.247 E439.1616
G1 X175.94 Y161.812 E439.20053
G1 X175.98 Y162.28 E439.23287
G1 X176.161 Y163.183 E439.29628
G1 X176.467 Y163.909 E439.35052
G1 X176.74 Y164.379 E439.38794
G1 X177.265 Y165.039 E439.446
G1 X173.867 Y165.039 E439.67995
G1 X173.682 Y164.995 E439.69304
G1 X173.523 Y164.834 E439.70862
G1 X173.476 Y164.653 E439.7215
G1 X173.476 Y136.776 E441.64079
G1 X188.136 Y136.776 E442.65011
G1 X188.136 Y164.594 E444.56533
G1 X188.081 Y164.856 E444.58376
G1 X187.915 Y165.003 E444.59903
G1 X187.754 Y165.04 E444.6104
G1 X184.333 Y165.04 E444.84593
G1 X184.539 Y164.823 E444.86653
G1 X184.888 Y164.361 E444.9064
G1 X185.32 Y163.529 E444.97094
G1 X185.592 Y162.636 E445.03521
G1 X185.675 Y161.649 E445.1034
G1 X185.591 Y160.825 E445.16043
G1 X185.345 Y159.956 E445.22261
G1 X184.907 Y159.094 E445.28918
G1 X184.56 Y158.627 E445.32924
G1 X183.945 Y157.97 E445.39119
G1 X183.235 Y157.493 E445.45008
G1 X182.843 Y157.289 E445.48051
G1 X182.152 Y157.03 E445.53132
G1 X181.28 Y156.845 E445.59269
G1 X180.914 Y156.851 E445.61789
G1 F3600 E443.81789
G1 F600 Z1.9
G0 F12000 X173.776 Y164.443 Z1.9
G1 F600 Z0.9
G1 F3000 E445.61789
G1 F6000 X174.073 Y164.739 E445.64676
G0 F12000 X174.921 Y164.739
G1 F6000 X173.776 Y163.594 E445.75824
G0 F12000 X173.776 Y162.746
G1 F6000 X175.77 Y164.739 E445.95234
G0 F12000 X176.618 Y164.739
G1 F6000 X173.776 Y161.897 E446.22906
G0 F12000 X173.776 Y161.049
G1 F6000 X175.845 Y163.118 E446.43051
G0 F12000 X175.664 Y162.087
G1 F6000 X173.776 Y160.2 E446.61429
G0 F12000 X173.776 Y159.351
G1 F6000 X175.665 Y161.24 E446.79821
G0 F12000 X175.794 Y160.52
G1 F6000 X173.776 Y158.503 E446.99465
G0 F12000 X173.776 Y157.654
G1 F6000 X175.988 Y159.866 E447.21003
G0 F12000 X176.266 Y159.296
G1 F6000 X173.776 Y156.806 E447.45247
G0 F12000 X173.776 Y155.957
G1 F6000 X176.579 Y158.76 E447.72539
G0 F12000 X176.953 Y158.286
G1 F6000 X173.776 Y155.109 E448.03472
G0 F12000 X173.776 Y154.26
G1 F6000 X177.383 Y157.867 E448.38592
G0 F12000 X177.844 Y157.479
G1 F6000 X173.776 Y153.412 E448.78196
G0 F12000 X173.776 Y152.563
G1 F6000 X178.382 Y157.169 E449.23043
G0 F12000 X178.961 Y156.899
G1 F6000 X173.776 Y151.715 E449.73522
G0 F12000 X173.776 Y150.866
G1 F6000 X179.604 Y156.693 E450.30263
G0 F12000 X180.32 Y156.561
G1 F6000 X173.776 Y150.018 E450.93975
G0 F12000 X173.776 Y149.169
G1 F6000 X181.156 Y156.548 E451.65826
G0 F12000 X182.187 Y156.731
G1 F6000 X173.776 Y148.321 E452.47716
G0 F12000 X173.776 Y147.472
G1 F6000 X183.846 Y157.541 E453.45759
G1 X183.952 Y157.647
G1 F3600 E451.65759
G1 F600 Z1.9
G0 F12000 X184.943 Y158.639 Z1.9
G1 F600 Z0.9
G1 F3000 E453.45759
G1 F6000 X187.836 Y161.531 E453.73923
G0 F12000 X187.836 Y160.683
G1 F6000 X173.776 Y146.624 E455.10815
G0 F12000 X173.776 Y145.775
G1 F6000 X187.836 Y159.834 E456.47707
G0 F12000 X187.836 Y158.986
G1 F6000 X173.776 Y144.926 E457.84605
G0 F12000 X173.776 Y144.078
G1 F6000 X187.836 Y158.137 E459.21497
G0 F12000 X187.836 Y157.289
G1 F6000 X173.776 Y143.229 E460.58394
G0 F12000 X173.776 Y142.381
G1 F6000 X187.836 Y156.44 E461.95286
G0 F12000 X187.836 Y155.592
G1 F6000 X173.776 Y141.532 E463.32184
G0 F12000 X173.776 Y140.684
G1 F6000 X187.836 Y154.743 E464.69076
G0 F12000 X187.836 Y153.895
G1 F6000 X173.776 Y139.835 E466.05973
G0 F12000 X173.776 Y138.987
G1 F6000 X187.836 Y153.046 E467.42866
G0 F12000 X187.836 Y152.198
G1 F6000 X173.776 Y138.138 E468.79763
G0 F12000 X173.776 Y137.29
G1 F6000 X187.836 Y151.349 E470.16655
G0 F12000 X187.836 Y150.501
G1 F6000 X174.411 Y137.076 E471.4737
G0 F12000 X175.26 Y137.076
G1 F6000 X187.836 Y149.652 E472.69818
G0 F12000 X187.836 Y148.804
G1 F6000 X176.108 Y137.076 E473.84009
G0 F12000 X176.957 Y137.076
G1 F6000 X187.836 Y147.955 E474.89934
G0 F12000 X187.836 Y147.106
G1 F6000 X177.806 Y137.076 E475.87593
G0 F12000 X178.654 Y137.076
G1 F6000 X187.836 Y146.258 E476.76995
G0 F12000 X187.836 Y145.409
G1 F6000 X179.503 Y137.076 E477.5813
G0 F12000 X180.351 Y137.076
G1 F6000 X187.836 Y144.561 E478.31009
G0 F12000 X187.836 Y143.712
G1 F6000 X181.2 Y137.076 E478.95621
G0 F12000 X182.048 Y137.076
G1 F6000 X187.836 Y142.864 E479.51977
G0 F12000 X187.836 Y142.015
G1 F6000 X182.897 Y137.076 E480.00066
G0 F12000 X183.745 Y137.076
G1 F6000 X187.836 Y141.167 E480.39899
G0 F12000 X187.836 Y140.318
G1 F6000 X184.594 Y137.076 E480.71465
G0 F12000 X185.442 Y137.076
G1 F6000 X187.836 Y139.47 E480.94775
G0 F12000 X187.836 Y138.621
G1 F6000 X186.291 Y137.076 E481.09818
G0 F12000 X187.139 Y137.076
G1 F6000 X187.836 Y137.773 E481.16604
G1 F3600 E479.36604
G1 F600 Z1.9
G0 F12000 X185.756 Y160.3 Z1.9
G1 F600 Z0.9
G1 F3000 E481.16604
G1 F6000 X187.836 Y162.38 E481.36856
G0 F12000 X187.836 Y163.229
G1 F6000 X185.944 Y161.336 E481.55283
G0 F12000 X185.934 Y162.175
G1 F6000 X187.836 Y164.077 E481.73802
G0 F12000 X187.65 Y164.74
G1 F6000 X185.821 Y162.911 E481.9161
G0 F12000 X185.627 Y163.565
G1 F6000 X186.801 Y164.74 E482.03046
G0 F12000 X185.953 Y164.74
G1 F6000 X185.346 Y164.133 E482.08956
G1 F3600 E480.28956
G1 F600 Z1.9
;MESH:NONMESH
G0 F12000 X191.246 Y133.1 Z1.9
;TIME_ELAPSED:180.545978
;LAYER:3
G0 X191.246 Y133.1 Z2.2
;TYPE:SUPPORT-INTERFACE
G1 F600 Z1
G1 F3000 E482.08956
G1 F8000 X190.963 Y132.785 E482.10414
G1 F6837.6 X190.784 Y132.676 E482.11258
G1 F5985 X170.824 Y132.676 E483.03101
G1 F6857.1 X170.652 Y132.78 E483.03909
G1 F8000 X170.383 Y133.07 E483.0527
G1 F3600 E481.2527
G1 F600 Z2.2
G0 F12000 X192 Y132.683 Z2.2
;TYPE:SUPPORT
G1 F600 Z1.2
G1 F3000 E483.0527
G1 F6000 X192.264 Y132.305 E483.08445
G1 X192.59 Y132.004 E483.115
G1 X193.168 Y131.717 E483.15943
G1 X193.729 Y131.615 E483.19868
G1 X194.133 Y131.615 E483.2265
G1 X193.725 Y131.648 E483.25468
G1 X193.284 Y131.744 E483.28575
G1 X192.862 Y131.931 E483.31753
G1 X192.488 Y132.195 E483.34905
G1 X192.175 Y132.527 E483.38046
G1 X192 Y132.81 E483.40337
G1 X192 Y132.683 E483.41212
G1 F3600 E481.61212
G1 F600 Z2.2
G0 F12000 X159.578 Y130.893 Z2.2
G1 F600 Z1.2
G1 F3000 E483.41212
G1 F6000 X159.048 Y130.478 E483.45846
G1 X158.512 Y129.794 E483.51829
G1 X159.049 Y130.477 E483.57811
G1 X159.578 Y130.893 E483.62444
G1 F3600 E481.82444
G1 F600 Z2.2
G0 F12000 X148 Y116.541 Z2.2
G1 F600 Z1.2
G1 F3000 E483.62444
G1 F6000 X147.666 Y116.153 E483.65969
G1 X147.29 Y115.818 E483.69436
G1 X146.545 Y115.391 E483.75348
G1 X146.545 Y113.03 E483.91603
G1 X147.418 Y112.505 E483.98617
G1 X148 Y111.899 E484.04401
G1 X148 Y116.541 E484.36361
G1 X148.061 Y116.613 E484.37011
G1 X148.912 Y116.613 E484.4287
G1 X148.91 Y111.813 E484.75917
G1 X152 Y111.813 E484.97191
G1 X152 Y110.901 E485.0347
G1 X152.311 Y110.567 E485.06612
G1 X152.569 Y110.432 E485.08617
G1 X153.042 Y110.315 E485.11972
G1 X155.621 Y110.315 E485.29728
G1 X156 Y110.413 E485.32423
G1 X156 Y111.813 E485.42061
G1 X203.011 Y111.813 E488.65725
G1 X203.842 Y111.691 E488.71508
G1 X204 Y111.618 E488.72706
G1 X204 Y111.813 E488.74049
G1 X211.765 Y111.813 E489.27509
G1 X211.048 Y111.735 E489.32475
G1 X210.535 Y111.599 E489.36129
G1 X210.126 Y111.388 E489.39297
G1 X209.813 Y111.153 E489.41992
G1 X209.313 Y110.584 E489.47207
G1 X209.004 Y110.414 E489.49635
G1 X208.621 Y110.315 E489.52359
G1 X208 Y110.315 E489.56634
G1 X208 Y111.813 E489.66948
G1 F3600 E487.86948
G1 F600 Z2.2
G0 F12000 X212 Y116.613 Z2.2
G1 F600 Z1.2
G1 F3000 E489.66948
G1 F6000 X213.578 Y116.613 E489.77812
G1 X213.576 Y111.813 E490.10859
G1 X212.71 Y111.813 E490.16822
G1 X212.712 Y116.613 E490.49869
G1 X208 Y116.613 E490.8231
G1 X208 Y118.111 E490.92624
G1 X206.119 Y118.111 E491.05574
G1 X205.58 Y118.177 E491.09313
G1 X205.148 Y118.314 E491.12433
G1 X204.746 Y118.536 E491.15595
G1 X204.396 Y118.837 E491.18773
G1 X204.113 Y119.198 E491.21931
G1 X203.909 Y119.608 E491.25084
G1 X203.797 Y119.988 E491.27812
G1 X203.711 Y120.759 E491.33153
G1 X203.711 Y116.765 E491.60651
G1 X203.756 Y116.648 E491.61514
G1 X204 Y116.613 E491.63211
G1 X204 Y119.426 E491.82578
G1 F3600 E490.02578
G1 F600 Z2.2
G0 F12000 X203.29 Y129.482 Z2.2
G1 F600 Z1.2
G1 F3000 E491.82578
G1 F6000 X203.531 Y128.9 E491.86915
G1 X203.29 Y129.482 E491.91252
G1 F3600 E490.11252
G1 F600 Z2.2
G0 F12000 X201.306 Y131.317 Z2.2
G1 F600 Z1.2
G1 F3000 E491.91252
G1 F6000 X201.847 Y131.043 E491.95427
G1 X202.053 Y130.893 E491.97182
G1 X201.85 Y131.04 E491.98907
G1 X201.306 Y131.317 E492.0311
G1 F3600 E490.2311
G1 F600 Z2.2
G0 F12000 X168 Y131.628 Z2.2
G1 F600 Z1.2
G1 F3000 E492.0311
G1 F6000 X168.473 Y131.722 E492.0643
G1 X168.748 Y131.835 E492.08477
G1 X169.153 Y132.106 E492.11832
G1 X169.485 Y132.46 E492.15174
G1 X169.803 Y133.07 E492.1991
G1 X169.894 Y133.568 E492.23395
G1 X169.762 Y133.084 E492.26849
G1 X169.545 Y132.669 E492.30074
G1 X169.259 Y132.318 E492.33191
G1 X168.895 Y132.02 E492.3643
G1 X168.345 Y131.753 E492.40639
G1 X167.907 Y131.655 E492.43729
G1 X167.489 Y131.619 E492.46617
G1 X161.572 Y131.613 E492.87355
G1 X160.901 Y131.51 E492.92029
G1 X160.605 Y131.413 E492.94174
G1 X160.902 Y131.51 E492.96325
G1 X161.572 Y131.613 E493.00992
G1 X164 Y131.616 E493.17708
G1 F3600 E491.37708
G1 F600 Z2.2
G0 F12000 X158.347 Y129.483 Z2.2
G1 F600 Z1.2
G1 F3000 E493.17708
G1 F6000 X158.2 Y129.187 E493.19983
G1 F3600 E491.39983
G1 F600 Z2.2
G0 F12000 X156 Y116.613 Z2.2
G1 F600 Z1.2
G1 F3000 E493.19983
G1 F6000 X156 Y118.175 E493.30738
G1 X156.601 Y118.375 E493.35099
G1 X156.993 Y118.619 E493.38277
G1 X157.327 Y118.934 E493.41438
G1 X157.594 Y119.31 E493.44613
G1 X157.78 Y119.736 E493.47814
G1 X157.874 Y120.169 E493.50864
G1 X157.911 Y120.614 E493.53939
G1 X157.911 Y116.771 E493.80397
G1 X157.875 Y116.659 E493.81207
G1 X157.737 Y116.613 E493.82209
G1 X150.097 Y116.613 E494.34809
G1 X150.883 Y116.767 E494.40323
G1 X151.262 Y116.923 E494.43145
G1 X151.777 Y117.258 E494.47375
G1 X152 Y117.504 E494.49661
G1 X152 Y116.613 E494.55795
G1 F3600 E492.75795
G1 F600 Z2.2
G0 F12000 X196 Y125.775 Z2.2
G1 F600 Z1.2
G1 F3000 E494.55795
G1 F6000 X195.839 Y125.813 E494.56934
G1 X194.4 Y125.813 E494.66841
G1 X194.846 Y125.776 E494.69923
G1 X195.432 Y125.628 E494.74084
G1 X195.842 Y125.415 E494.77265
G1 X196 Y125.286 E494.78669
G1 X196 Y125.775 E494.82036
G1 F3600 E493.02036
G1 F600 Z2.2
G0 F12000 X167.212 Y125.813 Z2.2
G1 F600 Z1.2
G1 F3000 E494.82036
G1 F6000 X165.783 Y125.813 E494.91874
G1 X165.384 Y125.717 E494.947
G1 X165.039 Y125.486 E494.97558
G1 X164.807 Y125.14 E495.00426
G1 X164.711 Y124.74 E495.03258
G1 X164.711 Y123.306 E495.13131
G1 X164.749 Y123.755 E495.16234
G1 X164.851 Y124.207 E495.19424
G1 X165.042 Y124.632 E495.22632
G1 X165.308 Y125.004 E495.2578
G1 X165.647 Y125.317 E495.28957
G1 X166.035 Y125.556 E495.32095
G1 X166.487 Y125.719 E495.35403
G1 X167.212 Y125.813 E495.40436
G1 F3600 E493.60436
G1 F600 Z2.2
G0 F12000 X168 Y117.613 Z2.2
G1 F600 Z1.2
G1 F3000 E495.40436
G1 F6000 X165.766 Y117.613 E495.55817
G1 X165.489 Y117.666 E495.57758
G1 X165.128 Y117.858 E495.60573
G1 X164.839 Y118.21 E495.63709
G1 X164.711 Y118.665 E495.66963
G1 X164.711 Y120.101 E495.7685
G1 X164.808 Y119.373 E495.81906
G1 X164.965 Y118.94 E495.85077
G1 X165.206 Y118.549 E495.8824
G1 X165.519 Y118.21 E495.91416
G1 X165.891 Y117.944 E495.94565
G1 X166.316 Y117.753 E495.97773
G1 X166.768 Y117.651 E496.00963
G1 X167.217 Y117.613 E496.04065
G1 X195.868 Y117.613 E498.01323
G1 X196.127 Y117.664 E498.03141
G1 X196.495 Y117.859 E498.06008
G1 X196.783 Y118.21 E498.09134
G1 X196.911 Y118.668 E498.12408
G1 X196.911 Y119.866 E498.20656
G1 X196.782 Y119.268 E498.24868
G1 X196.61 Y118.853 E498.27961
G1 X196.356 Y118.474 E498.31102
G1 X196 Y118.132 E498.34501
G1 X196 Y117.639 E498.37895
G1 F3600 E496.57895
G1 F600 Z2.2
G0 F12000 X196 Y112.56 Z2.2
;TYPE:SUPPORT-INTERFACE
G1 F600 Z1.2
G1 F3000 E498.37895
G1 F4000 X211.96 Y112.56 E499.47777
G1 X211.96 Y115.86 E499.70497
G1 X203.74 Y115.864 E500.27091
G1 X203.418 Y115.966 E500.29416
G1 X203.093 Y116.263 E500.32447
G1 X202.962 Y116.649 E500.35254
G1 X202.96 Y127.88 E501.12577
G1 X202.81 Y128.673 E501.18134
G1 X202.615 Y129.139 E501.21612
G1 X202.355 Y129.57 E501.25077
G1 X201.86 Y130.102 E501.3008
G1 X201.45 Y130.399 E501.33566
G1 X201.024 Y130.617 E501.36861
G1 X200.534 Y130.775 E501.40405
G1 X199.984 Y130.86 E501.44237
G1 X193.884 Y130.864 E501.86234
G1 X193.849 Y130.829 E501.86575
G1 X192.981 Y130.988 E501.92651
G1 X192.416 Y131.225 E501.96869
G1 X192.136 Y131.401 E501.99146
G1 X191.713 Y131.786 E502.03084
G1 X191.426 Y132.191 E502.06501
G1 X191.262 Y131.987 E502.08304
G1 X191.111 Y131.876 E502.09594
G1 X170.558 Y131.878 E503.51098
G1 X170.369 Y131.98 E503.52577
G1 X170.193 Y132.184 E503.54432
G1 X170.069 Y131.985 E503.56046
G1 X169.641 Y131.529 E503.60352
G1 X169.075 Y131.158 E503.65011
G1 X168.66 Y130.993 E503.68086
G1 X168.064 Y130.873 E503.72272
G1 X161.627 Y130.86 E504.16589
G1 X161.086 Y130.779 E504.20356
G1 X160.596 Y130.618 E504.23907
G1 X160.163 Y130.397 E504.27254
G1 X159.582 Y129.942 E504.32334
G1 X159.126 Y129.361 E504.37419
G1 X158.903 Y128.924 E504.40797
G1 X158.745 Y128.434 E504.44342
G1 X158.661 Y127.888 E504.48145
G1 X158.661 Y116.647 E505.25538
G1 X158.525 Y116.256 E505.28388
G1 X158.288 Y116.015 E505.30715
G1 X158.152 Y115.94 E505.31784
G1 X157.828 Y115.86 E505.34082
G1 X149.66 Y115.86 E505.90317
G1 X149.66 Y112.56 E506.13037
G1 X196 Y112.56 E509.32081
G0 F12000 X196 Y113.308
G1 F4000 X211.208 Y113.308 E510.36786
G1 X211.208 Y115.108 E510.49179
G1 X203.64 Y115.112 E511.01283
G1 X203.169 Y115.257 E511.04676
G1 X202.825 Y115.461 E511.0743
G1 X202.436 Y115.873 E511.11331
G1 X202.214 Y116.537 E511.16151
G1 X202.208 Y127.808 E511.9375
G1 X202.087 Y128.453 E511.98269
G1 X201.939 Y128.803 E512.00885
G1 X201.751 Y129.114 E512.03387
G1 X201.359 Y129.538 E512.07362
G1 X201.055 Y129.759 E512.0995
G1 X200.741 Y129.917 E512.1237
G1 X200.354 Y130.043 E512.15172
G1 X199.929 Y130.108 E512.18132
G1 X193.947 Y130.112 E512.59317
G1 X193.656 Y130.1 E512.61323
G1 X192.725 Y130.27 E512.67838
G1 X192.022 Y130.582 E512.73134
G1 X191.714 Y130.778 E512.75647
G1 X191.27 Y131.173 E512.79739
G1 X191.04 Y131.124 E512.81358
G1 X170.48 Y131.128 E514.2291
G1 X170.332 Y131.167 E514.23964
G1 X170.095 Y130.93 E514.26272
G1 X169.444 Y130.496 E514.31658
G1 X168.865 Y130.272 E514.35933
G1 X168.144 Y130.121 E514.41004
G1 X161.675 Y130.108 E514.85542
G1 X161.27 Y130.047 E514.88362
G1 X160.875 Y129.917 E514.91225
G1 X160.566 Y129.761 E514.93608
G1 X160.114 Y129.406 E514.97565
G1 X159.758 Y128.953 E515.01532
G1 X159.599 Y128.641 E515.03943
G1 X159.473 Y128.247 E515.06791
G1 X159.408 Y127.828 E515.0971
G1 X159.408 Y116.52 E515.87564
G1 X159.173 Y115.856 E515.92414
G1 X158.729 Y115.411 E515.96741
G1 X158.335 Y115.214 E515.99774
G1 X157.867 Y115.114 E516.03069
G1 X150.408 Y115.108 E516.54423
G1 X150.408 Y113.308 E516.66816
G1 X196 Y113.308 E519.8071
G0 F12000 X196 Y114.056
G1 F4000 X202.221 Y114.056 E520.23541
G1 F4270.5 X202.907 Y114.018 E520.27971
G1 F4918 X203.593 Y113.981 E520.31818
G1 F5333.3 X210.531 Y113.981 E520.67643
G1 X210.531 Y114.431 E520.69967
G1 F5309.7 X203.553 Y114.432 E521.06159
G1 F4780.9 X202.88 Y114.592 E521.10144
G1 F4173.9 X202.391 Y114.839 E521.13759
G1 F4000 X201.917 Y115.326 E521.18437
G1 X201.732 Y115.624 E521.20852
G1 X201.471 Y116.373 E521.26313
G1 X201.456 Y127.735 E522.04539
G1 X201.364 Y128.218 E522.07924
G1 X201.135 Y128.674 E522.11437
G1 X200.86 Y128.97 E522.14219
G1 X200.677 Y129.104 E522.1578
G1 X200.164 Y129.312 E522.19592
G1 X199.873 Y129.356 E522.21618
G1 X193.982 Y129.36 E522.62177
G1 X193.604 Y129.344 E522.64781
G1 X192.496 Y129.546 E522.72536
G1 X191.75 Y129.877 E522.78154
G1 X191.286 Y130.16 E522.81896
G1 X191.038 Y130.372 E522.84143
G1 X170.608 Y130.376 E524.248
G1 X169.792 Y129.824 E524.31583
G1 X169.077 Y129.548 E524.3686
G1 X168.225 Y129.37 E524.42852
G1 X161.723 Y129.356 E524.87617
G1 X161.46 Y129.316 E524.89449
G1 X160.956 Y129.113 E524.9319
G1 X160.646 Y128.87 E524.95902
G1 X160.399 Y128.556 E524.98652
G1 X160.203 Y128.059 E525.0233
G1 X160.156 Y127.771 E525.0434
G1 X160.156 Y116.389 E525.82703
G1 X159.895 Y115.651 E525.88092
G1 X159.709 Y115.328 E525.90658
G1 F4088.6 X159.124 Y114.768 E525.96113
G1 F4270.5 X158.568 Y114.529 E526.00016
G1 F4780.9 X157.859 Y114.433 E526.04137
G1 F5309.7 X151.081 Y114.431 E526.39292
G1 F5333.3 X151.081 Y113.981 E526.41616
G1 F5309.7 X157.901 Y113.983 E526.76988
G1 F4554.1 X159.242 Y114.056 E526.85109
G1 F4000 X196 Y114.056 E529.38183
G1 F3600 E527.58183
G1 F600 Z2.2
G0 F12000 X199.353 Y115.503 Z2.2
G1 F600 Z1.2
G1 F3000 E529.38183
G1 F4800 X200.229 Y115.503 E529.43209
G1 X200.035 Y116.071 E529.46652
G1 X200.003 Y116.311 E529.48041
G1 X199.353 Y115.503 E529.53991
G1 F3600 E527.73991
G1 F600 Z2.2
G0 F12000 X200.025 Y126.907 Z2.2
G1 F600 Z1.2
G1 F3000 E529.53991
G1 F5417.6 X200.031 Y127.583 E529.57428
G1 X199.953 Y127.832 E529.58754
G1 X199.777 Y127.931 E529.5978
G1 X199.286 Y127.931 E529.62276
G1 X199.883 Y127.201 E529.6707
G1 X200.025 Y126.907 E529.6873
G1 F3600 E527.8873
G1 F600 Z2.2
G0 F12000 X196.186 Y128.704 Z2.2
G1 F600 Z1.2
G1 F3000 E529.6873
G1 F5925.9 X194.018 Y128.706 E529.78805
G1 F6106.9 X193.565 Y128.696 E529.80848
G1 F3600 E528.00848
G1 F600 Z2.2
G0 F12000 X192.057 Y128.859 Z2.2
G1 F600 Z1.2
G1 F3000 E529.80848
G1 F3389.8 X191.416 Y129.144 E529.86547
G1 X190.828 Y129.497 E529.92119
G1 X190.739 Y129.566 E529.93034
G1 F3385 X170.852 Y129.569 E531.54827
G1 F3380.3 X170.168 Y129.108 E531.61547
G1 X169.531 Y128.86 E531.67116
G1 F3385 X192.057 Y128.859 E533.50378
G1 F3600 E531.70378
G1 F600 Z2.2
G0 F12000 X168.281 Y128.71 Z2.2
G1 F600 Z1.2
G1 F3000 E533.50378
G1 F5839.4 X165.406 Y128.704 E533.63937
G1 F3600 E531.83937
G1 F600 Z2.2
G0 F12000 X162.317 Y127.929 Z2.2
G1 F600 Z1.2
G1 F3000 E533.63937
G1 F5381.2 X161.832 Y127.929 E533.66419
G1 X161.634 Y127.81 E533.67602
G1 X161.576 Y127.667 E533.68391
G1 X161.575 Y126.93 E533.72163
G1 X162.072 Y127.655 E533.76662
G1 X162.317 Y127.929 E533.78543
G1 F3600 E531.98543
G1 F600 Z2.2
G0 F12000 X162.258 Y115.503 Z2.2
G1 F600 Z1.2
G1 F3000 E533.78543
G1 F4780.9 X161.756 Y116.122 E533.83133
G1 X161.603 Y116.419 E533.85058
G1 X161.599 Y116.123 E533.86763
G1 X161.379 Y115.503 E533.90553
G1 X162.258 Y115.503 E533.95616
G1 F3600 E532.15616
G1 F600 Z2.2
G0 F12000 X165.438 Y114.705 Z2.2
G1 F600 Z1.2
G1 F3000 E533.95616
G1 F5042 X164.574 Y114.828 E534.00383
G1 F4181.2 X163.761 Y115.139 E534.06116
G1 F4000 X162.992 Y115.712 E534.12719
G1 X162.335 Y116.528 E534.19931
G1 F3908.8 X161.886 Y117.433 E534.27049
G1 F3592.8 X161.658 Y118.293 E534.33869
G1 F3399.4 X161.656 Y125.109 E534.89086
G1 F3603.6 X161.892 Y125.936 E534.95659
G1 F3871 X162.148 Y126.577 E535.00569
G1 F3960.4 X162.624 Y127.27 E535.06415
G1 F4000 X163.094 Y127.785 E535.11216
G1 X163.945 Y128.364 E535.18302
G1 F4181.2 X164.55 Y128.575 E535.22523
G1 F5010.4 X165.406 Y128.704 E535.27281
G1 X164.539 Y128.633 E535.32062
G1 F4181.2 X163.924 Y128.605 E535.36117
G1 F4000 X161.702 Y128.604 E535.51415
G1 X161.334 Y128.457 E535.54143
G1 X161.055 Y128.175 E535.56874
G1 F3973.5 X160.904 Y127.796 E535.59702
G1 F3921.6 X160.912 Y126.16 E535.71191
G1 F3630.9 X160.956 Y125.169 E535.78715
G1 F3399.4 X160.958 Y118.218 E536.35026
G1 F3647.4 X160.908 Y117.13 E536.4325
G1 F3973.5 X160.903 Y116.249 E536.49356
G1 F4000 X160.595 Y115.383 E536.55684
G1 X160.278 Y114.804 E536.60229
G1 X163.727 Y114.804 E536.83974
G1 F4181.2 X164.564 Y114.778 E536.8949
G1 F5042 X165.438 Y114.705 E536.9428
G1 F5940.6 X196.221 Y114.707 E538.36984
G0 F12000 X196.434 Y114.739
G1 F5228.8 X196.221 Y114.707 E538.38119
G1 F5020.9 X197.12 Y114.779 E538.43065
G1 F4166.7 X197.894 Y114.804 E538.48184
G1 F4000 X201.375 Y114.804 E538.7215
G1 X201.255 Y114.941 E538.73404
G1 X201.02 Y115.376 E538.76808
G1 X200.717 Y116.264 E538.83268
G1 F3973.5 X200.711 Y116.499 E538.84897
G1 F3483.3 X200.63 Y117.611 E538.93712
G1 F3252 X200.66 Y118.484 E539.01109
G1 F3399.4 X200.654 Y125.17 E539.55273
G1 F3636.4 X200.698 Y126.193 E539.63028
G1 F3953.9 X200.704 Y127.663 E539.73267
G1 F4000 X200.644 Y127.972 E539.75434
G1 X200.518 Y128.227 E539.77392
G1 X200.278 Y128.455 E539.79672
G1 X199.912 Y128.604 E539.82392
G1 X197.74 Y128.605 E539.97346
G1 F4123.7 X197.155 Y128.625 E540.01255
G1 F4958.7 X196.186 Y128.704 E540.06655
G1 X197.142 Y128.561 E540.12023
G1 F4123.7 X197.685 Y128.343 E540.15931
G1 F3973.5 X198.547 Y127.779 E540.2307
G1 F3934.4 X199.333 Y126.817 E540.31766
G1 F3864.7 X199.736 Y125.927 E540.38727
G1 F3603.6 X199.953 Y125.109 E540.45195
G1 F3389.8 X199.952 Y118.43 E540.99456
G1 F3243.2 X199.865 Y117.669 E541.0596
G1 F3305.8 X199.412 Y116.688 E541.14962
G1 F3738.3 X198.619 Y115.711 E541.24231
G1 F4000 X197.853 Y115.14 E541.30809
G1 F4166.7 X197.108 Y114.84 E541.36118
G1 F4511.3 X196.434 Y114.739 E541.40278
G0 F12000 X196.517 Y115.449
G1 F4000 X196.122 Y115.356 E541.43072
G1 X165.504 Y115.36 E543.53872
G1 X164.839 Y115.506 E543.5856
G1 X164.138 Y115.797 E543.63785
G1 X163.514 Y116.261 E543.69139
G1 X162.971 Y116.933 E543.75087
G1 X162.621 Y117.652 E543.80593
G1 X162.462 Y118.388 E543.85777
G1 X162.46 Y125.016 E544.3141
G1 X162.636 Y125.754 E544.36633
G1 X162.816 Y126.226 E544.40111
G1 X163.269 Y126.874 E544.45554
G1 X163.614 Y127.232 E544.48978
G1 X164.262 Y127.676 E544.54386
G1 X164.768 Y127.885 E544.58155
G1 X165.506 Y128.056 E544.63371
G1 X196.116 Y128.052 E546.74116
G1 X196.916 Y127.869 E546.79766
G1 X197.365 Y127.664 E546.83164
G1 X198.043 Y127.211 E546.88778
G1 X198.69 Y126.421 E546.95808
G1 X199.006 Y125.689 E547.01298
G1 X199.153 Y125.02 E547.06014
G1 X199.153 Y118.543 E547.50607
G1 X199.048 Y117.842 E547.55487
G1 X198.753 Y117.063 E547.61222
G1 X198.097 Y116.261 E547.68355
G1 X197.479 Y115.796 E547.7368
G1 X196.884 Y115.536 E547.78151
G1 X196.517 Y115.449 E547.80747
G0 F12000 X196.338 Y116.178
G1 F4000 X196.034 Y116.108 E547.82895
G1 X165.584 Y116.112 E549.92539
G1 X165.014 Y116.239 E549.96559
G1 X164.517 Y116.454 E550.00288
G1 X164.038 Y116.81 E550.04396
G1 X163.603 Y117.341 E550.09122
G1 X163.337 Y117.897 E550.13366
G1 X163.214 Y118.469 E550.17394
G1 X163.212 Y124.928 E550.61863
G1 X163.38 Y125.623 E550.66786
G1 X163.504 Y125.898 E550.68863
G1 X163.856 Y126.41 E550.73141
G1 X164.067 Y126.629 E550.75234
G1 X164.667 Y127.039 E550.80238
G1 X164.948 Y127.157 E550.82336
G1 X165.598 Y127.308 E550.8693
G1 X196.032 Y127.304 E552.96464
G1 X196.724 Y127.14 E553.0136
G1 X196.992 Y127.017 E553.0339
G1 X197.533 Y126.652 E553.07883
G1 X198.045 Y126.025 E553.13457
G1 X198.277 Y125.51 E553.17346
G1 X198.404 Y124.944 E553.21339
G1 X198.409 Y118.604 E553.64989
G1 X198.325 Y118.063 E553.68759
G1 X198.082 Y117.423 E553.73472
G1 X197.578 Y116.81 E553.78935
G1 X197.096 Y116.45 E553.83077
G1 X196.6 Y116.239 E553.86788
G1 X196.338 Y116.178 E553.88641
G0 F12000 X196.159 Y116.906
G1 F4000 X195.973 Y116.866 E553.8995
G1 X165.664 Y116.864 E555.98623
G1 X165.307 Y116.933 E556.01127
G1 X164.963 Y117.071 E556.03678
G1 X164.619 Y117.292 E556.06494
G1 X164.187 Y117.816 E556.11169
G1 X164.049 Y118.155 E556.13689
G1 X163.965 Y118.558 E556.16523
G1 X163.964 Y124.848 E556.59829
G1 X164.105 Y125.445 E556.64052
G1 X164.5 Y126.025 E556.68884
G1 X165.077 Y126.416 E556.73682
G1 X165.689 Y126.56 E556.78011
G1 X195.944 Y126.556 E558.86312
G1 X196.541 Y126.417 E558.90532
G1 X197.105 Y126.039 E558.95207
G1 X197.419 Y125.61 E558.98867
G1 X197.565 Y125.28 E559.01351
G1 X197.656 Y124.864 E559.04283
G1 X197.655 Y118.563 E559.47665
G1 X197.571 Y118.155 E559.50533
G1 X197.427 Y117.813 E559.53087
G1 X197.032 Y117.329 E559.57389
G1 X196.703 Y117.094 E559.60172
G1 X196.373 Y116.953 E559.62643
G1 X196.159 Y116.906 E559.64151
G1 F3600 E557.84151
G1 F600 Z2.2
;MESH:LC-GR3005??????RFID?????????-WB.stl
G0 F12000 X180.714 Y157.421 Z2.2
;TYPE:WALL-INNER
G1 F600 Z1.2
G1 F3000 E559.64151
G1 F6000 X181.281 Y157.429 E559.68055
G1 X182.018 Y157.584 E559.73241
G1 X182.6 Y157.807 E559.77532
G1 X182.949 Y157.987 E559.80235
G1 X183.565 Y158.401 E559.85345
G1 X184.125 Y158.992 E559.90951
G1 X184.41 Y159.37 E559.9421
G1 X184.803 Y160.125 E560.0007
G1 X185.024 Y160.893 E560.05572
G1 X185.108 Y161.677 E560.11001
G1 X185.018 Y162.591 E560.17324
G1 X184.799 Y163.307 E560.22479
G1 X184.415 Y164.046 E560.28213
G1 X184.125 Y164.432 E560.31537
G1 X183.697 Y164.884 E560.35822
G1 X183.305 Y165.209 E560.39328
G1 X182.588 Y165.611 E560.44988
G1 X187.807 Y165.612 E560.8092
G1 X188.16 Y165.532 E560.83412
G1 X188.359 Y165.412 E560.85011
G1 X188.545 Y165.209 E560.86907
G1 X188.665 Y164.972 E560.88736
G1 X188.708 Y164.629 E560.91116
G1 X188.708 Y135.58 E562.91114
G1 X172.908 Y135.58 E563.99895
G1 X172.908 Y164.716 E566.00491
G1 X173.027 Y165.137 E566.03504
G1 X173.184 Y165.336 E566.05249
G1 X173.382 Y165.494 E566.06993
G1 X173.813 Y165.612 E566.10069
G1 X179.003 Y165.612 E566.45802
G1 X178.391 Y165.253 E566.50687
G1 X178.007 Y164.965 E566.53991
G1 X177.441 Y164.377 E566.5961
G1 X176.991 Y163.679 E566.65328
G1 X176.705 Y163.009 E566.70344
G1 X176.543 Y162.183 E566.76139
G1 X176.512 Y161.82 E566.78647
G1 X176.544 Y161.056 E566.83912
G1 X176.812 Y160.144 E566.90456
G1 X177.195 Y159.387 E566.96297
G1 X177.699 Y158.747 E567.01906
G1 X178.315 Y158.215 E567.0751
G1 X179.02 Y157.807 E567.13118
G1 X179.6 Y157.585 E567.17393
G1 X180.385 Y157.417 E567.2292
G1 X180.714 Y157.421 E567.25186
G1 F3600 E565.45186
G1 F600 Z2.2
G0 F12000 X189.308 Y150.213 Z2.2
G1 F600 Z1.2
G1 F3000 E567.25186
G1 F6000 X189.308 Y134.98 E568.30063
G1 X172.308 Y134.98 E569.47105
G1 X172.308 Y164.762 E571.5215
G1 X172.353 Y165.052 E571.5417
G1 X172.52 Y165.464 E571.57231
G1 X172.757 Y165.763 E571.59858
G1 X173.056 Y166 E571.62484
G1 X173.463 Y166.163 E571.65503
G1 X173.766 Y166.212 E571.67616
G1 X178.92 Y166.212 E572.03101
G1 F5438.1 X180.208 Y166.15 E572.12896
G1 F5056.2 X180.808 Y166.162 E572.17799
G1 F5013.9 X181.558 Y166.145 E572.2398
G1 F5278.6 X182.493 Y166.197 E572.31308
G1 F5863.2 X183 Y166.212 E572.34882
G1 F6000 X187.854 Y166.212 E572.68301
G1 X188.39 Y166.088 E572.72088
G1 X188.759 Y165.863 E572.75064
G1 X189.027 Y165.572 E572.77788
G1 X189.237 Y165.159 E572.80978
G1 X189.308 Y164.651 E572.84509
G1 X189.308 Y150.213 E573.83913
G0 F12000 X189.908 Y150.213
G1 F6000 X189.908 Y134.38 E574.9292
G1 X171.708 Y134.38 E576.18225
G1 X171.708 Y164.807 E578.2771
G1 X171.767 Y165.191 E578.30385
G1 X172.013 Y165.79 E578.34843
G1 X172.329 Y166.191 E578.38358
G1 X172.73 Y166.507 E578.41873
G1 X172.998 Y166.645 E578.43948
G1 X173.325 Y166.749 E578.46311
G1 X173.719 Y166.812 E578.49058
G1 X187.901 Y166.812 E579.46699
G1 X188.294 Y166.749 E579.49439
G1 X188.619 Y166.645 E579.51789
G1 X189.159 Y166.315 E579.56146
G1 X189.509 Y165.935 E579.59702
G1 X189.809 Y165.346 E579.64253
G1 X189.908 Y164.674 E579.6893
G1 X189.908 Y150.213 E580.68492
G1 F3600 E578.88492
G1 F600 Z2.2
G0 F12000 X180.903 Y158.022 Z2.2
G1 F600 Z1.2
G1 F3000 E580.68492
G1 F6000 X181.166 Y158.018 E580.70303
G1 X181.85 Y158.16 E580.75112
G1 X182.511 Y158.416 E580.79993
G1 X183.168 Y158.852 E580.85421
G1 X183.69 Y159.404 E580.90652
G1 X183.893 Y159.674 E580.92978
G1 X184.234 Y160.317 E580.97989
G1 X184.43 Y160.977 E581.02729
G1 X184.504 Y161.612 E581.0713
G1 X184.427 Y162.488 E581.13185
G1 X184.232 Y163.112 E581.17686
G1 X183.827 Y163.875 E581.23633
G1 X183.261 Y164.472 E581.29297
G1 X182.982 Y164.704 E581.31795
G1 F5863.2 X182.31 Y165.1 E581.3729
G1 F5504.6 X181.543 Y165.413 E581.43507
G1 F5217.4 X180.808 Y165.462 E581.4934
G1 F5056.2 X180.242 Y165.428 E581.53972
G1 F5357.1 X179.455 Y165.181 E581.60333
G1 F5901.6 X178.694 Y164.735 E581.66507
G1 F6000 X178.42 Y164.53 E581.68863
G1 X177.929 Y164.027 E581.73702
G1 X177.537 Y163.431 E581.78613
G1 X177.283 Y162.839 E581.83049
G1 X177.104 Y161.925 E581.89461
G1 X177.176 Y161.032 E581.95629
G1 X177.36 Y160.387 E582.00247
G1 X177.683 Y159.736 E582.0525
G1 X178.112 Y159.183 E582.10069
G1 X178.639 Y158.72 E582.14899
G1 X179.244 Y158.364 E582.19732
G1 X179.769 Y158.16 E582.23609
G1 X180.407 Y158.027 E582.28096
G1 X180.903 Y158.022 E582.31511
G0 F12000 X180.811 Y158.623
G1 F6000 X181.104 Y158.623 E582.33529
G1 X181.602 Y158.716 E582.37017
G1 X182.228 Y158.949 E582.41615
G1 X182.744 Y159.288 E582.45866
G1 X183.331 Y159.897 E582.5169
G1 X183.666 Y160.508 E582.56487
G1 X183.836 Y161.061 E582.6047
G1 X183.901 Y161.694 E582.64851
G1 X183.835 Y162.384 E582.69623
G1 X183.664 Y162.917 E582.73477
G1 X183.334 Y163.522 E582.78222
G1 X182.74 Y164.15 E582.84173
G1 X182.11 Y164.52 E582.89204
G1 X181.425 Y164.755 E582.9419
G1 X180.808 Y164.812 E582.98456
G1 X180.305 Y164.769 E583.01931
G1 X179.64 Y164.595 E583.06664
G1 X178.898 Y164.159 E583.12589
G1 X178.416 Y163.677 E583.17282
G1 X178.084 Y163.184 E583.21374
G1 X177.873 Y162.704 E583.24984
G1 X177.725 Y161.976 E583.30099
G1 X177.732 Y161.353 E583.34388
G1 X177.858 Y160.777 E583.38448
G1 X178.081 Y160.243 E583.42432
G1 X178.411 Y159.748 E583.46528
G1 X178.828 Y159.33 E583.50593
G1 X179.385 Y158.952 E583.55228
G1 X179.938 Y158.736 E583.59315
G1 X180.512 Y158.623 E583.63343
G1 X180.811 Y158.623 E583.65401
G0 F12000 X180.811 Y159.221
;TYPE:WALL-OUTER
G1 F6000 X181.048 Y159.221 E583.67033
G1 X181.54 Y159.321 E583.7049
G1 X181.978 Y159.503 E583.73755
G1 X182.363 Y159.752 E583.76912
G1 X182.843 Y160.256 E583.81704
G1 X183.097 Y160.7 E583.85225
G1 X183.242 Y161.145 E583.88448
G1 X183.307 Y161.601 E583.91619
G1 X183.244 Y162.28 E583.96314
G1 X183.096 Y162.722 E583.99523
G1 X182.845 Y163.166 E584.03035
G1 X182.39 Y163.647 E584.07593
G1 X181.914 Y163.952 E584.11485
G1 X181.276 Y164.168 E584.16123
G1 X180.808 Y164.212 E584.19359
G1 X180.308 Y164.161 E584.22819
G1 X179.84 Y164.016 E584.26193
G1 X179.269 Y163.681 E584.3075
G1 X178.941 Y163.37 E584.33862
G1 X178.63 Y162.936 E584.37538
G1 X178.445 Y162.523 E584.40654
G1 X178.316 Y161.872 E584.45223
G1 X178.34 Y161.323 E584.49007
G1 X178.44 Y160.923 E584.51845
G1 X178.659 Y160.433 E584.55541
G1 X178.899 Y160.097 E584.58383
G1 X179.241 Y159.766 E584.6166
G1 X179.642 Y159.503 E584.64962
G1 X180.133 Y159.305 E584.68607
G1 X180.568 Y159.221 E584.71657
G1 X180.811 Y159.221 E584.7333
G0 F12000 X181.011 Y159.221
G1 F3600 E582.9333
G1 F600 Z2.2
G0 F12000 X190.508 Y150.213 Z2.2
G1 F600 Z1.2
G1 F3000 E584.7333
G1 F6000 X190.508 Y133.78 E585.86469
G1 X171.108 Y133.78 E587.20035
G1 X171.108 Y164.853 E589.33968
G1 X171.181 Y165.33 E589.3729
G1 X171.318 Y165.752 E589.40345
G1 X171.506 Y166.116 E589.43165
G1 X171.902 Y166.618 E589.47567
G1 X172.404 Y167.014 E589.5197
G1 X172.768 Y167.201 E589.54787
G1 X173.186 Y167.335 E589.57809
G1 X173.672 Y167.412 E589.61197
G1 X187.948 Y167.412 E590.59485
G1 X188.434 Y167.335 E590.62873
G1 X188.849 Y167.201 E590.65875
G1 X189.215 Y167.015 E590.68702
G1 X189.559 Y166.766 E590.71626
G1 X189.991 Y166.298 E590.76011
G1 X190.212 Y165.934 E590.78942
G1 X190.381 Y165.534 E590.81932
G1 X190.474 Y165.141 E590.84712
G1 X190.508 Y164.696 E590.87785
G1 X190.508 Y150.213 E591.87498
G0 F12000 X190.508 Y150.013
G1 F3600 E590.07498
G1 F600 Z2.2
G0 F12000 X180.914 Y156.851 Z2.2
;TYPE:SKIN
G1 F600 Z1.2
G1 F3000 E591.87498
G1 F6000 X180.255 Y156.861 E591.92036
G1 X179.461 Y157.03 E591.97625
G1 X178.809 Y157.275 E592.0242
G1 X178.022 Y157.723 E592.08655
G1 X177.276 Y158.361 E592.15413
G1 X176.74 Y159.037 E592.21353
G1 X176.296 Y159.9 E592.28035
G1 X176.044 Y160.73 E592.34007
G1 X175.963 Y161.247 E592.3761
G1 X175.94 Y161.812 E592.41503
G1 X175.98 Y162.28 E592.44737
G1 X176.161 Y163.183 E592.51078
G1 X176.467 Y163.909 E592.56502
G1 X176.74 Y164.379 E592.60244
G1 X177.265 Y165.039 E592.6605
G1 X173.867 Y165.039 E592.89445
G1 X173.682 Y164.995 E592.90754
G1 X173.523 Y164.834 E592.92312
G1 X173.476 Y164.653 E592.936
G1 X173.476 Y136.148 E594.89852
G1 X188.136 Y136.148 E595.90784
G1 X188.136 Y164.594 E597.8663
G1 X188.081 Y164.856 E597.88474
G1 X187.915 Y165.003 E597.9
G1 X187.754 Y165.04 E597.91137
G1 X184.333 Y165.04 E598.14691
G1 X184.539 Y164.823 E598.16751
G1 X184.888 Y164.361 E598.20737
G1 X185.32 Y163.529 E598.27191
G1 X185.592 Y162.636 E598.33618
G1 X185.675 Y161.649 E598.40438
G1 X185.591 Y160.825 E598.4614
G1 X185.345 Y159.956 E598.52358
G1 X184.907 Y159.094 E598.59015
G1 X184.56 Y158.627 E598.63021
G1 X183.945 Y157.97 E598.69217
G1 X183.235 Y157.493 E598.75106
G1 X182.843 Y157.289 E598.78148
G1 X182.152 Y157.03 E598.83229
G1 X181.28 Y156.845 E598.89366
G1 X180.914 Y156.851 E598.91886
G1 F3600 E597.11886
G1 F600 Z2.2
G0 F12000 X187.836 Y164.303 Z2.2
G1 F600 Z1.2
G1 F3000 E598.91886
G1 F6000 X187.4 Y164.74 E598.96136
G0 F12000 X186.551 Y164.74
G1 F6000 X187.836 Y163.455 E599.08648
G0 F12000 X187.836 Y162.606
G1 F6000 X185.703 Y164.74 E599.29421
G0 F12000 X185.227 Y164.366
G1 F6000 X187.836 Y161.758 E599.54819
G0 F12000 X187.836 Y160.909
G1 F6000 X185.816 Y162.929 E599.74487
G0 F12000 X185.956 Y161.941
G1 F6000 X187.836 Y160.061 E599.92792
G0 F12000 X187.836 Y159.212
G1 F6000 X185.923 Y161.125 E600.11418
G0 F12000 X185.789 Y160.411
G1 F6000 X187.836 Y158.364 E600.31349
G0 F12000 X187.836 Y157.515
G1 F6000 X185.589 Y159.762 E600.53227
G0 F12000 X185.301 Y159.202
G1 F6000 X187.836 Y156.667 E600.7791
G0 F12000 X187.836 Y155.818
G1 F6000 X184.975 Y158.679 E601.05766
G0 F12000 X184.59 Y158.216
G1 F6000 X187.836 Y154.97 E601.37371
G0 F12000 X187.836 Y154.121
G1 F6000 X184.178 Y157.779 E601.72988
G0 F12000 X183.679 Y157.43
G1 F6000 X187.836 Y153.272 E602.13468
G0 F12000 X187.836 Y152.424
G1 F6000 X183.148 Y157.112 E602.59113
G0 F12000 X182.552 Y156.859
G1 F6000 X187.836 Y151.575 E603.10562
G0 F12000 X187.836 Y150.727
G1 F6000 X181.893 Y156.67 E603.68427
G0 F12000 X181.165 Y156.549
G1 F6000 X187.836 Y149.878 E604.3338
G0 F12000 X187.836 Y149.03
G1 F6000 X180.303 Y156.563 E605.06726
G0 F12000 X179.218 Y156.8
G1 F6000 X187.836 Y148.181 E605.90641
G0 F12000 X187.836 Y147.333
G1 F6000 X173.776 Y161.392 E607.27534
G0 F12000 X173.776 Y160.544
G1 F6000 X187.836 Y146.484 E608.64431
G0 F12000 X187.836 Y145.636
G1 F6000 X173.776 Y159.695 E610.01323
G0 F12000 X173.776 Y158.847
G1 F6000 X187.836 Y144.787 E611.38221
G0 F12000 X187.836 Y143.939
G1 F6000 X173.776 Y157.998 E612.75113
G0 F12000 X173.776 Y157.15
G1 F6000 X187.836 Y143.09 E614.1201
G0 F12000 X187.836 Y142.242
G1 F6000 X173.776 Y156.301 E615.48902
G0 F12000 X173.776 Y155.452
G1 F6000 X187.836 Y141.393 E616.85795
G0 F12000 X187.836 Y140.545
G1 F6000 X173.776 Y154.604 E618.22687
G0 F12000 X173.776 Y153.755
G1 F6000 X187.836 Y139.696 E619.5958
G0 F12000 X187.836 Y138.847
G1 F6000 X173.776 Y152.907 E620.96477
G0 F12000 X173.776 Y152.058
G1 F6000 X187.836 Y137.999 E622.33369
G0 F12000 X187.836 Y137.15
G1 F6000 X173.776 Y151.21 E623.70266
G0 F12000 X173.776 Y150.361
G1 F6000 X187.69 Y136.448 E625.05737
G0 F12000 X186.842 Y136.448
G1 F6000 X173.776 Y149.513 E626.32951
G0 F12000 X173.776 Y148.664
G1 F6000 X185.993 Y136.448 E627.51899
G0 F12000 X185.145 Y136.448
G1 F6000 X173.776 Y147.816 E628.6259
G0 F12000 X173.776 Y146.967
G1 F6000 X184.296 Y136.448 E629.65015
G0 F12000 X183.448 Y136.448
G1 F6000 X173.776 Y146.119 E630.59183
G0 F12000 X173.776 Y145.27
G1 F6000 X182.599 Y136.448 E631.45084
G0 F12000 X181.75 Y136.448
G1 F6000 X173.776 Y144.422 E632.22724
G0 F12000 X173.776 Y143.573
G1 F6000 X180.902 Y136.448 E632.92103
G0 F12000 X180.053 Y136.448
G1 F6000 X173.776 Y142.725 E633.5322
G0 F12000 X173.776 Y141.876
G1 F6000 X179.205 Y136.448 E634.06075
G0 F12000 X178.356 Y136.448
G1 F6000 X173.776 Y141.027 E634.50664
G0 F12000 X173.776 Y140.179
G1 F6000 X177.508 Y136.448 E634.86996
G0 F12000 X176.659 Y136.448
G1 F6000 X173.776 Y139.33 E635.15062
G0 F12000 X173.776 Y138.482
G1 F6000 X175.811 Y136.448 E635.34871
G0 F12000 X174.962 Y136.448
G1 F6000 X173.776 Y137.633 E635.46414
G0 F12000 X173.776 Y136.785
G1 F6000 X174.114 Y136.448 E635.497
G1 F3600 E633.697
G1 F600 Z2.2
G0 F12000 X175.918 Y160.1 Z2.2
G1 F600 Z1.2
G1 F3000 E635.497
G1 F6000 X173.776 Y162.241 E635.70551
G0 F12000 X173.776 Y163.089
G1 F6000 X175.667 Y161.199 E635.88958
G0 F12000 X175.66 Y162.054
G1 F6000 X173.776 Y163.938 E636.07302
G0 F12000 X173.837 Y164.725
G1 F6000 X175.777 Y162.786 E636.26187
G0 F12000 X175.952 Y163.459
G1 F6000 X174.672 Y164.74 E636.38654
G0 F12000 X175.52 Y164.74
G1 F6000 X176.205 Y164.054 E636.45329
G0 F12000 X176.524 Y164.585
G1 F6000 X176.369 Y164.74 E636.46838
G1 F3600 E634.66838
G1 F600 Z2.2
;MESH:NONMESH
G0 F12000 X191.352 Y132.336 Z2.2
;TIME_ELAPSED:236.717811
;LAYER:4
G0 X191.352 Y132.336 Z2.5
;TYPE:SUPPORT-INTERFACE
G1 F600 Z1.3
G1 F3000 E636.46838
G1 F6896.6 X191.089 Y131.989 E636.48577
G1 F6030.2 X170.534 Y131.985 E637.4245
G1 F6837.6 X170.261 Y132.338 E637.44248
G1 F3600 E635.64248
G1 F600 Z2.5
G0 F12000 X194.014 Y131.615 Z2.5
;TYPE:SUPPORT
G1 F600 Z1.5
G1 F3000 E637.44248
G1 F6000 X193.507 Y131.673 E637.47761
G1 X193.066 Y131.804 E637.50928
G1 X192.495 Y132.141 E637.55493
G1 X192.028 Y132.644 E637.60219
G1 X192.261 Y132.31 E637.63023
G1 X192.678 Y131.952 E637.66806
G1 X193.059 Y131.765 E637.69728
G1 X193.735 Y131.615 E637.74496
G1 X194.014 Y131.615 E637.76417
G1 F3600 E635.96417
G1 F600 Z2.5
G0 F12000 X159.578 Y130.893 Z2.5
G1 F600 Z1.5
G1 F3000 E637.76417
G1 F6000 X159.048 Y130.478 E637.81051
G1 X158.698 Y130.032 E637.84954
G1 X159.049 Y130.477 E637.88857
G1 X159.578 Y130.893 E637.9349
G1 F3600 E636.1349
G1 F600 Z2.5
G0 F12000 X148.046 Y116.579 Z2.5
G1 F600 Z1.5
G1 F3000 E637.9349
G2 X147.5010 Y115.9670 I-85.0312 J75.1736 E637.991320 F6000
G1 X147.001 Y115.617 E638.03334
G1 X146.545 Y115.413 E638.06773
G1 X146.545 Y113.027 E638.23201
G1 X147.126 Y112.723 E638.27715
G1 X147.631 Y112.344 E638.32062
G3 X148.0440 Y111.8400 I35.4505 J28.6285 E638.365480
G1 X148.046 Y116.579 E638.69176
G1 X148 Y116.527
G1 X148 Y111.893 E639.0108
G1 F3600 E637.2108
G1 F600 Z2.5
G0 F12000 X152 Y110.901 Z2.5
G1 F600 Z1.5
G1 F3000 E639.0108
G1 F6000 X152 Y111.813 E639.07359
G1 X150.094 Y111.813 E639.20482
G1 X150.611 Y111.753 E639.24065
G1 X151.05 Y111.617 E639.27229
G1 X151.501 Y111.361 E639.308
G1 X151.785 Y111.133 E639.33307
G1 X152.311 Y110.566 E639.38632
G1 X152.568 Y110.433 E639.40624
G1 X153.042 Y110.315 E639.43987
G1 X155.621 Y110.315 E639.61743
G1 X156 Y110.413 E639.64438
G1 X156 Y111.813 E639.74077
G1 X203.123 Y111.813 E642.98512
G1 X203.612 Y111.758 E643.019
G1 X204 Y111.641 E643.0469
G1 X204 Y111.813 E643.05874
G1 X211.622 Y111.813 E643.5835
G1 X210.778 Y111.695 E643.64218
G1 X210.331 Y111.52 E643.67523
G1 X209.946 Y111.273 E643.70672
G1 X209.311 Y110.583 E643.77128
G1 X209.004 Y110.414 E643.79541
G1 X208.621 Y110.315 E643.82264
G1 X208 Y110.315 E643.8654
G1 X208 Y111.813 E643.96853
G1 F3600 E642.16853
G1 F600 Z2.5
G0 F12000 X208 Y118.111 Z2.5
G1 F600 Z1.5
G1 F3000 E643.96853
G1 F6000 X208 Y116.615 E644.07153
G1 X211.477 Y116.614 E644.31092
G1 X210.988 Y116.67 E644.3448
G1 X210.556 Y116.8 E644.37586
G1 X210.154 Y117.014 E644.40722
G1 X209.823 Y117.285 E644.43667
G1 X209.287 Y117.873 E644.49145
G1 X208.988 Y118.018 E644.51433
G1 X208.584 Y118.111 E644.54287
G1 X205.903 Y118.111 E644.72745
G1 X205.352 Y118.225 E644.76619
G1 X204.937 Y118.4 E644.7972
G1 X204.551 Y118.666 E644.82948
G1 X204.238 Y118.991 E644.86054
G1 X203.985 Y119.384 E644.89272
G1 X203.82 Y119.813 E644.92437
G1 X203.711 Y120.622 E644.98057
G1 X203.711 Y116.766 E645.24605
G1 X203.743 Y116.668 E645.25314
G1 X203.853 Y116.618 E645.26146
G1 X204 Y116.617 E645.27158
G1 X204 Y119.361 E645.4605
G1 F3600 E643.6605
G1 F600 Z2.5
G0 F12000 X203.289 Y129.483 Z2.5
G1 F600 Z1.5
G1 F3000 E645.4605
G1 F6000 X203.536 Y128.871 E645.50594
G1 X203.289 Y129.483 E645.55138
G1 F3600 E643.75138
G1 F600 Z2.5
G0 F12000 X201.496 Y131.221 Z2.5
G1 F600 Z1.5
G1 F3000 E645.55138
G1 F6000 X201.989 Y130.94 E645.59045
G1 X201.496 Y131.221 E645.62952
G1 F3600 E643.82952
G1 F600 Z2.5
G0 F12000 X168 Y131.628 Z2.5
G1 F600 Z1.5
G1 F3000 E645.62952
G1 F6000 X168.428 Y131.713 E645.65956
G1 X168.772 Y131.853 E645.68513
G1 X169.154 Y132.107 E645.71671
G1 X169.485 Y132.46 E645.75003
G1 X169.592 Y132.644 E645.76468
G1 X169.231 Y132.245 E645.80173
G1 X168.751 Y131.903 E645.84231
G1 X168.156 Y131.685 E645.88594
G1 X167.616 Y131.619 E645.92339
G1 X161.572 Y131.613 E646.33951
G1 X160.901 Y131.51 E646.38625
G1 X160.605 Y131.413 E646.40769
G1 X160.902 Y131.51 E646.42921
G1 X161.572 Y131.613 E646.47588
G1 X164 Y131.616 E646.64304
G1 F3600 E644.84304
G1 F600 Z2.5
G0 F12000 X156 Y116.613 Z2.5
G1 F600 Z1.5
G1 F3000 E646.64304
G1 F6000 X156 Y118.174 E646.75051
G1 X156.442 Y118.287 E646.78192
G1 X156.856 Y118.501 E646.81401
G1 X157.215 Y118.792 E646.84583
G1 X157.505 Y119.142 E646.87712
G1 X157.723 Y119.552 E646.90909
G1 X157.851 Y119.978 E646.93971
G1 X157.911 Y120.494 E646.97548
G1 X157.911 Y116.789 E647.23056
G1 X157.873 Y116.66 E647.23982
G1 X157.737 Y116.613 E647.24973
G1 X150.087 Y116.613 E647.77642
G1 X150.664 Y116.687 E647.81647
G1 X151.275 Y116.912 E647.8613
G1 X151.852 Y117.34 E647.91076
G1 X152 Y117.504 E647.92597
G1 X152 Y116.613 E647.98731
G1 F3600 E646.18731
G1 F600 Z2.5
G0 F12000 X196 Y125.766 Z2.5
G1 F600 Z1.5
G1 F3000 E647.98731
G1 F6000 X195.835 Y125.813 E647.99912
G1 X194.522 Y125.813 E648.08952
G1 X195.039 Y125.753 E648.12536
G1 X195.476 Y125.621 E648.15679
G1 X195.879 Y125.404 E648.1883
G1 X196 Y125.303 E648.19915
G1 X196 Y125.766 E648.23103
G1 F3600 E646.43103
G1 F600 Z2.5
G0 F12000 X167.109 Y125.813 Z2.5
G1 F600 Z1.5
G1 F3000 E648.23103
G1 F6000 X165.783 Y125.813 E648.32232
G1 X165.412 Y125.724 E648.34859
G1 X165.09 Y125.525 E648.37465
G1 X164.847 Y125.211 E648.40198
G1 X164.711 Y124.737 E648.43593
G1 X164.711 Y123.422 E648.52647
G1 X164.772 Y123.948 E648.56293
G1 X164.906 Y124.383 E648.59427
G1 X165.124 Y124.783 E648.62563
G1 X165.42 Y125.139 E648.6575
G1 X165.782 Y125.427 E648.68935
G1 X166.188 Y125.634 E648.72073
G1 X166.665 Y125.767 E648.75482
G1 X167.109 Y125.813 E648.78556
G1 F3600 E646.98556
G1 F600 Z2.5
G0 F12000 X168 Y117.613 Z2.5
G1 F600 Z1.5
G1 F3000 E648.78556
G1 F6000 X165.867 Y117.613 E648.93241
G1 X165.485 Y117.672 E648.95902
G1 X165.127 Y117.864 E648.98699
G1 X164.907 Y118.108 E649.00961
G1 X164.802 Y118.307 E649.0251
G1 X164.711 Y118.684 E649.0518
G1 X164.711 Y120.007 E649.14289
G1 X164.755 Y119.572 E649.17299
G1 X164.889 Y119.091 E649.20737
G1 X165.096 Y118.684 E649.2388
G1 X165.384 Y118.322 E649.27065
G1 X165.74 Y118.026 E649.30253
G1 X166.14 Y117.808 E649.33389
G1 X166.575 Y117.674 E649.36523
G1 X167.1 Y117.613 E649.40162
G1 X195.868 Y117.613 E651.38225
G1 X196.127 Y117.664 E651.40043
G1 X196.498 Y117.861 E651.42935
G1 X196.652 Y118.014 E651.44429
G1 X196.85 Y118.383 E651.47312
G1 X196.911 Y118.777 E651.50057
G1 X196.911 Y119.877 E651.57631
G1 X196.865 Y119.551 E651.59897
G1 X196.714 Y119.038 E651.63579
G1 X196.491 Y118.631 E651.66774
G1 X196.193 Y118.277 E651.6996
G1 X196 Y118.125 E651.71651
G1 X196 Y117.639 E651.74998
G1 F3600 E649.94998
G1 F600 Z2.5
G0 F12000 X196 Y112.56 Z2.5
;TYPE:SUPPORT-INTERFACE
G1 F600 Z1.5
G1 F3000 E651.74998
G1 F4000 X212.824 Y112.56 E652.90828
G1 X212.827 Y115.86 E653.13548
G1 X203.724 Y115.872 E653.76221
G1 X203.336 Y116.019 E653.79078
G1 X203.102 Y116.243 E653.81308
G1 X202.96 Y116.639 E653.84204
G1 X202.96 Y128.04 E654.62698
G1 X202.813 Y128.659 E654.67079
G1 X202.615 Y129.139 E654.70653
G1 X202.347 Y129.577 E654.74189
G1 X201.859 Y130.102 E654.79124
G1 X201.446 Y130.403 E654.82642
G1 X201.025 Y130.617 E654.85894
G1 X200.534 Y130.775 E654.89445
G1 X199.984 Y130.86 E654.93276
G1 X193.632 Y130.868 E655.37009
G1 X192.794 Y131.055 E655.4292
G1 F4332.1 X192.313 Y131.291 E655.46326
G1 F5172.4 X191.969 Y131.801 E655.49602
G1 F4979.3 X191.887 Y131.483 E655.51418
G1 F4395.6 X191.668 Y131.482 E655.5279
G1 F4188.5 X191.54 Y131.245 E655.54561
G1 F4000 X191.423 Y131.192 E655.55446
G1 X170.204 Y131.188 E657.01535
G1 X170.028 Y131.288 E657.02929
G1 X169.926 Y131.448 E657.04235
G1 X169.724 Y131.45 E657.05626
G1 X169.601 Y131.5 E657.0654
G1 X169.117 Y131.184 E657.1052
G1 X168.692 Y131.006 E657.13692
G1 X167.875 Y130.841 E657.19431
G1 X167.846 Y130.868 E657.19703
G1 X161.627 Y130.859 E657.6252
G1 X161.086 Y130.779 E657.66285
G1 X160.596 Y130.618 E657.69836
G1 X160.163 Y130.397 E657.73183
G1 X159.582 Y129.942 E657.78264
G1 X159.126 Y129.361 E657.83349
G1 X158.902 Y128.924 E657.8673
G1 X158.741 Y128.434 E657.90281
G1 X158.66 Y127.889 E657.94075
G1 X158.647 Y116.622 E658.71646
G1 X158.525 Y116.252 E658.74328
G1 X158.279 Y116.01 E658.76704
G1 X157.829 Y115.86 E658.7997
G1 X148.796 Y115.86 E659.42161
G1 X148.793 Y112.56 E659.64881
G1 X196 Y112.56 E662.89894
G0 F12000 X196 Y113.308
G1 F4000 X212.072 Y113.308 E664.00547
G1 X212.075 Y115.108 E664.1294
G1 X203.628 Y115.12 E664.71096
G1 X203.206 Y115.244 E664.74125
G1 X202.896 Y115.41 E664.76546
G1 X202.463 Y115.826 E664.8068
G1 X202.213 Y116.496 E664.85603
G1 X202.208 Y127.953 E665.64483
G1 X202.101 Y128.414 E665.67741
G1 X201.94 Y128.794 E665.70583
G1 X201.739 Y129.122 E665.73231
G1 X201.354 Y129.539 E665.77139
G1 X201.05 Y129.763 E665.79738
G1 X200.741 Y129.917 E665.82115
G1 X200.354 Y130.043 E665.84917
G1 X199.929 Y130.108 E665.87878
G1 X193.548 Y130.116 E666.3181
G1 X192.567 Y130.329 E666.38721
G1 X191.961 Y130.626 E666.43368
G1 X191.562 Y130.44 E666.46398
G1 X170.104 Y130.436 E667.94133
G1 X169.754 Y130.558 E667.96685
G1 X169.643 Y130.635 E667.97615
G1 X169.441 Y130.507 E667.99262
G1 X168.909 Y130.283 E668.03236
G1 X168.081 Y130.117 E668.0905
G1 X161.675 Y130.108 E668.53155
G1 X161.27 Y130.047 E668.55974
G1 X160.875 Y129.917 E668.58837
G1 X160.566 Y129.761 E668.61221
G1 X160.115 Y129.406 E668.65172
G1 X159.758 Y128.949 E668.69165
G1 X159.594 Y128.63 E668.71634
G1 X159.469 Y128.261 E668.74317
G1 X159.408 Y127.845 E668.77211
G1 X159.397 Y116.544 E669.55017
G1 X159.198 Y115.923 E669.59507
G1 X158.787 Y115.458 E669.63779
G1 X158.416 Y115.24 E669.66742
G1 X157.865 Y115.114 E669.70633
G1 X149.544 Y115.108 E670.27922
G1 X149.541 Y113.308 E670.40315
G1 X196 Y113.308 E673.60178
G0 F12000 X196 Y114.054
G1 F4020.1 X202.353 Y114.054 E674.03699
G1 F4528.3 X203.449 Y113.987 E674.10377
G1 F5251.6 X211.396 Y113.981 E674.52051
G1 F5333.3 X211.398 Y114.431 E674.54374
G1 F5286.3 X203.54 Y114.438 E674.95311
G1 F4809.6 X202.94 Y114.575 E674.98835
G1 F4217.9 X202.488 Y114.773 E675.02057
G1 F4006.7 X201.972 Y115.251 E675.06891
G1 F4000 X201.739 Y115.606 E675.09815
G1 X201.456 Y116.366 E675.15398
G1 X201.456 Y127.869 E675.94595
G1 X201.387 Y128.164 E675.9668
G1 X201.127 Y128.678 E676.00646
G1 X200.851 Y128.974 E676.03433
G1 X200.668 Y129.107 E676.0499
G1 X200.164 Y129.312 E676.08736
G1 X199.873 Y129.356 E676.10762
G1 X193.468 Y129.364 E676.5486
G1 X192.352 Y129.606 E676.62722
G1 X191.949 Y129.794 E676.65784
G1 X191.682 Y129.688 E676.67762
G1 X169.996 Y129.684 E678.17066
G1 X169.675 Y129.791 E678.19396
G1 X169.062 Y129.541 E678.23954
G1 X168.158 Y129.365 E678.30295
G1 X161.723 Y129.356 E678.74599
G1 X161.46 Y129.316 E678.7643
G1 X160.956 Y129.113 E678.80171
G1 X160.647 Y128.87 E678.82877
G1 X160.406 Y128.559 E678.85586
G1 X160.195 Y128.062 E678.89304
G1 X160.156 Y127.801 E678.91121
G1 X160.141 Y116.42 E679.69477
G1 X159.906 Y115.676 E679.74849
G1 X159.698 Y115.311 E679.77741
G1 X159.111 Y114.76 E679.83284
G1 F4181.2 X158.56 Y114.525 E679.8723
G1 F4790.4 X157.858 Y114.433 E679.913
G1 F5309.7 X150.216 Y114.431 E680.30936
G1 F5333.3 X150.214 Y113.981 E680.33259
G1 F5309.7 X157.899 Y113.983 E680.73118
G1 F4554.1 X159.233 Y114.056 E680.81197
G1 F4006.7 X196 Y114.054 E683.33911
G1 F3600 E681.53911
G1 F600 Z2.5
G0 F12000 X199.336 Y115.494 Z2.5
G1 F600 Z1.5
G1 F3000 E683.33911
G1 F4888 X200.232 Y115.493 E683.38959
G1 X200.042 Y116.011 E683.42067
G1 X199.988 Y116.406 E683.44314
G1 X199.676 Y115.875 E683.47783
G1 X199.336 Y115.494 E683.5066
G1 F3600 E681.7066
G1 F600 Z2.5
G0 F12000 X191.797 Y132.041 Z2.5
G1 F600 Z1.5
G1 F3000 E683.5066
G1 F8000 X191.862 Y131.936 E683.51086
G1 F3600 E681.71086
G1 F600 Z2.5
G0 F12000 X200.026 Y126.902 Z2.5
G1 F600 Z1.5
G1 F3000 E683.51086
G1 F5381.2 X200.029 Y127.665 E683.5499
G1 X199.958 Y127.824 E683.55882
G1 X199.772 Y127.929 E683.56975
G1 X199.299 Y127.929 E683.59395
G1 X199.892 Y127.179 E683.64289
G1 X200.026 Y126.902 E683.65863
G1 F3600 E681.85863
G1 F600 Z2.5
G0 F12000 X196.198 Y128.704 Z2.5
G1 F600 Z1.5
G1 F3000 E683.65863
G1 F5896.8 X193.401 Y128.707 E683.78926
G1 F6060.6 X192.157 Y128.992 E683.84725
G1 F6233.8 X191.926 Y129.096 E683.85844
G1 F6282.7 X191.819 Y129.059 E683.86341
G1 F6383 X180.867 Y129.053 E684.33593
G1 F6521.7 X169.915 Y129.048 E684.7984
G1 F6349.2 X169.696 Y129.101 E684.80817
G1 F6153.8 X169.232 Y128.918 E684.8305
G1 F6000 X168.211 Y128.708 E684.87834
G1 F6015 X169.704 Y128.7 E684.9467
G1 F6349.2 X169.885 Y128.686 E684.95457
G1 F6557.4 X191.752 Y128.687 E685.87293
G1 F6383 X191.92 Y128.696 E685.88019
G1 F6060.6 X193.401 Y128.707 E685.94749
G1 F3600 E684.14749
G1 F600 Z2.5
G0 F12000 X168.211 Y128.708 Z2.5
G1 F600 Z1.5
G1 F3000 E685.94749
G1 F5896.8 X165.406 Y128.702 E686.07849
G1 F3600 E684.27849
G1 F600 Z2.5
G0 F12000 X162.312 Y127.93 Z2.5
G1 F600 Z1.5
G1 F3000 E686.07849
G1 F5417.6 X161.832 Y127.931 E686.10289
G1 X161.699 Y127.877 E686.11019
G1 F5442.2 X161.571 Y127.678 E686.12216
G1 F5467 X161.571 Y126.863 E686.16321
G1 F5442.2 X162.084 Y127.693 E686.21259
G1 F5417.6 X162.312 Y127.93 E686.22931
G1 F3600 E684.42931
G1 F600 Z2.5
G0 F12000 X162.259 Y115.503 Z2.5
G1 F600 Z1.5
G1 F3000 E686.22931
G1 F4790.4 X161.8 Y116.039 E686.26988
G1 X161.587 Y116.473 E686.29767
G1 X161.575 Y116.134 E686.31717
G1 X161.369 Y115.502 E686.35538
G1 X162.259 Y115.503 E686.40655
G1 F3600 E684.60655
G1 F600 Z2.5
G0 F12000 X164.524 Y114.788 Z2.5
G1 F600 Z1.5
G1 F3000 E686.40655
G1 F4054.1 X163.489 Y115.327 E686.48582
G1 F4000 X162.981 Y115.751 E686.53137
G1 X162.392 Y116.428 E686.59316
G1 F3947.4 X161.914 Y117.399 E686.66866
G1 F3603.6 X161.654 Y118.377 E686.746
G1 F3370.8 X161.655 Y125.13 E687.29772
G1 F3524.2 X162.049 Y126.366 E687.39909
G1 F3827.8 X162.625 Y127.294 E687.47768
G1 F4000 X163.282 Y127.956 E687.54189
G1 F4347.8 X164.263 Y128.531 E687.61391
G1 F5286.3 X165.406 Y128.702 E687.67412
G1 X164.808 Y128.653 E687.70538
G1 F4347.8 X164.21 Y128.605 E687.74338
G1 F4000 X161.702 Y128.604 E687.91605
G1 X161.337 Y128.457 E687.94314
G1 X161.053 Y128.17 E687.97094
G1 X160.904 Y127.818 E687.99726
G1 X160.902 Y126.471 E688.09
G1 F3669.7 X160.954 Y125.191 E688.18613
G1 F3370.8 X160.947 Y118.302 E688.74897
G1 F3647.4 X160.889 Y117.086 E688.84088
G1 F4000 X160.883 Y116.262 E688.89762
G1 X160.618 Y115.435 E688.95741
G1 X160.273 Y114.803 E689.00698
G1 X163.357 Y114.803 E689.21931
G1 F4054.1 X164.524 Y114.788 E689.29859
G0 F12000 X164.555 Y114.788
G1 F4938.3 X165.596 Y114.705 E689.35683
G1 F5911.3 X196.223 Y114.705 E690.78366
G0 F12000 X196.449 Y114.74
G1 F5263.2 X196.223 Y114.705 E690.79563
G1 F5042 X197.061 Y114.772 E690.84154
G1 F4195.8 X197.798 Y114.801 E690.88996
G1 F4000 X201.349 Y114.8 E691.13444
G1 X201.038 Y115.331 E691.1768
G1 F3883.5 X200.708 Y116.222 E691.24418
G1 F3418.8 X200.62 Y117.608 E691.35605
G1 F3252 X200.651 Y118.378 E691.42131
G1 F3399.4 X200.652 Y125.177 E691.97211
G1 F3636.4 X200.697 Y126.202 E692.04981
G1 F3953.9 X200.704 Y127.785 E692.16007
G1 F4000 X200.512 Y128.229 E692.19338
G1 X200.27 Y128.455 E692.21617
G1 X199.912 Y128.604 E692.24287
G1 F4013.4 X197.376 Y128.607 E692.41689
G1 F4363.6 X196.787 Y128.656 E692.45419
G1 F5286.3 X196.198 Y128.704 E692.48498
G1 X196.795 Y128.596 E692.51658
G1 F4355.7 X197.393 Y128.488 E692.555
G1 F4000 X197.984 Y128.164 E692.60141
G1 F3973.5 X198.651 Y127.666 E692.6591
G1 F3934.4 X199.33 Y126.807 E692.73574
G1 F3864.7 X199.731 Y125.933 E692.80426
G1 F3603.6 X199.952 Y125.117 E692.86887
G1 F3399.4 X199.949 Y118.435 E693.41019
G1 F3252 X199.856 Y117.67 E693.47545
G1 F3278.7 X199.694 Y117.247 E693.51349
G1 F3703.7 X199.314 Y116.648 E693.56624
G1 F4000 X199.101 Y116.268 E693.59623
G1 X198.491 Y115.596 E693.65872
G1 X197.765 Y115.1 E693.71925
G1 F4195.8 X197.049 Y114.833 E693.76941
G1 F4580.2 X196.449 Y114.74 E693.80592
G0 F12000 X196.516 Y115.449
G1 F4000 X196.122 Y115.356 E693.83379
G1 X165.648 Y115.359 E695.93188
G1 X164.753 Y115.503 E695.99429
G1 X163.914 Y115.955 E696.0599
G1 X163.545 Y116.252 E696.09251
G1 X163.036 Y116.828 E696.14544
G1 X162.646 Y117.611 E696.20566
G1 X162.462 Y118.469 E696.26608
G1 X162.46 Y125.033 E696.718
G1 X162.744 Y126.062 E696.79149
G1 X163.205 Y126.808 E696.85187
G1 X163.748 Y127.358 E696.90508
G1 X164.555 Y127.835 E696.96962
G1 X165.505 Y128.056 E697.03677
G1 X196.124 Y128.052 E699.14484
G1 X197.087 Y127.794 E699.21348
G1 X197.538 Y127.561 E699.24843
G1 X198.127 Y127.122 E699.29901
G1 X198.686 Y126.414 E699.36112
G1 X198.986 Y125.748 E699.41141
G1 X199.156 Y125.011 E699.46348
G1 X199.149 Y118.512 E699.91093
G1 X199.037 Y117.816 E699.95946
G1 X198.954 Y117.55 E699.97865
G1 X198.488 Y116.701 E700.04533
G1 X197.998 Y116.167 E700.09522
G1 X197.377 Y115.755 E700.14653
G1 X196.83 Y115.523 E700.18744
G1 X196.516 Y115.449 E700.20965
G0 F12000 X196.35 Y116.183
G1 F4000 X196.035 Y116.108 E700.23194
G1 X165.716 Y116.111 E702.31936
G1 X164.999 Y116.227 E702.36937
G1 X164.334 Y116.583 E702.4213
G1 X164.107 Y116.755 E702.44091
G1 X163.645 Y117.277 E702.4889
G1 X163.361 Y117.86 E702.53355
G1 X163.214 Y118.549 E702.58205
G1 X163.212 Y124.941 E703.02213
G1 X163.442 Y125.761 E703.08077
G1 X163.794 Y126.336 E703.12718
G1 X164.214 Y126.759 E703.16822
G1 X164.84 Y127.131 E703.21836
G1 X165.597 Y127.308 E703.27188
G1 X196.036 Y127.304 E705.36756
G1 X196.816 Y127.09 E705.42325
G1 X197.089 Y126.962 E705.44401
G1 X197.603 Y126.582 E705.48802
G1 X198.041 Y126.027 E705.53669
G1 X198.27 Y125.543 E705.57356
G1 X198.404 Y124.944 E705.61582
G1 X198.401 Y118.581 E706.0539
G1 X198.293 Y117.898 E706.10151
G1 X197.872 Y117.134 E706.16156
G1 X197.526 Y116.765 E706.19639
G1 X197.122 Y116.471 E706.23079
G1 X196.654 Y116.257 E706.26622
G1 X196.35 Y116.183 E706.28776
G0 F12000 X196.159 Y116.906
G1 F4000 X195.973 Y116.866 E706.30086
G1 X165.783 Y116.863 E708.3794
G1 X165.199 Y116.974 E708.42032
G1 X164.653 Y117.262 E708.46282
G1 X164.282 Y117.682 E708.50141
G1 X164.093 Y118.035 E708.52897
G1 X163.96 Y118.591 E708.56833
G1 X163.964 Y124.848 E708.99912
G1 X164.147 Y125.495 E709.04541
G1 X164.457 Y125.958 E709.08377
G1 X164.754 Y126.219 E709.111
G1 X165.129 Y126.426 E709.14049
G1 X165.692 Y126.56 E709.18033
G1 X195.944 Y126.556 E711.26313
G1 X196.657 Y126.358 E711.31408
G1 X197.102 Y126.019 E711.3526
G1 X197.418 Y125.61 E711.38818
G1 X197.565 Y125.28 E711.41305
G1 X197.656 Y124.864 E711.44237
G1 X197.657 Y118.69 E711.86744
G1 X197.573 Y118.142 E711.90561
G1 X197.259 Y117.569 E711.9506
G1 X196.997 Y117.299 E711.9765
G1 X196.705 Y117.095 E712.00102
G1 X196.373 Y116.953 E712.02588
G1 X196.159 Y116.906 E712.04097
G1 F3600 E710.24097
G1 F600 Z2.5
;MESH:LC-GR3005??????RFID?????????-WB.stl
G0 F12000 X180.923 Y157.421 Z2.5
;TYPE:WALL-INNER
G1 F600 Z1.5
G1 F3000 E712.04097
G1 F6000 X181.22 Y157.416 E712.06142
G1 X182.018 Y157.584 E712.11756
G1 X182.6 Y157.807 E712.16047
G1 X182.949 Y157.987 E712.18751
G1 X183.568 Y158.401 E712.23878
G1 X184.126 Y158.991 E712.29469
G1 X184.41 Y159.37 E712.3273
G1 X184.803 Y160.126 E712.38596
G1 X185.024 Y160.893 E712.44092
G1 X185.11 Y161.663 E712.49426
G1 X185.019 Y162.592 E712.55852
G1 X184.799 Y163.307 E712.61003
G1 X184.415 Y164.046 E712.66737
G1 X184.125 Y164.432 E712.70061
G1 X183.697 Y164.884 E712.74346
G1 X183.305 Y165.209 E712.77852
G1 X182.588 Y165.611 E712.83512
G1 X187.807 Y165.612 E713.19444
G1 X188.16 Y165.532 E713.21936
G1 X188.359 Y165.412 E713.23535
G1 X188.545 Y165.209 E713.25431
G1 X188.665 Y164.972 E713.2726
G1 X188.708 Y164.629 E713.2964
G1 X188.715 Y134.888 E715.34402
G1 X172.905 Y134.888 E716.43252
G1 X172.908 Y164.716 E718.48613
G1 X173.027 Y165.137 E718.51625
G1 X173.184 Y165.336 E718.5337
G1 X173.382 Y165.494 E718.55114
G1 X173.813 Y165.612 E718.58191
G1 X179.003 Y165.612 E718.93923
G1 X178.391 Y165.253 E718.98808
G1 X178.007 Y164.965 E719.02113
G1 X177.441 Y164.377 E719.07732
G1 X176.991 Y163.679 E719.1345
G1 X176.705 Y163.009 E719.18465
G1 X176.543 Y162.183 E719.2426
G1 X176.512 Y161.821 E719.26762
G1 X176.544 Y161.056 E719.32033
G1 X176.812 Y160.144 E719.38578
G1 X177.195 Y159.387 E719.44419
G1 X177.699 Y158.747 E719.50027
G1 X178.315 Y158.215 E719.55631
G1 X179.02 Y157.807 E719.61239
G1 X179.6 Y157.585 E719.65515
G1 X180.322 Y157.43 E719.70599
G1 X180.923 Y157.421 E719.74737
G1 F3600 E717.94737
G1 F600 Z2.5
G0 F12000 X189.311 Y150.215 Z2.5
G1 F600 Z1.5
G1 F3000 E719.74737
G1 F6000 X189.315 Y134.288 E720.84392
G1 X172.305 Y134.288 E722.01504
G1 X172.308 Y164.762 E724.11312
G1 X172.353 Y165.052 E724.13333
G1 X172.52 Y165.464 E724.16394
G1 X172.757 Y165.763 E724.1902
G1 X173.056 Y166 E724.21647
G1 X173.463 Y166.163 E724.24666
G1 X173.766 Y166.212 E724.26779
G1 X178.92 Y166.212 E724.62263
G1 F5438.1 X180.208 Y166.15 E724.72059
G1 F5056.2 X180.808 Y166.162 E724.76962
G1 F5013.9 X181.558 Y166.145 E724.83143
G1 F5278.6 X182.493 Y166.197 E724.90471
G1 F5863.2 X183 Y166.212 E724.94045
G1 F6000 X187.854 Y166.212 E725.27464
G1 X188.39 Y166.088 E725.31251
G1 X188.759 Y165.863 E725.34227
G1 X189.027 Y165.572 E725.36951
G1 X189.237 Y165.159 E725.40141
G1 X189.308 Y164.651 E725.43672
G1 X189.311 Y150.215 E726.43062
G0 F12000 X189.911 Y150.216
G1 F6000 X189.915 Y133.688 E727.56854
G1 X171.705 Y133.688 E728.82228
G1 X171.708 Y164.807 E730.96477
G1 X171.767 Y165.191 E730.99152
G1 X172.013 Y165.79 E731.0361
G1 X172.329 Y166.191 E731.07125
G1 X172.73 Y166.507 E731.1064
G1 X172.998 Y166.645 E731.12716
G1 X173.325 Y166.749 E731.15078
G1 X173.719 Y166.812 E731.17825
G1 X187.901 Y166.812 E732.15466
G1 X188.294 Y166.749 E732.18206
G1 X188.619 Y166.645 E732.20556
G1 X189.159 Y166.315 E732.24913
G1 X189.509 Y165.935 E732.2847
G1 X189.809 Y165.346 E732.33021
G1 X189.908 Y164.674 E732.37697
G1 X189.911 Y150.216 E733.37238
G1 F3600 E731.57238
G1 F600 Z2.5
G0 F12000 X180.913 Y158.021 Z2.5
G1 F600 Z1.5
G1 F3000 E733.37238
G1 F6000 X181.166 Y158.017 E733.3898
G1 X181.85 Y158.16 E733.43791
G1 X182.511 Y158.416 E733.48672
G1 X183.168 Y158.852 E733.541
G1 X183.69 Y159.404 E733.59331
G1 X183.893 Y159.674 E733.61657
G1 X184.234 Y160.317 E733.66668
G1 X184.43 Y160.977 E733.71408
G1 X184.505 Y161.613 E733.75817
G1 X184.427 Y162.488 E733.81865
G1 X184.232 Y163.112 E733.86366
G1 X183.827 Y163.875 E733.92313
G1 X183.261 Y164.472 E733.97977
G1 X182.982 Y164.704 E734.00476
G1 F5863.2 X182.31 Y165.1 E734.05971
G1 F5504.6 X181.543 Y165.413 E734.12188
G1 F5217.4 X180.808 Y165.462 E734.1802
G1 F5056.2 X180.242 Y165.428 E734.22653
G1 F5357.1 X179.455 Y165.181 E734.29013
G1 F5901.6 X178.694 Y164.735 E734.35187
G1 F6000 X178.42 Y164.53 E734.37543
G1 X177.929 Y164.027 E734.42383
G1 X177.537 Y163.431 E734.47294
G1 X177.283 Y162.839 E734.51729
G1 X177.104 Y161.925 E734.58141
G1 X177.176 Y161.032 E734.6431
G1 X177.36 Y160.388 E734.68921
G1 X177.532 Y160 E734.71843
G1 X177.923 Y159.399 E734.76779
G1 X178.519 Y158.79 E734.82646
G1 X179.244 Y158.364 E734.88435
G1 X179.769 Y158.16 E734.92313
G1 X180.406 Y158.027 E734.96793
G1 X180.913 Y158.021 E735.00284
G0 F12000 X180.811 Y158.623
G1 F6000 X181.104 Y158.623 E735.02302
G1 X181.602 Y158.716 E735.05789
G1 X182.224 Y158.947 E735.10358
G1 X182.744 Y159.288 E735.14639
G1 X183.331 Y159.897 E735.20462
G1 X183.665 Y160.508 E735.25257
G1 X183.836 Y161.061 E735.29242
G1 X183.905 Y161.613 E735.33072
G1 X183.836 Y162.384 E735.38401
G1 X183.664 Y162.917 E735.42257
G1 X183.334 Y163.522 E735.47002
G1 X182.74 Y164.15 E735.52953
G1 X182.11 Y164.52 E735.57983
G1 X181.425 Y164.755 E735.62969
G1 X180.808 Y164.812 E735.67235
G1 X180.305 Y164.769 E735.70711
G1 X179.64 Y164.595 E735.75444
G1 X178.898 Y164.159 E735.81369
G1 X178.416 Y163.677 E735.86062
G1 X178.084 Y163.184 E735.90154
G1 X177.873 Y162.704 E735.93764
G1 X177.725 Y161.976 E735.98879
G1 X177.732 Y161.353 E736.03168
G1 X177.858 Y160.777 E736.07228
G1 X178.081 Y160.243 E736.11212
G1 X178.411 Y159.748 E736.15308
G1 X178.889 Y159.27 E736.19962
G1 X179.468 Y158.92 E736.2462
G1 X179.938 Y158.736 E736.28095
G1 X180.511 Y158.623 E736.32116
G1 X180.811 Y158.623 E736.34181
G0 F12000 X180.85 Y159.22
;TYPE:WALL-OUTER
G1 F6000 X181.02 Y159.219 E736.35352
G1 X181.486 Y159.305 E736.38614
G1 X181.928 Y159.477 E736.4188
G1 X182.363 Y159.752 E736.45423
G1 X182.843 Y160.256 E736.50215
G1 X183.097 Y160.7 E736.53737
G1 X183.242 Y161.145 E736.56959
G1 X183.305 Y161.613 E736.6021
G1 X183.244 Y162.28 E736.64821
G1 X183.072 Y162.775 E736.68429
G1 X182.844 Y163.168 E736.71557
G1 X182.39 Y163.647 E736.76101
G1 X181.914 Y163.952 E736.79993
G1 X181.276 Y164.168 E736.84631
G1 X180.808 Y164.212 E736.87867
G1 X180.308 Y164.161 E736.91327
G1 X179.84 Y164.016 E736.94701
G1 X179.269 Y163.681 E736.99258
G1 X178.941 Y163.37 E737.0237
G1 X178.63 Y162.936 E737.06046
G1 X178.445 Y162.523 E737.09162
G1 X178.316 Y161.872 E737.13731
G1 X178.34 Y161.323 E737.17515
G1 X178.44 Y160.923 E737.20353
G1 X178.659 Y160.433 E737.24049
G1 X178.899 Y160.097 E737.26891
G1 X179.241 Y159.766 E737.30168
G1 X179.642 Y159.503 E737.3347
G1 X180.133 Y159.305 E737.37115
G1 X180.567 Y159.221 E737.40158
G1 X180.85 Y159.22 E737.42107
G0 F12000 X181.02 Y159.219
G0 X181.049 Y159.224
G1 F3600 E735.62107
G1 F600 Z2.5
G0 F12000 X190.513 Y150.217 Z2.5
G1 F600 Z1.5
G1 F3000 E737.42107
G1 F6000 X190.52 Y133.469 E738.57414
G1 X190.591 Y133.089 E738.60076
G1 X171.025 Y133.088 E739.94785
G1 X171.104 Y133.54 E739.97944
G1 X171.108 Y164.853 E742.13529
G1 X171.181 Y165.33 E742.16851
G1 X171.318 Y165.752 E742.19906
G1 X171.506 Y166.116 E742.22727
G1 X171.902 Y166.618 E742.27129
G1 X172.404 Y167.014 E742.31531
G1 X172.768 Y167.201 E742.34348
G1 X173.186 Y167.335 E742.3737
G1 X173.672 Y167.412 E742.40758
G1 X187.948 Y167.412 E743.39046
G1 X188.434 Y167.335 E743.42434
G1 X188.849 Y167.201 E743.45436
G1 X189.215 Y167.015 E743.48263
G1 X189.559 Y166.766 E743.51187
G1 X189.991 Y166.298 E743.55572
G1 X190.212 Y165.934 E743.58504
G1 X190.381 Y165.534 E743.61493
G1 X190.474 Y165.141 E743.64274
G1 X190.508 Y164.696 E743.67346
G1 X190.513 Y150.217 E744.67032
G0 F12000 X190.513 Y150.017
G1 F3600 E742.87032
G1 F600 Z2.5
G0 F12000 X180.914 Y156.851 Z2.5
;TYPE:SKIN
G1 F600 Z1.5
G1 F3000 E744.67032
G1 F6000 X180.25 Y156.861 E744.71604
G1 X179.46 Y157.03 E744.77166
G1 X178.773 Y157.289 E744.82221
G1 X178.373 Y157.497 E744.85325
G1 X177.603 Y158.052 E744.9186
G1 X176.995 Y158.688 E744.97918
G1 X176.457 Y159.526 E745.04774
G1 X176.289 Y159.906 E745.07634
G1 X176.044 Y160.731 E745.1356
G1 X175.963 Y161.247 E745.17156
G1 X175.94 Y161.812 E745.21049
G1 X175.98 Y162.28 E745.24283
G1 X176.162 Y163.18 E745.30605
G1 X176.467 Y163.908 E745.36039
G1 X176.74 Y164.379 E745.39787
G1 X177.265 Y165.039 E745.45593
G1 X173.867 Y165.039 E745.68988
G1 X173.682 Y164.995 E745.70297
G1 X173.523 Y164.834 E745.71855
G1 X173.476 Y164.653 E745.73143
G1 X173.473 Y135.456 E747.74159
G1 X188.143 Y135.456 E748.7516
G1 X188.136 Y164.594 E750.75771
G1 X188.081 Y164.856 E750.77614
G1 X187.915 Y165.003 E750.79141
G1 X187.754 Y165.04 E750.80278
G1 X184.333 Y165.04 E751.03831
G1 X184.539 Y164.823 E751.05891
G1 X184.888 Y164.361 E751.09877
G1 X185.32 Y163.529 E751.16332
G1 X185.581 Y162.684 E751.22421
G1 X185.681 Y161.672 E751.29422
G1 X185.591 Y160.823 E751.353
G1 X185.324 Y159.907 E751.41869
G1 X184.908 Y159.091 E751.48175
G1 X184.556 Y158.618 E751.52234
G1 X183.958 Y157.988 E751.58215
G1 X183.265 Y157.511 E751.64007
G1 X182.843 Y157.289 E751.6729
G1 X182.152 Y157.03 E751.7237
G1 X181.28 Y156.845 E751.78508
G1 X180.914 Y156.851 E751.81028
G1 F3600 E750.01028
G1 F600 Z2.5
G0 F12000 X173.776 Y164.442 Z2.5
G1 F600 Z1.5
G1 F3000 E751.81028
G1 F6000 X174.073 Y164.739 E751.8392
G0 F12000 X174.921 Y164.739
G1 F6000 X173.776 Y163.593 E751.95073
G0 F12000 X173.776 Y162.745
G1 F6000 X175.77 Y164.739 E752.14488
G0 F12000 X176.618 Y164.739
G1 F6000 X173.776 Y161.896 E752.42164
G0 F12000 X173.776 Y161.048
G1 F6000 X175.838 Y163.11 E752.62241
G0 F12000 X175.664 Y162.087
G1 F6000 X173.776 Y160.199 E752.80624
G0 F12000 X173.776 Y159.351
G1 F6000 X175.665 Y161.24 E752.99016
G0 F12000 X175.795 Y160.521
G1 F6000 X173.775 Y158.502 E753.1868
G0 F12000 X173.775 Y157.653
G1 F6000 X175.99 Y159.868 E753.40246
G0 F12000 X176.253 Y159.283
G1 F6000 X173.775 Y156.804 E753.64379
G0 F12000 X173.775 Y155.956
G1 F6000 X176.584 Y158.765 E753.91729
G0 F12000 X176.959 Y158.292
G1 F6000 X173.775 Y155.107 E754.22735
G0 F12000 X173.775 Y154.259
G1 F6000 X177.374 Y157.858 E754.57777
G0 F12000 X177.86 Y157.495
G1 F6000 X173.775 Y153.41 E754.97551
G0 F12000 X173.774 Y152.561
G1 F6000 X178.373 Y157.16 E755.4233
G0 F12000 X178.96 Y156.898
G1 F6000 X173.774 Y151.713 E755.9282
G0 F12000 X173.774 Y150.864
G1 F6000 X179.603 Y156.693 E756.49575
G0 F12000 X180.319 Y156.561
G1 F6000 X173.774 Y150.016 E757.13301
G0 F12000 X173.774 Y149.167
G1 F6000 X181.156 Y156.548 E757.85172
G0 F12000 X182.187 Y156.731
G1 F6000 X173.774 Y148.318 E758.67086
G0 F12000 X173.774 Y147.47
G1 F6000 X183.849 Y157.545 E759.65183
G1 X183.955 Y157.651
G1 F3600 E757.85183
G1 F600 Z2.5
G0 F12000 X184.962 Y158.658 Z2.5
G1 F600 Z1.5
G1 F3000 E759.65183
G1 F6000 X187.837 Y161.533 E759.93176
G0 F12000 X187.837 Y162.381
G1 F6000 X185.756 Y160.3 E760.13438
G0 F12000 X185.946 Y161.338
G1 F6000 X187.837 Y163.229 E760.3185
G0 F12000 X187.837 Y164.078
G1 F6000 X185.932 Y162.173 E760.50398
G0 F12000 X185.823 Y162.913
G1 F6000 X187.65 Y164.74 E760.68187
G0 F12000 X186.801 Y164.74
G1 F6000 X185.627 Y163.565 E760.79623
G0 F12000 X185.346 Y164.133
G1 F6000 X185.953 Y164.74 E760.85533
G1 F3600 E759.05533
G1 F600 Z2.5
G0 F12000 X187.837 Y160.684 Z2.5
G1 F600 Z1.5
G1 F3000 E760.85533
G1 F6000 X173.774 Y146.621 E762.22459
G0 F12000 X173.774 Y145.772
G1 F6000 X187.837 Y159.836 E763.59391
G0 F12000 X187.837 Y158.987
G1 F6000 X173.774 Y144.924 E764.96317
G0 F12000 X173.774 Y144.075
G1 F6000 X187.838 Y158.139 E766.33253
G0 F12000 X187.838 Y157.291
G1 F6000 X173.774 Y143.227 E767.70189
G0 F12000 X173.774 Y142.378
G1 F6000 X187.838 Y156.442 E769.07126
G0 F12000 X187.839 Y155.595
G1 F6000 X173.774 Y141.53 E770.44072
G0 F12000 X173.773 Y140.68
G1 F6000 X187.839 Y154.746 E771.81027
G0 F12000 X187.839 Y153.898
G1 F6000 X173.773 Y139.832 E773.17983
G0 F12000 X173.773 Y138.983
G1 F6000 X187.839 Y153.05 E774.54943
G0 F12000 X187.839 Y152.201
G1 F6000 X173.773 Y138.135 E775.91899
G0 F12000 X173.773 Y137.286
G1 F6000 X187.839 Y151.353 E777.2886
G0 F12000 X187.839 Y150.504
G1 F6000 X173.773 Y136.438 E778.65815
G0 F12000 X173.94 Y135.756
G1 F6000 X187.84 Y149.656 E780.01155
G0 F12000 X187.84 Y148.808
G1 F6000 X174.788 Y135.756 E781.28237
G0 F12000 X175.637 Y135.756
G1 F6000 X187.84 Y147.959 E782.47054
G0 F12000 X187.841 Y147.111
G1 F6000 X176.485 Y135.756 E783.57618
G0 F12000 X177.334 Y135.756
G1 F6000 X187.841 Y146.263 E784.59921
G0 F12000 X187.841 Y145.414
G1 F6000 X178.182 Y135.756 E785.53962
G0 F12000 X179.031 Y135.756
G1 F6000 X187.841 Y144.566 E786.39742
G0 F12000 X187.842 Y143.718
G1 F6000 X179.879 Y135.756 E787.1727
G0 F12000 X180.728 Y135.756
G1 F6000 X187.842 Y142.87 E787.86537
G0 F12000 X187.842 Y142.021
G1 F6000 X181.577 Y135.756 E788.47537
G0 F12000 X182.425 Y135.756
G1 F6000 X187.842 Y141.173 E789.0028
G0 F12000 X187.842 Y140.325
G1 F6000 X183.274 Y135.756 E789.44762
G0 F12000 X184.122 Y135.756
G1 F6000 X187.842 Y139.476 E789.80982
G0 F12000 X187.843 Y138.628
G1 F6000 X184.971 Y135.756 E790.08946
G0 F12000 X185.819 Y135.756
G1 F6000 X187.843 Y137.78 E790.28653
G0 F12000 X187.843 Y136.931
G1 F6000 X186.668 Y135.756 E790.40094
G0 F12000 X187.516 Y135.756
G1 F6000 X187.843 Y136.083 E790.43277
G1 F3600 E788.63277
G1 F600 Z2.5
;MESH:NONMESH
G0 F12000 X191.658 Y131.499 Z2.5
;TIME_ELAPSED:292.724894
;LAYER:5
G0 X191.658 Y131.499 Z2.8
;TYPE:SUPPORT-INTERFACE
G1 F600 Z1.6
G1 F3000 E790.43277
G1 F4800 X191.591 Y131.37 E790.44111
G1 F5429.9 X191.368 Y131.304 E790.45291
G1 F6366 X171.113 Y131.295 E791.32914
G1 F3600 E789.52914
G1 F600 Z2.8
G0 F12000 X169.665 Y131.382 Z2.8
G1 F600 Z1.6
G1 F3000 E791.32914
G1 F7476.6 X169.851 Y131.265 E791.33723
G1 F7643.3 X169.938 Y131.259 E791.34037
G1 F5940.6 X170.042 Y131.354 E791.3469
G1 F5429.9 X170.223 Y131.295 E791.35656
G1 F6299.2 X171.113 Y131.295 E791.39547
G1 X170.223 Y131.295 E791.43438
G1 F5429.9 X170.042 Y131.354 E791.44403
G1 F5940.6 X170.069 Y131.493 E791.4506
G1 F7643.3 X170.005 Y131.587 E791.45469
G1 F7476.6 X169.705 Y131.608 E791.46577
G1 X169.665 Y131.382 E791.47423
G1 F3600 E789.67423
G1 F600 Z2.8
G0 F12000 X193.8 Y131.616 Z2.8
G0 X193.31 Y131.691
;TYPE:SUPPORT
G1 F600 Z1.8
G1 F3000 E791.47423
G1 F6000 X193.8 Y131.616 E791.50835
G1 X193.243 Y131.725 E791.54743
G1 X192.726 Y131.955 E791.58639
G1 X192.217 Y132.372 E791.63169
G1 X192.26 Y132.31 E791.63689
G1 X192.676 Y131.955 E791.67454
G1 X192.878 Y131.842 E791.69047
G1 X193.31 Y131.691 E791.72198
G1 F3600 E789.92198
G1 F600 Z2.8
G0 F12000 X159.578 Y130.893 Z2.8
G1 F600 Z1.8
G1 F3000 E791.72198
G1 F6000 X159.048 Y130.478 E791.76833
G1 X158.651 Y129.971 E791.81266
G1 X159.049 Y130.477 E791.85698
G1 X159.578 Y130.893 E791.90332
G1 F3600 E790.10332
G1 F600 Z2.8
G0 F12000 X147.912 Y116.414 Z2.8
G1 F600 Z1.8
G1 F3000 E791.90332
G1 F6000 X147.734 Y116.185 E791.92328
G1 X147.268 Y115.753 E791.96703
G1 X146.598 Y115.413 E792.01876
G1 X146.545 Y115.413 E792.02241
G1 X146.545 Y113.038 E792.18593
G1 X147.404 Y112.57 E792.25327
G1 X147.911 Y112.061 E792.30274
G1 X147.912 Y116.414 E792.60243
G1 F3600 E790.80243
G1 F600 Z2.8
G0 F12000 X152 Y116.613 Z2.8
G1 F600 Z1.8
G1 F3000 E792.60243
G1 F6000 X152 Y117.467 E792.66123
G1 X151.39 Y116.952 E792.71619
G1 X150.964 Y116.752 E792.7486
G1 X150.306 Y116.613 E792.7949
G1 X157.737 Y116.613 E793.30651
G1 X157.873 Y116.66 E793.31642
G1 X157.91 Y116.784 E793.32533
G1 X157.91 Y120.281 E793.56609
G1 X157.802 Y119.741 E793.604
G1 X157.623 Y119.312 E793.63601
G1 X157.369 Y118.939 E793.66708
G1 X157.033 Y118.611 E793.69941
G1 X156.65 Y118.363 E793.73082
G1 X156 Y118.129 E793.77838
G1 X156 Y116.613 E793.88276
G1 F3600 E792.08276
G1 F600 Z2.8
G0 F12000 X156 Y110.413 Z2.8
G1 F600 Z1.8
G1 F3000 E793.88276
G1 F6000 X156 Y111.813 E793.97914
G1 X158.406 Y111.813 E794.14479
G1 X157.854 Y111.742 E794.18311
G1 X157.342 Y111.548 E794.22081
G1 X156.956 Y111.295 E794.25258
G1 X156.644 Y110.987 E794.28277
G1 X156.311 Y110.583 E794.31881
G1 X156.004 Y110.414 E794.34294
G1 X155.621 Y110.315 E794.37018
G1 X153.042 Y110.315 E794.54774
G1 X152.568 Y110.433 E794.58137
G1 X152.311 Y110.566 E794.60129
G1 X151.723 Y111.201 E794.66087
G1 X151.28 Y111.52 E794.69846
G1 X150.857 Y111.701 E794.73013
G1 X150.31 Y111.813 E794.76858
G1 X152 Y111.813 E794.88493
G1 X152 Y110.901 E794.94772
G1 F3600 E793.14772
G1 F600 Z2.8
G0 F12000 X164 Y131.616 Z2.8
G1 F600 Z1.8
G1 F3000 E794.94772
G1 F6000 X161.572 Y131.613 E795.11488
G1 X160.902 Y131.51 E795.16155
G1 X160.605 Y131.413 E795.18307
G1 X160.901 Y131.51 E795.20451
G1 X161.572 Y131.613 E795.25125
G1 X167.841 Y131.619 E795.68286
G1 X168.431 Y131.745 E795.7244
G1 X168.894 Y131.962 E795.7596
G1 X169.446 Y132.427 E795.80929
G1 X169.154 Y132.107 E795.83912
G1 X168.786 Y131.861 E795.86959
G1 X168.421 Y131.712 E795.89674
G1 X168 Y131.63 E795.92627
G1 F3600 E794.12627
G1 F600 Z2.8
G0 F12000 X201.496 Y131.221 Z2.8
G1 F600 Z1.8
G1 F3000 E795.92627
G1 F6000 X201.989 Y130.94 E795.96534
G1 X201.496 Y131.221 E796.0044
G1 F3600 E794.2044
G1 F600 Z2.8
G0 F12000 X203.413 Y129.186 Z2.8
G1 F600 Z1.8
G1 F3000 E796.0044
G1 F6000 X203.532 Y128.893 E796.02618
G1 F3600 E794.22618
G1 F600 Z2.8
G0 F12000 X204 Y119.353 Z2.8
G1 F600 Z1.8
G1 F3000 E796.02618
G1 F6000 X204 Y116.617 E796.21455
G1 X203.853 Y116.618 E796.22467
G1 X203.743 Y116.668 E796.23299
G1 X203.711 Y116.766 E796.24008
G1 X203.711 Y120.534 E796.49951
G1 X203.756 Y120.069 E796.53167
G1 X203.885 Y119.579 E796.56655
G1 X204.094 Y119.168 E796.5983
G1 X204.376 Y118.809 E796.62973
G1 X204.73 Y118.512 E796.66154
G1 X205.135 Y118.291 E796.69331
G1 X205.569 Y118.157 E796.72458
G1 X205.914 Y118.111 E796.74854
G1 X208.584 Y118.111 E796.93237
G1 X208.988 Y118.018 E796.96091
G1 X209.287 Y117.873 E796.98379
G1 X209.934 Y117.16 E797.05008
G1 X210.317 Y116.9 E797.08195
G1 X210.738 Y116.721 E797.11344
G1 X211.274 Y116.614 E797.15108
G1 X208 Y116.615 E797.37649
G1 X208 Y118.111 E797.47948
G1 F3600 E795.67948
G1 F600 Z2.8
G0 F12000 X208 Y111.813 Z2.8
G1 F600 Z1.8
G1 F3000 E797.47948
G1 F6000 X208 Y110.315 E797.58262
G1 X208.621 Y110.315 E797.62537
G1 X209.004 Y110.414 E797.65261
G1 X209.31 Y110.583 E797.67668
G1 X209.756 Y111.115 E797.72447
G1 X210.115 Y111.41 E797.75646
G1 X210.517 Y111.622 E797.78775
G1 X211.03 Y111.763 E797.82438
G1 X211.522 Y111.813 E797.85843
G1 X203.332 Y111.813 E798.4223
G1 X203.873 Y111.705 E798.46028
G1 X204 Y111.651 E798.46978
G1 X204 Y111.813 E798.48094
G1 F3600 E796.68094
G1 F600 Z2.8
G0 F12000 X164.712 Y123.643 Z2.8
G0 X165 Y124.605
G1 F600 Z1.8
G1 F3000 E798.48094
G1 F6000 X165.261 Y124.988 E798.51285
G1 X165.588 Y125.307 E798.5443
G1 X165.974 Y125.554 E798.57585
G1 X166.31 Y125.692 E798.60086
G1 X166.897 Y125.813 E798.64212
G1 X165.783 Y125.813 E798.71882
G1 X165.412 Y125.724 E798.74508
G1 X165.09 Y125.525 E798.77115
G1 X164.847 Y125.211 E798.79848
G1 X164.712 Y124.74 E798.83221
G1 X164.712 Y123.643 E798.90774
G1 X164.821 Y124.186 E798.94587
G1 X165 Y124.605 E798.97724
G1 F3600 E797.17724
G1 F600 Z2.8
G0 F12000 X164.711 Y119.79 Z2.8
G1 F600 Z1.8
G1 F3000 E798.97724
G1 F6000 X164.711 Y118.684 E799.05339
G1 X164.802 Y118.307 E799.08009
G1 X164.907 Y118.108 E799.09558
G1 X165.127 Y117.864 E799.1182
G1 X165.485 Y117.672 E799.14617
G1 X165.861 Y117.614 E799.17236
G1 X166.879 Y117.614 E799.24245
G1 X166.338 Y117.723 E799.28044
G1 X165.919 Y117.902 E799.31181
G1 X165.536 Y118.163 E799.34372
G1 X165.217 Y118.491 E799.37523
G1 X164.97 Y118.877 E799.40678
G1 X164.832 Y119.209 E799.43153
G1 X164.711 Y119.79 E799.47239
G1 F3600 E797.67239
G1 F600 Z2.8
G0 F12000 X196 Y118.097 Z2.8
G1 F600 Z1.8
G1 F3000 E799.47239
G1 F6000 X195.648 Y117.872 E799.50115
G1 X195.312 Y117.734 E799.52616
G1 X194.725 Y117.613 E799.56742
G1 X195.868 Y117.613 E799.64612
G1 X196 Y117.639 E799.65538
G1 X196 Y118.097 E799.68691
G1 F3600 E797.88691
G1 F600 Z2.8
G0 F12000 X196.787 Y125.208 Z2.8
G1 F600 Z1.8
G1 F3000 E799.68691
G1 F6000 X196.598 Y125.463 E799.70877
G1 X196.314 Y125.675 E799.73317
G3 X195.8390 Y125.8120 I-18.3519 J-62.7371 E799.767200
G1 X194.743 Y125.812 E799.84266
G1 X195.284 Y125.703 E799.88065
G1 X195.703 Y125.524 E799.91202
G3 X196.0860 Y125.2630 I21.1817 J30.6713 E799.943930
G1 X196.405 Y124.936 E799.97539
G1 X196.655 Y124.546 E800.00728
G1 X196.828 Y124.084 E800.04125
G1 X196.911 Y123.623 E800.07349
G1 X196.911 Y124.77 E800.15246
G1 X196.787 Y125.208 E800.1838
G0 F12000 X196 Y125.321
G1 F6000 X196 Y125.766 E800.21444
G1 F3600 E798.41444
G1 F600 Z2.8
G0 F12000 X165.405 Y128.704 Z2.8
;TYPE:SUPPORT-INTERFACE
G1 F600 Z1.8
G1 F3000 E800.21444
G1 F5240.2 X164.808 Y128.656 E800.24592
G1 F4347.8 X164.211 Y128.607 E800.28386
G1 F4000 X161.703 Y128.603 E800.45653
G1 X161.337 Y128.457 E800.48366
G1 X161.053 Y128.17 E800.51146
G1 X160.904 Y127.818 E800.53778
G1 X160.902 Y126.48 E800.6299
G1 F3669.7 X160.954 Y125.203 E800.72581
G1 F3370.8 X160.947 Y118.302 E801.28962
G1 F3647.4 X160.889 Y117.086 E801.38154
G1 F4000 X160.883 Y116.262 E801.43827
G1 X160.618 Y115.435 E801.49806
G1 X160.273 Y114.803 E801.54763
G1 X163.358 Y114.803 E801.76003
G1 F4054.1 X164.528 Y114.788 E801.83952
G1 X163.463 Y115.341 E801.92103
G1 F4000 X162.981 Y115.751 E801.9646
G1 X162.392 Y116.428 E802.02638
G1 F3947.4 X161.914 Y117.399 E802.10189
G1 F3603.6 X161.654 Y118.377 E802.17923
G1 F3370.8 X161.655 Y125.142 E802.73193
G1 F3524.2 X162.053 Y126.37 E802.8328
G1 F3827.8 X162.624 Y127.293 E802.91089
G1 F4000 X163.284 Y127.957 E802.97534
G1 F4347.8 X164.266 Y128.533 E803.04746
G1 F5240.2 X165.405 Y128.704 E803.10799
G1 F3600 E801.30799
G1 F600 Z2.8
G0 F12000 X168.343 Y128.723 Z2.8
G1 F600 Z1.8
G1 F3000 E803.10799
G1 F5687.2 X168.189 Y128.709 E803.11547
G1 F5839.4 X165.405 Y128.704 E803.24677
G1 F3600 E801.44677
G1 F600 Z2.8
G0 F12000 X162.313 Y127.931 Z2.8
G1 F600 Z1.8
G1 F3000 E803.24677
G1 F5417.6 X161.833 Y127.931 E803.27117
G1 X161.7 Y127.876 E803.27849
G1 F5429.9 X161.572 Y127.683 E803.29023
G1 F5454.5 X161.572 Y126.871 E803.33123
G1 F5429.9 X162.08 Y127.689 E803.38007
G1 F5417.6 X162.313 Y127.931 E803.39714
G1 F3600 E801.59714
G1 F600 Z2.8
G0 F12000 X162.259 Y115.503 Z2.8
G1 F600 Z1.8
G1 F3000 E803.39714
G1 F4790.4 X161.8 Y116.039 E803.43771
G1 X161.587 Y116.473 E803.4655
G1 X161.575 Y116.134 E803.485
G1 X161.369 Y115.502 E803.52322
G1 X162.259 Y115.503 E803.57438
G1 F3600 E801.77438
G1 F600 Z2.8
G0 F12000 X164.559 Y114.788 Z2.8
G1 F600 Z1.8
G1 F3000 E803.57438
G1 F4888 X165.56 Y114.711 E803.63095
G1 F5839.4 X196.223 Y114.705 E805.07705
G1 F3600 E803.27705
G1 F600 Z2.8
G0 F12000 X199.997 Y116.422 Z2.8
G1 F600 Z1.8
G1 F3000 E805.07705
G1 F4878 X199.656 Y115.851 E805.1146
G1 X199.336 Y115.495 E805.14162
G1 X200.231 Y115.494 E805.19215
G1 X200.028 Y116.042 E805.22514
G1 X199.997 Y116.422 E805.24667
G1 F3600 E803.44667
G1 F600 Z2.8
G0 F12000 X199.299 Y127.929 Z2.8
G1 F600 Z1.8
G1 F3000 E805.24667
G1 F5369.1 X199.892 Y127.179 E805.29571
G1 X200.026 Y126.902 E805.31149
G1 X200.029 Y127.665 E805.35063
G1 X199.958 Y127.824 E805.35956
G1 X199.772 Y127.929 E805.37052
G1 X199.299 Y127.929 E805.39478
G1 F3600 E803.59478
G1 F600 Z2.8
G0 F12000 X196.006 Y130.866 Z2.8
G1 F600 Z1.8
G1 F3000 E805.39478
G1 F4000 X193.634 Y130.868 E805.55809
G1 X193.142 Y130.956 E805.5925
G1 X192.503 Y131.181 E805.63914
G1 X192.329 Y130.832 E805.66599
G1 X192.284 Y130.814 E805.66932
G1 X192.183 Y130.619 E805.68444
G1 X192.016 Y130.516 E805.69795
G1 X169.631 Y130.504 E807.23913
G1 X168.943 Y130.942 E807.29528
G1 X168.894 Y131.109 E807.30726
G1 X168.608 Y130.985 E807.32872
G1 X168.052 Y130.873 E807.36777
G1 X161.627 Y130.859 E807.81012
G1 X161.086 Y130.779 E807.84777
G1 X160.596 Y130.618 E807.88328
G1 X160.163 Y130.397 E807.91675
G1 X159.582 Y129.942 E807.96756
G1 X159.126 Y129.361 E808.01841
G1 X158.902 Y128.924 E808.05222
G1 X158.741 Y128.434 E808.08773
G1 X158.66 Y127.889 E808.12567
G1 X158.647 Y116.622 E808.90138
G1 X158.525 Y116.252 E808.92821
G1 X158.279 Y116.01 E808.95196
G1 X157.829 Y115.86 E808.98462
G1 X148.66 Y115.86 E809.61589
G1 X148.66 Y112.56 E809.84309
G1 X212.96 Y112.56 E814.27005
G1 X212.96 Y115.86 E814.49725
G1 X203.724 Y115.872 E815.13314
G1 X203.336 Y116.019 E815.1617
G1 X203.102 Y116.243 E815.184
G1 X202.96 Y116.639 E815.21297
G1 X202.96 Y128.044 E815.99818
G1 X202.813 Y128.659 E816.04172
G1 X202.615 Y129.139 E816.07747
G1 X202.347 Y129.577 E816.11282
G1 X201.859 Y130.102 E816.16217
G1 X201.446 Y130.403 E816.19735
G1 X201.025 Y130.617 E816.22987
G1 X200.534 Y130.775 E816.26538
G1 X199.984 Y130.86 E816.3037
G1 X196.006 Y130.866 E816.57758
G0 F12000 X196.005 Y130.113
G1 F4000 X193.564 Y130.116 E816.74564
G1 X192.835 Y130.244 E816.79659
G1 X192.552 Y129.948 E816.82479
G1 X192.105 Y129.764 E816.85807
G1 X169.713 Y129.752 E818.39972
G1 X169.328 Y129.803 E818.42646
G1 X168.66 Y130.229 E818.48101
G1 X168.128 Y130.122 E818.51837
G1 X161.675 Y130.108 E818.96265
G1 X161.27 Y130.047 E818.99085
G1 X160.875 Y129.917 E819.01948
G1 X160.566 Y129.761 E819.04331
G1 X160.115 Y129.406 E819.08283
G1 X159.758 Y128.949 E819.12275
G1 X159.594 Y128.63 E819.14745
G1 X159.469 Y128.261 E819.17427
G1 X159.408 Y127.845 E819.20322
G1 X159.397 Y116.544 E819.98128
G1 X159.198 Y115.923 E820.02617
G1 X158.787 Y115.458 E820.0689
G1 X158.416 Y115.24 E820.09853
G1 X157.865 Y115.114 E820.13744
G1 X149.408 Y115.108 E820.71969
G1 X149.408 Y113.308 E820.84362
G1 X212.208 Y113.308 E825.1673
G1 X212.208 Y115.108 E825.29123
G1 X203.628 Y115.12 E825.88195
G1 X203.206 Y115.244 E825.91223
G1 X202.896 Y115.41 E825.93644
G1 X202.463 Y115.826 E825.97778
G1 X202.213 Y116.496 E826.02702
G1 X202.208 Y127.953 E826.81582
G1 X202.101 Y128.414 E826.8484
G1 X201.94 Y128.794 E826.87681
G1 X201.739 Y129.122 E826.9033
G1 X201.354 Y129.539 E826.94237
G1 X201.05 Y129.763 E826.96837
G1 X200.741 Y129.917 E826.99214
G1 X200.354 Y130.043 E827.02016
G1 X199.929 Y130.108 E827.04976
G1 X196.005 Y130.113 E827.31993
G0 F12000 X196.004 Y129.361
G1 F4000 X193.495 Y129.364 E827.49267
G1 X193.094 Y129.436 E827.52072
G1 F3934.4 X192.892 Y129.264 E827.53929
G1 F3545.1 X192.466 Y129.008 E827.5779
G1 F3157.9 X192.2 Y128.927 E827.60214
G1 F3065.1 X180.927 Y128.921 E828.61499
G1 F3084.8 X169.654 Y128.915 E829.62137
G1 F3045.7 X169.242 Y128.954 E829.65879
G1 F3225.8 X168.92 Y129.129 E829.69008
G1 F3732.5 X168.512 Y129.43 E829.72749
G1 F4000 X168.202 Y129.369 E829.74924
G1 X161.723 Y129.356 E830.19531
G1 X161.46 Y129.316 E830.21363
G1 X160.956 Y129.113 E830.25104
G1 X160.647 Y128.87 E830.2781
G1 X160.406 Y128.559 E830.30519
G1 X160.195 Y128.062 E830.34236
G1 X160.156 Y127.801 E830.36053
G1 X160.141 Y116.42 E831.1441
G1 X159.906 Y115.676 E831.19781
G1 X159.698 Y115.311 E831.22674
G1 X159.111 Y114.76 E831.28217
G1 F4181.2 X158.56 Y114.525 E831.32162
G1 F4790.4 X157.858 Y114.433 E831.36232
G1 F5309.7 X150.081 Y114.431 E831.76569
G1 F5333.3 X150.081 Y113.981 E831.78892
G1 F5309.7 X157.899 Y113.983 E832.19441
G1 F4554.1 X159.233 Y114.056 E832.2752
G1 F4013.4 X202.353 Y114.054 E835.23405
G1 F4528.3 X203.449 Y113.987 E835.30083
G1 F5251.6 X211.531 Y113.981 E835.72465
G1 F5333.3 X211.531 Y114.431 E835.74788
G1 F5286.3 X203.54 Y114.438 E836.16418
G1 F4809.6 X202.94 Y114.575 E836.19942
G1 F4217.9 X202.488 Y114.773 E836.23163
G1 F4006.7 X201.972 Y115.251 E836.27998
G1 F4000 X201.739 Y115.606 E836.30922
G1 X201.456 Y116.366 E836.36505
G1 X201.456 Y127.869 E837.15701
G1 X201.387 Y128.164 E837.17787
G1 X201.127 Y128.678 E837.21753
G1 X200.851 Y128.974 E837.24539
G1 X200.668 Y129.107 E837.26097
G1 X200.164 Y129.312 E837.29843
G1 X199.873 Y129.356 E837.31869
G1 X196.004 Y129.361 E837.58507
G1 F3600 E835.78507
G1 F600 Z2.8
G0 F12000 X193.282 Y128.727 Z2.8
G1 F600 Z1.8
G1 F3000 E837.58507
G1 F5714.3 X193.501 Y128.707 E837.59567
G1 F5911.3 X196.206 Y128.704 E837.72169
G0 F12000 X196.532 Y128.643
G1 F4210.5 X197.359 Y128.491 E837.77668
G1 F4006.7 X197.9 Y128.22 E837.81827
G1 F3973.5 X198.65 Y127.667 E837.88285
G1 F3934.4 X199.33 Y126.807 E837.9596
G1 F3864.7 X199.731 Y125.933 E838.02812
G1 F3603.6 X199.952 Y125.117 E838.09272
G1 F3404.3 X199.95 Y118.565 E838.62276
G1 F3287.7 X199.875 Y117.817 E838.68573
G1 F3409.1 X199.616 Y117.146 E838.74383
G1 F3833.9 X199.315 Y116.649 E838.78557
G1 F4000 X199.104 Y116.274 E838.8152
G1 X198.489 Y115.595 E838.87827
G1 X197.765 Y115.1 E838.93865
G1 F4195.8 X197.049 Y114.833 E838.98881
G1 F5042 X196.223 Y114.705 E839.03446
G1 X197.061 Y114.772 E839.08038
G1 F4195.8 X197.798 Y114.801 E839.12879
G1 F4000 X201.349 Y114.8 E839.37327
G1 X201.038 Y115.331 E839.41564
G1 F3953.9 X200.706 Y116.227 E839.48219
G1 F3864.7 X200.69 Y116.8 E839.52304
G1 F3468.2 X200.627 Y117.767 E839.59999
G1 F3287.7 X200.652 Y118.518 E839.66293
G1 F3404.3 X200.652 Y125.177 E840.20162
G1 F3636.4 X200.697 Y126.202 E840.27933
G1 F3953.9 X200.704 Y127.785 E840.38959
G1 F4000 X200.512 Y128.229 E840.42289
G1 X200.27 Y128.455 E840.44569
G1 X199.912 Y128.604 E840.47238
G1 F4013.4 X197.386 Y128.607 E840.64572
G1 F4363.6 X196.796 Y128.656 E840.68308
G1 F5286.3 X196.206 Y128.704 E840.71392
G1 F5063.3 X196.532 Y128.643 E840.73196
G0 F12000 X196.581 Y127.931
G1 F4000 X197.095 Y127.794 E840.76858
G1 X197.543 Y127.56 E840.80338
G1 X198.128 Y127.121 E840.85373
G1 X198.686 Y126.414 E840.91574
G1 X198.986 Y125.748 E840.96603
G1 X199.156 Y125.011 E841.01811
G1 X199.149 Y118.581 E841.4608
G1 X199.048 Y117.902 E841.50807
G1 X198.907 Y117.453 E841.54047
G1 X198.484 Y116.697 E841.60011
G1 X197.998 Y116.167 E841.64962
G1 X197.377 Y115.755 E841.70093
G1 X196.83 Y115.523 E841.74184
G1 X196.122 Y115.356 E841.79192
G1 X165.653 Y115.363 E843.88966
G1 X164.754 Y115.503 E843.9523
G1 X163.914 Y115.955 E844.01798
G1 X163.545 Y116.252 E844.05059
G1 X163.036 Y116.828 E844.10351
G1 X162.646 Y117.611 E844.16374
G1 X162.462 Y118.469 E844.22415
G1 X162.46 Y125.041 E844.67662
G1 X162.747 Y126.063 E844.74971
G1 X163.205 Y126.808 E844.80992
G1 X163.748 Y127.358 E844.86313
G1 X164.555 Y127.834 E844.92764
G1 X165.505 Y128.056 E844.9948
G1 X168.379 Y128.057 E845.19267
G1 F3428.6 X169.192 Y128.156 E845.25846
G1 F3045.7 X169.607 Y128.143 E845.296
G1 F3084.8 X180.943 Y128.146 E846.30801
G1 F3065.1 X192.279 Y128.149 E847.32652
G1 F3463.2 X193.273 Y128.056 E847.4059
G1 F4000 X196.132 Y128.052 E847.60274
G1 X196.581 Y127.931 E847.63476
G0 F12000 X196.393 Y127.209
G1 F4000 X196.816 Y127.094 E847.66494
G1 X197.095 Y126.961 E847.68622
G1 X197.604 Y126.581 E847.72995
G1 X198.041 Y126.027 E847.77853
G1 X198.27 Y125.543 E847.81539
G1 X198.404 Y124.944 E847.85765
G1 X198.406 Y118.676 E848.2892
G1 X198.306 Y118.018 E848.33502
G1 X198.234 Y117.798 E848.35096
G1 X197.872 Y117.134 E848.40302
G1 X197.526 Y116.765 E848.43785
G1 X197.122 Y116.471 E848.47225
G1 X196.654 Y116.257 E848.50768
G1 X196.035 Y116.108 E848.55151
G1 X165.717 Y116.115 E850.63886
G1 X164.999 Y116.227 E850.68889
G1 X164.334 Y116.583 E850.74083
G1 X164.107 Y116.755 E850.76043
G1 X163.645 Y117.277 E850.80843
G1 X163.361 Y117.86 E850.85308
G1 X163.214 Y118.549 E850.90158
G1 X163.212 Y124.949 E851.34221
G1 X163.442 Y125.76 E851.40025
G1 X163.794 Y126.336 E851.44672
G1 X164.214 Y126.759 E851.48776
G1 X164.84 Y127.131 E851.5379
G1 X165.597 Y127.308 E851.59142
G1 X196.044 Y127.304 E853.68765
G1 X196.393 Y127.209 E853.71255
G0 F12000 X196.202 Y126.485
G1 F4000 X196.656 Y126.358 E853.74501
G1 X197.102 Y126.019 E853.78358
G1 X197.418 Y125.61 E853.81917
G1 X197.565 Y125.28 E853.84404
G1 X197.656 Y124.864 E853.87336
G1 X197.657 Y118.681 E854.29905
G1 X197.548 Y118.096 E854.34002
G1 X197.259 Y117.569 E854.3814
G1 X196.997 Y117.299 E854.4073
G1 X196.705 Y117.095 E854.43182
G1 X196.373 Y116.953 E854.45668
G1 X195.945 Y116.86 E854.48684
G1 X165.781 Y116.867 E856.56358
G1 X165.199 Y116.974 E856.60433
G1 X164.653 Y117.262 E856.64683
G1 X164.282 Y117.682 E856.68541
G1 X164.093 Y118.035 E856.71298
G1 X163.96 Y118.591 E856.75234
G1 X163.964 Y124.856 E857.18367
G1 X164.147 Y125.496 E857.2295
G1 X164.457 Y125.958 E857.26781
G1 X164.754 Y126.219 E857.29503
G1 X165.129 Y126.426 E857.32452
G1 X165.692 Y126.56 E857.36436
G1 X195.948 Y126.556 E859.44744
G1 X196.202 Y126.485 E859.4656
G1 F3600 E857.6656
G1 F600 Z2.8
;MESH:LC-GR3005??????RFID?????????-WB.stl
G0 F12000 X188.144 Y138.028 Z2.8
;TYPE:FILL
G1 F600 Z1.8
G1 F3000 E859.4656
G1 F6000 X178.627 Y138.029 E860.12083
G1 X188.142 Y147.544 E861.04727
G1 X188.138 Y161.169 E861.98533
G1 X184.714 Y164.594 E862.31876
G1 X184.902 Y164.343 E862.34036
G1 X185.335 Y163.503 E862.40542
G1 X185.582 Y162.694 E862.46366
G1 X185.682 Y161.671 E862.53442
G1 X185.586 Y160.796 E862.59503
G1 X185.34 Y159.933 E862.65681
G1 X184.897 Y159.071 E862.72354
G1 X184.551 Y158.612 E862.76311
G1 X183.937 Y157.965 E862.82452
G1 X183.25 Y157.502 E862.88156
G1 X182.821 Y157.281 E862.91478
G1 X182.176 Y157.035 E862.96231
G1 X181.282 Y156.844 E863.02525
G1 X180.252 Y156.862 E863.09618
G1 X179.44 Y157.037 E863.15336
G1 X178.536 Y157.383 E863.22001
G1 X177.622 Y158.034 E863.29726
G1 X176.975 Y158.711 E863.36174
G1 X176.469 Y159.509 E863.42679
G1 X176.104 Y160.332 E863.48878
G1 X176.164 Y160.332 E863.49291
G1 X176.038 Y160.758 E863.52349
G1 X175.965 Y161.259 E863.55835
G1 X175.941 Y161.829 E863.59763
G1 X175.981 Y162.274 E863.62839
G1 X176.156 Y163.168 E863.69111
G1 X176.476 Y163.924 E863.74763
G1 X176.731 Y164.365 E863.7827
G1 X176.934 Y164.621 E863.8052
G1 X173.477 Y161.164 E864.14179
G1 X173.477 Y147.547 E865.0793
G1 X182.996 Y138.028 E866.00613
G1 X183.102 Y137.922
G1 F3600 E864.20613
G1 F600 Z2.8
G0 F12000 X180.923 Y157.421 Z2.8
;TYPE:WALL-INNER
G1 F600 Z1.8
G1 F3000 E866.00613
G1 F6000 X181.22 Y157.416 E866.02658
G1 X182.018 Y157.584 E866.08273
G1 X182.6 Y157.807 E866.12564
G1 X182.949 Y157.987 E866.15268
G1 X183.568 Y158.401 E866.20395
G1 X184.126 Y158.991 E866.25986
G1 X184.41 Y159.37 E866.29246
G1 X184.803 Y160.126 E866.35112
G1 X185.024 Y160.893 E866.40608
G1 X185.11 Y161.663 E866.45942
G1 X185.019 Y162.592 E866.52369
G1 X184.799 Y163.307 E866.57519
G1 X184.415 Y164.046 E866.63253
G1 X184.125 Y164.432 E866.66577
G1 X183.697 Y164.884 E866.70863
G1 X183.305 Y165.209 E866.74369
G1 X182.588 Y165.611 E866.80028
G1 X187.807 Y165.612 E867.1596
G1 X188.16 Y165.532 E867.18452
G1 X188.359 Y165.412 E867.20052
G1 X188.545 Y165.209 E867.21948
G1 X188.665 Y164.972 E867.23776
G1 X188.708 Y164.629 E867.26156
G1 X188.715 Y134.196 E869.35683
G1 X172.905 Y134.196 E870.44533
G1 X172.908 Y164.716 E872.54658
G1 X173.027 Y165.137 E872.5767
G1 X173.184 Y165.336 E872.59415
G1 X173.382 Y165.494 E872.61159
G1 X173.813 Y165.612 E872.64236
G1 X179.003 Y165.612 E872.99968
G1 X178.391 Y165.253 E873.04853
G1 X178.007 Y164.965 E873.08158
G1 X177.441 Y164.377 E873.13777
G1 X176.991 Y163.679 E873.19495
G1 X176.705 Y163.009 E873.2451
G1 X176.543 Y162.183 E873.30306
G1 X176.512 Y161.821 E873.32807
G1 X176.544 Y161.056 E873.38078
G1 X176.812 Y160.144 E873.44623
G1 X177.195 Y159.387 E873.50464
G1 X177.699 Y158.747 E873.56072
G1 X178.315 Y158.215 E873.61676
G1 X179.02 Y157.807 E873.67284
G1 X179.6 Y157.585 E873.7156
G1 X180.322 Y157.43 E873.76644
G1 X180.923 Y157.421 E873.80782
G1 F3600 E872.00782
G1 F600 Z2.8
G0 F12000 X189.311 Y150.215 Z2.8
G1 F600 Z1.8
G1 F3000 E873.80782
G1 F6000 X189.315 Y133.596 E874.95202
G1 X172.305 Y133.596 E876.12313
G1 X172.308 Y164.762 E878.26886
G1 X172.353 Y165.052 E878.28907
G1 X172.52 Y165.464 E878.31967
G1 X172.757 Y165.763 E878.34594
G1 X173.056 Y166 E878.37221
G1 X173.463 Y166.163 E878.40239
G1 X173.766 Y166.212 E878.42353
G1 X178.92 Y166.212 E878.77837
G1 F5438.1 X180.208 Y166.15 E878.87633
G1 F5056.2 X180.808 Y166.162 E878.92536
G1 F5013.9 X181.558 Y166.145 E878.98716
G1 F5278.6 X182.493 Y166.197 E879.06045
G1 F5863.2 X183 Y166.212 E879.09618
G1 F6000 X187.854 Y166.212 E879.43037
G1 X188.39 Y166.088 E879.46825
G1 X188.759 Y165.863 E879.49801
G1 X189.027 Y165.572 E879.52524
G1 X189.237 Y165.159 E879.55714
G1 X189.308 Y164.651 E879.59246
G1 X189.311 Y150.215 E880.58635
G0 F12000 X189.911 Y150.216
G1 F6000 X189.916 Y133.532 E881.73502
G1 X189.993 Y132.996 E881.7723
G1 X171.63 Y132.996 E883.03657
G1 X171.704 Y133.544 E883.07464
G1 X171.708 Y164.807 E885.22705
G1 X171.767 Y165.191 E885.2538
G1 X172.013 Y165.79 E885.29838
G1 X172.329 Y166.191 E885.33353
G1 X172.73 Y166.507 E885.36868
G1 X172.998 Y166.645 E885.38944
G1 X173.325 Y166.749 E885.41306
G1 X173.719 Y166.812 E885.44053
G1 X187.901 Y166.812 E886.41694
G1 X188.294 Y166.749 E886.44434
G1 X188.619 Y166.645 E886.46784
G1 X189.159 Y166.315 E886.51141
G1 X189.509 Y165.935 E886.54698
G1 X189.809 Y165.346 E886.59248
G1 X189.908 Y164.674 E886.63925
G1 X189.911 Y150.216 E887.63466
G1 F3600 E885.83466
G1 F600 Z2.8
G0 F12000 X180.913 Y158.021 Z2.8
G1 F600 Z1.8
G1 F3000 E887.63466
G1 F6000 X181.166 Y158.017 E887.65208
G1 X181.85 Y158.16 E887.70019
G1 X182.511 Y158.416 E887.749
G1 X183.168 Y158.852 E887.80328
G1 X183.69 Y159.404 E887.85559
G1 X183.893 Y159.674 E887.87885
G1 X184.234 Y160.317 E887.92896
G1 X184.43 Y160.977 E887.97636
G1 X184.505 Y161.613 E888.02045
G1 X184.427 Y162.488 E888.08093
G1 X184.232 Y163.112 E888.12594
G1 X183.827 Y163.875 E888.18541
G1 X183.261 Y164.472 E888.24205
G1 X182.982 Y164.704 E888.26703
G1 F5863.2 X182.31 Y165.1 E888.32199
G1 F5504.6 X181.543 Y165.413 E888.38416
G1 F5217.4 X180.808 Y165.462 E888.44248
G1 F5056.2 X180.242 Y165.428 E888.48881
G1 F5357.1 X179.455 Y165.181 E888.55241
G1 F5901.6 X178.694 Y164.735 E888.61415
G1 F6000 X178.42 Y164.53 E888.63771
G1 X177.929 Y164.027 E888.68611
G1 X177.537 Y163.431 E888.73522
G1 X177.283 Y162.839 E888.77957
G1 X177.104 Y161.925 E888.84369
G1 X177.176 Y161.032 E888.90537
G1 X177.36 Y160.388 E888.95149
G1 X177.532 Y160 E888.98071
G1 X177.923 Y159.399 E889.03007
G1 X178.519 Y158.79 E889.08874
G1 X179.244 Y158.364 E889.14663
G1 X179.769 Y158.16 E889.18541
G1 X180.406 Y158.027 E889.23021
G1 X180.913 Y158.021 E889.26512
G0 F12000 X180.811 Y158.623
G1 F6000 X181.104 Y158.623 E889.28529
G1 X181.602 Y158.716 E889.32017
G1 X182.224 Y158.947 E889.36586
G1 X182.744 Y159.288 E889.40867
G1 X183.331 Y159.897 E889.4669
G1 X183.665 Y160.508 E889.51484
G1 X183.836 Y161.061 E889.5547
G1 X183.905 Y161.613 E889.593
G1 X183.836 Y162.384 E889.64629
G1 X183.664 Y162.917 E889.68485
G1 X183.334 Y163.522 E889.7323
G1 X182.74 Y164.15 E889.79181
G1 X182.11 Y164.52 E889.84211
G1 X181.425 Y164.755 E889.89197
G1 X180.808 Y164.812 E889.93463
G1 X180.305 Y164.769 E889.96939
G1 X179.64 Y164.595 E890.01672
G1 X178.898 Y164.159 E890.07597
G1 X178.416 Y163.677 E890.1229
G1 X178.084 Y163.184 E890.16382
G1 X177.873 Y162.704 E890.19992
G1 X177.725 Y161.976 E890.25107
G1 X177.732 Y161.353 E890.29396
G1 X177.858 Y160.777 E890.33456
G1 X178.081 Y160.243 E890.3744
G1 X178.411 Y159.748 E890.41536
G1 X178.889 Y159.27 E890.4619
G1 X179.468 Y158.92 E890.50848
G1 X179.938 Y158.736 E890.54323
G1 X180.511 Y158.623 E890.58344
G1 X180.811 Y158.623 E890.60409
G0 F12000 X180.85 Y159.22
;TYPE:WALL-OUTER
G1 F6000 X181.02 Y159.219 E890.6158
G1 X181.486 Y159.305 E890.64842
G1 X181.928 Y159.477 E890.68108
G1 X182.363 Y159.752 E890.71651
G1 X182.843 Y160.256 E890.76443
G1 X183.097 Y160.7 E890.79964
G1 X183.242 Y161.145 E890.83187
G1 X183.305 Y161.613 E890.86438
G1 X183.244 Y162.28 E890.91049
G1 X183.072 Y162.775 E890.94657
G1 X182.844 Y163.168 E890.97785
G1 X182.39 Y163.647 E891.02329
G1 X181.914 Y163.952 E891.06221
G1 X181.276 Y164.168 E891.10859
G1 X180.837 Y164.211 E891.13896
G1 X180.308 Y164.161 E891.17554
G1 X179.84 Y164.016 E891.20927
G1 X179.269 Y163.681 E891.25485
G1 X178.941 Y163.37 E891.28597
G1 X178.63 Y162.936 E891.32273
G1 X178.445 Y162.523 E891.35389
G1 X178.316 Y161.872 E891.39958
G1 X178.34 Y161.323 E891.43741
G1 X178.44 Y160.923 E891.4658
G1 X178.659 Y160.433 E891.50275
G1 X178.899 Y160.097 E891.53118
G1 X179.241 Y159.766 E891.56395
G1 X179.642 Y159.503 E891.59696
G1 X180.133 Y159.305 E891.63341
G1 X180.567 Y159.221 E891.66385
G1 X180.85 Y159.22 E891.68333
G0 F12000 X181.02 Y159.219
G0 X181.049 Y159.224
G1 F3600 E889.88333
G1 F600 Z2.8
G0 F12000 X190.513 Y150.217 Z2.8
G1 F600 Z1.8
G1 F3000 E891.68333
G1 F6000 X190.52 Y133.482 E892.83551
G1 X190.636 Y132.81 E892.88246
G1 X190.789 Y132.396 E892.91285
G1 X170.834 Y132.397 E894.28672
G1 X171.009 Y132.905 E894.32371
G1 X171.101 Y133.497 E894.36496
G1 X171.108 Y164.853 E896.52377
G1 X171.181 Y165.33 E896.557
G1 X171.318 Y165.752 E896.58754
G1 X171.506 Y166.116 E896.61575
G1 X171.902 Y166.618 E896.65977
G1 X172.404 Y167.014 E896.70379
G1 X172.768 Y167.201 E896.73197
G1 X173.186 Y167.335 E896.76219
G1 X173.672 Y167.412 E896.79607
G1 X187.948 Y167.412 E897.77895
G1 X188.434 Y167.335 E897.81282
G1 X188.849 Y167.201 E897.84285
G1 X189.215 Y167.015 E897.87111
G1 X189.559 Y166.766 E897.90035
G1 X189.991 Y166.298 E897.9442
G1 X190.212 Y165.934 E897.97352
G1 X190.381 Y165.534 E898.00342
G1 X190.474 Y165.141 E898.03122
G1 X190.508 Y164.696 E898.06195
G1 X190.513 Y150.217 E899.05881
G0 F12000 X190.513 Y150.017
G1 F3600 E897.25881
G1 F600 Z2.8
G0 F12000 X180.811 Y137.488 Z2.8
;TYPE:SKIN
G1 F600 Z1.8
G1 F3000 E899.05881
G1 F6000 X173.472 Y137.488 E899.56408
G1 X173.472 Y134.764 E899.75163
G1 X188.144 Y134.764 E900.76177
G1 X188.144 Y137.488 E900.94932
G1 X180.811 Y137.488 E901.45418
G1 F3600 E899.65418
G1 F600 Z2.8
G0 F12000 X186.95 Y137.188 Z2.8
G1 F600 Z1.8
G1 F3000 E901.45418
G1 F6000 X187.844 Y136.294 E901.54123
G0 F12000 X187.844 Y135.446
G1 F6000 X186.101 Y137.188 E901.71089
G0 F12000 X185.253 Y137.188
G1 F6000 X187.377 Y135.064 E901.91769
G0 F12000 X186.528 Y135.064
G1 F6000 X184.404 Y137.188 E902.1245
G0 F12000 X183.556 Y137.188
G1 F6000 X185.68 Y135.064 E902.33131
G0 F12000 X184.831 Y135.064
G1 F6000 X182.707 Y137.188 E902.53811
G0 F12000 X181.859 Y137.188
G1 F6000 X183.983 Y135.064 E902.74492
G0 F12000 X183.134 Y135.064
G1 F6000 X181.01 Y137.188 E902.95173
G0 F12000 X180.162 Y137.188
G1 F6000 X182.286 Y135.064 E903.15853
G0 F12000 X181.437 Y135.064
G1 F6000 X179.313 Y137.188 E903.36534
G0 F12000 X178.465 Y137.188
G1 F6000 X180.589 Y135.064 E903.57215
G0 F12000 X179.74 Y135.064
G1 F6000 X177.616 Y137.188 E903.77895
G0 F12000 X176.768 Y137.188
G1 F6000 X178.892 Y135.064 E903.98576
G0 F12000 X178.043 Y135.064
G1 F6000 X175.919 Y137.188 E904.19256
G0 F12000 X175.07 Y137.188
G1 F6000 X177.195 Y135.064 E904.39942
G0 F12000 X176.346 Y135.064
G1 F6000 X174.222 Y137.188 E904.60623
G0 F12000 X173.772 Y136.789
G1 F6000 X175.498 Y135.064 E904.77423
G0 F12000 X174.649 Y135.064
G1 F6000 X173.772 Y135.941 E904.85962
G1 X173.666 Y136.047
G1 F3600 E903.05962
G1 F600 Z2.8
;MESH:NONMESH
G0 F12000 X161.572 Y126.871 Z2.8
;TIME_ELAPSED:343.707686
;LAYER:6
G0 X161.572 Y126.871 Z3.1
;TYPE:SUPPORT-INTERFACE
G1 F600 Z1.9
G1 F3000 E904.85962
G1 F5429.9 X162.08 Y127.689 E904.90846
G1 F5417.6 X162.313 Y127.931 E904.92554
G1 X161.833 Y127.931 E904.94994
G1 X161.7 Y127.876 E904.95725
G1 F5429.9 X161.572 Y127.683 E904.969
G1 F5454.5 X161.572 Y126.871 E905.00999
G1 F3600 E903.20999
G1 F600 Z3.1
G0 F12000 X165.405 Y128.704 Z3.1
G1 F600 Z1.9
G1 F3000 E905.00999
G1 F5839.4 X168.188 Y128.709 E905.14124
G1 F5687.2 X168.344 Y128.723 E905.14883
G1 F3600 E903.34883
G1 F600 Z3.1
G0 F12000 X193.29 Y128.727 Z3.1
G1 F600 Z1.9
G1 F3000 E905.14883
G1 F5687.2 X193.499 Y128.707 E905.159
G1 F5896.8 X196.206 Y128.704 E905.28542
G1 F3600 E903.48542
G1 F600 Z3.1
G0 F12000 X199.299 Y127.929 Z3.1
G1 F600 Z1.9
G1 F3000 E905.28542
G1 F5369.1 X199.892 Y127.179 E905.33446
G1 X200.026 Y126.902 E905.35024
G1 X200.029 Y127.665 E905.38938
G1 X199.958 Y127.824 E905.39831
G1 X199.772 Y127.929 E905.40927
G1 X199.299 Y127.929 E905.43353
G1 F3600 E903.63353
G1 F600 Z3.1
G0 F12000 X199.336 Y115.495 Z3.1
G1 F600 Z1.9
G1 F3000 E905.43353
G1 F4878 X200.231 Y115.494 E905.48405
G1 X200.028 Y116.042 E905.51705
G1 X199.997 Y116.422 E905.53857
G1 X199.656 Y115.851 E905.57612
G1 X199.336 Y115.495 E905.60314
G1 F3600 E903.80314
G1 F600 Z3.1
G0 F12000 X196.223 Y114.705 Z3.1
G1 F600 Z1.9
G1 F3000 E905.60314
G1 F5042 X197.061 Y114.772 E905.64906
G1 F4195.8 X197.798 Y114.801 E905.69747
G1 F4000 X201.349 Y114.8 E905.94195
G1 X201.038 Y115.331 E905.98432
G1 F3953.9 X200.706 Y116.227 E906.05087
G1 F3864.7 X200.69 Y116.8 E906.09172
G1 F3468.2 X200.627 Y117.767 E906.16867
G1 F3287.7 X200.652 Y118.518 E906.23161
G1 F3404.3 X200.652 Y125.177 E906.7703
G1 F3636.4 X200.697 Y126.202 E906.84801
G1 F3953.9 X200.704 Y127.785 E906.95827
G1 F4000 X200.512 Y128.229 E906.99157
G1 X200.27 Y128.455 E907.01437
G1 X199.912 Y128.604 E907.04106
G1 F4013.4 X197.386 Y128.607 E907.2144
G1 F4363.6 X196.796 Y128.656 E907.25176
G1 F5286.3 X196.206 Y128.704 E907.2826
G1 X196.783 Y128.597 E907.31317
G1 F4363.6 X197.36 Y128.491 E907.35019
G1 F4006.7 X197.9 Y128.22 E907.39172
G1 F3973.5 X198.65 Y127.667 E907.4563
G1 F3934.4 X199.33 Y126.807 E907.53305
G1 F3864.7 X199.731 Y125.933 E907.60157
G1 F3603.6 X199.952 Y125.117 E907.66617
G1 F3404.3 X199.95 Y118.565 E908.19621
G1 F3287.7 X199.875 Y117.817 E908.25918
G1 F3409.1 X199.616 Y117.146 E908.31728
G1 F3833.9 X199.315 Y116.649 E908.35902
G1 F4000 X199.104 Y116.274 E908.38865
G1 X198.489 Y115.595 E908.45172
G1 X197.765 Y115.1 E908.5121
G1 F4195.8 X197.049 Y114.833 E908.56226
G1 F5042 X196.223 Y114.705 E908.60791
G0 F12000 X196.223 Y114.705 Z2.1
G1 F5839.4 X165.56 Y114.711 Z1.9 E910.05405
G1 F4888 X164.559 Y114.788 E910.11061
G1 F3600 E908.31061
G1 F600 Z3.1
G0 F12000 X164.282 Y117.682 Z3.1
G1 F600 Z1.9
G1 F3000 E910.11061
G1 F4000 X164.093 Y118.035 E910.13818
G1 X163.96 Y118.591 E910.17754
G1 X163.964 Y124.856 E910.60888
G1 X164.147 Y125.496 E910.6547
G1 X164.457 Y125.958 E910.69301
G1 X164.754 Y126.219 E910.72023
G1 X165.129 Y126.426 E910.74972
G1 X165.692 Y126.56 E910.78957
G1 X195.948 Y126.556 E912.87265
G1 X196.656 Y126.358 E912.92326
G1 X197.102 Y126.019 E912.96183
G1 X197.418 Y125.61 E912.99741
G1 X197.565 Y125.28 E913.02229
G1 X197.656 Y124.864 E913.05161
G1 X197.657 Y118.681 E913.4773
G1 X197.548 Y118.096 E913.51826
G1 X197.259 Y117.569 E913.55965
G1 X196.997 Y117.299 E913.58555
G1 X196.705 Y117.095 E913.61007
G1 X196.373 Y116.953 E913.63493
G1 X195.945 Y116.86 E913.66509
G1 X165.781 Y116.867 E915.74183
G1 X165.199 Y116.974 E915.78257
G1 X164.653 Y117.262 E915.82507
G1 X164.282 Y117.682 E915.86366
G0 F12000 X164.282 Y117.682 Z2.1
G0 X163.645 Y117.277
G1 F4000 X163.361 Y117.86 Z1.9 E915.91038
G1 X163.214 Y118.549 E915.95888
G1 X163.212 Y124.949 E916.39951
G1 X163.442 Y125.76 E916.45755
G1 X163.794 Y126.336 E916.50403
G1 X164.214 Y126.759 E916.54507
G1 X164.84 Y127.131 E916.5952
G1 X165.597 Y127.308 E916.64873
G1 X196.044 Y127.304 E918.74496
G1 X196.816 Y127.094 E918.80004
G1 X197.095 Y126.961 E918.82132
G1 X197.604 Y126.581 E918.86505
G1 X198.041 Y126.027 E918.91363
G1 X198.27 Y125.543 E918.9505
G1 X198.404 Y124.944 E918.99276
G1 X198.406 Y118.676 E919.4243
G1 X198.306 Y118.018 E919.47012
G1 X198.234 Y117.798 E919.48606
G1 X197.872 Y117.134 E919.53813
G1 X197.526 Y116.765 E919.57295
G1 X197.122 Y116.471 E919.60735
G1 X196.654 Y116.257 E919.64278
G1 X196.035 Y116.108 E919.68662
G1 X165.717 Y116.115 E921.77396
G1 X164.999 Y116.227 E921.824
G1 X164.334 Y116.583 E921.87593
G1 X164.107 Y116.755 E921.89554
G1 X163.645 Y117.277 E921.94353
G0 F12000 X163.645 Y117.277 Z2.1
G0 X163.036 Y116.828
G1 F4000 X162.646 Y117.611 Z1.9 E922.00531
G1 X162.462 Y118.469 E922.06572
G1 X162.46 Y125.041 E922.5182
G1 X162.747 Y126.063 E922.59128
G1 X163.205 Y126.808 E922.65149
G1 X163.748 Y127.358 E922.7047
G1 X164.555 Y127.834 E922.76921
G1 X165.505 Y128.056 E922.83638
G1 X168.382 Y128.056 E923.03445
G1 F3418.8 X169.162 Y128.158 E923.09782
G1 F3038 X169.605 Y128.143 E923.138
G1 F3084.8 X180.946 Y128.146 E924.15045
G1 F3061.2 X192.287 Y128.149 E925.17071
G1 F3458.2 X193.284 Y128.056 E925.25045
G1 F4000 X196.132 Y128.052 E925.44653
G1 X197.095 Y127.794 E925.51517
G1 X197.543 Y127.56 E925.54997
G1 X198.128 Y127.121 E925.60033
G1 X198.686 Y126.414 E925.66234
G1 X198.986 Y125.748 E925.71263
G1 X199.156 Y125.011 E925.7647
G1 X199.149 Y118.581 E926.2074
G1 X199.048 Y117.902 E926.25466
G1 X198.907 Y117.453 E926.28706
G1 X198.484 Y116.697 E926.3467
G1 X197.998 Y116.167 E926.39621
G1 X197.377 Y115.755 E926.44752
G1 X196.83 Y115.523 E926.48843
G1 X196.122 Y115.356 E926.53851
G1 X165.653 Y115.363 E928.63625
G1 X164.754 Y115.503 E928.69889
G1 X163.914 Y115.955 E928.76457
G1 X163.545 Y116.252 E928.79718
G1 X163.036 Y116.828 E928.8501
G1 F3600 E927.0501
G1 F600 Z3.1
G0 F12000 X161.369 Y115.502 Z3.1
G1 F600 Z1.9
G1 F3000 E928.8501
G1 F4790.4 X162.259 Y115.503 E928.90127
G1 X161.8 Y116.039 E928.94183
G1 X161.587 Y116.473 E928.96963
G1 X161.575 Y116.134 E928.98913
G1 X161.369 Y115.502 E929.02734
G1 F3600 E927.22734
G1 F600 Z3.1
G0 F12000 X160.273 Y114.803 Z3.1
G1 F600 Z1.9
G1 F3000 E929.02734
G1 F4000 X163.358 Y114.803 E929.23974
G1 F4054.1 X164.528 Y114.788 E929.31923
G1 X163.463 Y115.341 E929.40074
G1 F4000 X162.981 Y115.751 E929.44431
G1 X162.392 Y116.428 E929.50609
G1 F3947.4 X161.914 Y117.399 E929.5816
G1 F3603.6 X161.654 Y118.377 E929.65893
G1 F3370.8 X161.655 Y125.142 E930.21164
G1 F3524.2 X162.053 Y126.37 E930.31251
G1 F3827.8 X162.624 Y127.293 E930.3906
G1 F4000 X163.284 Y127.957 E930.45505
G1 F4347.8 X164.266 Y128.533 E930.52716
G1 F5240.2 X165.405 Y128.704 E930.5877
G1 X164.808 Y128.656 E930.61917
G1 F4347.8 X164.211 Y128.607 E930.65711
G1 F4000 X161.703 Y128.603 E930.82979
G1 X161.337 Y128.457 E930.85691
G1 X161.053 Y128.17 E930.88471
G1 X160.904 Y127.818 E930.91103
G1 X160.902 Y126.48 E931.00315
G1 F3669.7 X160.954 Y125.203 E931.09906
G1 F3370.8 X160.947 Y118.302 E931.66287
G1 F3647.4 X160.889 Y117.086 E931.75479
G1 F4000 X160.883 Y116.262 E931.81152
G1 X160.618 Y115.435 E931.87131
G1 X160.273 Y114.803 E931.92089
G1 F3600 E930.12089
G1 F600 Z3.1
G0 F12000 X151.21 Y113.981 Z3.1
G1 F600 Z1.9
G1 F3000 E931.92089
G1 F5309.7 X157.899 Y113.983 E932.26782
G1 F4554.1 X159.233 Y114.056 E932.34861
G1 F4013.4 X202.353 Y114.054 E935.30746
G1 F4528.3 X203.449 Y113.987 E935.37424
G1 F5251.6 X210.399 Y113.981 E935.73869
G1 F5333.3 X210.399 Y114.431 E935.76193
G1 F5286.3 X203.54 Y114.438 E936.11925
G1 F4809.6 X202.94 Y114.575 E936.15449
G1 F4217.9 X202.488 Y114.773 E936.18671
G1 F4006.7 X201.972 Y115.251 E936.23505
G1 F4000 X201.739 Y115.606 E936.26429
G1 X201.456 Y116.366 E936.32013
G1 X201.456 Y127.869 E937.11209
G1 X201.387 Y128.164 E937.13295
G1 X201.127 Y128.678 E937.17261
G1 X200.851 Y128.974 E937.20047
G1 X200.668 Y129.107 E937.21604
G1 X200.164 Y129.312 E937.2535
G1 X199.873 Y129.356 E937.27377
G1 X193.495 Y129.364 E937.71288
G1 X193.099 Y129.435 E937.74058
G1 F3921.6 X192.894 Y129.256 E937.75969
G1 F3529.4 X192.474 Y129.014 E937.79752
G1 F3157.9 X192.204 Y128.927 E937.82226
G1 F3061.2 X180.929 Y128.921 E938.83658
G1 F3084.8 X169.654 Y128.915 E939.84314
G1 F3038 X169.231 Y128.955 E939.88165
G1 F3204.3 X168.924 Y129.124 E939.91177
G1 F3715.2 X168.515 Y129.43 E939.94964
G1 F4000 X168.202 Y129.369 E939.97159
G1 X161.723 Y129.356 E940.41766
G1 X161.46 Y129.316 E940.43598
G1 X160.956 Y129.113 E940.47338
G1 X160.647 Y128.87 E940.50045
G1 X160.406 Y128.559 E940.52754
G1 X160.195 Y128.062 E940.56471
G1 X160.156 Y127.801 E940.58288
G1 X160.141 Y116.42 E941.36645
G1 X159.906 Y115.676 E941.42016
G1 X159.698 Y115.311 E941.44909
G1 X159.111 Y114.76 E941.50452
G1 F4181.2 X158.56 Y114.525 E941.54397
G1 F4790.4 X157.858 Y114.433 E941.58467
G1 F5309.7 X151.212 Y114.431 E941.92937
G1 F5333.3 X151.21 Y113.981 E941.95261
G0 F12000 X151.21 Y113.981 Z2.1
G0 X150.537 Y113.431
G1 F4000 X150.904 Y113.351 Z1.9 E941.98191
G1 X150.945 Y113.308 E941.986
G1 X210.672 Y113.308 E946.09811
G1 X210.715 Y113.351 E946.1023
G1 X211.076 Y113.43 E946.12774
G1 X211.076 Y115.006 E946.23625
G1 X210.709 Y115.062 E946.26181
G1 X210.666 Y115.108 E946.26614
G1 X203.628 Y115.12 E946.7507
G1 X203.206 Y115.244 E946.78098
G1 X202.896 Y115.41 E946.80519
G1 X202.463 Y115.826 E946.84653
G1 X202.213 Y116.496 E946.89577
G1 X202.208 Y127.953 E947.68456
G1 X202.101 Y128.414 E947.71715
G1 X201.94 Y128.794 E947.74556
G1 X201.739 Y129.122 E947.77204
G1 X201.354 Y129.539 E947.81112
G1 X201.05 Y129.763 E947.83712
G1 X200.741 Y129.917 E947.86089
G1 X200.354 Y130.043 E947.88891
G1 X199.929 Y130.108 E947.91851
G1 X193.563 Y130.116 E948.3568
G1 X192.833 Y130.247 E948.40786
G1 X192.518 Y129.922 E948.43902
G1 X192.105 Y129.764 E948.46947
G1 X169.713 Y129.752 E950.01112
G1 X169.334 Y129.803 E950.03745
G1 X168.664 Y130.226 E950.092
G1 X168.122 Y130.121 E950.13001
G1 X161.675 Y130.108 E950.57388
G1 X161.27 Y130.047 E950.60208
G1 X160.875 Y129.917 E950.63071
G1 X160.566 Y129.761 E950.65454
G1 X160.115 Y129.406 E950.69406
G1 X159.758 Y128.949 E950.73398
G1 X159.594 Y128.63 E950.75868
G1 X159.469 Y128.261 E950.7855
G1 X159.408 Y127.845 E950.81445
G1 X159.397 Y116.544 E951.5925
G1 X159.198 Y115.923 E951.6374
G1 X158.787 Y115.458 E951.68013
G1 X158.416 Y115.24 E951.70975
G1 X157.865 Y115.114 E951.74867
G1 X150.945 Y115.108 E952.2251
G1 X150.9 Y115.063 E952.22948
G1 X150.54 Y115.007 E952.25457
G1 X150.537 Y113.431 E952.36307
G0 F12000 X150.537 Y113.431 Z2.1
G0 X149.788 Y112.897
G1 F4000 X149.993 Y112.692 Z1.9 E952.38732
G1 X150.564 Y112.668 E952.42667
G1 X150.607 Y112.56 E952.43467
G1 X211.011 Y112.56 E956.59339
G1 X211.056 Y112.668 E956.60145
G1 X211.623 Y112.692 E956.64052
G1 X211.828 Y112.897 E956.66048
G1 X211.828 Y115.528 E956.84162
G1 X211.627 Y115.731 E956.86129
G1 X211.055 Y115.752 E956.9007
G1 X211.013 Y115.86 E956.90868
G1 X203.724 Y115.872 E957.41051
G1 X203.336 Y116.019 E957.43908
G1 X203.102 Y116.243 E957.46138
G1 X202.96 Y116.639 E957.49035
G1 X202.96 Y128.044 E958.27556
G1 X202.813 Y128.659 E958.3191
G1 X202.615 Y129.139 E958.35485
G1 X202.347 Y129.577 E958.3902
G1 X201.859 Y130.102 E958.43955
G1 X201.446 Y130.403 E958.47473
G1 X201.025 Y130.617 E958.50725
G1 X200.534 Y130.775 E958.54276
G1 X199.984 Y130.86 E958.58108
G1 X193.634 Y130.868 E959.01826
G1 X193.142 Y130.956 E959.05267
G1 X192.502 Y131.179 E959.09934
G1 X192.329 Y130.832 E959.12603
G1 X192.284 Y130.814 E959.12937
G1 X192.183 Y130.619 E959.14449
G1 X192.016 Y130.516 E959.158
G1 X169.631 Y130.504 E960.69917
G1 X168.959 Y130.936 E960.75417
G1 X168.907 Y131.088 E960.76523
G1 X168.657 Y130.994 E960.78362
G1 X168.04 Y130.871 E960.82694
G1 X161.627 Y130.859 E961.26846
G1 X161.086 Y130.779 E961.30611
G1 X160.596 Y130.618 E961.34162
G1 X160.163 Y130.397 E961.37509
G1 X159.582 Y129.942 E961.4259
G1 X159.126 Y129.361 E961.47675
G1 X158.902 Y128.924 E961.51056
G1 X158.741 Y128.434 E961.54607
G1 X158.66 Y127.889 E961.584
G1 X158.647 Y116.622 E962.35972
G1 X158.525 Y116.252 E962.38654
G1 X158.279 Y116.01 E962.4103
G1 X157.829 Y115.86 E962.44296
G1 X150.605 Y115.86 E962.94032
G1 X150.563 Y115.756 E962.94804
G1 X149.994 Y115.732 E962.98725
G1 X149.792 Y115.528 E963.00702
G1 X149.788 Y112.897 E963.18816
G1 F3600 E961.38816
G1 F600 Z3.1
G0 F12000 X168.157 Y131.66 Z3.1
G0 X168.631 Y131.788
;TYPE:SUPPORT
G1 F600 Z2.1
G1 F3000 E963.18816
G1 F6000 X169.158 Y132.11 E963.23068
G1 X169.178 Y132.132 E963.23273
G1 X168.589 Y131.784 E963.27983
G1 X168.157 Y131.66 E963.31077
G1 X168.631 Y131.788 E963.34457
G1 F3600 E961.54457
G1 F600 Z3.1
G0 F12000 X159.578 Y130.893 Z3.1
G1 F600 Z2.1
G1 F3000 E963.34457
G1 F6000 X159.048 Y130.478 E963.39092
G1 X158.651 Y129.971 E963.43525
G1 X159.049 Y130.477 E963.47958
G1 X159.578 Y130.893 E963.52591
G1 F3600 E961.72591
G1 F600 Z3.1
G0 F12000 X147.911 Y116.404 Z3.1
G1 F600 Z2.1
G1 F3000 E963.52591
G1 F6000 X147.537 Y115.942 E963.56683
G1 X147.015 Y115.582 E963.61049
G1 X146.545 Y115.413 E963.64488
G1 X146.545 Y113.037 E963.80846
G1 X147.3 Y112.668 E963.86632
G1 X147.659 Y112.366 E963.89862
G1 X147.911 Y112.033 E963.92737
G1 X147.911 Y116.404 E964.2283
G1 F3600 E962.4283
G1 F600 Z3.1
G0 F12000 X152 Y116.613 Z3.1
G1 F600 Z2.1
G1 F3000 E964.2283
G1 F6000 X152 Y117.487 E964.28848
G1 X151.81 Y117.267 E964.30849
G1 X151.451 Y116.98 E964.34014
G1 X151.041 Y116.77 E964.37185
G1 X150.609 Y116.649 E964.40274
G1 X150.292 Y116.613 E964.4247
G1 X157.737 Y116.613 E964.93728
G1 X157.873 Y116.66 E964.94719
G1 X157.91 Y116.784 E964.9561
G1 X157.91 Y120.289 E965.19741
G1 X157.865 Y119.947 E965.22116
G1 X157.731 Y119.512 E965.2525
G1 X157.51 Y119.107 E965.28426
G1 X157.215 Y118.757 E965.31578
G1 X156.852 Y118.468 E965.34772
G1 X156.445 Y118.261 E965.37916
G1 X156 Y118.138 E965.41095
G1 X156 Y116.613 E965.51594
G1 F3600 E963.71594
G1 F600 Z3.1
G0 F12000 X156 Y110.413 Z3.1
G1 F600 Z2.1
G1 F3000 E965.51594
G1 F6000 X156 Y111.813 E965.61233
G1 X158.13 Y111.813 E965.75897
G1 X157.581 Y111.667 E965.79809
G1 X157.169 Y111.462 E965.82977
G1 X156.803 Y111.179 E965.86162
G1 X156.311 Y110.583 E965.91483
G1 X156.004 Y110.414 E965.93896
G1 X155.621 Y110.315 E965.96619
G1 X153.042 Y110.315 E966.14375
G1 X152.568 Y110.433 E966.17738
G1 X152.391 Y110.524 E966.19109
G1 X152.186 Y110.703 E966.20982
G1 X151.963 Y110.978 E966.2342
G1 X151.496 Y111.409 E966.27795
G1 X151.085 Y111.633 E966.31018
G1 X150.65 Y111.767 E966.34152
G1 X150.3 Y111.813 E966.36582
G1 X152 Y111.813 E966.48286
G1 X152 Y110.932 E966.54352
G1 F3600 E964.74352
G1 F600 Z3.1
G0 F12000 X164 Y131.616 Z3.1
G1 F600 Z2.1
G1 F3000 E966.54352
G1 F6000 X161.572 Y131.613 E966.71068
G1 X160.902 Y131.51 E966.75735
G1 X160.605 Y131.413 E966.77886
G1 X160.901 Y131.51 E966.80031
G1 X161.572 Y131.613 E966.84705
G1 X167.826 Y131.619 E967.27763
G1 X168 Y131.639 E967.28969
G1 F3600 E965.48969
G1 F600 Z3.1
G0 F12000 X192.68 Y131.952 Z3.1
G1 F600 Z2.1
G1 F3000 E967.28969
G1 F6000 X192.57 Y132.046 E967.29965
G1 X193.026 Y131.79 E967.33565
G1 X192.68 Y131.952 E967.36195
G0 F12000 X193.798 Y131.616
G1 F6000 X193.31 Y131.691 E967.39595
G1 X193.088 Y131.769 E967.41215
G1 X193.798 Y131.616 E967.46215
G1 F3600 E965.66215
G1 F600 Z3.1
G0 F12000 X201.496 Y131.221 Z3.1
G1 F600 Z2.1
G1 F3000 E967.46215
G1 F6000 X201.989 Y130.94 E967.50122
G1 X201.496 Y131.221 E967.54029
G1 F3600 E965.74029
G1 F600 Z3.1
G0 F12000 X203.413 Y129.186 Z3.1
G1 F600 Z2.1
G1 F3000 E967.54029
G1 F6000 X203.532 Y128.893 E967.56206
G1 F3600 E965.76206
G1 F600 Z3.1
G0 F12000 X204 Y119.292 Z3.1
G1 F600 Z2.1
G1 F3000 E967.56206
G1 F6000 X204 Y116.617 E967.74623
G1 X203.853 Y116.618 E967.75635
G1 X203.743 Y116.668 E967.76467
G1 X203.711 Y116.766 E967.77177
G1 X203.711 Y120.383 E968.02079
G1 X203.801 Y119.759 E968.0642
G1 X203.977 Y119.326 E968.09638
G1 X204.23 Y118.946 E968.12781
G1 X204.554 Y118.621 E968.15941
G1 X204.939 Y118.368 E968.19112
G1 X205.367 Y118.195 E968.22291
G1 X205.816 Y118.111 E968.25436
G1 X208.584 Y118.111 E968.44493
G1 X208.987 Y118.018 E968.4734
G1 X209.239 Y117.896 E968.49268
G1 X209.529 Y117.606 E968.52092
G1 X209.742 Y117.315 E968.54575
G1 X210.099 Y117.014 E968.5779
G1 X210.504 Y116.793 E968.60966
G1 X210.939 Y116.659 E968.641
G1 X211.282 Y116.614 E968.66482
G1 X208 Y116.615 E968.89078
G1 X208 Y118.111 E968.99377
G1 F3600 E967.19377
G1 F600 Z3.1
G0 F12000 X208 Y111.813 Z3.1
G1 F600 Z2.1
G1 F3000 E968.99377
G1 F6000 X208 Y110.315 E969.09691
G1 X208.621 Y110.315 E969.13966
G1 X209.004 Y110.414 E969.1669
G1 X209.318 Y110.587 E969.19158
G1 X209.585 Y110.939 E969.222
G1 X209.915 Y111.279 E969.25462
G1 X210.296 Y111.537 E969.2863
G1 X210.726 Y111.717 E969.31839
G1 X211.372 Y111.813 E969.36336
G1 X203.322 Y111.813 E969.91759
G1 X203.668 Y111.767 E969.94162
G1 X204 Y111.664 E969.96555
G1 X204 Y111.813 E969.97581
G1 F3600 E968.17581
G1 F600 Z3.1
G0 F12000 X164.712 Y123.635 Z3.1
G0 X164.891 Y124.408
G1 F600 Z2.1
G1 F3000 E969.97581
G1 F6000 X165.112 Y124.813 E970.00758
G1 X165.409 Y125.167 E970.03939
G1 X165.767 Y125.449 E970.07077
G1 X166.184 Y125.661 E970.10297
G1 X166.896 Y125.813 E970.1531
G1 X165.783 Y125.813 E970.22973
G1 X165.412 Y125.724 E970.25599
G1 X165.09 Y125.525 E970.28205
G1 X164.847 Y125.211 E970.30939
G1 X164.712 Y124.74 E970.34312
G1 X164.712 Y123.635 E970.4192
G1 X164.756 Y123.971 E970.44253
G1 X164.891 Y124.408 E970.47402
G1 F3600 E968.67402
G1 F600 Z3.1
G0 F12000 X164.711 Y119.789 Z3.1
G1 F600 Z2.1
G1 F3000 E970.47402
G1 F6000 X164.711 Y118.684 E970.5501
G1 X164.802 Y118.307 E970.5768
G1 X164.907 Y118.108 E970.59229
G1 X165.127 Y117.864 E970.61491
G1 X165.485 Y117.672 E970.64288
G1 X165.861 Y117.614 E970.66907
G1 X166.887 Y117.614 E970.73971
G1 X166.55 Y117.659 E970.76312
G1 X166.116 Y117.793 E970.79439
G1 X165.711 Y118.014 E970.82616
G1 X165.357 Y118.311 E970.85797
G1 X165.075 Y118.669 E970.88935
G1 X164.863 Y119.086 E970.92155
G1 X164.711 Y119.789 E970.97107
G1 F3600 E969.17107
G1 F600 Z3.1
G0 F12000 X196 Y118.091 Z3.1
G1 F600 Z2.1
G1 F3000 E970.97107
G1 F6000 X195.855 Y117.977 E970.98377
G1 X195.438 Y117.765 E971.01598
G1 X194.726 Y117.613 E971.0661
G1 X195.868 Y117.613 E971.14473
G1 X196 Y117.639 E971.15399
G1 X196 Y118.091 E971.18511
G1 F3600 E969.38511
G1 F600 Z3.1
G0 F12000 X196.787 Y125.208 Z3.1
G1 F600 Z2.1
G1 F3000 E971.18511
G1 F6000 X196.598 Y125.463 E971.20696
G1 X196.314 Y125.675 E971.23136
G3 X195.8390 Y125.8120 I-18.3519 J-62.7371 E971.265400
G1 X194.735 Y125.812 E971.34141
G1 X195.072 Y125.767 E971.36482
G1 X195.506 Y125.633 E971.39609
G1 X195.911 Y125.412 E971.42785
G3 X196.2650 Y125.1150 I51.2445 J60.7198 E971.459670
G1 X196.547 Y124.757 E971.49104
G1 X196.759 Y124.34 E971.52325
G1 X196.911 Y123.628 E971.57338
G1 X196.911 Y124.77 E971.652
G1 X196.787 Y125.208 E971.68334
G0 F12000 X196 Y125.337
G1 F6000 X196 Y125.766 E971.71288
G1 F3600 E969.91288
G1 F600 Z3.1
G0 F12000 X149.073 Y115.952 Z3.1
;TYPE:SUPPORT-INTERFACE
G1 F600 Z2.1
G1 F3000 E971.71288
G1 F5769.2 X148.568 Y115.952 E971.73698
G1 X148.567 Y112.467 E971.90334
G1 F5783.1 X149.075 Y112.468 E971.92753
G1 X148.981 Y112.648 E971.9372
G1 F5769.2 X148.984 Y115.776 E972.08652
G1 X149.073 Y115.952 E972.09593
G1 F3600 E970.29593
G1 F600 Z3.1
G0 F12000 X212.547 Y115.952 Z3.1
G1 F600 Z2.1
G1 F3000 E972.09593
G1 F5769.2 X212.636 Y115.776 E972.10534
G1 X212.636 Y112.648 E972.25466
G1 X212.541 Y112.468 E972.26437
G1 X213.052 Y112.468 E972.28877
G1 X213.052 Y115.952 E972.45508
G1 X212.547 Y115.952 E972.47918
G1 F3600 E970.67918
G1 F600 Z3.1
;MESH:LC-GR3005??????RFID?????????-WB.stl
G0 F12000 X188.138 Y137.378 Z3.1
;TYPE:FILL
G1 F600 Z2.1
G1 F3000 E972.47918
G1 F6000 X187.8 Y137.378 E972.50245
G1 X187.8 Y147.202 E973.17882
G1 X186 Y145.404 E973.35398
G0 F12000 X185.4 Y144.804
G1 F6000 X184.8 Y144.204 E973.4124
G1 X184.8 Y158.944 E974.42723
G1 X184.896 Y159.072 E974.43824
G1 X185.34 Y159.933 E974.50494
G3 X185.4410 Y160.2850 I-50.8826 J14.7903 E974.519850
G1 F3600 E972.71985
G1 F600 Z3.1
G0 F12000 X184.8 Y158.944 Z3.1
G1 F600 Z2.1
G1 F3000 E974.51985
G1 F6000 X184.551 Y158.613 E974.54836
G1 X184.2 Y158.242 E974.58353
G1 X184.2 Y143.604 E975.59133
G1 X184.8 Y144.204 E975.64975
G0 F12000 X184.2 Y143.604
G1 F6000 X183.6 Y143.004 E975.70817
G1 X183.6 Y157.74 E976.72272
G1 X183.943 Y157.971 E976.75119
G1 X184.2 Y158.242 E976.77691
G0 F12000 X183.6 Y157.74
G1 F6000 X183.25 Y157.503 E976.80601
G1 X183 Y157.373 E976.82541
G1 X183 Y142.404 E977.856
G1 X183.6 Y143.004 E977.91442
G0 F12000 X183 Y142.404
G1 F6000 X182.4 Y141.804 E977.97284
G1 X182.4 Y157.121 E979.02739
G1 X182.821 Y157.282 E979.05842
G1 X183 Y157.373 E979.07225
G0 F12000 X182.4 Y157.121
G1 F6000 X182.177 Y157.035 E979.0887
G1 X181.281 Y156.847 E979.15174
G1 X181.2 Y156.849 E979.15731
G1 X181.2 Y140.604 E980.27576
G1 X182.4 Y141.804 E980.3926
G1 X182.506 Y141.91
G1 F3600 E978.5926
G1 F600 Z3.1
G0 F12000 X181.2 Y140.604 Z3.1
G1 F600 Z2.1
G1 F3000 E980.3926
G1 F6000 X177.977 Y137.379 E980.70651
G1 X187.8 Y137.378 E981.38281
G1 X187.95 Y137.378
G1 F3600 E979.58281
G1 F600 Z3.1
G0 F12000 X183.646 Y137.378 Z3.1
G1 F600 Z2.1
G1 F3000 E981.38281
G1 F6000 X180.6 Y140.425 E981.67943
G1 X180.494 Y140.531
G1 F3600 E979.87943
G1 F600 Z3.1
G0 F12000 X179.4 Y141.625 Z3.1
G1 F600 Z2.1
G1 F3000 E981.67943
G1 F6000 X175.2 Y145.825 E982.08837
G1 X175.2 Y162.886 E983.263
G1 X175.2 Y165.312 E983.43002
G0 F12000 X175.8 Y165.312
G1 F6000 X175.8 Y163.487 E983.55567
G1 X175.8 Y163.447
G1 X175.8 Y145.225 E984.81023
G0 F12000 X175.2 Y145.825
G1 F6000 X174 Y147.025 E984.92707
G1 X174 Y161.686 E985.93646
G1 X174 Y165.312 E986.1861
G1 X174 Y165.462
G1 F3600 E984.3861
G1 F600 Z3.1
G0 F12000 X176.4 Y165.312 Z3.1
G1 F600 Z2.1
G1 F3000 E986.1861
G1 F6000 X176.4 Y164.087 E986.27044
G1 X176.4 Y163.937
G1 F3600 E984.47044
G1 F600 Z3.1
G0 F12000 X175.2 Y162.886 Z3.1
G1 F600 Z3.1
G0 F12000 X174 Y161.686
G1 F600 Z3.1
G0 F12000 X179.4 Y157.053
G1 F600 Z2.1
G1 F3000 E986.27044
G1 F6000 X178.536 Y157.383 E986.33412
G1 X177.622 Y158.034 E986.41137
G1 X176.975 Y158.711 E986.47585
G1 X176.469 Y159.509 E986.5409
G1 X176.104 Y160.332 E986.60289
G1 X176.164 Y160.332 E986.60702
G1 X176.038 Y160.758 E986.6376
G1 X175.965 Y161.259 E986.67246
G1 X175.941 Y161.829 E986.71174
G1 X175.981 Y162.274 E986.7425
G1 X176.156 Y163.168 E986.80522
G1 X176.476 Y163.924 E986.86174
G1 X176.731 Y164.365 E986.89681
G1 X176.934 Y164.621 E986.9193
G1 X173.477 Y161.164 E987.2559
G1 X173.477 Y147.547 E988.19341
G2 X174.1730 Y146.8520 I-362.7895 J-364.0075 E988.244280
G1 X174.162 Y137.11 E988.91501
G1 X174.162 Y136.96
G1 F3600 E987.11501
G1 F600 Z3.1
G0 F12000 X187.8 Y147.204 Z3.1
G1 F600 Z3.1
G0 F12000 X181.2 Y156.849
G1 F600 Z2.1
G1 F3000 E988.91501
G1 F6000 X180.6 Y156.857 E988.95632
G1 X180.6 Y140.425 E990.08764
G1 X179.4 Y141.625 E990.20448
G1 X179.4 Y157.053 E991.26667
G1 X179.44 Y157.037 E991.26964
G1 X180.253 Y156.861 E991.32691
G3 X180.7500 Y156.8560 I0.7629 J51.1256 E991.350800
G1 F3600 E989.5508
G1 F600 Z3.1
G0 F12000 X186.6 Y162.708 Z3.1
G1 F600 Z2.1
G1 F3000 E991.3508
G1 F6000 X186.6 Y165.312 E991.53008
G0 F12000 X186 Y165.312
G1 F6000 X186 Y163.308 E991.66805
G1 X184.714 Y164.594 E991.79327
G1 X184.902 Y164.343 E991.81486
G1 X185.334 Y163.505 E991.87977
G1 X185.592 Y162.643 E991.94172
G1 X185.68 Y161.679 E992.00836
G1 X185.587 Y160.797 E992.06942
G1 X185.4 Y160.141 E992.11639
G1 X185.4 Y144.804 E993.17232
G1 X186 Y145.404 E993.23074
G1 X186 Y163.308 E994.4634
G1 X187.8 Y161.508 E994.63866
G1 X187.8 Y147.204 E995.62347
G1 X188.138 Y147.541 E995.65633
G1 X188.138 Y161.17 E996.59467
G1 X187.8 Y161.508 E996.62758
G1 X187.8 Y165.308 E996.8892
G1 X187.8 Y165.458
G1 F3600 E995.0892
G1 F600 Z3.1
G0 F12000 X180.903 Y158.022 Z3.1
;TYPE:WALL-INNER
G1 F600 Z2.1
G1 F3000 E996.8892
G1 F6000 X181.166 Y158.018 E996.90731
G1 X181.85 Y158.16 E996.95541
G1 X182.511 Y158.416 E997.00421
G1 X183.168 Y158.852 E997.0585
G1 X183.69 Y159.404 E997.1108
G1 X183.893 Y159.674 E997.13406
G1 X184.234 Y160.317 E997.18417
G1 X184.43 Y160.977 E997.23157
G1 X184.504 Y161.612 E997.27558
G1 X184.427 Y162.488 E997.33613
G1 X184.232 Y163.112 E997.38114
G1 X183.827 Y163.875 E997.44061
G1 X183.261 Y164.472 E997.49725
G1 X182.982 Y164.704 E997.52223
G1 F5863.2 X182.31 Y165.1 E997.57719
G1 F5504.6 X181.543 Y165.413 E997.63935
G1 F5217.4 X180.808 Y165.462 E997.69768
G1 F5056.2 X180.242 Y165.428 E997.744
G1 F5357.1 X179.455 Y165.181 E997.80761
G1 F5901.6 X178.694 Y164.735 E997.86935
G1 F6000 X178.42 Y164.53 E997.89291
G1 X177.929 Y164.027 E997.9413
G1 X177.537 Y163.431 E997.99042
G1 X177.283 Y162.839 E998.03477
G1 X177.104 Y161.925 E998.09889
G1 X177.176 Y161.032 E998.16057
G1 X177.36 Y160.388 E998.20669
G1 X177.532 Y160 E998.23591
G1 X177.923 Y159.399 E998.28527
G1 X178.519 Y158.79 E998.34394
G1 X179.244 Y158.364 E998.40183
G1 X179.769 Y158.16 E998.44061
G1 X180.407 Y158.027 E998.48548
G1 X180.903 Y158.022 E998.51963
G0 F12000 X180.811 Y158.623
G1 F6000 X181.104 Y158.623 E998.5398
G1 X181.602 Y158.716 E998.57468
G1 X182.228 Y158.949 E998.62067
G1 X182.744 Y159.288 E998.66318
G1 X183.331 Y159.897 E998.72141
G1 X183.666 Y160.508 E998.76939
G1 X183.836 Y161.061 E998.80922
G1 X183.901 Y161.694 E998.85303
G1 X183.835 Y162.384 E998.90075
G1 X183.664 Y162.917 E998.93929
G1 X183.334 Y163.522 E998.98673
G1 X182.74 Y164.15 E999.04625
G1 X182.11 Y164.52 E999.09655
G1 X181.425 Y164.755 E999.14641
G1 X180.808 Y164.812 E999.18907
G1 X180.305 Y164.769 E999.22383
G1 X179.64 Y164.595 E999.27115
G1 X178.898 Y164.159 E999.3304
G1 X178.416 Y163.677 E999.37734
G1 X178.084 Y163.184 E999.41826
G1 X177.873 Y162.704 E999.45436
G1 X177.725 Y161.976 E999.5055
G1 X177.732 Y161.353 E999.5484
G1 X177.858 Y160.777 E999.58899
G1 X178.081 Y160.243 E999.62883
G1 X178.411 Y159.748 E999.66979
G1 X178.889 Y159.27 E999.71634
G1 X179.468 Y158.92 E999.76292
G1 X179.938 Y158.736 E999.79767
G1 X180.511 Y158.623 E999.83788
G1 X180.811 Y158.623 E999.85853
G1 F3600 E998.05853
G1 F600 Z3.1
G0 F12000 X180.714 Y157.421 Z3.1
G1 F600 Z2.1
G1 F3000 E999.85853
G1 F6000 X181.281 Y157.429 E999.89757
G1 X182.018 Y157.584 E999.94942
G1 X182.6 Y157.807 E999.99233
G1 X182.949 Y157.987 E1000.01937
G1 X183.565 Y158.401 E1000.07047
G1 X184.125 Y158.992 E1000.12652
G1 X184.41 Y159.37 E1000.15912
G1 X184.803 Y160.125 E1000.21772
G1 X185.024 Y160.893 E1000.27274
G1 X185.108 Y161.677 E1000.32702
G1 X185.018 Y162.591 E1000.39026
G1 X184.799 Y163.307 E1000.44181
G1 X184.415 Y164.046 E1000.49914
G1 X184.125 Y164.432 E1000.53238
G1 X183.697 Y164.884 E1000.57524
G1 X183.305 Y165.209 E1000.6103
G1 X182.588 Y165.611 E1000.66689
G1 X187.807 Y165.612 E1001.02621
G1 X188.16 Y165.532 E1001.05113
G1 X188.359 Y165.412 E1001.06713
G1 X188.545 Y165.209 E1001.08609
G1 X188.665 Y164.972 E1001.10438
G1 X188.708 Y164.629 E1001.12818
G1 X188.71 Y133.504 E1003.27109
G1 X172.901 Y133.504 E1004.35951
G1 X172.908 Y164.716 E1006.50841
G1 X173.027 Y165.137 E1006.53853
G1 X173.184 Y165.336 E1006.55598
G1 X173.382 Y165.494 E1006.57342
G1 X173.813 Y165.612 E1006.60419
G1 X179.003 Y165.612 E1006.96151
G1 X178.391 Y165.253 E1007.01036
G1 X178.007 Y164.965 E1007.04341
G1 X177.441 Y164.377 E1007.0996
G1 X176.991 Y163.679 E1007.15678
G1 X176.705 Y163.009 E1007.20693
G1 X176.543 Y162.183 E1007.26489
G1 X176.512 Y161.821 E1007.2899
G1 X176.544 Y161.056 E1007.34261
G1 X176.812 Y160.144 E1007.40806
G1 X177.195 Y159.387 E1007.46647
G1 X177.699 Y158.747 E1007.52255
G1 X178.315 Y158.215 E1007.57859
G1 X179.02 Y157.807 E1007.63467
G1 X179.6 Y157.585 E1007.67743
G1 X180.385 Y157.417 E1007.7327
G1 X180.714 Y157.421 E1007.75535
G1 F3600 E1005.95535
G1 F600 Z3.1
G0 F12000 X189.308 Y150.213 Z3.1
G1 F600 Z2.1
G1 F3000 E1007.75535
G1 F6000 X189.308 Y133.544 E1008.90299
G1 X189.384 Y132.904 E1008.94736
G1 X172.234 Y132.905 E1010.12811
G1 X172.304 Y133.556 E1010.17319
G1 X172.308 Y164.762 E1012.32168
G1 X172.353 Y165.052 E1012.34188
G1 X172.52 Y165.464 E1012.37249
G1 X172.757 Y165.763 E1012.39876
G1 X173.056 Y166 E1012.42502
G1 X173.463 Y166.163 E1012.45521
G1 X173.766 Y166.212 E1012.47634
G1 X178.92 Y166.212 E1012.83119
G1 F5438.1 X180.208 Y166.15 E1012.92914
G1 F5056.2 X180.808 Y166.162 E1012.97817
G1 F5013.9 X181.558 Y166.145 E1013.03998
G1 F5278.6 X182.493 Y166.197 E1013.11326
G1 F5863.2 X183 Y166.212 E1013.149
G1 F6000 X187.854 Y166.212 E1013.48319
G1 X188.39 Y166.088 E1013.52107
G1 X188.759 Y165.863 E1013.55082
G1 X189.027 Y165.572 E1013.57806
G1 X189.237 Y165.159 E1013.60996
G1 X189.308 Y164.651 E1013.64527
G1 X189.308 Y150.213 E1014.63931
G0 F12000 X189.908 Y150.213
G1 F6000 X189.908 Y133.544 E1015.78694
G1 X189.976 Y132.993 E1015.82517
G1 X190.159 Y132.304 E1015.87425
G1 X171.442 Y132.304 E1017.16288
G1 X171.527 Y132.533 E1017.1797
G1 X171.651 Y133.04 E1017.21564
G1 X171.704 Y133.556 E1017.25135
G1 X171.708 Y164.807 E1019.40293
G1 X171.767 Y165.191 E1019.42968
G1 X172.013 Y165.79 E1019.47426
G1 X172.329 Y166.191 E1019.50941
G1 X172.73 Y166.507 E1019.54456
G1 X172.998 Y166.645 E1019.56532
G1 X173.325 Y166.749 E1019.58894
G1 X173.719 Y166.812 E1019.61641
G1 X187.901 Y166.812 E1020.59282
G1 X188.294 Y166.749 E1020.62023
G1 X188.619 Y166.645 E1020.64372
G1 X189.159 Y166.315 E1020.68729
G1 X189.509 Y165.935 E1020.72286
G1 X189.809 Y165.346 E1020.76837
G1 X189.908 Y164.674 E1020.81513
G1 X189.908 Y150.213 E1021.81075
G0 F12000 X190.509 Y150.214
;TYPE:WALL-OUTER
G1 F6000 X190.511 Y133.501 E1022.96142
G1 X190.57 Y133.077 E1022.99089
G1 X190.703 Y132.604 E1023.02472
G1 X190.891 Y132.168 E1023.05741
G1 X191.202 Y131.704 E1023.09586
G1 X170.444 Y131.704 E1024.52502
G1 X170.762 Y132.229 E1024.56728
G1 X170.947 Y132.684 E1024.6011
G1 X171.055 Y133.109 E1024.63129
G1 X171.104 Y133.556 E1024.66225
G1 X171.108 Y164.853 E1026.817
G1 X171.181 Y165.33 E1026.85022
G1 X171.318 Y165.752 E1026.88077
G1 X171.506 Y166.116 E1026.90897
G1 X171.902 Y166.618 E1026.95299
G1 X172.404 Y167.014 E1026.99702
G1 X172.768 Y167.201 E1027.02519
G1 X173.186 Y167.335 E1027.05541
G1 X173.672 Y167.412 E1027.08929
G1 X187.948 Y167.412 E1028.07217
G1 X188.434 Y167.335 E1028.10605
G1 X188.849 Y167.201 E1028.13607
G1 X189.215 Y167.015 E1028.16434
G1 X189.559 Y166.766 E1028.19358
G1 X189.991 Y166.298 E1028.23743
G1 X190.212 Y165.934 E1028.26674
G1 X190.381 Y165.534 E1028.29664
G1 X190.474 Y165.141 E1028.32444
G1 X190.508 Y164.696 E1028.35517
G1 X190.509 Y150.214 E1029.35224
G0 F12000 X190.509 Y150.014
G1 F3600 E1027.55224
G1 F600 Z3.1
G0 F12000 X180.811 Y159.221 Z3.1
G1 F600 Z2.1
G1 F3000 E1029.35224
G1 F6000 X181.048 Y159.221 E1029.36855
G1 X181.54 Y159.321 E1029.40312
G1 X181.978 Y159.503 E1029.43577
G1 X182.363 Y159.752 E1029.46734
G1 X182.843 Y160.256 E1029.51526
G1 X183.097 Y160.7 E1029.55048
G1 X183.242 Y161.145 E1029.5827
G1 X183.307 Y161.601 E1029.61441
G1 X183.244 Y162.28 E1029.66136
G1 X183.072 Y162.775 E1029.69744
G1 X182.844 Y163.168 E1029.72872
G1 X182.39 Y163.647 E1029.77416
G1 X181.914 Y163.952 E1029.81308
G1 X181.276 Y164.168 E1029.85946
G1 X180.808 Y164.212 E1029.89182
G1 X180.308 Y164.161 E1029.92642
G1 X179.84 Y164.016 E1029.96015
G1 X179.269 Y163.681 E1030.00573
G1 X178.941 Y163.37 E1030.03685
G1 X178.63 Y162.936 E1030.07361
G1 X178.445 Y162.523 E1030.10477
G1 X178.316 Y161.872 E1030.15046
G1 X178.34 Y161.323 E1030.18829
G1 X178.44 Y160.923 E1030.21668
G1 X178.629 Y160.486 E1030.24946
G1 X178.899 Y160.097 E1030.28206
G1 X179.241 Y159.766 E1030.31483
G1 X179.642 Y159.503 E1030.34785
G1 X180.133 Y159.305 E1030.3843
G1 X180.567 Y159.221 E1030.41473
G1 X180.811 Y159.221 E1030.43153
G0 F12000 X181.011 Y159.221
G1 F3600 E1028.63153
G1 F600 Z3.1
G0 F12000 X180.811 Y136.836 Z3.1
;TYPE:SKIN
G1 F600 Z2.1
G1 F3000 E1030.43153
G1 F6000 X173.472 Y136.836 E1030.93681
G1 X173.472 Y134.072 E1031.12711
G1 X188.136 Y134.072 E1032.1367
G1 X188.136 Y136.836 E1032.327
G1 X180.811 Y136.836 E1032.83131
G1 F3600 E1031.03131
G1 F600 Z3.1
G0 F12000 X173.871 Y136.536 Z3.1
G1 F600 Z2.1
G1 F3000 E1032.83131
G1 F6000 X173.772 Y136.437 E1032.84095
G0 F12000 X173.772 Y135.588
G1 F6000 X174.72 Y136.536 E1032.93326
G0 F12000 X175.568 Y136.536
G1 F6000 X173.772 Y134.74 E1033.10813
G0 F12000 X174.253 Y134.372
G1 F6000 X176.417 Y136.536 E1033.31883
G0 F12000 X177.265 Y136.536
G1 F6000 X175.102 Y134.372 E1033.52948
G0 F12000 X175.95 Y134.372
G1 F6000 X178.114 Y136.536 E1033.74018
G0 F12000 X178.962 Y136.536
G1 F6000 X176.799 Y134.372 E1033.95083
G0 F12000 X177.647 Y134.372
G1 F6000 X179.811 Y136.536 E1034.16153
G0 F12000 X180.659 Y136.536
G1 F6000 X178.496 Y134.372 E1034.37219
G0 F12000 X179.344 Y134.372
G1 F6000 X181.508 Y136.536 E1034.58289
G0 F12000 X182.356 Y136.536
G1 F6000 X180.193 Y134.372 E1034.79354
G0 F12000 X181.041 Y134.372
G1 F6000 X183.205 Y136.536 E1035.00424
G0 F12000 X184.054 Y136.536
G1 F6000 X181.89 Y134.372 E1035.21494
G0 F12000 X182.738 Y134.372
G1 F6000 X184.902 Y136.536 E1035.42564
G0 F12000 X185.751 Y136.536
G1 F6000 X183.587 Y134.372 E1035.63634
G0 F12000 X184.435 Y134.372
G1 F6000 X186.599 Y136.536 E1035.84704
G0 F12000 X187.448 Y136.536
G1 F6000 X185.284 Y134.372 E1036.05775
G0 F12000 X186.132 Y134.372
G1 F6000 X187.837 Y136.076 E1036.22371
G0 F12000 X187.837 Y135.228
G1 F6000 X186.981 Y134.372 E1036.30705
G1 X186.875 Y134.266
G1 F3600 E1034.50705
G1 F600 Z3.1
;MESH:NONMESH
G0 F12000 X212.541 Y112.468 Z3.1
;TIME_ELAPSED:405.054701
;LAYER:7
G0 X212.541 Y112.468 Z3.4
;TYPE:SUPPORT-INTERFACE
G1 F600 Z2.2
G1 F3000 E1036.30705
G1 F5769.2 X213.052 Y112.468 E1036.33145
G1 X213.052 Y115.952 E1036.49775
G1 X212.547 Y115.952 E1036.52186
G1 X212.636 Y115.776 E1036.53127
G1 X212.636 Y112.648 E1036.68059
G1 X212.541 Y112.468 E1036.6903
G1 F3600 E1034.8903
G1 F600 Z3.4
G0 F12000 X148.567 Y112.467 Z3.4
G1 F600 Z2.2
G1 F3000 E1036.6903
G1 F5783.1 X149.075 Y112.468 E1036.7145
G1 X148.981 Y112.648 E1036.72417
G1 F5769.2 X148.984 Y115.776 E1036.87348
G1 X149.073 Y115.952 E1036.8829
G1 X148.568 Y115.952 E1036.907
G1 X148.567 Y112.467 E1037.07336
G0 F12000 X148.567 Y112.467 Z2.4
G0 X147.911 Y112.058
G0 X147.555 Y112.484
;TYPE:SUPPORT
G1 F6000 X147.911 Y112.058 E1037.11158
G1 X147.911 Y116.388 E1037.40969
G1 X147.681 Y116.07 E1037.43671
G1 X147.339 Y115.767 E1037.46817
G1 X146.938 Y115.537 E1037.5
G1 X146.545 Y115.413 E1037.52837
G1 X146.545 Y113.031 E1037.69237
G1 X147.186 Y112.76 E1037.74028
G1 X147.555 Y112.484 E1037.77201
G1 F3600 E1035.97201
G1 F600 Z3.4
G0 F12000 X152 Y110.933 Z3.4
G1 F600 Z2.4
G1 F3000 E1037.77201
G1 F6000 X152 Y111.813 E1037.8326
G1 X150.719 Y111.813 E1037.92079
G1 X151.315 Y111.584 E1037.96475
G1 X151.695 Y111.309 E1037.99704
G1 X152.187 Y110.703 E1038.05078
G1 X152.391 Y110.524 E1038.06947
G1 X152.568 Y110.433 E1038.08317
G1 X153.042 Y110.315 E1038.1168
G1 X155.621 Y110.315 E1038.29436
G1 X156 Y110.413 E1038.32131
G1 X156 Y111.813 E1038.4177
G1 F3600 E1036.6177
G1 F600 Z3.4
G0 F12000 X156 Y118.006 Z3.4
G1 F600 Z2.4
G1 F3000 E1038.4177
G1 F6000 X156 Y116.678 E1038.50913
G1 X155.882 Y116.613 E1038.51841
G1 X150.751 Y116.613 E1038.87167
G1 X151.171 Y116.767 E1038.90247
G1 X151.562 Y117.006 E1038.93402
G1 X152 Y117.451 E1038.97701
G1 X152 Y116.613 E1039.0347
G1 F3600 E1037.2347
G1 F600 Z3.4
G0 F12000 X208 Y118.111 Z3.4
G0 X208.987 Y118.018
G1 F600 Z2.4
G1 F3000 E1039.0347
G1 F6000 X208.584 Y118.111 E1039.06318
G1 X208 Y118.111 E1039.10339
G1 X206.069 Y118.111 E1039.23633
G1 X205.576 Y118.003 E1039.27108
G1 X205.325 Y117.867 E1039.29073
G1 X205.126 Y117.653 E1039.31085
G1 X204.966 Y117.277 E1039.33899
G1 X204.92 Y116.983 E1039.35947
G1 X204.967 Y116.981 E1039.36271
G1 X205.458 Y116.614 E1039.40492
G1 X208 Y116.613 E1039.57993
G1 X210.886 Y116.613 E1039.77863
G1 X210.31 Y116.835 E1039.82113
G1 X209.937 Y117.102 E1039.85271
G1 X209.623 Y117.438 E1039.88437
G1 X209.519 Y117.616 E1039.89856
G1 X209.239 Y117.896 E1039.92583
G1 X208.987 Y118.018 E1039.9451
G1 F3600 E1038.1451
G1 F600 Z3.4
G0 F12000 X210.892 Y111.813 Z3.4
G1 F600 Z2.4
G1 F3000 E1039.9451
G1 F6000 X208 Y111.813 E1040.14421
G1 X205.263 Y111.813 E1040.33265
G1 X204.89 Y111.644 E1040.36084
G1 X204.963 Y111.137 E1040.39611
G1 X205.074 Y110.853 E1040.4171
G1 X205.23 Y110.651 E1040.43468
G1 X205.565 Y110.436 E1040.46208
G1 X206.121 Y110.313 E1040.50129
G1 X208 Y110.315 E1040.63065
G1 X208.621 Y110.315 E1040.67341
G1 X209.004 Y110.414 E1040.70064
G1 X209.318 Y110.587 E1040.72533
G1 X209.495 Y110.778 E1040.74325
G1 X209.566 Y110.918 E1040.75406
G1 X209.858 Y111.258 E1040.78492
G1 X210.218 Y111.537 E1040.81628
G1 X210.634 Y111.744 E1040.84827
G1 X210.892 Y111.813 E1040.86665
G1 F3600 E1039.06665
G1 F600 Z3.4
G0 F12000 X208 Y111.813 Z3.4
G1 F600 Z2.4
G1 F3000 E1040.86665
G1 F6000 X208 Y110.315 E1040.96979
G1 F3600 E1039.16979
G1 F600 Z3.4
G0 F12000 X208 Y116.613 Z3.4
G1 F600 Z2.4
G1 F3000 E1040.96979
G1 F6000 X208 Y118.111 E1041.07292
G1 F3600 E1039.27292
G1 F600 Z3.4
;MESH:LC-GR3005??????RFID?????????-WB.stl
G0 F12000 X210.31 Y114.212 Z3.4
;TYPE:WALL-INNER
G1 F600 Z2.4
G1 F3000 E1041.07292
G1 F6000 X204.847 Y114.212 E1041.44904
G1 F3600 E1039.64904
G1 F600 Z3.4
G0 F12000 X196.341 Y114.731 Z3.4
G1 F600 Z2.4
G1 F3000 E1041.44904
G1 F8612.4 X195.956 Y114.712 E1041.46753
G1 F9000 X165.684 Y114.712 E1042.85699
G1 F8674.7 X165.336 Y114.727 E1042.87357
G1 F3600 E1041.07357
G1 F600 Z3.4
G0 F12000 X156.708 Y114.212 Z3.4
G1 F600 Z2.4
G1 F3000 E1042.87357
G1 F6000 X151.31 Y114.212 E1043.24522
G1 F3600 E1041.44522
G1 F600 Z3.4
G0 F12000 X165.195 Y128.685 Z3.4
G1 F600 Z2.4
G1 F3000 E1043.24522
G1 F7228.9 X164.556 Y128.571 E1043.28231
G1 F6338 X164.053 Y128.412 E1043.31669
G1 F6000 X163.371 Y128.004 E1043.37141
G1 X162.76 Y127.446 E1043.42838
G1 X162.488 Y127.108 E1043.45825
G1 X162.122 Y126.497 E1043.50728
G1 F5815.8 X161.899 Y125.976 E1043.54754
G1 F5341.2 X161.659 Y125.145 E1043.61443
G1 F5113.6 X161.658 Y118.572 E1044.14541
G1 F5056.2 X161.687 Y118.147 E1044.18022
G1 F5286.3 X161.842 Y117.544 E1044.22887
G1 F5815.8 X162.213 Y116.741 E1044.2917
G1 F6000 X162.519 Y116.274 E1044.33014
G1 X163.044 Y115.69 E1044.3842
G1 X163.385 Y115.41 E1044.41458
G1 X164.062 Y115.009 E1044.46876
G1 F6569.3 X164.603 Y114.814 E1044.50492
G1 F7775.4 X165.336 Y114.727 E1044.54413
G1 F7627.1 X164.68 Y114.77 E1044.57974
G1 F6451.6 X164.023 Y114.812 E1044.62189
G1 F6000 X160.279 Y114.812 E1044.87966
G1 X160.678 Y115.576 E1044.939
G1 X160.821 Y116.028 E1044.97164
G1 X160.903 Y116.454 E1045.00151
G1 F5882.4 X160.92 Y117.127 E1045.04879
G1 F5341.2 X160.971 Y118.077 E1045.12237
G1 F5056.2 X160.958 Y118.572 E1045.16282
G1 F5142.9 X160.959 Y124.848 E1045.66693
G1 F5077.6 X160.968 Y125.283 E1045.70233
G1 F5309.7 X160.931 Y126.09 E1045.76518
G1 F5815.8 X160.911 Y126.809 E1045.81627
G1 F6000 X160.912 Y127.713 E1045.8785
G1 X161.033 Y128.147 E1045.90952
G1 X161.185 Y128.339 E1045.92638
G1 X161.38 Y128.493 E1045.94349
G1 X161.801 Y128.612 E1045.97361
G1 X164.003 Y128.613 E1046.12522
G1 F6792.5 X165.195 Y128.685 E1046.19784
G1 F8352.7 X165.672 Y128.713 E1046.22147
G1 F8933 X168.049 Y128.714 E1046.33139
G1 F8470.6 X168.451 Y128.734 E1046.35102
G1 F3600 E1044.55102
G1 F600 Z3.4
G0 F12000 X180.811 Y128.212 Z3.4
G1 F600 Z2.4
G1 F3000 E1046.35102
G1 F6000 X165.672 Y128.212 E1047.39332
G1 X165.319 Y128.17 E1047.41779
G1 X164.69 Y128.018 E1047.46235
G1 X164.336 Y127.883 E1047.48843
G1 X163.751 Y127.539 E1047.53515
G1 X163.227 Y127.069 E1047.58362
G1 X162.962 Y126.74 E1047.6127
G1 X162.647 Y126.206 E1047.65539
G1 X162.501 Y125.831 E1047.68309
G1 X162.308 Y125.015 E1047.74082
G1 X162.308 Y118.572 E1048.18441
G1 X162.337 Y118.277 E1048.20482
G1 X162.508 Y117.561 E1048.2555
G1 X162.736 Y117.035 E1048.29497
G1 X163.018 Y116.608 E1048.33021
G1 X163.471 Y116.111 E1048.3765
G1 X164.042 Y115.695 E1048.42514
G1 X164.648 Y115.415 E1048.4711
G1 X164.941 Y115.326 E1048.49219
G1 X165.684 Y115.212 E1048.54394
G1 X195.956 Y115.212 E1050.62812
G1 X196.675 Y115.323 E1050.67821
G1 X196.966 Y115.411 E1050.69914
G1 X197.578 Y115.695 E1050.74559
G1 X198.149 Y116.111 E1050.79423
G1 X198.607 Y116.615 E1050.84112
G1 X198.882 Y117.034 E1050.87562
G1 X199.177 Y117.711 E1050.92647
G1 X199.308 Y118.58 E1050.98697
G1 X199.308 Y125.031 E1051.43111
G1 X199.109 Y125.871 E1051.49055
G1 X198.776 Y126.551 E1051.54268
G1 X198.428 Y127.02 E1051.58288
G1 X198.18 Y127.281 E1051.60767
G1 X197.631 Y127.696 E1051.65505
G1 X196.925 Y128.018 E1051.70848
G1 X196.112 Y128.212 E1051.76602
G1 X180.811 Y128.212 E1052.81947
G0 F12000 X180.811 Y127.612
G1 F6000 X165.563 Y127.612 E1053.86928
G1 X164.708 Y127.405 E1053.92984
G1 X164.13 Y127.074 E1053.9757
G1 X163.695 Y126.693 E1054.01551
G1 X163.436 Y126.372 E1054.04391
G1 X163.113 Y125.815 E1054.08824
G1 X162.908 Y124.949 E1054.14951
G1 X162.908 Y118.47 E1054.59558
G1 X163.063 Y117.789 E1054.64366
G1 X163.259 Y117.33 E1054.67803
G1 X163.516 Y116.942 E1054.71007
G1 X163.899 Y116.532 E1054.7487
G1 X164.372 Y116.196 E1054.78864
G1 X164.962 Y115.931 E1054.83317
G1 X165.684 Y115.812 E1054.88355
G1 X195.956 Y115.812 E1056.96773
G1 X196.651 Y115.927 E1057.01623
G1 X197.248 Y116.196 E1057.06131
G1 X197.721 Y116.532 E1057.10126
G1 X198.109 Y116.949 E1057.14047
G1 X198.36 Y117.329 E1057.17183
G1 X198.595 Y117.878 E1057.21294
G1 X198.708 Y118.58 E1057.2619
G1 X198.708 Y124.955 E1057.70081
G1 X198.608 Y125.464 E1057.73652
G1 X198.368 Y126.094 E1057.78294
G1 X197.876 Y126.758 E1057.83983
G1 X197.348 Y127.166 E1057.88577
G1 X196.784 Y127.435 E1057.92879
G1 X196.046 Y127.612 E1057.98105
G1 X180.811 Y127.612 E1059.02995
G1 F3600 E1057.22995
G1 F600 Z3.4
G0 F12000 X193.281 Y128.729 Z3.4
G1 F600 Z2.4
G1 F3000 E1059.02995
G1 F8633.1 X193.652 Y128.712 E1059.04772
G1 F9000 X195.944 Y128.712 E1059.15292
G1 F8674.7 X196.292 Y128.697 E1059.16951
G1 F7422.7 X197.067 Y128.641 E1059.21275
G1 F6315.8 X197.611 Y128.612 E1059.24839
G1 F6000 X199.806 Y128.612 E1059.39951
G1 X200.162 Y128.533 E1059.42461
G1 X200.355 Y128.415 E1059.44019
G1 X200.552 Y128.201 E1059.46021
G1 X200.639 Y128.036 E1059.47306
G1 X200.708 Y127.669 E1059.49877
G1 F5921.1 X200.7 Y126.311 E1059.59351
G1 F5389.2 X200.649 Y125.295 E1059.67149
G1 F5077.6 X200.658 Y124.86 E1059.70688
G1 F5142.9 X200.658 Y118.58 E1060.21131
G1 F5063.3 X200.647 Y118.115 E1060.24926
G1 F5365.1 X200.698 Y117.128 E1060.32536
G1 F5901.6 X200.714 Y116.45 E1060.37283
G1 F6000 X200.794 Y116.023 E1060.40274
G1 X200.951 Y115.547 E1060.43725
G1 X201.342 Y114.812 E1060.49457
G1 X197.601 Y114.812 E1060.75213
G1 F6440.1 X196.971 Y114.771 E1060.79262
G1 F7547.2 X196.34 Y114.731 E1060.82723
G1 F7258.1 X197.188 Y114.879 E1060.87622
G1 F6228.4 X197.562 Y115.01 E1060.90251
G1 F6000 X198.235 Y115.41 E1060.95641
G1 X198.576 Y115.69 E1060.98679
G1 X199.106 Y116.281 E1061.04144
G1 X199.404 Y116.739 E1061.07906
G1 F5825.2 X199.782 Y117.559 E1061.14309
G1 F5325.4 X199.958 Y118.289 E1061.20134
G1 F5056.2 X199.958 Y125.15 E1061.76188
G1 F5225 X199.819 Y125.7 E1061.80673
G1 F5678.2 X199.511 Y126.465 E1061.86673
G1 F6000 X199.258 Y126.909 E1061.90191
G1 X198.909 Y127.378 E1061.94216
G1 X198.563 Y127.743 E1061.97679
G1 X198.263 Y127.991 E1062.00359
G1 X197.562 Y128.413 E1062.05992
G1 F6315.8 X197.059 Y128.572 E1062.09442
G1 F7422.7 X196.292 Y128.697 E1062.13767
G1 F3600 E1060.33767
G1 F600 Z3.4
G0 F12000 X180.714 Y157.421 Z3.4
G1 F600 Z2.4
G1 F3000 E1062.13767
G1 F6000 X181.281 Y157.429 E1062.17671
G1 X182.018 Y157.584 E1062.22856
G1 X182.6 Y157.807 E1062.27147
G1 X182.949 Y157.987 E1062.29851
G1 X183.565 Y158.401 E1062.34961
G1 X184.125 Y158.992 E1062.40566
G1 X184.41 Y159.37 E1062.43826
G1 X184.803 Y160.125 E1062.49686
G1 X185.024 Y160.893 E1062.55188
G1 X185.108 Y161.677 E1062.60617
G1 X185.018 Y162.591 E1062.6694
G1 X184.799 Y163.307 E1062.72095
G1 X184.415 Y164.045 E1062.77822
G1 X184.126 Y164.433 E1062.81153
G1 X183.698 Y164.884 E1062.85434
G1 X183.305 Y165.209 E1062.88945
G1 X182.589 Y165.611 E1062.94599
G1 X187.807 Y165.612 E1063.30524
G1 X188.16 Y165.532 E1063.33016
G1 X188.359 Y165.412 E1063.34616
G1 X188.545 Y165.209 E1063.36511
G1 X188.665 Y164.972 E1063.3834
G1 X188.708 Y164.629 E1063.4072
G1 X188.708 Y133.37 E1065.55934
G1 X188.839 Y132.585 E1065.61413
G1 X189.044 Y131.899 E1065.66342
G1 X189.415 Y131.141 E1065.72153
G1 X189.871 Y130.485 E1065.77653
G1 X190.191 Y130.122 E1065.80985
G1 X190.631 Y129.727 E1065.85056
G1 X191.354 Y129.227 E1065.91108
G1 X192.087 Y128.917 E1065.96587
G1 F6315.8 X192.523 Y128.818 E1065.99511
G1 F7407.4 X193.281 Y128.729 E1066.03768
G1 F7563 X192.674 Y128.77 E1066.07091
G1 F6451.6 X192.066 Y128.812 E1066.10993
G1 F6020.1 X180.815 Y128.809 E1066.88196
G1 F6081.1 X169.564 Y128.807 E1067.64625
G1 F6949.8 X168.451 Y128.734 E1067.71254
G1 F7332 X169.149 Y128.829 E1067.75223
G1 F6394.3 X169.542 Y128.922 E1067.77832
G1 F6050.4 X170.333 Y129.288 E1067.83783
G1 F6000 X171.11 Y129.805 E1067.90208
G1 X171.792 Y130.526 E1067.97041
G1 X172.243 Y131.193 E1068.02585
G1 X172.569 Y131.883 E1068.07839
G1 X172.795 Y132.657 E1068.1339
G1 X172.904 Y133.414 E1068.18656
G1 X172.908 Y164.716 E1070.34165
G1 X173.027 Y165.137 E1070.37177
G1 X173.184 Y165.336 E1070.38923
G1 X173.382 Y165.494 E1070.40667
G1 X173.795 Y165.608 E1070.43616
G1 X179 Y165.609 E1070.79452
G1 X178.391 Y165.254 E1070.84305
G1 X178.008 Y164.965 E1070.87609
G1 X177.441 Y164.376 E1070.93237
G1 X176.991 Y163.679 E1070.98949
G1 X176.704 Y163.005 E1071.03993
G1 X176.543 Y162.183 E1071.0976
G1 X176.512 Y161.821 E1071.12261
G1 X176.544 Y161.056 E1071.17533
G1 X176.812 Y160.144 E1071.24077
G1 X177.195 Y159.387 E1071.29918
G1 X177.699 Y158.747 E1071.35527
G1 X178.315 Y158.215 E1071.4113
G1 X179.02 Y157.807 E1071.46739
G1 X179.6 Y157.585 E1071.51014
G1 X180.385 Y157.417 E1071.56541
G1 X180.714 Y157.421 E1071.58807
G1 F3600 E1069.78807
G1 F600 Z3.4
G0 F12000 X189.308 Y150.213 Z3.4
G1 F600 Z2.4
G1 F3000 E1071.58807
G1 F6000 X189.308 Y133.422 E1072.7441
G1 X189.418 Y132.74 E1072.79166
G1 X189.526 Y132.336 E1072.82045
G1 X189.811 Y131.623 E1072.87332
G1 X190.464 Y130.683 E1072.95212
G1 X191.032 Y130.173 E1073.00468
G1 X191.645 Y129.755 E1073.05576
G1 X192.47 Y129.406 E1073.11743
G1 X193.51 Y129.212 E1073.19027
G1 X199.854 Y129.212 E1073.62704
G1 X200.392 Y129.089 E1073.66504
G1 X200.757 Y128.865 E1073.69452
G1 X201.032 Y128.565 E1073.72254
G1 X201.217 Y128.207 E1073.75029
G1 X201.308 Y127.725 E1073.78406
G1 X201.312 Y116.499 E1074.55695
G1 X201.52 Y115.737 E1074.61133
G1 X201.755 Y115.297 E1074.64568
G1 X202.178 Y114.823 E1074.68942
G1 X202.382 Y114.664 E1074.70722
G1 F6741.6 X202.874 Y114.478 E1074.73945
G1 F9399.5 X203.654 Y114.364 E1074.7741
G1 F9625.7 X204.251 Y114.288 E1074.79993
G1 F6857.1 X204.848 Y114.212 E1074.83618
G1 F6593.4 X204.207 Y114.133 E1074.87664
G1 F8238 X203.567 Y114.055 E1074.90897
G1 F8470.6 X202.823 Y114.146 E1074.94553
G1 F6741.6 X202.226 Y114.212 E1074.98233
G1 F6020.1 X187.97 Y114.212 E1075.96056
G1 F6050.4 X173.714 Y114.212 E1076.93389
G1 F6081.1 X159.458 Y114.212 E1077.90231
G1 F7200 X158.653 Y114.117 E1077.94881
G1 F10140.8 X157.908 Y114.066 E1077.97923
G1 F9625.7 X157.308 Y114.139 E1078.00517
G1 F6857.1 X156.707 Y114.212 E1078.04164
G1 X157.303 Y114.288 E1078.07784
G1 F9625.7 X157.898 Y114.365 E1078.10358
G1 F10140.8 X158.59 Y114.443 E1078.13195
G1 F7258.1 X159.217 Y114.662 E1078.16975
G1 F6101.7 X159.431 Y114.815 E1078.18756
G1 F6000 X159.865 Y115.297 E1078.23222
G1 X160.106 Y115.758 E1078.26803
G1 X160.304 Y116.504 E1078.32117
G1 X160.312 Y127.758 E1079.09599
G1 X160.357 Y128.053 E1079.11654
G1 X160.524 Y128.471 E1079.14753
G1 X160.757 Y128.767 E1079.17346
G1 X161.055 Y129.001 E1079.19955
G1 X161.466 Y129.167 E1079.23007
G1 X161.755 Y129.212 E1079.2502
G1 X168.2 Y129.216 E1079.69393
G1 X169.204 Y129.42 E1079.76447
G1 X170 Y129.787 E1079.82482
G1 X170.589 Y130.179 E1079.87353
G1 X171.147 Y130.692 E1079.92571
G1 X171.656 Y131.355 E1079.98326
G1 X172.001 Y132.077 E1080.03835
G1 X172.201 Y132.743 E1080.08623
G1 X172.304 Y133.45 E1080.13542
G1 X172.308 Y164.761 E1082.29113
G1 X172.353 Y165.052 E1082.31141
G1 X172.52 Y165.464 E1082.34201
G1 X172.756 Y165.764 E1082.36829
G1 X173.056 Y166 E1082.39457
G1 X173.462 Y166.163 E1082.42469
G1 X173.748 Y166.208 E1082.44463
G1 X178.92 Y166.209 E1082.80071
G1 F5438.1 X180.208 Y166.148 E1082.89866
G1 F5056.2 X180.807 Y166.161 E1082.94761
G1 F5013.9 X181.558 Y166.145 E1083.0095
G1 F5278.6 X182.493 Y166.196 E1083.08278
G1 F5863.2 X183 Y166.21 E1083.11851
G1 F6000 X187.854 Y166.212 E1083.4527
G1 X188.39 Y166.088 E1083.49058
G1 X188.759 Y165.863 E1083.52034
G1 X189.027 Y165.572 E1083.54757
G1 X189.237 Y165.159 E1083.57947
G1 X189.308 Y164.651 E1083.61479
G1 X189.308 Y150.213 E1084.60882
G0 F12000 X189.908 Y150.213
G1 F6000 X189.908 Y133.473 E1085.76135
G1 X189.998 Y132.895 E1085.80162
G1 X190.106 Y132.491 E1085.83041
G1 X190.343 Y131.909 E1085.87368
G1 X190.917 Y131.082 E1085.94298
G1 X191.433 Y130.619 E1085.99071
G1 X191.938 Y130.282 E1086.03251
G1 X192.641 Y129.985 E1086.08506
G1 X193.565 Y129.812 E1086.14978
G1 X199.901 Y129.812 E1086.586
G1 X200.295 Y129.749 E1086.61347
G1 X200.622 Y129.645 E1086.6371
G1 X201.158 Y129.316 E1086.6804
G1 X201.512 Y128.929 E1086.71651
G1 X201.796 Y128.379 E1086.75912
G1 X201.908 Y127.78 E1086.80108
G1 X201.91 Y116.547 E1087.57445
G1 X202.09 Y115.927 E1087.6189
G1 X202.23 Y115.663 E1087.63948
G1 X202.548 Y115.295 E1087.67296
G1 X203.035 Y114.986 E1087.71267
G1 X203.608 Y114.813 E1087.75388
G1 X210.91 Y114.812 E1088.25661
G1 X210.909 Y113.612 E1088.33923
G1 X150.71 Y113.612 E1092.48384
G1 X150.711 Y114.812 E1092.56646
G1 X157.869 Y114.813 E1093.05927
G1 X158.192 Y114.856 E1093.08171
G1 X158.643 Y115.008 E1093.11448
G1 X158.857 Y115.13 E1093.13144
G1 X159.23 Y115.455 E1093.1655
G1 X159.534 Y115.939 E1093.20485
G1 X159.706 Y116.553 E1093.24875
G1 X159.712 Y127.804 E1094.02336
G1 X159.771 Y128.192 E1094.05038
G1 X160.016 Y128.794 E1094.09513
G1 X160.33 Y129.194 E1094.13014
G1 X160.731 Y129.509 E1094.16525
G1 X161.326 Y129.753 E1094.20952
G1 X161.709 Y129.812 E1094.2362
G1 X168.14 Y129.816 E1094.67897
G1 X168.916 Y129.974 E1094.73349
G1 X169.586 Y130.233 E1094.78295
G1 X170.335 Y130.732 E1094.84491
G1 X170.821 Y131.231 E1094.89287
G1 X171.172 Y131.734 E1094.9351
G1 X171.433 Y132.27 E1094.97614
G1 X171.607 Y132.83 E1095.01652
G1 X171.704 Y133.496 E1095.06285
G1 X171.708 Y164.807 E1097.21857
G1 X171.767 Y165.191 E1097.24531
G1 X172.013 Y165.79 E1097.2899
G1 X172.329 Y166.191 E1097.32505
G1 X172.73 Y166.507 E1097.3602
G1 X172.998 Y166.645 E1097.38095
G1 X173.324 Y166.749 E1097.40451
G1 X173.702 Y166.808 E1097.43085
G1 X187.901 Y166.812 E1098.40843
G1 X188.294 Y166.749 E1098.43583
G1 X188.619 Y166.645 E1098.45933
G1 X189.159 Y166.315 E1098.5029
G1 X189.509 Y165.935 E1098.53847
G1 X189.809 Y165.346 E1098.58398
G1 X189.908 Y164.674 E1098.63074
G1 X189.908 Y150.213 E1099.62636
G1 F3600 E1097.82636
G1 F600 Z3.4
G0 F12000 X180.903 Y158.022 Z3.4
G1 F600 Z2.4
G1 F3000 E1099.62636
G1 F6000 X181.166 Y158.018 E1099.64447
G1 X181.85 Y158.16 E1099.69256
G1 X182.511 Y158.416 E1099.74137
G1 X183.168 Y158.852 E1099.79565
G1 X183.69 Y159.404 E1099.84796
G1 X183.893 Y159.674 E1099.87122
G1 X184.234 Y160.317 E1099.92133
G1 X184.43 Y160.977 E1099.96873
G1 X184.504 Y161.612 E1100.01274
G1 X184.427 Y162.488 E1100.07329
G1 X184.232 Y163.112 E1100.1183
G1 X183.826 Y163.876 E1100.17786
G1 X183.262 Y164.472 E1100.23436
G1 X182.981 Y164.704 E1100.25945
G1 F5863.2 X182.31 Y165.1 E1100.31434
G1 F5504.6 X181.543 Y165.413 E1100.37651
G1 F5217.4 X180.807 Y165.462 E1100.43491
G1 F5056.2 X180.242 Y165.427 E1100.48116
G1 F5357.1 X179.462 Y165.184 E1100.54416
G1 F5901.6 X178.694 Y164.736 E1100.60639
G1 F6000 X178.42 Y164.529 E1100.63003
G1 X177.929 Y164.027 E1100.67838
G1 X177.537 Y163.431 E1100.72749
G1 X177.283 Y162.836 E1100.77203
G1 X177.104 Y161.925 E1100.83595
G1 X177.176 Y161.032 E1100.89764
G1 X177.36 Y160.388 E1100.94375
G1 X177.532 Y160 E1100.97297
G1 X177.923 Y159.399 E1101.02233
G1 X178.519 Y158.79 E1101.081
G1 X179.244 Y158.364 E1101.13889
G1 X179.769 Y158.16 E1101.17767
G1 X180.407 Y158.027 E1101.22254
G1 X180.903 Y158.022 E1101.25669
G0 F12000 X180.811 Y158.623
G1 F6000 X181.104 Y158.623 E1101.27686
G1 X181.602 Y158.716 E1101.31174
G1 X182.228 Y158.949 E1101.35773
G1 X182.744 Y159.288 E1101.40024
G1 X183.331 Y159.897 E1101.45847
G1 X183.666 Y160.508 E1101.50645
G1 X183.836 Y161.061 E1101.54628
G1 X183.901 Y161.694 E1101.59009
G1 X183.835 Y162.384 E1101.63781
G1 X183.664 Y162.917 E1101.67635
G1 X183.333 Y163.524 E1101.72395
G1 X182.74 Y164.15 E1101.78332
G1 X182.11 Y164.52 E1101.83362
G1 X181.425 Y164.755 E1101.88348
G1 X180.807 Y164.812 E1101.92621
G1 X180.305 Y164.769 E1101.9609
G1 X179.644 Y164.596 E1102.00794
G1 X178.901 Y164.162 E1102.06718
G1 X178.416 Y163.677 E1102.1144
G1 X178.084 Y163.184 E1102.15532
G1 X177.873 Y162.703 E1102.19149
G1 X177.725 Y161.976 E1102.24257
G1 X177.732 Y161.353 E1102.28546
G1 X177.858 Y160.777 E1102.32606
G1 X178.081 Y160.243 E1102.3659
G1 X178.411 Y159.748 E1102.40686
G1 X178.889 Y159.27 E1102.4534
G1 X179.468 Y158.92 E1102.49998
G1 X179.938 Y158.736 E1102.53473
G1 X180.511 Y158.623 E1102.57494
G1 X180.811 Y158.623 E1102.59559
G0 F12000 X180.811 Y159.221
;TYPE:WALL-OUTER
G1 F6000 X181.048 Y159.221 E1102.61191
G1 X181.54 Y159.321 E1102.64648
G1 X181.978 Y159.503 E1102.67913
G1 X182.363 Y159.752 E1102.7107
G1 X182.843 Y160.256 E1102.75862
G1 X183.097 Y160.7 E1102.79383
G1 X183.242 Y161.145 E1102.82606
G1 X183.307 Y161.601 E1102.85777
G1 X183.244 Y162.28 E1102.90472
G1 X183.072 Y162.775 E1102.9408
G1 X182.818 Y163.195 E1102.97459
G1 X182.39 Y163.647 E1103.01745
G1 X181.914 Y163.952 E1103.05637
G1 X181.276 Y164.168 E1103.10274
G1 X180.807 Y164.212 E1103.13518
G1 X180.308 Y164.161 E1103.16971
G1 X179.875 Y164.035 E1103.20076
G1 X179.3 Y163.7 E1103.24658
G1 X178.941 Y163.37 E1103.28015
G1 X178.63 Y162.936 E1103.31691
G1 X178.445 Y162.523 E1103.34806
G1 X178.316 Y161.872 E1103.39376
G1 X178.34 Y161.323 E1103.43159
G1 X178.44 Y160.923 E1103.45998
G1 X178.659 Y160.433 E1103.49693
G1 X178.899 Y160.097 E1103.52536
G1 X179.241 Y159.766 E1103.55813
G1 X179.642 Y159.503 E1103.59114
G1 X180.133 Y159.305 E1103.62759
G1 X180.567 Y159.221 E1103.65803
G1 X180.811 Y159.221 E1103.67483
G0 F12000 X181.011 Y159.221
G1 F3600 E1101.87483
G1 F600 Z3.4
G0 F12000 X190.509 Y150.214 Z3.4
G1 F600 Z2.4
G1 F3000 E1103.67483
G1 F6000 X190.511 Y133.501 E1104.82549
G1 X190.578 Y133.05 E1104.85688
G1 X190.7 Y132.606 E1104.88858
G1 X190.893 Y132.168 E1104.92154
G1 X191.369 Y131.483 E1104.97897
G1 X191.875 Y131.034 E1105.02554
G1 X192.247 Y130.803 E1105.05569
G1 X192.787 Y130.575 E1105.09605
G1 X193.6 Y130.416 E1105.15308
G1 X199.948 Y130.412 E1105.59013
G1 X200.434 Y130.335 E1105.62401
G1 X200.852 Y130.201 E1105.65423
G1 X201.214 Y130.015 E1105.68225
G1 X201.559 Y129.766 E1105.71154
G1 X201.992 Y129.293 E1105.75569
G1 X202.216 Y128.934 E1105.78483
G1 X202.374 Y128.55 E1105.81341
G1 X202.508 Y127.836 E1105.86343
G1 X202.508 Y116.595 E1106.63736
G1 X202.659 Y116.117 E1106.67187
G1 X202.918 Y115.767 E1106.70185
G1 X203.217 Y115.558 E1106.72696
G1 X203.672 Y115.416 E1106.75978
G1 X211.511 Y115.412 E1107.29948
G1 X211.508 Y113.012 E1107.46472
G1 X150.109 Y113.012 E1111.69195
G1 X150.112 Y115.412 E1111.85718
G1 X157.829 Y115.412 E1112.38849
G1 X158.11 Y115.45 E1112.40801
G1 X158.42 Y115.565 E1112.43077
G1 X158.754 Y115.821 E1112.45975
G1 X158.962 Y116.121 E1112.48488
G1 X159.108 Y116.603 E1112.51955
G1 X159.112 Y127.849 E1113.29382
G1 X159.185 Y128.33 E1113.32732
G1 X159.323 Y128.753 E1113.35795
G1 X159.507 Y129.118 E1113.38609
G1 X159.902 Y129.622 E1113.43018
G1 X160.407 Y130.017 E1113.47432
G1 X160.768 Y130.202 E1113.50225
G1 X161.186 Y130.339 E1113.53254
G1 X161.663 Y130.412 E1113.56576
G1 X168.108 Y130.422 E1114.00949
G1 X168.852 Y130.579 E1114.06184
G1 X169.335 Y130.786 E1114.09802
G1 X169.967 Y131.214 E1114.15057
G1 X170.335 Y131.583 E1114.18645
G1 X170.636 Y132.004 E1114.22208
G1 X170.865 Y132.463 E1114.2574
G1 X171.001 Y132.863 E1114.28648
G1 X171.101 Y133.52 E1114.33224
G1 X171.108 Y164.853 E1116.48947
G1 X171.181 Y165.33 E1116.52269
G1 X171.318 Y165.752 E1116.55324
G1 X171.506 Y166.116 E1116.58144
G1 X171.902 Y166.618 E1116.62546
G1 X172.404 Y167.014 E1116.66949
G1 X172.768 Y167.201 E1116.69766
G1 X173.186 Y167.335 E1116.72788
G1 X173.656 Y167.408 E1116.76063
G1 X187.948 Y167.412 E1117.74461
G1 X188.434 Y167.335 E1117.77849
G1 X188.849 Y167.201 E1117.80851
G1 X189.215 Y167.015 E1117.83678
G1 X189.559 Y166.766 E1117.86602
G1 X189.991 Y166.298 E1117.90987
G1 X190.212 Y165.934 E1117.93918
G1 X190.381 Y165.534 E1117.96908
G1 X190.474 Y165.141 E1117.99689
G1 X190.508 Y164.696 E1118.02761
G1 X190.509 Y150.214 E1119.02468
G0 F12000 X190.509 Y150.014
G1 F3600 E1117.22468
G1 F600 Z3.4
G0 F12000 X180.808 Y127.01 Z3.4
G1 F600 Z2.4
G1 F3000 E1119.02468
G1 F6000 X165.634 Y127.012 E1120.06938
G1 X164.934 Y126.843 E1120.11896
G1 X164.51 Y126.609 E1120.1523
G1 X164.162 Y126.317 E1120.18358
G1 X163.885 Y125.966 E1120.21436
G1 X163.668 Y125.551 E1120.24661
G1 X163.512 Y124.9 E1120.2927
G1 X163.513 Y118.513 E1120.73243
G1 X163.601 Y118.073 E1120.76332
G1 X163.771 Y117.646 E1120.79497
G1 X164.014 Y117.276 E1120.82544
G1 X164.326 Y116.953 E1120.85636
G1 X164.702 Y116.697 E1120.88768
G1 X165.167 Y116.505 E1120.92232
G1 X165.632 Y116.416 E1120.95491
G1 X196.014 Y116.417 E1123.04667
G1 X196.446 Y116.501 E1123.07697
G1 X196.918 Y116.697 E1123.11215
G1 X197.294 Y116.953 E1123.14347
G1 X197.611 Y117.283 E1123.17497
G1 X197.826 Y117.604 E1123.20157
G1 X198.002 Y118.017 E1123.23248
G1 X198.108 Y118.58 E1123.27193
G1 X198.103 Y124.918 E1123.70829
G1 X198.019 Y125.35 E1123.73859
G1 X197.836 Y125.804 E1123.77229
G1 X197.443 Y126.334 E1123.81771
G1 X197.116 Y126.604 E1123.84691
G1 X196.682 Y126.843 E1123.88102
G1 X195.996 Y127.008 E1123.9296
G1 X180.808 Y127.01 E1124.97527
G0 F12000 X180.608 Y127.01
G1 F3600 E1123.17527
G1 F600 Z3.4
G0 F12000 X180.914 Y156.851 Z3.4
;TYPE:SKIN
G1 F600 Z2.4
G1 F3000 E1124.97527
G1 F6000 X180.255 Y156.861 E1125.02065
G1 X179.461 Y157.03 E1125.07654
G1 X178.773 Y157.289 E1125.12715
G1 X178.373 Y157.497 E1125.15819
G1 X177.603 Y158.052 E1125.22354
G1 X176.995 Y158.688 E1125.28412
G1 X176.457 Y159.526 E1125.35268
G1 X176.289 Y159.906 E1125.38128
G1 X176.044 Y160.731 E1125.44053
G1 X175.963 Y161.247 E1125.4765
G1 X175.94 Y161.812 E1125.51543
G1 X175.98 Y162.28 E1125.54777
G1 X176.158 Y163.176 E1125.61066
G1 X176.467 Y163.906 E1125.66524
G1 X176.715 Y164.342 E1125.69977
G1 X177.262 Y165.036 E1125.76061
G1 X173.845 Y165.036 E1125.99586
G1 X173.686 Y165 E1126.00709
G1 X173.531 Y164.854 E1126.02175
G1 X173.476 Y164.652 E1126.03616
G1 X173.472 Y133.395 E1128.18816
G1 X173.349 Y132.533 E1128.24811
G1 X173.096 Y131.663 E1128.31049
G1 X172.756 Y130.943 E1128.36531
G1 X172.537 Y130.58 E1128.39449
G1 X171.957 Y129.848 E1128.45879
G1 X171.436 Y129.38 E1128.50701
G1 X190.158 Y129.381 E1129.79599
G1 X189.811 Y129.692 E1129.82807
G1 X189.401 Y130.16 E1129.87091
G1 X188.949 Y130.808 E1129.92531
G1 X188.689 Y131.274 E1129.96205
G1 X188.404 Y132.003 E1130.01593
G1 X188.221 Y132.754 E1130.06915
G1 X188.137 Y133.51 E1130.12152
G1 X188.136 Y164.594 E1132.26161
G1 X188.081 Y164.856 E1132.28004
G1 X187.915 Y165.003 E1132.29531
G1 X187.754 Y165.04 E1132.30668
G1 X184.333 Y165.04 E1132.54221
G1 X184.539 Y164.823 E1132.56281
G1 X184.889 Y164.356 E1132.60299
G1 X185.34 Y163.479 E1132.67089
G1 X185.592 Y162.636 E1132.73146
G1 X185.675 Y161.649 E1132.79966
G1 X185.591 Y160.825 E1132.85668
G1 X185.345 Y159.956 E1132.91886
G1 X184.907 Y159.094 E1132.98543
G1 X184.56 Y158.627 E1133.02549
G1 X183.945 Y157.97 E1133.08745
G1 X183.235 Y157.493 E1133.14634
G1 X182.843 Y157.289 E1133.17676
G1 X182.152 Y157.03 E1133.22757
G1 X181.28 Y156.845 E1133.28894
G1 X180.914 Y156.851 E1133.31414
G1 F3600 E1131.51414
G1 F600 Z3.4
G0 F12000 X187.836 Y164.303 Z3.4
G1 F600 Z2.4
G1 F3000 E1133.31414
G1 F6000 X187.4 Y164.74 E1133.35664
G0 F12000 X186.551 Y164.74
G1 F6000 X187.836 Y163.455 E1133.48176
G0 F12000 X187.836 Y162.606
G1 F6000 X185.703 Y164.74 E1133.68949
G0 F12000 X185.225 Y164.369
G1 F6000 X187.836 Y161.758 E1133.94371
G0 F12000 X187.836 Y160.909
G1 F6000 X185.816 Y162.929 E1134.14039
G0 F12000 X185.956 Y161.941
G1 F6000 X187.836 Y160.061 E1134.32344
G0 F12000 X187.836 Y159.212
G1 F6000 X185.923 Y161.125 E1134.5097
G0 F12000 X185.789 Y160.411
G1 F6000 X187.837 Y158.363 E1134.70911
G0 F12000 X187.837 Y157.514
G1 F6000 X185.589 Y159.762 E1134.92799
G0 F12000 X185.301 Y159.202
G1 F6000 X187.837 Y156.666 E1135.17491
G0 F12000 X187.837 Y155.817
G1 F6000 X184.975 Y158.679 E1135.45357
G0 F12000 X184.59 Y158.216
G1 F6000 X187.837 Y154.969 E1135.76972
G0 F12000 X187.837 Y154.12
G1 F6000 X184.178 Y157.779 E1136.12599
G0 F12000 X183.679 Y157.43
G1 F6000 X187.837 Y153.272 E1136.53084
G0 F12000 X187.837 Y152.423
G1 F6000 X183.148 Y157.112 E1136.98739
G0 F12000 X182.552 Y156.859
G1 F6000 X187.837 Y151.574 E1137.50197
G0 F12000 X187.837 Y150.725
G1 F6000 X181.893 Y156.67 E1138.08077
G0 F12000 X181.165 Y156.549
G1 F6000 X187.837 Y149.877 E1138.73039
G0 F12000 X187.837 Y149.028
G1 F6000 X180.303 Y156.563 E1139.464
G0 F12000 X179.212 Y156.805
G1 F6000 X187.837 Y148.18 E1140.30379
G0 F12000 X187.837 Y147.331
G1 F6000 X173.775 Y161.394 E1141.673
G0 F12000 X173.776 Y162.241
G1 F6000 X175.921 Y160.096 E1141.88185
G0 F12000 X175.667 Y161.199
G1 F6000 X173.776 Y163.09 E1142.06597
G0 F12000 X173.776 Y163.938
G1 F6000 X175.66 Y162.054 E1142.24941
G0 F12000 X175.773 Y162.79
G1 F6000 X173.827 Y164.736 E1142.43889
G0 F12000 X174.675 Y164.736
G1 F6000 X175.952 Y163.459 E1142.56322
G0 F12000 X176.207 Y164.052
G1 F6000 X175.524 Y164.736 E1142.62977
G0 F12000 X176.372 Y164.736
G1 F6000 X176.525 Y164.583 E1142.64467
G1 F3600 E1140.84467
G1 F600 Z3.4
G0 F12000 X173.775 Y160.545 Z3.4
G1 F600 Z2.4
G1 F3000 E1142.64467
G1 F6000 X187.837 Y146.483 E1144.01384
G0 F12000 X187.838 Y145.634
G1 F6000 X173.774 Y159.697 E1145.38315
G0 F12000 X173.774 Y158.849
G1 F6000 X187.838 Y144.785 E1146.75251
G0 F12000 X187.838 Y143.937
G1 F6000 X173.774 Y158 E1148.12183
G0 F12000 X173.774 Y157.152
G1 F6000 X187.838 Y143.088 E1149.49119
G0 F12000 X187.838 Y142.239
G1 F6000 X173.774 Y156.304 E1150.8606
G0 F12000 X173.774 Y155.455
G1 F6000 X187.838 Y141.391 E1152.22996
G0 F12000 X187.838 Y140.542
G1 F6000 X173.773 Y154.607 E1153.59942
G0 F12000 X173.773 Y153.759
G1 F6000 X187.839 Y139.693 E1154.96898
G0 F12000 X187.839 Y138.845
G1 F6000 X173.773 Y152.91 E1156.33848
G0 F12000 X173.772 Y152.063
G1 F6000 X187.839 Y137.996 E1157.70814
G0 F12000 X187.839 Y137.148
G1 F6000 X173.772 Y151.214 E1159.07774
G0 F12000 X173.772 Y150.366
G1 F6000 X187.839 Y136.299 E1160.4474
G0 F12000 X187.839 Y135.451
G1 F6000 X173.771 Y149.518 E1161.8171
G0 F12000 X173.771 Y148.669
G1 F6000 X187.839 Y134.602 E1163.1868
G0 F12000 X187.839 Y133.753
G1 F6000 X173.771 Y147.821 E1164.55655
G0 F12000 X173.771 Y146.973
G1 F6000 X187.914 Y132.829 E1165.93366
G0 F12000 X188.208 Y131.687
G1 F6000 X173.771 Y146.124 E1167.33934
G0 F12000 X173.77 Y145.277
G1 F6000 X189.367 Y129.68 E1168.85796
G0 F12000 X188.518 Y129.68
G1 F6000 X173.77 Y144.428 E1170.29392
G0 F12000 X173.77 Y143.579
G1 F6000 X187.67 Y129.68 E1171.64727
G0 F12000 X186.821 Y129.68
G1 F6000 X173.769 Y142.732 E1172.91809
G0 F12000 X173.769 Y141.883
G1 F6000 X185.973 Y129.68 E1174.1063
G0 F12000 X185.124 Y129.68
G1 F6000 X173.769 Y141.035 E1175.2119
G0 F12000 X173.769 Y140.187
G1 F6000 X184.276 Y129.68 E1176.23493
G0 F12000 X183.427 Y129.68
G1 F6000 X173.769 Y139.338 E1177.17529
G0 F12000 X173.769 Y138.49
G1 F6000 X182.579 Y129.68 E1178.03309
G0 F12000 X181.73 Y129.68
G1 F6000 X173.768 Y137.642 E1178.80833
G0 F12000 X173.768 Y136.793
G1 F6000 X180.881 Y129.68 E1179.50089
G0 F12000 X180.033 Y129.68
G1 F6000 X173.768 Y135.945 E1180.11089
G0 F12000 X173.767 Y135.097
G1 F6000 X179.184 Y129.68 E1180.63833
G0 F12000 X178.336 Y129.68
G1 F6000 X173.767 Y134.248 E1181.08315
G0 F12000 X173.767 Y133.4
G1 F6000 X177.487 Y129.68 E1181.44535
G0 F12000 X176.639 Y129.68
G1 F6000 X173.668 Y132.651 E1181.73463
G0 F12000 X173.5 Y131.97
G1 F6000 X175.79 Y129.68 E1181.95759
G0 F12000 X174.942 Y129.68
G1 F6000 X173.277 Y131.344 E1182.11966
G0 F12000 X173.001 Y130.772
G1 F6000 X174.093 Y129.68 E1182.22598
G0 F12000 X173.245 Y129.68
G1 F6000 X172.666 Y130.259 E1182.28236
G0 F12000 X172.292 Y129.784
G1 F6000 X172.396 Y129.68 E1182.29249
G1 F3600 E1180.49249
G1 F600 Z3.4
G0 F12000 X199.093 Y128.027 Z3.4
G1 F600 Z2.4
G1 F3000 E1182.29249
G1 F5741.6 X199.355 Y127.752 E1182.31981
G1 X199.721 Y127.258 E1182.36405
G1 X200.123 Y126.568 E1182.4215
G1 X200.123 Y127.611 E1182.49654
G1 X200.082 Y127.829 E1182.5125
G1 X199.967 Y127.972 E1182.5257
G1 X199.755 Y128.027 E1182.54146
G1 X199.093 Y128.027 E1182.58909
G1 F3600 E1180.78909
G1 F600 Z3.4
G0 F12000 X200.092 Y116.779 Z3.4
G1 F600 Z2.4
G1 F3000 E1182.58909
G1 F5357.1 X199.94 Y116.458 E1182.61648
G1 X199.612 Y115.942 E1182.66362
G1 X199.148 Y115.416 E1182.71771
G1 X200.353 Y115.416 E1182.81063
G1 X200.212 Y115.838 E1182.84494
G1 X200.113 Y116.367 E1182.88644
G1 X200.092 Y116.779 E1182.91825
G1 F3600 E1181.11825
G1 F600 Z3.4
G0 F12000 X162.545 Y128.031 Z3.4
G1 F600 Z2.4
G1 F3000 E1182.91825
G1 F5834.7 X161.859 Y128.032 E1182.96682
G1 X161.682 Y127.986 E1182.97976
G1 X161.539 Y127.842 E1182.99413
G1 X161.489 Y127.652 E1183.00804
G3 X161.5010 Y126.5840 I9.6098 J-0.4261 E1183.083680
G1 X162.022 Y127.448 E1183.15511
G1 X162.545 Y128.031 E1183.21056
G1 F3600 E1181.41056
G1 F600 Z3.4
G0 F12000 X161.523 Y116.769 Z3.4
G1 F600 Z2.4
G1 F3000 E1183.21056
G1 F5357.1 X161.503 Y116.358 E1183.24229
G1 X161.264 Y115.418 E1183.31708
G1 X162.468 Y115.416 E1183.40992
G1 X162.037 Y115.9 E1183.4599
G1 X161.68 Y116.448 E1183.51033
G1 X161.523 Y116.769 E1183.53788
G1 F3600 E1181.73788
G1 F600 Z3.4
;MESH:NONMESH
G0 F12000 X152 Y111.674 Z3.4
;TIME_ELAPSED:453.683040
;LAYER:8
G0 X152 Y111.674 Z3.7
;TYPE:SUPPORT
G1 F600 Z2.7
G1 F3000 E1183.53788
G1 F6000 X152 Y111.054 E1183.58057
G1 X152.042 Y110.917 E1183.59043
G1 X152.195 Y110.696 E1183.60894
G1 X152.392 Y110.524 E1183.62695
G1 X152.568 Y110.433 E1183.64059
G1 X153.042 Y110.315 E1183.67422
G1 X155.621 Y110.315 E1183.85178
G1 X156 Y110.413 E1183.87873
G1 X156 Y111.813 E1183.97512
G1 F3600 E1182.17512
G1 F600 Z3.7
G0 F12000 X156 Y118.006 Z3.7
G1 F600 Z2.7
G1 F3000 E1183.97512
G1 F6000 X156 Y116.719 E1184.06372
G1 X155.923 Y116.666 E1184.07016
G2 X152.6510 Y116.6360 I-1.9723 J36.6689 E1184.295940
G1 X152 Y116.843 E1184.34298
G1 X152 Y117.376 E1184.37967
G1 F3600 E1182.57967
G1 F600 Z3.7
G0 F12000 X208 Y118.111 Z3.7
G0 X208.987 Y118.018
G1 F600 Z2.7
G1 F3000 E1184.37967
G1 F6000 X208.584 Y118.111 E1184.40815
G1 X208 Y118.111 E1184.44835
G1 X206.069 Y118.111 E1184.5813
G1 X205.576 Y118.003 E1184.61605
G1 X205.325 Y117.867 E1184.6357
G1 X205.126 Y117.653 E1184.65582
G1 X204.966 Y117.278 E1184.68389
G1 X204.924 Y117.007 E1184.70277
G1 X205.438 Y116.671 E1184.74505
G3 X208.9860 Y116.6130 I3.0550 J78.3329 E1184.989380
G1 X209.207 Y116.727 E1185.0065
G1 X209.742 Y116.859 E1185.04444
G1 X209.632 Y117.359 E1185.07968
G1 X209.507 Y117.628 E1185.10011
G1 X209.239 Y117.896 E1185.1262
G1 X208.987 Y118.018 E1185.14548
G0 F12000 X208 Y118.111
G1 F6000 X208 Y116.613 E1185.24861
G1 F3600 E1183.44861
G1 F600 Z3.7
G0 F12000 X208 Y110.315 Z3.7
G0 X209.004 Y110.414
G1 F600 Z2.7
G1 F3000 E1185.24861
G1 F6000 X209.318 Y110.587 E1185.27329
G1 X209.496 Y110.779 E1185.29132
G1 X209.615 Y111.013 E1185.30939
G1 X209.79 Y111.644 E1185.35448
G1 X209.615 Y111.644 E1185.36652
G1 X209.066 Y111.813 E1185.40607
G1 X208 Y111.813 E1185.47947
G1 X205.268 Y111.813 E1185.66756
G1 X204.89 Y111.644 E1185.69607
G1 X204.963 Y111.137 E1185.73133
G1 X205.074 Y110.853 E1185.75233
G1 X205.23 Y110.651 E1185.7699
G1 X205.565 Y110.436 E1185.7973
G1 X206.121 Y110.313 E1185.83651
G1 X208 Y110.315 E1185.96588
G1 X208.621 Y110.315 E1186.00863
G1 X209.004 Y110.414 E1186.03587
G0 F12000 X208 Y110.315
G1 F6000 X208 Y111.813 E1186.139
G1 F3600 E1184.339
G1 F600 Z3.7
;MESH:LC-GR3005??????RFID?????????-WB.stl
G0 F12000 X204.904 Y114.212 Z3.7
;TYPE:WALL-INNER
G1 F600 Z2.7
G1 F3000 E1186.139
G1 F6000 X211.176 Y114.212 E1186.57082
G1 F3600 E1184.77082
G1 F600 Z3.7
G0 F12000 X196.341 Y114.731 Z3.7
G1 F600 Z2.7
G1 F3000 E1186.57082
G1 F8612.4 X195.956 Y114.712 E1186.58931
G1 F8933 X192.589 Y114.712 E1186.74501
G1 F8802 X189.222 Y114.712 E1186.90303
G1 F8653.8 X185.855 Y114.712 E1187.06375
G1 F8530.8 X182.488 Y114.712 E1187.22679
G1 F8411.2 X179.121 Y114.712 E1187.39215
G1 F8294.9 X175.754 Y114.712 E1187.55983
G1 F8181.8 X172.387 Y114.712 E1187.72983
G1 F8053.7 X169.02 Y114.712 E1187.90253
G1 F7947 X165.653 Y114.712 E1188.07755
G1 F7438 X164.91 Y114.768 E1188.11893
G1 F3600 E1186.31893
G1 F600 Z3.7
G0 F12000 X156.715 Y114.212 Z3.7
G1 F600 Z2.7
G1 F3000 E1188.11893
G1 F6000 X150.444 Y114.212 E1188.55068
G1 F3600 E1186.75068
G1 F600 Z3.7
G0 F12000 X165.279 Y128.694 Z3.7
G1 F600 Z2.7
G1 F3000 E1188.55068
G1 F8530.8 X165.672 Y128.713 E1188.56973
G1 F8933 X168.049 Y128.714 E1188.67965
G1 F7894.7 X168.843 Y128.766 E1188.72128
G1 F3600 E1186.92128
G1 F600 Z3.7
G0 F12000 X165.279 Y128.694 Z3.7
G1 F600 Z2.7
G1 F3000 E1188.72128
G1 F7627.1 X164.829 Y128.636 E1188.74586
G1 F6545.5 X164.069 Y128.419 E1188.79574
G1 F6000 X163.692 Y128.217 E1188.82519
G1 X163.084 Y127.767 E1188.87726
G1 X162.576 Y127.234 E1188.92796
G1 X162.299 Y126.826 E1188.96191
G1 F5930.8 X162.059 Y126.366 E1188.99805
G1 F5590.1 X161.715 Y125.549 E1189.06356
G1 F5240.2 X161.658 Y124.856 E1189.11837
G1 F5142.9 X161.658 Y118.576 E1189.6228
G1 F5013.9 X161.701 Y118.066 E1189.66497
G1 F5278.6 X161.948 Y117.251 E1189.73161
G1 F5853.7 X162.415 Y116.393 E1189.80055
G1 F6000 X162.99 Y115.75 E1189.85994
G1 X163.379 Y115.416 E1189.89524
G1 X163.703 Y115.201 E1189.92201
G1 F6271.8 X164.416 Y114.887 E1189.97332
G1 F6792.5 X164.91 Y114.768 E1190.00423
G1 F6474.8 X163.585 Y114.812 E1190.08881
G1 F6000 X160.271 Y114.812 E1190.31697
G1 X160.606 Y115.388 E1190.36285
G1 X160.817 Y115.965 E1190.40515
G1 X160.888 Y116.424 E1190.43712
G1 F5678.2 X160.932 Y117.202 E1190.49381
G1 F5135.5 X160.976 Y117.98 E1190.55649
G1 F5013.9 X160.958 Y118.576 E1190.60562
G1 F5142.9 X160.958 Y124.856 E1191.11005
G1 F5013.9 X160.976 Y125.506 E1191.16362
G1 F5341.2 X160.916 Y126.564 E1191.24558
G1 F5930.8 X160.908 Y127.716 E1191.32582
G1 F6000 X161.027 Y128.137 E1191.35594
G1 X161.184 Y128.336 E1191.37339
G1 X161.382 Y128.494 E1191.39083
G1 X161.814 Y128.612 E1191.42167
G1 X164.031 Y128.613 E1191.5743
G1 F6909.8 X165.279 Y128.694 E1191.64907
G1 F3600 E1189.84907
G1 F600 Z3.7
G0 F12000 X180.811 Y128.212 Z3.7
G1 F600 Z2.7
G1 F3000 E1191.64907
G1 F6000 X165.672 Y128.212 E1192.69137
G1 X164.936 Y128.096 E1192.74266
G1 X164.297 Y127.864 E1192.78947
G1 X164.028 Y127.72 E1192.81047
G1 X163.502 Y127.336 E1192.85531
G1 X163.058 Y126.877 E1192.89928
G1 X162.631 Y126.162 E1192.95662
G1 X162.382 Y125.466 E1193.00751
G1 X162.308 Y124.856 E1193.04982
G1 X162.308 Y118.576 E1193.48218
G1 X162.35 Y118.223 E1193.50666
G1 X162.501 Y117.594 E1193.55119
G1 X162.624 Y117.265 E1193.57538
G1 X162.906 Y116.742 E1193.61629
G1 X163.434 Y116.154 E1193.67069
G1 X163.711 Y115.915 E1193.69588
G1 X164.286 Y115.565 E1193.74223
G1 X164.961 Y115.322 E1193.79162
G1 X165.68 Y115.212 E1193.8417
G1 X195.956 Y115.212 E1195.92616
G1 X196.675 Y115.323 E1195.97624
G1 X197.331 Y115.563 E1196.02434
G1 X197.901 Y115.909 E1196.07024
G1 X198.133 Y116.099 E1196.09089
G1 X198.605 Y116.611 E1196.13883
G1 X198.878 Y117.031 E1196.17332
G1 X199.106 Y117.548 E1196.21222
G1 X199.203 Y117.897 E1196.23716
G1 X199.308 Y118.577 E1196.28453
G1 X199.308 Y125.031 E1196.72888
G1 X199.11 Y125.869 E1196.78817
G1 X198.829 Y126.473 E1196.83403
G1 X198.564 Y126.872 E1196.86701
G1 X198.145 Y127.313 E1196.90889
G1 X197.591 Y127.72 E1196.95622
G1 X197.258 Y127.889 E1196.98193
G1 X196.562 Y128.138 E1197.03282
G1 X195.952 Y128.212 E1197.07513
G1 X180.811 Y128.212 E1198.11756
G0 F12000 X180.811 Y127.612
G1 F6000 X165.571 Y127.612 E1199.16681
G1 X164.885 Y127.457 E1199.21523
G1 X164.364 Y127.223 E1199.25455
G1 X163.92 Y126.906 E1199.29212
G1 X163.54 Y126.52 E1199.32941
G1 X163.196 Y125.96 E1199.37466
G1 X162.969 Y125.325 E1199.42108
G1 X162.908 Y124.856 E1199.45365
G1 X162.908 Y118.467 E1199.89352
G1 X163.112 Y117.624 E1199.95323
G1 X163.397 Y117.091 E1199.99485
G1 X163.959 Y116.468 E1200.05261
G1 X164.519 Y116.118 E1200.09808
G1 X165.064 Y115.913 E1200.13817
G1 X165.724 Y115.812 E1200.18414
G1 X195.956 Y115.812 E1202.26556
G1 X196.651 Y115.927 E1202.31406
G1 X197.25 Y116.197 E1202.3593
G1 X197.709 Y116.523 E1202.39806
G1 X198.106 Y116.944 E1202.4379
G1 X198.356 Y117.326 E1202.46933
G1 X198.592 Y117.87 E1202.51016
G1 X198.708 Y118.628 E1202.56295
G1 X198.708 Y124.955 E1202.99856
G1 X198.588 Y125.568 E1203.04156
G1 X198.328 Y126.143 E1203.08501
G1 X198.082 Y126.514 E1203.11566
G1 X197.721 Y126.889 E1203.1515
G1 X197.174 Y127.282 E1203.19787
G1 X196.421 Y127.551 E1203.25292
G1 X195.952 Y127.612 E1203.28548
G1 X180.811 Y127.612 E1204.32792
G1 F3600 E1202.52792
G1 F600 Z3.7
G0 F12000 X192.973 Y128.745 Z3.7
G1 F600 Z2.7
G1 F3000 E1204.32792
G1 F8163.3 X193.42 Y128.718 E1204.35058
G1 F8845.2 X195.952 Y128.712 E1204.46883
G1 F8333.3 X196.523 Y128.679 E1204.49718
G0 F12000 X196.672 Y128.671
G1 F6593.4 X197.487 Y128.625 E1204.54832
G1 F6132.9 X198.047 Y128.612 E1204.58605
G1 F6000 X199.807 Y128.612 E1204.70723
G1 X200.16 Y128.532 E1204.73215
G1 X200.359 Y128.412 E1204.74814
G1 X200.545 Y128.209 E1204.7671
G1 X200.665 Y127.972 E1204.78539
G1 X200.708 Y127.629 E1204.80919
G1 F5921.1 X200.7 Y126.307 E1204.90142
G1 F5389.2 X200.649 Y125.295 E1204.97909
G1 F5077.6 X200.658 Y124.86 E1205.01449
G1 F5142.9 X200.658 Y118.7 E1205.50928
G1 F4931.5 X200.629 Y117.738 E1205.5899
G1 F5007 X200.721 Y116.341 E1205.70541
G1 F5625 X200.859 Y115.778 E1205.74798
G1 F6000 X201.116 Y115.158 E1205.79418
G1 X201.396 Y114.812 E1205.82483
G1 X197.601 Y114.812 E1206.08611
G1 F6440.1 X196.971 Y114.771 E1206.12661
G1 F7547.2 X196.34 Y114.731 E1206.16121
G1 F7258.1 X197.188 Y114.879 E1206.21021
G1 F6228.4 X197.562 Y115.01 E1206.23649
G1 F6000 X198.232 Y115.409 E1206.29018
G1 X198.557 Y115.675 E1206.31909
G1 X199.104 Y116.278 E1206.37514
G1 X199.401 Y116.737 E1206.41278
G1 F5651.5 X199.693 Y117.304 E1206.4594
G1 F5027.9 X199.874 Y117.795 E1206.5024
G1 F4838.7 X199.958 Y118.52 E1206.5647
G1 F4958.7 X199.958 Y125.15 E1207.11703
G1 F5172.4 X199.819 Y125.7 E1207.16233
G1 F5678.2 X199.446 Y126.629 E1207.23516
G1 F6000 X199.045 Y127.23 E1207.28491
G1 X198.569 Y127.737 E1207.33278
G1 X197.927 Y128.217 E1207.38797
G1 F6132.9 X197.455 Y128.441 E1207.42316
G1 F6593.4 X196.672 Y128.671 E1207.47429
G1 F3600 E1205.67429
G1 F600 Z3.7
G0 F12000 X180.714 Y157.421 Z3.7
G1 F600 Z2.7
G1 F3000 E1207.47429
G1 F6000 X181.281 Y157.429 E1207.51333
G1 X182.018 Y157.584 E1207.56519
G1 X182.6 Y157.807 E1207.6081
G1 X182.949 Y157.987 E1207.63513
G1 X183.565 Y158.401 E1207.68623
G1 X184.125 Y158.992 E1207.74229
G1 X184.41 Y159.37 E1207.77488
G1 X184.803 Y160.125 E1207.83348
G1 X185.024 Y160.893 E1207.8885
G1 X185.108 Y161.677 E1207.94279
G1 X185.018 Y162.591 E1208.00602
G1 X184.799 Y163.307 E1208.05757
G1 X184.415 Y164.046 E1208.11491
G1 X184.125 Y164.432 E1208.14815
G1 X183.697 Y164.884 E1208.191
G1 X183.305 Y165.209 E1208.22606
G1 X182.588 Y165.611 E1208.28266
G1 X187.807 Y165.612 E1208.64198
G1 X188.16 Y165.532 E1208.6669
G1 X188.359 Y165.412 E1208.6829
G1 X188.545 Y165.209 E1208.70185
G1 X188.665 Y164.972 E1208.72014
G1 X188.708 Y164.629 E1208.74394
G1 X188.708 Y133.358 E1210.8969
G1 X188.877 Y132.366 E1210.96618
G1 X189.209 Y131.52 E1211.02875
G1 X189.489 Y131.008 E1211.06893
G1 X189.94 Y130.389 E1211.12166
G1 X190.231 Y130.089 E1211.15043
G1 X190.831 Y129.581 E1211.20456
G1 X191.217 Y129.322 E1211.23657
G1 X191.676 Y129.082 E1211.27223
G1 F6153.8 X192.067 Y128.941 E1211.30013
G1 F6617.6 X192.894 Y128.749 E1211.35312
G1 F6844.1 X191.802 Y128.812 E1211.41914
G1 F6691.4 X188.683 Y128.812 E1211.61169
G1 F6581.4 X185.564 Y128.811 E1211.80746
G1 F6474.8 X182.445 Y128.811 E1212.00645
G1 F6383 X179.326 Y128.81 E1212.20831
G1 F6282.7 X176.207 Y128.81 E1212.41338
G1 F6185.6 X173.088 Y128.809 E1212.62168
G1 F6091.4 X169.969 Y128.809 E1212.8332
G1 F6521.7 X168.843 Y128.766 E1212.90457
G1 F6792.5 X169.787 Y128.999 E1212.9637
G1 F6250 X170.531 Y129.402 E1213.01963
G1 F6000 X170.971 Y129.714 E1213.05676
G1 X171.569 Y130.266 E1213.11279
G1 X171.792 Y130.526 E1213.13638
G1 X172.243 Y131.193 E1213.19181
G1 X172.569 Y131.883 E1213.24435
G1 X172.785 Y132.594 E1213.29551
G1 X172.908 Y133.297 E1213.34465
G1 X172.908 Y164.716 E1215.5078
G1 X173.027 Y165.137 E1215.53792
G1 X173.184 Y165.336 E1215.55537
G1 X173.382 Y165.494 E1215.57281
G1 X173.813 Y165.612 E1215.60358
G1 X179.003 Y165.612 E1215.9609
G1 X178.391 Y165.253 E1216.00975
G1 X178.007 Y164.965 E1216.0428
G1 X177.441 Y164.377 E1216.09899
G1 X176.991 Y163.679 E1216.15617
G1 X176.705 Y163.009 E1216.20632
G1 X176.543 Y162.183 E1216.26427
G1 X176.512 Y161.82 E1216.28936
G1 X176.544 Y161.056 E1216.342
G1 X176.812 Y160.144 E1216.40745
G1 X177.195 Y159.387 E1216.46586
G1 X177.699 Y158.747 E1216.52194
G1 X178.315 Y158.215 E1216.57798
G1 X179.02 Y157.807 E1216.63406
G1 X179.6 Y157.585 E1216.67682
G1 X180.385 Y157.417 E1216.73209
G1 X180.714 Y157.421 E1216.75474
G1 F3600 E1214.95474
G1 F600 Z3.7
G0 F12000 X189.308 Y150.213 Z3.7
G1 F600 Z2.7
G1 F3000 E1216.75474
G1 F6000 X189.308 Y133.412 E1217.91146
G1 X189.457 Y132.533 E1217.97284
G1 X189.735 Y131.808 E1218.0263
G1 X190.082 Y131.176 E1218.07594
G1 X190.504 Y130.643 E1218.12275
G1 X191.344 Y129.932 E1218.19852
G1 X192.087 Y129.544 E1218.25623
G1 X193.012 Y129.276 E1218.32253
G1 X193.644 Y129.212 E1218.36627
G1 X199.854 Y129.212 E1218.79381
G1 X200.39 Y129.088 E1218.83169
G1 X200.759 Y128.863 E1218.86145
G1 X201.027 Y128.572 E1218.88868
G1 X201.237 Y128.159 E1218.92058
G1 X201.308 Y127.651 E1218.9559
G1 X201.312 Y116.494 E1219.72404
G1 X201.437 Y115.937 E1219.76334
G1 X201.712 Y115.362 E1219.80723
G1 X202.019 Y114.983 E1219.84081
G1 X202.307 Y114.726 E1219.86738
G1 F6691.4 X202.75 Y114.52 E1219.89754
G1 F8071.7 X203.002 Y114.448 E1219.91095
G1 F10055.9 X203.714 Y114.364 E1219.94041
G1 F9600 X204.309 Y114.288 E1219.96622
G1 F6857.1 X204.904 Y114.212 E1220.00235
G1 F6581.4 X204.232 Y114.13 E1220.04484
G1 F8163.3 X203.56 Y114.048 E1220.0791
G1 F8333.3 X202.677 Y114.151 E1220.12317
G1 F6691.4 X202.112 Y114.213 E1220.15826
G1 F6020.1 X180.765 Y114.212 E1221.62307
G1 F6070.8 X159.418 Y114.212 E1223.07563
G1 F7142.9 X158.657 Y114.12 E1223.11996
G1 F10055.9 X157.915 Y114.066 E1223.15052
G1 F9600 X157.315 Y114.139 E1223.17653
G1 F6857.1 X156.714 Y114.212 E1223.213
G1 X157.31 Y114.288 E1223.2492
G1 F9600 X157.905 Y114.365 E1223.27502
G1 F10055.9 X158.594 Y114.441 E1223.30349
G1 F7214.4 X159.203 Y114.653 E1223.34041
G1 F6091.4 X159.42 Y114.807 E1223.35846
G1 F6000 X159.708 Y115.092 E1223.38636
G1 X160.054 Y115.622 E1223.42993
G1 X160.233 Y116.102 E1223.4652
G1 X160.308 Y116.686 E1223.50574
G1 X160.308 Y127.762 E1224.26831
G1 X160.353 Y128.052 E1224.28851
G1 X160.52 Y128.464 E1224.31912
G1 X160.757 Y128.763 E1224.34539
G1 X161.056 Y129 E1224.37166
G1 X161.463 Y129.163 E1224.40184
G1 X161.767 Y129.212 E1224.42304
G1 X168.188 Y129.216 E1224.86512
G1 X168.964 Y129.363 E1224.91949
G1 X169.637 Y129.597 E1224.96855
G1 X170.184 Y129.892 E1225.01134
G1 X170.624 Y130.204 E1225.04847
G1 X171.147 Y130.692 E1225.09772
G1 X171.656 Y131.355 E1225.15527
G1 X172.001 Y132.077 E1225.21036
G1 X172.194 Y132.698 E1225.25513
G1 X172.308 Y133.342 E1225.30016
G1 X172.308 Y164.762 E1227.46338
G1 X172.353 Y165.052 E1227.48358
G1 X172.52 Y165.464 E1227.51419
G1 X172.757 Y165.763 E1227.54046
G1 X173.056 Y166 E1227.56673
G1 X173.463 Y166.163 E1227.59691
G1 X173.766 Y166.212 E1227.61805
G1 X178.92 Y166.212 E1227.97289
G1 F5438.1 X180.208 Y166.15 E1228.07084
G1 F5056.2 X180.808 Y166.162 E1228.11987
G1 F5013.9 X181.558 Y166.145 E1228.18168
G1 F5278.6 X182.493 Y166.197 E1228.25497
G1 F5863.2 X183 Y166.212 E1228.2907
G1 F6000 X187.854 Y166.212 E1228.62489
G1 X188.39 Y166.088 E1228.66277
G1 X188.759 Y165.863 E1228.69252
G1 X189.027 Y165.572 E1228.71976
G1 X189.237 Y165.159 E1228.75166
G1 X189.308 Y164.651 E1228.78698
G1 X189.308 Y150.213 E1229.78101
G0 F12000 X189.908 Y150.213
G1 F6000 X189.908 Y133.46 E1230.93443
G1 X190.024 Y132.777 E1230.98213
G1 X190.222 Y132.17 E1231.02608
G1 X190.581 Y131.513 E1231.07763
G1 X191.006 Y131.005 E1231.12323
G1 X191.683 Y130.432 E1231.18429
G1 X192.315 Y130.102 E1231.23338
G1 X193.168 Y129.861 E1231.29441
G1 X193.543 Y129.817 E1231.3204
G1 X199.901 Y129.812 E1231.75814
G1 X200.294 Y129.749 E1231.78555
G1 X200.619 Y129.645 E1231.80904
G1 X201.159 Y129.315 E1231.85261
G1 X201.509 Y128.935 E1231.88818
G1 X201.809 Y128.346 E1231.93369
G1 X201.908 Y127.674 E1231.98045
G1 X201.91 Y116.541 E1232.74694
G1 X202.016 Y116.097 E1232.77837
G1 X202.233 Y115.659 E1232.81202
G1 X202.418 Y115.431 E1232.83224
G1 X202.706 Y115.175 E1232.85877
G1 X202.957 Y115.017 E1232.87919
G1 X203.388 Y114.861 E1232.91075
G1 X203.744 Y114.813 E1232.93548
G1 X211.776 Y114.812 E1233.48847
G1 X211.776 Y113.612 E1233.57109
G1 X149.844 Y113.612 E1237.83501
G1 X149.844 Y114.812 E1237.91763
G1 X157.873 Y114.814 E1238.47041
G1 X158.402 Y114.911 E1238.50744
G1 X158.847 Y115.125 E1238.54144
G1 X159.231 Y115.457 E1238.57639
G1 X159.501 Y115.856 E1238.60956
G1 X159.649 Y116.239 E1238.63783
G1 X159.708 Y116.708 E1238.67037
G1 X159.708 Y127.807 E1239.43452
G1 X159.767 Y128.191 E1239.46127
G1 X160.013 Y128.79 E1239.50585
G1 X160.329 Y129.191 E1239.541
G1 X160.73 Y129.507 E1239.57615
G1 X160.998 Y129.645 E1239.5969
G1 X161.325 Y129.749 E1239.62053
G1 X161.72 Y129.812 E1239.64807
G1 X168.129 Y129.816 E1240.08932
G1 X168.782 Y129.934 E1240.135
G1 X169.367 Y130.132 E1240.17752
G1 X169.837 Y130.381 E1240.21414
G1 X170.337 Y130.735 E1240.25632
G1 X170.783 Y131.176 E1240.29951
G1 X171.172 Y131.734 E1240.34634
G1 X171.433 Y132.27 E1240.38738
G1 X171.603 Y132.803 E1240.4259
G1 X171.708 Y133.396 E1240.46736
G1 X171.708 Y164.807 E1242.62996
G1 X171.767 Y165.191 E1242.65671
G1 X172.013 Y165.79 E1242.70129
G1 X172.329 Y166.191 E1242.73644
G1 X172.73 Y166.507 E1242.77159
G1 X172.998 Y166.645 E1242.79235
G1 X173.325 Y166.749 E1242.81597
G1 X173.719 Y166.812 E1242.84344
G1 X187.901 Y166.812 E1243.81985
G1 X188.294 Y166.749 E1243.84725
G1 X188.619 Y166.645 E1243.87075
G1 X189.159 Y166.315 E1243.91432
G1 X189.509 Y165.935 E1243.94989
G1 X189.809 Y165.346 E1243.9954
G1 X189.908 Y164.674 E1244.04216
G1 X189.908 Y150.213 E1245.03778
G1 F3600 E1243.23778
G1 F600 Z3.7
G0 F12000 X180.903 Y158.022 Z3.7
G1 F600 Z2.7
G1 F3000 E1245.03778
G1 F6000 X181.166 Y158.018 E1245.05589
G1 X181.85 Y158.16 E1245.10399
G1 X182.511 Y158.416 E1245.15279
G1 X183.168 Y158.852 E1245.20708
G1 X183.69 Y159.404 E1245.25938
G1 X183.893 Y159.674 E1245.28264
G1 X184.234 Y160.317 E1245.33275
G1 X184.43 Y160.977 E1245.38015
G1 X184.504 Y161.612 E1245.42416
G1 X184.427 Y162.488 E1245.48471
G1 X184.232 Y163.112 E1245.52972
G1 X183.827 Y163.875 E1245.58919
G1 X183.261 Y164.472 E1245.64583
G1 X182.982 Y164.704 E1245.67081
G1 F5863.2 X182.31 Y165.1 E1245.72577
G1 F5504.6 X181.543 Y165.413 E1245.78794
G1 F5217.4 X180.808 Y165.462 E1245.84626
G1 F5056.2 X180.242 Y165.428 E1245.89258
G1 F5357.1 X179.455 Y165.181 E1245.95619
G1 F5901.6 X178.694 Y164.735 E1246.01793
G1 F6000 X178.42 Y164.53 E1246.04149
G1 X177.929 Y164.027 E1246.08988
G1 X177.537 Y163.431 E1246.139
G1 X177.283 Y162.839 E1246.18335
G1 X177.104 Y161.925 E1246.24747
G1 X177.176 Y161.032 E1246.30915
G1 X177.36 Y160.387 E1246.35533
G1 X177.683 Y159.736 E1246.40537
G1 X178.112 Y159.183 E1246.45355
G1 X178.639 Y158.72 E1246.50185
G1 X179.244 Y158.364 E1246.55018
G1 X179.769 Y158.16 E1246.58896
G1 X180.407 Y158.027 E1246.63383
G1 X180.903 Y158.022 E1246.66798
G0 F12000 X180.811 Y158.623
G1 F6000 X181.104 Y158.623 E1246.68815
G1 X181.602 Y158.716 E1246.72303
G1 X182.228 Y158.949 E1246.76902
G1 X182.744 Y159.288 E1246.81152
G1 X183.331 Y159.897 E1246.86976
G1 X183.666 Y160.508 E1246.91773
G1 X183.836 Y161.061 E1246.95757
G1 X183.901 Y161.694 E1247.00138
G1 X183.835 Y162.384 E1247.0491
G1 X183.664 Y162.917 E1247.08764
G1 X183.334 Y163.522 E1247.13508
G1 X182.74 Y164.15 E1247.1946
G1 X182.11 Y164.52 E1247.2449
G1 X181.425 Y164.755 E1247.29476
G1 X180.808 Y164.812 E1247.33742
G1 X180.305 Y164.769 E1247.37218
G1 X179.64 Y164.595 E1247.4195
G1 X178.898 Y164.159 E1247.47875
G1 X178.416 Y163.677 E1247.52568
G1 X178.084 Y163.184 E1247.56661
G1 X177.873 Y162.704 E1247.6027
G1 X177.725 Y161.976 E1247.65385
G1 X177.732 Y161.353 E1247.69675
G1 X177.858 Y160.777 E1247.73734
G1 X178.081 Y160.243 E1247.77718
G1 X178.411 Y159.748 E1247.81814
G1 X178.828 Y159.33 E1247.85879
G1 X179.385 Y158.952 E1247.90514
G1 X179.938 Y158.736 E1247.94601
G1 X180.512 Y158.623 E1247.98629
G1 X180.811 Y158.623 E1248.00688
G0 F12000 X180.811 Y159.221
;TYPE:WALL-OUTER
G1 F6000 X181.048 Y159.221 E1248.02319
G1 X181.54 Y159.321 E1248.05776
G1 X181.978 Y159.503 E1248.09041
G1 X182.363 Y159.752 E1248.12198
G1 X182.843 Y160.256 E1248.1699
G1 X183.097 Y160.7 E1248.20512
G1 X183.242 Y161.145 E1248.23734
G1 X183.307 Y161.601 E1248.26905
G1 X183.244 Y162.28 E1248.316
G1 X183.072 Y162.775 E1248.35208
G1 X182.844 Y163.168 E1248.38336
G1 X182.39 Y163.647 E1248.4288
G1 X181.914 Y163.952 E1248.46772
G1 X181.276 Y164.168 E1248.5141
G1 X180.808 Y164.212 E1248.54646
G1 X180.308 Y164.161 E1248.58106
G1 X179.84 Y164.016 E1248.61479
G1 X179.269 Y163.681 E1248.66037
G1 X178.941 Y163.37 E1248.69149
G1 X178.63 Y162.936 E1248.72825
G1 X178.445 Y162.523 E1248.75941
G1 X178.316 Y161.872 E1248.8051
G1 X178.34 Y161.323 E1248.84294
G1 X178.44 Y160.923 E1248.87132
G1 X178.659 Y160.433 E1248.90827
G1 X178.899 Y160.097 E1248.9367
G1 X179.241 Y159.766 E1248.96947
G1 X179.642 Y159.503 E1249.00249
G1 X180.133 Y159.305 E1249.03894
G1 X180.568 Y159.221 E1249.06944
G1 X180.811 Y159.221 E1249.08617
G0 F12000 X181.011 Y159.221
G1 F3600 E1247.28617
G1 F600 Z3.7
G0 F12000 X190.509 Y150.215 Z3.7
G1 F600 Z2.7
G1 F3000 E1249.08617
G1 F6000 X190.512 Y133.489 E1250.23773
G1 X190.628 Y132.828 E1250.28393
G1 X190.788 Y132.384 E1250.31643
G1 X191.096 Y131.829 E1250.36013
G1 X191.352 Y131.505 E1250.38856
G1 X192.02 Y130.933 E1250.4491
G1 X192.564 Y130.655 E1250.49117
G1 X193.24 Y130.459 E1250.53962
G1 X193.61 Y130.413 E1250.56529
G1 X199.948 Y130.412 E1251.00166
G1 X200.434 Y130.335 E1251.03553
G1 X200.849 Y130.201 E1251.06556
G1 X201.215 Y130.015 E1251.09382
G1 X201.559 Y129.766 E1251.12306
G1 X201.991 Y129.298 E1251.16691
G1 X202.212 Y128.934 E1251.19623
G1 X202.381 Y128.534 E1251.22613
G1 X202.474 Y128.141 E1251.25393
G1 X202.508 Y127.696 E1251.28466
G1 X202.508 Y116.588 E1252.04943
G1 X202.594 Y116.256 E1252.07304
G1 X202.816 Y115.879 E1252.10316
G1 X203.188 Y115.571 E1252.13641
G1 X203.502 Y115.45 E1252.15958
G1 X203.784 Y115.412 E1252.17917
G1 X212.376 Y115.412 E1252.77072
G1 X212.376 Y113.012 E1252.93595
G1 X149.244 Y113.012 E1257.28249
G1 X149.244 Y115.412 E1257.44773
G1 X157.83 Y115.412 E1258.03886
G1 X158.174 Y115.466 E1258.06284
G1 X158.485 Y115.604 E1258.08626
G1 X158.755 Y115.821 E1258.11011
G1 X158.949 Y116.09 E1258.13295
G1 X159.065 Y116.375 E1258.15413
G1 X159.106 Y116.667 E1258.17443
G1 X159.108 Y127.853 E1258.94457
G1 X159.181 Y128.33 E1258.97779
G1 X159.318 Y128.752 E1259.00834
G1 X159.506 Y129.116 E1259.03655
G1 X159.902 Y129.618 E1259.08057
G1 X160.404 Y130.014 E1259.12459
G1 X160.768 Y130.201 E1259.15276
G1 X161.186 Y130.335 E1259.18298
G1 X161.672 Y130.412 E1259.21686
G1 X168.097 Y130.42 E1259.65921
G1 X168.6 Y130.506 E1259.69435
G1 X169.096 Y130.668 E1259.73027
G1 X169.452 Y130.848 E1259.75774
G1 X169.967 Y131.214 E1259.80124
G1 X170.335 Y131.583 E1259.83711
G1 X170.636 Y132.004 E1259.87275
G1 X170.865 Y132.463 E1259.90806
G1 X171.001 Y132.863 E1259.93715
G1 X171.104 Y133.427 E1259.97662
G1 X171.108 Y164.853 E1262.14026
G1 X171.181 Y165.33 E1262.17348
G1 X171.318 Y165.752 E1262.20402
G1 X171.506 Y166.116 E1262.23223
G1 X171.902 Y166.618 E1262.27625
G1 X172.404 Y167.014 E1262.32027
G1 X172.768 Y167.201 E1262.34845
G1 X173.186 Y167.335 E1262.37867
G1 X173.672 Y167.412 E1262.41255
G1 X187.948 Y167.412 E1263.39543
G1 X188.434 Y167.335 E1263.42931
G1 X188.849 Y167.201 E1263.45933
G1 X189.215 Y167.015 E1263.4876
G1 X189.559 Y166.766 E1263.51683
G1 X189.991 Y166.298 E1263.56068
G1 X190.212 Y165.934 E1263.59
G1 X190.381 Y165.534 E1263.6199
G1 X190.474 Y165.141 E1263.6477
G1 X190.508 Y164.696 E1263.67843
G1 X190.509 Y150.215 E1264.67542
G0 F12000 X190.509 Y150.015
G1 F3600 E1262.87542
G1 F600 Z3.7
G0 F12000 X180.813 Y127.009 Z3.7
G1 F600 Z2.7
G1 F3000 E1264.67542
G1 F6000 X165.613 Y127.007 E1265.72192
G1 X165.169 Y126.919 E1265.75308
G1 X164.753 Y126.754 E1265.7839
G1 X164.338 Y126.476 E1265.81829
G1 X164.014 Y126.152 E1265.84983
G1 X163.761 Y125.758 E1265.88207
G1 X163.551 Y125.156 E1265.92597
G1 X163.511 Y124.903 E1265.9436
G1 X163.508 Y118.538 E1266.38182
G1 X163.678 Y117.837 E1266.43148
G1 X163.902 Y117.424 E1266.46383
G1 X164.349 Y116.932 E1266.5096
G1 X164.751 Y116.671 E1266.5426
G1 X165.174 Y116.503 E1266.57393
G1 X165.75 Y116.415 E1266.61405
G1 X196.014 Y116.417 E1268.69768
G1 X196.446 Y116.501 E1268.72798
G1 X196.918 Y116.697 E1268.76317
G1 X197.285 Y116.947 E1268.79374
G1 X197.569 Y117.231 E1268.82139
G1 X197.834 Y117.62 E1268.8538
G1 X198.011 Y118.039 E1268.88511
G1 X198.105 Y118.654 E1268.92795
G1 X198.104 Y124.912 E1269.3588
G1 X198.002 Y125.408 E1269.39366
G1 X197.854 Y125.764 E1269.42021
G1 X197.601 Y126.156 E1269.45233
G1 X197.297 Y126.465 E1269.48217
G1 X196.854 Y126.759 E1269.51878
G1 X196.252 Y126.969 E1269.56267
G1 X195.999 Y127.009 E1269.58031
G1 X180.813 Y127.009 E1270.62584
G0 F12000 X180.613 Y127.009
G1 F3600 E1268.82584
G1 F600 Z3.7
G0 F12000 X180.914 Y156.851 Z3.7
;TYPE:SKIN
G1 F600 Z2.7
G1 F3000 E1270.62584
G1 F6000 X180.255 Y156.861 E1270.67122
G1 X179.461 Y157.03 E1270.72711
G1 X178.809 Y157.275 E1270.77506
G1 X178.022 Y157.723 E1270.83741
G1 X177.276 Y158.361 E1270.90499
G1 X176.74 Y159.037 E1270.96439
G1 X176.296 Y159.9 E1271.03121
G1 X176.044 Y160.73 E1271.09093
G1 X175.963 Y161.247 E1271.12696
G1 X175.94 Y161.812 E1271.16589
G1 X175.98 Y162.28 E1271.19823
G1 X176.161 Y163.183 E1271.26163
G1 X176.467 Y163.909 E1271.31588
G1 X176.74 Y164.379 E1271.3533
G1 X177.265 Y165.039 E1271.41136
G1 X173.867 Y165.039 E1271.64531
G1 X173.682 Y164.995 E1271.6584
G1 X173.523 Y164.834 E1271.67398
G1 X173.476 Y164.653 E1271.68685
G1 X173.472 Y133.215 E1273.85131
G1 X173.336 Y132.457 E1273.90433
G1 X173.112 Y131.713 E1273.95783
G1 X172.741 Y130.916 E1274.01835
G1 X172.517 Y130.55 E1274.0479
G1 X171.993 Y129.882 E1274.10635
G1 X171.451 Y129.381 E1274.15716
G1 X190.184 Y129.38 E1275.4469
G1 X189.865 Y129.651 E1275.47572
G1 X189.48 Y130.048 E1275.5138
G1 X189.008 Y130.704 E1275.56944
G1 X188.709 Y131.238 E1275.61157
G1 X188.321 Y132.21 E1275.68363
G1 X188.14 Y133.29 E1275.75902
G1 X188.136 Y164.594 E1277.91425
G1 X188.081 Y164.856 E1277.93269
G1 X187.915 Y165.003 E1277.94795
G1 X187.754 Y165.04 E1277.95932
G1 X184.333 Y165.04 E1278.19486
G1 X184.539 Y164.823 E1278.21546
G1 X184.888 Y164.361 E1278.25532
G1 X185.32 Y163.529 E1278.31986
G1 X185.592 Y162.636 E1278.38413
G1 X185.675 Y161.649 E1278.45233
G1 X185.591 Y160.825 E1278.50935
G1 X185.345 Y159.956 E1278.57153
G1 X184.907 Y159.094 E1278.6381
G1 X184.56 Y158.627 E1278.67816
G1 X183.945 Y157.97 E1278.74012
G1 X183.235 Y157.493 E1278.79901
G1 X182.843 Y157.289 E1278.82943
G1 X182.152 Y157.03 E1278.88024
G1 X181.28 Y156.845 E1278.94161
G1 X180.914 Y156.851 E1278.96681
G1 F3600 E1277.16681
G1 F600 Z3.7
G0 F12000 X173.776 Y164.443 Z3.7
G1 F600 Z2.7
G1 F3000 E1278.96681
G1 F6000 X174.073 Y164.739 E1278.99568
G0 F12000 X174.921 Y164.739
G1 F6000 X173.776 Y163.594 E1279.10716
G0 F12000 X173.776 Y162.746
G1 F6000 X175.77 Y164.739 E1279.30126
G0 F12000 X176.618 Y164.739
G1 F6000 X173.776 Y161.897 E1279.57798
G0 F12000 X173.776 Y161.049
G1 F6000 X175.845 Y163.118 E1279.77943
G0 F12000 X175.664 Y162.087
G1 F6000 X173.776 Y160.2 E1279.96321
G0 F12000 X173.776 Y159.351
G1 F6000 X175.665 Y161.24 E1280.14714
G0 F12000 X175.794 Y160.52
G1 F6000 X173.776 Y158.503 E1280.34357
G0 F12000 X173.776 Y157.654
G1 F6000 X175.988 Y159.866 E1280.55895
G0 F12000 X176.266 Y159.296
G1 F6000 X173.776 Y156.806 E1280.80139
G0 F12000 X173.776 Y155.957
G1 F6000 X176.579 Y158.76 E1281.07431
G0 F12000 X176.953 Y158.286
G1 F6000 X173.776 Y155.109 E1281.38364
G0 F12000 X173.776 Y154.26
G1 F6000 X177.383 Y157.867 E1281.73484
G0 F12000 X177.844 Y157.479
G1 F6000 X173.776 Y153.412 E1282.13088
G0 F12000 X173.776 Y152.563
G1 F6000 X178.382 Y157.169 E1282.57935
G0 F12000 X178.961 Y156.899
G1 F6000 X173.776 Y151.715 E1283.08415
G0 F12000 X173.776 Y150.866
G1 F6000 X179.604 Y156.693 E1283.65155
G0 F12000 X180.32 Y156.561
G1 F6000 X173.776 Y150.018 E1284.28867
G0 F12000 X173.776 Y149.169
G1 F6000 X181.156 Y156.548 E1285.00718
G0 F12000 X182.187 Y156.731
G1 F6000 X173.776 Y148.321 E1285.82608
G0 F12000 X173.776 Y147.472
G1 F6000 X183.846 Y157.541 E1286.80651
G1 X183.952 Y157.647
G1 F3600 E1285.00651
G1 F600 Z3.7
G0 F12000 X184.943 Y158.639 Z3.7
G1 F600 Z2.7
G1 F3000 E1286.80651
G1 F6000 X187.836 Y161.531 E1287.08815
G0 F12000 X187.836 Y160.683
G1 F6000 X173.776 Y146.624 E1288.45707
G0 F12000 X173.776 Y145.775
G1 F6000 X187.836 Y159.834 E1289.82599
G0 F12000 X187.836 Y158.986
G1 F6000 X173.776 Y144.926 E1291.19497
G0 F12000 X173.776 Y144.078
G1 F6000 X187.836 Y158.137 E1292.56389
G0 F12000 X187.836 Y157.289
G1 F6000 X173.776 Y143.229 E1293.93286
G0 F12000 X173.776 Y142.381
G1 F6000 X187.836 Y156.44 E1295.30179
G0 F12000 X187.836 Y155.592
G1 F6000 X173.776 Y141.532 E1296.67076
G0 F12000 X173.776 Y140.684
G1 F6000 X187.836 Y154.743 E1298.03968
G0 F12000 X187.836 Y153.895
G1 F6000 X173.776 Y139.835 E1299.40865
G0 F12000 X173.776 Y138.987
G1 F6000 X187.836 Y153.046 E1300.77758
G0 F12000 X187.836 Y152.198
G1 F6000 X173.776 Y138.138 E1302.14655
G0 F12000 X173.776 Y137.29
G1 F6000 X187.836 Y151.349 E1303.51547
G0 F12000 X187.836 Y150.501
G1 F6000 X173.776 Y136.441 E1304.88445
G0 F12000 X173.776 Y135.593
G1 F6000 X187.836 Y149.652 E1306.25337
G0 F12000 X187.836 Y148.804
G1 F6000 X173.776 Y134.744 E1307.62234
G0 F12000 X173.776 Y133.896
G1 F6000 X187.836 Y147.955 E1308.99127
G0 F12000 X187.836 Y147.106
G1 F6000 X173.74 Y133.011 E1310.36369
G0 F12000 X173.48 Y131.902
G1 F6000 X187.836 Y146.258 E1311.76149
G0 F12000 X187.836 Y145.409
G1 F6000 X172.592 Y130.166 E1313.24569
G0 F12000 X172.955 Y129.681
G1 F6000 X187.836 Y144.561 E1314.69455
G0 F12000 X187.836 Y143.712
G1 F6000 X173.805 Y129.681 E1316.0607
G0 F12000 X174.653 Y129.681
G1 F6000 X187.836 Y142.864 E1317.34429
G0 F12000 X187.836 Y142.015
G1 F6000 X175.502 Y129.681 E1318.5452
G0 F12000 X176.35 Y129.681
G1 F6000 X187.836 Y141.167 E1319.66355
G0 F12000 X187.836 Y140.318
G1 F6000 X177.199 Y129.681 E1320.69924
G0 F12000 X178.047 Y129.681
G1 F6000 X187.836 Y139.47 E1321.65236
G0 F12000 X187.836 Y138.621
G1 F6000 X178.896 Y129.681 E1322.52282
G0 F12000 X179.744 Y129.681
G1 F6000 X187.836 Y137.773 E1323.31071
G0 F12000 X187.836 Y136.924
G1 F6000 X180.593 Y129.681 E1324.01593
G0 F12000 X181.441 Y129.681
G1 F6000 X187.836 Y136.076 E1324.63859
G0 F12000 X187.836 Y135.227
G1 F6000 X182.289 Y129.681 E1325.17863
G0 F12000 X183.138 Y129.681
G1 F6000 X187.836 Y134.379 E1325.63606
G0 F12000 X187.836 Y133.53
G1 F6000 X183.986 Y129.681 E1326.01087
G0 F12000 X184.835 Y129.681
G1 F6000 X187.924 Y132.769 E1326.31159
G0 F12000 X188.06 Y132.057
G1 F6000 X185.683 Y129.681 E1326.54298
G0 F12000 X186.532 Y129.681
G1 F6000 X188.303 Y131.452 E1326.71542
G0 F12000 X188.571 Y130.871
G1 F6000 X187.38 Y129.681 E1326.83133
G0 F12000 X188.229 Y129.681
G1 F6000 X188.899 Y130.351 E1326.89657
G0 F12000 X189.255 Y129.858
G1 F6000 X189.078 Y129.681 E1326.9138
G1 F3600 E1325.1138
G1 F600 Z3.7
G0 F12000 X185.756 Y160.3 Z3.7
G1 F600 Z2.7
G1 F3000 E1326.9138
G1 F6000 X187.836 Y162.38 E1327.11632
G0 F12000 X187.836 Y163.229
G1 F6000 X185.944 Y161.336 E1327.30059
G0 F12000 X185.934 Y162.175
G1 F6000 X187.836 Y164.077 E1327.48578
G0 F12000 X187.65 Y164.74
G1 F6000 X185.821 Y162.911 E1327.66386
G0 F12000 X185.627 Y163.565
G1 F6000 X186.801 Y164.74 E1327.77822
G0 F12000 X185.953 Y164.74
G1 F6000 X185.346 Y164.133 E1327.83732
G1 F3600 E1326.03732
G1 F600 Z3.7
G0 F12000 X199.085 Y128.031 Z3.7
G1 F600 Z2.7
G1 F3000 E1327.83732
G1 F5834.7 X199.517 Y127.564 E1327.88236
G1 X199.947 Y126.912 E1327.93766
G1 X200.128 Y126.495 E1327.96984
G1 X200.128 Y127.747 E1328.05848
G1 X200.075 Y127.852 E1328.06681
G1 X199.911 Y127.996 E1328.08226
G1 X199.753 Y128.032 E1328.09374
G1 X199.085 Y128.031 E1328.14103
G1 F3600 E1326.34103
G1 F600 Z3.7
G0 F12000 X200.078 Y116.693 Z3.7
G1 F600 Z2.7
G1 F3000 E1328.14103
G1 F5341.2 X199.67 Y116.013 E1328.20236
G1 X199.179 Y115.418 E1328.26202
G1 X200.354 Y115.418 E1328.3529
G1 X200.268 Y115.63 E1328.37059
G1 X200.137 Y116.162 E1328.41296
G1 X200.078 Y116.693 E1328.45428
G1 F3600 E1326.65428
G1 F600 Z3.7
G0 F12000 X162.544 Y128.032 Z3.7
G1 F600 Z2.7
G1 F3000 E1328.45428
G1 F5853.7 X161.866 Y128.033 E1328.50213
G1 X161.689 Y127.993 E1328.51494
G1 X161.537 Y127.851 E1328.52962
G1 X161.485 Y127.653 E1328.54406
G1 X161.502 Y126.557 E1328.62142
G1 X161.801 Y127.118 E1328.66628
G1 X162.112 Y127.581 E1328.70564
G1 X162.544 Y128.032 E1328.74971
G1 F3600 E1326.94971
G1 F600 Z3.7
G0 F12000 X161.519 Y116.783 Z3.7
G1 F600 Z2.7
G1 F3000 E1328.74971
G1 F5413.5 X161.404 Y115.822 E1328.82357
G1 X161.256 Y115.412 E1328.85683
G1 X162.481 Y115.412 E1328.9503
G1 X161.944 Y116.002 E1329.01118
G1 X161.519 Y116.783 E1329.07903
G1 F3600 E1327.27903
G1 F600 Z3.7
;MESH:NONMESH
G0 F12000 X152 Y111.549 Z3.7
;TIME_ELAPSED:501.149043
;LAYER:9
G0 X152 Y111.549 Z4
;TYPE:SUPPORT
G1 F600 Z3
G1 F3000 E1329.07903
G1 F6000 X152 Y111.056 E1329.11297
G1 X152.039 Y110.93 E1329.12205
G1 X152.359 Y110.551 E1329.1562
G1 X152.613 Y110.422 E1329.17582
G1 X153.042 Y110.315 E1329.20626
G1 X155.522 Y110.315 E1329.377
G1 X156 Y110.419 E1329.41068
G1 X156 Y111.773 E1329.5039
G1 F3600 E1327.7039
G1 F600 Z4
G0 F12000 X156 Y118.006 Z4
G1 F600 Z3
G1 F3000 E1329.5039
G1 F6000 X156 Y116.725 E1329.5921
G1 X155.94 Y116.689 E1329.59691
G1 X152.706 Y116.649 E1329.81959
G1 X152.475 Y116.78 E1329.83787
G1 X152 Y116.93 E1329.87216
G1 X152 Y117.373 E1329.90266
G1 F3600 E1328.10266
G1 F600 Z4
G0 F12000 X208 Y118.11 Z4
G0 X208.991 Y118.016
G1 F600 Z3
G1 F3000 E1329.90266
G1 F6000 X208.583 Y118.111 E1329.93151
G1 X208 Y118.11 E1329.97165
G1 X206.059 Y118.107 E1330.10528
G1 X205.595 Y118.008 E1330.13794
G1 X205.327 Y117.868 E1330.15876
G1 X205.113 Y117.622 E1330.18121
G1 X204.98 Y117.312 E1330.20443
G1 X204.935 Y116.99 E1330.22682
G1 X205.268 Y116.827 E1330.25235
G1 X205.448 Y116.686 E1330.26809
G1 X208 Y116.656 E1330.4438
G1 X208.946 Y116.646 E1330.50894
G1 X209.151 Y116.766 E1330.52529
G1 X209.721 Y116.954 E1330.56661
G1 X209.633 Y117.351 E1330.59461
G1 X209.464 Y117.67 E1330.61946
G1 X209.238 Y117.896 E1330.64147
G1 X208.991 Y118.016 E1330.66037
G0 F12000 X208 Y118.11
G1 F6000 X208 Y116.656 E1330.76048
G1 F3600 E1328.96048
G1 F600 Z4
G0 F12000 X208 Y110.315 Z4
G0 X209.024 Y110.424
G1 F600 Z3
G1 F3000 E1330.76048
G1 F6000 X209.282 Y110.567 E1330.78079
G1 X209.461 Y110.745 E1330.79817
G1 X209.602 Y110.991 E1330.81769
G1 X209.755 Y111.525 E1330.85594
G1 X209.385 Y111.594 E1330.88185
G1 X208.915 Y111.813 E1330.91755
G1 X208 Y111.813 E1330.98054
G1 X205.436 Y111.813 E1331.15707
G1 X204.918 Y111.5 E1331.19874
G1 X204.966 Y111.133 E1331.22422
G1 X205.058 Y110.898 E1331.2416
G1 X205.206 Y110.687 E1331.25934
G1 X205.644 Y110.419 E1331.29469
G1 X206.125 Y110.313 E1331.32861
G1 X208 Y110.315 E1331.4577
G1 X208.523 Y110.315 E1331.4937
G1 X209.024 Y110.424 E1331.529
G0 F12000 X208 Y110.315
G1 F6000 X208 Y111.813 E1331.63214
G1 F3600 E1329.83214
G1 F600 Z4
;MESH:LC-GR3005??????RFID?????????-WB.stl
G0 F12000 X204.843 Y114.212 Z4
;TYPE:WALL-INNER
G1 F600 Z3
G1 F3000 E1331.63214
G1 F6000 X211.308 Y114.212 E1332.07724
G1 F3600 E1330.27724
G1 F600 Z4
G0 F12000 X196.341 Y114.731 Z4
G1 F600 Z3
G1 F3000 E1332.07724
G1 F8612.4 X195.956 Y114.712 E1332.09573
G1 F9000 X165.668 Y114.712 E1333.48592
G1 F8674.7 X165.32 Y114.727 E1333.50251
G1 F3600 E1331.70251
G1 F600 Z4
G0 F12000 X156.708 Y114.212 Z4
G1 F600 Z3
G1 F3000 E1333.50251
G1 F6000 X150.31 Y114.212 E1333.943
G1 F3600 E1332.143
G1 F600 Z4
G0 F12000 X165.195 Y128.685 Z4
G1 F600 Z3
G1 F3000 E1333.943
G1 F7228.9 X164.556 Y128.571 E1333.98009
G1 F6338 X164.053 Y128.412 E1334.01448
G1 F6000 X163.371 Y128.004 E1334.06919
G1 X162.76 Y127.446 E1334.12616
G1 X162.489 Y127.108 E1334.15599
G1 X162.122 Y126.497 E1334.20506
G1 F5806.5 X161.897 Y125.97 E1334.24583
G1 F5325.4 X161.661 Y125.153 E1334.31179
G1 F5099.2 X161.658 Y118.574 E1334.84477
G1 F5056.2 X161.687 Y118.147 E1334.87973
G1 F5286.3 X161.843 Y117.542 E1334.92856
G1 F5815.8 X162.215 Y116.739 E1334.99142
G1 F6000 X162.519 Y116.274 E1335.02966
G1 X163.044 Y115.69 E1335.08373
G1 X163.385 Y115.41 E1335.11411
G1 X164.05 Y115.013 E1335.16743
G1 F6206.9 X164.418 Y114.879 E1335.1935
G1 F7258.1 X165.32 Y114.727 E1335.24556
G1 F7627.1 X164.136 Y114.812 E1335.30985
G1 F6716.4 X162.207 Y114.812 E1335.42849
G1 F6217.6 X160.278 Y114.812 E1335.55665
G1 F6000 X160.674 Y115.565 E1335.61523
G1 X160.823 Y116.024 E1335.64845
G1 X160.903 Y116.45 E1335.67829
G1 F5882.4 X160.92 Y117.127 E1335.72585
G1 F5341.2 X160.971 Y118.077 E1335.79943
G1 F5056.2 X160.958 Y118.574 E1335.84005
G1 F5128.2 X160.959 Y124.858 E1336.34624
G1 F5056.2 X160.968 Y125.291 E1336.38163
G1 F5286.3 X160.928 Y126.083 E1336.44359
G1 F5806.5 X160.909 Y126.81 E1336.49533
G1 F6000 X160.908 Y127.716 E1336.55771
G1 X161.027 Y128.137 E1336.58783
G1 X161.183 Y128.337 E1336.60529
G1 X161.383 Y128.493 E1336.62276
G1 X161.813 Y128.612 E1336.65347
G1 X164.003 Y128.613 E1336.80425
G1 F6792.5 X165.195 Y128.685 E1336.87688
G1 F8352.7 X165.672 Y128.713 E1336.90051
G1 F8411.2 X168.159 Y128.714 E1337.02265
G1 F7515.7 X168.819 Y128.764 E1337.05903
G1 F3600 E1335.25903
G1 F600 Z4
G0 F12000 X180.811 Y128.212 Z4
G1 F600 Z3
G1 F3000 E1337.05903
G1 F6000 X165.672 Y128.212 E1338.10133
G1 X165.319 Y128.17 E1338.1258
G1 X164.69 Y128.018 E1338.17035
G1 X164.336 Y127.883 E1338.19644
G1 X163.751 Y127.539 E1338.24316
G1 X163.227 Y127.069 E1338.29162
G1 X162.963 Y126.74 E1338.32067
G1 X162.647 Y126.207 E1338.36333
G1 X162.5 Y125.827 E1338.39138
G1 X162.312 Y125.021 E1338.44836
G1 X162.308 Y118.574 E1338.89223
G1 X162.337 Y118.277 E1338.91277
G1 X162.508 Y117.561 E1338.96345
G1 X162.737 Y117.034 E1339.00301
G1 X163.018 Y116.608 E1339.03815
G1 X163.471 Y116.111 E1339.08445
G1 X164.042 Y115.695 E1339.13309
G1 X164.644 Y115.413 E1339.17886
G1 X164.946 Y115.322 E1339.20057
G1 X165.668 Y115.212 E1339.25085
G1 X195.956 Y115.212 E1341.33614
G1 X196.675 Y115.323 E1341.38623
G1 X196.966 Y115.411 E1341.40716
G1 X197.578 Y115.695 E1341.45361
G1 X198.149 Y116.111 E1341.50225
G1 X198.607 Y116.615 E1341.54913
G1 X198.882 Y117.034 E1341.58364
G1 X199.176 Y117.709 E1341.63433
G1 X199.308 Y118.572 E1341.69444
G1 X199.308 Y125.031 E1342.13913
G1 X199.109 Y125.871 E1342.19856
G1 X198.776 Y126.551 E1342.25069
G1 X198.428 Y127.02 E1342.2909
G1 X198.18 Y127.281 E1342.31569
G1 X197.631 Y127.696 E1342.36307
G1 X196.93 Y128.017 E1342.41615
G1 X196.121 Y128.212 E1342.47345
G1 X180.811 Y128.212 E1343.52752
G0 F12000 X180.811 Y127.612
G1 F6000 X165.563 Y127.612 E1344.57732
G1 X164.708 Y127.405 E1344.63788
G1 X164.13 Y127.074 E1344.68374
G1 X163.695 Y126.693 E1344.72355
G1 X163.437 Y126.372 E1344.75191
G1 X163.114 Y125.817 E1344.79612
G1 X162.912 Y124.957 E1344.85694
G1 X162.908 Y118.47 E1345.30356
G1 X163.063 Y117.789 E1345.35164
G1 X163.226 Y117.394 E1345.38106
G1 X163.516 Y116.942 E1345.41804
G1 X163.899 Y116.532 E1345.45667
G1 X164.372 Y116.196 E1345.49661
G1 X164.964 Y115.926 E1345.54141
G1 X165.668 Y115.812 E1345.59051
G1 X195.956 Y115.812 E1347.67579
G1 X196.651 Y115.927 E1347.72429
G1 X197.248 Y116.196 E1347.76937
G1 X197.721 Y116.532 E1347.80932
G1 X198.109 Y116.949 E1347.84854
G1 X198.36 Y117.329 E1347.87989
G1 X198.557 Y117.789 E1347.91434
G1 X198.708 Y118.471 E1347.96243
G1 X198.708 Y124.955 E1348.40885
G1 X198.608 Y125.464 E1348.44456
G1 X198.368 Y126.094 E1348.49098
G1 X197.876 Y126.757 E1348.54782
G1 X197.349 Y127.166 E1348.59375
G1 X196.787 Y127.434 E1348.63661
G1 X196.055 Y127.612 E1348.68848
G1 X180.811 Y127.612 E1349.73801
G1 F3600 E1347.93801
G1 F600 Z4
G0 F12000 X192.801 Y128.765 Z4
G1 F600 Z3
G1 F3000 E1349.73801
G1 F7500 X193.501 Y128.714 E1349.77666
G1 F8411.2 X195.952 Y128.713 E1349.89704
G1 F8633.1 X196.301 Y128.698 E1349.91375
G1 F7407.4 X197.074 Y128.644 E1349.95696
G1 F6315.8 X197.612 Y128.614 E1349.99221
G1 F6000 X199.806 Y128.612 E1350.14326
G1 X200.16 Y128.532 E1350.16825
G1 X200.359 Y128.412 E1350.18425
G1 X200.545 Y128.209 E1350.2032
G1 X200.662 Y127.977 E1350.22109
G1 X200.708 Y127.633 E1350.24499
G1 F5921.1 X200.7 Y126.311 E1350.33722
G1 F5389.2 X200.649 Y125.295 E1350.4152
G1 F5077.6 X200.658 Y124.86 E1350.45059
G1 F5142.9 X200.658 Y118.572 E1350.95567
G1 F5063.3 X200.647 Y118.099 E1350.99427
G1 F5357.1 X200.697 Y117.128 E1351.06924
G1 F5892 X200.714 Y116.45 E1351.11679
G1 F6000 X200.794 Y116.023 E1351.1467
G1 X200.951 Y115.547 E1351.18121
G1 X201.342 Y114.812 E1351.23853
G1 X197.601 Y114.812 E1351.49609
G1 F6440.1 X196.971 Y114.771 E1351.53658
G1 F7547.2 X196.34 Y114.731 E1351.57119
G1 F7258.1 X197.188 Y114.879 E1351.62018
G1 F6228.4 X197.562 Y115.01 E1351.64647
G1 F6000 X198.235 Y115.41 E1351.70037
G1 X198.576 Y115.69 E1351.73075
G1 X199.106 Y116.281 E1351.7854
G1 X199.404 Y116.739 E1351.82302
G1 F5825.2 X199.776 Y117.542 E1351.88578
G1 F5325.4 X199.958 Y118.27 E1351.94399
G1 F5056.2 X199.958 Y125.15 E1352.50608
G1 F5225 X199.819 Y125.7 E1352.55093
G1 F5678.2 X199.511 Y126.465 E1352.61093
G1 F6000 X199.258 Y126.909 E1352.64611
G1 X198.909 Y127.378 E1352.68636
G1 X198.563 Y127.743 E1352.72099
G1 X197.914 Y128.225 E1352.77665
G1 X197.562 Y128.413 E1352.80412
G1 F6315.8 X197.065 Y128.571 E1352.83823
G1 F7407.4 X196.301 Y128.698 E1352.88142
G1 F3600 E1351.08142
G1 F600 Z4
G0 F12000 X180.714 Y157.421 Z4
G1 F600 Z3
G1 F3000 E1352.88142
G1 F6000 X181.281 Y157.429 E1352.92046
G1 X182.018 Y157.584 E1352.97231
G1 X182.6 Y157.807 E1353.01522
G1 X182.949 Y157.987 E1353.04226
G1 X183.565 Y158.401 E1353.09336
G1 X184.125 Y158.992 E1353.14941
G1 X184.41 Y159.37 E1353.18201
G1 X184.803 Y160.125 E1353.24061
G1 X185.024 Y160.893 E1353.29563
G1 X185.108 Y161.677 E1353.34992
G1 X185.018 Y162.591 E1353.41315
G1 X184.799 Y163.307 E1353.4647
G1 X184.415 Y164.046 E1353.52203
G1 X184.125 Y164.432 E1353.55527
G1 X183.697 Y164.884 E1353.59813
G1 X183.305 Y165.209 E1353.63319
G1 X182.588 Y165.611 E1353.68978
G1 X187.807 Y165.611 E1354.0491
G1 X188.16 Y165.532 E1354.07401
G1 X188.359 Y165.412 E1354.09001
G1 X188.545 Y165.209 E1354.10896
G1 X188.664 Y164.974 E1354.1271
G1 X188.708 Y164.661 E1354.14886
G1 X188.708 Y133.356 E1356.30416
G1 X188.883 Y132.421 E1356.36965
G1 X189.031 Y131.949 E1356.40371
G1 X189.323 Y131.297 E1356.4529
G1 X189.563 Y130.891 E1356.48537
G1 X190.027 Y130.276 E1356.53841
G1 X190.635 Y129.726 E1356.59485
G1 X191.339 Y129.252 E1356.65329
G1 F6020.1 X191.701 Y129.079 E1356.68082
G1 F6338 X192.375 Y128.856 E1356.72709
G1 F6883.4 X192.801 Y128.765 E1356.75323
G1 F6521.7 X191.653 Y128.81 E1356.826
G1 F6030.2 X169.97 Y128.811 E1358.31138
G1 F6545.5 X168.819 Y128.764 E1358.38408
G1 F6963.2 X169.141 Y128.826 E1358.40353
G1 F6383 X169.909 Y129.066 E1358.45561
G1 F6020.1 X170.334 Y129.28 E1358.48826
G1 F6000 X170.999 Y129.734 E1358.54369
G1 X171.569 Y130.266 E1358.59737
G1 X171.794 Y130.529 E1358.6212
G1 X172.236 Y131.182 E1358.67549
G1 X172.601 Y131.989 E1358.73647
G1 X172.794 Y132.669 E1358.78514
G1 X172.867 Y133.081 E1358.81395
G1 X172.908 Y133.716 E1358.85776
G1 X172.908 Y164.716 E1360.99206
G1 X173.027 Y165.137 E1361.02218
G1 X173.184 Y165.336 E1361.03963
G1 X173.382 Y165.494 E1361.05707
G1 X173.575 Y165.569 E1361.07133
G1 X173.897 Y165.612 E1361.09369
G1 X179.003 Y165.612 E1361.44523
G1 X178.391 Y165.253 E1361.49408
G1 X178.007 Y164.965 E1361.52713
G1 X177.441 Y164.377 E1361.58332
G1 X176.991 Y163.679 E1361.6405
G1 X176.705 Y163.009 E1361.69065
G1 X176.543 Y162.183 E1361.74861
G1 X176.512 Y161.82 E1361.77369
G1 X176.544 Y161.056 E1361.82634
G1 X176.812 Y160.144 E1361.89178
G1 X177.195 Y159.387 E1361.95019
G1 X177.699 Y158.747 E1362.00628
G1 X178.315 Y158.215 E1362.06231
G1 X179.02 Y157.807 E1362.11839
G1 X179.6 Y157.585 E1362.16115
G1 X180.385 Y157.417 E1362.21642
G1 X180.714 Y157.421 E1362.23907
G1 F3600 E1360.43907
G1 F600 Z4
G0 F12000 X189.308 Y150.213 Z4
G1 F600 Z3
G1 F3000 E1362.23907
G1 F6000 X189.308 Y133.414 E1363.39566
G1 X189.473 Y132.532 E1363.45744
G1 X189.579 Y132.194 E1363.48182
G1 X189.941 Y131.386 E1363.54278
G1 X190.472 Y130.682 E1363.60349
G1 X191.037 Y130.171 E1363.65594
G1 X191.751 Y129.699 E1363.71487
G1 X192.716 Y129.337 E1363.78583
G1 X193.525 Y129.216 E1363.84215
G1 X199.853 Y129.212 E1364.27782
G1 X200.39 Y129.088 E1364.31577
G1 X200.759 Y128.863 E1364.34552
G1 X201.027 Y128.572 E1364.37276
G1 X201.235 Y128.163 E1364.40435
G1 X201.308 Y127.655 E1364.43968
G1 X201.312 Y116.499 E1365.20776
G1 X201.52 Y115.737 E1365.26214
G1 X201.755 Y115.297 E1365.29648
G1 X202.178 Y114.823 E1365.34022
G1 X202.382 Y114.664 E1365.35803
G1 F6741.6 X202.871 Y114.478 E1365.39009
G1 F9399.5 X203.65 Y114.364 E1365.42469
G1 F9625.7 X204.247 Y114.288 E1365.45051
G1 F6857.1 X204.844 Y114.212 E1365.48677
G1 F6593.4 X204.203 Y114.133 E1365.52723
G1 F8238 X203.563 Y114.055 E1365.55956
G1 F8470.6 X202.819 Y114.145 E1365.59611
G1 F6741.6 X202.226 Y114.212 E1365.63268
G1 F6020.1 X187.97 Y114.212 E1366.61091
G1 F6050.4 X173.714 Y114.212 E1367.58424
G1 F6081.1 X159.458 Y114.212 E1368.55265
G1 F7200 X158.653 Y114.117 E1368.59916
G1 F10140.8 X157.908 Y114.066 E1368.62958
G1 F9625.7 X157.308 Y114.139 E1368.65552
G1 F6857.1 X156.707 Y114.212 E1368.69199
G1 X157.303 Y114.288 E1368.72818
G1 F9625.7 X157.898 Y114.365 E1368.75393
G1 F10140.8 X158.59 Y114.443 E1368.7823
G1 F7258.1 X159.217 Y114.662 E1368.8201
G1 F6101.7 X159.431 Y114.815 E1368.83791
G1 F6000 X159.865 Y115.297 E1368.88256
G1 X160.104 Y115.75 E1368.91783
G1 X160.309 Y116.449 E1368.96798
G1 X160.308 Y127.762 E1369.74686
G1 X160.353 Y128.052 E1369.76707
G1 X160.52 Y128.464 E1369.79767
G1 X160.756 Y128.764 E1369.82395
G1 X161.056 Y129 E1369.85023
G1 X161.465 Y129.166 E1369.88062
G1 X161.769 Y129.212 E1369.90179
G1 X168.13 Y129.216 E1370.33974
G1 X168.875 Y129.33 E1370.39163
G1 X169.638 Y129.599 E1370.44733
G1 X170.062 Y129.815 E1370.48009
G1 X170.644 Y130.218 E1370.52883
G1 X171.147 Y130.692 E1370.57641
G1 X171.58 Y131.257 E1370.62542
G1 X171.979 Y131.992 E1370.683
G1 X172.258 Y132.982 E1370.75381
G1 X172.308 Y133.716 E1370.80447
G1 X172.308 Y164.762 E1372.94194
G1 X172.353 Y165.052 E1372.96214
G1 X172.52 Y165.464 E1372.99275
G1 X172.757 Y165.763 E1373.01902
G1 X173.056 Y166 E1373.04528
G1 X173.444 Y166.157 E1373.0741
G1 X173.858 Y166.212 E1373.10286
G1 X178.92 Y166.212 E1373.45137
G1 F5438.1 X180.208 Y166.15 E1373.54932
G1 F5056.2 X180.808 Y166.162 E1373.59835
G1 F5013.9 X181.558 Y166.145 E1373.66016
G1 F5278.6 X182.493 Y166.197 E1373.73344
G1 F5863.2 X183 Y166.212 E1373.76918
G1 F6000 X187.854 Y166.211 E1374.10337
G1 X188.39 Y166.088 E1374.14123
G1 X188.759 Y165.863 E1374.17099
G1 X189.027 Y165.572 E1374.19822
G1 X189.236 Y165.161 E1374.22997
G1 X189.308 Y164.686 E1374.26304
G1 X189.308 Y150.213 E1375.25949
G0 F12000 X189.908 Y150.213
G1 F6000 X189.908 Y133.47 E1376.41222
G1 X190.083 Y132.537 E1376.47757
G1 X190.46 Y131.693 E1376.54122
G1 X190.915 Y131.091 E1376.59317
G1 X191.44 Y130.616 E1376.64191
G1 X192.027 Y130.236 E1376.69006
G1 X192.869 Y129.92 E1376.75197
G1 X193.573 Y129.816 E1376.80097
G1 X199.9 Y129.812 E1377.23657
G1 X200.294 Y129.749 E1377.26405
G1 X200.619 Y129.645 E1377.28754
G1 X201.159 Y129.315 E1377.33111
G1 X201.509 Y128.935 E1377.36668
G1 X201.808 Y128.349 E1377.41197
G1 X201.908 Y127.919 E1377.44237
G1 X201.91 Y116.547 E1378.22531
G1 X202.09 Y115.927 E1378.26976
G1 X202.23 Y115.663 E1378.29033
G1 X202.548 Y115.295 E1378.32382
G1 X203.033 Y114.986 E1378.36341
G1 X203.604 Y114.813 E1378.40449
G1 X211.908 Y114.812 E1378.97621
G1 X211.908 Y113.612 E1379.05883
G1 X149.71 Y113.612 E1383.34106
G1 X149.711 Y114.812 E1383.42368
G1 X157.869 Y114.813 E1383.98535
G1 X158.192 Y114.856 E1384.00778
G1 X158.643 Y115.008 E1384.04055
G1 X158.857 Y115.13 E1384.05751
G1 X159.23 Y115.455 E1384.09157
G1 X159.533 Y115.934 E1384.13059
G1 X159.706 Y116.547 E1384.17444
G1 X159.708 Y127.807 E1384.94968
G1 X159.767 Y128.191 E1384.97643
G1 X160.013 Y128.79 E1385.02101
G1 X160.329 Y129.191 E1385.05616
G1 X160.73 Y129.507 E1385.09131
G1 X161 Y129.646 E1385.11222
G1 X161.327 Y129.752 E1385.13588
G1 X161.724 Y129.812 E1385.16353
G1 X168.084 Y129.816 E1385.6014
G1 X168.645 Y129.902 E1385.64048
G1 X169.305 Y130.101 E1385.68794
G1 X169.913 Y130.426 E1385.7354
G1 X170.389 Y130.787 E1385.77653
G1 X170.822 Y131.232 E1385.81928
G1 X171.167 Y131.727 E1385.86082
G1 X171.447 Y132.315 E1385.90566
G1 X171.639 Y132.995 E1385.95431
G1 X171.706 Y133.648 E1385.9995
G1 X171.708 Y164.807 E1388.14475
G1 X171.767 Y165.191 E1388.1715
G1 X172.013 Y165.79 E1388.21608
G1 X172.329 Y166.191 E1388.25123
G1 X172.73 Y166.507 E1388.28638
G1 X172.998 Y166.645 E1388.30714
G1 X173.313 Y166.745 E1388.32989
G1 X173.819 Y166.812 E1388.36503
G1 X187.901 Y166.811 E1389.33456
G1 X188.294 Y166.749 E1389.36195
G1 X188.619 Y166.645 E1389.38544
G1 X189.159 Y166.315 E1389.42901
G1 X189.509 Y165.935 E1389.46458
G1 X189.809 Y165.347 E1389.51003
G1 X189.908 Y164.711 E1389.55435
G1 X189.908 Y150.213 E1390.55251
G1 F3600 E1388.75251
G1 F600 Z4
G0 F12000 X180.903 Y158.022 Z4
G1 F600 Z3
G1 F3000 E1390.55251
G1 F6000 X181.166 Y158.018 E1390.57062
G1 X181.85 Y158.16 E1390.61872
G1 X182.511 Y158.416 E1390.66752
G1 X183.168 Y158.852 E1390.72181
G1 X183.69 Y159.404 E1390.77411
G1 X183.893 Y159.674 E1390.79737
G1 X184.234 Y160.317 E1390.84748
G1 X184.43 Y160.977 E1390.89488
G1 X184.504 Y161.612 E1390.9389
G1 X184.427 Y162.488 E1390.99944
G1 X184.232 Y163.112 E1391.04445
G1 X183.827 Y163.875 E1391.10392
G1 X183.261 Y164.472 E1391.16056
G1 X182.982 Y164.704 E1391.18554
G1 F5863.2 X182.31 Y165.1 E1391.2405
G1 F5504.6 X181.543 Y165.413 E1391.30267
G1 F5217.4 X180.808 Y165.462 E1391.36099
G1 F5056.2 X180.242 Y165.428 E1391.40732
G1 F5357.1 X179.455 Y165.181 E1391.47092
G1 F5901.6 X178.694 Y164.735 E1391.53266
G1 F6000 X178.42 Y164.53 E1391.55622
G1 X177.929 Y164.027 E1391.60462
G1 X177.537 Y163.431 E1391.65373
G1 X177.283 Y162.839 E1391.69808
G1 X177.104 Y161.925 E1391.7622
G1 X177.176 Y161.032 E1391.82388
G1 X177.36 Y160.387 E1391.87006
G1 X177.683 Y159.736 E1391.9201
G1 X178.112 Y159.183 E1391.96828
G1 X178.639 Y158.72 E1392.01658
G1 X179.244 Y158.364 E1392.06491
G1 X179.769 Y158.16 E1392.10369
G1 X180.407 Y158.027 E1392.14856
G1 X180.903 Y158.022 E1392.18271
G0 F12000 X180.811 Y158.623
G1 F6000 X181.104 Y158.623 E1392.20288
G1 X181.602 Y158.716 E1392.23776
G1 X182.228 Y158.949 E1392.28375
G1 X182.744 Y159.288 E1392.32626
G1 X183.331 Y159.897 E1392.38449
G1 X183.666 Y160.508 E1392.43246
G1 X183.836 Y161.061 E1392.4723
G1 X183.901 Y161.694 E1392.51611
G1 X183.835 Y162.384 E1392.56383
G1 X183.664 Y162.917 E1392.60237
G1 X183.334 Y163.522 E1392.64981
G1 X182.74 Y164.15 E1392.70933
G1 X182.11 Y164.52 E1392.75963
G1 X181.425 Y164.755 E1392.80949
G1 X180.808 Y164.812 E1392.85215
G1 X180.305 Y164.769 E1392.88691
G1 X179.64 Y164.595 E1392.93423
G1 X178.898 Y164.159 E1392.99348
G1 X178.416 Y163.677 E1393.04042
G1 X178.084 Y163.184 E1393.08134
G1 X177.873 Y162.704 E1393.11744
G1 X177.725 Y161.976 E1393.16858
G1 X177.732 Y161.353 E1393.21148
G1 X177.858 Y160.777 E1393.25207
G1 X178.081 Y160.243 E1393.29191
G1 X178.411 Y159.748 E1393.33287
G1 X178.828 Y159.33 E1393.37352
G1 X179.385 Y158.952 E1393.41987
G1 X179.938 Y158.736 E1393.46074
G1 X180.512 Y158.623 E1393.50102
G1 X180.811 Y158.623 E1393.52161
G0 F12000 X180.811 Y159.221
;TYPE:WALL-OUTER
G1 F6000 X181.048 Y159.221 E1393.53792
G1 X181.54 Y159.321 E1393.57249
G1 X181.978 Y159.503 E1393.60515
G1 X182.363 Y159.752 E1393.63671
G1 X182.843 Y160.256 E1393.68463
G1 X183.097 Y160.7 E1393.71985
G1 X183.242 Y161.145 E1393.75207
G1 X183.307 Y161.601 E1393.78378
G1 X183.244 Y162.28 E1393.83073
G1 X183.072 Y162.775 E1393.86681
G1 X182.844 Y163.168 E1393.89809
G1 X182.39 Y163.647 E1393.94353
G1 X181.914 Y163.952 E1393.98245
G1 X181.276 Y164.168 E1394.02883
G1 X180.808 Y164.212 E1394.06119
G1 X180.308 Y164.161 E1394.09579
G1 X179.84 Y164.016 E1394.12953
G1 X179.269 Y163.681 E1394.1751
G1 X178.941 Y163.37 E1394.20622
G1 X178.63 Y162.936 E1394.24298
G1 X178.445 Y162.523 E1394.27414
G1 X178.316 Y161.872 E1394.31983
G1 X178.34 Y161.323 E1394.35767
G1 X178.44 Y160.923 E1394.38605
G1 X178.659 Y160.433 E1394.42301
G1 X178.899 Y160.097 E1394.45143
G1 X179.241 Y159.766 E1394.4842
G1 X179.642 Y159.503 E1394.51722
G1 X180.133 Y159.305 E1394.55367
G1 X180.568 Y159.221 E1394.58417
G1 X180.811 Y159.221 E1394.6009
G0 F12000 X181.011 Y159.221
G1 F3600 E1392.8009
G1 F600 Z4
G0 F12000 X190.51 Y150.215 Z4
G1 F600 Z3
G1 F3000 E1394.6009
G1 F6000 X190.513 Y133.5 E1395.7517
G1 X190.659 Y132.717 E1395.80654
G1 X190.981 Y132 E1395.86065
G1 X191.382 Y131.477 E1395.90603
G1 X191.842 Y131.061 E1395.94873
G1 X192.33 Y130.763 E1395.9881
G1 X192.994 Y130.514 E1396.03692
G1 X193.6 Y130.419 E1396.07915
G1 X199.948 Y130.412 E1396.5162
G1 X200.434 Y130.335 E1396.55008
G1 X200.849 Y130.201 E1396.5801
G1 X201.215 Y130.015 E1396.60837
G1 X201.559 Y129.766 E1396.63761
G1 X201.991 Y129.298 E1396.68146
G1 X202.212 Y128.934 E1396.71078
G1 X202.381 Y128.535 E1396.74061
G1 X202.478 Y128.115 E1396.77029
G1 X202.508 Y127.697 E1396.79914
G1 X202.508 Y116.595 E1397.56349
G1 X202.659 Y116.117 E1397.59801
G1 X202.918 Y115.767 E1397.62798
G1 X203.216 Y115.558 E1397.65304
G1 X203.668 Y115.416 E1397.68566
G1 X212.508 Y115.412 E1398.29428
G1 X212.508 Y113.012 E1398.45952
G1 X149.109 Y113.012 E1402.82445
G1 X149.112 Y115.412 E1402.98968
G1 X157.829 Y115.412 E1403.58983
G1 X158.11 Y115.45 E1403.60936
G1 X158.42 Y115.565 E1403.63212
G1 X158.754 Y115.821 E1403.66109
G1 X158.962 Y116.119 E1403.68611
G1 X159.108 Y116.595 E1403.72039
G1 X159.108 Y127.853 E1404.49549
G1 X159.181 Y128.33 E1404.52871
G1 X159.318 Y128.752 E1404.55926
G1 X159.506 Y129.116 E1404.58746
G1 X159.902 Y129.618 E1404.63149
G1 X160.404 Y130.014 E1404.67551
G1 X160.768 Y130.202 E1404.70371
G1 X161.189 Y130.338 E1404.73417
G1 X161.679 Y130.412 E1404.76829
G1 X168.058 Y130.419 E1405.20748
G1 X168.6 Y130.506 E1405.24527
G1 X169.093 Y130.668 E1405.281
G1 X169.517 Y130.884 E1405.31376
G1 X169.967 Y131.214 E1405.35218
G1 X170.336 Y131.584 E1405.38816
G1 X170.632 Y131.999 E1405.42325
G1 X170.848 Y132.423 E1405.45601
G1 X171.072 Y133.217 E1405.51281
G1 X171.108 Y133.693 E1405.54568
G1 X171.108 Y164.853 E1407.691
G1 X171.181 Y165.33 E1407.72422
G1 X171.318 Y165.752 E1407.75477
G1 X171.506 Y166.116 E1407.78297
G1 X171.902 Y166.618 E1407.82699
G1 X172.404 Y167.014 E1407.87101
G1 X172.768 Y167.201 E1407.89919
G1 X173.182 Y167.333 E1407.92911
G1 X173.78 Y167.412 E1407.97063
G1 X187.948 Y167.411 E1408.94608
G1 X188.434 Y167.335 E1408.97995
G1 X188.849 Y167.201 E1409.00997
G1 X189.215 Y167.015 E1409.03824
G1 X189.559 Y166.766 E1409.06747
G1 X189.991 Y166.298 E1409.11132
G1 X190.212 Y165.934 E1409.14064
G1 X190.381 Y165.534 E1409.17054
G1 X190.474 Y165.137 E1409.19861
G1 X190.508 Y164.735 E1409.22639
G1 X190.51 Y150.215 E1410.22607
G0 F12000 X190.51 Y150.015
G1 F3600 E1408.42607
G1 F600 Z4
G0 F12000 X180.808 Y127.01 Z4
G1 F600 Z3
G1 F3000 E1410.22607
G1 F6000 X165.634 Y127.012 E1411.27077
G1 X164.934 Y126.843 E1411.32035
G1 X164.51 Y126.609 E1411.3537
G1 X164.162 Y126.317 E1411.38497
G1 X163.885 Y125.966 E1411.41576
G1 X163.668 Y125.55 E1411.44806
G1 X163.516 Y124.908 E1411.49348
G1 X163.513 Y118.513 E1411.93377
G1 X163.601 Y118.073 E1411.96466
G1 X163.771 Y117.646 E1411.9963
G1 X164.014 Y117.276 E1412.02678
G1 X164.375 Y116.913 E1412.06203
G1 X164.751 Y116.671 E1412.09281
G1 X165.171 Y116.501 E1412.12401
G1 X165.616 Y116.416 E1412.1552
G1 X196.014 Y116.417 E1414.24806
G1 X196.446 Y116.501 E1414.27836
G1 X196.918 Y116.697 E1414.31354
G1 X197.294 Y116.953 E1414.34486
G1 X197.611 Y117.283 E1414.37636
G1 X197.826 Y117.604 E1414.40296
G1 X198.002 Y118.017 E1414.43387
G1 X198.103 Y118.515 E1414.46886
G1 X198.103 Y124.918 E1414.90969
G1 X198.019 Y125.35 E1414.93999
G1 X197.836 Y125.804 E1414.97369
G1 X197.443 Y126.334 E1415.01912
G1 X197.116 Y126.604 E1415.04832
G1 X196.644 Y126.852 E1415.08503
G1 X196.004 Y127.008 E1415.13038
G1 X180.808 Y127.01 E1416.1766
G0 F12000 X180.608 Y127.01
G1 F3600 E1414.3766
G1 F600 Z4
G0 F12000 X180.914 Y156.851 Z4
;TYPE:SKIN
G1 F600 Z3
G1 F3000 E1416.1766
G1 F6000 X180.255 Y156.861 E1416.22198
G1 X179.461 Y157.03 E1416.27787
G1 X178.809 Y157.275 E1416.32582
G1 X178.022 Y157.723 E1416.38817
G1 X177.276 Y158.361 E1416.45575
G1 X176.74 Y159.037 E1416.51515
G1 X176.296 Y159.9 E1416.58197
G1 X176.044 Y160.73 E1416.64169
G1 X175.963 Y161.247 E1416.67772
G1 X175.94 Y161.812 E1416.71665
G1 X175.98 Y162.28 E1416.74899
G1 X176.161 Y163.183 E1416.81239
G1 X176.467 Y163.909 E1416.86663
G1 X176.74 Y164.379 E1416.90406
G1 X177.265 Y165.039 E1416.96212
G1 X173.946 Y165.04 E1417.19063
G1 X173.676 Y164.987 E1417.20957
G1 X173.523 Y164.833 E1417.22452
G1 X173.476 Y164.654 E1417.23726
G1 X173.476 Y133.701 E1419.36833
G1 X173.432 Y133.009 E1419.41607
G1 X173.338 Y132.507 E1419.45123
G1 X173.134 Y131.788 E1419.50268
G1 X172.726 Y130.892 E1419.57047
G1 X172.246 Y130.182 E1419.62947
G1 X171.986 Y129.874 E1419.65722
G1 X171.454 Y129.38 E1419.70721
G1 X190.159 Y129.381 E1420.99502
G1 X189.625 Y129.87 E1421.04487
G1 X189.085 Y130.575 E1421.10601
G1 X188.813 Y131.035 E1421.1428
G1 X188.51 Y131.704 E1421.19336
G1 X188.329 Y132.283 E1421.23513
G1 X188.141 Y133.28 E1421.30498
G1 X188.136 Y164.641 E1423.46414
G1 X188.084 Y164.855 E1423.4793
G1 X187.915 Y165.003 E1423.49477
G1 X187.754 Y165.04 E1423.50614
G1 X184.333 Y165.04 E1423.74167
G1 X184.539 Y164.823 E1423.76227
G1 X184.888 Y164.361 E1423.80214
G1 X185.32 Y163.529 E1423.86668
G1 X185.592 Y162.636 E1423.93095
G1 X185.675 Y161.649 E1423.99914
G1 X185.591 Y160.825 E1424.05617
G1 X185.345 Y159.956 E1424.11835
G1 X184.907 Y159.094 E1424.18492
G1 X184.56 Y158.627 E1424.22497
G1 X183.945 Y157.97 E1424.28693
G1 X183.235 Y157.493 E1424.34582
G1 X182.843 Y157.289 E1424.37625
G1 X182.152 Y157.03 E1424.42705
G1 X181.28 Y156.845 E1424.48842
G1 X180.914 Y156.851 E1424.51363
G1 F3600 E1422.71363
G1 F600 Z4
G0 F12000 X187.836 Y164.303 Z4
G1 F600 Z3
G1 F3000 E1424.51363
G1 F6000 X187.4 Y164.74 E1424.55613
G0 F12000 X186.551 Y164.74
G1 F6000 X187.836 Y163.455 E1424.68124
G0 F12000 X187.836 Y162.606
G1 F6000 X185.703 Y164.74 E1424.88897
G0 F12000 X185.227 Y164.366
G1 F6000 X187.836 Y161.758 E1425.14295
G0 F12000 X187.836 Y160.909
G1 F6000 X185.816 Y162.929 E1425.33964
G0 F12000 X185.956 Y161.941
G1 F6000 X187.836 Y160.061 E1425.52268
G0 F12000 X187.836 Y159.212
G1 F6000 X185.923 Y161.125 E1425.70895
G0 F12000 X185.789 Y160.411
G1 F6000 X187.836 Y158.364 E1425.90826
G0 F12000 X187.836 Y157.515
G1 F6000 X185.589 Y159.762 E1426.12704
G0 F12000 X185.301 Y159.202
G1 F6000 X187.836 Y156.667 E1426.37386
G0 F12000 X187.836 Y155.818
G1 F6000 X184.975 Y158.679 E1426.65243
G0 F12000 X184.59 Y158.216
G1 F6000 X187.836 Y154.97 E1426.96848
G0 F12000 X187.836 Y154.121
G1 F6000 X184.178 Y157.779 E1427.32465
G0 F12000 X183.679 Y157.43
G1 F6000 X187.836 Y153.272 E1427.72945
G0 F12000 X187.836 Y152.424
G1 F6000 X183.148 Y157.112 E1428.1859
G0 F12000 X182.552 Y156.859
G1 F6000 X187.836 Y151.575 E1428.70038
G0 F12000 X187.836 Y150.727
G1 F6000 X181.893 Y156.67 E1429.27903
G0 F12000 X181.165 Y156.549
G1 F6000 X187.836 Y149.878 E1429.92856
G0 F12000 X187.836 Y149.03
G1 F6000 X180.303 Y156.563 E1430.66203
G0 F12000 X179.218 Y156.8
G1 F6000 X187.836 Y148.181 E1431.50118
G0 F12000 X187.836 Y147.333
G1 F6000 X173.776 Y161.393 E1432.87015
G0 F12000 X173.776 Y162.241
G1 F6000 X175.918 Y160.1 E1433.07866
G0 F12000 X175.667 Y161.199
G1 F6000 X173.776 Y163.09 E1433.26278
G0 F12000 X173.776 Y163.938
G1 F6000 X175.66 Y162.054 E1433.44622
G0 F12000 X175.776 Y162.787
G1 F6000 X173.848 Y164.715 E1433.63394
G0 F12000 X174.672 Y164.74
G1 F6000 X175.952 Y163.46 E1433.75857
G0 F12000 X176.205 Y164.054
G1 F6000 X175.521 Y164.739 E1433.82522
G0 F12000 X176.37 Y164.738
G1 F6000 X176.524 Y164.585 E1433.84016
G1 F3600 E1432.04016
G1 F600 Z4
G0 F12000 X173.776 Y160.544 Z4
G1 F600 Z3
G1 F3000 E1433.84016
G1 F6000 X187.836 Y146.484 E1435.20914
G0 F12000 X187.836 Y145.636
G1 F6000 X173.776 Y159.696 E1436.57811
G0 F12000 X173.776 Y158.847
G1 F6000 X187.836 Y144.787 E1437.94708
G0 F12000 X187.836 Y143.939
G1 F6000 X173.776 Y157.999 E1439.31605
G0 F12000 X173.776 Y157.15
G1 F6000 X187.836 Y143.09 E1440.68503
G0 F12000 X187.836 Y142.242
G1 F6000 X173.776 Y156.302 E1442.054
G0 F12000 X173.776 Y155.453
G1 F6000 X187.836 Y141.393 E1443.42297
G0 F12000 X187.836 Y140.545
G1 F6000 X173.776 Y154.605 E1444.79194
G0 F12000 X173.776 Y153.756
G1 F6000 X187.836 Y139.696 E1446.16092
G0 F12000 X187.836 Y138.847
G1 F6000 X173.776 Y152.908 E1447.52994
G0 F12000 X173.776 Y152.059
G1 F6000 X187.836 Y137.999 E1448.89891
G0 F12000 X187.836 Y137.15
G1 F6000 X173.776 Y151.211 E1450.26793
G0 F12000 X173.776 Y150.362
G1 F6000 X187.836 Y136.302 E1451.6369
G0 F12000 X187.836 Y135.453
G1 F6000 X173.776 Y149.513 E1453.00587
G0 F12000 X173.776 Y148.665
G1 F6000 X187.836 Y134.605 E1454.37485
G0 F12000 X187.836 Y133.756
G1 F6000 X173.776 Y147.816 E1455.74382
G0 F12000 X173.776 Y146.968
G1 F6000 X187.922 Y132.822 E1457.12117
G0 F12000 X188.2 Y131.695
G1 F6000 X173.776 Y146.119 E1458.52558
G0 F12000 X173.776 Y145.271
G1 F6000 X189.367 Y129.679 E1460.04367
G0 F12000 X188.519 Y129.679
G1 F6000 X173.776 Y144.422 E1461.47914
G0 F12000 X173.776 Y143.574
G1 F6000 X187.67 Y129.679 E1462.832
G0 F12000 X186.822 Y129.679
G1 F6000 X173.776 Y142.725 E1464.10224
G0 F12000 X173.776 Y141.877
G1 F6000 X185.973 Y129.679 E1465.28987
G0 F12000 X185.125 Y129.679
G1 F6000 X173.776 Y141.028 E1466.39488
G0 F12000 X173.776 Y140.18
G1 F6000 X184.276 Y129.679 E1467.41728
G0 F12000 X183.428 Y129.679
G1 F6000 X173.776 Y139.331 E1468.35706
G0 F12000 X173.776 Y138.483
G1 F6000 X182.579 Y129.679 E1469.21423
G0 F12000 X181.731 Y129.679
G1 F6000 X173.776 Y137.634 E1469.98878
G0 F12000 X173.776 Y136.786
G1 F6000 X180.882 Y129.679 E1470.68071
G0 F12000 X180.033 Y129.68
G1 F6000 X173.776 Y135.937 E1471.28993
G0 F12000 X173.776 Y135.089
G1 F6000 X179.184 Y129.68 E1471.81654
G0 F12000 X178.336 Y129.68
G1 F6000 X173.776 Y134.24 E1472.26053
G0 F12000 X173.757 Y133.41
G1 F6000 X177.487 Y129.68 E1472.62371
G0 F12000 X176.639 Y129.68
G1 F6000 X173.67 Y132.649 E1472.91279
G0 F12000 X173.497 Y131.973
G1 F6000 X175.79 Y129.681 E1473.136
G0 F12000 X174.941 Y129.681
G1 F6000 X173.268 Y131.354 E1473.29889
G0 F12000 X173.004 Y130.769
G1 F6000 X174.093 Y129.681 E1473.40488
G0 F12000 X173.244 Y129.681
G1 F6000 X172.663 Y130.262 E1473.46145
G0 F12000 X172.297 Y129.779
G1 F6000 X172.395 Y129.681 E1473.47099
G1 F3600 E1471.67099
G1 F600 Z4
G0 F12000 X199.093 Y128.027 Z4
G1 F600 Z3
G1 F3000 E1473.47099
G1 F5750.8 X199.355 Y127.752 E1473.49827
G1 X199.721 Y127.258 E1473.54244
G1 X200.123 Y126.568 E1473.5998
G1 X200.123 Y127.754 E1473.68499
G1 X200.075 Y127.848 E1473.69257
G1 X199.91 Y127.991 E1473.70826
G1 X199.753 Y128.027 E1473.71983
G1 X199.093 Y128.027 E1473.76724
G1 F3600 E1471.96724
G1 F600 Z4
G0 F12000 X200.093 Y116.773 Z4
G1 F600 Z3
G1 F3000 E1473.76724
G1 F5357.1 X199.94 Y116.454 E1473.79452
G1 X199.61 Y115.941 E1473.84155
G1 X199.148 Y115.416 E1473.89548
G1 X200.353 Y115.416 E1473.9884
G1 X200.212 Y115.838 E1474.0227
G1 X200.111 Y116.376 E1474.06492
G1 X200.093 Y116.773 E1474.09556
G1 F3600 E1472.29556
G1 F600 Z4
G0 F12000 X162.544 Y128.031 Z4
G1 F600 Z3
G1 F3000 E1474.09556
G1 F5844.2 X161.87 Y128.031 E1474.1432
G1 X161.682 Y127.986 E1474.15686
G1 X161.533 Y127.833 E1474.17196
G1 F5834.7 X161.484 Y127.655 E1474.18503
G3 X161.5010 Y126.5300 I9.6703 J-0.4165 E1474.264720
G1 X161.612 Y126.772 E1474.28357
G1 X162.042 Y127.474 E1474.34185
G1 F5844.2 X162.544 Y128.031 E1474.39485
G1 F3600 E1472.59485
G1 F600 Z4
G0 F12000 X161.523 Y116.77 Z4
G1 F600 Z3
G1 F3000 E1474.39485
G1 F5341.2 X161.506 Y116.376 E1474.42535
G1 X161.412 Y115.884 E1474.46409
G1 X161.264 Y115.417 E1474.50198
G1 X162.466 Y115.417 E1474.59494
G1 X162.036 Y115.899 E1474.6449
G1 X161.676 Y116.453 E1474.69599
G1 X161.523 Y116.77 E1474.72322
G1 F3600 E1472.92322
G1 F600 Z4
;MESH:NONMESH
G0 F12000 X156 Y111.419 Z4
;TIME_ELAPSED:546.629600
;LAYER:10
G0 X156 Y111.419 Z4.3
G0 X155.737 Y111.713
;TYPE:SUPPORT
G1 F600 Z3.3
G1 F3000 E1474.72322
G1 F6000 X152.863 Y111.713 E1474.92109
G1 X152.595 Y111.413 E1474.94878
G1 X152.519 Y111.413 E1474.95402
G1 X152.586 Y111.191 E1474.96998
G1 X152.703 Y111.039 E1474.98319
G1 X153.096 Y110.915 E1475.01156
G1 X155.492 Y110.913 E1475.17652
G1 X155.802 Y110.977 E1475.19831
G1 X155.979 Y111.088 E1475.2127
G1 X156 Y111.144 E1475.21682
G1 X156 Y111.419 E1475.23575
G1 X155.737 Y111.713 E1475.26291
G1 F3600 E1473.46291
G1 F600 Z4.3
G0 F12000 X156 Y117.285 Z4.3
G0 X155.946 Y117.373
G1 F600 Z3.3
G1 F3000 E1475.26291
G1 F6000 X155.812 Y117.445 E1475.27338
G1 X155.525 Y117.511 E1475.29366
G1 X153.131 Y117.513 E1475.45848
G1 X152.816 Y117.447 E1475.48064
G1 X152.642 Y117.338 E1475.49477
G1 X152.527 Y117.013 E1475.51851
G1 X152.611 Y117.013 E1475.52429
G1 X152.883 Y116.712 E1475.55222
G1 X155.756 Y116.713 E1475.75003
G1 X156 Y116.992 E1475.77554
G1 X156 Y117.285 E1475.79572
G1 X155.946 Y117.373 E1475.80283
G1 F3600 E1474.00283
G1 F600 Z4.3
G0 F12000 X208 Y117.512 Z4.3
G0 X208.949 Y117.372
G1 F600 Z3.3
G1 F3000 E1475.80283
G1 F6000 X208.811 Y117.445 E1475.81357
G1 X208.526 Y117.511 E1475.83371
G3 X206.1360 Y117.5130 I-1.9278 J-875.6759 E1475.998260
G1 X205.819 Y117.455 E1476.02045
G1 X205.64 Y117.347 E1476.03484
G1 X205.533 Y117.013 E1476.05899
G1 X205.702 Y116.713 E1476.0827
G1 X208 Y116.713 E1476.24091
G1 X208.757 Y116.713 E1476.29303
G1 X209.097 Y117.013 E1476.32425
G1 X209.058 Y117.193 E1476.33693
G1 X208.949 Y117.372 E1476.35136
G0 F12000 X208 Y117.512
G1 F6000 X208 Y116.713 E1476.40637
G1 F3600 E1474.60637
G1 F600 Z4.3
G0 F12000 X208 Y111.714 Z4.3
G0 X208.749 Y111.714
G1 F600 Z3.3
G1 F3000 E1476.40637
G1 F6000 X208 Y111.714 E1476.45793
G1 X205.707 Y111.714 E1476.6158
G1 X205.571 Y111.413 E1476.63854
G1 X205.534 Y111.413 E1476.64109
G1 X205.552 Y111.274 E1476.65074
G1 X205.65 Y111.084 E1476.66546
G1 X205.795 Y110.994 E1476.67721
G1 X206.132 Y110.913 E1476.70107
G1 X208 Y110.913 E1476.82968
G1 X208.492 Y110.913 E1476.86355
G1 X208.802 Y110.977 E1476.88535
G1 X208.979 Y111.088 E1476.89973
G1 X209.103 Y111.413 E1476.92368
G1 X209.059 Y111.413 E1476.92671
G1 X208.749 Y111.714 E1476.95646
G0 F12000 X208 Y111.714
G1 F6000 X208 Y110.913 E1477.01161
G1 F3600 E1475.21161
G1 F600 Z4.3
;MESH:LC-GR3005??????RFID?????????-WB.stl
G0 F12000 X204.843 Y114.212 Z4.3
;TYPE:WALL-INNER
G1 F600 Z3.3
G1 F3000 E1477.01161
G1 F6000 X211.308 Y114.212 E1477.45671
G1 F3600 E1475.65671
G1 F600 Z4.3
G0 F12000 X196.341 Y114.731 Z4.3
G1 F600 Z3.3
G1 F3000 E1477.45671
G1 F8612.4 X195.956 Y114.712 E1477.4752
G1 F9000 X165.668 Y114.712 E1478.86539
G1 F8674.7 X165.32 Y114.727 E1478.88198
G1 F3600 E1477.08198
G1 F600 Z4.3
G0 F12000 X156.708 Y114.212 Z4.3
G1 F600 Z3.3
G1 F3000 E1478.88198
G1 F6000 X150.308 Y114.212 E1479.32261
G1 F3600 E1477.52261
G1 F600 Z4.3
G0 F12000 X165.195 Y128.685 Z4.3
G1 F600 Z3.3
G1 F3000 E1479.32261
G1 F7228.9 X164.556 Y128.571 E1479.3597
G1 F6338 X164.053 Y128.412 E1479.39408
G1 F6000 X163.371 Y128.004 E1479.4488
G1 X162.76 Y127.446 E1479.50577
G1 X162.489 Y127.108 E1479.53559
G1 X162.122 Y126.497 E1479.58466
G1 F5806.5 X161.897 Y125.97 E1479.62543
G1 F5325.4 X161.661 Y125.153 E1479.6914
G1 F5099.2 X161.658 Y118.574 E1480.22437
G1 F5056.2 X161.687 Y118.147 E1480.25934
G1 F5286.3 X161.843 Y117.542 E1480.30816
G1 F5815.8 X162.215 Y116.739 E1480.37102
G1 F6000 X162.519 Y116.274 E1480.40927
G1 X163.044 Y115.69 E1480.46334
G1 X163.385 Y115.41 E1480.49371
G1 X164.05 Y115.013 E1480.54704
G1 F6206.9 X164.418 Y114.879 E1480.5731
G1 F7258.1 X165.32 Y114.727 E1480.62516
G1 F7627.1 X164.136 Y114.812 E1480.68945
G1 F6716.4 X162.207 Y114.812 E1480.8081
G1 F6217.6 X160.278 Y114.812 E1480.93626
G1 F6000 X160.674 Y115.565 E1480.99483
G1 X160.823 Y116.024 E1481.02806
G1 X160.903 Y116.45 E1481.0579
G1 F5882.4 X160.92 Y117.127 E1481.10546
G1 F5341.2 X160.971 Y118.077 E1481.17903
G1 F5056.2 X160.958 Y118.574 E1481.21965
G1 F5128.2 X160.959 Y124.858 E1481.72585
G1 F5056.2 X160.968 Y125.291 E1481.76123
G1 F5286.3 X160.928 Y126.083 E1481.8232
G1 F5806.5 X160.909 Y126.81 E1481.87494
G1 F6000 X160.908 Y127.716 E1481.93731
G1 X161.027 Y128.137 E1481.96743
G1 X161.183 Y128.337 E1481.9849
G1 X161.382 Y128.494 E1482.00235
G1 X161.814 Y128.612 E1482.03318
G1 X164.003 Y128.613 E1482.18389
G1 F6792.5 X165.195 Y128.685 E1482.25652
G1 F8352.7 X165.672 Y128.713 E1482.28015
G1 F8933 X168.049 Y128.714 E1482.39007
G1 F7894.7 X168.843 Y128.766 E1482.4317
G1 F3600 E1480.6317
G1 F600 Z4.3
G0 F12000 X180.811 Y128.212 Z4.3
G1 F600 Z3.3
G1 F3000 E1482.4317
G1 F6000 X165.672 Y128.212 E1483.474
G1 X165.319 Y128.17 E1483.49847
G1 X164.69 Y128.018 E1483.54303
G1 X164.336 Y127.883 E1483.56911
G1 X163.751 Y127.539 E1483.61583
G1 X163.227 Y127.069 E1483.6643
G1 X162.963 Y126.74 E1483.69334
G1 X162.647 Y126.207 E1483.736
G1 X162.5 Y125.827 E1483.76405
G1 X162.312 Y125.021 E1483.82103
G1 X162.308 Y118.574 E1484.2649
G1 X162.337 Y118.277 E1484.28544
G1 X162.508 Y117.561 E1484.33613
G1 X162.737 Y117.034 E1484.37569
G1 X163.018 Y116.608 E1484.41082
G1 X163.471 Y116.111 E1484.45712
G1 X164.042 Y115.695 E1484.50576
G1 X164.644 Y115.413 E1484.55153
G1 X164.946 Y115.322 E1484.57324
G1 X165.668 Y115.212 E1484.62353
G1 X195.956 Y115.212 E1486.70881
G1 X196.675 Y115.323 E1486.7589
G1 X196.966 Y115.411 E1486.77983
G1 X197.578 Y115.695 E1486.82628
G1 X198.149 Y116.111 E1486.87492
G1 X198.607 Y116.615 E1486.92181
G1 X198.882 Y117.034 E1486.95631
G1 X199.176 Y117.709 E1487.007
G1 X199.308 Y118.572 E1487.06711
G1 X199.308 Y125.031 E1487.5118
G1 X199.109 Y125.871 E1487.57123
G1 X198.776 Y126.551 E1487.62336
G1 X198.428 Y127.02 E1487.66357
G1 X198.18 Y127.281 E1487.68836
G1 X197.631 Y127.696 E1487.73574
G1 X196.93 Y128.017 E1487.78882
G1 X196.121 Y128.212 E1487.84612
G1 X180.811 Y128.212 E1488.90019
G0 F12000 X180.811 Y127.612
G1 F6000 X165.563 Y127.612 E1489.94999
G1 X164.708 Y127.405 E1490.01056
G1 X164.13 Y127.074 E1490.05641
G1 X163.695 Y126.693 E1490.09623
G1 X163.437 Y126.372 E1490.12458
G1 X163.114 Y125.817 E1490.16879
G1 X162.912 Y124.957 E1490.22961
G1 X162.908 Y118.47 E1490.67623
G1 X163.063 Y117.789 E1490.72432
G1 X163.226 Y117.394 E1490.75374
G1 X163.516 Y116.942 E1490.79071
G1 X163.899 Y116.532 E1490.82934
G1 X164.372 Y116.196 E1490.86928
G1 X164.964 Y115.926 E1490.91408
G1 X165.668 Y115.812 E1490.96318
G1 X195.956 Y115.812 E1493.04846
G1 X196.651 Y115.927 E1493.09696
G1 X197.248 Y116.196 E1493.14205
G1 X197.721 Y116.532 E1493.18199
G1 X198.109 Y116.949 E1493.22121
G1 X198.36 Y117.329 E1493.25256
G1 X198.557 Y117.789 E1493.28701
G1 X198.708 Y118.471 E1493.33511
G1 X198.708 Y124.955 E1493.78152
G1 X198.608 Y125.464 E1493.81723
G1 X198.368 Y126.094 E1493.86365
G1 X197.876 Y126.757 E1493.92049
G1 X197.349 Y127.166 E1493.96642
G1 X196.787 Y127.434 E1494.00929
G1 X196.055 Y127.612 E1494.06115
G1 X180.811 Y127.612 E1495.11068
G1 F3600 E1493.31068
G1 F600 Z4.3
G0 F12000 X192.949 Y128.747 Z4.3
G1 F600 Z3.3
G1 F3000 E1495.11068
G1 F8238 X193.635 Y128.714 E1495.14512
G1 F8933 X195.952 Y128.713 E1495.25226
G1 F8633.1 X196.301 Y128.698 E1495.26898
G1 F7407.4 X197.074 Y128.644 E1495.31219
G1 F6315.8 X197.612 Y128.614 E1495.34743
G1 F6000 X199.806 Y128.612 E1495.49849
G1 X200.16 Y128.532 E1495.52347
G1 X200.359 Y128.412 E1495.53947
G1 X200.545 Y128.209 E1495.55843
G1 X200.665 Y127.972 E1495.57672
G1 X200.708 Y127.629 E1495.60052
G1 F5921.1 X200.7 Y126.311 E1495.69247
G1 F5389.2 X200.649 Y125.295 E1495.77045
G1 F5077.6 X200.658 Y124.86 E1495.80585
G1 F5142.9 X200.658 Y118.572 E1496.31092
G1 F5063.3 X200.647 Y118.099 E1496.34952
G1 F5357.1 X200.697 Y117.128 E1496.42449
G1 F5892 X200.714 Y116.45 E1496.47204
G1 F6000 X200.794 Y116.023 E1496.50195
G1 X200.951 Y115.547 E1496.53646
G1 X201.342 Y114.812 E1496.59378
G1 X197.601 Y114.812 E1496.85134
G1 F6440.1 X196.971 Y114.771 E1496.89184
G1 F7547.2 X196.34 Y114.731 E1496.92644
G1 F7258.1 X197.188 Y114.879 E1496.97544
G1 F6228.4 X197.562 Y115.01 E1497.00172
G1 F6000 X198.235 Y115.41 E1497.05562
G1 X198.576 Y115.69 E1497.086
G1 X199.106 Y116.281 E1497.14065
G1 X199.404 Y116.739 E1497.17827
G1 F5825.2 X199.776 Y117.542 E1497.24103
G1 F5325.4 X199.958 Y118.27 E1497.29924
G1 F5056.2 X199.958 Y125.15 E1497.86134
G1 F5225 X199.819 Y125.7 E1497.90619
G1 F5678.2 X199.511 Y126.465 E1497.96618
G1 F6000 X199.258 Y126.909 E1498.00137
G1 X198.909 Y127.378 E1498.04162
G1 X198.563 Y127.743 E1498.07624
G1 X197.914 Y128.225 E1498.1319
G1 X197.562 Y128.413 E1498.15937
G1 F6315.8 X197.065 Y128.571 E1498.19348
G1 F7407.4 X196.301 Y128.698 E1498.23667
G1 F3600 E1496.43667
G1 F600 Z4.3
G0 F12000 X180.922 Y157.421 Z4.3
G1 F600 Z3.3
G1 F3000 E1498.23667
G1 F6000 X181.224 Y157.416 E1498.25747
G1 X182.019 Y157.583 E1498.3134
G1 X182.6 Y157.807 E1498.35627
G1 X182.949 Y157.987 E1498.38331
G1 X183.561 Y158.397 E1498.43402
G1 X184.125 Y158.991 E1498.49042
G1 X184.41 Y159.37 E1498.52306
G1 X184.803 Y160.125 E1498.58167
G1 X185.024 Y160.893 E1498.63669
G1 X185.11 Y161.663 E1498.69003
G1 X185.019 Y162.591 E1498.75423
G1 X184.799 Y163.307 E1498.8058
G1 X184.415 Y164.046 E1498.86314
G1 X184.125 Y164.432 E1498.89638
G1 X183.697 Y164.884 E1498.93923
G1 X183.305 Y165.209 E1498.97429
G1 X182.588 Y165.611 E1499.03088
G1 X187.807 Y165.612 E1499.3902
G1 X188.16 Y165.532 E1499.41512
G1 X188.359 Y165.412 E1499.43112
G1 X188.546 Y165.21 E1499.45008
G1 X188.655 Y164.991 E1499.46692
G1 X188.708 Y164.644 E1499.49108
G1 X188.712 Y133.587 E1501.62931
G1 X188.787 Y132.754 E1501.68689
G1 X189.042 Y131.906 E1501.74786
G1 X189.353 Y131.238 E1501.79859
G1 X189.783 Y130.59 E1501.85213
G1 X190.275 Y130.022 E1501.90387
G1 X190.934 Y129.505 E1501.96154
G1 X191.678 Y129.08 E1502.02053
G1 F6143.3 X192.046 Y128.949 E1502.0468
G1 F6593.4 X192.879 Y128.75 E1502.10045
G1 F6428.6 X191.614 Y128.812 E1502.18184
G1 F6000 X170.056 Y128.812 E1503.66607
G1 F6498.2 X168.843 Y128.766 E1503.74324
G1 F6691.4 X169.594 Y128.952 E1503.791
G1 F6164.4 X169.981 Y129.102 E1503.81882
G1 F6000 X170.596 Y129.446 E1503.86733
G1 X171.292 Y129.986 E1503.92798
G1 X171.842 Y130.593 E1503.98438
G1 X172.268 Y131.234 E1504.03737
G1 X172.602 Y131.978 E1504.09351
G1 X172.718 Y132.368 E1504.12153
G1 X172.908 Y133.348 E1504.19026
G1 X172.909 Y164.716 E1506.34989
G1 X173.027 Y165.137 E1506.38
G1 X173.184 Y165.336 E1506.39745
G1 X173.382 Y165.494 E1506.41489
G1 X173.572 Y165.568 E1506.42893
G1 X173.913 Y165.612 E1506.4526
G1 X179.003 Y165.612 E1506.80304
G1 X178.391 Y165.253 E1506.85189
G1 X178.007 Y164.965 E1506.88493
G1 X177.441 Y164.377 E1506.94113
G1 X176.991 Y163.679 E1506.9983
G1 X176.705 Y163.009 E1507.04846
G1 X176.543 Y162.183 E1507.10641
G1 X176.512 Y161.82 E1507.13149
G1 X176.544 Y161.056 E1507.18414
G1 X176.812 Y160.144 E1507.24958
G1 X177.195 Y159.387 E1507.30799
G1 X177.699 Y158.747 E1507.36408
G1 X178.315 Y158.215 E1507.42012
G1 X179.02 Y157.807 E1507.4762
G1 X179.6 Y157.585 E1507.51896
G1 X180.322 Y157.43 E1507.5698
G1 X180.922 Y157.421 E1507.61111
G1 F3600 E1505.81111
G1 F600 Z4.3
G0 F12000 X189.309 Y150.215 Z4.3
G1 F600 Z3.3
G1 F3000 E1507.61111
G1 F6000 X189.312 Y133.494 E1508.76233
G1 X189.384 Y132.852 E1508.8068
G1 X189.593 Y132.143 E1508.85769
G1 X189.864 Y131.552 E1508.90246
G1 X190.237 Y130.982 E1508.94936
G1 X190.693 Y130.455 E1508.99734
G1 X191.303 Y129.978 E1509.05065
G1 X192.051 Y129.558 E1509.10971
G1 X192.984 Y129.28 E1509.17674
G1 X193.635 Y129.216 E1509.22177
G1 X199.853 Y129.212 E1509.64987
G1 X200.39 Y129.088 E1509.68782
G1 X200.759 Y128.863 E1509.71757
G1 X201.027 Y128.572 E1509.74481
G1 X201.237 Y128.159 E1509.77671
G1 X201.308 Y127.652 E1509.81196
G1 X201.312 Y116.499 E1510.57982
G1 X201.52 Y115.737 E1510.63421
G1 X201.755 Y115.297 E1510.66855
G1 X202.178 Y114.823 E1510.71229
G1 X202.382 Y114.664 E1510.7301
G1 F6741.6 X202.871 Y114.478 E1510.76215
G1 F9399.5 X203.65 Y114.364 E1510.79675
G1 F9625.7 X204.247 Y114.288 E1510.82258
G1 F6857.1 X204.844 Y114.212 E1510.85884
G1 F6593.4 X204.203 Y114.133 E1510.8993
G1 F8238 X203.563 Y114.055 E1510.93163
G1 F8470.6 X202.819 Y114.145 E1510.96818
G1 F6741.6 X202.226 Y114.212 E1511.00475
G1 F6020.1 X187.97 Y114.212 E1511.98298
G1 F6050.4 X173.714 Y114.212 E1512.9563
G1 F6081.1 X159.458 Y114.212 E1513.92472
G1 F7200 X158.653 Y114.117 E1513.97123
G1 F10140.8 X157.908 Y114.066 E1514.00165
G1 F9625.7 X157.308 Y114.139 E1514.02758
G1 F6857.1 X156.707 Y114.212 E1514.06406
G1 X157.303 Y114.288 E1514.10025
G1 F9625.7 X157.898 Y114.365 E1514.126
G1 F10140.8 X158.59 Y114.443 E1514.15437
G1 F7258.1 X159.217 Y114.662 E1514.19217
G1 F6101.7 X159.431 Y114.815 E1514.20998
G1 F6000 X159.865 Y115.297 E1514.25463
G1 X160.104 Y115.75 E1514.28989
G1 X160.309 Y116.449 E1514.34005
G1 X160.308 Y127.762 E1515.11893
G1 X160.353 Y128.052 E1515.13913
G1 X160.52 Y128.464 E1515.16974
G1 X160.756 Y128.764 E1515.19602
G1 X161.056 Y129 E1515.2223
G1 X161.463 Y129.163 E1515.25249
G1 X161.767 Y129.212 E1515.27369
G1 X168.187 Y129.216 E1515.71569
G1 X168.968 Y129.363 E1515.77041
G1 X169.688 Y129.626 E1515.82318
G1 X170.447 Y130.05 E1515.88304
G1 X171.073 Y130.614 E1515.94105
G1 X171.385 Y130.981 E1515.97421
G1 X171.758 Y131.551 E1516.02111
G1 X172.098 Y132.322 E1516.07913
G1 X172.308 Y133.405 E1516.15508
G1 X172.309 Y164.762 E1518.31396
G1 X172.353 Y165.052 E1518.33416
G1 X172.52 Y165.464 E1518.36476
G1 X172.757 Y165.763 E1518.39103
G1 X173.056 Y166 E1518.4173
G1 X173.442 Y166.156 E1518.44596
G1 X173.875 Y166.212 E1518.47602
G1 X178.92 Y166.212 E1518.82336
G1 F5438.1 X180.208 Y166.15 E1518.92132
G1 F5056.2 X180.808 Y166.162 E1518.97035
G1 F5013.9 X181.558 Y166.145 E1519.03215
G1 F5278.6 X182.493 Y166.197 E1519.10544
G1 F5863.2 X183 Y166.212 E1519.14118
G1 F6000 X187.854 Y166.212 E1519.47537
G1 X188.39 Y166.088 E1519.51324
G1 X188.759 Y165.863 E1519.543
G1 X189.027 Y165.573 E1519.57019
G1 X189.227 Y165.181 E1519.60048
G1 X189.308 Y164.668 E1519.63624
G1 X189.309 Y150.215 E1520.63131
G0 F12000 X189.912 Y150.216
G1 F6000 X189.917 Y133.489 E1521.78294
G1 X189.99 Y132.917 E1521.82264
G1 X190.102 Y132.502 E1521.85223
G1 X190.317 Y131.98 E1521.8911
G1 X190.636 Y131.439 E1521.93434
G1 X191.105 Y130.896 E1521.98374
G1 X191.673 Y130.45 E1522.03346
G1 X192.295 Y130.11 E1522.08226
G1 X193.144 Y129.865 E1522.1431
G1 X193.54 Y129.82 E1522.17054
G1 X199.9 Y129.812 E1522.60842
G1 X200.294 Y129.749 E1522.63589
G1 X200.619 Y129.645 E1522.65938
G1 X201.159 Y129.315 E1522.70295
G1 X201.509 Y128.935 E1522.73852
G1 X201.809 Y128.346 E1522.78403
G1 X201.908 Y127.674 E1522.83079
G1 X201.91 Y116.547 E1523.59687
G1 X202.09 Y115.927 E1523.64132
G1 X202.23 Y115.663 E1523.66189
G1 X202.548 Y115.295 E1523.69538
G1 X203.033 Y114.986 E1523.73497
G1 X203.604 Y114.813 E1523.77605
G1 X211.908 Y114.812 E1524.34777
G1 X211.908 Y113.612 E1524.43039
G1 X149.708 Y113.612 E1528.71276
G1 X149.708 Y114.812 E1528.79538
G1 X157.869 Y114.813 E1529.35725
G1 X158.192 Y114.856 E1529.37969
G1 X158.643 Y115.008 E1529.41245
G1 X158.857 Y115.13 E1529.42941
G1 X159.23 Y115.455 E1529.46347
G1 X159.533 Y115.934 E1529.5025
G1 X159.706 Y116.547 E1529.54635
G1 X159.708 Y127.807 E1530.32158
G1 X159.767 Y128.191 E1530.34833
G1 X160.013 Y128.79 E1530.39291
G1 X160.329 Y129.191 E1530.42806
G1 X160.73 Y129.507 E1530.46321
G1 X160.998 Y129.645 E1530.48397
G1 X161.325 Y129.749 E1530.50759
G1 X161.719 Y129.812 E1530.53506
G1 X168.129 Y129.816 E1530.97638
G1 X168.784 Y129.935 E1531.02222
G1 X169.396 Y130.15 E1531.06688
G1 X170.098 Y130.543 E1531.12227
G1 X170.615 Y131.002 E1531.16986
G1 X171.005 Y131.476 E1531.21212
G1 X171.319 Y132.005 E1531.25448
G1 X171.54 Y132.596 E1531.29792
G1 X171.708 Y133.463 E1531.35872
G1 X171.709 Y164.807 E1533.51671
G1 X171.767 Y165.191 E1533.54345
G1 X172.013 Y165.79 E1533.58803
G1 X172.329 Y166.191 E1533.62318
G1 X172.73 Y166.507 E1533.65833
G1 X172.998 Y166.645 E1533.67908
G1 X173.312 Y166.745 E1533.70177
G1 X173.837 Y166.812 E1533.73821
G1 X187.901 Y166.812 E1534.70649
G1 X188.294 Y166.749 E1534.7339
G1 X188.619 Y166.645 E1534.75739
G1 X189.159 Y166.315 E1534.80096
G1 X189.509 Y165.935 E1534.83653
G1 X189.798 Y165.371 E1534.88016
G1 X189.88 Y165.04 E1534.90364
G1 X189.908 Y164.692 E1534.92768
G1 X189.912 Y150.216 E1535.92433
G1 F3600 E1534.12433
G1 F600 Z4.3
G0 F12000 X180.913 Y158.021 Z4.3
G1 F600 Z3.3
G1 F3000 E1535.92433
G1 F6000 X181.165 Y158.017 E1535.94168
G1 X181.85 Y158.159 E1535.98984
G1 X182.515 Y158.418 E1536.03898
G1 X183.168 Y158.852 E1536.09296
G1 X183.69 Y159.404 E1536.14527
G1 X183.893 Y159.674 E1536.16852
G1 X184.234 Y160.317 E1536.21863
G1 X184.43 Y160.977 E1536.26603
G1 X184.505 Y161.613 E1536.31012
G1 X184.427 Y162.488 E1536.37061
G1 X184.232 Y163.112 E1536.41562
G1 X183.827 Y163.875 E1536.47509
G1 X183.261 Y164.472 E1536.53173
G1 X182.982 Y164.704 E1536.55671
G1 F5863.2 X182.31 Y165.1 E1536.61167
G1 F5504.6 X181.543 Y165.413 E1536.67383
G1 F5217.4 X180.808 Y165.462 E1536.73216
G1 F5056.2 X180.242 Y165.428 E1536.77848
G1 F5357.1 X179.455 Y165.181 E1536.84209
G1 F5901.6 X178.694 Y164.735 E1536.90383
G1 F6000 X178.42 Y164.53 E1536.92739
G1 X177.929 Y164.027 E1536.97578
G1 X177.537 Y163.431 E1537.0249
G1 X177.283 Y162.839 E1537.06925
G1 X177.104 Y161.925 E1537.13337
G1 X177.176 Y161.032 E1537.19505
G1 X177.36 Y160.387 E1537.24123
G1 X177.683 Y159.736 E1537.29126
G1 X178.112 Y159.183 E1537.33945
G1 X178.639 Y158.72 E1537.38775
G1 X179.244 Y158.364 E1537.43608
G1 X179.769 Y158.16 E1537.47486
G1 X180.406 Y158.027 E1537.51966
G1 X180.913 Y158.021 E1537.55457
G0 F12000 X180.811 Y158.623
G1 F6000 X181.104 Y158.623 E1537.57474
G1 X181.681 Y158.735 E1537.61521
G1 X182.23 Y158.95 E1537.6558
G1 X182.744 Y159.288 E1537.69815
G1 X183.331 Y159.897 E1537.75639
G1 X183.666 Y160.508 E1537.80436
G1 X183.836 Y161.061 E1537.84419
G1 X183.905 Y161.613 E1537.88249
G1 X183.836 Y162.384 E1537.93579
G1 X183.664 Y162.917 E1537.97435
G1 X183.334 Y163.522 E1538.02179
G1 X182.74 Y164.15 E1538.08131
G1 X182.11 Y164.52 E1538.13161
G1 X181.425 Y164.755 E1538.18147
G1 X180.808 Y164.812 E1538.22413
G1 X180.305 Y164.769 E1538.25889
G1 X179.64 Y164.595 E1538.30621
G1 X178.898 Y164.159 E1538.36546
G1 X178.416 Y163.677 E1538.4124
G1 X178.084 Y163.184 E1538.45332
G1 X177.873 Y162.704 E1538.48942
G1 X177.725 Y161.976 E1538.54056
G1 X177.732 Y161.353 E1538.58346
G1 X177.858 Y160.777 E1538.62405
G1 X178.081 Y160.243 E1538.66389
G1 X178.411 Y159.748 E1538.70485
G1 X178.828 Y159.33 E1538.7455
G1 X179.385 Y158.952 E1538.79185
G1 X179.938 Y158.736 E1538.83272
G1 X180.512 Y158.623 E1538.873
G1 X180.811 Y158.623 E1538.89359
G0 F12000 X180.85 Y159.22
;TYPE:WALL-OUTER
G1 F6000 X181.02 Y159.219 E1538.90529
G1 X181.513 Y159.311 E1538.93982
G1 X181.978 Y159.503 E1538.97446
G1 X182.363 Y159.752 E1539.00602
G1 X182.843 Y160.256 E1539.05394
G1 X183.097 Y160.7 E1539.08916
G1 X183.242 Y161.145 E1539.12138
G1 X183.305 Y161.613 E1539.15389
G1 X183.244 Y162.28 E1539.20001
G1 X183.072 Y162.775 E1539.23609
G1 X182.844 Y163.168 E1539.26737
G1 X182.39 Y163.647 E1539.31281
G1 X181.914 Y163.952 E1539.35173
G1 X181.276 Y164.168 E1539.3981
G1 X180.808 Y164.212 E1539.43047
G1 X180.308 Y164.161 E1539.46507
G1 X179.84 Y164.016 E1539.4988
G1 X179.269 Y163.681 E1539.54438
G1 X178.941 Y163.37 E1539.5755
G1 X178.63 Y162.936 E1539.61226
G1 X178.445 Y162.523 E1539.64342
G1 X178.316 Y161.872 E1539.68911
G1 X178.34 Y161.323 E1539.72694
G1 X178.44 Y160.923 E1539.75533
G1 X178.659 Y160.433 E1539.79228
G1 X178.899 Y160.097 E1539.82071
G1 X179.241 Y159.766 E1539.85348
G1 X179.642 Y159.503 E1539.88649
G1 X180.133 Y159.305 E1539.92294
G1 X180.568 Y159.221 E1539.95345
G1 X180.85 Y159.22 E1539.97286
G0 F12000 X181.02 Y159.219
G0 X181.049 Y159.224
G1 F3600 E1538.17286
G1 F600 Z4.3
G0 F12000 X190.51 Y150.215 Z4.3
G1 F600 Z3.3
G1 F3000 E1539.97286
G1 F6000 X190.513 Y133.555 E1541.11988
G1 X190.561 Y133.119 E1541.15008
G1 X190.696 Y132.617 E1541.18587
G1 X190.868 Y132.217 E1541.21584
G1 X191.145 Y131.767 E1541.25222
G1 X191.547 Y131.311 E1541.29408
G1 X192.09 Y130.893 E1541.34126
G1 X192.554 Y130.66 E1541.377
G1 X193.248 Y130.456 E1541.42681
G1 X193.604 Y130.417 E1541.45146
G1 X199.948 Y130.412 E1541.88824
G1 X200.434 Y130.335 E1541.92211
G1 X200.849 Y130.201 E1541.95214
G1 X201.215 Y130.015 E1541.98041
G1 X201.559 Y129.766 E1542.00964
G1 X201.991 Y129.298 E1542.05349
G1 X202.212 Y128.934 E1542.08281
G1 X202.381 Y128.534 E1542.11271
G1 X202.474 Y128.141 E1542.14051
G1 X202.508 Y127.696 E1542.17124
G1 X202.508 Y116.595 E1542.93553
G1 X202.659 Y116.117 E1542.97004
G1 X202.918 Y115.767 E1543.00002
G1 X203.216 Y115.558 E1543.02508
G1 X203.668 Y115.416 E1543.05769
G1 X212.508 Y115.412 E1543.66631
G1 X212.508 Y113.012 E1543.83155
G1 X149.108 Y113.012 E1548.19654
G1 X149.108 Y115.412 E1548.36178
G1 X157.829 Y115.412 E1548.96221
G1 X158.11 Y115.45 E1548.98173
G1 X158.42 Y115.565 E1549.0045
G1 X158.754 Y115.821 E1549.03347
G1 X158.962 Y116.119 E1549.05849
G1 X159.108 Y116.595 E1549.09277
G1 X159.108 Y127.853 E1549.86786
G1 X159.181 Y128.33 E1549.90109
G1 X159.318 Y128.752 E1549.93163
G1 X159.506 Y129.116 E1549.95984
G1 X159.902 Y129.618 E1550.00386
G1 X160.404 Y130.014 E1550.04788
G1 X160.768 Y130.201 E1550.07606
G1 X161.186 Y130.335 E1550.10628
G1 X161.672 Y130.412 E1550.14016
G1 X168.097 Y130.42 E1550.58251
G1 X168.6 Y130.506 E1550.61764
G1 X169.103 Y130.674 E1550.65415
G1 X169.767 Y131.051 E1550.70672
G1 X170.123 Y131.355 E1550.73895
G1 X170.469 Y131.757 E1550.77547
G1 X170.763 Y132.231 E1550.81387
G1 X170.951 Y132.71 E1550.8493
G1 X171.103 Y133.494 E1550.90428
G1 X171.109 Y164.853 E1553.0633
G1 X171.181 Y165.33 E1553.09651
G1 X171.318 Y165.752 E1553.12706
G1 X171.506 Y166.116 E1553.15527
G1 X171.902 Y166.618 E1553.19929
G1 X172.404 Y167.014 E1553.24331
G1 X172.768 Y167.201 E1553.27148
G1 X173.182 Y167.333 E1553.3014
G1 X173.799 Y167.412 E1553.34423
G1 X187.948 Y167.412 E1554.31836
G1 X188.434 Y167.335 E1554.35224
G1 X188.849 Y167.201 E1554.38227
G1 X189.215 Y167.015 E1554.41053
G1 X189.559 Y166.766 E1554.43977
G1 X189.991 Y166.298 E1554.48362
G1 X190.212 Y165.934 E1554.51294
G1 X190.37 Y165.561 E1554.54083
G1 X190.474 Y165.136 E1554.57095
G1 X190.508 Y164.716 E1554.59996
G1 X190.51 Y150.215 E1555.59833
G0 F12000 X190.51 Y150.015
G1 F3600 E1553.79833
G1 F600 Z4.3
G0 F12000 X180.808 Y127.01 Z4.3
G1 F600 Z3.3
G1 F3000 E1555.59833
G1 F6000 X165.634 Y127.012 E1556.64304
G1 X164.934 Y126.843 E1556.69262
G1 X164.51 Y126.609 E1556.72596
G1 X164.162 Y126.317 E1556.75724
G1 X163.885 Y125.966 E1556.78802
G1 X163.668 Y125.55 E1556.82033
G1 X163.516 Y124.908 E1556.86575
G1 X163.513 Y118.513 E1557.30603
G1 X163.601 Y118.073 E1557.33693
G1 X163.771 Y117.646 E1557.36857
G1 X164.014 Y117.276 E1557.39905
G1 X164.375 Y116.913 E1557.43429
G1 X164.751 Y116.671 E1557.46508
G1 X165.171 Y116.501 E1557.49627
G1 X165.616 Y116.416 E1557.52747
G1 X196.014 Y116.417 E1559.62032
G1 X196.446 Y116.501 E1559.65062
G1 X196.918 Y116.697 E1559.68581
G1 X197.294 Y116.953 E1559.71713
G1 X197.611 Y117.283 E1559.74863
G1 X197.826 Y117.604 E1559.77523
G1 X198.002 Y118.017 E1559.80614
G1 X198.103 Y118.515 E1559.84112
G1 X198.103 Y124.918 E1560.28196
G1 X198.019 Y125.35 E1560.31226
G1 X197.836 Y125.804 E1560.34596
G1 X197.443 Y126.334 E1560.39139
G1 X197.116 Y126.604 E1560.42058
G1 X196.644 Y126.852 E1560.45729
G1 X196.004 Y127.008 E1560.50264
G1 X180.808 Y127.01 E1561.54887
G0 F12000 X180.608 Y127.01
G1 F3600 E1559.74887
G1 F600 Z4.3
G0 F12000 X180.914 Y156.851 Z4.3
;TYPE:SKIN
G1 F600 Z3.3
G1 F3000 E1561.54887
G1 F6000 X180.25 Y156.861 E1561.59459
G1 X179.46 Y157.03 E1561.65021
G1 X178.809 Y157.275 E1561.6981
G1 X178.022 Y157.723 E1561.76045
G1 X177.276 Y158.361 E1561.82803
G1 X176.74 Y159.037 E1561.88742
G1 X176.296 Y159.9 E1561.95424
G1 X176.044 Y160.73 E1562.01396
G1 X175.963 Y161.247 E1562.04999
G1 X175.94 Y161.812 E1562.08892
G1 X175.98 Y162.28 E1562.12126
G1 X176.161 Y163.183 E1562.18467
G1 X176.467 Y163.909 E1562.23891
G1 X176.74 Y164.379 E1562.27633
G1 X177.265 Y165.039 E1562.3344
G1 X173.959 Y165.04 E1562.56201
G1 X173.675 Y164.989 E1562.58187
G1 X173.523 Y164.834 E1562.59682
G1 X173.477 Y164.657 E1562.60941
G1 X173.475 Y133.515 E1564.75349
G1 X173.431 Y133.059 E1564.78503
G1 X173.283 Y132.275 E1564.83996
G1 X173.136 Y131.774 E1564.87591
G1 X172.769 Y130.966 E1564.93701
G1 X172.294 Y130.249 E1564.99622
G1 X171.691 Y129.581 E1565.05818
G1 X171.458 Y129.38 E1565.07937
G1 X190.166 Y129.38 E1566.36738
G1 X189.868 Y129.619 E1566.39368
G1 X189.326 Y130.248 E1566.45085
G1 X188.87 Y130.928 E1566.50722
G1 X188.504 Y131.708 E1566.56654
G1 X188.228 Y132.616 E1566.63188
G1 X188.141 Y133.558 E1566.69701
G1 X188.136 Y164.623 E1568.83579
G1 X188.086 Y164.856 E1568.85219
G1 X187.916 Y165.003 E1568.86767
G1 X187.754 Y165.039 E1568.87909
G1 X184.333 Y165.04 E1569.11462
G1 X184.539 Y164.823 E1569.13522
G1 X184.888 Y164.361 E1569.17509
G1 X185.32 Y163.529 E1569.23963
G1 X185.581 Y162.684 E1569.30052
G1 X185.681 Y161.672 E1569.37053
G1 X185.591 Y160.823 E1569.42931
G1 X185.345 Y159.956 E1569.49136
G1 X184.912 Y159.095 E1569.55771
G1 X184.556 Y158.618 E1569.59869
G1 X183.958 Y157.988 E1569.65849
G1 X183.265 Y157.511 E1569.71642
G1 X182.843 Y157.289 E1569.74924
G1 X182.196 Y157.039 E1569.797
G1 X181.275 Y156.845 E1569.8618
G1 X180.914 Y156.851 E1569.88666
G1 F3600 E1568.08666
G1 F600 Z4.3
G0 F12000 X173.776 Y164.443 Z4.3
G1 F600 Z3.3
G1 F3000 E1569.88666
G1 F6000 X174.073 Y164.74 E1569.91558
G0 F12000 X174.921 Y164.739
G1 F6000 X173.776 Y163.594 E1570.02706
G0 F12000 X173.776 Y162.746
G1 F6000 X175.769 Y164.738 E1570.22106
G0 F12000 X176.619 Y164.74
G1 F6000 X173.776 Y161.897 E1570.49788
G0 F12000 X173.776 Y161.049
G1 F6000 X175.845 Y163.117 E1570.69928
G0 F12000 X175.664 Y162.087
G1 F6000 X173.776 Y160.2 E1570.88306
G0 F12000 X173.776 Y159.351
G1 F6000 X175.665 Y161.24 E1571.06698
G0 F12000 X175.794 Y160.52
G1 F6000 X173.776 Y158.503 E1571.26342
G0 F12000 X173.776 Y157.654
G1 F6000 X175.988 Y159.866 E1571.47879
G0 F12000 X176.266 Y159.296
G1 F6000 X173.776 Y156.805 E1571.72129
G0 F12000 X173.776 Y155.957
G1 F6000 X176.579 Y158.76 E1571.9942
G0 F12000 X176.953 Y158.286
G1 F6000 X173.776 Y155.108 E1572.30359
G0 F12000 X173.776 Y154.26
G1 F6000 X177.383 Y157.867 E1572.65479
G0 F12000 X177.844 Y157.479
G1 F6000 X173.776 Y153.411 E1573.05087
G0 F12000 X173.776 Y152.563
G1 F6000 X178.383 Y157.169 E1573.49939
G0 F12000 X178.962 Y156.9
G1 F6000 X173.776 Y151.714 E1574.00433
G0 F12000 X173.776 Y150.865
G1 F6000 X179.604 Y156.693 E1574.57179
G0 F12000 X180.319 Y156.561
G1 F6000 X173.776 Y150.017 E1575.2089
G0 F12000 X173.776 Y149.168
G1 F6000 X181.156 Y156.548 E1575.92747
G0 F12000 X182.181 Y156.725
G1 F6000 X173.775 Y148.319 E1576.74593
G0 F12000 X173.775 Y147.471
G1 F6000 X183.853 Y157.548 E1577.72714
G1 X183.959 Y157.654
G1 F3600 E1575.92714
G1 F600 Z4.3
G0 F12000 X184.966 Y158.662 Z4.3
G1 F600 Z3.3
G1 F3000 E1577.72714
G1 F6000 X187.837 Y161.532 E1578.00663
G0 F12000 X187.837 Y160.684
G1 F6000 X173.775 Y146.622 E1579.3758
G0 F12000 X173.775 Y145.774
G1 F6000 X187.837 Y159.836 E1580.74496
G0 F12000 X187.837 Y158.987
G1 F6000 X173.775 Y144.925 E1582.11413
G0 F12000 X173.775 Y144.077
G1 F6000 X187.837 Y158.139 E1583.4833
G0 F12000 X187.838 Y157.291
G1 F6000 X173.775 Y143.228 E1584.85256
G0 F12000 X173.775 Y142.379
G1 F6000 X187.838 Y156.442 E1586.22183
G0 F12000 X187.838 Y155.594
G1 F6000 X173.775 Y141.531 E1587.59109
G0 F12000 X173.774 Y140.682
G1 F6000 X187.838 Y154.745 E1588.96041
G0 F12000 X187.839 Y153.898
G1 F6000 X173.774 Y139.833 E1590.32986
G0 F12000 X173.774 Y138.985
G1 F6000 X187.839 Y153.049 E1591.69928
G0 F12000 X187.839 Y152.2
G1 F6000 X173.774 Y138.136 E1593.06869
G0 F12000 X173.774 Y137.288
G1 F6000 X187.839 Y151.352 E1594.4381
G0 F12000 X187.839 Y150.504
G1 F6000 X173.774 Y136.439 E1595.80756
G0 F12000 X173.774 Y135.591
G1 F6000 X187.839 Y149.656 E1597.17701
G0 F12000 X187.839 Y148.807
G1 F6000 X173.774 Y134.742 E1598.54647
G0 F12000 X173.774 Y133.893
G1 F6000 X187.839 Y147.959 E1599.91598
G0 F12000 X187.84 Y147.111
G1 F6000 X173.723 Y132.993 E1601.29055
G0 F12000 X173.487 Y131.909
G1 F6000 X187.84 Y146.262 E1602.68805
G0 F12000 X187.84 Y145.414
G1 F6000 X172.596 Y130.169 E1604.17236
G0 F12000 X172.956 Y129.681
G1 F6000 X187.84 Y144.565 E1605.62156
G0 F12000 X187.841 Y143.717
G1 F6000 X173.805 Y129.681 E1606.98819
G0 F12000 X174.653 Y129.681
G1 F6000 X187.841 Y142.869 E1608.27226
G0 F12000 X187.841 Y142.02
G1 F6000 X175.502 Y129.681 E1609.47367
G0 F12000 X176.35 Y129.681
G1 F6000 X187.841 Y141.172 E1610.59251
G0 F12000 X187.842 Y140.324
G1 F6000 X177.199 Y129.681 E1611.62878
G0 F12000 X178.047 Y129.681
G1 F6000 X187.842 Y139.475 E1612.58243
G0 F12000 X187.842 Y138.627
G1 F6000 X178.896 Y129.681 E1613.45347
G0 F12000 X179.744 Y129.681
G1 F6000 X187.842 Y137.778 E1614.2419
G0 F12000 X187.842 Y136.931
G1 F6000 X180.593 Y129.681 E1614.94776
G0 F12000 X181.441 Y129.681
G1 F6000 X187.842 Y136.082 E1615.571
G0 F12000 X187.842 Y135.233
G1 F6000 X182.29 Y129.681 E1616.11158
G0 F12000 X183.139 Y129.681
G1 F6000 X187.842 Y134.385 E1616.56954
G0 F12000 X187.842 Y133.536
G1 F6000 X183.987 Y129.681 E1616.94489
G0 F12000 X184.836 Y129.681
G1 F6000 X187.909 Y132.755 E1617.24414
G0 F12000 X188.081 Y132.078
G1 F6000 X185.684 Y129.681 E1617.47753
G0 F12000 X186.533 Y129.681
G1 F6000 X188.295 Y131.443 E1617.64909
G0 F12000 X188.566 Y130.866
G1 F6000 X187.381 Y129.681 E1617.76447
G0 F12000 X188.23 Y129.681
G1 F6000 X188.899 Y130.351 E1617.82966
G0 F12000 X189.261 Y129.864
G1 F6000 X189.078 Y129.681 E1617.84747
G1 F3600 E1616.04747
G1 F600 Z4.3
G0 F12000 X185.756 Y160.3 Z4.3
G1 F600 Z3.3
G1 F3000 E1617.84747
G1 F6000 X187.837 Y162.381 E1618.05009
G0 F12000 X187.837 Y163.229
G1 F6000 X185.946 Y161.338 E1618.23421
G0 F12000 X185.932 Y162.173
G1 F6000 X187.837 Y164.078 E1618.4197
G0 F12000 X187.649 Y164.739
G1 F6000 X185.823 Y162.913 E1618.59749
G0 F12000 X185.627 Y163.565
G1 F6000 X186.801 Y164.739 E1618.7118
G0 F12000 X185.953 Y164.74
G1 F6000 X185.346 Y164.133 E1618.7709
G1 F3600 E1616.9709
G1 F600 Z4.3
G0 F12000 X199.091 Y128.028 Z4.3
G1 F600 Z3.3
G1 F3000 E1618.7709
G1 F5760 X199.355 Y127.751 E1618.79834
G1 X199.72 Y127.257 E1618.84239
G1 X200.124 Y126.563 E1618.89998
G1 X200.124 Y127.746 E1618.98482
G1 X200.072 Y127.85 E1618.99316
G1 X199.909 Y127.993 E1619.00871
G1 X199.753 Y128.028 E1619.02018
G1 X199.091 Y128.028 E1619.06766
G1 F3600 E1617.26766
G1 F600 Z4.3
G0 F12000 X200.093 Y116.773 Z4.3
G1 F600 Z3.3
G1 F3000 E1619.06766
G1 F5357.1 X199.94 Y116.454 E1619.09494
G1 X199.61 Y115.941 E1619.14197
G1 X199.148 Y115.416 E1619.1959
G1 X200.353 Y115.416 E1619.28882
G1 X200.212 Y115.838 E1619.32312
G1 X200.111 Y116.376 E1619.36533
G1 X200.093 Y116.773 E1619.39598
G1 F3600 E1617.59598
G1 F600 Z4.3
G0 F12000 X162.538 Y128.028 Z4.3
G1 F600 Z3.3
G1 F3000 E1619.39598
G1 F5778.5 X161.866 Y128.029 E1619.44402
G1 X161.691 Y127.99 E1619.45684
G1 X161.541 Y127.849 E1619.47155
G1 X161.487 Y127.654 E1619.48602
G3 X161.5000 Y126.5890 I9.5505 J-0.4160 E1619.562180
G1 X162.01 Y127.434 E1619.63273
G1 X162.538 Y128.028 E1619.68955
G1 F3600 E1617.88955
G1 F600 Z4.3
G0 F12000 X161.523 Y116.77 Z4.3
G1 F600 Z3.3
G1 F3000 E1619.68955
G1 F5341.2 X161.506 Y116.376 E1619.72005
G1 X161.412 Y115.884 E1619.75879
G1 X161.264 Y115.417 E1619.79668
G1 X162.466 Y115.417 E1619.88964
G1 X162.036 Y115.899 E1619.9396
G1 X161.676 Y116.453 E1619.99069
G1 X161.523 Y116.77 E1620.01792
G1 F3600 E1618.21792
G1 F600 Z4.3
;MESH:NONMESH
G0 F12000 X156 Y111.431 Z4.3
;TIME_ELAPSED:593.220339
;LAYER:11
G0 X156 Y111.431 Z4.6
G0 X155.706 Y111.713
;TYPE:SUPPORT
G1 F600 Z3.6
G1 F3000 E1620.01792
G1 F6000 X152.905 Y111.713 E1620.21076
G1 X152.578 Y111.413 E1620.24131
G1 X152.519 Y111.413 E1620.24538
G1 X152.587 Y111.191 E1620.26136
G1 X152.703 Y111.039 E1620.27452
G1 X153.097 Y110.915 E1620.30296
G1 X155.489 Y110.913 E1620.46765
G1 X155.804 Y110.979 E1620.48981
G1 X155.979 Y111.088 E1620.504
G1 X156 Y111.144 E1620.50812
G1 X156 Y111.431 E1620.52788
G1 X155.706 Y111.713 E1620.55593
G1 F3600 E1618.75593
G1 F600 Z4.6
G0 F12000 X156 Y117.285 Z4.6
G0 X155.946 Y117.373
G1 F600 Z3.6
G1 F3000 E1620.55593
G1 F6000 X155.811 Y117.445 E1620.56646
G1 X155.524 Y117.511 E1620.58674
G1 X153.133 Y117.513 E1620.75135
G1 X152.814 Y117.446 E1620.77379
G1 X152.642 Y117.337 E1620.78781
G1 X152.527 Y117.013 E1620.81148
G1 X152.597 Y117.013 E1620.8163
G1 X152.914 Y116.713 E1620.84635
G1 X155.715 Y116.713 E1621.0392
G1 X156 Y116.979 E1621.06604
G1 X156 Y117.285 E1621.0871
G1 X155.946 Y117.373 E1621.09421
G1 F3600 E1619.29421
G1 F600 Z4.6
G0 F12000 X208 Y111.713 Z4.6
G0 X208.72 Y111.713
G1 F600 Z3.6
G1 F3000 E1621.09421
G1 F6000 X208 Y111.713 E1621.14378
G1 X205.721 Y111.713 E1621.30069
G1 X205.535 Y111.413 E1621.32499
G1 X205.552 Y111.275 E1621.33456
G1 X205.65 Y111.084 E1621.34934
G1 X205.795 Y110.994 E1621.36109
G1 X206.133 Y110.913 E1621.38502
G1 X208 Y110.913 E1621.51356
G1 X208.489 Y110.913 E1621.54723
G1 X208.804 Y110.979 E1621.56939
G1 X208.979 Y111.088 E1621.58358
G1 X209.103 Y111.413 E1621.60753
G1 X208.72 Y111.713 E1621.64103
G0 F12000 X208 Y111.713
G1 F6000 X208 Y110.913 E1621.69611
G1 F3600 E1619.89611
G1 F600 Z4.6
G0 F12000 X208 Y117.512 Z4.6
G0 X208.992 Y117.327
G1 F600 Z3.6
G1 F3000 E1621.69611
G1 F6000 X208.812 Y117.445 E1621.71093
G1 X208.525 Y117.511 E1621.7312
G3 X206.1360 Y117.5130 I-1.9253 J-872.9929 E1621.895680
G1 X205.818 Y117.455 E1621.91793
G1 X205.639 Y117.344 E1621.93244
G1 X205.533 Y117.007 E1621.95676
G1 X205.735 Y116.713 E1621.98132
G1 X208 Y116.713 E1622.13726
G1 X208.722 Y116.713 E1622.18697
G1 X209.097 Y117.013 E1622.22003
G1 X208.992 Y117.327 E1622.24283
G0 F12000 X208 Y117.512
G1 F6000 X208 Y116.713 E1622.29784
G1 F3600 E1620.49784
G1 F600 Z4.6
;MESH:LC-GR3005??????RFID?????????-WB.stl
G0 F12000 X204.847 Y114.212 Z4.6
;TYPE:WALL-INNER
G1 F600 Z3.6
G1 F3000 E1622.29784
G1 F6000 X211.308 Y114.212 E1622.74267
G1 F3600 E1620.94267
G1 F600 Z4.6
G0 F12000 X196.341 Y114.731 Z4.6
G1 F600 Z3.6
G1 F3000 E1622.74267
G1 F8612.4 X195.956 Y114.712 E1622.76115
G1 F9000 X165.684 Y114.712 E1624.15061
G1 F8674.7 X165.336 Y114.727 E1624.1672
G1 F3600 E1622.3672
G1 F600 Z4.6
G0 F12000 X156.708 Y114.212 Z4.6
G1 F600 Z3.6
G1 F3000 E1624.1672
G1 F6000 X150.308 Y114.212 E1624.60783
G1 F3600 E1622.80783
G1 F600 Z4.6
G0 F12000 X165.195 Y128.685 Z4.6
G1 F600 Z3.6
G1 F3000 E1624.60783
G1 F8352.7 X165.672 Y128.713 E1624.63146
G1 F8933 X168.017 Y128.714 E1624.7399
G1 F8510.6 X168.4 Y128.732 E1624.75851
G1 F3600 E1622.95851
G1 F600 Z4.6
G0 F12000 X165.195 Y128.685 Z4.6
G1 F600 Z3.6
G1 F3000 E1624.75851
G1 F7228.9 X164.556 Y128.571 E1624.7956
G1 F6338 X164.053 Y128.412 E1624.82998
G1 F6000 X163.371 Y128.004 E1624.8847
G1 X162.76 Y127.446 E1624.94167
G1 X162.489 Y127.108 E1624.97149
G1 X162.122 Y126.497 E1625.02057
G1 F5815.8 X161.899 Y125.976 E1625.06082
G1 F5341.2 X161.658 Y125.145 E1625.12774
G1 F5106.4 X161.658 Y118.572 E1625.65947
G1 F5056.2 X161.687 Y118.147 E1625.69428
G1 F5286.3 X161.842 Y117.544 E1625.74293
G1 F5815.8 X162.213 Y116.741 E1625.80576
G1 F6000 X162.519 Y116.274 E1625.8442
G1 X163.044 Y115.69 E1625.89826
G1 X163.385 Y115.41 E1625.92864
G1 X164.062 Y115.009 E1625.98281
G1 F6569.3 X164.603 Y114.814 E1626.01898
G1 F7775.4 X165.336 Y114.727 E1626.05819
G1 F7627.1 X164.68 Y114.77 E1626.0938
G1 F6451.6 X164.023 Y114.812 E1626.13595
G1 F6000 X160.279 Y114.812 E1626.39372
G1 X160.678 Y115.576 E1626.45306
G1 X160.821 Y116.028 E1626.4857
G1 X160.903 Y116.454 E1626.51557
G1 F5882.4 X160.92 Y117.127 E1626.56285
G1 F5341.2 X160.971 Y118.077 E1626.63642
G1 F5056.2 X160.958 Y118.572 E1626.67688
G1 F5142.9 X160.958 Y124.848 E1627.18099
G1 F5070.4 X160.967 Y125.283 E1627.21644
G1 F5301.9 X160.927 Y126.091 E1627.27947
G1 F5815.8 X160.909 Y126.81 E1627.33055
G1 F6000 X160.908 Y127.716 E1627.39293
G1 X161.027 Y128.137 E1627.42305
G1 X161.183 Y128.337 E1627.44051
G1 X161.382 Y128.494 E1627.45796
G1 X161.814 Y128.612 E1627.4888
G1 X164.003 Y128.613 E1627.63951
G1 F6792.5 X165.195 Y128.685 E1627.71213
G1 F3600 E1625.91213
G1 F600 Z4.6
G0 F12000 X180.811 Y128.212 Z4.6
G1 F600 Z3.6
G1 F3000 E1627.71213
G1 F6000 X165.672 Y128.212 E1628.75443
G1 X165.319 Y128.17 E1628.7789
G1 X164.69 Y128.018 E1628.82346
G1 X164.336 Y127.883 E1628.84954
G1 X163.751 Y127.539 E1628.89626
G1 X163.227 Y127.069 E1628.94473
G1 X162.963 Y126.74 E1628.97377
G1 X162.647 Y126.207 E1629.01643
G1 X162.501 Y125.831 E1629.0442
G1 X162.308 Y125.014 E1629.102
G1 X162.308 Y118.572 E1629.54552
G1 X162.337 Y118.277 E1629.56593
G1 X162.508 Y117.561 E1629.61661
G1 X162.736 Y117.035 E1629.65608
G1 X163.018 Y116.608 E1629.69131
G1 X163.471 Y116.111 E1629.73761
G1 X164.042 Y115.695 E1629.78625
G1 X164.648 Y115.415 E1629.83221
G1 X164.941 Y115.326 E1629.85329
G1 X165.684 Y115.212 E1629.90504
G1 X195.956 Y115.212 E1631.98922
G1 X196.675 Y115.323 E1632.03931
G1 X196.966 Y115.411 E1632.06024
G1 X197.578 Y115.695 E1632.10669
G1 X198.149 Y116.111 E1632.15533
G1 X198.607 Y116.615 E1632.20222
G1 X198.882 Y117.034 E1632.23673
G1 X199.177 Y117.711 E1632.28757
G1 X199.308 Y118.58 E1632.34808
G1 X199.308 Y125.031 E1632.79222
G1 X199.109 Y125.871 E1632.85165
G1 X198.776 Y126.551 E1632.90378
G1 X198.428 Y127.02 E1632.94399
G1 X198.18 Y127.281 E1632.96878
G1 X197.631 Y127.696 E1633.01616
G1 X196.926 Y128.018 E1633.06952
G1 X196.108 Y128.212 E1633.1274
G1 X180.811 Y128.212 E1634.18057
G0 F12000 X180.811 Y127.612
G1 F6000 X165.563 Y127.612 E1635.23038
G1 X164.708 Y127.405 E1635.29094
G1 X164.13 Y127.074 E1635.3368
G1 X163.695 Y126.693 E1635.37661
G1 X163.437 Y126.372 E1635.40497
G1 X163.113 Y125.815 E1635.44933
G1 X162.908 Y124.949 E1635.5106
G1 X162.908 Y118.47 E1635.95667
G1 X163.063 Y117.789 E1636.00476
G1 X163.259 Y117.33 E1636.03912
G1 X163.516 Y116.942 E1636.07116
G1 X163.899 Y116.532 E1636.10979
G1 X164.372 Y116.196 E1636.14973
G1 X164.962 Y115.931 E1636.19426
G1 X165.684 Y115.812 E1636.24464
G1 X195.956 Y115.812 E1638.32882
G1 X196.651 Y115.927 E1638.37732
G1 X197.248 Y116.196 E1638.42241
G1 X197.721 Y116.532 E1638.46235
G1 X198.109 Y116.949 E1638.50157
G1 X198.36 Y117.329 E1638.53292
G1 X198.595 Y117.878 E1638.57404
G1 X198.708 Y118.58 E1638.62299
G1 X198.708 Y124.955 E1639.0619
G1 X198.608 Y125.464 E1639.09761
G1 X198.368 Y126.094 E1639.14403
G1 X197.876 Y126.757 E1639.20087
G1 X197.349 Y127.166 E1639.2468
G1 X196.784 Y127.435 E1639.28988
G1 X196.047 Y127.612 E1639.34207
G1 X180.811 Y127.612 E1640.39104
G1 F3600 E1638.59104
G1 F600 Z4.6
G0 F12000 X192.752 Y128.768 Z4.6
G1 F600 Z3.6
G1 F3000 E1640.39104
G1 F7809.1 X193.542 Y128.716 E1640.43292
G1 F8845.2 X195.944 Y128.715 E1640.5451
G1 F8530.8 X196.294 Y128.7 E1640.56206
G0 F12000 X196.371 Y128.695
G1 F6605.5 X197.612 Y128.614 E1640.63984
G1 F6000 X199.806 Y128.612 E1640.79089
G1 X200.16 Y128.532 E1640.81588
G1 X200.359 Y128.412 E1640.83188
G1 X200.545 Y128.209 E1640.85083
G1 X200.665 Y127.972 E1640.86912
G1 X200.708 Y127.629 E1640.89292
G1 F5921.1 X200.7 Y126.311 E1640.98488
G1 F5389.2 X200.649 Y125.295 E1641.06285
G1 F5077.6 X200.658 Y124.86 E1641.09825
G1 F5142.9 X200.658 Y118.58 E1641.60268
G1 F5063.3 X200.647 Y118.115 E1641.64063
G1 F5365.1 X200.698 Y117.128 E1641.71672
G1 F5901.6 X200.714 Y116.45 E1641.76419
G1 F6000 X200.794 Y116.023 E1641.7941
G1 X200.951 Y115.547 E1641.82861
G1 X201.342 Y114.812 E1641.88593
G1 X197.601 Y114.812 E1642.14349
G1 F6440.1 X196.971 Y114.771 E1642.18399
G1 F7547.2 X196.34 Y114.731 E1642.2186
G1 F7258.1 X197.188 Y114.879 E1642.26759
G1 F6228.4 X197.562 Y115.01 E1642.29387
G1 F6000 X198.235 Y115.41 E1642.34777
G1 X198.576 Y115.69 E1642.37815
G1 X199.106 Y116.281 E1642.43281
G1 X199.404 Y116.739 E1642.47043
G1 F5825.2 X199.782 Y117.559 E1642.53446
G1 F5325.4 X199.958 Y118.289 E1642.5927
G1 F5056.2 X199.958 Y125.15 E1643.15325
G1 F5225 X199.819 Y125.7 E1643.1981
G1 F5678.2 X199.511 Y126.465 E1643.25809
G1 F6000 X199.258 Y126.909 E1643.29328
G1 X198.909 Y127.378 E1643.33353
G1 X198.562 Y127.743 E1643.3682
G1 X197.914 Y128.225 E1643.4238
G1 X197.562 Y128.413 E1643.45128
G1 F6293.7 X197.06 Y128.574 E1643.48588
G1 F6976.7 X196.371 Y128.695 E1643.5273
G1 F3600 E1641.7273
G1 F600 Z4.6
G0 F12000 X180.714 Y157.421 Z4.6
G1 F600 Z3.6
G1 F3000 E1643.5273
G1 F6000 X181.281 Y157.429 E1643.56634
G1 X182.018 Y157.584 E1643.61819
G1 X182.6 Y157.807 E1643.6611
G1 X182.949 Y157.987 E1643.68814
G1 X183.565 Y158.401 E1643.73924
G1 X184.125 Y158.992 E1643.79529
G1 X184.41 Y159.37 E1643.82788
G1 X184.803 Y160.125 E1643.88649
G1 X185.024 Y160.893 E1643.94151
G1 X185.108 Y161.677 E1643.99579
G1 X185.018 Y162.591 E1644.05902
G1 X184.799 Y163.307 E1644.11057
G1 X184.415 Y164.046 E1644.16791
G1 X184.125 Y164.432 E1644.20115
G1 X183.697 Y164.884 E1644.24401
G1 X183.305 Y165.209 E1644.27907
G1 X182.588 Y165.611 E1644.33566
G1 X187.802 Y165.612 E1644.69464
G1 X188.267 Y165.479 E1644.72794
G1 X188.548 Y165.206 E1644.75491
G1 X188.665 Y164.975 E1644.77274
G1 X188.708 Y164.629 E1644.79674
G1 X188.708 Y133.379 E1646.94826
G1 X188.868 Y132.408 E1647.01601
G1 X189.177 Y131.58 E1647.07686
G1 X189.597 Y130.852 E1647.13472
G1 X190.081 Y130.243 E1647.18828
G1 X190.436 Y129.893 E1647.2226
G1 X191.1 Y129.376 E1647.28054
G1 F6091.4 X191.914 Y128.977 E1647.34202
G1 F6569.3 X192.752 Y128.768 E1647.39633
G1 F6521.7 X191.707 Y128.806 E1647.46256
G1 F6070.8 X169.576 Y128.81 E1648.96847
G1 F6923.1 X168.4 Y128.732 E1649.0388
G1 F7346.9 X169.133 Y128.824 E1649.08033
G1 F6338 X169.554 Y128.922 E1649.10851
G1 F6020.1 X170.333 Y129.288 E1649.16757
G1 F6000 X170.922 Y129.68 E1649.21628
G1 X171.294 Y129.997 E1649.24993
G1 X171.778 Y130.517 E1649.29884
G1 X172.028 Y130.846 E1649.32728
G1 X172.431 Y131.554 E1649.38337
G1 X172.718 Y132.368 E1649.4428
G1 X172.908 Y133.348 E1649.51152
G1 X172.908 Y164.666 E1651.66772
G1 X173.017 Y165.123 E1651.70007
G1 X173.146 Y165.309 E1651.71565
G1 X173.435 Y165.52 E1651.74029
G1 X173.74 Y165.607 E1651.76212
G1 X179.002 Y165.612 E1652.12441
G1 X178.391 Y165.253 E1652.1732
G1 X178.007 Y164.965 E1652.20624
G1 X177.441 Y164.377 E1652.26243
G1 X176.991 Y163.679 E1652.31961
G1 X176.705 Y163.009 E1652.36977
G1 X176.543 Y162.183 E1652.42772
G1 X176.512 Y161.82 E1652.4528
G1 X176.544 Y161.056 E1652.50545
G1 X176.812 Y160.144 E1652.57089
G1 X177.195 Y159.387 E1652.6293
G1 X177.699 Y158.747 E1652.68539
G1 X178.315 Y158.215 E1652.74143
G1 X179.02 Y157.807 E1652.79751
G1 X179.6 Y157.585 E1652.84026
G1 X180.385 Y157.417 E1652.89553
G1 X180.714 Y157.421 E1652.91819
G1 F3600 E1651.11819
G1 F600 Z4.6
G0 F12000 X189.308 Y150.213 Z4.6
G1 F600 Z3.6
G1 F3000 E1652.91819
G1 F6000 X189.308 Y133.428 E1654.07381
G1 X189.451 Y132.563 E1654.13417
G1 X189.712 Y131.853 E1654.18625
G1 X190.066 Y131.225 E1654.23588
G1 X190.55 Y130.617 E1654.28939
G1 X190.804 Y130.367 E1654.31392
G1 X191.417 Y129.89 E1654.3674
G1 X192.155 Y129.518 E1654.4243
G1 X192.845 Y129.317 E1654.47378
G1 X193.542 Y129.22 E1654.52223
G1 X199.853 Y129.212 E1654.95673
G1 X200.39 Y129.088 E1654.99468
G1 X200.759 Y128.863 E1655.02443
G1 X201.027 Y128.572 E1655.05167
G1 X201.237 Y128.159 E1655.08357
G1 X201.308 Y127.652 E1655.11882
G1 X201.312 Y116.499 E1655.88668
G1 X201.52 Y115.737 E1655.94107
G1 X201.755 Y115.297 E1655.97541
G1 X202.178 Y114.823 E1656.01915
G1 X202.382 Y114.664 E1656.03696
G1 F6741.6 X202.874 Y114.478 E1656.06919
G1 F9399.5 X203.654 Y114.364 E1656.10383
G1 F9625.7 X204.251 Y114.288 E1656.12966
G1 F6857.1 X204.848 Y114.212 E1656.16591
G1 F6593.4 X204.207 Y114.133 E1656.20638
G1 F8238 X203.567 Y114.055 E1656.23871
G1 F8470.6 X202.823 Y114.146 E1656.27526
G1 F6741.6 X202.226 Y114.212 E1656.31206
G1 F6020.1 X187.97 Y114.212 E1657.2903
G1 F6050.4 X173.714 Y114.212 E1658.26362
G1 F6081.1 X159.458 Y114.212 E1659.23204
G1 F7200 X158.653 Y114.117 E1659.27854
G1 F10140.8 X157.908 Y114.066 E1659.30896
G1 F9625.7 X157.308 Y114.139 E1659.3349
G1 F6857.1 X156.707 Y114.212 E1659.37137
G1 X157.303 Y114.288 E1659.40757
G1 F9625.7 X157.898 Y114.365 E1659.43332
G1 F10140.8 X158.59 Y114.443 E1659.46168
G1 F7258.1 X159.217 Y114.662 E1659.49948
G1 F6101.7 X159.431 Y114.815 E1659.51729
G1 F6000 X159.865 Y115.297 E1659.56195
G1 X160.106 Y115.758 E1659.59776
G1 X160.304 Y116.504 E1659.6509
G1 X160.308 Y127.762 E1660.426
G1 X160.353 Y128.052 E1660.4462
G1 X160.52 Y128.464 E1660.47681
G1 X160.756 Y128.764 E1660.50309
G1 X161.056 Y129 E1660.52937
G1 X161.463 Y129.163 E1660.55955
G1 X161.767 Y129.212 E1660.58076
G1 X168.163 Y129.216 E1661.02111
G1 X169.202 Y129.417 E1661.09397
G1 X170 Y129.787 E1661.15453
G1 X170.589 Y130.179 E1661.20324
G1 X170.854 Y130.406 E1661.22726
G1 X171.452 Y131.048 E1661.28767
G1 X171.875 Y131.779 E1661.34582
G1 X172.129 Y132.482 E1661.39728
G1 X172.308 Y133.405 E1661.46201
G1 X172.308 Y164.724 E1663.61828
G1 X172.401 Y165.201 E1663.65174
G1 X172.48 Y165.394 E1663.66609
G1 X172.728 Y165.744 E1663.69563
G1 X173.213 Y166.081 E1663.73629
G1 X173.743 Y166.212 E1663.77387
G1 X178.92 Y166.212 E1664.1303
G1 F5438.1 X180.208 Y166.15 E1664.22826
G1 F5056.2 X180.808 Y166.162 E1664.27729
G1 F5013.9 X181.558 Y166.145 E1664.33909
G1 F5278.6 X182.493 Y166.197 E1664.41238
G1 F5863.2 X183 Y166.212 E1664.44811
G1 F6000 X187.85 Y166.212 E1664.78203
G1 X188.152 Y166.164 E1664.80308
G1 X188.581 Y165.992 E1664.8349
G1 X188.755 Y165.865 E1664.84974
G1 X189.029 Y165.57 E1664.87746
G1 X189.237 Y165.163 E1664.90892
G1 X189.308 Y164.651 E1664.94451
G1 X189.308 Y150.213 E1665.93855
G0 F12000 X189.908 Y150.213
G1 F6000 X189.908 Y133.478 E1667.09073
G1 X190.034 Y132.718 E1667.14376
G1 X190.246 Y132.126 E1667.18706
G1 X190.535 Y131.599 E1667.22844
G1 X191.084 Y130.91 E1667.28909
G1 X191.739 Y130.4 E1667.34625
G1 X192.366 Y130.084 E1667.39459
G1 X192.821 Y129.938 E1667.42749
G1 X193.457 Y129.82 E1667.47202
G1 X199.9 Y129.812 E1667.91561
G1 X200.294 Y129.749 E1667.94308
G1 X200.619 Y129.645 E1667.96658
G1 X201.159 Y129.315 E1668.01015
G1 X201.509 Y128.935 E1668.04572
G1 X201.809 Y128.346 E1668.09122
G1 X201.908 Y127.674 E1668.13799
G1 X201.91 Y116.547 E1668.90407
G1 X202.09 Y115.927 E1668.94852
G1 X202.23 Y115.663 E1668.96909
G1 X202.548 Y115.295 E1669.00257
G1 X203.035 Y114.986 E1669.04228
G1 X203.608 Y114.813 E1669.08349
G1 X211.908 Y114.812 E1669.65493
G1 X211.908 Y113.612 E1669.73755
G1 X149.708 Y113.612 E1674.01993
G1 X149.708 Y114.812 E1674.10255
G1 X157.869 Y114.813 E1674.66442
G1 X158.192 Y114.856 E1674.68685
G1 X158.643 Y115.008 E1674.71962
G1 X158.857 Y115.13 E1674.73658
G1 X159.23 Y115.455 E1674.77064
G1 X159.534 Y115.939 E1674.80999
G1 X159.706 Y116.553 E1674.85389
G1 X159.708 Y127.807 E1675.62871
G1 X159.767 Y128.191 E1675.65546
G1 X160.013 Y128.79 E1675.70004
G1 X160.329 Y129.191 E1675.73519
G1 X160.73 Y129.507 E1675.77034
G1 X160.998 Y129.645 E1675.7911
G1 X161.325 Y129.749 E1675.81472
G1 X161.719 Y129.812 E1675.84219
G1 X168.106 Y129.816 E1676.28193
G1 X169.013 Y129.992 E1676.34554
G1 X169.668 Y130.287 E1676.395
G1 X170.344 Y130.738 E1676.45095
G1 X170.967 Y131.407 E1676.51388
G1 X171.319 Y132.005 E1676.56166
G1 X171.54 Y132.596 E1676.6051
G1 X171.708 Y133.463 E1676.6659
G1 X171.708 Y164.781 E1678.8221
G1 X171.823 Y165.373 E1678.86362
G1 X172.116 Y165.95 E1678.90817
G1 X172.311 Y166.179 E1678.92888
G1 X172.728 Y166.506 E1678.96537
G1 X172.992 Y166.642 E1678.98581
G1 X173.591 Y166.812 E1679.02868
G1 X187.897 Y166.812 E1680.01363
G1 X188.291 Y166.749 E1680.0411
G1 X188.622 Y166.644 E1680.06501
G1 X189.155 Y166.316 E1680.10809
G1 X189.51 Y165.934 E1680.144
G1 X189.809 Y165.35 E1680.18917
G1 X189.908 Y164.674 E1680.23621
G1 X189.908 Y150.213 E1681.23182
G1 F3600 E1679.43182
G1 F600 Z4.6
G0 F12000 X180.903 Y158.022 Z4.6
G1 F600 Z3.6
G1 F3000 E1681.23182
G1 F6000 X181.166 Y158.018 E1681.24993
G1 X181.85 Y158.16 E1681.29803
G1 X182.511 Y158.416 E1681.34683
G1 X183.168 Y158.852 E1681.40112
G1 X183.69 Y159.404 E1681.45343
G1 X183.893 Y159.674 E1681.47668
G1 X184.234 Y160.317 E1681.52679
G1 X184.43 Y160.977 E1681.57419
G1 X184.504 Y161.612 E1681.61821
G1 X184.427 Y162.488 E1681.67875
G1 X184.232 Y163.112 E1681.72376
G1 X183.827 Y163.875 E1681.78324
G1 X183.261 Y164.472 E1681.83987
G1 X182.982 Y164.704 E1681.86486
G1 F5863.2 X182.31 Y165.1 E1681.91981
G1 F5504.6 X181.543 Y165.413 E1681.98198
G1 F5217.4 X180.808 Y165.462 E1682.0403
G1 F5056.2 X180.242 Y165.428 E1682.08663
G1 F5357.1 X179.455 Y165.181 E1682.15023
G1 F5901.6 X178.694 Y164.735 E1682.21197
G1 F6000 X178.42 Y164.53 E1682.23553
G1 X177.929 Y164.027 E1682.28393
G1 X177.537 Y163.431 E1682.33304
G1 X177.283 Y162.839 E1682.37739
G1 X177.104 Y161.925 E1682.44152
G1 X177.176 Y161.032 E1682.5032
G1 X177.36 Y160.387 E1682.54938
G1 X177.683 Y159.736 E1682.59941
G1 X178.112 Y159.183 E1682.6476
G1 X178.639 Y158.72 E1682.69589
G1 X179.244 Y158.364 E1682.74422
G1 X179.769 Y158.16 E1682.783
G1 X180.407 Y158.027 E1682.82787
G1 X180.903 Y158.022 E1682.86202
G0 F12000 X180.811 Y158.623
G1 F6000 X181.104 Y158.623 E1682.88219
G1 X181.602 Y158.716 E1682.91707
G1 X182.228 Y158.949 E1682.96306
G1 X182.744 Y159.288 E1683.00557
G1 X183.331 Y159.897 E1683.0638
G1 X183.666 Y160.508 E1683.11178
G1 X183.836 Y161.061 E1683.15161
G1 X183.904 Y161.612 E1683.18983
G1 X183.835 Y162.384 E1683.2432
G1 X183.664 Y162.917 E1683.28173
G1 X183.334 Y163.522 E1683.32918
G1 X182.74 Y164.15 E1683.38869
G1 X182.11 Y164.52 E1683.439
G1 X181.425 Y164.755 E1683.48886
G1 X180.808 Y164.812 E1683.53152
G1 X180.305 Y164.769 E1683.56627
G1 X179.64 Y164.595 E1683.6136
G1 X178.898 Y164.159 E1683.67285
G1 X178.416 Y163.677 E1683.71978
G1 X178.084 Y163.184 E1683.7607
G1 X177.873 Y162.704 E1683.7968
G1 X177.725 Y161.976 E1683.84795
G1 X177.732 Y161.353 E1683.89084
G1 X177.858 Y160.777 E1683.93144
G1 X178.081 Y160.243 E1683.97128
G1 X178.411 Y159.748 E1684.01224
G1 X178.828 Y159.33 E1684.05289
G1 X179.385 Y158.952 E1684.09924
G1 X179.938 Y158.736 E1684.14011
G1 X180.512 Y158.623 E1684.18039
G1 X180.811 Y158.623 E1684.20097
G0 F12000 X180.811 Y159.221
;TYPE:WALL-OUTER
G1 F6000 X181.048 Y159.221 E1684.21729
G1 X181.54 Y159.321 E1684.25186
G1 X181.978 Y159.503 E1684.28451
G1 X182.363 Y159.752 E1684.31608
G1 X182.843 Y160.256 E1684.364
G1 X183.097 Y160.7 E1684.39922
G1 X183.242 Y161.145 E1684.43144
G1 X183.304 Y161.612 E1684.46387
G1 X183.244 Y162.28 E1684.51005
G1 X183.072 Y162.775 E1684.54613
G1 X182.844 Y163.168 E1684.57741
G1 X182.39 Y163.647 E1684.62285
G1 X181.914 Y163.952 E1684.66177
G1 X181.276 Y164.168 E1684.70814
G1 X180.808 Y164.212 E1684.74051
G1 X180.308 Y164.161 E1684.77511
G1 X179.84 Y164.016 E1684.80884
G1 X179.269 Y163.681 E1684.85442
G1 X178.941 Y163.37 E1684.88554
G1 X178.63 Y162.936 E1684.9223
G1 X178.445 Y162.523 E1684.95346
G1 X178.316 Y161.872 E1684.99915
G1 X178.34 Y161.323 E1685.03698
G1 X178.44 Y160.923 E1685.06537
G1 X178.659 Y160.433 E1685.10232
G1 X178.899 Y160.097 E1685.13075
G1 X179.241 Y159.766 E1685.16352
G1 X179.642 Y159.503 E1685.19653
G1 X180.133 Y159.305 E1685.23298
G1 X180.568 Y159.221 E1685.26349
G1 X180.811 Y159.221 E1685.28022
G0 F12000 X181.011 Y159.221
G1 F3600 E1683.48022
G1 F600 Z4.6
G0 F12000 X190.509 Y150.215 Z4.6
G1 F600 Z3.6
G1 F3000 E1685.28022
G1 F6000 X190.512 Y133.503 E1686.43081
G1 X190.623 Y132.851 E1686.47635
G1 X190.78 Y132.399 E1686.50929
G1 X190.972 Y132.023 E1686.53836
G1 X191.511 Y131.337 E1686.59842
G1 X192.088 Y130.896 E1686.64842
G1 X192.616 Y130.634 E1686.689
G1 X193.045 Y130.5 E1686.71995
G1 X193.543 Y130.42 E1686.75467
G1 X199.948 Y130.412 E1687.19565
G1 X200.434 Y130.335 E1687.22953
G1 X200.849 Y130.201 E1687.25955
G1 X201.215 Y130.015 E1687.28782
G1 X201.559 Y129.766 E1687.31705
G1 X201.991 Y129.298 E1687.3609
G1 X202.212 Y128.934 E1687.39022
G1 X202.381 Y128.534 E1687.42012
G1 X202.474 Y128.141 E1687.44792
G1 X202.508 Y127.696 E1687.47865
G1 X202.508 Y116.595 E1688.24294
G1 X202.659 Y116.117 E1688.27745
G1 X202.918 Y115.767 E1688.30743
G1 X203.217 Y115.558 E1688.33254
G1 X203.672 Y115.416 E1688.36536
G1 X212.508 Y115.412 E1688.9737
G1 X212.508 Y113.012 E1689.13894
G1 X149.108 Y113.012 E1693.50393
G1 X149.108 Y115.412 E1693.66917
G1 X157.829 Y115.412 E1694.2696
G1 X158.11 Y115.45 E1694.28912
G1 X158.42 Y115.565 E1694.31188
G1 X158.754 Y115.821 E1694.34086
G1 X158.962 Y116.121 E1694.36599
G1 X159.108 Y116.603 E1694.40067
G1 X159.108 Y127.853 E1695.17521
G1 X159.181 Y128.33 E1695.20843
G1 X159.318 Y128.752 E1695.23898
G1 X159.506 Y129.116 E1695.26719
G1 X159.902 Y129.618 E1695.31121
G1 X160.404 Y130.014 E1695.35523
G1 X160.768 Y130.201 E1695.3834
G1 X161.186 Y130.335 E1695.41362
G1 X161.672 Y130.412 E1695.4475
G1 X168.074 Y130.421 E1695.88827
G1 X168.857 Y130.579 E1695.94327
G1 X169.335 Y130.786 E1695.97913
G1 X169.953 Y131.198 E1696.03026
G1 X170.496 Y131.79 E1696.08557
G1 X170.763 Y132.231 E1696.12107
G1 X170.951 Y132.71 E1696.15649
G1 X171.103 Y133.494 E1696.21148
G1 X171.108 Y164.839 E1698.36953
G1 X171.245 Y165.545 E1698.41904
G1 X171.405 Y165.936 E1698.44813
G1 X171.628 Y166.303 E1698.4777
G1 X171.893 Y166.614 E1698.50583
G1 X172.403 Y167.014 E1698.55045
G1 X172.771 Y167.203 E1698.57893
G1 X173.384 Y167.377 E1698.62281
G1 X173.671 Y167.412 E1698.64271
G1 X187.944 Y167.412 E1699.62539
G1 X188.43 Y167.335 E1699.65926
G1 X188.85 Y167.201 E1699.68962
G1 X189.21 Y167.019 E1699.71739
G1 X189.555 Y166.766 E1699.74684
G1 X189.991 Y166.298 E1699.79088
G1 X190.212 Y165.934 E1699.8202
G1 X190.381 Y165.538 E1699.84984
G1 X190.474 Y165.142 E1699.87785
G1 X190.508 Y164.696 E1699.90864
G1 X190.509 Y150.215 E1700.90564
G0 F12000 X190.509 Y150.015
G1 F3600 E1699.10564
G1 F600 Z4.6
G0 F12000 X180.808 Y127.01 Z4.6
G1 F600 Z3.6
G1 F3000 E1700.90564
G1 F6000 X165.634 Y127.012 E1701.95035
G1 X164.934 Y126.843 E1701.99992
G1 X164.51 Y126.609 E1702.03327
G1 X164.162 Y126.317 E1702.06454
G1 X163.885 Y125.966 E1702.09533
G1 X163.668 Y125.551 E1702.12757
G1 X163.512 Y124.9 E1702.17366
G1 X163.513 Y118.513 E1702.61339
G1 X163.601 Y118.073 E1702.64429
G1 X163.771 Y117.646 E1702.67593
G1 X164.014 Y117.276 E1702.70641
G1 X164.326 Y116.953 E1702.73733
G1 X164.702 Y116.697 E1702.76864
G1 X165.167 Y116.505 E1702.80328
G1 X165.632 Y116.416 E1702.83587
G1 X196.014 Y116.417 E1704.92763
G1 X196.446 Y116.501 E1704.95793
G1 X196.918 Y116.697 E1704.99312
G1 X197.294 Y116.953 E1705.02443
G1 X197.611 Y117.283 E1705.05594
G1 X197.826 Y117.604 E1705.08254
G1 X198.002 Y118.017 E1705.11345
G1 X198.108 Y118.58 E1705.15289
G1 X198.104 Y124.912 E1705.58884
G1 X198.019 Y125.35 E1705.61956
G1 X197.836 Y125.804 E1705.65326
G1 X197.443 Y126.334 E1705.69868
G1 X197.116 Y126.604 E1705.72788
G1 X196.682 Y126.843 E1705.76199
G1 X195.997 Y127.008 E1705.8105
G1 X180.808 Y127.01 E1706.85624
G0 F12000 X180.608 Y127.01
G1 F3600 E1705.05624
G1 F600 Z4.6
G0 F12000 X180.806 Y133.534 Z4.6
;TYPE:SKIN
G1 F600 Z3.6
G1 F3000 E1706.85624
G1 F6000 X173.459 Y133.536 E1707.36207
G1 X173.432 Y133.078 E1707.39366
G1 X173.268 Y132.221 E1707.45373
G1 X172.968 Y131.357 E1707.5167
G1 X172.518 Y130.552 E1707.58019
G1 X172.214 Y130.152 E1707.61479
G1 X171.717 Y129.612 E1707.66531
G1 X171.444 Y129.38 E1707.68998
G1 X190.148 Y129.38 E1708.97772
G1 X189.657 Y129.857 E1709.02485
G1 X189.149 Y130.493 E1709.08089
G1 X188.875 Y130.918 E1709.11571
G1 X188.528 Y131.648 E1709.17136
G1 X188.28 Y132.474 E1709.23073
G1 X188.14 Y133.307 E1709.28889
G1 X188.136 Y133.532 E1709.30438
G1 X180.806 Y133.534 E1709.80904
G1 F3600 E1708.00904
G1 F600 Z4.6
G0 F12000 X187.51 Y133.234 Z4.6
G1 F600 Z3.6
G1 F3000 E1709.80904
G1 F6000 X187.918 Y132.826 E1709.84877
G0 F12000 X188.196 Y131.699
G1 F6000 X186.661 Y133.234 E1709.99822
G0 F12000 X185.813 Y133.234
G1 F6000 X189.367 Y129.68 E1710.34426
G0 F12000 X188.517 Y129.681
G1 F6000 X184.964 Y133.234 E1710.69021
G0 F12000 X184.115 Y133.234
G1 F6000 X187.668 Y129.681 E1711.03615
G0 F12000 X186.82 Y129.681
G1 F6000 X183.267 Y133.234 E1711.38209
G0 F12000 X182.418 Y133.234
G1 F6000 X185.971 Y129.681 E1711.72804
G0 F12000 X185.123 Y129.681
G1 F6000 X181.569 Y133.234 E1712.07403
G0 F12000 X180.72 Y133.235
G1 F6000 X184.274 Y129.681 E1712.42007
G0 F12000 X183.426 Y129.681
G1 F6000 X179.872 Y133.235 E1712.76611
G0 F12000 X179.023 Y133.235
G1 F6000 X182.577 Y129.681 E1713.11215
G0 F12000 X181.729 Y129.681
G1 F6000 X178.175 Y133.235 E1713.45819
G0 F12000 X177.326 Y133.235
G1 F6000 X180.881 Y129.681 E1713.80428
G0 F12000 X180.032 Y129.681
G1 F6000 X176.477 Y133.236 E1714.15042
G0 F12000 X175.628 Y133.236
G1 F6000 X179.184 Y129.681 E1714.4966
G0 F12000 X178.335 Y129.681
G1 F6000 X174.78 Y133.236 E1714.84274
G0 F12000 X173.931 Y133.236
G1 F6000 X177.487 Y129.681 E1715.18893
G0 F12000 X176.638 Y129.681
G1 F6000 X173.66 Y132.659 E1715.47888
G0 F12000 X173.495 Y131.975
G1 F6000 X175.79 Y129.681 E1715.70229
G0 F12000 X174.941 Y129.681
G1 F6000 X173.279 Y131.342 E1715.86407
G0 F12000 X172.992 Y130.781
G1 F6000 X174.093 Y129.681 E1715.97122
G0 F12000 X173.244 Y129.681
G1 F6000 X172.668 Y130.256 E1716.02725
G0 F12000 X172.287 Y129.789
G1 F6000 X172.395 Y129.681 E1716.03777
G1 F3600 E1714.23777
G1 F600 Z4.6
G0 F12000 X180.914 Y156.851 Z4.6
G1 F600 Z3.6
G1 F3000 E1716.03777
G1 F6000 X180.255 Y156.861 E1716.08314
G1 X179.461 Y157.03 E1716.13903
G1 X178.809 Y157.275 E1716.18699
G1 X178.022 Y157.723 E1716.24934
G1 X177.276 Y158.361 E1716.31692
G1 X176.74 Y159.037 E1716.37631
G1 X176.296 Y159.9 E1716.44313
G1 X176.044 Y160.73 E1716.50285
G1 X175.963 Y161.247 E1716.53888
G1 X175.94 Y161.812 E1716.57781
G1 X175.98 Y162.28 E1716.61015
G1 X176.161 Y163.183 E1716.67356
G1 X176.467 Y163.909 E1716.7278
G1 X176.74 Y164.379 E1716.76522
G1 X177.265 Y165.039 E1716.82329
G1 X173.834 Y165.04 E1717.0595
G1 X173.676 Y164.995 E1717.07081
G1 X173.547 Y164.894 E1717.08209
G1 X173.476 Y164.606 E1717.10252
G1 X173.476 Y134.076 E1719.20446
G1 X188.136 Y134.076 E1720.21378
G1 X188.136 Y164.594 E1722.3149
G1 X188.083 Y164.859 E1722.3335
G1 X187.923 Y165.003 E1722.34832
G1 X187.752 Y165.04 E1722.36037
G1 X184.333 Y165.04 E1722.59576
G1 X184.539 Y164.823 E1722.61636
G1 X184.888 Y164.361 E1722.65623
G1 X185.32 Y163.529 E1722.72077
G1 X185.592 Y162.636 E1722.78504
G1 X185.675 Y161.649 E1722.85323
G1 X185.591 Y160.825 E1722.91026
G1 X185.345 Y159.956 E1722.97244
G1 X184.907 Y159.094 E1723.03901
G1 X184.56 Y158.627 E1723.07906
G1 X183.945 Y157.97 E1723.14102
G1 X183.235 Y157.493 E1723.19991
G1 X182.843 Y157.289 E1723.23034
G1 X182.152 Y157.03 E1723.28114
G1 X181.28 Y156.845 E1723.34252
G1 X180.914 Y156.851 E1723.36772
G1 F3600 E1721.56772
G1 F600 Z4.6
G0 F12000 X187.836 Y164.303 Z4.6
G1 F600 Z3.6
G1 F3000 E1723.36772
G1 F6000 X187.4 Y164.74 E1723.41022
G0 F12000 X186.551 Y164.74
G1 F6000 X187.836 Y163.455 E1723.53533
G0 F12000 X187.836 Y162.606
G1 F6000 X185.703 Y164.74 E1723.74307
G0 F12000 X185.227 Y164.366
G1 F6000 X187.836 Y161.758 E1723.99705
G0 F12000 X187.836 Y160.909
G1 F6000 X185.816 Y162.929 E1724.19373
G0 F12000 X185.956 Y161.941
G1 F6000 X187.836 Y160.061 E1724.37677
G0 F12000 X187.836 Y159.212
G1 F6000 X185.923 Y161.125 E1724.56304
G0 F12000 X185.789 Y160.411
G1 F6000 X187.836 Y158.364 E1724.76235
G0 F12000 X187.836 Y157.515
G1 F6000 X185.589 Y159.762 E1724.98113
G0 F12000 X185.301 Y159.202
G1 F6000 X187.836 Y156.667 E1725.22795
G0 F12000 X187.836 Y155.818
G1 F6000 X184.975 Y158.679 E1725.50652
G0 F12000 X184.59 Y158.216
G1 F6000 X187.836 Y154.97 E1725.82257
G0 F12000 X187.836 Y154.121
G1 F6000 X184.178 Y157.779 E1726.17874
G0 F12000 X183.679 Y157.43
G1 F6000 X187.836 Y153.272 E1726.58354
G0 F12000 X187.836 Y152.424
G1 F6000 X183.148 Y157.112 E1727.03999
G0 F12000 X182.552 Y156.859
G1 F6000 X187.836 Y151.575 E1727.55448
G0 F12000 X187.836 Y150.727
G1 F6000 X181.893 Y156.67 E1728.13312
G0 F12000 X181.165 Y156.549
G1 F6000 X187.836 Y149.878 E1728.78266
G0 F12000 X187.836 Y149.03
G1 F6000 X180.303 Y156.563 E1729.51612
G0 F12000 X179.218 Y156.8
G1 F6000 X187.836 Y148.181 E1730.35527
G0 F12000 X187.836 Y147.333
G1 F6000 X173.776 Y161.393 E1731.72424
G0 F12000 X173.776 Y162.241
G1 F6000 X175.918 Y160.1 E1731.93275
G0 F12000 X175.667 Y161.199
G1 F6000 X173.776 Y163.09 E1732.11687
G0 F12000 X173.776 Y163.938
G1 F6000 X175.66 Y162.054 E1732.30031
G0 F12000 X175.776 Y162.787
G1 F6000 X173.822 Y164.74 E1732.49052
G0 F12000 X174.671 Y164.74
G1 F6000 X175.952 Y163.46 E1732.61519
G0 F12000 X176.205 Y164.054
G1 F6000 X175.519 Y164.74 E1732.68199
G0 F12000 X176.368 Y164.74
G1 F6000 X176.524 Y164.585 E1732.69713
G1 F3600 E1730.89713
G1 F600 Z4.6
G0 F12000 X173.776 Y160.544 Z4.6
G1 F600 Z3.6
G1 F3000 E1732.69713
G1 F6000 X187.836 Y146.484 E1734.0661
G0 F12000 X187.836 Y145.636
G1 F6000 X173.776 Y159.696 E1735.43507
G0 F12000 X173.776 Y158.847
G1 F6000 X187.836 Y144.787 E1736.80404
G0 F12000 X187.836 Y143.939
G1 F6000 X173.776 Y157.999 E1738.17302
G0 F12000 X173.776 Y157.15
G1 F6000 X187.836 Y143.09 E1739.54199
G0 F12000 X187.836 Y142.242
G1 F6000 X173.776 Y156.302 E1740.91096
G0 F12000 X173.776 Y155.453
G1 F6000 X187.836 Y141.393 E1742.27993
G0 F12000 X187.836 Y140.545
G1 F6000 X173.776 Y154.605 E1743.64891
G0 F12000 X173.776 Y153.756
G1 F6000 X187.836 Y139.696 E1745.01788
G0 F12000 X187.836 Y138.847
G1 F6000 X173.776 Y152.908 E1746.3869
G0 F12000 X173.776 Y152.059
G1 F6000 X187.836 Y137.999 E1747.75587
G0 F12000 X187.836 Y137.15
G1 F6000 X173.776 Y151.211 E1749.12489
G0 F12000 X173.776 Y150.362
G1 F6000 X187.836 Y136.302 E1750.49387
G0 F12000 X187.836 Y135.453
G1 F6000 X173.776 Y149.513 E1751.86284
G0 F12000 X173.776 Y148.665
G1 F6000 X187.836 Y134.605 E1753.23181
G0 F12000 X187.216 Y134.376
G1 F6000 X173.776 Y147.816 E1754.54042
G0 F12000 X173.776 Y146.968
G1 F6000 X186.368 Y134.376 E1755.76645
G0 F12000 X185.519 Y134.376
G1 F6000 X173.776 Y146.119 E1756.90983
G0 F12000 X173.776 Y145.271
G1 F6000 X184.671 Y134.376 E1757.97064
G0 F12000 X183.822 Y134.376
G1 F6000 X173.776 Y144.422 E1758.94878
G0 F12000 X173.776 Y143.574
G1 F6000 X182.974 Y134.376 E1759.84436
G0 F12000 X182.125 Y134.376
G1 F6000 X173.776 Y142.725 E1760.65727
G0 F12000 X173.776 Y141.877
G1 F6000 X181.277 Y134.376 E1761.38761
G0 F12000 X180.428 Y134.376
G1 F6000 X173.776 Y141.028 E1762.0353
G0 F12000 X173.776 Y140.18
G1 F6000 X179.58 Y134.376 E1762.60041
G0 F12000 X178.731 Y134.376
G1 F6000 X173.776 Y139.331 E1763.08286
G0 F12000 X173.776 Y138.483
G1 F6000 X177.883 Y134.376 E1763.48275
G0 F12000 X177.034 Y134.376
G1 F6000 X173.776 Y137.634 E1763.79997
G0 F12000 X173.776 Y136.786
G1 F6000 X176.186 Y134.376 E1764.03462
G0 F12000 X175.337 Y134.376
G1 F6000 X173.776 Y135.937 E1764.18661
G0 F12000 X173.776 Y135.089
G1 F6000 X174.488 Y134.376 E1764.25598
G1 F3600 E1762.45598
G1 F600 Z4.6
G0 F12000 X199.087 Y128.03 Z4.6
G1 F600 Z3.6
G1 F3000 E1764.25598
G1 F5760 X199.358 Y127.749 E1764.28398
G1 X199.72 Y127.256 E1764.32784
G1 X200.124 Y126.563 E1764.38537
G1 X200.124 Y127.746 E1764.47021
G1 X200.072 Y127.85 E1764.47855
G1 X199.909 Y127.993 E1764.4941
G1 X199.753 Y128.028 E1764.50557
G1 X199.087 Y128.03 E1764.55333
G1 F3600 E1762.75333
G1 F600 Z4.6
G0 F12000 X200.092 Y116.779 Z4.6
G1 F600 Z3.6
G1 F3000 E1764.55333
G1 F5357.1 X199.94 Y116.458 E1764.58072
G1 X199.612 Y115.942 E1764.62787
G1 X199.148 Y115.416 E1764.68195
G1 X200.353 Y115.416 E1764.77487
G1 X200.212 Y115.838 E1764.80918
G1 X200.113 Y116.367 E1764.85068
G1 X200.092 Y116.779 E1764.88249
G1 F3600 E1763.08249
G1 F600 Z4.6
G0 F12000 X162.538 Y128.028 Z4.6
G1 F600 Z3.6
G1 F3000 E1764.88249
G1 F5778.5 X161.866 Y128.029 E1764.93053
G1 X161.691 Y127.99 E1764.94335
G1 X161.541 Y127.849 E1764.95806
G1 X161.487 Y127.654 E1764.97253
G1 X161.488 Y126.568 E1765.05016
G1 X162.01 Y127.434 E1765.12245
G1 X162.538 Y128.028 E1765.17926
G1 F3600 E1763.37926
G1 F600 Z4.6
G0 F12000 X161.523 Y116.769 Z4.6
G1 F600 Z3.6
G1 F3000 E1765.17926
G1 F5357.1 X161.503 Y116.358 E1765.21099
G1 X161.264 Y115.418 E1765.28578
G1 X162.468 Y115.416 E1765.37862
G1 X162.037 Y115.9 E1765.4286
G1 X161.68 Y116.448 E1765.47903
G1 X161.523 Y116.769 E1765.50659
G1 F3600 E1763.70659
G1 F600 Z4.6
;MESH:NONMESH
G0 F12000 X153.111 Y111.513 Z4.6
;TIME_ELAPSED:641.519007
;LAYER:12
G0 X153.111 Y111.513 Z4.9
G0 X153.151 Y111.713
;TYPE:SUPPORT
G1 F600 Z3.9
G1 F3000 E1765.50659
G1 F6000 X153.102 Y111.664 E1765.51136
G1 X153.111 Y111.513 E1765.52177
G1 X155.509 Y111.513 E1765.68687
G1 X155.513 Y111.713 E1765.70064
G1 X153.151 Y111.713 E1765.86326
G1 F3600 E1764.06326
G1 F600 Z4.9
G0 F12000 X155.477 Y116.713 Z4.9
G0 X155.519 Y116.79
G1 F600 Z3.9
G1 F3000 E1765.86326
G1 F6000 X155.51 Y116.913 E1765.87175
G1 X153.11 Y116.913 E1766.03699
G1 X153.102 Y116.763 E1766.04733
G1 X153.144 Y116.713 E1766.05183
G1 X155.477 Y116.713 E1766.21245
G1 X155.519 Y116.79 E1766.21849
G1 F3600 E1764.41849
G1 F600 Z4.9
G0 F12000 X208 Y116.912 Z4.9
G0 X208.52 Y116.757
G1 F600 Z3.9
G1 F3000 E1766.21849
G1 F6000 X208.512 Y116.913 E1766.22924
G1 X208 Y116.912 E1766.26449
G1 X206.124 Y116.909 E1766.39365
G1 X206.113 Y116.836 E1766.39874
G1 X206.146 Y116.833 E1766.40102
G1 X206.125 Y116.713 E1766.40941
G1 X208 Y116.713 E1766.5385
G1 X208.473 Y116.713 E1766.57106
G1 X208.52 Y116.757 E1766.57549
G0 F12000 X208 Y116.713
G1 F6000 X208 Y116.912 E1766.5892
G1 F3600 E1764.7892
G1 F600 Z4.9
G0 F12000 X208 Y111.713 Z4.9
G1 F600 Z3.9
G1 F3000 E1766.5892
G1 F6000 X206.095 Y111.713 E1766.72035
G1 X206.124 Y111.517 E1766.73399
G1 X208 Y111.513 E1766.86315
G1 X208 Y111.713 E1766.87692
G1 F3600 E1765.07692
G1 F600 Z4.9
;MESH:LC-GR3005??????RFID?????????-WB.stl
G0 F12000 X190.128 Y129.382 Z4.9
;TYPE:FILL
G1 F600 Z3.9
G1 F3000 E1766.87692
G1 F6000 X171.472 Y129.383 E1768.16136
G1 X171.965 Y129.856 E1768.2084
G1 X172.501 Y130.533 E1768.26785
G1 X172.947 Y131.313 E1768.32971
G1 X173.242 Y132.096 E1768.38732
G1 X173.402 Y132.804 E1768.43729
G1 X173.624 Y133.027 E1768.45895
G1 X188.187 Y133.027 E1769.4616
G1 X188.224 Y132.8 E1769.47743
G3 X187.8900 Y133.1320 I-65.4826 J-65.5430 E1769.499580
G1 F3600 E1767.69958
G1 F600 Z4.9
G0 F12000 X193.284 Y128.729 Z4.9
;TYPE:WALL-INNER
G1 F600 Z3.9
G1 F3000 E1769.49958
G1 F8591.9 X193.631 Y128.714 E1769.51628
G1 F8933 X195.944 Y128.713 E1769.62324
G1 F8633.1 X196.293 Y128.698 E1769.63996
G1 F7407.4 X197.068 Y128.643 E1769.68328
G1 F6315.8 X197.612 Y128.614 E1769.71892
G1 F6000 X199.806 Y128.612 E1769.86997
G1 X200.16 Y128.532 E1769.89496
G1 X200.359 Y128.412 E1769.91096
G1 X200.545 Y128.209 E1769.92991
G1 X200.665 Y127.972 E1769.9482
G1 X200.708 Y127.629 E1769.972
G1 F5921.1 X200.7 Y126.311 E1770.06395
G1 F5389.2 X200.649 Y125.295 E1770.14193
G1 F5077.6 X200.658 Y124.86 E1770.17733
G1 F5142.9 X200.658 Y118.58 E1770.68176
G1 F5063.3 X200.647 Y118.115 E1770.71971
G1 F5365.1 X200.698 Y117.128 E1770.7958
G1 F5901.6 X200.714 Y116.45 E1770.84327
G1 F6000 X200.794 Y116.023 E1770.87318
G1 X200.951 Y115.547 E1770.90769
G1 X201.342 Y114.812 E1770.96501
G1 X197.601 Y114.812 E1771.22257
G1 F6440.1 X196.971 Y114.771 E1771.26307
G1 F7547.2 X196.34 Y114.731 E1771.29767
G1 F7258.1 X197.188 Y114.879 E1771.34667
G1 F6228.4 X197.562 Y115.01 E1771.37295
G1 F6000 X198.235 Y115.41 E1771.42685
G1 X198.576 Y115.69 E1771.45723
G1 X199.106 Y116.281 E1771.51188
G1 X199.404 Y116.739 E1771.5495
G1 F5825.2 X199.782 Y117.559 E1771.61353
G1 F5325.4 X199.958 Y118.289 E1771.67178
G1 F5056.2 X199.958 Y125.15 E1772.23233
G1 F5225 X199.819 Y125.7 E1772.27718
G1 F5678.2 X199.511 Y126.465 E1772.33717
G1 F6000 X199.258 Y126.909 E1772.37236
G1 X198.909 Y127.378 E1772.4126
G1 X198.563 Y127.743 E1772.44723
G1 X197.914 Y128.225 E1772.50289
G1 X197.562 Y128.413 E1772.53036
G1 F6315.8 X197.06 Y128.573 E1772.56482
G1 F7407.4 X196.293 Y128.698 E1772.60816
G1 F3600 E1770.80816
G1 F600 Z4.9
G0 F12000 X196.341 Y114.731 Z4.9
G1 F600 Z3.9
G1 F3000 E1772.60816
G1 F8612.4 X195.956 Y114.712 E1772.62665
G1 F9000 X165.684 Y114.712 E1774.0161
G1 F8674.7 X165.336 Y114.727 E1774.03269
G1 F3600 E1772.23269
G1 F600 Z4.9
G0 F12000 X156.708 Y114.212 Z4.9
G1 F600 Z3.9
G1 F3000 E1774.03269
G1 F6000 X150.308 Y114.212 E1774.47332
G1 F3600 E1772.67332
G1 F600 Z4.9
G0 F12000 X165.195 Y128.684 Z4.9
G1 F600 Z3.9
G1 F3000 E1774.47332
G1 F7258.1 X164.557 Y128.57 E1774.51021
G1 F6338 X164.053 Y128.412 E1774.54463
G1 F6000 X163.372 Y128.004 E1774.59929
G1 X162.76 Y127.446 E1774.65631
G1 X162.489 Y127.108 E1774.68614
G1 X162.122 Y126.497 E1774.73521
G1 F5815.8 X161.899 Y125.976 E1774.77546
G1 F5341.2 X161.658 Y125.145 E1774.84238
G1 F5106.4 X161.658 Y118.572 E1775.37412
G1 F5056.2 X161.687 Y118.147 E1775.40892
G1 F5286.3 X161.842 Y117.544 E1775.45757
G1 F5815.8 X162.213 Y116.741 E1775.5204
G1 F6000 X162.519 Y116.274 E1775.55884
G1 X163.044 Y115.69 E1775.61291
G1 X163.385 Y115.41 E1775.64328
G1 X164.062 Y115.009 E1775.69746
G1 F6569.3 X164.603 Y114.814 E1775.73362
G1 F7775.4 X165.336 Y114.727 E1775.77284
G1 F7627.1 X164.68 Y114.77 E1775.80844
G1 F6451.6 X164.023 Y114.812 E1775.85059
G1 F6000 X160.279 Y114.812 E1776.10836
G1 X160.678 Y115.576 E1776.1677
G1 X160.821 Y116.028 E1776.20034
G1 X160.903 Y116.454 E1776.23021
G1 F5882.4 X160.92 Y117.127 E1776.27749
G1 F5341.2 X160.971 Y118.077 E1776.35107
G1 F5056.2 X160.958 Y118.572 E1776.39152
G1 F5142.9 X160.958 Y124.848 E1776.89563
G1 F5070.4 X160.967 Y125.283 E1776.93108
G1 F5301.9 X160.927 Y126.091 E1776.99411
G1 F5815.8 X160.909 Y126.81 E1777.0452
G1 F6000 X160.908 Y127.716 E1777.10757
G1 X161.027 Y128.137 E1777.13769
G1 X161.183 Y128.337 E1777.15516
G1 X161.382 Y128.494 E1777.17261
G1 X161.813 Y128.612 E1777.20337
G1 X164.003 Y128.612 E1777.35415
G1 F6805.3 X165.195 Y128.684 E1777.42664
G1 F8391.6 X165.672 Y128.712 E1777.45016
G1 F8450.7 X168.136 Y128.712 E1777.57061
G1 F7531.4 X168.82 Y128.764 E1777.60823
G1 F3600 E1775.80823
G1 F600 Z4.9
G0 F12000 X180.811 Y128.212 Z4.9
G1 F600 Z3.9
G1 F3000 E1777.60823
G1 F6000 X165.672 Y128.212 E1778.65053
G1 X165.319 Y128.17 E1778.675
G1 X164.691 Y128.018 E1778.71949
G1 X164.336 Y127.883 E1778.74564
G1 X163.751 Y127.539 E1778.79236
G1 X163.227 Y127.069 E1778.84082
G1 X162.963 Y126.74 E1778.86987
G1 X162.647 Y126.207 E1778.91253
G1 X162.501 Y125.831 E1778.9403
G1 X162.308 Y125.014 E1778.9981
G1 X162.308 Y118.572 E1779.44162
G1 X162.337 Y118.277 E1779.46203
G1 X162.508 Y117.561 E1779.51271
G1 X162.736 Y117.035 E1779.55218
G1 X163.018 Y116.608 E1779.58741
G1 X163.471 Y116.111 E1779.63371
G1 X164.042 Y115.695 E1779.68235
G1 X164.648 Y115.415 E1779.72831
G1 X164.941 Y115.326 E1779.74939
G1 X165.684 Y115.212 E1779.80114
G1 X195.956 Y115.212 E1781.88532
G1 X196.675 Y115.323 E1781.93541
G1 X196.966 Y115.411 E1781.95634
G1 X197.578 Y115.695 E1782.00279
G1 X198.149 Y116.111 E1782.05143
G1 X198.607 Y116.615 E1782.09832
G1 X198.882 Y117.034 E1782.13283
G1 X199.177 Y117.711 E1782.18367
G1 X199.308 Y118.58 E1782.24417
G1 X199.308 Y125.031 E1782.68832
G1 X199.109 Y125.871 E1782.74775
G1 X198.776 Y126.551 E1782.79988
G1 X198.428 Y127.02 E1782.84009
G1 X198.18 Y127.281 E1782.86487
G1 X197.631 Y127.696 E1782.91226
G1 X196.926 Y128.018 E1782.96562
G1 X196.112 Y128.212 E1783.02323
G1 X180.811 Y128.212 E1784.07668
G0 F12000 X180.811 Y127.612
G1 F6000 X165.563 Y127.612 E1785.12648
G1 X164.708 Y127.405 E1785.18705
G1 X164.131 Y127.074 E1785.23285
G1 X163.695 Y126.693 E1785.27271
G1 X163.437 Y126.372 E1785.30106
G1 X163.113 Y125.815 E1785.34543
G1 X162.908 Y124.949 E1785.4067
G1 X162.908 Y118.47 E1785.85277
G1 X163.063 Y117.789 E1785.90085
G1 X163.259 Y117.33 E1785.93522
G1 X163.516 Y116.942 E1785.96726
G1 X163.899 Y116.532 E1786.00589
G1 X164.372 Y116.196 E1786.04583
G1 X164.962 Y115.931 E1786.09036
G1 X165.684 Y115.812 E1786.14074
G1 X195.956 Y115.812 E1788.22492
G1 X196.651 Y115.927 E1788.27342
G1 X197.248 Y116.196 E1788.3185
G1 X197.721 Y116.532 E1788.35845
G1 X198.109 Y116.949 E1788.39766
G1 X198.36 Y117.329 E1788.42902
G1 X198.595 Y117.878 E1788.47013
G1 X198.708 Y118.58 E1788.51909
G1 X198.708 Y124.955 E1788.958
G1 X198.608 Y125.464 E1788.99371
G1 X198.368 Y126.094 E1789.04013
G1 X197.876 Y126.757 E1789.09697
G1 X197.349 Y127.166 E1789.1429
G1 X196.784 Y127.435 E1789.18598
G1 X196.046 Y127.612 E1789.23823
G1 X180.811 Y127.612 E1790.28714
G1 F3600 E1788.48714
G1 F600 Z4.9
G0 F12000 X180.811 Y136.204 Z4.9
G1 F600 Z3.9
G1 F3000 E1790.28714
G1 F6000 X188.708 Y136.204 E1790.83083
G1 X188.708 Y133.379 E1791.02533
G1 X188.862 Y132.421 E1791.09213
G1 X189.173 Y131.593 E1791.15303
G1 X189.554 Y130.907 E1791.20706
G1 X189.89 Y130.454 E1791.24589
G1 X190.53 Y129.788 E1791.30948
G1 X191.423 Y129.192 E1791.3834
G1 X192.082 Y128.915 E1791.43261
G1 F6315.8 X192.52 Y128.816 E1791.46198
G1 F7392.2 X193.284 Y128.729 E1791.50495
G1 F7563 X192.673 Y128.771 E1791.5384
G1 F6451.6 X192.061 Y128.812 E1791.57768
G1 F6020.1 X169.966 Y128.811 E1793.09381
G1 F6545.5 X168.82 Y128.764 E1793.1662
G1 F6963.2 X169.145 Y128.827 E1793.18584
G1 F6394.3 X169.905 Y129.066 E1793.23731
G1 F6020.1 X170.673 Y129.499 E1793.29781
G1 F6000 X171.228 Y129.935 E1793.3464
G1 X171.537 Y130.232 E1793.37591
G1 X172.021 Y130.841 E1793.42946
G1 X172.425 Y131.545 E1793.48535
G1 X172.692 Y132.245 E1793.53693
G1 X172.85 Y132.941 E1793.58607
G1 X172.908 Y133.612 E1793.63244
G1 X172.908 Y136.204 E1793.81089
G1 X180.811 Y136.204 E1794.355
G0 F12000 X180.811 Y136.804
G1 F6000 X189.308 Y136.804 E1794.94001
G1 X189.308 Y133.424 E1795.17271
G1 X189.446 Y132.574 E1795.232
G1 X189.708 Y131.863 E1795.28417
G1 X190.036 Y131.265 E1795.33113
G1 X190.372 Y130.812 E1795.36996
G1 X190.918 Y130.249 E1795.42395
G1 X191.715 Y129.72 E1795.48981
G1 X192.459 Y129.407 E1795.54539
G1 X193.491 Y129.216 E1795.61764
G1 X199.853 Y129.212 E1796.05566
G1 X200.39 Y129.088 E1796.0936
G1 X200.759 Y128.863 E1796.12336
G1 X201.027 Y128.572 E1796.1506
G1 X201.237 Y128.159 E1796.18249
G1 X201.308 Y127.652 E1796.21774
G1 X201.312 Y116.499 E1796.98561
G1 X201.52 Y115.737 E1797.03999
G1 X201.755 Y115.297 E1797.07433
G1 X202.178 Y114.823 E1797.11807
G1 X202.382 Y114.664 E1797.13588
G1 F6741.6 X202.874 Y114.478 E1797.16811
G1 F9399.5 X203.654 Y114.364 E1797.20275
G1 F9625.7 X204.251 Y114.288 E1797.22858
G1 F6857.1 X204.848 Y114.212 E1797.26484
G1 F6593.4 X204.207 Y114.133 E1797.3053
G1 F8238 X203.567 Y114.055 E1797.33763
G1 F8470.6 X202.823 Y114.146 E1797.37418
G1 F6741.6 X202.226 Y114.212 E1797.41099
G1 F6020.1 X187.97 Y114.212 E1798.38922
G1 F6050.4 X173.714 Y114.212 E1799.36254
G1 F6081.1 X159.458 Y114.212 E1800.33096
G1 F7200 X158.653 Y114.117 E1800.37747
G1 F10140.8 X157.908 Y114.066 E1800.40789
G1 F9625.7 X157.308 Y114.139 E1800.43383
G1 F6857.1 X156.707 Y114.212 E1800.4703
G1 X157.303 Y114.288 E1800.50649
G1 F9625.7 X157.898 Y114.365 E1800.53224
G1 F10140.8 X158.59 Y114.443 E1800.56061
G1 F7258.1 X159.217 Y114.662 E1800.59841
G1 F6101.7 X159.431 Y114.815 E1800.61622
G1 F6000 X159.865 Y115.297 E1800.66087
G1 X160.106 Y115.758 E1800.69669
G1 X160.304 Y116.504 E1800.74983
G1 X160.308 Y127.762 E1801.52492
G1 X160.353 Y128.052 E1801.54513
G1 X160.52 Y128.464 E1801.57574
G1 X160.756 Y128.764 E1801.60201
G1 X161.056 Y129 E1801.62829
G1 X161.463 Y129.163 E1801.65848
G1 X161.766 Y129.212 E1801.67961
G1 X168.106 Y129.212 E1802.11611
G1 X168.87 Y129.33 E1802.16933
G1 X169.634 Y129.599 E1802.2251
G1 X170.302 Y129.971 E1802.27774
G1 X170.858 Y130.407 E1802.32639
G1 X171.383 Y130.98 E1802.37989
G1 X171.759 Y131.557 E1802.42731
G1 X172.043 Y132.19 E1802.47507
G1 X172.245 Y132.915 E1802.52689
G1 X172.308 Y133.612 E1802.57507
G1 X172.308 Y136.804 E1802.79484
G1 X180.811 Y136.804 E1803.38026
G1 F3600 E1801.58026
G1 F600 Z4.9
G0 F12000 X204.847 Y114.212 Z4.9
G1 F600 Z3.9
G1 F3000 E1803.38026
G1 F6000 X211.308 Y114.212 E1803.82509
G1 F3600 E1802.02509
G1 F600 Z4.9
G0 F12000 X180.811 Y137.404 Z4.9
G1 F600 Z3.9
G1 F3000 E1803.82509
G1 F6000 X189.908 Y137.404 E1804.4514
G1 X189.908 Y133.471 E1804.72218
G1 X190.028 Y132.729 E1804.77393
G1 X190.244 Y132.134 E1804.81751
G1 X190.517 Y131.623 E1804.8574
G1 X190.853 Y131.17 E1804.89623
G1 X191.306 Y130.712 E1804.94058
G1 X191.991 Y130.255 E1804.99728
G1 X192.636 Y129.985 E1805.04542
G1 X193.546 Y129.816 E1805.10914
G1 X199.9 Y129.812 E1805.5466
G1 X200.294 Y129.749 E1805.57407
G1 X200.619 Y129.645 E1805.59757
G1 X201.159 Y129.315 E1805.64114
G1 X201.509 Y128.935 E1805.67671
G1 X201.809 Y128.346 E1805.72222
G1 X201.908 Y127.674 E1805.76898
G1 X201.91 Y116.547 E1806.53506
G1 X202.09 Y115.927 E1806.57951
G1 X202.23 Y115.663 E1806.60008
G1 X202.548 Y115.295 E1806.63357
G1 X203.035 Y114.986 E1806.67328
G1 X203.608 Y114.813 E1806.71448
G1 X211.908 Y114.812 E1807.28593
G1 X211.908 Y113.612 E1807.36855
G1 X149.708 Y113.612 E1811.65092
G1 X149.708 Y114.812 E1811.73354
G1 X157.869 Y114.813 E1812.29541
G1 X158.192 Y114.856 E1812.31785
G1 X158.643 Y115.008 E1812.35061
G1 X158.857 Y115.13 E1812.36757
G1 X159.23 Y115.455 E1812.40163
G1 X159.534 Y115.939 E1812.44098
G1 X159.706 Y116.553 E1812.48488
G1 X159.708 Y127.807 E1813.2597
G1 X159.767 Y128.191 E1813.28645
G1 X160.013 Y128.79 E1813.33104
G1 X160.329 Y129.191 E1813.36619
G1 X160.73 Y129.507 E1813.40134
G1 X160.998 Y129.645 E1813.42209
G1 X161.325 Y129.749 E1813.44571
G1 X161.719 Y129.812 E1813.47319
G1 X168.06 Y129.812 E1813.90975
G1 X168.721 Y129.914 E1813.9558
G1 X169.361 Y130.133 E1814.00237
G1 X169.932 Y130.443 E1814.04711
G1 X170.564 Y130.939 E1814.10242
G1 X171.001 Y131.473 E1814.14992
G1 X171.316 Y132.004 E1814.19243
G1 X171.529 Y132.541 E1814.23221
G1 X171.66 Y133.095 E1814.2714
G1 X171.704 Y133.519 E1814.30075
G1 X171.708 Y137.404 E1814.56822
G1 X180.811 Y137.404 E1815.19495
G0 F12000 X180.811 Y138.004
;TYPE:WALL-OUTER
G1 F6000 X190.508 Y138.004 E1815.86258
G1 X190.511 Y133.499 E1816.17274
G1 X190.607 Y132.907 E1816.21403
G1 X190.78 Y132.404 E1816.25065
G1 X190.972 Y132.024 E1816.27996
G1 X191.335 Y131.528 E1816.32228
G1 X191.713 Y131.162 E1816.35851
G1 X192.303 Y130.775 E1816.40708
G1 X192.779 Y130.575 E1816.44263
G1 X193.58 Y130.42 E1816.4988
G1 X199.948 Y130.412 E1816.93723
G1 X200.434 Y130.335 E1816.97111
G1 X200.849 Y130.201 E1817.00113
G1 X201.215 Y130.015 E1817.0294
G1 X201.559 Y129.766 E1817.05864
G1 X201.991 Y129.298 E1817.10249
G1 X202.212 Y128.934 E1817.1318
G1 X202.381 Y128.534 E1817.1617
G1 X202.474 Y128.141 E1817.1895
G1 X202.508 Y127.696 E1817.22023
G1 X202.508 Y116.595 E1817.98452
G1 X202.659 Y116.117 E1818.01903
G1 X202.918 Y115.767 E1818.04901
G1 X203.217 Y115.558 E1818.07412
G1 X203.672 Y115.416 E1818.10694
G1 X212.508 Y115.412 E1818.71529
G1 X212.508 Y113.012 E1818.88052
G1 X149.108 Y113.012 E1823.24552
G1 X149.108 Y115.412 E1823.41075
G1 X157.829 Y115.412 E1824.01118
G1 X158.11 Y115.45 E1824.0307
G1 X158.42 Y115.565 E1824.05347
G1 X158.754 Y115.821 E1824.08244
G1 X158.962 Y116.121 E1824.10757
G1 X159.108 Y116.603 E1824.14225
G1 X159.108 Y127.853 E1824.91679
G1 X159.181 Y128.33 E1824.95002
G1 X159.318 Y128.752 E1824.98056
G1 X159.506 Y129.116 E1825.00877
G1 X159.902 Y129.618 E1825.05279
G1 X160.404 Y130.014 E1825.09681
G1 X160.768 Y130.201 E1825.12498
G1 X161.186 Y130.335 E1825.15521
G1 X161.672 Y130.412 E1825.18908
G1 X168.034 Y130.415 E1825.6271
G1 X168.601 Y130.506 E1825.66663
G1 X169.089 Y130.668 E1825.70204
G1 X169.562 Y130.915 E1825.73877
G1 X170.118 Y131.351 E1825.78742
G1 X170.466 Y131.754 E1825.82408
G1 X170.762 Y132.233 E1825.86285
G1 X170.947 Y132.689 E1825.89673
G1 X171.063 Y133.157 E1825.92992
G1 X171.107 Y133.581 E1825.95927
G1 X171.108 Y138.004 E1826.26379
G1 X180.811 Y138.004 E1826.93182
G0 F12000 X181.011 Y138.004
G1 F3600 E1825.13182
G1 F600 Z4.9
G0 F12000 X180.808 Y127.01 Z4.9
G1 F600 Z3.9
G1 F3000 E1826.93182
G1 F6000 X165.634 Y127.012 E1827.97653
G1 X164.934 Y126.843 E1828.02611
G1 X164.51 Y126.609 E1828.05945
G1 X164.162 Y126.317 E1828.09073
G1 X163.885 Y125.966 E1828.12151
G1 X163.668 Y125.551 E1828.15376
G1 X163.512 Y124.9 E1828.19984
G1 X163.513 Y118.513 E1828.63958
G1 X163.601 Y118.073 E1828.67047
G1 X163.771 Y117.646 E1828.70212
G1 X164.014 Y117.276 E1828.73259
G1 X164.326 Y116.953 E1828.76351
G1 X164.702 Y116.697 E1828.79483
G1 X165.167 Y116.505 E1828.82946
G1 X165.632 Y116.416 E1828.86206
G1 X196.014 Y116.417 E1830.95381
G1 X196.446 Y116.501 E1830.98411
G1 X196.918 Y116.697 E1831.0193
G1 X197.294 Y116.953 E1831.05062
G1 X197.611 Y117.283 E1831.08212
G1 X197.826 Y117.604 E1831.10872
G1 X198.002 Y118.017 E1831.13963
G1 X198.108 Y118.58 E1831.17907
G1 X198.103 Y124.918 E1831.61544
G1 X198.019 Y125.35 E1831.64574
G1 X197.836 Y125.804 E1831.67944
G1 X197.443 Y126.334 E1831.72486
G1 X197.116 Y126.604 E1831.75406
G1 X196.682 Y126.843 E1831.78817
G1 X195.996 Y127.008 E1831.83675
G1 X180.808 Y127.01 E1832.88242
G0 F12000 X180.608 Y127.01
G1 F3600 E1831.08242
G1 F600 Z4.9
G0 F12000 X180.811 Y135.632 Z4.9
;TYPE:SKIN
G1 F600 Z3.9
G1 F3000 E1832.88242
G1 F6000 X173.476 Y135.632 E1833.38742
G1 X173.473 Y133.564 E1833.5298
G1 X188.136 Y133.564 E1834.53933
G1 X188.136 Y135.632 E1834.6817
G1 X180.811 Y135.632 E1835.18602
G1 F3600 E1833.38602
G1 F600 Z4.9
G0 F12000 X174.364 Y135.332 Z4.9
G1 F600 Z3.9
G1 F3000 E1835.18602
G1 F6000 X173.776 Y134.743 E1835.24332
G0 F12000 X173.776 Y133.895
G1 F6000 X175.213 Y135.332 E1835.38324
G0 F12000 X176.061 Y135.332
G1 F6000 X174.593 Y133.864 E1835.52617
G0 F12000 X175.442 Y133.864
G1 F6000 X176.91 Y135.332 E1835.6691
G0 F12000 X177.758 Y135.332
G1 F6000 X176.29 Y133.864 E1835.81204
G0 F12000 X177.139 Y133.864
G1 F6000 X178.607 Y135.332 E1835.95497
G0 F12000 X179.455 Y135.332
G1 F6000 X177.987 Y133.864 E1836.09791
G0 F12000 X178.836 Y133.864
G1 F6000 X180.304 Y135.332 E1836.24084
G0 F12000 X181.152 Y135.332
G1 F6000 X179.684 Y133.864 E1836.38377
G0 F12000 X180.533 Y133.864
G1 F6000 X182.001 Y135.332 E1836.52671
G0 F12000 X182.849 Y135.332
G1 F6000 X181.381 Y133.864 E1836.66964
G0 F12000 X182.23 Y133.864
G1 F6000 X183.698 Y135.332 E1836.81257
G0 F12000 X184.546 Y135.332
G1 F6000 X183.078 Y133.864 E1836.95551
G0 F12000 X183.927 Y133.864
G1 F6000 X185.395 Y135.332 E1837.09844
G0 F12000 X186.243 Y135.332
G1 F6000 X184.775 Y133.864 E1837.24138
G0 F12000 X185.624 Y133.864
G1 F6000 X187.092 Y135.332 E1837.38431
G0 F12000 X187.836 Y135.227
G1 F6000 X186.473 Y133.864 E1837.51702
G0 F12000 X187.321 Y133.864
G1 F6000 X187.836 Y134.379 E1837.56716
G1 F3600 E1835.76716
G1 F600 Z4.9
;MESH:NONMESH
G0 F12000 X153.111 Y111.513 Z4.9
;TIME_ELAPSED:667.829581
;LAYER:13
G0 X153.111 Y111.513 Z5.2
G0 X153.402 Y111.813
;TYPE:SUPPORT
G1 F600 Z4.2
G1 F3000 E1837.56716
G1 F6000 X153.402 Y111.713 E1837.57405
G1 X153.129 Y111.713 E1837.59285
G1 X153.111 Y111.513 E1837.60667
G1 X155.511 Y111.513 E1837.77191
G1 X155.51 Y111.713 E1837.78568
G1 X155.22 Y111.713 E1837.80564
G1 X155.22 Y111.813 E1837.81253
G1 X153.402 Y111.813 E1837.93769
G1 F3600 E1836.13769
G1 F600 Z5.2
G0 F12000 X155.219 Y116.613 Z5.2
G0 X155.519 Y116.796
G1 F600 Z4.2
G1 F3000 E1837.93769
G1 F6000 X155.509 Y116.913 E1837.94578
G1 X153.112 Y116.913 E1838.11081
G1 X153.102 Y116.764 E1838.12109
G1 X153.149 Y116.713 E1838.12587
G1 X153.402 Y116.713 E1838.14328
G1 X153.402 Y116.613 E1838.15017
G1 X155.219 Y116.613 E1838.27527
G1 X155.219 Y116.713 E1838.28215
G1 X155.478 Y116.713 E1838.29998
G1 X155.519 Y116.796 E1838.30636
G1 F3600 E1836.50636
G1 F600 Z5.2
G0 F12000 X208 Y116.913 Z5.2
G0 X208.51 Y116.913
G1 F600 Z4.2
G1 F3000 E1838.30636
G1 F6000 X208 Y116.913 E1838.34147
G1 X206.126 Y116.913 E1838.47049
G1 X206.098 Y116.713 E1838.4844
G1 X206.261 Y116.713 E1838.49562
G1 X206.307 Y116.614 E1838.50313
G1 X208 Y116.614 E1838.61969
G1 X208.22 Y116.614 E1838.63484
G1 X208.22 Y116.713 E1838.64166
G1 X208.493 Y116.713 E1838.66045
G1 X208.51 Y116.913 E1838.67427
G0 F12000 X208 Y116.913
G1 F6000 X208 Y116.614 E1838.69486
G1 F3600 E1836.89486
G1 F600 Z5.2
G0 F12000 X208 Y111.813 Z5.2
G1 F600 Z4.2
G1 F3000 E1838.69486
G1 F6000 X206.302 Y111.813 E1838.81176
G1 X206.252 Y111.713 E1838.81946
G1 X206.095 Y111.713 E1838.83027
G1 X206.124 Y111.513 E1838.84418
G1 X208 Y111.513 E1838.97334
G1 X208 Y111.813 E1838.994
G1 F3600 E1837.194
G1 F600 Z5.2
;MESH:LC-GR3005??????RFID?????????-WB.stl
G0 F12000 X205.42 Y114.212 Z5.2
;TYPE:WALL-INNER
G1 F600 Z4.2
G1 F3000 E1838.994
G1 F6000 X204.847 Y114.212 E1839.03345
G1 F3600 E1837.23345
G1 F600 Z5.2
G0 F12000 X196.341 Y114.731 Z5.2
G1 F600 Z4.2
G1 F3000 E1839.03345
G1 F8612.4 X195.956 Y114.712 E1839.05194
G1 F9000 X165.684 Y114.712 E1840.44139
G1 F8674.7 X165.336 Y114.727 E1840.45798
G1 F3600 E1838.65798
G1 F600 Z5.2
G0 F12000 X156.708 Y114.212 Z5.2
G1 F600 Z4.2
G1 F3000 E1840.45798
G1 F6000 X156.2 Y114.212 E1840.49295
G1 F3600 E1838.69295
G1 F600 Z5.2
G0 F12000 X165.195 Y128.684 Z5.2
G1 F600 Z4.2
G1 F3000 E1840.49295
G1 F7258.1 X164.557 Y128.57 E1840.52984
G1 F6338 X164.053 Y128.412 E1840.56426
G1 F6000 X163.372 Y128.004 E1840.61892
G1 X162.76 Y127.446 E1840.67594
G1 X162.489 Y127.108 E1840.70577
G1 X162.122 Y126.497 E1840.75484
G1 F5815.8 X161.899 Y125.976 E1840.79509
G1 F5341.2 X161.658 Y125.145 E1840.86201
G1 F5106.4 X161.658 Y118.572 E1841.39375
G1 F5056.2 X161.687 Y118.147 E1841.42855
G1 F5286.3 X161.842 Y117.544 E1841.4772
G1 F5815.8 X162.213 Y116.741 E1841.54003
G1 F6000 X162.519 Y116.274 E1841.57847
G1 X163.044 Y115.69 E1841.63254
G1 X163.385 Y115.41 E1841.66291
G1 X164.062 Y115.009 E1841.71709
G1 F6569.3 X164.603 Y114.814 E1841.75325
G1 F7775.4 X165.336 Y114.727 E1841.79246
G1 F7627.1 X164.68 Y114.77 E1841.82807
G1 F6451.6 X164.023 Y114.812 E1841.87022
G1 F6000 X160.279 Y114.812 E1842.12799
G1 X160.678 Y115.576 E1842.18733
G1 X160.821 Y116.028 E1842.21997
G1 X160.903 Y116.454 E1842.24984
G1 F5882.4 X160.92 Y117.127 E1842.29712
G1 F5341.2 X160.971 Y118.077 E1842.3707
G1 F5056.2 X160.958 Y118.572 E1842.41115
G1 F5142.9 X160.958 Y124.848 E1842.91526
G1 F5070.4 X160.967 Y125.283 E1842.95071
G1 F5301.9 X160.927 Y126.091 E1843.01374
G1 F5815.8 X160.909 Y126.81 E1843.06483
G1 F6000 X160.908 Y127.716 E1843.1272
G1 X161.027 Y128.137 E1843.15732
G1 X161.183 Y128.337 E1843.17479
G1 X161.382 Y128.494 E1843.19224
G1 X161.813 Y128.612 E1843.223
G1 X164.003 Y128.612 E1843.37378
G1 F6805.3 X165.195 Y128.684 E1843.44627
G1 F8391.6 X165.672 Y128.712 E1843.46979
G1 F9000 X167.992 Y128.712 E1843.57628
G1 F8612.4 X168.374 Y128.73 E1843.59462
G1 F3600 E1841.79462
G1 F600 Z5.2
G0 F12000 X180.811 Y128.212 Z5.2
G1 F600 Z4.2
G1 F3000 E1843.59462
G1 F6000 X165.672 Y128.212 E1844.63692
G1 X165.319 Y128.17 E1844.66139
G1 X164.691 Y128.018 E1844.70588
G1 X164.336 Y127.883 E1844.73203
G1 X163.751 Y127.539 E1844.77875
G1 X163.227 Y127.069 E1844.82721
G1 X162.963 Y126.74 E1844.85625
G1 X162.647 Y126.207 E1844.89891
G1 X162.501 Y125.831 E1844.92668
G1 X162.308 Y125.014 E1844.98448
G1 X162.308 Y118.572 E1845.428
G1 X162.337 Y118.277 E1845.44841
G1 X162.508 Y117.561 E1845.49909
G1 X162.736 Y117.035 E1845.53856
G1 X163.018 Y116.608 E1845.57379
G1 X163.471 Y116.111 E1845.62009
G1 X164.042 Y115.695 E1845.66873
G1 X164.648 Y115.415 E1845.71469
G1 X164.941 Y115.326 E1845.73578
G1 X165.684 Y115.212 E1845.78753
G1 X195.956 Y115.212 E1847.87171
G1 X196.675 Y115.323 E1847.9218
G1 X196.966 Y115.411 E1847.94273
G1 X197.578 Y115.695 E1847.98918
G1 X198.149 Y116.111 E1848.03782
G1 X198.607 Y116.615 E1848.08471
G1 X198.882 Y117.034 E1848.11921
G1 X199.177 Y117.711 E1848.17006
G1 X199.308 Y118.58 E1848.23056
G1 X199.308 Y125.031 E1848.6747
G1 X199.109 Y125.871 E1848.73414
G1 X198.776 Y126.551 E1848.78627
G1 X198.428 Y127.02 E1848.82647
G1 X198.18 Y127.281 E1848.85126
G1 X197.631 Y127.696 E1848.89864
G1 X196.925 Y128.018 E1848.95207
G1 X196.112 Y128.212 E1849.00961
G1 X180.811 Y128.212 E1850.06306
G0 F12000 X180.811 Y127.612
G1 F6000 X165.563 Y127.612 E1851.11286
G1 X164.708 Y127.405 E1851.17343
G1 X164.131 Y127.074 E1851.21923
G1 X163.695 Y126.693 E1851.25909
G1 X163.437 Y126.372 E1851.28745
G1 X163.113 Y125.815 E1851.33181
G1 X162.908 Y124.949 E1851.39308
G1 X162.908 Y118.47 E1851.83915
G1 X163.063 Y117.789 E1851.88724
G1 X163.259 Y117.33 E1851.9216
G1 X163.516 Y116.942 E1851.95364
G1 X163.899 Y116.532 E1851.99227
G1 X164.372 Y116.196 E1852.03221
G1 X164.962 Y115.931 E1852.07674
G1 X165.684 Y115.812 E1852.12712
G1 X195.956 Y115.812 E1854.2113
G1 X196.651 Y115.927 E1854.2598
G1 X197.248 Y116.196 E1854.30489
G1 X197.721 Y116.532 E1854.34483
G1 X198.109 Y116.949 E1854.38405
G1 X198.36 Y117.329 E1854.4154
G1 X198.595 Y117.878 E1854.45652
G1 X198.708 Y118.58 E1854.50547
G1 X198.708 Y124.955 E1854.94438
G1 X198.608 Y125.464 E1854.98009
G1 X198.368 Y126.094 E1855.02651
G1 X197.876 Y126.758 E1855.08341
G1 X197.348 Y127.166 E1855.12935
G1 X196.784 Y127.435 E1855.17237
G1 X196.046 Y127.612 E1855.22462
G1 X180.811 Y127.612 E1856.27353
G1 F3600 E1854.47353
G1 F600 Z5.2
G0 F12000 X180.811 Y135.644 Z5.2
G1 F600 Z4.2
G1 F3000 E1856.27353
G1 F6000 X188.708 Y135.644 E1856.81722
G1 X188.708 Y133.403 E1856.97151
G1 X188.798 Y132.724 E1857.01867
G1 X189.032 Y131.941 E1857.07493
G1 X189.369 Y131.205 E1857.13066
G1 X189.596 Y130.853 E1857.1595
G1 X190.075 Y130.249 E1857.21258
G1 X190.432 Y129.896 E1857.24714
G1 X191.1 Y129.38 E1857.30525
G1 F6101.7 X191.898 Y128.979 E1857.36572
G1 F6593.4 X192.75 Y128.768 E1857.42071
G1 F6521.7 X191.677 Y128.807 E1857.48872
G1 F6040.3 X169.595 Y128.812 E1858.9989
G1 F6440.1 X168.984 Y128.771 E1859.03818
G1 F7547.2 X168.374 Y128.73 E1859.07164
G1 F7377 X169.132 Y128.823 E1859.1144
G1 F6315.8 X169.572 Y128.927 E1859.14397
G1 F6000 X170.208 Y129.202 E1859.19168
G1 X170.926 Y129.678 E1859.25099
G1 X171.282 Y129.978 E1859.28304
G1 X171.896 Y130.641 E1859.34526
G1 X172.271 Y131.247 E1859.39432
G1 X172.656 Y132.081 E1859.45756
G1 X172.832 Y132.824 E1859.51013
G1 X172.908 Y133.5 E1859.55697
G1 X172.908 Y135.644 E1859.70458
G1 X180.811 Y135.644 E1860.24869
G1 F3600 E1858.44869
G1 F600 Z5.2
G0 F12000 X192.75 Y128.768 Z5.2
G1 F600 Z4.2
G1 F3000 E1860.24869
G1 F7438 X193.431 Y128.712 E1860.28664
G1 F8411.2 X195.944 Y128.712 E1860.41006
G1 F8674.7 X196.292 Y128.697 E1860.42664
G1 F7422.7 X197.067 Y128.641 E1860.46989
G1 F6315.8 X197.611 Y128.612 E1860.50552
G1 F6000 X199.806 Y128.612 E1860.65664
G1 X200.16 Y128.532 E1860.68163
G1 X200.359 Y128.412 E1860.69763
G1 X200.545 Y128.209 E1860.71658
G1 X200.665 Y127.972 E1860.73487
G1 X200.708 Y127.629 E1860.75867
G1 F5921.1 X200.7 Y126.311 E1860.85063
G1 F5389.2 X200.649 Y125.295 E1860.9286
G1 F5077.6 X200.658 Y124.86 E1860.964
G1 F5142.9 X200.658 Y118.58 E1861.46843
G1 F5063.3 X200.647 Y118.115 E1861.50638
G1 F5365.1 X200.698 Y117.128 E1861.58247
G1 F5901.6 X200.714 Y116.45 E1861.62994
G1 F6000 X200.794 Y116.023 E1861.65985
G1 X200.951 Y115.547 E1861.69436
G1 X201.342 Y114.812 E1861.75168
G1 X197.601 Y114.812 E1862.00924
G1 F6440.1 X196.971 Y114.771 E1862.04974
G1 F7547.2 X196.34 Y114.731 E1862.08434
G1 F7258.1 X197.188 Y114.879 E1862.13334
G1 F6228.4 X197.562 Y115.01 E1862.15962
G1 F6000 X198.235 Y115.41 E1862.21352
G1 X198.576 Y115.69 E1862.2439
G1 X199.106 Y116.281 E1862.29855
G1 X199.404 Y116.739 E1862.33617
G1 F5825.2 X199.782 Y117.559 E1862.4002
G1 F5325.4 X199.958 Y118.289 E1862.45845
G1 F5056.2 X199.958 Y125.15 E1863.019
G1 F5225 X199.819 Y125.7 E1863.06385
G1 F5678.2 X199.511 Y126.465 E1863.12384
G1 F6000 X199.258 Y126.909 E1863.15903
G1 X198.909 Y127.378 E1863.19928
G1 X198.563 Y127.743 E1863.2339
G1 X198.263 Y127.991 E1863.2607
G1 X197.562 Y128.413 E1863.31703
G1 F6315.8 X197.059 Y128.572 E1863.35154
G1 F7422.7 X196.292 Y128.697 E1863.39479
G1 F3600 E1861.59479
G1 F600 Z5.2
G0 F12000 X180.811 Y136.244 Z5.2
G1 F600 Z4.2
G1 F3000 E1863.39479
G1 F6000 X189.308 Y136.244 E1863.97979
G1 X189.308 Y133.442 E1864.1727
G1 X189.387 Y132.849 E1864.21389
G1 X189.606 Y132.113 E1864.26676
G1 X189.961 Y131.357 E1864.32426
G1 X190.545 Y130.622 E1864.3889
G1 X190.8 Y130.37 E1864.41358
G1 X191.411 Y129.897 E1864.46678
G1 X192.142 Y129.519 E1864.52344
G1 X192.841 Y129.316 E1864.57355
G1 X193.465 Y129.212 E1864.6171
G1 X199.854 Y129.212 E1865.05698
G1 X200.39 Y129.088 E1865.09485
G1 X200.759 Y128.863 E1865.12461
G1 X201.027 Y128.572 E1865.15185
G1 X201.237 Y128.159 E1865.18375
G1 X201.308 Y127.652 E1865.21899
G1 X201.312 Y116.499 E1865.98686
G1 X201.52 Y115.737 E1866.04124
G1 X201.755 Y115.297 E1866.07558
G1 X202.178 Y114.823 E1866.11932
G1 X202.382 Y114.664 E1866.13713
G1 F6741.6 X202.874 Y114.478 E1866.16936
G1 F9399.5 X203.654 Y114.364 E1866.204
G1 F9625.7 X204.251 Y114.288 E1866.22983
G1 F6857.1 X204.848 Y114.212 E1866.26609
G1 F6593.4 X204.207 Y114.133 E1866.30655
G1 F8238 X203.567 Y114.055 E1866.33888
G1 F8470.6 X202.823 Y114.146 E1866.37543
G1 F6741.6 X202.226 Y114.212 E1866.41224
G1 F6020.1 X187.97 Y114.212 E1867.39047
G1 F6050.4 X173.714 Y114.212 E1868.3638
G1 F6081.1 X159.458 Y114.212 E1869.33221
G1 F7200 X158.653 Y114.117 E1869.37872
G1 F10140.8 X157.908 Y114.066 E1869.40914
G1 F9625.7 X157.308 Y114.139 E1869.43508
G1 F6857.1 X156.707 Y114.212 E1869.47155
G1 X157.303 Y114.288 E1869.50774
G1 F9625.7 X157.898 Y114.365 E1869.53349
G1 F10140.8 X158.59 Y114.443 E1869.56186
G1 F7258.1 X159.217 Y114.662 E1869.59966
G1 F6101.7 X159.431 Y114.815 E1869.61747
G1 F6000 X159.865 Y115.297 E1869.66212
G1 X160.106 Y115.758 E1869.69794
G1 X160.304 Y116.504 E1869.75108
G1 X160.308 Y127.762 E1870.52617
G1 X160.353 Y128.052 E1870.54638
G1 X160.52 Y128.464 E1870.57699
G1 X160.756 Y128.764 E1870.60327
G1 X161.056 Y129 E1870.62955
G1 X161.463 Y129.163 E1870.65973
G1 X161.766 Y129.212 E1870.68086
G1 X168.142 Y129.212 E1871.11984
G1 X169.186 Y129.414 E1871.19305
G1 X169.906 Y129.724 E1871.24702
G1 X170.363 Y130.009 E1871.2841
G1 X170.992 Y130.515 E1871.33968
G1 X171.488 Y131.123 E1871.3937
G1 X171.822 Y131.664 E1871.43748
G1 X172.09 Y132.295 E1871.48468
G1 X172.241 Y132.929 E1871.52955
G1 X172.308 Y133.534 E1871.57146
G1 X172.308 Y136.244 E1871.75803
G1 X180.811 Y136.244 E1872.34345
G0 F12000 X180.811 Y136.844
G1 F6000 X189.908 Y136.844 E1872.96977
G1 X189.908 Y133.481 E1873.20131
G1 X189.969 Y133.017 E1873.23353
G1 X190.181 Y132.285 E1873.28599
G1 X190.472 Y131.68 E1873.33222
G1 X191.082 Y130.911 E1873.39979
G1 X191.737 Y130.404 E1873.45682
G1 X192.353 Y130.085 E1873.50458
G1 X192.87 Y129.92 E1873.54194
G1 X193.516 Y129.812 E1873.58704
G1 X199.901 Y129.812 E1874.02664
G1 X200.294 Y129.749 E1874.05404
G1 X200.619 Y129.645 E1874.07753
G1 X201.159 Y129.315 E1874.1211
G1 X201.509 Y128.935 E1874.15667
G1 X201.809 Y128.346 E1874.20218
G1 X201.908 Y127.674 E1874.24895
G1 X201.91 Y116.547 E1875.01502
G1 X202.09 Y115.927 E1875.05947
G1 X202.23 Y115.663 E1875.08005
G1 X202.548 Y115.295 E1875.11353
G1 X203.035 Y114.986 E1875.15324
G1 X203.608 Y114.813 E1875.19445
G1 X206.02 Y114.812 E1875.36051
G1 X206.02 Y113.612 E1875.44313
G1 X155.6 Y113.612 E1878.91447
G1 X155.6 Y114.812 E1878.99709
G1 X157.869 Y114.813 E1879.15331
G1 X158.192 Y114.856 E1879.17574
G1 X158.643 Y115.008 E1879.20851
G1 X158.857 Y115.13 E1879.22547
G1 X159.23 Y115.455 E1879.25953
G1 X159.534 Y115.939 E1879.29888
G1 X159.706 Y116.553 E1879.34278
G1 X159.708 Y127.807 E1880.1176
G1 X159.767 Y128.191 E1880.14435
G1 X160.013 Y128.79 E1880.18893
G1 X160.329 Y129.191 E1880.22408
G1 X160.73 Y129.507 E1880.25923
G1 X160.998 Y129.645 E1880.27998
G1 X161.325 Y129.749 E1880.30361
G1 X161.719 Y129.812 E1880.33108
G1 X168.08 Y129.812 E1880.76902
G1 X169.008 Y129.991 E1880.83409
G1 X169.631 Y130.259 E1880.88079
G1 X170.153 Y130.595 E1880.92353
G1 X170.609 Y130.994 E1880.96524
G1 X170.978 Y131.438 E1881.00499
G1 X171.25 Y131.878 E1881.04061
G1 X171.489 Y132.417 E1881.0812
G1 X171.651 Y133.034 E1881.12512
G1 X171.704 Y133.532 E1881.1596
G1 X171.708 Y136.844 E1881.38763
G1 X180.811 Y136.844 E1882.01435
G0 F12000 X180.811 Y137.444
;TYPE:WALL-OUTER
G1 F6000 X190.508 Y137.444 E1882.68198
G1 X190.51 Y133.505 E1882.95317
G1 X190.56 Y133.12 E1882.9799
G1 X190.776 Y132.407 E1883.03119
G1 X190.972 Y132.023 E1883.06087
G1 X191.509 Y131.339 E1883.12075
G1 X192.082 Y130.901 E1883.1704
G1 X192.608 Y130.634 E1883.21101
G1 X193.038 Y130.5 E1883.24202
G1 X193.592 Y130.412 E1883.28064
G1 X199.948 Y130.412 E1883.71824
G1 X200.434 Y130.335 E1883.75212
G1 X200.849 Y130.201 E1883.78215
G1 X201.215 Y130.015 E1883.81041
G1 X201.559 Y129.766 E1883.83965
G1 X201.991 Y129.298 E1883.8835
G1 X202.212 Y128.934 E1883.91282
G1 X202.381 Y128.534 E1883.94271
G1 X202.474 Y128.141 E1883.97052
G1 X202.508 Y127.696 E1884.00125
G1 X202.508 Y116.595 E1884.76553
G1 X202.659 Y116.117 E1884.80005
G1 X202.918 Y115.767 E1884.83002
G1 X203.217 Y115.558 E1884.85514
G1 X203.672 Y115.416 E1884.88796
G1 X206.62 Y115.412 E1885.09092
G1 X206.62 Y113.012 E1885.25616
G1 X155 Y113.012 E1888.81012
G1 X155 Y115.412 E1888.97535
G1 X157.829 Y115.412 E1889.17012
G1 X158.11 Y115.45 E1889.18965
G1 X158.42 Y115.565 E1889.21241
G1 X158.754 Y115.821 E1889.24138
G1 X158.962 Y116.121 E1889.26652
G1 X159.108 Y116.603 E1889.30119
G1 X159.108 Y127.853 E1890.07574
G1 X159.181 Y128.33 E1890.10896
G1 X159.318 Y128.752 E1890.13951
G1 X159.506 Y129.116 E1890.16771
G1 X159.902 Y129.618 E1890.21173
G1 X160.404 Y130.014 E1890.25576
G1 X160.768 Y130.201 E1890.28393
G1 X161.186 Y130.335 E1890.31415
G1 X161.672 Y130.412 E1890.34803
G1 X168.049 Y130.417 E1890.78708
G1 X168.83 Y130.567 E1890.84183
G1 X169.363 Y130.8 E1890.88188
G1 X169.766 Y131.054 E1890.91468
G1 X170.155 Y131.387 E1890.94993
G1 X170.468 Y131.754 E1890.98314
G1 X170.761 Y132.235 E1891.02192
G1 X170.952 Y132.696 E1891.05627
G1 X171.06 Y133.139 E1891.08766
G1 X171.107 Y133.593 E1891.11909
G1 X171.108 Y137.444 E1891.38422
G1 X180.811 Y137.444 E1892.05226
G0 F12000 X181.011 Y137.444
G1 F3600 E1890.25226
G1 F600 Z5.2
G0 F12000 X180.808 Y127.01 Z5.2
G1 F600 Z4.2
G1 F3000 E1892.05226
G1 F6000 X165.634 Y127.012 E1893.09697
G1 X164.934 Y126.843 E1893.14655
G1 X164.51 Y126.609 E1893.17989
G1 X164.162 Y126.317 E1893.21116
G1 X163.885 Y125.966 E1893.24195
G1 X163.668 Y125.551 E1893.27419
G1 X163.512 Y124.9 E1893.32028
G1 X163.513 Y118.513 E1893.76002
G1 X163.601 Y118.073 E1893.79091
G1 X163.771 Y117.646 E1893.82255
G1 X164.014 Y117.276 E1893.85303
G1 X164.326 Y116.953 E1893.88395
G1 X164.702 Y116.697 E1893.91526
G1 X165.167 Y116.505 E1893.9499
G1 X165.632 Y116.416 E1893.9825
G1 X196.014 Y116.417 E1896.07425
G1 X196.446 Y116.501 E1896.10455
G1 X196.918 Y116.697 E1896.13974
G1 X197.294 Y116.953 E1896.17105
G1 X197.611 Y117.283 E1896.20256
G1 X197.826 Y117.604 E1896.22916
G1 X198.002 Y118.017 E1896.26007
G1 X198.108 Y118.58 E1896.29951
G1 X198.103 Y124.918 E1896.73587
G1 X198.019 Y125.35 E1896.76617
G1 X197.836 Y125.804 E1896.79987
G1 X197.443 Y126.334 E1896.8453
G1 X197.116 Y126.604 E1896.8745
G1 X196.682 Y126.843 E1896.90861
G1 X195.996 Y127.008 E1896.95718
G1 X180.808 Y127.01 E1898.00285
G0 F12000 X180.608 Y127.01
G1 F3600 E1896.20285
G1 F600 Z5.2
G0 F12000 X180.811 Y135.072 Z5.2
;TYPE:SKIN
G1 F600 Z4.2
G1 F3000 E1898.00285
G1 F6000 X173.476 Y135.072 E1898.50786
G1 X173.475 Y133.451 E1898.61946
G1 X173.431 Y133.052 E1898.6471
G1 X188.177 Y133.052 E1899.66234
G1 X188.138 Y133.344 E1899.68262
G1 X188.136 Y135.072 E1899.80159
G1 X180.811 Y135.072 E1900.30591
G1 F3600 E1898.50591
G1 F600 Z5.2
G0 F12000 X187.669 Y134.772 Z5.2
G1 F600 Z4.2
G1 F3000 E1900.30591
G1 F6000 X187.836 Y134.605 E1900.32217
G0 F12000 X187.837 Y133.755
G1 F6000 X186.82 Y134.772 E1900.42119
G0 F12000 X185.972 Y134.772
G1 F6000 X187.392 Y133.352 E1900.55945
G0 F12000 X186.543 Y133.352
G1 F6000 X185.123 Y134.772 E1900.69771
G0 F12000 X184.275 Y134.772
G1 F6000 X185.695 Y133.352 E1900.83597
G0 F12000 X184.846 Y133.352
G1 F6000 X183.426 Y134.772 E1900.97423
G0 F12000 X182.578 Y134.772
G1 F6000 X183.998 Y133.352 E1901.11249
G0 F12000 X183.149 Y133.352
G1 F6000 X181.729 Y134.772 E1901.25075
G0 F12000 X180.881 Y134.772
G1 F6000 X182.301 Y133.352 E1901.38901
G0 F12000 X181.452 Y133.352
G1 F6000 X180.032 Y134.772 E1901.52727
G0 F12000 X179.184 Y134.772
G1 F6000 X180.604 Y133.352 E1901.66553
G0 F12000 X179.755 Y133.352
G1 F6000 X178.335 Y134.772 E1901.80379
G0 F12000 X177.487 Y134.772
G1 F6000 X178.907 Y133.352 E1901.94205
G0 F12000 X178.058 Y133.352
G1 F6000 X176.638 Y134.772 E1902.08031
G0 F12000 X175.79 Y134.772
G1 F6000 X177.209 Y133.352 E1902.21852
G0 F12000 X176.361 Y133.352
G1 F6000 X174.941 Y134.772 E1902.35678
G0 F12000 X174.093 Y134.772
G1 F6000 X175.512 Y133.352 E1902.495
G0 F12000 X174.664 Y133.352
G1 F6000 X173.776 Y134.24 E1902.58146
G1 X173.67 Y134.346
G1 F3600 E1900.78146
G1 F600 Z5.2
G0 F12000 X209.2 Y114.212 Z5.2
;TYPE:WALL-INNER
G1 F600 Z4.2
G1 F3000 E1902.58146
G1 F6000 X211.308 Y114.212 E1902.72659
G1 F3600 E1900.92659
G1 F600 Z5.2
G0 F12000 X208.6 Y114.812 Z5.2
G1 F600 Z4.2
G1 F3000 E1902.72659
G1 F6000 X211.908 Y114.812 E1902.95434
G1 X211.908 Y113.612 E1903.03696
G1 X208.6 Y113.612 E1903.26471
G1 X208.6 Y114.812 E1903.34733
G0 F12000 X208 Y115.412
;TYPE:WALL-OUTER
G1 F6000 X212.508 Y115.412 E1903.6577
G1 X212.508 Y113.012 E1903.82293
G1 X208 Y113.012 E1904.1333
G1 X208 Y115.412 E1904.29854
G0 F12000 X208.2 Y115.412
G1 F3600 E1902.49854
G1 F600 Z5.2
G0 F12000 X152.418 Y114.212 Z5.2
;TYPE:WALL-INNER
G1 F600 Z4.2
G1 F3000 E1904.29854
G1 F6000 X150.308 Y114.212 E1904.44381
G1 F3600 E1902.64381
G1 F600 Z5.2
G0 F12000 X153.018 Y114.812 Z5.2
G1 F600 Z4.2
G1 F3000 E1904.44381
G1 F6000 X153.017 Y113.612 E1904.52643
G1 X149.708 Y113.612 E1904.75425
G1 X149.708 Y114.812 E1904.83686
G1 X153.018 Y114.812 E1905.06475
G0 F12000 X153.619 Y115.412
;TYPE:WALL-OUTER
G1 F6000 X153.616 Y113.012 E1905.22999
G1 X149.108 Y113.012 E1905.54036
G1 X149.108 Y115.412 E1905.7056
G1 X153.619 Y115.412 E1906.01617
G0 F12000 X153.619 Y115.212
G1 F3600 E1904.21617
G1 F600 Z5.2
;MESH:NONMESH
G0 F12000 X150.308 Y114.212 Z5.2
;TIME_ELAPSED:694.081599
;LAYER:14
;MESH:LC-GR3005??????RFID?????????-WB.stl
G0 X150.308 Y114.212 Z5.5
;TYPE:WALL-INNER
G1 F600 Z4.5
G1 F3000 E1906.01617
G1 F6000 X151.814 Y114.212 E1906.11986
G0 F12000 X152.414 Y114.812
G1 F6000 X152.413 Y113.612 E1906.20247
G1 X149.708 Y113.612 E1906.38871
G1 X149.708 Y114.812 E1906.47133
G1 X152.414 Y114.812 E1906.65763
G0 F12000 X153.015 Y115.412
;TYPE:WALL-OUTER
G1 F6000 X153.012 Y113.012 E1906.82287
G1 X149.108 Y113.012 E1907.09165
G1 X149.108 Y115.412 E1907.25689
G1 X153.015 Y115.412 E1907.52588
G0 F12000 X153.015 Y115.212
G1 F3600 E1905.72588
G1 F600 Z5.5
G0 F12000 X165.336 Y114.727 Z5.5
;TYPE:WALL-INNER
G1 F600 Z4.5
G1 F3000 E1907.52588
G1 F8674.7 X165.684 Y114.712 E1907.54247
G1 F9000 X195.956 Y114.712 E1908.93192
G1 F8612.4 X196.341 Y114.731 E1908.95041
G1 F3600 E1907.15041
G1 F600 Z5.5
G0 F12000 X196.292 Y128.697 Z5.5
G1 F600 Z4.5
G1 F3000 E1908.95041
G1 F7422.7 X197.067 Y128.641 E1908.99365
G1 F6315.8 X197.611 Y128.612 E1909.02928
G1 F6000 X199.806 Y128.612 E1909.18041
G1 X200.16 Y128.532 E1909.20539
G1 X200.359 Y128.412 E1909.22139
G1 X200.545 Y128.209 E1909.24035
G1 X200.665 Y127.972 E1909.25864
G1 X200.708 Y127.629 E1909.28244
G1 F5921.1 X200.7 Y126.311 E1909.37439
G1 F5389.2 X200.649 Y125.295 E1909.45237
G1 F5077.6 X200.658 Y124.86 E1909.48777
G1 F5142.9 X200.658 Y118.58 E1909.9922
G1 F5063.3 X200.647 Y118.115 E1910.03014
G1 F5365.1 X200.698 Y117.128 E1910.10624
G1 F5901.6 X200.714 Y116.45 E1910.15371
G1 F6000 X200.794 Y116.023 E1910.18362
G1 X200.951 Y115.547 E1910.21813
G1 X201.342 Y114.812 E1910.27545
G1 X197.601 Y114.812 E1910.53301
G1 F6440.1 X196.971 Y114.771 E1910.5735
G1 F7547.2 X196.34 Y114.731 E1910.60811
G1 F7258.1 X197.188 Y114.879 E1910.6571
G1 F6228.4 X197.562 Y115.01 E1910.68339
G1 F6000 X198.235 Y115.41 E1910.73729
G1 X198.576 Y115.69 E1910.76767
G1 X199.106 Y116.281 E1910.82232
G1 X199.404 Y116.739 E1910.85994
G1 F5825.2 X199.782 Y117.559 E1910.92397
G1 F5325.4 X199.958 Y118.289 E1910.98222
G1 F5056.2 X199.958 Y125.15 E1911.54276
G1 F5225 X199.819 Y125.7 E1911.58762
G1 F5678.2 X199.511 Y126.465 E1911.64761
G1 F6000 X199.258 Y126.909 E1911.68279
G1 X198.909 Y127.378 E1911.72304
G1 X198.563 Y127.743 E1911.75767
G1 X198.263 Y127.991 E1911.78447
G1 X197.562 Y128.413 E1911.8408
G1 F6315.8 X197.059 Y128.572 E1911.8753
G1 F7422.7 X196.292 Y128.697 E1911.91855
G1 F8674.7 X195.944 Y128.712 E1911.93514
G1 F9000 X193.612 Y128.712 E1912.04218
G1 F8612.4 X193.225 Y128.731 E1912.06076
G1 F3600 E1910.26076
G1 F600 Z5.5
G0 F12000 X180.811 Y128.212 Z5.5
G1 F600 Z4.5
G1 F3000 E1912.06076
G1 F6000 X165.672 Y128.212 E1913.10306
G1 X165.319 Y128.17 E1913.12753
G1 X164.691 Y128.018 E1913.17202
G1 X164.336 Y127.883 E1913.19817
G1 X163.751 Y127.539 E1913.24489
G1 X163.227 Y127.069 E1913.29335
G1 X162.963 Y126.74 E1913.3224
G1 X162.647 Y126.207 E1913.36506
G1 X162.501 Y125.831 E1913.39283
G1 X162.308 Y125.014 E1913.45062
G1 X162.308 Y118.572 E1913.89415
G1 X162.337 Y118.277 E1913.91455
G1 X162.508 Y117.561 E1913.96524
G1 X162.736 Y117.035 E1914.00471
G1 X163.018 Y116.608 E1914.03994
G1 X163.471 Y116.111 E1914.08624
G1 X164.042 Y115.695 E1914.13487
G1 X164.648 Y115.415 E1914.18084
G1 X164.941 Y115.326 E1914.20192
G1 X165.684 Y115.212 E1914.25367
G1 X195.956 Y115.212 E1916.33785
G1 X196.675 Y115.323 E1916.38794
G1 X196.966 Y115.411 E1916.40887
G1 X197.578 Y115.695 E1916.45532
G1 X198.149 Y116.111 E1916.50396
G1 X198.607 Y116.615 E1916.55085
G1 X198.882 Y117.034 E1916.58535
G1 X199.177 Y117.711 E1916.6362
G1 X199.308 Y118.58 E1916.6967
G1 X199.308 Y125.031 E1917.14084
G1 X199.109 Y125.871 E1917.20028
G1 X198.776 Y126.551 E1917.25241
G1 X198.428 Y127.02 E1917.29262
G1 X198.18 Y127.281 E1917.3174
G1 X197.631 Y127.696 E1917.36478
G1 X196.925 Y128.018 E1917.41821
G1 X196.112 Y128.212 E1917.47575
G1 X180.811 Y128.212 E1918.5292
G0 F12000 X180.811 Y127.612
G1 F6000 X165.563 Y127.612 E1919.57901
G1 X164.708 Y127.405 E1919.63957
G1 X164.131 Y127.074 E1919.68537
G1 X163.695 Y126.693 E1919.72523
G1 X163.437 Y126.372 E1919.75359
G1 X163.113 Y125.815 E1919.79795
G1 X162.908 Y124.949 E1919.85922
G1 X162.908 Y118.47 E1920.30529
G1 X163.063 Y117.789 E1920.35338
G1 X163.259 Y117.33 E1920.38774
G1 X163.516 Y116.942 E1920.41978
G1 X163.899 Y116.532 E1920.45841
G1 X164.372 Y116.196 E1920.49836
G1 X164.962 Y115.931 E1920.54289
G1 X165.684 Y115.812 E1920.59326
G1 X195.956 Y115.812 E1922.67745
G1 X196.651 Y115.927 E1922.72595
G1 X197.248 Y116.196 E1922.77103
G1 X197.721 Y116.532 E1922.81097
G1 X198.109 Y116.949 E1922.85019
G1 X198.36 Y117.329 E1922.88154
G1 X198.595 Y117.878 E1922.92266
G1 X198.708 Y118.58 E1922.97161
G1 X198.708 Y124.955 E1923.41052
G1 X198.608 Y125.464 E1923.44624
G1 X198.368 Y126.094 E1923.49265
G1 X197.876 Y126.758 E1923.54955
G1 X197.348 Y127.166 E1923.59549
G1 X196.784 Y127.435 E1923.63851
G1 X196.046 Y127.612 E1923.69076
G1 X180.811 Y127.612 E1924.73967
G1 F3600 E1922.93967
G1 F600 Z5.5
G0 F12000 X180.811 Y135.132 Z5.5
G1 F600 Z4.5
G1 F3000 E1924.73967
G1 F6000 X188.708 Y135.132 E1925.28336
G1 X188.708 Y133.361 E1925.40529
G1 X188.846 Y132.506 E1925.46492
G1 X189.166 Y131.626 E1925.52939
G1 X189.344 Y131.255 E1925.55772
G1 X189.762 Y130.614 E1925.61041
G1 X190.245 Y130.042 E1925.66195
G1 X190.919 Y129.513 E1925.72094
G1 X191.596 Y129.12 E1925.77483
G1 F6020.1 X192.08 Y128.918 E1925.81082
G1 F6360.4 X192.499 Y128.823 E1925.83873
G1 F7407.4 X193.225 Y128.731 E1925.87954
G1 F6976.7 X192.059 Y128.811 E1925.94874
G1 F6040.3 X169.972 Y128.81 E1927.45926
G1 F6545.5 X168.82 Y128.764 E1927.53202
G1 F6963.2 X169.141 Y128.826 E1927.55141
G1 F6383 X169.911 Y129.067 E1927.60363
G1 F6020.1 X170.558 Y129.42 E1927.6542
G1 F6000 X170.974 Y129.717 E1927.6894
G1 X171.569 Y130.266 E1927.74513
G1 X171.84 Y130.595 E1927.77448
G1 X172.232 Y131.183 E1927.82313
G1 X172.6 Y131.972 E1927.88307
G1 X172.719 Y132.374 E1927.91194
G1 X172.908 Y133.364 E1927.98133
G1 X172.908 Y135.132 E1928.10305
G1 X180.811 Y135.132 E1928.64716
G1 F3600 E1926.84716
G1 F600 Z5.5
G0 F12000 X168.82 Y128.764 Z5.5
G1 F600 Z4.5
G1 F3000 E1928.64716
G1 F7531.4 X168.136 Y128.712 E1928.68479
G1 F8450.7 X165.672 Y128.712 E1928.80523
G1 F8391.6 X165.195 Y128.684 E1928.82876
G1 F7258.1 X164.557 Y128.57 E1928.86564
G1 F6338 X164.053 Y128.412 E1928.90007
G1 F6000 X163.372 Y128.004 E1928.95472
G1 X162.76 Y127.446 E1929.01174
G1 X162.489 Y127.108 E1929.04157
G1 X162.122 Y126.497 E1929.09064
G1 F5815.8 X161.899 Y125.976 E1929.1309
G1 F5341.2 X161.658 Y125.145 E1929.19781
G1 F5106.4 X161.658 Y118.572 E1929.72955
G1 F5056.2 X161.687 Y118.147 E1929.76435
G1 F5286.3 X161.842 Y117.544 E1929.813
G1 F5815.8 X162.213 Y116.741 E1929.87583
G1 F6000 X162.519 Y116.274 E1929.91427
G1 X163.044 Y115.69 E1929.96834
G1 X163.385 Y115.41 E1929.99872
G1 X164.062 Y115.009 E1930.05289
G1 F6569.3 X164.603 Y114.814 E1930.08905
G1 F7775.4 X165.336 Y114.727 E1930.12827
G1 F7627.1 X164.68 Y114.77 E1930.16387
G1 F6451.6 X164.023 Y114.812 E1930.20603
G1 F6000 X160.279 Y114.812 E1930.4638
G1 X160.678 Y115.576 E1930.52314
G1 X160.821 Y116.028 E1930.55578
G1 X160.903 Y116.454 E1930.58565
G1 F5882.4 X160.92 Y117.127 E1930.63292
G1 F5341.2 X160.971 Y118.077 E1930.7065
G1 F5056.2 X160.958 Y118.572 E1930.74696
G1 F5142.9 X160.958 Y124.848 E1931.25106
G1 F5070.4 X160.967 Y125.283 E1931.28651
G1 F5301.9 X160.927 Y126.091 E1931.34954
G1 F5815.8 X160.909 Y126.81 E1931.40063
G1 F6000 X160.908 Y127.716 E1931.46301
G1 X161.027 Y128.137 E1931.49313
G1 X161.183 Y128.337 E1931.51059
G1 X161.382 Y128.494 E1931.52804
G1 X161.813 Y128.612 E1931.55881
G1 X164.003 Y128.612 E1931.70958
G1 F6805.3 X165.195 Y128.684 E1931.78207
G1 F3600 E1929.98207
G1 F600 Z5.5
G0 F12000 X180.811 Y135.732 Z5.5
G1 F600 Z4.5
G1 F3000 E1931.78207
G1 F6000 X189.308 Y135.732 E1932.36708
G1 X189.308 Y133.412 E1932.52681
G1 X189.427 Y132.663 E1932.57902
G1 X189.787 Y131.675 E1932.65142
G1 X190.221 Y131.001 E1932.70661
G1 X190.66 Y130.48 E1932.75352
G1 X191.238 Y130.021 E1932.80433
G1 X191.829 Y129.673 E1932.85155
G1 X192.456 Y129.409 E1932.89839
G1 X193.465 Y129.212 E1932.96917
G1 X199.854 Y129.212 E1933.40904
G1 X200.39 Y129.088 E1933.44692
G1 X200.759 Y128.863 E1933.47668
G1 X201.027 Y128.572 E1933.50391
G1 X201.237 Y128.159 E1933.53581
G1 X201.308 Y127.652 E1933.57106
G1 X201.312 Y116.499 E1934.33893
G1 X201.52 Y115.737 E1934.39331
G1 X201.755 Y115.297 E1934.42765
G1 X202.178 Y114.823 E1934.47139
G1 X202.382 Y114.664 E1934.4892
G1 F6741.6 X202.874 Y114.478 E1934.52143
G1 F9375 X203.724 Y114.362 E1934.55923
G1 F12000 X204.966 Y114.362 E1934.60198
G1 X204.966 Y114.062 E1934.61231
G1 F11764.7 X203.463 Y114.068 E1934.66509
G1 F9230.8 X202.823 Y114.146 E1934.69394
G1 F6741.6 X202.226 Y114.212 E1934.73074
G1 F6020.1 X187.97 Y114.212 E1935.70897
G1 F6050.4 X173.714 Y114.212 E1936.6823
G1 F6081.1 X159.458 Y114.212 E1937.65072
G1 F7200 X158.653 Y114.117 E1937.69722
G1 F9944.8 X158.172 Y114.062 E1937.71733
G1 F11764.7 X156.654 Y114.062 E1937.77063
G1 F12000 X156.654 Y114.362 E1937.78096
G1 F11920.5 X157.92 Y114.362 E1937.82483
G1 F10084 X158.59 Y114.443 E1937.85248
G1 F7258.1 X159.217 Y114.662 E1937.89028
G1 F6101.7 X159.431 Y114.815 E1937.90809
G1 F6000 X159.865 Y115.297 E1937.95274
G1 X160.106 Y115.758 E1937.98856
G1 X160.304 Y116.504 E1938.0417
G1 X160.308 Y127.762 E1938.81679
G1 X160.353 Y128.052 E1938.837
G1 X160.52 Y128.464 E1938.86761
G1 X160.756 Y128.764 E1938.89389
G1 X161.056 Y129 E1938.92017
G1 X161.463 Y129.163 E1938.95035
G1 X161.766 Y129.212 E1938.97148
G1 X168.106 Y129.212 E1939.40798
G1 X168.875 Y129.33 E1939.46155
G1 X169.639 Y129.599 E1939.51731
G1 X170.21 Y129.909 E1939.56204
G1 X170.726 Y130.278 E1939.60572
G1 X171.254 Y130.797 E1939.65669
G1 X171.732 Y131.515 E1939.71608
G1 X172.097 Y132.312 E1939.77643
G1 X172.308 Y133.418 E1939.85395
G1 X172.308 Y135.732 E1940.01327
G1 X180.811 Y135.732 E1940.59868
G0 F12000 X180.811 Y136.332
G1 F6000 X189.908 Y136.332 E1941.225
G1 X189.908 Y133.455 E1941.42308
G1 X190.009 Y132.82 E1941.46734
G1 X190.327 Y131.945 E1941.53144
G1 X190.68 Y131.387 E1941.5769
G1 X191.076 Y130.916 E1941.61927
G1 X191.557 Y130.529 E1941.66177
G1 X192.062 Y130.226 E1941.70232
G1 X192.632 Y129.986 E1941.7449
G1 X193.523 Y129.812 E1941.8074
G1 X199.901 Y129.812 E1942.24652
G1 X200.294 Y129.749 E1942.27392
G1 X200.619 Y129.645 E1942.29741
G1 X201.159 Y129.315 E1942.34098
G1 X201.509 Y128.935 E1942.37655
G1 X201.809 Y128.346 E1942.42206
G1 X201.908 Y127.674 E1942.46883
G1 X201.91 Y116.547 E1943.2349
G1 X202.09 Y115.927 E1943.27935
G1 X202.23 Y115.663 E1943.29993
G1 X202.548 Y115.295 E1943.33341
G1 X203.035 Y114.986 E1943.37312
G1 X203.611 Y114.812 E1943.41455
G1 X205.416 Y114.812 E1943.53882
G1 X205.416 Y113.612 E1943.62144
G1 X156.204 Y113.612 E1947.00961
G1 X156.204 Y114.812 E1947.09223
G1 X157.808 Y114.812 E1947.20266
G1 X158.192 Y114.856 E1947.22927
G1 X158.643 Y115.008 E1947.26204
G1 X158.857 Y115.13 E1947.279
G1 X159.23 Y115.455 E1947.31306
G1 X159.534 Y115.939 E1947.35241
G1 X159.706 Y116.553 E1947.39631
G1 X159.708 Y127.807 E1948.17113
G1 X159.767 Y128.191 E1948.19788
G1 X160.013 Y128.79 E1948.24246
G1 X160.329 Y129.191 E1948.27761
G1 X160.73 Y129.507 E1948.31276
G1 X160.998 Y129.645 E1948.33351
G1 X161.325 Y129.749 E1948.35714
G1 X161.719 Y129.812 E1948.38461
G1 X168.06 Y129.812 E1948.82118
G1 X168.645 Y129.902 E1948.86193
G1 X169.303 Y130.1 E1948.90924
G1 X169.862 Y130.398 E1948.95285
G1 X170.338 Y130.737 E1948.99308
G1 X170.789 Y131.183 E1949.03675
G1 X171.233 Y131.848 E1949.09181
G1 X171.522 Y132.501 E1949.14097
G1 X171.708 Y133.474 E1949.20917
G1 X171.708 Y136.332 E1949.40594
G1 X180.811 Y136.332 E1950.03267
G0 F12000 X180.811 Y136.932
;TYPE:WALL-OUTER
G1 F6000 X190.508 Y136.932 E1950.70029
G1 X190.511 Y133.485 E1950.93761
G1 X190.59 Y132.986 E1950.9724
G1 X190.883 Y132.188 E1951.03092
G1 X191.138 Y131.774 E1951.0644
G1 X191.52 Y131.328 E1951.10483
G1 X191.876 Y131.037 E1951.13649
G1 X192.295 Y130.779 E1951.17036
G1 X192.838 Y130.557 E1951.21075
G1 X193.56 Y130.416 E1951.2614
G1 X199.948 Y130.412 E1951.70121
G1 X200.434 Y130.335 E1951.73508
G1 X200.849 Y130.201 E1951.76511
G1 X201.215 Y130.015 E1951.79337
G1 X201.559 Y129.766 E1951.82261
G1 X201.991 Y129.298 E1951.86646
G1 X202.212 Y128.934 E1951.89578
G1 X202.381 Y128.534 E1951.92568
G1 X202.474 Y128.141 E1951.95348
G1 X202.508 Y127.696 E1951.98421
G1 X202.508 Y116.595 E1952.74849
G1 X202.659 Y116.117 E1952.78301
G1 X202.918 Y115.767 E1952.81298
G1 X203.217 Y115.558 E1952.8381
G1 X203.672 Y115.416 E1952.87092
G1 X206.016 Y115.412 E1953.0323
G1 X206.016 Y113.012 E1953.19753
G1 X155.604 Y113.012 E1956.66832
G1 X155.604 Y115.412 E1956.83356
G1 X157.85 Y115.414 E1956.98819
G1 X158.11 Y115.45 E1957.00626
G1 X158.42 Y115.565 E1957.02903
G1 X158.754 Y115.821 E1957.058
G1 X158.962 Y116.121 E1957.08314
G1 X159.108 Y116.603 E1957.11781
G1 X159.108 Y127.853 E1957.89235
G1 X159.181 Y128.33 E1957.92558
G1 X159.318 Y128.752 E1957.95612
G1 X159.506 Y129.116 E1957.98433
G1 X159.902 Y129.618 E1958.02835
G1 X160.404 Y130.014 E1958.07237
G1 X160.768 Y130.201 E1958.10055
G1 X161.186 Y130.335 E1958.13077
G1 X161.672 Y130.412 E1958.16465
G1 X168.034 Y130.415 E1958.60266
G1 X168.6 Y130.506 E1958.64213
G1 X169.093 Y130.668 E1958.67786
G1 X169.477 Y130.864 E1958.70754
G1 X169.967 Y131.214 E1958.749
G1 X170.342 Y131.593 E1958.7857
G1 X170.762 Y132.234 E1958.83847
G1 X170.951 Y132.711 E1958.87379
G1 X171.103 Y133.507 E1958.92958
G1 X171.108 Y136.932 E1959.16539
G1 X180.811 Y136.932 E1959.83343
G0 F12000 X181.011 Y136.932
G1 F3600 E1958.03343
G1 F600 Z5.5
G0 F12000 X180.808 Y127.01 Z5.5
G1 F600 Z4.5
G1 F3000 E1959.83343
G1 F6000 X165.634 Y127.012 E1960.87813
G1 X164.934 Y126.843 E1960.92771
G1 X164.51 Y126.609 E1960.96106
G1 X164.162 Y126.317 E1960.99233
G1 X163.885 Y125.966 E1961.02312
G1 X163.668 Y125.551 E1961.05536
G1 X163.512 Y124.9 E1961.10145
G1 X163.513 Y118.513 E1961.54118
G1 X163.601 Y118.073 E1961.57208
G1 X163.771 Y117.646 E1961.60372
G1 X164.014 Y117.276 E1961.6342
G1 X164.326 Y116.953 E1961.66511
G1 X164.702 Y116.697 E1961.69643
G1 X165.167 Y116.505 E1961.73107
G1 X165.632 Y116.416 E1961.76366
G1 X196.014 Y116.417 E1963.85542
G1 X196.446 Y116.501 E1963.88572
G1 X196.918 Y116.697 E1963.9209
G1 X197.294 Y116.953 E1963.95222
G1 X197.611 Y117.283 E1963.98373
G1 X197.826 Y117.604 E1964.01033
G1 X198.002 Y118.017 E1964.04123
G1 X198.108 Y118.58 E1964.08068
G1 X198.103 Y124.918 E1964.51704
G1 X198.019 Y125.35 E1964.54734
G1 X197.836 Y125.804 E1964.58104
G1 X197.443 Y126.334 E1964.62647
G1 X197.116 Y126.604 E1964.65566
G1 X196.682 Y126.843 E1964.68977
G1 X195.996 Y127.008 E1964.73835
G1 X180.808 Y127.01 E1965.78402
G0 F12000 X180.608 Y127.01
G1 F3600 E1963.98402
G1 F600 Z5.5
G0 F12000 X180.811 Y134.56 Z5.5
;TYPE:SKIN
G1 F600 Z4.5
G1 F3000 E1965.78402
G1 F6000 X173.476 Y134.56 E1966.28903
G1 X173.475 Y133.303 E1966.37557
G1 X173.331 Y132.54 E1966.42903
G1 X188.262 Y132.54 E1967.457
G1 X188.139 Y133.291 E1967.5094
G1 X188.136 Y134.56 E1967.59677
G1 X180.811 Y134.56 E1968.10108
G1 F3600 E1966.30108
G1 F600 Z5.5
G0 F12000 X174.141 Y134.26 Z5.5
G1 F600 Z4.5
G1 F3000 E1968.10108
G1 F6000 X173.774 Y133.893 E1968.13682
G0 F12000 X173.711 Y132.981
G1 F6000 X174.989 Y134.26 E1968.2613
G0 F12000 X175.838 Y134.26
G1 F6000 X174.418 Y132.84 E1968.39956
G0 F12000 X175.266 Y132.84
G1 F6000 X176.686 Y134.26 E1968.53782
G0 F12000 X177.535 Y134.26
G1 F6000 X176.115 Y132.84 E1968.67608
G0 F12000 X176.963 Y132.84
G1 F6000 X178.383 Y134.26 E1968.81434
G0 F12000 X179.232 Y134.26
G1 F6000 X177.812 Y132.84 E1968.9526
G0 F12000 X178.66 Y132.84
G1 F6000 X180.08 Y134.26 E1969.09086
G0 F12000 X180.929 Y134.26
G1 F6000 X179.509 Y132.84 E1969.22912
G0 F12000 X180.357 Y132.84
G1 F6000 X181.777 Y134.26 E1969.36738
G0 F12000 X182.626 Y134.26
G1 F6000 X181.206 Y132.84 E1969.50564
G0 F12000 X182.055 Y132.84
G1 F6000 X183.474 Y134.26 E1969.64385
G0 F12000 X184.323 Y134.26
G1 F6000 X182.903 Y132.84 E1969.78211
G0 F12000 X183.752 Y132.84
G1 F6000 X185.171 Y134.26 E1969.92033
G0 F12000 X186.02 Y134.26
G1 F6000 X184.6 Y132.84 E1970.05859
G0 F12000 X185.449 Y132.84
G1 F6000 X186.869 Y134.26 E1970.19685
G0 F12000 X187.717 Y134.26
G1 F6000 X186.297 Y132.84 E1970.33511
G0 F12000 X187.146 Y132.84
G1 F6000 X187.837 Y133.531 E1970.40239
G1 F3600 E1968.60239
G1 F600 Z5.5
G0 F12000 X209.804 Y114.212 Z5.5
;TYPE:WALL-INNER
G1 F600 Z4.5
G1 F3000 E1970.40239
G1 F6000 X211.308 Y114.212 E1970.50593
G1 F3600 E1968.70593
G1 F600 Z5.5
G0 F12000 X209.204 Y114.812 Z5.5
G1 F600 Z4.5
G1 F3000 E1970.50593
G1 F6000 X211.908 Y114.812 E1970.6921
G1 X211.908 Y113.612 E1970.77472
G1 X209.204 Y113.612 E1970.96089
G1 X209.204 Y114.812 E1971.0435
G0 F12000 X208.604 Y115.412
;TYPE:WALL-OUTER
G1 F6000 X212.508 Y115.412 E1971.31229
G1 X212.508 Y113.012 E1971.47752
G1 X208.604 Y113.012 E1971.74631
G1 X208.604 Y115.412 E1971.91155
G0 F12000 X208.804 Y115.412
G1 F3600 E1970.11155
G1 F600 Z5.5
;MESH:NONMESH
G0 F12000 X155.22 Y111.813 Z5.5
;TIME_ELAPSED:715.880588
;LAYER:15
G0 X155.22 Y111.813 Z5.8
G0 X154.736 Y112.588
;TYPE:SUPPORT
G1 F600 Z4.8
G1 F3000 E1971.91155
G1 F6000 X154.737 Y115.838 E1972.1353
G1 X155.219 Y116.32 E1972.18223
G1 X155.219 Y116.613 E1972.20241
G1 X153.402 Y116.613 E1972.3275
G1 X153.402 Y116.321 E1972.34761
G1 X153.885 Y115.838 E1972.39464
G1 X153.884 Y112.588 E1972.61839
G1 X153.402 Y112.106 E1972.66532
G1 X153.402 Y111.813 E1972.6855
G1 X155.22 Y111.813 E1972.81066
G1 X155.22 Y112.104 E1972.8307
G1 X154.736 Y112.588 E1972.87782
G1 F3600 E1971.07782
G1 F600 Z5.8
G0 F12000 X208 Y111.813 Z5.8
G1 F600 Z4.8
G1 F3000 E1972.87782
G1 F6000 X208 Y112.324 E1972.913
G1 X208.22 Y112.104 E1972.93443
G1 X208.22 Y111.813 E1972.95446
G1 X206.403 Y111.813 E1973.07956
G1 X206.286 Y111.99 E1973.09417
G1 X206.885 Y112.588 E1973.15244
G1 X206.885 Y115.838 E1973.3762
G1 X206.29 Y116.432 E1973.43408
G1 X206.402 Y116.613 E1973.44874
G1 X208 Y116.613 E1973.55876
G1 X208 Y116.101 E1973.59401
G1 F3600 E1971.79401
G1 F600 Z5.8
;MESH:LC-GR3005??????RFID?????????-WB.stl
G0 F12000 X196.341 Y114.731 Z5.8
;TYPE:WALL-INNER
G1 F600 Z4.8
G1 F3000 E1973.59401
G1 F8612.4 X195.956 Y114.712 E1973.61249
G1 F9000 X165.684 Y114.712 E1975.00195
G1 F8674.7 X165.336 Y114.727 E1975.01854
G1 F3600 E1973.21854
G1 F600 Z5.8
G0 F12000 X165.195 Y128.684 Z5.8
G1 F600 Z4.8
G1 F3000 E1975.01854
G1 F8391.6 X165.672 Y128.712 E1975.04206
G1 F8450.7 X168.136 Y128.712 E1975.1625
G1 F7531.4 X168.82 Y128.764 E1975.20013
G1 F3600 E1973.40013
G1 F600 Z5.8
G0 F12000 X165.195 Y128.684 Z5.8
G1 F600 Z4.8
G1 F3000 E1975.20013
G1 F7258.1 X164.557 Y128.57 E1975.23702
G1 F6338 X164.053 Y128.412 E1975.27144
G1 F6000 X163.372 Y128.004 E1975.3261
G1 X162.76 Y127.446 E1975.38312
G1 X162.489 Y127.108 E1975.41294
G1 X162.122 Y126.497 E1975.46202
G1 F5815.8 X161.899 Y125.976 E1975.50227
G1 F5341.2 X161.658 Y125.145 E1975.56919
G1 F5106.4 X161.658 Y118.572 E1976.10092
G1 F5056.2 X161.687 Y118.147 E1976.13573
G1 F5286.3 X161.842 Y117.544 E1976.18438
G1 F5815.8 X162.213 Y116.741 E1976.24721
G1 F6000 X162.519 Y116.274 E1976.28565
G1 X163.044 Y115.69 E1976.33971
G1 X163.385 Y115.41 E1976.37009
G1 X164.062 Y115.009 E1976.42426
G1 F6569.3 X164.603 Y114.814 E1976.46043
G1 F7775.4 X165.336 Y114.727 E1976.49964
G1 F7627.1 X164.68 Y114.77 E1976.53525
G1 F6451.6 X164.023 Y114.812 E1976.5774
G1 F6000 X160.279 Y114.812 E1976.83517
G1 X160.678 Y115.576 E1976.89451
G1 X160.821 Y116.028 E1976.92715
G1 X160.903 Y116.454 E1976.95702
G1 F5882.4 X160.92 Y117.127 E1977.0043
G1 F5341.2 X160.971 Y118.077 E1977.07787
G1 F5056.2 X160.958 Y118.572 E1977.11833
G1 F5142.9 X160.958 Y124.848 E1977.62244
G1 F5070.4 X160.967 Y125.283 E1977.65789
G1 F5301.9 X160.927 Y126.091 E1977.72092
G1 F5815.8 X160.909 Y126.81 E1977.772
G1 F6000 X160.908 Y127.716 E1977.83438
G1 X161.027 Y128.137 E1977.8645
G1 X161.183 Y128.337 E1977.88196
G1 X161.382 Y128.494 E1977.89941
G1 X161.813 Y128.612 E1977.93018
G1 X164.003 Y128.612 E1978.08096
G1 F6805.3 X165.195 Y128.684 E1978.15345
G1 F3600 E1976.35345
G1 F600 Z5.8
G0 F12000 X180.811 Y128.212 Z5.8
G1 F600 Z4.8
G1 F3000 E1978.15345
G1 F6000 X165.672 Y128.212 E1979.19574
G1 X165.319 Y128.17 E1979.22022
G1 X164.691 Y128.018 E1979.2647
G1 X164.336 Y127.883 E1979.29085
G1 X163.751 Y127.539 E1979.33758
G1 X163.227 Y127.069 E1979.38604
G1 X162.963 Y126.74 E1979.41508
G1 X162.647 Y126.207 E1979.45774
G1 X162.501 Y125.831 E1979.48551
G1 X162.308 Y125.014 E1979.54331
G1 X162.308 Y118.572 E1979.98683
G1 X162.337 Y118.277 E1980.00724
G1 X162.508 Y117.561 E1980.05792
G1 X162.736 Y117.035 E1980.09739
G1 X163.018 Y116.608 E1980.13262
G1 X163.471 Y116.111 E1980.17892
G1 X164.042 Y115.695 E1980.22756
G1 X164.648 Y115.415 E1980.27352
G1 X164.941 Y115.326 E1980.2946
G1 X165.684 Y115.212 E1980.34636
G1 X195.956 Y115.212 E1982.43054
G1 X196.675 Y115.323 E1982.48063
G1 X196.966 Y115.411 E1982.50156
G1 X197.578 Y115.695 E1982.54801
G1 X198.149 Y116.111 E1982.59665
G1 X198.607 Y116.615 E1982.64353
G1 X198.882 Y117.034 E1982.67804
G1 X199.177 Y117.711 E1982.72888
G1 X199.308 Y118.58 E1982.78939
G1 X199.308 Y125.031 E1983.23353
G1 X199.109 Y125.871 E1983.29296
G1 X198.776 Y126.551 E1983.34509
G1 X198.428 Y127.02 E1983.3853
G1 X198.18 Y127.281 E1983.41009
G1 X197.631 Y127.696 E1983.45747
G1 X196.926 Y128.018 E1983.51083
G1 X196.112 Y128.212 E1983.56844
G1 X180.811 Y128.212 E1984.62189
G0 F12000 X180.811 Y127.612
G1 F6000 X165.563 Y127.612 E1985.6717
G1 X164.708 Y127.405 E1985.73226
G1 X164.131 Y127.074 E1985.77806
G1 X163.695 Y126.693 E1985.81792
G1 X163.437 Y126.372 E1985.84628
G1 X163.113 Y125.815 E1985.89064
G1 X162.908 Y124.949 E1985.95191
G1 X162.908 Y118.47 E1986.39798
G1 X163.063 Y117.789 E1986.44607
G1 X163.259 Y117.33 E1986.48043
G1 X163.516 Y116.942 E1986.51247
G1 X163.899 Y116.532 E1986.5511
G1 X164.372 Y116.196 E1986.59104
G1 X164.962 Y115.931 E1986.63557
G1 X165.684 Y115.812 E1986.68595
G1 X195.956 Y115.812 E1988.77014
G1 X196.651 Y115.927 E1988.81864
G1 X197.248 Y116.196 E1988.86372
G1 X197.721 Y116.532 E1988.90366
G1 X198.109 Y116.949 E1988.94288
G1 X198.36 Y117.329 E1988.97423
G1 X198.595 Y117.878 E1989.01535
G1 X198.708 Y118.58 E1989.0643
G1 X198.708 Y124.955 E1989.50321
G1 X198.608 Y125.464 E1989.53892
G1 X198.368 Y126.094 E1989.58534
G1 X197.876 Y126.757 E1989.64218
G1 X197.349 Y127.166 E1989.68811
G1 X196.784 Y127.435 E1989.73119
G1 X196.046 Y127.612 E1989.78344
G1 X180.811 Y127.612 E1990.83235
G1 F3600 E1989.03235
G1 F600 Z5.8
G0 F12000 X180.811 Y134.62 Z5.8
G1 F600 Z4.8
G1 F3000 E1990.83235
G1 F6000 X188.708 Y134.62 E1991.37605
G3 X188.7500 Y133.0890 I11.4488 J-0.4520 E1991.481550
G1 X188.826 Y132.67 E1991.51087
G1 X189.094 Y131.738 E1991.57764
G1 X189.543 Y130.926 E1991.64152
G1 X189.991 Y130.312 E1991.69385
G1 X190.754 Y129.613 E1991.76509
G1 X191.424 Y129.194 E1991.8195
G1 X192.071 Y128.92 E1991.86787
G1 F6315.8 X192.494 Y128.823 E1991.89626
G1 F7377 X193.264 Y128.729 E1991.9397
G1 F7563 X192.657 Y128.771 E1991.97293
G1 F6451.6 X192.049 Y128.813 E1992.01195
G1 F6020.1 X169.962 Y128.81 E1993.52754
G1 F6545.5 X168.82 Y128.764 E1993.59967
G1 F6963.2 X169.141 Y128.825 E1993.61905
G1 F6394.3 X169.902 Y129.063 E1993.67056
G1 F6020.1 X170.57 Y129.426 E1993.72273
G1 F6000 X170.981 Y129.722 E1993.7576
G1 X171.569 Y130.266 E1993.81276
G1 X171.84 Y130.595 E1993.8421
G1 X172.361 Y131.377 E1993.9068
G1 X172.698 Y132.262 E1993.97199
G1 X172.859 Y133.006 E1994.0244
G3 X172.9080 Y134.6200 I-10.2195 J1.1180 E1994.135660
G1 X180.811 Y134.62 E1994.67977
G1 F3600 E1992.87977
G1 F600 Z5.8
G0 F12000 X193.264 Y128.729 Z5.8
G1 F600 Z4.8
G1 F3000 E1994.67977
G1 F8591.9 X193.611 Y128.714 E1994.69647
G1 F8933 X195.944 Y128.713 E1994.80435
G1 F8633.1 X196.293 Y128.698 E1994.82107
G1 F7407.4 X197.068 Y128.643 E1994.8644
G1 F6315.8 X197.612 Y128.614 E1994.90003
G1 F6000 X199.806 Y128.612 E1995.05108
G1 X200.16 Y128.532 E1995.07607
G1 X200.359 Y128.412 E1995.09207
G1 X200.545 Y128.209 E1995.11102
G1 X200.665 Y127.972 E1995.12931
G1 X200.708 Y127.629 E1995.15311
G1 F5921.1 X200.7 Y126.311 E1995.24507
G1 F5389.2 X200.649 Y125.295 E1995.32304
G1 F5077.6 X200.658 Y124.86 E1995.35844
G1 F5142.9 X200.658 Y118.58 E1995.86287
G1 F5063.3 X200.647 Y118.115 E1995.90082
G1 F5365.1 X200.698 Y117.128 E1995.97691
G1 F5901.6 X200.714 Y116.45 E1996.02438
G1 F6000 X200.794 Y116.023 E1996.05429
G1 X200.951 Y115.547 E1996.0888
G1 X201.342 Y114.812 E1996.14612
G1 X197.601 Y114.812 E1996.40368
G1 F6440.1 X196.971 Y114.771 E1996.44418
G1 F7547.2 X196.34 Y114.731 E1996.47878
G1 F7258.1 X197.188 Y114.879 E1996.52778
G1 F6228.4 X197.562 Y115.01 E1996.55406
G1 F6000 X198.235 Y115.41 E1996.60796
G1 X198.576 Y115.69 E1996.63834
G1 X199.106 Y116.281 E1996.69299
G1 X199.404 Y116.739 E1996.73061
G1 F5825.2 X199.782 Y117.559 E1996.79464
G1 F5325.4 X199.958 Y118.289 E1996.85289
G1 F5056.2 X199.958 Y125.15 E1997.41344
G1 F5225 X199.819 Y125.7 E1997.45829
G1 F5678.2 X199.511 Y126.465 E1997.51828
G1 F6000 X199.258 Y126.909 E1997.55347
G1 X198.909 Y127.378 E1997.59372
G1 X198.563 Y127.743 E1997.62834
G1 X197.914 Y128.225 E1997.684
G1 X197.562 Y128.413 E1997.71147
G1 F6315.8 X197.06 Y128.573 E1997.74594
G1 F7407.4 X196.293 Y128.698 E1997.78927
G1 F3600 E1995.98927
G1 F600 Z5.8
G0 F12000 X180.811 Y135.22 Z5.8
G1 F600 Z4.8
G1 F3000 E1997.78927
G1 F6000 X189.308 Y135.22 E1998.37428
G1 X189.312 Y133.599 E1998.48588
G1 X189.402 Y132.836 E1998.53878
G1 X189.65 Y131.976 E1998.6004
G1 X190.028 Y131.279 E1998.65499
G1 X190.44 Y130.715 E1998.70308
G1 X191.13 Y130.083 E1998.7675
G1 X191.821 Y129.677 E1998.82268
G1 X192.445 Y129.414 E1998.8693
G1 X193.466 Y129.216 E1998.9409
G1 X199.853 Y129.212 E1999.38064
G1 X200.39 Y129.088 E1999.41858
G1 X200.759 Y128.863 E1999.44834
G1 X201.027 Y128.572 E1999.47558
G1 X201.237 Y128.159 E1999.50747
G1 X201.308 Y127.652 E1999.54272
G1 X201.312 Y116.499 E2000.31059
G1 X201.52 Y115.737 E2000.36497
G1 X201.755 Y115.297 E2000.39931
G1 X202.178 Y114.823 E2000.44305
G1 X202.382 Y114.664 E2000.46086
G1 F6741.6 X202.874 Y114.478 E2000.49309
G1 F9375 X203.724 Y114.362 E2000.53089
G1 F12000 X204.674 Y114.362 E2000.56359
G1 X204.674 Y114.062 E2000.57392
G1 F11764.7 X203.463 Y114.068 E2000.61644
G1 F9230.8 X202.823 Y114.146 E2000.6453
G1 F6741.6 X202.226 Y114.212 E2000.6821
G1 F6020.1 X187.97 Y114.212 E2001.66033
G1 F6050.4 X173.714 Y114.212 E2002.63366
G1 F6081.1 X159.458 Y114.212 E2003.60207
G1 F7200 X158.653 Y114.117 E2003.64858
G1 F9944.8 X158.172 Y114.062 E2003.66869
G1 F11764.7 X156.946 Y114.062 E2003.71174
G1 F12000 X156.946 Y114.362 E2003.72207
G1 F11920.5 X157.919 Y114.362 E2003.75578
G1 F10084 X158.59 Y114.443 E2003.78347
G1 F7258.1 X159.217 Y114.662 E2003.82127
G1 F6101.7 X159.431 Y114.815 E2003.83908
G1 F6000 X159.865 Y115.297 E2003.88374
G1 X160.106 Y115.758 E2003.91955
G1 X160.304 Y116.504 E2003.97269
G1 X160.308 Y127.762 E2004.74779
G1 X160.353 Y128.052 E2004.76799
G1 X160.52 Y128.464 E2004.7986
G1 X160.756 Y128.764 E2004.82488
G1 X161.056 Y129 E2004.85116
G1 X161.463 Y129.163 E2004.88134
G1 X161.766 Y129.212 E2004.90247
G1 X168.106 Y129.212 E2005.33897
G1 X168.875 Y129.33 E2005.39254
G1 X169.633 Y129.597 E2005.44787
G1 X170.22 Y129.913 E2005.49377
G1 X170.727 Y130.278 E2005.53678
G1 X171.254 Y130.798 E2005.58775
G1 X171.824 Y131.653 E2005.6585
G1 X172.116 Y132.408 E2005.71423
G1 X172.262 Y133.063 E2005.76043
G3 X172.3080 Y135.2200 I-13.2238 J1.3610 E2005.909070
G1 X180.811 Y135.22 E2006.49449
G0 F12000 X180.811 Y135.82
G1 F6000 X189.908 Y135.82 E2007.1208
G1 X189.91 Y133.646 E2007.27048
G1 X189.979 Y133.002 E2007.31507
G1 X190.209 Y132.204 E2007.37225
G1 X190.512 Y131.633 E2007.41675
G1 X190.889 Y131.116 E2007.4608
G1 X191.489 Y130.567 E2007.5168
G1 X192.054 Y130.23 E2007.56209
G1 X192.623 Y129.99 E2007.60461
G1 X193.523 Y129.816 E2007.66772
G1 X199.9 Y129.812 E2008.10676
G1 X200.294 Y129.749 E2008.13424
G1 X200.619 Y129.645 E2008.15773
G1 X201.159 Y129.315 E2008.2013
G1 X201.509 Y128.935 E2008.23687
G1 X201.809 Y128.346 E2008.28238
G1 X201.908 Y127.674 E2008.32914
G1 X201.91 Y116.547 E2009.09522
G1 X202.09 Y115.927 E2009.13967
G1 X202.23 Y115.663 E2009.16024
G1 X202.548 Y115.295 E2009.19373
G1 X203.035 Y114.986 E2009.23344
G1 X203.611 Y114.812 E2009.27486
G1 X205.124 Y114.812 E2009.37903
G1 X205.124 Y113.612 E2009.46165
G1 X156.496 Y113.612 E2012.80961
G1 X156.496 Y114.812 E2012.89223
G1 X157.808 Y114.812 E2012.98256
G1 X158.192 Y114.856 E2013.00917
G1 X158.643 Y115.008 E2013.04194
G1 X158.857 Y115.13 E2013.0589
G1 X159.23 Y115.455 E2013.09296
G1 X159.534 Y115.939 E2013.13231
G1 X159.706 Y116.553 E2013.17621
G1 X159.708 Y127.807 E2013.95103
G1 X159.767 Y128.191 E2013.97778
G1 X160.013 Y128.79 E2014.02236
G1 X160.329 Y129.191 E2014.05751
G1 X160.73 Y129.507 E2014.09266
G1 X160.998 Y129.645 E2014.11342
G1 X161.325 Y129.749 E2014.13704
G1 X161.719 Y129.812 E2014.16451
G1 X168.06 Y129.812 E2014.60108
G1 X168.645 Y129.902 E2014.64183
G1 X169.232 Y130.079 E2014.68404
G1 X169.806 Y130.355 E2014.72789
G1 X170.343 Y130.742 E2014.77346
G1 X170.789 Y131.182 E2014.8166
G1 X171.287 Y131.929 E2014.87841
G1 X171.534 Y132.553 E2014.92461
G1 X171.665 Y133.119 E2014.96461
G1 X171.708 Y133.628 E2014.99978
G1 X171.708 Y135.82 E2015.1507
G1 X180.811 Y135.82 E2015.77742
G0 F12000 X180.811 Y136.42
;TYPE:WALL-OUTER
G1 F6000 X190.508 Y136.42 E2016.44505
G1 X190.508 Y133.692 E2016.63287
G1 X190.555 Y133.168 E2016.66909
G1 X190.759 Y132.46 E2016.71982
G1 X190.997 Y131.987 E2016.75627
G1 X191.361 Y131.498 E2016.79824
G1 X191.873 Y131.037 E2016.84568
G1 X192.287 Y130.783 E2016.87912
G1 X192.771 Y130.579 E2016.91528
G1 X193.56 Y130.42 E2016.97069
G1 X199.948 Y130.412 E2017.41049
G1 X200.434 Y130.335 E2017.44437
G1 X200.849 Y130.201 E2017.4744
G1 X201.215 Y130.015 E2017.50266
G1 X201.559 Y129.766 E2017.5319
G1 X201.991 Y129.298 E2017.57575
G1 X202.212 Y128.934 E2017.60507
G1 X202.381 Y128.534 E2017.63496
G1 X202.474 Y128.141 E2017.66277
G1 X202.508 Y127.696 E2017.6935
G1 X202.508 Y116.595 E2018.45778
G1 X202.659 Y116.117 E2018.4923
G1 X202.918 Y115.767 E2018.52227
G1 X203.217 Y115.558 E2018.54739
G1 X203.672 Y115.416 E2018.58021
G1 X205.724 Y115.412 E2018.72148
G1 X205.724 Y113.012 E2018.88672
G1 X155.896 Y113.012 E2022.3173
G1 X155.896 Y115.412 E2022.48254
G1 X157.85 Y115.414 E2022.61707
G1 X158.11 Y115.45 E2022.63514
G1 X158.42 Y115.565 E2022.6579
G1 X158.754 Y115.821 E2022.68688
G1 X158.962 Y116.121 E2022.71201
G1 X159.108 Y116.603 E2022.74668
G1 X159.108 Y127.853 E2023.52123
G1 X159.181 Y128.33 E2023.55445
G1 X159.318 Y128.752 E2023.585
G1 X159.506 Y129.116 E2023.61321
G1 X159.902 Y129.618 E2023.65723
G1 X160.404 Y130.014 E2023.70125
G1 X160.768 Y130.201 E2023.72942
G1 X161.186 Y130.335 E2023.75964
G1 X161.672 Y130.412 E2023.79352
G1 X168.034 Y130.415 E2024.23153
G1 X168.6 Y130.506 E2024.271
G1 X169.092 Y130.668 E2024.30667
G1 X169.52 Y130.888 E2024.3398
G1 X169.967 Y131.214 E2024.37789
G1 X170.342 Y131.593 E2024.4146
G1 X170.762 Y132.232 E2024.46724
G1 X170.952 Y132.699 E2024.50195
G1 X171.06 Y133.131 E2024.53261
G1 X171.107 Y133.599 E2024.565
G1 X171.108 Y136.42 E2024.75922
G1 X180.811 Y136.42 E2025.42725
G0 F12000 X181.011 Y136.42
G1 F3600 E2023.62725
G1 F600 Z5.8
G0 F12000 X180.808 Y127.01 Z5.8
G1 F600 Z4.8
G1 F3000 E2025.42725
G1 F6000 X165.634 Y127.012 E2026.47196
G1 X164.934 Y126.843 E2026.52154
G1 X164.51 Y126.609 E2026.55488
G1 X164.162 Y126.317 E2026.58616
G1 X163.885 Y125.966 E2026.61694
G1 X163.668 Y125.551 E2026.64918
G1 X163.512 Y124.9 E2026.69527
G1 X163.513 Y118.513 E2027.13501
G1 X163.601 Y118.073 E2027.1659
G1 X163.771 Y117.646 E2027.19754
G1 X164.014 Y117.276 E2027.22802
G1 X164.326 Y116.953 E2027.25894
G1 X164.702 Y116.697 E2027.29026
G1 X165.167 Y116.505 E2027.32489
G1 X165.632 Y116.416 E2027.35749
G1 X196.014 Y116.417 E2029.44924
G1 X196.446 Y116.501 E2029.47954
G1 X196.918 Y116.697 E2029.51473
G1 X197.294 Y116.953 E2029.54605
G1 X197.611 Y117.283 E2029.57755
G1 X197.826 Y117.604 E2029.60415
G1 X198.002 Y118.017 E2029.63506
G1 X198.108 Y118.58 E2029.6745
G1 X198.103 Y124.918 E2030.11086
G1 X198.019 Y125.35 E2030.14116
G1 X197.836 Y125.804 E2030.17487
G1 X197.443 Y126.334 E2030.22029
G1 X197.116 Y126.604 E2030.24949
G1 X196.682 Y126.843 E2030.2836
G1 X195.996 Y127.008 E2030.33218
G1 X180.808 Y127.01 E2031.37785
G0 F12000 X180.608 Y127.01
G1 F3600 E2029.57785
G1 F600 Z5.8
G0 F12000 X180.811 Y134.048 Z5.8
;TYPE:SKIN
G1 F600 Z4.8
G1 F3000 E2031.37785
G1 F6000 X173.476 Y134.048 E2031.88285
G2 X173.4180 Y132.9140 I-6.8134 J-0.2200 E2031.961090
G1 X173.232 Y132.028 E2032.02342
G1 X188.417 Y132.028 E2033.06889
G1 X188.275 Y132.516 E2033.10388
G1 X188.148 Y133.202 E2033.15191
G1 X188.138 Y134.048 E2033.21016
G1 X180.811 Y134.048 E2033.71461
G1 F3600 E2031.91461
G1 F600 Z5.8
G0 F12000 X186.996 Y133.748 Z5.8
G1 F600 Z4.8
G1 F3000 E2033.71461
G1 F6000 X187.912 Y132.831 E2033.80385
G0 F12000 X187.567 Y132.328
G1 F6000 X186.147 Y133.748 E2033.94211
G0 F12000 X185.299 Y133.748
G1 F6000 X186.719 Y132.328 E2034.08037
G0 F12000 X185.87 Y132.328
G1 F6000 X184.45 Y133.748 E2034.21863
G0 F12000 X183.602 Y133.748
G1 F6000 X185.022 Y132.328 E2034.35689
G0 F12000 X184.173 Y132.328
G1 F6000 X182.753 Y133.748 E2034.49515
G0 F12000 X181.905 Y133.748
G1 F6000 X183.325 Y132.328 E2034.63341
G0 F12000 X182.476 Y132.328
G1 F6000 X181.056 Y133.748 E2034.77167
G0 F12000 X180.208 Y133.748
G1 F6000 X181.627 Y132.328 E2034.90988
G0 F12000 X180.779 Y132.328
G1 F6000 X179.359 Y133.748 E2035.04814
G0 F12000 X178.511 Y133.748
G1 F6000 X179.93 Y132.328 E2035.18636
G0 F12000 X179.082 Y132.328
G1 F6000 X177.662 Y133.748 E2035.32462
G0 F12000 X176.813 Y133.748
G1 F6000 X178.233 Y132.328 E2035.46288
G0 F12000 X177.385 Y132.328
G1 F6000 X175.965 Y133.748 E2035.60114
G0 F12000 X175.116 Y133.748
G1 F6000 X176.536 Y132.328 E2035.7394
G0 F12000 X175.688 Y132.328
G1 F6000 X174.268 Y133.748 E2035.87766
G0 F12000 X173.759 Y133.408
G1 F6000 X174.839 Y132.328 E2035.98281
G0 F12000 X173.991 Y132.328
G1 F6000 X173.67 Y132.649 E2036.01407
G1 F3600 E2034.21407
G1 F600 Z5.8
G0 F12000 X210.096 Y114.212 Z5.8
;TYPE:WALL-INNER
G1 F600 Z4.8
G1 F3000 E2036.01407
G1 F6000 X211.308 Y114.212 E2036.09751
G1 F3600 E2034.29751
G1 F600 Z5.8
G0 F12000 X209.496 Y114.812 Z5.8
G1 F600 Z4.8
G1 F3000 E2036.09751
G1 F6000 X211.908 Y114.812 E2036.26357
G1 X211.908 Y113.612 E2036.34619
G1 X209.496 Y113.612 E2036.51225
G1 X209.496 Y114.812 E2036.59487
G0 F12000 X208.896 Y115.412
;TYPE:WALL-OUTER
G1 F6000 X212.508 Y115.412 E2036.84355
G1 X212.508 Y113.012 E2037.00879
G1 X208.896 Y113.012 E2037.25747
G1 X208.896 Y115.412 E2037.42271
G0 F12000 X209.096 Y115.412
G1 F3600 E2035.62271
G1 F600 Z5.8
G0 F12000 X151.524 Y114.212 Z5.8
;TYPE:WALL-INNER
G1 F600 Z4.8
G1 F3000 E2037.42271
G1 F6000 X150.308 Y114.212 E2037.50643
G1 F3600 E2035.70643
G1 F600 Z5.8
G0 F12000 X152.124 Y114.812 Z5.8
G1 F600 Z4.8
G1 F3000 E2037.50643
G1 F6000 X152.124 Y113.612 E2037.58905
G1 X149.708 Y113.612 E2037.75538
G1 X149.708 Y114.812 E2037.838
G1 X152.124 Y114.812 E2038.00434
G0 F12000 X152.724 Y115.412
;TYPE:WALL-OUTER
G1 F6000 X152.724 Y113.012 E2038.16958
G1 X149.108 Y113.012 E2038.41853
G1 X149.108 Y115.412 E2038.58377
G1 X152.724 Y115.412 E2038.83272
G0 F12000 X152.724 Y115.212
G1 F3600 E2037.03272
G1 F600 Z5.8
;MESH:NONMESH
G0 F12000 X155.22 Y111.813 Z5.8
;TIME_ELAPSED:739.673770
;LAYER:16
G0 X155.22 Y111.813 Z6.1
G0 X154.857 Y112.588
;TYPE:SUPPORT
G1 F600 Z5.1
G1 F3000 E2038.83272
G1 F6000 X154.858 Y115.838 E2039.05648
G1 X155.219 Y116.199 E2039.09163
G1 X155.219 Y116.613 E2039.12013
G1 X153.402 Y116.613 E2039.24523
G1 X153.402 Y116.2 E2039.27367
G1 X153.764 Y115.838 E2039.30891
G1 X153.763 Y112.588 E2039.53267
G1 X153.402 Y112.227 E2039.56782
G1 X153.402 Y111.813 E2039.59632
G1 X155.22 Y111.813 E2039.72149
G1 X155.22 Y112.225 E2039.74986
G1 X154.857 Y112.588 E2039.7852
G1 F3600 E2037.9852
G1 F600 Z6.1
G0 F12000 X208 Y111.813 Z6.1
G1 F600 Z5.1
G1 F3000 E2039.7852
G1 F6000 X208 Y112.445 E2039.82871
G1 X208.22 Y112.225 E2039.85013
G1 X208.22 Y111.813 E2039.8785
G1 X206.403 Y111.813 E2040.0036
G1 X206.235 Y112.06 E2040.02416
G1 X206.764 Y112.588 E2040.07562
G1 X206.764 Y115.838 E2040.29938
G1 X206.239 Y116.363 E2040.35049
G1 X206.402 Y116.613 E2040.37104
G1 X208 Y116.613 E2040.48106
G1 X208 Y115.98 E2040.52464
G1 F3600 E2038.72464
G1 F600 Z6.1
;MESH:LC-GR3005??????RFID?????????-WB.stl
G0 F12000 X196.341 Y114.731 Z6.1
;TYPE:WALL-INNER
G1 F600 Z5.1
G1 F3000 E2040.52464
G1 F8612.4 X195.956 Y114.712 E2040.54313
G1 F9000 X165.684 Y114.712 E2041.93259
G1 F8674.7 X165.336 Y114.727 E2041.94917
G1 F3600 E2040.14917
G1 F600 Z6.1
G0 F12000 X165.195 Y128.684 Z6.1
G1 F600 Z5.1
G1 F3000 E2041.94917
G1 F8391.6 X165.672 Y128.712 E2041.97269
G1 F9000 X167.96 Y128.712 E2042.07771
G1 F8633.1 X168.334 Y128.73 E2042.09563
G1 F3600 E2040.29563
G1 F600 Z6.1
G0 F12000 X165.195 Y128.684 Z6.1
G1 F600 Z5.1
G1 F3000 E2042.09563
G1 F7258.1 X164.557 Y128.57 E2042.13251
G1 F6338 X164.053 Y128.412 E2042.16694
G1 F6000 X163.372 Y128.004 E2042.2216
G1 X162.76 Y127.446 E2042.27862
G1 X162.489 Y127.108 E2042.30844
G1 X162.122 Y126.497 E2042.35752
G1 F5815.8 X161.899 Y125.976 E2042.39777
G1 F5341.2 X161.658 Y125.145 E2042.46469
G1 F5106.4 X161.658 Y118.572 E2042.99642
G1 F5056.2 X161.687 Y118.147 E2043.03123
G1 F5286.3 X161.842 Y117.544 E2043.07988
G1 F5815.8 X162.213 Y116.741 E2043.14271
G1 F6000 X162.519 Y116.274 E2043.18115
G1 X163.044 Y115.69 E2043.23521
G1 X163.385 Y115.41 E2043.26559
G1 X164.062 Y115.009 E2043.31976
G1 F6569.3 X164.603 Y114.814 E2043.35592
G1 F7775.4 X165.336 Y114.727 E2043.39514
G1 F7627.1 X164.68 Y114.77 E2043.43075
G1 F6451.6 X164.023 Y114.812 E2043.4729
G1 F6000 X160.279 Y114.812 E2043.73067
G1 X160.678 Y115.576 E2043.79001
G1 X160.821 Y116.028 E2043.82265
G1 X160.903 Y116.454 E2043.85252
G1 F5882.4 X160.92 Y117.127 E2043.89979
G1 F5341.2 X160.971 Y118.077 E2043.97337
G1 F5056.2 X160.958 Y118.572 E2044.01383
G1 F5142.9 X160.958 Y124.848 E2044.51794
G1 F5070.4 X160.967 Y125.283 E2044.55338
G1 F5301.9 X160.927 Y126.091 E2044.61642
G1 F5815.8 X160.909 Y126.81 E2044.6675
G1 F6000 X160.908 Y127.716 E2044.72988
G1 X161.027 Y128.137 E2044.76
G1 X161.183 Y128.337 E2044.77746
G1 X161.382 Y128.494 E2044.79491
G1 X161.813 Y128.612 E2044.82568
G1 X164.003 Y128.612 E2044.97646
G1 F6805.3 X165.195 Y128.684 E2045.04895
G1 F3600 E2043.24895
G1 F600 Z6.1
G0 F12000 X180.811 Y128.212 Z6.1
G1 F600 Z5.1
G1 F3000 E2045.04895
G1 F6000 X165.672 Y128.212 E2046.09124
G1 X165.319 Y128.17 E2046.11572
G1 X164.691 Y128.018 E2046.1602
G1 X164.336 Y127.883 E2046.18635
G1 X163.751 Y127.539 E2046.23308
G1 X163.227 Y127.069 E2046.28154
G1 X162.963 Y126.74 E2046.31058
G1 X162.647 Y126.207 E2046.35324
G1 X162.501 Y125.831 E2046.38101
G1 X162.308 Y125.014 E2046.43881
G1 X162.308 Y118.572 E2046.88233
G1 X162.337 Y118.277 E2046.90274
G1 X162.508 Y117.561 E2046.95342
G1 X162.736 Y117.035 E2046.99289
G1 X163.018 Y116.608 E2047.02812
G1 X163.471 Y116.111 E2047.07442
G1 X164.042 Y115.695 E2047.12306
G1 X164.648 Y115.415 E2047.16902
G1 X164.941 Y115.326 E2047.1901
G1 X165.684 Y115.212 E2047.24186
G1 X195.956 Y115.212 E2049.32604
G1 X196.675 Y115.323 E2049.37612
G1 X196.966 Y115.411 E2049.39706
G1 X197.578 Y115.695 E2049.44351
G1 X198.149 Y116.111 E2049.49215
G1 X198.607 Y116.615 E2049.53903
G1 X198.882 Y117.034 E2049.57354
G1 X199.177 Y117.711 E2049.62438
G1 X199.308 Y118.58 E2049.68489
G1 X199.308 Y125.031 E2050.12903
G1 X199.109 Y125.871 E2050.18846
G1 X198.776 Y126.551 E2050.24059
G1 X198.428 Y127.02 E2050.2808
G1 X198.18 Y127.281 E2050.30559
G1 X197.631 Y127.696 E2050.35297
G1 X196.925 Y128.018 E2050.40639
G1 X196.112 Y128.212 E2050.46394
G1 X180.811 Y128.212 E2051.51739
G0 F12000 X180.811 Y127.612
G1 F6000 X165.563 Y127.612 E2052.56719
G1 X164.708 Y127.405 E2052.62776
G1 X164.131 Y127.074 E2052.67355
G1 X163.695 Y126.693 E2052.71342
G1 X163.437 Y126.372 E2052.74177
G1 X163.113 Y125.815 E2052.78614
G1 X162.908 Y124.949 E2052.84741
G1 X162.908 Y118.47 E2053.29348
G1 X163.063 Y117.789 E2053.34156
G1 X163.259 Y117.33 E2053.37592
G1 X163.516 Y116.942 E2053.40797
G1 X163.899 Y116.532 E2053.44659
G1 X164.372 Y116.196 E2053.48654
G1 X164.962 Y115.931 E2053.53107
G1 X165.684 Y115.812 E2053.58145
G1 X195.956 Y115.812 E2055.66563
G1 X196.651 Y115.927 E2055.71413
G1 X197.248 Y116.196 E2055.75921
G1 X197.721 Y116.532 E2055.79916
G1 X198.109 Y116.949 E2055.83837
G1 X198.36 Y117.329 E2055.86973
G1 X198.595 Y117.878 E2055.91084
G1 X198.708 Y118.58 E2055.9598
G1 X198.708 Y124.955 E2056.39871
G1 X198.608 Y125.464 E2056.43442
G1 X198.368 Y126.094 E2056.48083
G1 X197.876 Y126.758 E2056.53773
G1 X197.348 Y127.166 E2056.58367
G1 X196.784 Y127.435 E2056.62669
G1 X196.046 Y127.612 E2056.67894
G1 X180.811 Y127.612 E2057.72785
G1 F3600 E2055.92785
G1 F600 Z6.1
G0 F12000 X180.811 Y134.108 Z6.1
G1 F600 Z5.1
G1 F3000 E2057.72785
G1 F6000 X188.711 Y134.108 E2058.27175
G1 X188.718 Y133.481 E2058.31493
G1 X188.8 Y132.773 E2058.364
G1 X188.943 Y132.182 E2058.40586
G1 X189.201 Y131.532 E2058.45401
G1 X189.636 Y130.763 E2058.51484
G1 X190.083 Y130.233 E2058.56257
G1 X190.662 Y129.699 E2058.6168
G1 X191.009 Y129.458 E2058.64589
G1 F6020.1 X191.67 Y129.091 E2058.69777
G1 F6196.2 X192.057 Y128.939 E2058.72548
G1 F6629.8 X192.725 Y128.771 E2058.7684
G1 F6451.6 X191.597 Y128.81 E2058.84067
G1 F6020.1 X169.557 Y128.813 E2060.35303
G1 F6451.6 X168.946 Y128.772 E2060.39224
G1 F7563 X168.334 Y128.73 E2060.42575
G1 F7362 X169.129 Y128.823 E2060.47066
G1 F6293.7 X169.537 Y128.915 E2060.49811
G1 F6000 X170.287 Y129.253 E2060.55475
G1 X170.926 Y129.678 E2060.60759
G1 X171.294 Y129.99 E2060.6408
G1 X171.901 Y130.65 E2060.70254
G1 X172.37 Y131.407 E2060.76385
G1 X172.697 Y132.248 E2060.82597
G1 X172.908 Y133.336 E2060.90228
G1 X172.908 Y134.108 E2060.95543
G1 X180.811 Y134.108 E2061.49954
G1 F3600 E2059.69954
G1 F600 Z6.1
G0 F12000 X192.725 Y128.771 Z6.1
G1 F600 Z5.1
G1 F3000 E2061.49954
G1 F7346.9 X193.421 Y128.712 E2061.53881
G1 F8372.1 X195.944 Y128.712 E2061.6633
G1 F8674.7 X196.292 Y128.697 E2061.67989
G1 F7422.7 X197.067 Y128.641 E2061.72313
G1 F6315.8 X197.611 Y128.612 E2061.75876
G1 F6000 X199.806 Y128.612 E2061.90988
G1 X200.16 Y128.532 E2061.93487
G1 X200.359 Y128.412 E2061.95087
G1 X200.545 Y128.209 E2061.96983
G1 X200.665 Y127.972 E2061.98812
G1 X200.708 Y127.629 E2062.01192
G1 F5921.1 X200.7 Y126.311 E2062.10387
G1 F5389.2 X200.649 Y125.295 E2062.18184
G1 F5077.6 X200.658 Y124.86 E2062.21724
G1 F5142.9 X200.658 Y118.58 E2062.72167
G1 F5063.3 X200.647 Y118.115 E2062.75962
G1 F5365.1 X200.698 Y117.128 E2062.83572
G1 F5901.6 X200.714 Y116.45 E2062.88319
G1 F6000 X200.794 Y116.023 E2062.9131
G1 X200.951 Y115.547 E2062.9476
G1 X201.342 Y114.812 E2063.00492
G1 X197.601 Y114.812 E2063.26249
G1 F6440.1 X196.971 Y114.771 E2063.30298
G1 F7547.2 X196.34 Y114.731 E2063.33759
G1 F7258.1 X197.188 Y114.879 E2063.38658
G1 F6228.4 X197.562 Y115.01 E2063.41286
G1 F6000 X198.235 Y115.41 E2063.46677
G1 X198.576 Y115.69 E2063.49714
G1 X199.106 Y116.281 E2063.5518
G1 X199.404 Y116.739 E2063.58942
G1 F5825.2 X199.782 Y117.559 E2063.65345
G1 F5325.4 X199.958 Y118.289 E2063.7117
G1 F5056.2 X199.958 Y125.15 E2064.27224
G1 F5225 X199.819 Y125.7 E2064.31709
G1 F5678.2 X199.511 Y126.465 E2064.37709
G1 F6000 X199.258 Y126.909 E2064.41227
G1 X198.909 Y127.378 E2064.45252
G1 X198.563 Y127.743 E2064.48715
G1 X198.263 Y127.991 E2064.51394
G1 X197.562 Y128.413 E2064.57028
G1 F6315.8 X197.059 Y128.572 E2064.60478
G1 F7422.7 X196.292 Y128.697 E2064.64803
G1 F3600 E2062.84803
G1 F600 Z6.1
G0 F12000 X180.811 Y134.708 Z6.1
G1 F600 Z5.1
G1 F3000 E2064.64803
G1 F6000 X189.31 Y134.708 E2065.23317
G1 X189.316 Y133.53 E2065.31428
G1 X189.384 Y132.912 E2065.35708
G1 X189.52 Y132.346 E2065.39716
G1 X189.753 Y131.765 E2065.44026
G1 X190.133 Y131.104 E2065.49275
G1 X190.541 Y130.62 E2065.53633
G1 X191.148 Y130.067 E2065.59287
G1 X192.111 Y129.53 E2065.66878
G1 X192.821 Y129.322 E2065.71972
G1 X193.459 Y129.212 E2065.76429
G1 X199.854 Y129.212 E2066.20458
G1 X200.39 Y129.088 E2066.24245
G1 X200.759 Y128.863 E2066.27221
G1 X201.027 Y128.572 E2066.29945
G1 X201.237 Y128.159 E2066.33135
G1 X201.308 Y127.652 E2066.36659
G1 X201.312 Y116.499 E2067.13446
G1 X201.52 Y115.737 E2067.18884
G1 X201.755 Y115.297 E2067.22318
G1 X202.178 Y114.823 E2067.26692
G1 X202.382 Y114.664 E2067.28473
G1 F6741.6 X202.874 Y114.478 E2067.31696
G1 F9375 X203.724 Y114.362 E2067.35476
G1 F12000 X204.498 Y114.362 E2067.38141
G1 X204.498 Y114.062 E2067.39173
G1 F11764.7 X203.463 Y114.068 E2067.42808
G1 F9230.8 X202.823 Y114.146 E2067.45693
G1 F6741.6 X202.226 Y114.212 E2067.49373
G1 F6020.1 X187.97 Y114.212 E2068.47196
G1 F6050.4 X173.714 Y114.212 E2069.44529
G1 F6081.1 X159.458 Y114.212 E2070.41371
G1 F7200 X158.653 Y114.117 E2070.46021
G1 F9944.8 X158.172 Y114.062 E2070.48032
G1 F11764.7 X157.12 Y114.062 E2070.51726
G1 F12000 X157.121 Y114.362 E2070.52759
G1 F11920.5 X157.919 Y114.362 E2070.55524
G1 F10084 X158.59 Y114.443 E2070.58293
G1 F7258.1 X159.217 Y114.662 E2070.62073
G1 F6101.7 X159.431 Y114.815 E2070.63854
G1 F6000 X159.865 Y115.297 E2070.68319
G1 X160.106 Y115.758 E2070.71901
G1 X160.304 Y116.504 E2070.77215
G1 X160.308 Y127.762 E2071.54724
G1 X160.353 Y128.052 E2071.56745
G1 X160.52 Y128.464 E2071.59806
G1 X160.756 Y128.764 E2071.62434
G1 X161.056 Y129 E2071.65062
G1 X161.463 Y129.163 E2071.6808
G1 X161.766 Y129.212 E2071.70193
G1 X168.1 Y129.212 E2072.13802
G1 X169.19 Y129.416 E2072.21437
G1 X169.969 Y129.762 E2072.27305
G1 X170.362 Y130.006 E2072.3049
G1 X171.001 Y130.524 E2072.36153
G1 X171.491 Y131.129 E2072.41514
G1 X171.83 Y131.676 E2072.45944
G1 X172.102 Y132.36 E2072.51012
G1 X172.308 Y133.389 E2072.58237
G1 X172.308 Y134.708 E2072.67318
G1 X180.811 Y134.708 E2073.2586
G0 F12000 X180.811 Y135.308
G1 F6000 X189.909 Y135.308 E2073.88498
G1 X189.914 Y133.578 E2074.00409
G1 X189.968 Y133.051 E2074.04057
G1 X190.098 Y132.51 E2074.07887
G1 X190.306 Y131.998 E2074.11692
G1 X190.626 Y131.45 E2074.16061
G1 X191.05 Y130.948 E2074.20585
G1 X191.513 Y130.551 E2074.24784
G1 X192.341 Y130.089 E2074.31312
G1 X192.924 Y129.913 E2074.35505
G1 X193.509 Y129.812 E2074.39592
G1 X199.901 Y129.812 E2074.836
G1 X200.294 Y129.749 E2074.86341
G1 X200.619 Y129.645 E2074.8869
G1 X201.159 Y129.315 E2074.93047
G1 X201.509 Y128.935 E2074.96604
G1 X201.809 Y128.346 E2075.01155
G1 X201.908 Y127.674 E2075.05831
G1 X201.91 Y116.547 E2075.82439
G1 X202.09 Y115.927 E2075.86884
G1 X202.23 Y115.663 E2075.88941
G1 X202.548 Y115.295 E2075.9229
G1 X203.035 Y114.986 E2075.96261
G1 X203.611 Y114.812 E2076.00403
G1 X204.948 Y114.812 E2076.09608
G1 X204.948 Y113.612 E2076.1787
G1 X156.67 Y113.612 E2079.50257
G1 X156.671 Y114.812 E2079.58519
G1 X157.808 Y114.812 E2079.66347
G1 X158.192 Y114.856 E2079.69008
G1 X158.643 Y115.008 E2079.72285
G1 X158.857 Y115.13 E2079.73981
G1 X159.23 Y115.455 E2079.77387
G1 X159.534 Y115.939 E2079.81322
G1 X159.706 Y116.553 E2079.85712
G1 X159.708 Y127.807 E2080.63194
G1 X159.767 Y128.191 E2080.65869
G1 X160.013 Y128.79 E2080.70327
G1 X160.329 Y129.191 E2080.73842
G1 X160.73 Y129.507 E2080.77357
G1 X160.998 Y129.645 E2080.79432
G1 X161.325 Y129.749 E2080.81795
G1 X161.719 Y129.812 E2080.84542
G1 X168.048 Y129.812 E2081.28116
G1 X169.008 Y129.993 E2081.34842
G1 X169.652 Y130.271 E2081.39671
G1 X170.15 Y130.593 E2081.43754
G1 X170.621 Y131.007 E2081.48072
G1 X170.944 Y131.385 E2081.51495
G1 X171.292 Y131.947 E2081.56046
G1 X171.525 Y132.526 E2081.60343
G1 X171.708 Y133.449 E2081.66821
G1 X171.708 Y135.308 E2081.7962
G1 X180.811 Y135.308 E2082.42293
G0 F12000 X180.811 Y135.908
;TYPE:WALL-OUTER
G1 F6000 X190.508 Y135.908 E2083.09055
G1 X190.512 Y133.627 E2083.2476
G1 X190.552 Y133.19 E2083.27781
G1 X190.675 Y132.674 E2083.31433
G1 X190.859 Y132.231 E2083.34736
G1 X191.134 Y131.778 E2083.38384
G1 X191.492 Y131.36 E2083.42173
G1 X191.885 Y131.03 E2083.45706
G1 X192.6 Y130.638 E2083.5132
G1 X193.028 Y130.504 E2083.54408
G1 X193.536 Y130.416 E2083.57958
G1 X199.948 Y130.412 E2084.02103
G1 X200.434 Y130.335 E2084.05491
G1 X200.849 Y130.201 E2084.08494
G1 X201.215 Y130.015 E2084.1132
G1 X201.559 Y129.766 E2084.14244
G1 X201.991 Y129.298 E2084.18629
G1 X202.212 Y128.934 E2084.21561
G1 X202.381 Y128.534 E2084.2455
G1 X202.474 Y128.141 E2084.27331
G1 X202.508 Y127.696 E2084.30404
G1 X202.508 Y116.595 E2085.06832
G1 X202.659 Y116.117 E2085.10284
G1 X202.918 Y115.767 E2085.13281
G1 X203.217 Y115.558 E2085.15793
G1 X203.672 Y115.416 E2085.19074
G1 X205.548 Y115.412 E2085.3199
G1 X205.548 Y113.012 E2085.48514
G1 X156.069 Y113.012 E2088.8917
G1 X156.072 Y115.412 E2089.05693
G1 X157.85 Y115.414 E2089.17934
G1 X158.11 Y115.45 E2089.19742
G1 X158.42 Y115.565 E2089.22018
G1 X158.754 Y115.821 E2089.24915
G1 X158.962 Y116.121 E2089.27429
G1 X159.108 Y116.603 E2089.30896
G1 X159.108 Y127.853 E2090.08351
G1 X159.181 Y128.33 E2090.11673
G1 X159.318 Y128.752 E2090.14728
G1 X159.506 Y129.116 E2090.17548
G1 X159.902 Y129.618 E2090.2195
G1 X160.404 Y130.014 E2090.26352
G1 X160.768 Y130.201 E2090.2917
G1 X161.186 Y130.335 E2090.32192
G1 X161.672 Y130.412 E2090.3558
G1 X168.016 Y130.417 E2090.79257
G1 X168.858 Y130.582 E2090.85165
G1 X169.335 Y130.781 E2090.88723
G1 X169.727 Y131.025 E2090.91902
G1 X170.165 Y131.397 E2090.95858
G1 X170.445 Y131.725 E2090.98827
G1 X170.762 Y132.236 E2091.02968
G1 X170.949 Y132.692 E2091.06361
G1 X171.103 Y133.482 E2091.11902
G1 X171.108 Y135.908 E2091.28605
G1 X180.811 Y135.908 E2091.95409
G0 F12000 X181.011 Y135.908
G1 F3600 E2090.15409
G1 F600 Z6.1
G0 F12000 X180.808 Y127.01 Z6.1
G1 F600 Z5.1
G1 F3000 E2091.95409
G1 F6000 X165.634 Y127.012 E2092.99879
G1 X164.934 Y126.843 E2093.04837
G1 X164.51 Y126.609 E2093.08171
G1 X164.162 Y126.317 E2093.11299
G1 X163.885 Y125.966 E2093.14377
G1 X163.668 Y125.551 E2093.17602
G1 X163.512 Y124.9 E2093.22211
G1 X163.513 Y118.513 E2093.66184
G1 X163.601 Y118.073 E2093.69273
G1 X163.771 Y117.646 E2093.72438
G1 X164.014 Y117.276 E2093.75485
G1 X164.326 Y116.953 E2093.78577
G1 X164.702 Y116.697 E2093.81709
G1 X165.167 Y116.505 E2093.85173
G1 X165.632 Y116.416 E2093.88432
G1 X196.014 Y116.417 E2095.97608
G1 X196.446 Y116.501 E2096.00638
G1 X196.918 Y116.697 E2096.04156
G1 X197.294 Y116.953 E2096.07288
G1 X197.611 Y117.283 E2096.10438
G1 X197.826 Y117.604 E2096.13098
G1 X198.002 Y118.017 E2096.16189
G1 X198.108 Y118.58 E2096.20134
G1 X198.103 Y124.918 E2096.6377
G1 X198.019 Y125.35 E2096.668
G1 X197.836 Y125.804 E2096.7017
G1 X197.443 Y126.334 E2096.74712
G1 X197.116 Y126.604 E2096.77632
G1 X196.682 Y126.843 E2096.81043
G1 X195.996 Y127.008 E2096.85901
G1 X180.808 Y127.01 E2097.90468
G0 F12000 X180.608 Y127.01
G1 F3600 E2096.10468
G1 F600 Z6.1
G0 F12000 X180.809 Y133.536 Z6.1
;TYPE:SKIN
G1 F600 Z5.1
G1 F3000 E2097.90468
G1 F6000 X173.462 Y133.536 E2098.41051
G1 X173.432 Y133.053 E2098.44383
G1 X173.259 Y132.139 E2098.50787
G1 X173.022 Y131.516 E2098.55376
G1 X188.59 Y131.517 E2099.6256
G1 X188.4 Y131.998 E2099.6612
G1 X188.196 Y132.833 E2099.72038
G1 X188.154 Y133.535 E2099.7688
G1 X180.809 Y133.536 E2100.27449
G1 F3600 E2098.47449
G1 F600 Z6.1
G0 F12000 X173.965 Y133.235 Z6.1
G1 F600 Z5.1
G1 F3000 E2100.27449
G1 F6000 X173.723 Y132.994 E2100.29801
G0 F12000 X173.496 Y131.918
G1 F6000 X174.813 Y133.235 E2100.42624
G0 F12000 X175.662 Y133.235
G1 F6000 X174.243 Y131.817 E2100.56435
G0 F12000 X175.092 Y131.817
G1 F6000 X176.51 Y133.235 E2100.70242
G0 F12000 X177.359 Y133.235
G1 F6000 X175.94 Y131.817 E2100.84053
G0 F12000 X176.789 Y131.817
G1 F6000 X178.207 Y133.235 E2100.9786
G0 F12000 X179.056 Y133.235
G1 F6000 X177.637 Y131.817 E2101.11671
G0 F12000 X178.486 Y131.817
G1 F6000 X179.904 Y133.235 E2101.25478
G0 F12000 X180.753 Y133.235
G1 F6000 X179.334 Y131.817 E2101.39289
G0 F12000 X180.183 Y131.817
G1 F6000 X181.601 Y133.234 E2101.53091
G0 F12000 X182.449 Y133.234
G1 F6000 X181.031 Y131.817 E2101.66893
G0 F12000 X181.88 Y131.817
G1 F6000 X183.298 Y133.234 E2101.80694
G0 F12000 X184.146 Y133.234
G1 F6000 X182.728 Y131.817 E2101.94496
G0 F12000 X183.577 Y131.817
G1 F6000 X184.995 Y133.234 E2102.08298
G0 F12000 X185.843 Y133.234
G1 F6000 X184.425 Y131.817 E2102.22099
G0 F12000 X185.274 Y131.817
G1 F6000 X186.692 Y133.234 E2102.35901
G0 F12000 X187.54 Y133.234
G1 F6000 X186.123 Y131.817 E2102.49698
G0 F12000 X186.971 Y131.817
G1 F6000 X187.907 Y132.753 E2102.58811
G0 F12000 X188.072 Y132.069
G1 F6000 X187.82 Y131.817 E2102.61265
G1 F3600 E2100.81265
G1 F600 Z6.1
G0 F12000 X210.27 Y114.212 Z6.1
;TYPE:WALL-INNER
G1 F600 Z5.1
G1 F3000 E2102.61265
G1 F6000 X211.308 Y114.212 E2102.68412
G1 F3600 E2100.88412
G1 F600 Z6.1
G0 F12000 X209.671 Y114.812 Z6.1
G1 F600 Z5.1
G1 F3000 E2102.68412
G1 F6000 X211.908 Y114.812 E2102.83813
G1 X211.908 Y113.612 E2102.92075
G1 X209.67 Y113.612 E2103.07483
G1 X209.671 Y114.812 E2103.15745
G0 F12000 X209.072 Y115.412
;TYPE:WALL-OUTER
G1 F6000 X212.508 Y115.412 E2103.39401
G1 X212.508 Y113.012 E2103.55925
G1 X209.069 Y113.012 E2103.79602
G1 X209.072 Y115.412 E2103.96125
G0 F12000 X209.272 Y115.412
G1 F3600 E2102.16125
G1 F600 Z6.1
G0 F12000 X151.348 Y114.212 Z6.1
;TYPE:WALL-INNER
G1 F600 Z5.1
G1 F3000 E2103.96125
G1 F6000 X150.308 Y114.212 E2104.03286
G1 F3600 E2102.23286
G1 F600 Z6.1
G0 F12000 X151.948 Y114.812 Z6.1
G1 F600 Z5.1
G1 F3000 E2104.03286
G1 F6000 X151.948 Y113.612 E2104.11548
G1 X149.708 Y113.612 E2104.2697
G1 X149.708 Y114.812 E2104.35231
G1 X151.948 Y114.812 E2104.50653
G0 F12000 X152.548 Y115.412
;TYPE:WALL-OUTER
G1 F6000 X152.548 Y113.012 E2104.67177
G1 X149.108 Y113.012 E2104.90861
G1 X149.108 Y115.412 E2105.07385
G1 X152.548 Y115.412 E2105.31069
G0 F12000 X152.548 Y115.212
G1 F3600 E2103.51069
G1 F600 Z6.1
;MESH:NONMESH
G0 F12000 X155.22 Y111.813 Z6.1
;TIME_ELAPSED:764.071086
;LAYER:17
G0 X155.22 Y111.813 Z6.4
G0 X154.904 Y112.588
;TYPE:SUPPORT
G1 F600 Z5.4
G1 F3000 E2105.31069
G1 F6000 X154.905 Y115.838 E2105.53444
G1 X155.219 Y116.152 E2105.56502
G1 X155.219 Y116.613 E2105.59675
G1 X153.402 Y116.613 E2105.72185
G1 X153.402 Y116.154 E2105.75345
G1 X153.718 Y115.838 E2105.78422
G1 X153.718 Y112.588 E2106.00798
G1 X153.402 Y112.272 E2106.03875
G1 X153.402 Y111.813 E2106.07035
G1 X155.22 Y111.813 E2106.19552
G1 X155.22 Y112.272 E2106.22712
G1 X154.904 Y112.588 E2106.25788
G1 F3600 E2104.45788
G1 F600 Z6.4
G0 F12000 X208 Y111.813 Z6.4
G1 F600 Z5.4
G1 F3000 E2106.25788
G1 F6000 X208 Y112.492 E2106.30463
G1 X208.22 Y112.272 E2106.32605
G1 X208.22 Y111.813 E2106.35765
G1 X206.403 Y111.813 E2106.48275
G1 X206.215 Y112.085 E2106.50552
G1 X206.718 Y112.588 E2106.55449
G1 X206.718 Y115.838 E2106.77825
G1 X206.219 Y116.336 E2106.82679
G1 X206.402 Y116.613 E2106.84964
G1 X208 Y116.613 E2106.95966
G1 X208 Y115.934 E2107.00641
G1 F3600 E2105.20641
G1 F600 Z6.4
;MESH:LC-GR3005??????RFID?????????-WB.stl
G0 F12000 X196.341 Y114.731 Z6.4
;TYPE:WALL-INNER
G1 F600 Z5.4
G1 F3000 E2107.00641
G1 F8612.4 X195.956 Y114.712 E2107.0249
G1 F9000 X165.684 Y114.712 E2108.41435
G1 F8674.7 X165.336 Y114.727 E2108.43094
G1 F3600 E2106.63094
G1 F600 Z6.4
G0 F12000 X165.195 Y128.684 Z6.4
G1 F600 Z5.4
G1 F3000 E2108.43094
G1 F8391.6 X165.672 Y128.712 E2108.45446
G1 F9000 X167.96 Y128.712 E2108.55948
G1 F8612.4 X168.332 Y128.729 E2108.57734
G1 F3600 E2106.77734
G1 F600 Z6.4
G0 F12000 X165.195 Y128.684 Z6.4
G1 F600 Z5.4
G1 F3000 E2108.57734
G1 F7258.1 X164.557 Y128.57 E2108.61423
G1 F6338 X164.053 Y128.412 E2108.64865
G1 F6000 X163.372 Y128.004 E2108.70331
G1 X162.76 Y127.446 E2108.76033
G1 X162.489 Y127.108 E2108.79016
G1 X162.122 Y126.497 E2108.83923
G1 F5815.8 X161.899 Y125.976 E2108.87948
G1 F5341.2 X161.658 Y125.145 E2108.9464
G1 F5106.4 X161.658 Y118.572 E2109.47814
G1 F5056.2 X161.687 Y118.147 E2109.51294
G1 F5286.3 X161.842 Y117.544 E2109.56159
G1 F5815.8 X162.213 Y116.741 E2109.62442
G1 F6000 X162.519 Y116.274 E2109.66286
G1 X163.044 Y115.69 E2109.71693
G1 X163.385 Y115.41 E2109.7473
G1 X164.062 Y115.009 E2109.80148
G1 F6569.3 X164.603 Y114.814 E2109.83764
G1 F7775.4 X165.336 Y114.727 E2109.87685
G1 F7627.1 X164.68 Y114.77 E2109.91246
G1 F6451.6 X164.023 Y114.812 E2109.95461
G1 F6000 X160.279 Y114.812 E2110.21238
G1 X160.678 Y115.576 E2110.27172
G1 X160.821 Y116.028 E2110.30436
G1 X160.903 Y116.454 E2110.33423
G1 F5882.4 X160.92 Y117.127 E2110.38151
G1 F5341.2 X160.971 Y118.077 E2110.45509
G1 F5056.2 X160.958 Y118.572 E2110.49554
G1 F5142.9 X160.958 Y124.848 E2110.99965
G1 F5070.4 X160.967 Y125.283 E2111.0351
G1 F5301.9 X160.927 Y126.091 E2111.09813
G1 F5815.8 X160.909 Y126.81 E2111.14922
G1 F6000 X160.908 Y127.716 E2111.21159
G1 X161.027 Y128.137 E2111.24171
G1 X161.183 Y128.337 E2111.25918
G1 X161.382 Y128.494 E2111.27663
G1 X161.813 Y128.612 E2111.30739
G1 X164.003 Y128.612 E2111.45817
G1 F6805.3 X165.195 Y128.684 E2111.53066
G1 F3600 E2109.73066
G1 F600 Z6.4
G0 F12000 X180.811 Y128.212 Z6.4
G1 F600 Z5.4
G1 F3000 E2111.53066
G1 F6000 X165.672 Y128.212 E2112.57296
G1 X165.319 Y128.17 E2112.59743
G1 X164.691 Y128.018 E2112.64192
G1 X164.336 Y127.883 E2112.66807
G1 X163.751 Y127.539 E2112.71479
G1 X163.227 Y127.069 E2112.76325
G1 X162.963 Y126.74 E2112.79229
G1 X162.647 Y126.207 E2112.83495
G1 X162.501 Y125.831 E2112.86272
G1 X162.308 Y125.014 E2112.92052
G1 X162.308 Y118.572 E2113.36404
G1 X162.337 Y118.277 E2113.38445
G1 X162.508 Y117.561 E2113.43513
G1 X162.736 Y117.035 E2113.4746
G1 X163.018 Y116.608 E2113.50983
G1 X163.471 Y116.111 E2113.55613
G1 X164.042 Y115.695 E2113.60477
G1 X164.648 Y115.415 E2113.65073
G1 X164.941 Y115.326 E2113.67182
G1 X165.684 Y115.212 E2113.72357
G1 X195.956 Y115.212 E2115.80775
G1 X196.675 Y115.323 E2115.85784
G1 X196.966 Y115.411 E2115.87877
G1 X197.578 Y115.695 E2115.92522
G1 X198.149 Y116.111 E2115.97386
G1 X198.607 Y116.615 E2116.02075
G1 X198.882 Y117.034 E2116.05525
G1 X199.177 Y117.711 E2116.1061
G1 X199.308 Y118.58 E2116.1666
G1 X199.308 Y125.031 E2116.61074
G1 X199.109 Y125.871 E2116.67018
G1 X198.776 Y126.551 E2116.72231
G1 X198.428 Y127.02 E2116.76251
G1 X198.18 Y127.281 E2116.7873
G1 X197.631 Y127.696 E2116.83468
G1 X196.925 Y128.018 E2116.88811
G1 X196.112 Y128.212 E2116.94565
G1 X180.811 Y128.212 E2117.9991
G0 F12000 X180.811 Y127.612
G1 F6000 X165.563 Y127.612 E2119.0489
G1 X164.708 Y127.405 E2119.10947
G1 X164.131 Y127.074 E2119.15527
G1 X163.695 Y126.693 E2119.19513
G1 X163.437 Y126.372 E2119.22349
G1 X163.113 Y125.815 E2119.26785
G1 X162.908 Y124.949 E2119.32912
G1 X162.908 Y118.47 E2119.77519
G1 X163.063 Y117.789 E2119.82328
G1 X163.259 Y117.33 E2119.85764
G1 X163.516 Y116.942 E2119.88968
G1 X163.899 Y116.532 E2119.92831
G1 X164.372 Y116.196 E2119.96825
G1 X164.962 Y115.931 E2120.01278
G1 X165.684 Y115.812 E2120.06316
G1 X195.956 Y115.812 E2122.14734
G1 X196.651 Y115.927 E2122.19584
G1 X197.248 Y116.196 E2122.24093
G1 X197.721 Y116.532 E2122.28087
G1 X198.109 Y116.949 E2122.32009
G1 X198.36 Y117.329 E2122.35144
G1 X198.595 Y117.878 E2122.39256
G1 X198.708 Y118.58 E2122.44151
G1 X198.708 Y124.955 E2122.88042
G1 X198.608 Y125.464 E2122.91613
G1 X198.368 Y126.094 E2122.96255
G1 X197.876 Y126.758 E2123.01945
G1 X197.348 Y127.166 E2123.06539
G1 X196.784 Y127.435 E2123.10841
G1 X196.046 Y127.612 E2123.16066
G1 X180.811 Y127.612 E2124.20957
G1 F3600 E2122.40957
G1 F600 Z6.4
G0 F12000 X180.811 Y133.596 Z6.4
G1 F600 Z5.4
G1 F3000 E2124.20957
G1 F6000 X188.708 Y133.596 E2124.75326
G1 X188.733 Y133.209 E2124.77996
G1 X188.878 Y132.427 E2124.83472
G1 X189.034 Y131.928 E2124.87071
G1 X189.369 Y131.21 E2124.92526
G1 X189.588 Y130.866 E2124.95334
G1 X190.056 Y130.271 E2125.00546
G1 X190.362 Y129.956 E2125.03569
G1 X190.991 Y129.469 E2125.09046
G1 X191.527 Y129.156 E2125.1332
G1 F6122.4 X191.899 Y128.999 E2125.16044
G1 F6405.7 X192.627 Y128.774 E2125.20958
G1 F6271.8 X191.434 Y128.812 E2125.28819
G1 F6000 X169.582 Y128.812 E2126.79267
G1 F6440.1 X168.957 Y128.77 E2126.83285
G1 F7547.2 X168.331 Y128.729 E2126.86719
G1 F7332 X169.131 Y128.822 E2126.91256
G1 F6282.7 X169.56 Y128.923 E2126.94154
G1 F6000 X170.333 Y129.288 E2127.0004
G1 X170.922 Y129.68 E2127.04911
G1 X171.241 Y129.943 E2127.07757
G1 X171.819 Y130.573 E2127.13644
G1 X172.346 Y131.35 E2127.20108
G1 X172.628 Y132.041 E2127.25246
G1 X172.847 Y132.86 E2127.31083
G1 X172.906 Y133.596 E2127.36166
G1 X180.811 Y133.596 E2127.90591
G1 F3600 E2126.10591
G1 F600 Z6.4
G0 F12000 X192.725 Y128.771 Z6.4
G1 F600 Z5.4
G1 F3000 E2127.90591
G1 F7346.9 X193.421 Y128.712 E2127.94518
G1 F8372.1 X195.944 Y128.712 E2128.06967
G1 F8674.7 X196.292 Y128.697 E2128.08626
G1 F7422.7 X197.067 Y128.641 E2128.1295
G1 F6315.8 X197.611 Y128.612 E2128.16513
G1 F6000 X199.806 Y128.612 E2128.31626
G1 X200.16 Y128.532 E2128.34124
G1 X200.359 Y128.412 E2128.35724
G1 X200.545 Y128.209 E2128.3762
G1 X200.665 Y127.972 E2128.39449
G1 X200.708 Y127.629 E2128.41829
G1 F5921.1 X200.7 Y126.311 E2128.51024
G1 F5389.2 X200.649 Y125.295 E2128.58822
G1 F5077.6 X200.658 Y124.86 E2128.62362
G1 F5142.9 X200.658 Y118.58 E2129.12804
G1 F5063.3 X200.647 Y118.115 E2129.16599
G1 F5365.1 X200.698 Y117.128 E2129.24209
G1 F5901.6 X200.714 Y116.45 E2129.28956
G1 F6000 X200.794 Y116.023 E2129.31947
G1 X200.951 Y115.547 E2129.35398
G1 X201.342 Y114.812 E2129.4113
G1 X197.601 Y114.812 E2129.66886
G1 F6440.1 X196.971 Y114.771 E2129.70935
G1 F7547.2 X196.34 Y114.731 E2129.74396
G1 F7258.1 X197.188 Y114.879 E2129.79295
G1 F6228.4 X197.562 Y115.01 E2129.81924
G1 F6000 X198.235 Y115.41 E2129.87314
G1 X198.576 Y115.69 E2129.90352
G1 X199.106 Y116.281 E2129.95817
G1 X199.404 Y116.739 E2129.99579
G1 F5825.2 X199.782 Y117.559 E2130.05982
G1 F5325.4 X199.958 Y118.289 E2130.11807
G1 F5056.2 X199.958 Y125.15 E2130.67861
G1 F5225 X199.819 Y125.7 E2130.72346
G1 F5678.2 X199.511 Y126.465 E2130.78346
G1 F6000 X199.258 Y126.909 E2130.81864
G1 X198.909 Y127.378 E2130.85889
G1 X198.563 Y127.743 E2130.89352
G1 X198.263 Y127.991 E2130.92032
G1 X197.562 Y128.413 E2130.97665
G1 F6315.8 X197.059 Y128.572 E2131.01115
G1 F7422.7 X196.292 Y128.697 E2131.0544
G1 F3600 E2129.2544
G1 F600 Z6.4
G0 F12000 X180.811 Y134.196 Z6.4
G1 F600 Z5.4
G1 F3000 E2131.0544
G1 F6000 X189.308 Y134.196 E2131.63941
G1 X189.308 Y133.404 E2131.69394
G1 X189.451 Y132.605 E2131.74982
G1 X189.606 Y132.109 E2131.7856
G1 X189.957 Y131.368 E2131.84205
G1 X190.639 Y130.5 E2131.91805
G1 X191.293 Y129.987 E2131.97527
G1 X191.956 Y129.601 E2132.02809
G1 X192.702 Y129.343 E2132.08244
G1 X193.458 Y129.212 E2132.13526
G1 X199.854 Y129.212 E2132.57562
G1 X200.39 Y129.088 E2132.6135
G1 X200.759 Y128.863 E2132.64325
G1 X201.027 Y128.572 E2132.67049
G1 X201.237 Y128.159 E2132.70239
G1 X201.308 Y127.652 E2132.73764
G1 X201.312 Y116.499 E2133.5055
G1 X201.52 Y115.737 E2133.55988
G1 X201.755 Y115.297 E2133.59423
G1 X202.178 Y114.823 E2133.63797
G1 X202.382 Y114.664 E2133.65577
G1 F6741.6 X202.874 Y114.478 E2133.688
G1 F9045.2 X203.485 Y114.362 E2133.71641
G1 F11428.6 X204.398 Y114.362 E2133.74941
G1 F12000 X204.398 Y114.062 E2133.75973
G1 F11764.7 X203.463 Y114.068 E2133.79257
G1 F9230.8 X202.823 Y114.146 E2133.82142
G1 F6741.6 X202.226 Y114.212 E2133.85822
G1 F6020.1 X187.97 Y114.212 E2134.83646
G1 F6050.4 X173.714 Y114.212 E2135.80978
G1 F6081.1 X159.458 Y114.212 E2136.7782
G1 F7200 X158.653 Y114.117 E2136.8247
G1 F9944.8 X158.172 Y114.062 E2136.84481
G1 F11764.7 X157.22 Y114.062 E2136.87824
G1 F12000 X157.221 Y114.362 E2136.88857
G1 F11920.5 X157.919 Y114.362 E2136.91276
G1 F10084 X158.59 Y114.443 E2136.94044
G1 F7258.1 X159.217 Y114.662 E2136.97824
G1 F6101.7 X159.431 Y114.815 E2136.99605
G1 F6000 X159.865 Y115.297 E2137.04071
G1 X160.106 Y115.758 E2137.07652
G1 X160.304 Y116.504 E2137.12966
G1 X160.308 Y127.762 E2137.90476
G1 X160.353 Y128.052 E2137.92496
G1 X160.52 Y128.464 E2137.95557
G1 X160.756 Y128.764 E2137.98185
G1 X161.056 Y129 E2138.00813
G1 X161.463 Y129.163 E2138.03831
G1 X161.766 Y129.212 E2138.05945
G1 X168.098 Y129.212 E2138.4954
G1 X169.203 Y129.418 E2138.57278
G1 X170 Y129.787 E2138.63325
G1 X170.729 Y130.272 E2138.69354
G1 X171.322 Y130.91 E2138.7535
G1 X171.815 Y131.637 E2138.81398
G1 X172.066 Y132.251 E2138.85965
G1 X172.253 Y132.964 E2138.9104
G3 X172.3080 Y134.1960 I-7.7229 J0.9620 E2138.995370
G1 X180.811 Y134.196 E2139.58079
G0 F12000 X180.811 Y134.796
G1 F6000 X189.908 Y134.796 E2140.2071
G1 X189.908 Y133.454 E2140.2995
G1 X190.024 Y132.784 E2140.34631
G1 X190.178 Y132.291 E2140.38187
G1 X190.473 Y131.684 E2140.42834
G1 X191.058 Y130.938 E2140.49361
G1 X191.526 Y130.546 E2140.53564
G1 X192.208 Y130.149 E2140.58997
G1 X192.852 Y129.925 E2140.63691
G1 X193.51 Y129.812 E2140.68288
G1 X199.901 Y129.812 E2141.12289
G1 X200.294 Y129.749 E2141.15029
G1 X200.619 Y129.645 E2141.17378
G1 X201.159 Y129.315 E2141.21736
G1 X201.509 Y128.935 E2141.25292
G1 X201.809 Y128.346 E2141.29843
G1 X201.908 Y127.674 E2141.3452
G1 X201.91 Y116.547 E2142.11128
G1 X202.09 Y115.927 E2142.15572
G1 X202.23 Y115.663 E2142.1763
G1 X202.548 Y115.295 E2142.20978
G1 X203.035 Y114.986 E2142.24949
G1 X203.611 Y114.812 E2142.29092
G1 X204.848 Y114.812 E2142.37608
G1 X204.848 Y113.612 E2142.4587
G1 X156.77 Y113.612 E2145.7688
G1 X156.771 Y114.812 E2145.85142
G1 X157.808 Y114.812 E2145.92281
G1 X158.192 Y114.856 E2145.94942
G1 X158.643 Y115.008 E2145.98219
G1 X158.857 Y115.13 E2145.99915
G1 X159.23 Y115.455 E2146.03321
G1 X159.534 Y115.939 E2146.07256
G1 X159.706 Y116.553 E2146.11646
G1 X159.708 Y127.807 E2146.89128
G1 X159.767 Y128.191 E2146.91803
G1 X160.013 Y128.79 E2146.96261
G1 X160.329 Y129.191 E2146.99777
G1 X160.73 Y129.507 E2147.03292
G1 X160.998 Y129.645 E2147.05367
G1 X161.325 Y129.749 E2147.07729
G1 X161.719 Y129.812 E2147.10476
G1 X168.046 Y129.812 E2147.54037
G1 X169.016 Y129.994 E2147.60832
G1 X169.668 Y130.287 E2147.65753
G1 X170.256 Y130.679 E2147.70619
G1 X170.768 Y131.164 E2147.75474
G1 X171.229 Y131.842 E2147.81119
G1 X171.504 Y132.461 E2147.85782
G1 X171.643 Y133.001 E2147.89621
G1 X171.705 Y133.574 E2147.93589
G1 X171.708 Y134.796 E2148.02003
G1 X180.811 Y134.796 E2148.64675
G0 F12000 X180.811 Y135.396
;TYPE:WALL-OUTER
G1 F6000 X190.508 Y135.396 E2149.31438
G1 X190.511 Y133.489 E2149.44567
G1 X190.597 Y132.962 E2149.48243
G1 X190.768 Y132.427 E2149.5211
G1 X190.972 Y132.027 E2149.55202
G1 X191.515 Y131.337 E2149.61247
G1 X191.855 Y131.053 E2149.64297
G1 X192.485 Y130.688 E2149.6931
G1 X193.028 Y130.504 E2149.73257
G1 X193.536 Y130.416 E2149.76807
G1 X199.948 Y130.412 E2150.20952
G1 X200.434 Y130.335 E2150.2434
G1 X200.849 Y130.201 E2150.27343
G1 X201.215 Y130.015 E2150.30169
G1 X201.559 Y129.766 E2150.33093
G1 X201.991 Y129.298 E2150.37478
G1 X202.212 Y128.934 E2150.4041
G1 X202.381 Y128.534 E2150.43399
G1 X202.474 Y128.141 E2150.4618
G1 X202.508 Y127.696 E2150.49253
G1 X202.508 Y116.595 E2151.25681
G1 X202.659 Y116.117 E2151.29132
G1 X202.918 Y115.767 E2151.3213
G1 X203.217 Y115.558 E2151.34642
G1 X203.672 Y115.416 E2151.37923
G1 X205.448 Y115.412 E2151.50151
G1 X205.448 Y113.012 E2151.66675
G1 X156.169 Y113.012 E2155.05953
G1 X156.172 Y115.412 E2155.22477
G1 X157.85 Y115.414 E2155.34029
G1 X158.11 Y115.45 E2155.35837
G1 X158.42 Y115.565 E2155.38113
G1 X158.754 Y115.821 E2155.4101
G1 X158.962 Y116.121 E2155.43524
G1 X159.108 Y116.603 E2155.46991
G1 X159.108 Y127.853 E2156.24446
G1 X159.181 Y128.33 E2156.27768
G1 X159.318 Y128.752 E2156.30823
G1 X159.506 Y129.116 E2156.33643
G1 X159.902 Y129.618 E2156.38045
G1 X160.404 Y130.014 E2156.42447
G1 X160.768 Y130.201 E2156.45265
G1 X161.186 Y130.335 E2156.48287
G1 X161.672 Y130.412 E2156.51675
G1 X168.016 Y130.417 E2156.95352
G1 X168.836 Y130.571 E2157.01096
G1 X169.335 Y130.786 E2157.04837
G1 X169.969 Y131.215 E2157.10108
G1 X170.293 Y131.539 E2157.13262
G1 X170.733 Y132.179 E2157.1861
G1 X170.942 Y132.671 E2157.2229
G1 X171.06 Y133.144 E2157.25646
G1 X171.107 Y133.628 E2157.28994
G1 X171.108 Y135.396 E2157.41167
G1 X180.811 Y135.396 E2158.0797
G0 F12000 X181.011 Y135.396
G1 F3600 E2156.2797
G1 F600 Z6.4
G0 F12000 X180.808 Y127.01 Z6.4
G1 F600 Z5.4
G1 F3000 E2158.0797
G1 F6000 X165.634 Y127.012 E2159.12441
G1 X164.934 Y126.843 E2159.17399
G1 X164.51 Y126.609 E2159.20733
G1 X164.162 Y126.317 E2159.23861
G1 X163.885 Y125.966 E2159.26939
G1 X163.668 Y125.551 E2159.30163
G1 X163.512 Y124.9 E2159.34772
G1 X163.513 Y118.513 E2159.78746
G1 X163.601 Y118.073 E2159.81835
G1 X163.771 Y117.646 E2159.84999
G1 X164.014 Y117.276 E2159.88047
G1 X164.326 Y116.953 E2159.91139
G1 X164.702 Y116.697 E2159.94271
G1 X165.167 Y116.505 E2159.97734
G1 X165.632 Y116.416 E2160.00994
G1 X196.014 Y116.417 E2162.10169
G1 X196.446 Y116.501 E2162.13199
G1 X196.918 Y116.697 E2162.16718
G1 X197.294 Y116.953 E2162.1985
G1 X197.611 Y117.283 E2162.23
G1 X197.826 Y117.604 E2162.2566
G1 X198.002 Y118.017 E2162.28751
G1 X198.108 Y118.58 E2162.32695
G1 X198.103 Y124.918 E2162.76331
G1 X198.019 Y125.35 E2162.79361
G1 X197.836 Y125.804 E2162.82731
G1 X197.443 Y126.334 E2162.87274
G1 X197.116 Y126.604 E2162.90194
G1 X196.682 Y126.843 E2162.93605
G1 X195.996 Y127.008 E2162.98463
G1 X180.808 Y127.01 E2164.0303
G0 F12000 X180.608 Y127.01
G1 F3600 E2162.2303
G1 F600 Z6.4
G0 F12000 X180.811 Y133.024 Z6.4
;TYPE:SKIN
G1 F600 Z5.4
G1 F3000 E2164.0303
G1 F6000 X173.421 Y133.024 E2164.53909
G1 X173.358 Y132.56 E2164.57133
G1 X173.159 Y131.839 E2164.62282
G1 X172.951 Y131.323 E2164.66113
G1 X172.751 Y130.98 E2164.68846
G1 X188.842 Y130.981 E2165.7963
G1 X188.503 Y131.718 E2165.85215
G1 X188.266 Y132.486 E2165.90749
G1 X188.191 Y133.024 E2165.94489
G1 X180.811 Y133.024 E2166.45299
G1 F3600 E2164.65299
G1 F600 Z6.4
G0 F12000 X187.171 Y132.724 Z6.4
G1 F600 Z5.4
G1 F3000 E2166.45299
G1 F6000 X188.197 Y131.698 E2166.55289
G0 F12000 X187.767 Y131.28
G1 F6000 X186.323 Y132.724 E2166.69349
G0 F12000 X185.474 Y132.724
G1 F6000 X186.918 Y131.28 E2166.83408
G0 F12000 X186.069 Y131.28
G1 F6000 X184.626 Y132.724 E2166.97463
G0 F12000 X183.777 Y132.724
G1 F6000 X185.221 Y131.28 E2167.11523
G0 F12000 X184.372 Y131.28
G1 F6000 X182.929 Y132.724 E2167.25578
G0 F12000 X182.08 Y132.724
G1 F6000 X183.524 Y131.28 E2167.39637
G0 F12000 X182.675 Y131.28
G1 F6000 X181.231 Y132.724 E2167.53697
G0 F12000 X180.383 Y132.724
G1 F6000 X181.827 Y131.28 E2167.67757
G0 F12000 X180.978 Y131.28
G1 F6000 X179.534 Y132.724 E2167.81817
G0 F12000 X178.686 Y132.724
G1 F6000 X180.13 Y131.28 E2167.95876
G0 F12000 X179.281 Y131.28
G1 F6000 X177.837 Y132.724 E2168.09936
G0 F12000 X176.989 Y132.724
G1 F6000 X178.433 Y131.28 E2168.23996
G0 F12000 X177.584 Y131.28
G1 F6000 X176.14 Y132.724 E2168.38055
G0 F12000 X175.292 Y132.724
G1 F6000 X176.736 Y131.28 E2168.52115
G0 F12000 X175.887 Y131.28
G1 F6000 X174.443 Y132.724 E2168.66175
G0 F12000 X173.673 Y132.645
G1 F6000 X175.039 Y131.28 E2168.7947
G0 F12000 X174.19 Y131.28
G1 F6000 X173.503 Y131.967 E2168.86159
G1 F3600 E2167.06159
G1 F600 Z6.4
G0 F12000 X210.37 Y114.212 Z6.4
;TYPE:WALL-INNER
G1 F600 Z5.4
G1 F3000 E2168.86159
G1 F6000 X211.308 Y114.212 E2168.92617
G1 F3600 E2167.12617
G1 F600 Z6.4
G0 F12000 X209.771 Y114.812 Z6.4
G1 F600 Z5.4
G1 F3000 E2168.92617
G1 F6000 X211.908 Y114.812 E2169.0733
G1 X211.908 Y113.612 E2169.15592
G1 X209.77 Y113.612 E2169.30312
G1 X209.771 Y114.812 E2169.38574
G0 F12000 X209.172 Y115.412
;TYPE:WALL-OUTER
G1 F6000 X212.508 Y115.412 E2169.61542
G1 X212.508 Y113.012 E2169.78065
G1 X209.169 Y113.012 E2170.01054
G1 X209.172 Y115.412 E2170.17577
G0 F12000 X209.372 Y115.412
G1 F3600 E2168.37577
G1 F600 Z6.4
G0 F12000 X151.248 Y114.212 Z6.4
;TYPE:WALL-INNER
G1 F600 Z5.4
G1 F3000 E2170.17577
G1 F6000 X150.308 Y114.212 E2170.24049
G1 F3600 E2168.44049
G1 F600 Z6.4
G0 F12000 X151.848 Y114.812 Z6.4
G1 F600 Z5.4
G1 F3000 E2170.24049
G1 F6000 X151.848 Y113.612 E2170.32311
G1 X149.708 Y113.612 E2170.47044
G1 X149.708 Y114.812 E2170.55306
G1 X151.848 Y114.812 E2170.7004
G0 F12000 X152.448 Y115.412
;TYPE:WALL-OUTER
G1 F6000 X152.448 Y113.012 E2170.86564
G1 X149.108 Y113.012 E2171.09559
G1 X149.108 Y115.412 E2171.26083
G1 X152.448 Y115.412 E2171.49078
G0 F12000 X152.448 Y115.212
G1 F3600 E2169.69078
G1 F600 Z6.4
;MESH:NONMESH
G0 F12000 X154.102 Y116.613 Z6.4
;TIME_ELAPSED:787.488015
;LAYER:18
G0 X154.102 Y116.613 Z6.7
G0 X154.519 Y116.613
;TYPE:SUPPORT
G1 F600 Z5.7
G1 F3000 E2171.49078
G1 F6000 X154.102 Y116.613 E2171.51949
G1 X154.102 Y111.813 E2171.84996
G1 X154.52 Y111.813 E2171.87874
G1 X154.519 Y116.613 E2172.20921
G1 F3600 E2170.40921
G1 F600 Z6.7
G0 F12000 X207.102 Y116.613 Z6.7
G0 X207.52 Y116.613
G1 F600 Z5.7
G1 F3000 E2172.20921
G1 F6000 X207.102 Y116.613 E2172.23799
G1 X207.103 Y111.813 E2172.56846
G1 X207.52 Y111.813 E2172.59717
G1 X207.52 Y116.613 E2172.92765
G1 F3600 E2171.12765
G1 F600 Z6.7
G0 F12000 X155.144 Y116.021 Z6.7
;TYPE:SUPPORT-INTERFACE
G1 F600 Z5.7
G1 F3000 E2172.92765
G1 F8000 X155.089 Y116.053 E2172.92984
G1 X155.088 Y115.989 E2172.93204
G1 X155.144 Y116.021 E2172.93426
G1 F3600 E2171.13426
G1 F600 Z6.7
G0 F12000 X153.551 Y116.022 Z6.7
G1 F600 Z5.7
G1 F3000 E2172.93426
G1 F8000 X153.496 Y116.054 E2172.93645
G1 X153.495 Y115.99 E2172.93866
G1 X153.551 Y116.022 E2172.94088
G1 F3600 E2171.14088
G1 F600 Z6.7
G0 F12000 X153.55 Y112.399 Z6.7
G1 F600 Z5.7
G1 F3000 E2172.94088
G1 F8000 X153.495 Y112.431 E2172.94307
G1 X153.494 Y112.367 E2172.94527
G1 X153.55 Y112.399 E2172.94749
G1 F3600 E2171.14749
G1 F600 Z6.7
G0 F12000 X155.144 Y112.399 Z6.7
G1 F600 Z5.7
G1 F3000 E2172.94749
G1 F8000 X155.089 Y112.431 E2172.94968
G1 X155.088 Y112.367 E2172.95188
G1 X155.144 Y112.399 E2172.9541
G1 F3600 E2171.1541
G1 F600 Z6.7
G0 F12000 X208.144 Y112.399 Z6.7
G1 F600 Z5.7
G1 F3000 E2172.9541
G1 F8000 X208.089 Y112.431 E2172.95629
G1 X208.088 Y112.367 E2172.9585
G1 X208.144 Y112.399 E2172.96072
G1 F3600 E2171.16072
G1 F600 Z6.7
G0 F12000 X206.55 Y112.401 Z6.7
G1 F600 Z5.7
G1 F3000 E2172.96072
G1 F8000 X206.495 Y112.433 E2172.96291
G1 X206.494 Y112.369 E2172.96511
G1 X206.55 Y112.401 E2172.96733
G1 F3600 E2171.16733
G1 F600 Z6.7
G0 F12000 X206.551 Y116.022 Z6.7
G1 F600 Z5.7
G1 F3000 E2172.96733
G1 F8000 X206.496 Y116.054 E2172.96952
G1 X206.495 Y115.99 E2172.97173
G1 X206.551 Y116.022 E2172.97395
G1 F3600 E2171.17395
G1 F600 Z6.7
G0 F12000 X208.143 Y116.022 Z6.7
G1 F600 Z5.7
G1 F3000 E2172.97395
G1 F8000 X208.088 Y116.054 E2172.97614
G1 X208.087 Y115.99 E2172.97834
G1 X208.143 Y116.022 E2172.98056
G1 F3600 E2171.18056
G1 F600 Z6.7
;MESH:LC-GR3005??????RFID?????????-WB.stl
G0 F12000 X196.341 Y114.731 Z6.7
;TYPE:WALL-INNER
G1 F600 Z5.7
G1 F3000 E2172.98056
G1 F8612.4 X195.956 Y114.712 E2172.99905
G1 F9000 X165.684 Y114.712 E2174.3885
G1 F8674.7 X165.336 Y114.727 E2174.40509
G1 F3600 E2172.60509
G1 F600 Z6.7
G0 F12000 X165.195 Y128.684 Z6.7
G1 F600 Z5.7
G1 F3000 E2174.40509
G1 F7258.1 X164.557 Y128.57 E2174.44198
G1 F6338 X164.053 Y128.412 E2174.4764
G1 F6000 X163.372 Y128.004 E2174.53106
G1 X162.76 Y127.446 E2174.58808
G1 X162.489 Y127.108 E2174.61791
G1 X162.122 Y126.497 E2174.66698
G1 F5815.8 X161.899 Y125.976 E2174.70723
G1 F5341.2 X161.658 Y125.145 E2174.77415
G1 F5106.4 X161.658 Y118.572 E2175.30588
G1 F5056.2 X161.687 Y118.147 E2175.34069
G1 F5286.3 X161.842 Y117.544 E2175.38934
G1 F5815.8 X162.213 Y116.741 E2175.45217
G1 F6000 X162.519 Y116.274 E2175.49061
G1 X163.044 Y115.69 E2175.54467
G1 X163.385 Y115.41 E2175.57505
G1 X164.062 Y115.009 E2175.62923
G1 F6569.3 X164.603 Y114.814 E2175.66539
G1 F7775.4 X165.336 Y114.727 E2175.7046
G1 F7627.1 X164.68 Y114.77 E2175.74021
G1 F6451.6 X164.023 Y114.812 E2175.78236
G1 F6000 X160.279 Y114.812 E2176.04013
G1 X160.678 Y115.576 E2176.09947
G1 X160.821 Y116.028 E2176.13211
G1 X160.903 Y116.454 E2176.16198
G1 F5882.4 X160.92 Y117.127 E2176.20926
G1 F5341.2 X160.971 Y118.077 E2176.28284
G1 F5056.2 X160.958 Y118.572 E2176.32329
G1 F5142.9 X160.958 Y124.848 E2176.8274
G1 F5070.4 X160.967 Y125.283 E2176.86285
G1 F5301.9 X160.927 Y126.091 E2176.92588
G1 F5815.8 X160.909 Y126.81 E2176.97696
G1 F6000 X160.908 Y127.716 E2177.03934
G1 X161.027 Y128.137 E2177.06946
G1 X161.183 Y128.337 E2177.08692
G1 X161.382 Y128.494 E2177.10438
G1 X161.813 Y128.612 E2177.13514
G1 X164.003 Y128.612 E2177.28592
G1 F6805.3 X165.195 Y128.684 E2177.35841
G1 F8391.6 X165.672 Y128.712 E2177.38193
G1 F8450.7 X168.127 Y128.712 E2177.50194
G1 F7531.4 X168.813 Y128.763 E2177.53967
G1 F3600 E2175.73967
G1 F600 Z6.7
G0 F12000 X180.811 Y128.212 Z6.7
G1 F600 Z5.7
G1 F3000 E2177.53967
G1 F6000 X165.672 Y128.212 E2178.58196
G1 X165.319 Y128.17 E2178.60644
G1 X164.691 Y128.018 E2178.65092
G1 X164.336 Y127.883 E2178.67707
G1 X163.751 Y127.539 E2178.7238
G1 X163.227 Y127.069 E2178.77226
G1 X162.963 Y126.74 E2178.8013
G1 X162.647 Y126.207 E2178.84396
G1 X162.501 Y125.831 E2178.87173
G1 X162.308 Y125.014 E2178.92953
G1 X162.308 Y118.572 E2179.37305
G1 X162.337 Y118.277 E2179.39346
G1 X162.508 Y117.561 E2179.44414
G1 X162.736 Y117.035 E2179.48361
G1 X163.018 Y116.608 E2179.51884
G1 X163.471 Y116.111 E2179.56514
G1 X164.042 Y115.695 E2179.61378
G1 X164.648 Y115.415 E2179.65974
G1 X164.941 Y115.326 E2179.68082
G1 X165.684 Y115.212 E2179.73258
G1 X195.956 Y115.212 E2181.81676
G1 X196.675 Y115.323 E2181.86685
G1 X196.966 Y115.411 E2181.88778
G1 X197.578 Y115.695 E2181.93423
G1 X198.149 Y116.111 E2181.98287
G1 X198.607 Y116.615 E2182.02975
G1 X198.882 Y117.034 E2182.06426
G1 X199.177 Y117.711 E2182.1151
G1 X199.308 Y118.58 E2182.17561
G1 X199.308 Y125.031 E2182.61975
G1 X199.109 Y125.871 E2182.67918
G1 X198.776 Y126.551 E2182.73131
G1 X198.428 Y127.02 E2182.77152
G1 X198.18 Y127.281 E2182.79631
G1 X197.631 Y127.696 E2182.84369
G1 X196.925 Y128.018 E2182.89711
G1 X196.112 Y128.212 E2182.95466
G1 X180.811 Y128.212 E2184.00811
G0 F12000 X180.811 Y127.612
G1 F6000 X165.563 Y127.612 E2185.05791
G1 X164.708 Y127.405 E2185.11848
G1 X164.131 Y127.074 E2185.16428
G1 X163.695 Y126.693 E2185.20414
G1 X163.437 Y126.372 E2185.23249
G1 X163.113 Y125.815 E2185.27686
G1 X162.908 Y124.949 E2185.33813
G1 X162.908 Y118.47 E2185.7842
G1 X163.063 Y117.789 E2185.83228
G1 X163.259 Y117.33 E2185.86665
G1 X163.516 Y116.942 E2185.89869
G1 X163.899 Y116.532 E2185.93731
G1 X164.372 Y116.196 E2185.97726
G1 X164.962 Y115.931 E2186.02179
G1 X165.684 Y115.812 E2186.07217
G1 X195.956 Y115.812 E2188.15635
G1 X196.651 Y115.927 E2188.20485
G1 X197.248 Y116.196 E2188.24993
G1 X197.721 Y116.532 E2188.28988
G1 X198.109 Y116.949 E2188.32909
G1 X198.36 Y117.329 E2188.36045
G1 X198.595 Y117.878 E2188.40156
G1 X198.708 Y118.58 E2188.45052
G1 X198.708 Y124.955 E2188.88943
G1 X198.608 Y125.464 E2188.92514
G1 X198.368 Y126.094 E2188.97156
G1 X197.876 Y126.758 E2189.02845
G1 X197.348 Y127.166 E2189.07439
G1 X196.784 Y127.435 E2189.11741
G1 X196.046 Y127.612 E2189.16967
G1 X180.811 Y127.612 E2190.21857
G1 F3600 E2188.41857
G1 F600 Z6.7
G0 F12000 X180.811 Y133.084 Z6.7
G1 F600 Z5.7
G1 F3000 E2190.21857
G1 F6000 X188.753 Y133.084 E2190.76537
G1 X188.878 Y132.431 E2190.81114
G1 X189.07 Y131.815 E2190.85556
G1 X189.434 Y131.078 E2190.91216
G1 X189.854 Y130.498 E2190.96146
G1 X190.388 Y129.933 E2191.01498
G1 F6020.1 X191.072 Y129.397 E2191.07461
G1 F6122.4 X191.877 Y128.99 E2191.13547
G1 F6545.5 X192.721 Y128.771 E2191.1905
G1 F6474.8 X191.664 Y128.807 E2191.25798
G1 F6040.3 X170.057 Y128.812 E2192.73567
G1 F6521.7 X168.813 Y128.763 E2192.81453
G1 F6703.9 X169.61 Y128.959 E2192.8651
G1 F6153.8 X169.98 Y129.106 E2192.89183
G1 F6000 X170.596 Y129.45 E2192.9404
G1 X171.013 Y129.756 E2192.97601
G1 X171.573 Y130.283 E2193.02896
G1 X171.888 Y130.659 E2193.06273
G1 X172.367 Y131.388 E2193.12278
G1 X172.702 Y132.283 E2193.18858
G1 X172.865 Y133.084 E2193.24486
G1 X180.811 Y133.084 E2193.79193
G1 F3600 E2191.99193
G1 F600 Z6.7
G0 F12000 X192.721 Y128.771 Z6.7
G1 F600 Z5.7
G1 F3000 E2193.79193
G1 F7346.9 X193.417 Y128.712 E2193.8312
G1 F8372.1 X195.944 Y128.712 E2193.95589
G1 F8674.7 X196.292 Y128.697 E2193.97247
G1 F7422.7 X197.067 Y128.641 E2194.01572
G1 F6315.8 X197.611 Y128.612 E2194.05135
G1 F6000 X199.806 Y128.612 E2194.20247
G1 X200.16 Y128.532 E2194.22746
G1 X200.359 Y128.412 E2194.24346
G1 X200.545 Y128.209 E2194.26241
G1 X200.665 Y127.972 E2194.2807
G1 X200.708 Y127.629 E2194.3045
G1 F5921.1 X200.7 Y126.311 E2194.39645
G1 F5389.2 X200.649 Y125.295 E2194.47443
G1 F5077.6 X200.658 Y124.86 E2194.50983
G1 F5142.9 X200.658 Y118.58 E2195.01426
G1 F5063.3 X200.647 Y118.115 E2195.05221
G1 F5365.1 X200.698 Y117.128 E2195.1283
G1 F5901.6 X200.714 Y116.45 E2195.17577
G1 F6000 X200.794 Y116.023 E2195.20568
G1 X200.951 Y115.547 E2195.24019
G1 X201.342 Y114.812 E2195.29751
G1 X197.601 Y114.812 E2195.55507
G1 F6440.1 X196.971 Y114.771 E2195.59557
G1 F7547.2 X196.34 Y114.731 E2195.63017
G1 F7258.1 X197.188 Y114.879 E2195.67917
G1 F6228.4 X197.562 Y115.01 E2195.70545
G1 F6000 X198.235 Y115.41 E2195.75935
G1 X198.576 Y115.69 E2195.78973
G1 X199.106 Y116.281 E2195.84438
G1 X199.404 Y116.739 E2195.882
G1 F5825.2 X199.782 Y117.559 E2195.94603
G1 F5325.4 X199.958 Y118.289 E2196.00428
G1 F5056.2 X199.958 Y125.15 E2196.56483
G1 F5225 X199.819 Y125.7 E2196.60968
G1 F5678.2 X199.511 Y126.465 E2196.66967
G1 F6000 X199.258 Y126.909 E2196.70486
G1 X198.909 Y127.378 E2196.7451
G1 X198.563 Y127.743 E2196.77973
G1 X198.263 Y127.991 E2196.80653
G1 X197.562 Y128.413 E2196.86286
G1 F6315.8 X197.059 Y128.572 E2196.89737
G1 F7422.7 X196.292 Y128.697 E2196.94062
G1 F3600 E2195.14062
G1 F600 Z6.7
G0 F12000 X180.811 Y133.684 Z6.7
G1 F600 Z5.7
G1 F3000 E2196.94062
G1 F6000 X189.308 Y133.684 E2197.52562
G1 X189.326 Y133.301 E2197.55202
G1 X189.451 Y132.609 E2197.60043
G1 X189.64 Y132.001 E2197.64427
G1 X189.951 Y131.386 E2197.69172
G1 X190.339 Y130.852 E2197.73716
G1 X190.81 Y130.36 E2197.78405
G1 X191.393 Y129.908 E2197.83484
G1 X192.123 Y129.532 E2197.89138
G1 X192.817 Y129.322 E2197.9413
G1 X193.455 Y129.212 E2197.98587
G1 X199.854 Y129.212 E2198.42643
G1 X200.39 Y129.088 E2198.46431
G1 X200.759 Y128.863 E2198.49407
G1 X201.027 Y128.572 E2198.5213
G1 X201.237 Y128.159 E2198.5532
G1 X201.308 Y127.652 E2198.58845
G1 X201.312 Y116.499 E2199.35632
G1 X201.52 Y115.737 E2199.4107
G1 X201.755 Y115.297 E2199.44504
G1 X202.178 Y114.823 E2199.48878
G1 X202.382 Y114.664 E2199.50659
G1 F6741.6 X202.874 Y114.478 E2199.53882
G1 F9045.2 X203.485 Y114.362 E2199.56722
G1 F11428.6 X204.362 Y114.362 E2199.59892
G1 F12000 X204.362 Y114.062 E2199.60925
G1 F11764.7 X203.463 Y114.068 E2199.64081
G1 F9230.8 X202.823 Y114.146 E2199.66967
G1 F6741.6 X202.226 Y114.212 E2199.70647
G1 F6020.1 X187.97 Y114.212 E2200.6847
G1 F6050.4 X173.714 Y114.212 E2201.65803
G1 F6081.1 X159.458 Y114.212 E2202.62645
G1 F7200 X158.653 Y114.117 E2202.67295
G1 F9944.8 X158.172 Y114.062 E2202.69306
G1 F11764.7 X157.258 Y114.062 E2202.72516
G1 F12000 X157.258 Y114.362 E2202.73548
G1 F11920.5 X157.92 Y114.362 E2202.75842
G1 F10084 X158.59 Y114.443 E2202.78607
G1 F7258.1 X159.217 Y114.662 E2202.82387
G1 F6101.7 X159.431 Y114.815 E2202.84168
G1 F6000 X159.865 Y115.297 E2202.88633
G1 X160.106 Y115.758 E2202.92215
G1 X160.304 Y116.504 E2202.97529
G1 X160.308 Y127.762 E2203.75038
G1 X160.353 Y128.052 E2203.77059
G1 X160.52 Y128.464 E2203.8012
G1 X160.756 Y128.764 E2203.82748
G1 X161.056 Y129 E2203.85376
G1 X161.463 Y129.163 E2203.88394
G1 X161.766 Y129.212 E2203.90507
G1 X168.094 Y129.212 E2204.34075
G1 X168.731 Y129.308 E2204.3851
G1 X169.545 Y129.55 E2204.44356
G1 X170.304 Y129.974 E2204.50342
G1 X170.602 Y130.192 E2204.52884
G1 X171.161 Y130.72 E2204.58178
G1 X171.386 Y130.988 E2204.60587
G1 X171.827 Y131.66 E2204.66121
G1 X172.119 Y132.424 E2204.71752
G1 X172.263 Y133.089 E2204.76437
G1 X172.308 Y133.684 E2204.80545
G1 X180.811 Y133.684 E2205.39087
G0 F12000 X180.811 Y134.284
G1 F6000 X189.908 Y134.284 E2206.01719
G1 X189.908 Y133.459 E2206.07399
G1 X190.024 Y132.788 E2206.12087
G1 X190.204 Y132.223 E2206.16169
G1 X190.469 Y131.692 E2206.20255
G1 X190.87 Y131.142 E2206.24941
G1 X191.329 Y130.703 E2206.29314
G1 X191.786 Y130.38 E2206.33167
G1 X192.345 Y130.092 E2206.37497
G1 X192.92 Y129.913 E2206.41643
G1 X193.505 Y129.812 E2206.4573
G1 X199.901 Y129.812 E2206.89765
G1 X200.294 Y129.749 E2206.92506
G1 X200.619 Y129.645 E2206.94855
G1 X201.159 Y129.315 E2206.99212
G1 X201.509 Y128.935 E2207.02769
G1 X201.809 Y128.346 E2207.0732
G1 X201.908 Y127.674 E2207.11997
G1 X201.91 Y116.547 E2207.88604
G1 X202.09 Y115.927 E2207.93049
G1 X202.23 Y115.663 E2207.95106
G1 X202.548 Y115.295 E2207.98455
G1 X203.035 Y114.986 E2208.02426
G1 X203.611 Y114.812 E2208.06569
G1 X204.812 Y114.812 E2208.14837
G1 X204.812 Y113.612 E2208.23099
G1 X156.808 Y113.612 E2211.53599
G1 X156.808 Y114.812 E2211.61861
G1 X157.808 Y114.812 E2211.68746
G1 X158.192 Y114.856 E2211.71407
G1 X158.643 Y115.008 E2211.74684
G1 X158.857 Y115.13 E2211.7638
G1 X159.23 Y115.455 E2211.79786
G1 X159.534 Y115.939 E2211.83721
G1 X159.706 Y116.553 E2211.88111
G1 X159.708 Y127.807 E2212.65593
G1 X159.767 Y128.191 E2212.68268
G1 X160.013 Y128.79 E2212.72726
G1 X160.329 Y129.191 E2212.76241
G1 X160.73 Y129.507 E2212.79756
G1 X160.998 Y129.645 E2212.81831
G1 X161.325 Y129.749 E2212.84194
G1 X161.719 Y129.812 E2212.86941
G1 X168.051 Y129.812 E2213.30536
G1 X168.722 Y129.914 E2213.35209
G1 X169.319 Y130.111 E2213.39537
G1 X170.109 Y130.553 E2213.45769
G1 X170.829 Y131.231 E2213.52578
G1 X171.237 Y131.853 E2213.577
G1 X171.493 Y132.433 E2213.62065
G1 X171.644 Y133.013 E2213.66191
G1 X171.705 Y133.587 E2213.70165
G1 X171.708 Y134.284 E2213.74964
G1 X180.811 Y134.284 E2214.37637
G0 F12000 X180.811 Y134.884
;TYPE:WALL-OUTER
G1 F6000 X190.508 Y134.884 E2215.04399
G1 X190.511 Y133.489 E2215.14003
G1 X190.597 Y132.966 E2215.17653
G1 X190.758 Y132.453 E2215.21354
G1 X190.997 Y131.987 E2215.2496
G1 X191.341 Y131.522 E2215.28942
G1 X191.685 Y131.186 E2215.32253
G1 X192.062 Y130.913 E2215.35458
G1 X192.55 Y130.661 E2215.39239
G1 X193.024 Y130.504 E2215.42677
G1 X193.532 Y130.416 E2215.46226
G1 X199.948 Y130.412 E2215.904
G1 X200.434 Y130.335 E2215.93787
G1 X200.849 Y130.201 E2215.9679
G1 X201.215 Y130.015 E2215.99616
G1 X201.559 Y129.766 E2216.0254
G1 X201.991 Y129.298 E2216.06925
G1 X202.212 Y128.934 E2216.09857
G1 X202.381 Y128.534 E2216.12847
G1 X202.474 Y128.141 E2216.15627
G1 X202.508 Y127.696 E2216.187
G1 X202.508 Y116.595 E2216.95128
G1 X202.659 Y116.117 E2216.9858
G1 X202.918 Y115.767 E2217.01577
G1 X203.217 Y115.558 E2217.04089
G1 X203.672 Y115.416 E2217.07371
G1 X205.412 Y115.412 E2217.1935
G1 X205.412 Y113.012 E2217.35874
G1 X156.208 Y113.012 E2220.74636
G1 X156.208 Y115.412 E2220.9116
G1 X157.85 Y115.414 E2221.02465
G1 X158.11 Y115.45 E2221.04272
G1 X158.42 Y115.565 E2221.06548
G1 X158.754 Y115.821 E2221.09446
G1 X158.962 Y116.121 E2221.11959
G1 X159.108 Y116.603 E2221.15426
G1 X159.108 Y127.853 E2221.92881
G1 X159.181 Y128.33 E2221.96203
G1 X159.318 Y128.752 E2221.99258
G1 X159.506 Y129.116 E2222.02078
G1 X159.902 Y129.618 E2222.0648
G1 X160.404 Y130.014 E2222.10883
G1 X160.768 Y130.201 E2222.137
G1 X161.186 Y130.335 E2222.16722
G1 X161.672 Y130.412 E2222.2011
G1 X168.021 Y130.415 E2222.63822
G1 X168.553 Y130.495 E2222.67526
G1 X169.051 Y130.655 E2222.71127
G1 X169.751 Y131.04 E2222.76627
G1 X170.364 Y131.617 E2222.82423
G1 X170.762 Y132.233 E2222.87472
G1 X170.938 Y132.661 E2222.90659
G1 X171.06 Y133.153 E2222.94149
G1 X171.107 Y133.641 E2222.97524
G1 X171.108 Y134.884 E2223.06082
G1 X180.811 Y134.884 E2223.72885
G0 F12000 X181.011 Y134.884
G1 F3600 E2221.92885
G1 F600 Z6.7
G0 F12000 X180.808 Y127.01 Z6.7
G1 F600 Z5.7
G1 F3000 E2223.72885
G1 F6000 X165.634 Y127.012 E2224.77356
G1 X164.934 Y126.843 E2224.82314
G1 X164.51 Y126.609 E2224.85648
G1 X164.162 Y126.317 E2224.88776
G1 X163.885 Y125.966 E2224.91854
G1 X163.668 Y125.551 E2224.95079
G1 X163.512 Y124.9 E2224.99687
G1 X163.513 Y118.513 E2225.43661
G1 X163.601 Y118.073 E2225.4675
G1 X163.771 Y117.646 E2225.49915
G1 X164.014 Y117.276 E2225.52962
G1 X164.326 Y116.953 E2225.56054
G1 X164.702 Y116.697 E2225.59186
G1 X165.167 Y116.505 E2225.62649
G1 X165.632 Y116.416 E2225.65909
G1 X196.014 Y116.417 E2227.75084
G1 X196.446 Y116.501 E2227.78114
G1 X196.918 Y116.697 E2227.81633
G1 X197.294 Y116.953 E2227.84765
G1 X197.611 Y117.283 E2227.87915
G1 X197.826 Y117.604 E2227.90575
G1 X198.002 Y118.017 E2227.93666
G1 X198.108 Y118.58 E2227.9761
G1 X198.103 Y124.918 E2228.41247
G1 X198.019 Y125.35 E2228.44277
G1 X197.836 Y125.804 E2228.47647
G1 X197.443 Y126.334 E2228.52189
G1 X197.116 Y126.604 E2228.55109
G1 X196.682 Y126.843 E2228.5852
G1 X195.996 Y127.008 E2228.63378
G1 X180.808 Y127.01 E2229.67945
G0 F12000 X180.608 Y127.01
G1 F3600 E2227.87945
G1 F600 Z6.7
G0 F12000 X180.811 Y132.512 Z6.7
;TYPE:SKIN
G1 F600 Z5.7
G1 F3000 E2229.67945
G1 F6000 X173.335 Y132.512 E2230.19416
G1 X173.253 Y132.149 E2230.21978
G1 X172.958 Y131.343 E2230.27887
G1 X172.726 Y130.899 E2230.31336
G1 X172.432 Y130.448 E2230.35043
G1 X189.184 Y130.448 E2231.50378
G1 X188.962 Y130.75 E2231.52958
G1 X188.546 Y131.583 E2231.59369
G1 X188.251 Y132.512 E2231.6608
G1 X180.811 Y132.512 E2232.17303
G1 F3600 E2230.37303
G1 F600 Z6.7
G0 F12000 X173.79 Y132.212 Z6.7
G1 F600 Z5.7
G1 F3000 E2232.17303
G1 F6000 X173.487 Y131.909 E2232.20253
G0 F12000 X174.638 Y132.212
G1 F6000 X173.175 Y130.749 E2232.34498
G0 F12000 X174.024 Y130.749
G1 F6000 X175.487 Y132.212 E2232.48743
G0 F12000 X176.335 Y132.212
G1 F6000 X174.872 Y130.749 E2232.62987
G0 F12000 X175.721 Y130.749
G1 F6000 X177.184 Y132.212 E2232.77232
G0 F12000 X178.033 Y132.212
G1 F6000 X176.57 Y130.749 E2232.91477
G0 F12000 X177.418 Y130.749
G1 F6000 X178.881 Y132.212 E2233.05721
G0 F12000 X179.73 Y132.212
G1 F6000 X178.267 Y130.749 E2233.19966
G0 F12000 X179.115 Y130.749
G1 F6000 X180.578 Y132.212 E2233.34211
G0 F12000 X181.427 Y132.212
G1 F6000 X179.964 Y130.749 E2233.48456
G0 F12000 X180.812 Y130.749
G1 F6000 X182.275 Y132.212 E2233.627
G0 F12000 X183.124 Y132.212
G1 F6000 X181.661 Y130.749 E2233.76945
G0 F12000 X182.509 Y130.749
G1 F6000 X183.972 Y132.212 E2233.9119
G0 F12000 X184.821 Y132.212
G1 F6000 X183.358 Y130.749 E2234.05434
G0 F12000 X184.206 Y130.749
G1 F6000 X185.669 Y132.212 E2234.19679
G0 F12000 X186.518 Y132.212
G1 F6000 X185.055 Y130.749 E2234.33924
G0 F12000 X185.903 Y130.749
G1 F6000 X187.366 Y132.212 E2234.48169
G0 F12000 X188.077 Y132.074
G1 F6000 X186.752 Y130.749 E2234.6107
G0 F12000 X187.6 Y130.749
G1 F6000 X188.286 Y131.434 E2234.67744
G0 F12000 X188.566 Y130.866
G1 F6000 X188.449 Y130.749 E2234.68883
G1 F3600 E2232.88883
G1 F600 Z6.7
G0 F12000 X210.408 Y114.212 Z6.7
;TYPE:WALL-INNER
G1 F600 Z5.7
G1 F3000 E2234.68883
G1 F6000 X211.308 Y114.212 E2234.7508
G1 F3600 E2232.9508
G1 F600 Z6.7
G0 F12000 X209.808 Y114.812 Z6.7
G1 F600 Z5.7
G1 F3000 E2234.7508
G1 F6000 X211.908 Y114.812 E2234.89538
G1 X211.908 Y113.612 E2234.978
G1 X209.808 Y113.612 E2235.12258
G1 X209.808 Y114.812 E2235.2052
G0 F12000 X209.208 Y115.412
;TYPE:WALL-OUTER
G1 F6000 X212.508 Y115.412 E2235.4324
G1 X212.508 Y113.012 E2235.59763
G1 X209.208 Y113.012 E2235.82483
G1 X209.208 Y115.412 E2235.99007
G0 F12000 X209.408 Y115.412
G1 F3600 E2234.19007
G1 F600 Z6.7
G0 F12000 X151.212 Y114.212 Z6.7
;TYPE:WALL-INNER
G1 F600 Z5.7
G1 F3000 E2235.99007
G1 F6000 X150.308 Y114.212 E2236.05231
G1 F3600 E2234.25231
G1 F600 Z6.7
G0 F12000 X151.812 Y114.812 Z6.7
G1 F600 Z5.7
G1 F3000 E2236.05231
G1 F6000 X151.812 Y113.612 E2236.13493
G1 X149.708 Y113.612 E2236.27978
G1 X149.708 Y114.812 E2236.3624
G1 X151.812 Y114.812 E2236.50726
G0 F12000 X152.412 Y115.412
;TYPE:WALL-OUTER
G1 F6000 X152.412 Y113.012 E2236.6725
G1 X149.108 Y113.012 E2236.89997
G1 X149.108 Y115.412 E2237.06521
G1 X152.412 Y115.412 E2237.29268
G0 F12000 X152.412 Y115.212
G1 F3600 E2235.49268
G1 F600 Z6.7
;MESH:NONMESH
G0 F12000 X207.796 Y112.524 Z6.7
;TIME_ELAPSED:815.139918
;LAYER:19
G0 X207.796 Y112.524 Z7
;TYPE:SUPPORT-INTERFACE
G1 F600 Z6
G1 F3000 E2237.29268
G1 F4696.7 X207.78 Y112.648 E2237.30001
G1 F4809.6 X207.781 Y115.819 E2237.48158
G1 F4669.3 X207.795 Y115.897 E2237.48626
G0 F12000 X206.825 Y115.897
G1 F4687.5 X206.839 Y115.819 E2237.49091
G1 F4829 X206.84 Y112.648 E2237.67175
G1 F4687.5 X206.824 Y112.524 E2237.6791
G1 F3600 E2235.8791
G1 F600 Z7
G0 F12000 X154.795 Y112.524 Z7
G1 F600 Z6
G1 F3000 E2237.6791
G1 F4687.5 X154.78 Y112.648 E2237.68644
G1 F4790.4 X154.779 Y115.819 E2237.86873
G1 F4633.2 X154.792 Y115.896 E2237.87337
G0 F12000 X153.825 Y115.897
G1 F4687.5 X153.839 Y115.819 E2237.87803
G1 F4829 X153.84 Y112.648 E2238.05887
G1 F4687.5 X153.824 Y112.524 E2238.06622
G1 F3600 E2236.26622
G1 F600 Z7
;MESH:LC-GR3005??????RFID?????????-WB.stl
G0 F12000 X151.232 Y114.212 Z7
;TYPE:WALL-INNER
G1 F600 Z6
G1 F3000 E2238.06622
G1 F6000 X150.308 Y114.212 E2238.12983
G1 F3600 E2236.32983
G1 F600 Z7
G0 F12000 X151.832 Y114.812 Z7
G1 F600 Z6
G1 F3000 E2238.12983
G1 F6000 X151.832 Y113.612 E2238.21245
G1 X149.708 Y113.612 E2238.35868
G1 X149.708 Y114.812 E2238.4413
G1 X151.832 Y114.812 E2238.58754
G0 F12000 X152.432 Y115.412
;TYPE:WALL-OUTER
G1 F6000 X152.432 Y113.012 E2238.75277
G1 X149.108 Y113.012 E2238.98162
G1 X149.108 Y115.412 E2239.14686
G1 X152.432 Y115.412 E2239.37571
G0 F12000 X152.432 Y115.212
G1 F3600 E2237.57571
G1 F600 Z7
G0 F12000 X165.336 Y114.727 Z7
;TYPE:WALL-INNER
G1 F600 Z6
G1 F3000 E2239.37571
G1 F8674.7 X165.684 Y114.712 E2239.3923
G1 F9000 X195.956 Y114.712 E2240.78175
G1 F8612.4 X196.341 Y114.731 E2240.80024
G1 F3600 E2239.00024
G1 F600 Z7
G0 F12000 X196.292 Y128.697 Z7
G1 F600 Z6
G1 F3000 E2240.80024
G1 F7422.7 X197.067 Y128.641 E2240.84349
G1 F6315.8 X197.611 Y128.612 E2240.87912
G1 F6000 X199.806 Y128.612 E2241.03024
G1 X200.16 Y128.532 E2241.05523
G1 X200.359 Y128.412 E2241.07123
G1 X200.545 Y128.209 E2241.09018
G1 X200.665 Y127.972 E2241.10847
G1 X200.708 Y127.629 E2241.13227
G1 F5921.1 X200.7 Y126.311 E2241.22423
G1 F5389.2 X200.649 Y125.295 E2241.3022
G1 F5077.6 X200.658 Y124.86 E2241.3376
G1 F5142.9 X200.658 Y118.58 E2241.84203
G1 F5063.3 X200.647 Y118.115 E2241.87998
G1 F5365.1 X200.698 Y117.128 E2241.95607
G1 F5901.6 X200.714 Y116.45 E2242.00354
G1 F6000 X200.794 Y116.023 E2242.03345
G1 X200.951 Y115.547 E2242.06796
G1 X201.342 Y114.812 E2242.12528
G1 X197.601 Y114.812 E2242.38284
G1 F6440.1 X196.971 Y114.771 E2242.42334
G1 F7547.2 X196.34 Y114.731 E2242.45794
G1 F7258.1 X197.188 Y114.879 E2242.50694
G1 F6228.4 X197.562 Y115.01 E2242.53322
G1 F6000 X198.235 Y115.41 E2242.58712
G1 X198.576 Y115.69 E2242.6175
G1 X199.106 Y116.281 E2242.67215
G1 X199.404 Y116.739 E2242.70977
G1 F5825.2 X199.782 Y117.559 E2242.7738
G1 F5325.4 X199.958 Y118.289 E2242.83205
G1 F5056.2 X199.958 Y125.15 E2243.3926
G1 F5225 X199.819 Y125.7 E2243.43745
G1 F5678.2 X199.511 Y126.465 E2243.49744
G1 F6000 X199.258 Y126.909 E2243.53263
G1 X198.909 Y127.378 E2243.57288
G1 X198.563 Y127.743 E2243.6075
G1 X198.263 Y127.991 E2243.6343
G1 X197.562 Y128.413 E2243.69063
G1 F6315.8 X197.059 Y128.572 E2243.72514
G1 F7422.7 X196.292 Y128.697 E2243.76839
G1 F8674.7 X195.944 Y128.712 E2243.78497
G1 F8372.1 X193.413 Y128.712 E2243.90986
G1 F7346.9 X192.717 Y128.771 E2243.94913
G1 F3600 E2242.14913
G1 F600 Z7
G0 F12000 X180.811 Y128.212 Z7
G1 F600 Z6
G1 F3000 E2243.94913
G1 F6000 X165.672 Y128.212 E2244.99143
G1 X165.319 Y128.17 E2245.0159
G1 X164.691 Y128.018 E2245.06039
G1 X164.336 Y127.883 E2245.08654
G1 X163.751 Y127.539 E2245.13326
G1 X163.227 Y127.069 E2245.18172
G1 X162.963 Y126.74 E2245.21076
G1 X162.647 Y126.207 E2245.25343
G1 X162.501 Y125.831 E2245.2812
G1 X162.308 Y125.014 E2245.33899
G1 X162.308 Y118.572 E2245.78251
G1 X162.337 Y118.277 E2245.80292
G1 X162.508 Y117.561 E2245.8536
G1 X162.736 Y117.035 E2245.89307
G1 X163.018 Y116.608 E2245.92831
G1 X163.471 Y116.111 E2245.9746
G1 X164.042 Y115.695 E2246.02324
G1 X164.648 Y115.415 E2246.0692
G1 X164.941 Y115.326 E2246.09029
G1 X165.684 Y115.212 E2246.14204
G1 X195.956 Y115.212 E2248.22622
G1 X196.675 Y115.323 E2248.27631
G1 X196.966 Y115.411 E2248.29724
G1 X197.578 Y115.695 E2248.34369
G1 X198.149 Y116.111 E2248.39233
G1 X198.607 Y116.615 E2248.43922
G1 X198.882 Y117.034 E2248.47372
G1 X199.177 Y117.711 E2248.52457
G1 X199.308 Y118.58 E2248.58507
G1 X199.308 Y125.031 E2249.02921
G1 X199.109 Y125.871 E2249.08865
G1 X198.776 Y126.551 E2249.14078
G1 X198.428 Y127.02 E2249.18098
G1 X198.18 Y127.281 E2249.20577
G1 X197.631 Y127.696 E2249.25315
G1 X196.925 Y128.018 E2249.30658
G1 X196.112 Y128.212 E2249.36412
G1 X180.811 Y128.212 E2250.41757
G0 F12000 X180.811 Y127.612
G1 F6000 X165.563 Y127.612 E2251.46738
G1 X164.708 Y127.405 E2251.52794
G1 X164.131 Y127.074 E2251.57374
G1 X163.695 Y126.693 E2251.6136
G1 X163.437 Y126.372 E2251.64196
G1 X163.113 Y125.815 E2251.68632
G1 X162.908 Y124.949 E2251.74759
G1 X162.908 Y118.47 E2252.19366
G1 X163.063 Y117.789 E2252.24175
G1 X163.259 Y117.33 E2252.27611
G1 X163.516 Y116.942 E2252.30815
G1 X163.899 Y116.532 E2252.34678
G1 X164.372 Y116.196 E2252.38672
G1 X164.962 Y115.931 E2252.43125
G1 X165.684 Y115.812 E2252.48163
G1 X195.956 Y115.812 E2254.56581
G1 X196.651 Y115.927 E2254.61431
G1 X197.248 Y116.196 E2254.6594
G1 X197.721 Y116.532 E2254.69934
G1 X198.109 Y116.949 E2254.73856
G1 X198.36 Y117.329 E2254.76991
G1 X198.595 Y117.878 E2254.81103
G1 X198.708 Y118.58 E2254.85998
G1 X198.708 Y124.955 E2255.29889
G1 X198.608 Y125.464 E2255.3346
G1 X198.368 Y126.094 E2255.38102
G1 X197.876 Y126.758 E2255.43792
G1 X197.348 Y127.166 E2255.48386
G1 X196.784 Y127.435 E2255.52688
G1 X196.046 Y127.612 E2255.57913
G1 X180.811 Y127.612 E2256.62804
G1 F3600 E2254.82804
G1 F600 Z7
G0 F12000 X180.811 Y132.572 Z7
G1 F600 Z6
G1 F3000 E2256.62804
G1 F6000 X188.833 Y132.572 E2257.18034
G1 X189.097 Y131.727 E2257.24129
G1 X189.546 Y130.918 E2257.30499
G1 X189.954 Y130.361 E2257.35253
G1 X190.519 Y129.804 E2257.40715
G1 X191.187 Y129.343 E2257.46303
G1 F6010 X191.612 Y129.118 E2257.49608
G1 F6282.7 X192.313 Y128.869 E2257.545
G1 F6741.6 X192.717 Y128.771 E2257.57047
G1 F6440.1 X191.554 Y128.811 E2257.64511
G1 F6040.3 X169.979 Y128.809 E2259.12062
G1 F6474.8 X168.877 Y128.771 E2259.19096
G1 F6617.6 X169.598 Y128.953 E2259.23738
G1 F6164.4 X170.337 Y129.284 E2259.29165
G1 F6000 X170.68 Y129.505 E2259.31974
G1 X171.419 Y130.091 E2259.38467
G1 X172.021 Y130.841 E2259.45088
G1 X172.394 Y131.474 E2259.50147
G1 X172.606 Y131.987 E2259.53969
G1 X172.758 Y132.572 E2259.5813
G1 X180.811 Y132.572 E2260.13574
G1 F3600 E2258.33574
G1 F600 Z7
G0 F12000 X168.877 Y128.771 Z7
G1 F600 Z6
G1 F3000 E2260.13574
G1 F7377 X168.139 Y128.712 E2260.17719
G1 F8372.1 X165.672 Y128.712 E2260.29892
G1 F8391.6 X165.195 Y128.684 E2260.32244
G1 F7258.1 X164.557 Y128.57 E2260.35933
G1 F6338 X164.053 Y128.412 E2260.39375
G1 F6000 X163.372 Y128.004 E2260.44841
G1 X162.76 Y127.446 E2260.50543
G1 X162.489 Y127.108 E2260.53526
G1 X162.122 Y126.497 E2260.58433
G1 F5815.8 X161.899 Y125.976 E2260.62458
G1 F5341.2 X161.658 Y125.145 E2260.6915
G1 F5106.4 X161.658 Y118.572 E2261.22323
G1 F5056.2 X161.687 Y118.147 E2261.25804
G1 F5286.3 X161.842 Y117.544 E2261.30669
G1 F5815.8 X162.213 Y116.741 E2261.36952
G1 F6000 X162.519 Y116.274 E2261.40796
G1 X163.044 Y115.69 E2261.46202
G1 X163.385 Y115.41 E2261.4924
G1 X164.062 Y115.009 E2261.54658
G1 F6569.3 X164.603 Y114.814 E2261.58274
G1 F7775.4 X165.336 Y114.727 E2261.62195
G1 F7627.1 X164.68 Y114.77 E2261.65756
G1 F6451.6 X164.023 Y114.812 E2261.69971
G1 F6000 X160.279 Y114.812 E2261.95748
G1 X160.678 Y115.576 E2262.01682
G1 X160.821 Y116.028 E2262.04946
G1 X160.903 Y116.454 E2262.07933
G1 F5882.4 X160.92 Y117.127 E2262.12661
G1 F5341.2 X160.971 Y118.077 E2262.20019
G1 F5056.2 X160.958 Y118.572 E2262.24064
G1 F5142.9 X160.958 Y124.848 E2262.74475
G1 F5070.4 X160.967 Y125.283 E2262.7802
G1 F5301.9 X160.927 Y126.091 E2262.84323
G1 F5815.8 X160.909 Y126.81 E2262.89431
G1 F6000 X160.908 Y127.716 E2262.95669
G1 X161.027 Y128.137 E2262.98681
G1 X161.183 Y128.337 E2263.00427
G1 X161.382 Y128.494 E2263.02173
G1 X161.813 Y128.612 E2263.05249
G1 X164.003 Y128.612 E2263.20327
G1 F6805.3 X165.195 Y128.684 E2263.27576
G1 F3600 E2261.47576
G1 F600 Z7
G0 F12000 X180.811 Y133.172 Z7
G1 F600 Z6
G1 F3000 E2263.27576
G1 F6000 X189.348 Y133.172 E2263.86352
G1 X189.448 Y132.616 E2263.90241
G1 X189.652 Y131.963 E2263.94951
G1 X190.03 Y131.272 E2264.00374
G1 X190.414 Y130.75 E2264.04835
G1 X190.904 Y130.268 E2264.09568
G1 X191.528 Y129.837 E2264.14789
G1 X191.831 Y129.675 E2264.17155
G1 X192.669 Y129.347 E2264.2335
G1 X193.451 Y129.212 E2264.28814
G1 X199.854 Y129.212 E2264.72897
G1 X200.39 Y129.088 E2264.76685
G1 X200.759 Y128.863 E2264.79661
G1 X201.027 Y128.572 E2264.82384
G1 X201.237 Y128.159 E2264.85574
G1 X201.308 Y127.652 E2264.89099
G1 X201.312 Y116.499 E2265.65886
G1 X201.52 Y115.737 E2265.71324
G1 X201.755 Y115.297 E2265.74758
G1 X202.178 Y114.823 E2265.79132
G1 X202.382 Y114.664 E2265.80913
G1 F6741.6 X202.874 Y114.478 E2265.84136
G1 F9045.2 X203.485 Y114.362 E2265.86976
G1 F11428.6 X204.382 Y114.362 E2265.90218
G1 F12000 X204.382 Y114.062 E2265.91251
G1 F11764.7 X203.463 Y114.068 E2265.94478
G1 F9230.8 X202.823 Y114.146 E2265.97363
G1 F6741.6 X202.226 Y114.212 E2266.01044
G1 F6020.1 X187.97 Y114.212 E2266.98867
G1 F6050.4 X173.714 Y114.212 E2267.96199
G1 F6081.1 X159.458 Y114.212 E2268.93041
G1 F7200 X158.653 Y114.117 E2268.97692
G1 F9944.8 X158.172 Y114.062 E2268.99703
G1 F11764.7 X157.238 Y114.062 E2269.02982
G1 F12000 X157.238 Y114.362 E2269.04015
G1 F11920.5 X157.919 Y114.362 E2269.06375
G1 F10084 X158.59 Y114.443 E2269.09144
G1 F7258.1 X159.217 Y114.662 E2269.12924
G1 F6101.7 X159.431 Y114.815 E2269.14705
G1 F6000 X159.865 Y115.297 E2269.1917
G1 X160.106 Y115.758 E2269.22752
G1 X160.304 Y116.504 E2269.28066
G1 X160.308 Y127.762 E2270.05575
G1 X160.353 Y128.052 E2270.07596
G1 X160.52 Y128.464 E2270.10656
G1 X160.756 Y128.764 E2270.13284
G1 X161.056 Y129 E2270.15912
G1 X161.463 Y129.163 E2270.18931
G1 X161.766 Y129.212 E2270.21044
G1 X168.101 Y129.212 E2270.6466
G1 X168.788 Y129.322 E2270.6945
G1 X169.418 Y129.508 E2270.73972
G1 X170.175 Y129.871 E2270.79752
G1 X170.989 Y130.515 E2270.86898
G1 X171.511 Y131.157 E2270.92595
G1 X171.848 Y131.723 E2270.9713
G1 X172.104 Y132.345 E2271.01761
G1 X172.264 Y133.172 E2271.07561
G1 X180.811 Y133.172 E2271.66405
G0 F12000 X180.811 Y133.772
G1 F6000 X189.911 Y133.772 E2272.29058
G1 X189.921 Y133.397 E2272.3164
G1 X190.02 Y132.795 E2272.35841
G1 X190.205 Y132.204 E2272.40104
G1 X190.514 Y131.627 E2272.44611
G1 X190.865 Y131.148 E2272.48699
G1 X191.287 Y130.732 E2272.52779
G1 X191.954 Y130.272 E2272.58357
G1 X192.828 Y129.928 E2272.64824
G1 X193.501 Y129.812 E2272.69526
G1 X199.901 Y129.812 E2273.13589
G1 X200.294 Y129.749 E2273.16329
G1 X200.619 Y129.645 E2273.18678
G1 X201.159 Y129.315 E2273.23036
G1 X201.509 Y128.935 E2273.26592
G1 X201.809 Y128.346 E2273.31143
G1 X201.908 Y127.674 E2273.3582
G1 X201.91 Y116.547 E2274.12428
G1 X202.09 Y115.927 E2274.16872
G1 X202.23 Y115.663 E2274.1893
G1 X202.548 Y115.295 E2274.22278
G1 X203.035 Y114.986 E2274.26249
G1 X203.611 Y114.812 E2274.30392
G1 X204.832 Y114.812 E2274.38798
G1 X204.832 Y113.612 E2274.4706
G1 X156.788 Y113.612 E2277.77836
G1 X156.788 Y114.812 E2277.86098
G1 X157.808 Y114.812 E2277.9312
G1 X158.192 Y114.856 E2277.95781
G1 X158.643 Y115.008 E2277.99058
G1 X158.857 Y115.13 E2278.00754
G1 X159.23 Y115.455 E2278.0416
G1 X159.534 Y115.939 E2278.08095
G1 X159.706 Y116.553 E2278.12485
G1 X159.708 Y127.807 E2278.89967
G1 X159.767 Y128.191 E2278.92642
G1 X160.013 Y128.79 E2278.971
G1 X160.329 Y129.191 E2279.00615
G1 X160.73 Y129.507 E2279.0413
G1 X160.998 Y129.645 E2279.06206
G1 X161.325 Y129.749 E2279.08568
G1 X161.719 Y129.812 E2279.11315
G1 X168.056 Y129.812 E2279.54944
G1 X168.692 Y129.915 E2279.5938
G1 X169.233 Y130.079 E2279.63272
G1 X169.859 Y130.386 E2279.68073
G1 X170.567 Y130.946 E2279.74288
G1 X171.001 Y131.473 E2279.78988
G1 X171.303 Y131.973 E2279.8301
G1 X171.527 Y132.521 E2279.87085
G1 X171.692 Y133.377 E2279.93087
G1 X171.708 Y133.772 E2279.95809
G1 X180.811 Y133.772 E2280.58482
G0 F12000 X180.811 Y134.372
;TYPE:WALL-OUTER
G1 F6000 X190.509 Y134.372 E2281.25251
G1 X190.515 Y133.484 E2281.31365
G1 X190.593 Y132.974 E2281.34917
G1 X190.772 Y132.415 E2281.38958
G1 X190.972 Y132.023 E2281.41988
G1 X191.337 Y131.526 E2281.46233
G1 X191.693 Y131.181 E2281.49647
G1 X192.24 Y130.803 E2281.54224
G1 X193.02 Y130.504 E2281.59976
G1 X193.528 Y130.416 E2281.63525
G1 X199.948 Y130.412 E2282.07726
G1 X200.434 Y130.335 E2282.11114
G1 X200.849 Y130.201 E2282.14116
G1 X201.215 Y130.015 E2282.16943
G1 X201.559 Y129.766 E2282.19866
G1 X201.991 Y129.298 E2282.24251
G1 X202.212 Y128.934 E2282.27183
G1 X202.381 Y128.534 E2282.30173
G1 X202.474 Y128.141 E2282.32953
G1 X202.508 Y127.696 E2282.36026
G1 X202.508 Y116.595 E2283.12455
G1 X202.659 Y116.117 E2283.15906
G1 X202.918 Y115.767 E2283.18904
G1 X203.217 Y115.558 E2283.21415
G1 X203.672 Y115.416 E2283.24697
G1 X205.432 Y115.412 E2283.36814
G1 X205.432 Y113.012 E2283.53338
G1 X156.188 Y113.012 E2286.92375
G1 X156.188 Y115.412 E2287.08899
G1 X157.85 Y115.414 E2287.20342
G1 X158.11 Y115.45 E2287.22149
G1 X158.42 Y115.565 E2287.24425
G1 X158.754 Y115.821 E2287.27323
G1 X158.962 Y116.121 E2287.29836
G1 X159.108 Y116.603 E2287.33303
G1 X159.108 Y127.853 E2288.10758
G1 X159.181 Y128.33 E2288.1408
G1 X159.318 Y128.752 E2288.17135
G1 X159.506 Y129.116 E2288.19955
G1 X159.902 Y129.618 E2288.24358
G1 X160.404 Y130.014 E2288.2876
G1 X160.768 Y130.201 E2288.31577
G1 X161.186 Y130.335 E2288.34599
G1 X161.672 Y130.412 E2288.37987
G1 X168.028 Y130.415 E2288.81747
G1 X168.641 Y130.518 E2288.86027
G1 X169.094 Y130.669 E2288.89314
G1 X169.563 Y130.916 E2288.92964
G1 X170.119 Y131.356 E2288.97845
G1 X170.465 Y131.753 E2289.01471
G1 X170.739 Y132.189 E2289.05016
G1 X170.955 Y132.723 E2289.08982
G1 X171.103 Y133.491 E2289.14367
G1 X171.108 Y134.372 E2289.20433
G1 X180.811 Y134.372 E2289.87236
G0 F12000 X181.011 Y134.372
G1 F3600 E2288.07236
G1 F600 Z7
G0 F12000 X180.808 Y127.01 Z7
G1 F600 Z6
G1 F3000 E2289.87236
G1 F6000 X165.634 Y127.012 E2290.91707
G1 X164.934 Y126.843 E2290.96665
G1 X164.51 Y126.609 E2290.99999
G1 X164.162 Y126.317 E2291.03127
G1 X163.885 Y125.966 E2291.06205
G1 X163.668 Y125.551 E2291.09429
G1 X163.512 Y124.9 E2291.14038
G1 X163.513 Y118.513 E2291.58012
G1 X163.601 Y118.073 E2291.61101
G1 X163.771 Y117.646 E2291.64265
G1 X164.014 Y117.276 E2291.67313
G1 X164.326 Y116.953 E2291.70405
G1 X164.702 Y116.697 E2291.73537
G1 X165.167 Y116.505 E2291.77
G1 X165.632 Y116.416 E2291.8026
G1 X196.014 Y116.417 E2293.89435
G1 X196.446 Y116.501 E2293.92465
G1 X196.918 Y116.697 E2293.95984
G1 X197.294 Y116.953 E2293.99116
G1 X197.611 Y117.283 E2294.02266
G1 X197.826 Y117.604 E2294.04926
G1 X198.002 Y118.017 E2294.08017
G1 X198.108 Y118.58 E2294.11961
G1 X198.104 Y124.912 E2294.55556
G1 X198.019 Y125.35 E2294.58628
G1 X197.836 Y125.804 E2294.61998
G1 X197.443 Y126.334 E2294.66541
G1 X197.116 Y126.604 E2294.6946
G1 X196.682 Y126.843 E2294.72872
G1 X195.996 Y127.008 E2294.77729
G1 X180.808 Y127.01 E2295.82296
G0 F12000 X180.608 Y127.01
G1 F3600 E2294.02296
G1 F600 Z7
G0 F12000 X180.811 Y132 Z7
;TYPE:SKIN
G1 F600 Z6
G1 F3000 E2295.82296
G1 F6000 X173.227 Y132 E2296.34511
G1 X172.918 Y131.249 E2296.40102
G1 X172.503 Y130.539 E2296.45764
G1 X172.009 Y129.917 E2296.51233
G1 X189.618 Y129.916 E2297.72468
G1 X189.413 Y130.133 E2297.74523
G1 X189.081 Y130.582 E2297.78368
G1 X188.65 Y131.357 E2297.84473
G1 X188.42 Y132 E2297.89175
G1 X180.811 Y132 E2298.41562
G1 F3600 E2296.61562
G1 F600 Z7
G0 F12000 X187.347 Y131.7 Z7
G1 F600 Z6
G1 F3000 E2298.41562
G1 F6000 X188.831 Y130.216 E2298.56011
G0 F12000 X187.982 Y130.216
G1 F6000 X186.498 Y131.7 E2298.7046
G0 F12000 X185.649 Y131.7
G1 F6000 X187.134 Y130.216 E2298.84914
G0 F12000 X186.285 Y130.216
G1 F6000 X184.801 Y131.7 E2298.99363
G0 F12000 X183.952 Y131.7
G1 F6000 X185.437 Y130.216 E2299.13817
G0 F12000 X184.588 Y130.216
G1 F6000 X183.104 Y131.7 E2299.28267
G0 F12000 X182.255 Y131.7
G1 F6000 X183.74 Y130.216 E2299.42721
G0 F12000 X182.891 Y130.216
G1 F6000 X181.407 Y131.7 E2299.5717
G0 F12000 X180.558 Y131.7
G1 F6000 X182.043 Y130.216 E2299.71624
G0 F12000 X181.194 Y130.216
G1 F6000 X179.71 Y131.7 E2299.86073
G0 F12000 X178.861 Y131.7
G1 F6000 X180.345 Y130.217 E2300.00517
G0 F12000 X179.496 Y130.217
G1 F6000 X178.013 Y131.7 E2300.14957
G0 F12000 X177.164 Y131.7
G1 F6000 X178.648 Y130.217 E2300.29401
G0 F12000 X177.799 Y130.217
G1 F6000 X176.316 Y131.7 E2300.43841
G0 F12000 X175.467 Y131.7
G1 F6000 X176.951 Y130.217 E2300.58285
G0 F12000 X176.102 Y130.217
G1 F6000 X174.619 Y131.7 E2300.72724
G0 F12000 X173.77 Y131.7
G1 F6000 X175.254 Y130.217 E2300.87169
G0 F12000 X174.405 Y130.217
G1 F6000 X173.281 Y131.341 E2300.98113
G0 F12000 X172.991 Y130.782
G1 F6000 X173.557 Y130.217 E2301.03619
G1 F3600 E2299.23619
G1 F600 Z7
G0 F12000 X210.388 Y114.212 Z7
;TYPE:WALL-INNER
G1 F600 Z6
G1 F3000 E2301.03619
G1 F6000 X211.308 Y114.212 E2301.09953
G1 F3600 E2299.29953
G1 F600 Z7
G0 F12000 X209.788 Y114.812 Z7
G1 F600 Z6
G1 F3000 E2301.09953
G1 F6000 X211.908 Y114.812 E2301.24549
G1 X211.908 Y113.612 E2301.3281
G1 X209.788 Y113.612 E2301.47406
G1 X209.788 Y114.812 E2301.55668
G0 F12000 X209.188 Y115.412
;TYPE:WALL-OUTER
G1 F6000 X212.508 Y115.412 E2301.78526
G1 X212.508 Y113.012 E2301.95049
G1 X209.188 Y113.012 E2302.17907
G1 X209.188 Y115.412 E2302.34431
G0 F12000 X209.388 Y115.412
G1 F3600 E2300.54431
G1 F600 Z7
;MESH:NONMESH
G0 F12000 X206.966 Y112.573 Z7
;TIME_ELAPSED:837.614775
;LAYER:20
G0 X206.966 Y112.573 Z7.3
;TYPE:SUPPORT-INTERFACE
G1 F600 Z6.3
G1 F3000 E2302.34431
G1 F3833.9 X207.654 Y112.573 E2302.39373
G1 X207.623 Y112.648 E2302.39956
G1 X207.623 Y115.776 E2302.62425
G1 X207.652 Y115.847 E2302.62976
G1 X206.968 Y115.847 E2302.67889
G1 X206.997 Y115.776 E2302.6844
G1 X206.997 Y112.648 E2302.90909
G1 X206.966 Y112.573 E2302.91492
G1 F3600 E2301.11492
G1 F600 Z7.3
G0 F12000 X153.965 Y112.572 Z7.3
G1 F600 Z6.3
G1 F3000 E2302.91492
G1 F3846.2 X154.651 Y112.573 E2302.96404
G1 X154.62 Y112.648 E2302.96985
G1 X154.62 Y115.776 E2303.19382
G1 X154.65 Y115.848 E2303.19941
G1 X153.967 Y115.848 E2303.24831
G1 X153.996 Y115.776 E2303.25387
G1 X153.996 Y112.648 E2303.47784
G1 X153.965 Y112.572 E2303.48372
G1 F3600 E2301.68372
G1 F600 Z7.3
;MESH:LC-GR3005??????RFID?????????-WB.stl
G0 F12000 X151.308 Y114.212 Z7.3
;TYPE:WALL-INNER
G1 F600 Z6.3
G1 F3000 E2303.48372
G1 F6000 X150.308 Y114.212 E2303.55257
G1 F3600 E2301.75257
G1 F600 Z7.3
G0 F12000 X151.908 Y114.812 Z7.3
G1 F600 Z6.3
G1 F3000 E2303.55257
G1 F6000 X151.908 Y113.612 E2303.63518
G1 X149.708 Y113.612 E2303.78665
G1 X149.708 Y114.812 E2303.86927
G1 X151.908 Y114.812 E2304.02074
G0 F12000 X152.508 Y115.412
;TYPE:WALL-OUTER
G1 F6000 X152.508 Y113.012 E2304.18597
G1 X149.108 Y113.012 E2304.42006
G1 X149.108 Y115.412 E2304.58529
G1 X152.508 Y115.412 E2304.81938
G0 F12000 X152.508 Y115.212
G1 F3600 E2303.01938
G1 F600 Z7.3
G0 F12000 X165.336 Y114.727 Z7.3
;TYPE:WALL-INNER
G1 F600 Z6.3
G1 F3000 E2304.81938
G1 F8674.7 X165.684 Y114.712 E2304.83597
G1 F9000 X195.956 Y114.712 E2306.22542
G1 F8612.4 X196.341 Y114.731 E2306.24391
G1 F3600 E2304.44391
G1 F600 Z7.3
G0 F12000 X196.292 Y128.697 Z7.3
G1 F600 Z6.3
G1 F3000 E2306.24391
G1 F7422.7 X197.067 Y128.641 E2306.28715
G1 F6315.8 X197.611 Y128.612 E2306.32278
G1 F6000 X199.806 Y128.612 E2306.47391
G1 X200.16 Y128.532 E2306.49889
G1 X200.359 Y128.412 E2306.51489
G1 X200.545 Y128.209 E2306.53385
G1 X200.665 Y127.972 E2306.55214
G1 X200.708 Y127.629 E2306.57594
G1 F5921.1 X200.7 Y126.311 E2306.66789
G1 F5389.2 X200.649 Y125.295 E2306.74587
G1 F5077.6 X200.658 Y124.86 E2306.78126
G1 F5142.9 X200.658 Y118.58 E2307.28569
G1 F5063.3 X200.647 Y118.115 E2307.32364
G1 F5365.1 X200.698 Y117.128 E2307.39974
G1 F5901.6 X200.714 Y116.45 E2307.44721
G1 F6000 X200.794 Y116.023 E2307.47712
G1 X200.951 Y115.547 E2307.51163
G1 X201.342 Y114.812 E2307.56894
G1 X197.601 Y114.812 E2307.82651
G1 F6440.1 X196.971 Y114.771 E2307.867
G1 F7547.2 X196.34 Y114.731 E2307.90161
G1 F7258.1 X197.188 Y114.879 E2307.9506
G1 F6228.4 X197.562 Y115.01 E2307.97689
G1 F6000 X198.235 Y115.41 E2308.03079
G1 X198.576 Y115.69 E2308.06116
G1 X199.106 Y116.281 E2308.11582
G1 X199.404 Y116.739 E2308.15344
G1 F5825.2 X199.782 Y117.559 E2308.21747
G1 F5325.4 X199.958 Y118.289 E2308.27572
G1 F5056.2 X199.958 Y125.15 E2308.83626
G1 F5225 X199.819 Y125.7 E2308.88111
G1 F5678.2 X199.511 Y126.465 E2308.94111
G1 F6000 X199.258 Y126.909 E2308.97629
G1 X198.909 Y127.378 E2309.01654
G1 X198.563 Y127.743 E2309.05117
G1 X198.263 Y127.991 E2309.07797
G1 X197.562 Y128.413 E2309.1343
G1 F6315.8 X197.059 Y128.572 E2309.1688
G1 F7422.7 X196.292 Y128.697 E2309.21205
G1 F8674.7 X195.944 Y128.712 E2309.22864
G1 F9000 X193.58 Y128.712 E2309.33714
G1 F8674.7 X193.232 Y128.727 E2309.35373
G1 F3600 E2307.55373
G1 F600 Z7.3
G0 F12000 X180.811 Y128.212 Z7.3
G1 F600 Z6.3
G1 F3000 E2309.35373
G1 F6000 X165.672 Y128.212 E2310.39603
G1 X165.319 Y128.17 E2310.4205
G1 X164.691 Y128.018 E2310.46499
G1 X164.336 Y127.883 E2310.49114
G1 X163.751 Y127.539 E2310.53786
G1 X163.227 Y127.069 E2310.58632
G1 X162.963 Y126.74 E2310.61537
G1 X162.647 Y126.207 E2310.65803
G1 X162.501 Y125.831 E2310.6858
G1 X162.308 Y125.014 E2310.74359
G1 X162.308 Y118.572 E2311.18712
G1 X162.337 Y118.277 E2311.20752
G1 X162.508 Y117.561 E2311.25821
G1 X162.736 Y117.035 E2311.29768
G1 X163.018 Y116.608 E2311.33291
G1 X163.471 Y116.111 E2311.3792
G1 X164.042 Y115.695 E2311.42784
G1 X164.648 Y115.415 E2311.4738
G1 X164.941 Y115.326 E2311.49489
G1 X165.684 Y115.212 E2311.54664
G1 X195.956 Y115.212 E2313.63082
G1 X196.675 Y115.323 E2313.68091
G1 X196.966 Y115.411 E2313.70184
G1 X197.578 Y115.695 E2313.74829
G1 X198.149 Y116.111 E2313.79693
G1 X198.607 Y116.615 E2313.84382
G1 X198.882 Y117.034 E2313.87832
G1 X199.177 Y117.711 E2313.92917
G1 X199.308 Y118.58 E2313.98967
G1 X199.308 Y125.031 E2314.43381
G1 X199.109 Y125.871 E2314.49325
G1 X198.776 Y126.551 E2314.54538
G1 X198.428 Y127.02 E2314.58558
G1 X198.18 Y127.281 E2314.61037
G1 X197.631 Y127.696 E2314.65775
G1 X196.925 Y128.018 E2314.71118
G1 X196.112 Y128.212 E2314.76872
G1 X180.811 Y128.212 E2315.82217
G0 F12000 X180.811 Y127.612
G1 F6000 X165.563 Y127.612 E2316.87198
G1 X164.708 Y127.405 E2316.93254
G1 X164.131 Y127.074 E2316.97834
G1 X163.695 Y126.693 E2317.0182
G1 X163.437 Y126.372 E2317.04656
G1 X163.113 Y125.815 E2317.09092
G1 X162.908 Y124.949 E2317.15219
G1 X162.908 Y118.47 E2317.59826
G1 X163.063 Y117.789 E2317.64635
G1 X163.259 Y117.33 E2317.68071
G1 X163.516 Y116.942 E2317.71275
G1 X163.899 Y116.532 E2317.75138
G1 X164.372 Y116.196 E2317.79132
G1 X164.962 Y115.931 E2317.83585
G1 X165.684 Y115.812 E2317.88623
G1 X195.956 Y115.812 E2319.97042
G1 X196.651 Y115.927 E2320.01892
G1 X197.248 Y116.196 E2320.064
G1 X197.721 Y116.532 E2320.10394
G1 X198.109 Y116.949 E2320.14316
G1 X198.36 Y117.329 E2320.17451
G1 X198.595 Y117.878 E2320.21563
G1 X198.708 Y118.58 E2320.26458
G1 X198.708 Y124.955 E2320.70349
G1 X198.608 Y125.464 E2320.7392
G1 X198.368 Y126.094 E2320.78562
G1 X197.876 Y126.758 E2320.84252
G1 X197.348 Y127.166 E2320.88846
G1 X196.784 Y127.435 E2320.93148
G1 X196.046 Y127.612 E2320.98373
G1 X180.811 Y127.612 E2322.03264
G1 F3600 E2320.23264
G1 F600 Z7.3
G0 F12000 X180.811 Y132.06 Z7.3
G1 F600 Z6.3
G1 F3000 E2322.03264
G1 F6000 X188.993 Y132.06 E2322.59596
G1 X189.197 Y131.549 E2322.63384
G1 X189.617 Y130.788 E2322.69368
G1 X190.089 Y130.227 E2322.74416
G1 X190.797 Y129.582 E2322.8101
G1 X191.624 Y129.113 E2322.87555
G1 X192.001 Y128.945 E2322.90397
G1 F6521.7 X192.705 Y128.784 E2322.94971
G1 F7708.8 X193.232 Y128.727 E2322.97812
G1 F7627.1 X192.606 Y128.77 E2323.0121
G1 F6451.6 X191.979 Y128.813 E2323.05234
G1 F6000 X169.676 Y128.813 E2324.58787
G1 F6304.7 X169.146 Y128.783 E2324.62265
G1 F7346.9 X168.376 Y128.731 E2324.66604
G1 X169.142 Y128.827 E2324.70945
G1 F6304.7 X169.643 Y128.961 E2324.74343
G1 F6000 X170.319 Y129.282 E2324.79495
G1 X170.729 Y129.538 E2324.82823
G1 X171.422 Y130.088 E2324.88914
G1 X172.017 Y130.835 E2324.95489
G1 X172.366 Y131.402 E2325.00073
G1 X172.629 Y132.06 E2325.04952
G1 X180.811 Y132.06 E2325.61284
G1 F3600 E2323.81284
G1 F600 Z7.3
G0 F12000 X168.376 Y128.731 Z7.3
G1 F600 Z6.3
G1 F3000 E2325.61284
G1 F8591.9 X167.988 Y128.712 E2325.63152
G1 F9000 X165.672 Y128.712 E2325.73782
G1 F8391.6 X165.195 Y128.684 E2325.76134
G1 F7258.1 X164.557 Y128.57 E2325.79823
G1 F6338 X164.053 Y128.412 E2325.83265
G1 F6000 X163.372 Y128.004 E2325.88731
G1 X162.76 Y127.446 E2325.94433
G1 X162.489 Y127.108 E2325.97415
G1 X162.122 Y126.497 E2326.02323
G1 F5815.8 X161.899 Y125.976 E2326.06348
G1 F5341.2 X161.658 Y125.145 E2326.1304
G1 F5106.4 X161.658 Y118.572 E2326.66213
G1 F5056.2 X161.687 Y118.147 E2326.69694
G1 F5286.3 X161.842 Y117.544 E2326.74559
G1 F5815.8 X162.213 Y116.741 E2326.80842
G1 F6000 X162.519 Y116.274 E2326.84686
G1 X163.044 Y115.69 E2326.90092
G1 X163.385 Y115.41 E2326.9313
G1 X164.062 Y115.009 E2326.98547
G1 F6569.3 X164.603 Y114.814 E2327.02164
G1 F7775.4 X165.336 Y114.727 E2327.06085
G1 F7627.1 X164.68 Y114.77 E2327.09646
G1 F6451.6 X164.023 Y114.812 E2327.13861
G1 F6000 X160.279 Y114.812 E2327.39638
G1 X160.678 Y115.576 E2327.45572
G1 X160.821 Y116.028 E2327.48836
G1 X160.903 Y116.454 E2327.51823
G1 F5882.4 X160.92 Y117.127 E2327.56551
G1 F5341.2 X160.971 Y118.077 E2327.63908
G1 F5056.2 X160.958 Y118.572 E2327.67954
G1 F5142.9 X160.958 Y124.848 E2328.18365
G1 F5070.4 X160.967 Y125.283 E2328.2191
G1 F5301.9 X160.927 Y126.091 E2328.28213
G1 F5815.8 X160.909 Y126.81 E2328.33321
G1 F6000 X160.908 Y127.716 E2328.39559
G1 X161.027 Y128.137 E2328.42571
G1 X161.183 Y128.337 E2328.44317
G1 X161.382 Y128.494 E2328.46062
G1 X161.813 Y128.612 E2328.49139
G1 X164.003 Y128.612 E2328.64217
G1 F6805.3 X165.195 Y128.684 E2328.71466
G1 F3600 E2326.91466
G1 F600 Z7.3
G0 F12000 X180.811 Y132.66 Z7.3
G1 F600 Z6.3
G1 F3000 E2328.71466
G1 F6000 X189.438 Y132.66 E2329.30861
G1 X189.645 Y131.979 E2329.35762
G1 X190.112 Y131.132 E2329.42421
G1 X190.548 Y130.614 E2329.47082
G1 X191.15 Y130.071 E2329.52664
G1 X192.053 Y129.56 E2329.59807
G1 X192.696 Y129.348 E2329.64469
G1 X193.44 Y129.212 E2329.69676
G1 X199.854 Y129.212 E2330.13835
G1 X200.39 Y129.088 E2330.17623
G1 X200.759 Y128.863 E2330.20599
G1 X201.027 Y128.572 E2330.23322
G1 X201.237 Y128.159 E2330.26512
G1 X201.308 Y127.652 E2330.30037
G1 X201.312 Y116.499 E2331.06824
G1 X201.52 Y115.737 E2331.12262
G1 X201.755 Y115.297 E2331.15696
G1 X202.178 Y114.823 E2331.2007
G1 X202.382 Y114.664 E2331.21851
G1 F6741.6 X202.874 Y114.478 E2331.25074
G1 F9045.2 X203.485 Y114.362 E2331.27914
G1 F11428.6 X204.458 Y114.362 E2331.31431
G1 F12000 X204.458 Y114.062 E2331.32464
G1 F11764.7 X203.463 Y114.068 E2331.35957
G1 F9230.8 X202.823 Y114.146 E2331.38843
G1 F6741.6 X202.226 Y114.212 E2331.42523
G1 F6020.1 X187.97 Y114.212 E2332.40346
G1 F6050.4 X173.714 Y114.212 E2333.37679
G1 F6081.1 X159.458 Y114.212 E2334.34521
G1 F7200 X158.653 Y114.117 E2334.39171
G1 F9944.8 X158.172 Y114.062 E2334.41182
G1 F11764.7 X157.161 Y114.062 E2334.44732
G1 F12000 X157.16 Y114.362 E2334.45765
G1 F11920.5 X157.92 Y114.362 E2334.48399
G1 F10084 X158.59 Y114.443 E2334.51163
G1 F7258.1 X159.217 Y114.662 E2334.54943
G1 F6101.7 X159.431 Y114.815 E2334.56724
G1 F6000 X159.865 Y115.297 E2334.6119
G1 X160.106 Y115.758 E2334.64771
G1 X160.304 Y116.504 E2334.70085
G1 X160.308 Y127.762 E2335.47595
G1 X160.353 Y128.052 E2335.49615
G1 X160.52 Y128.464 E2335.52676
G1 X160.756 Y128.764 E2335.55304
G1 X161.056 Y129 E2335.57932
G1 X161.463 Y129.163 E2335.6095
G1 X161.766 Y129.212 E2335.63063
G1 X168.133 Y129.212 E2336.06899
G1 X169.032 Y129.387 E2336.13205
G1 X169.386 Y129.503 E2336.1577
G1 X170.062 Y129.824 E2336.20922
G1 X170.355 Y130.007 E2336.233
G1 X170.992 Y130.513 E2336.28901
G1 X171.506 Y131.149 E2336.34531
G1 X171.771 Y131.58 E2336.38015
G1 X172.048 Y132.209 E2336.42747
G1 X172.175 Y132.66 E2336.45972
G1 X180.811 Y132.66 E2337.0543
G0 F12000 X180.811 Y133.26
G1 F6000 X189.941 Y133.26 E2337.68289
G1 X190.02 Y132.802 E2337.71488
G1 X190.204 Y132.208 E2337.7577
G1 X190.609 Y131.473 E2337.81547
G1 X191.058 Y130.939 E2337.86351
G1 X191.51 Y130.557 E2337.90425
G1 X192.301 Y130.109 E2337.96684
G1 X192.911 Y129.918 E2338.01085
G1 X193.496 Y129.812 E2338.05178
G1 X199.901 Y129.812 E2338.49276
G1 X200.294 Y129.749 E2338.52016
G1 X200.619 Y129.645 E2338.54365
G1 X201.159 Y129.315 E2338.58722
G1 X201.509 Y128.935 E2338.62279
G1 X201.809 Y128.346 E2338.6683
G1 X201.908 Y127.674 E2338.71507
G1 X201.91 Y116.547 E2339.48114
G1 X202.09 Y115.927 E2339.52559
G1 X202.23 Y115.663 E2339.54616
G1 X202.548 Y115.295 E2339.57965
G1 X203.035 Y114.986 E2339.61936
G1 X203.611 Y114.812 E2339.66079
G1 X204.908 Y114.812 E2339.75008
G1 X204.908 Y113.612 E2339.8327
G1 X156.711 Y113.612 E2343.15099
G1 X156.71 Y114.812 E2343.23361
G1 X157.808 Y114.812 E2343.3092
G1 X158.192 Y114.856 E2343.33582
G1 X158.643 Y115.008 E2343.36858
G1 X158.857 Y115.13 E2343.38554
G1 X159.23 Y115.455 E2343.4196
G1 X159.534 Y115.939 E2343.45895
G1 X159.706 Y116.553 E2343.50285
G1 X159.708 Y127.807 E2344.27767
G1 X159.767 Y128.191 E2344.30442
G1 X160.013 Y128.79 E2344.34901
G1 X160.329 Y129.191 E2344.38416
G1 X160.73 Y129.507 E2344.41931
G1 X160.998 Y129.645 E2344.44006
G1 X161.325 Y129.749 E2344.46368
G1 X161.719 Y129.812 E2344.49116
G1 X168.079 Y129.812 E2344.92903
G1 X169.028 Y129.998 E2344.99561
G1 X169.897 Y130.409 E2345.0618
G1 X170.57 Y130.945 E2345.12103
G1 X170.995 Y131.464 E2345.16721
G1 X171.317 Y132.009 E2345.2108
G1 X171.535 Y132.566 E2345.25198
G1 X171.705 Y133.26 E2345.30117
G1 X180.811 Y133.26 E2345.92811
G0 F12000 X180.811 Y133.86
;TYPE:WALL-OUTER
G1 F6000 X190.513 Y133.86 E2346.59607
G1 X190.523 Y133.428 E2346.62582
G1 X190.593 Y132.979 E2346.65711
G1 X190.773 Y132.419 E2346.69761
G1 X191.126 Y131.79 E2346.74727
G1 X191.502 Y131.35 E2346.78711
G1 X191.838 Y131.066 E2346.8174
G1 X192.565 Y130.655 E2346.8749
G1 X193.018 Y130.508 E2346.90769
G1 X193.528 Y130.416 E2346.94337
G1 X199.948 Y130.412 E2347.38538
G1 X200.434 Y130.335 E2347.41926
G1 X200.849 Y130.201 E2347.44928
G1 X201.215 Y130.015 E2347.47755
G1 X201.559 Y129.766 E2347.50678
G1 X201.991 Y129.298 E2347.55063
G1 X202.212 Y128.934 E2347.57995
G1 X202.381 Y128.534 E2347.60985
G1 X202.474 Y128.141 E2347.63765
G1 X202.508 Y127.696 E2347.66838
G1 X202.508 Y116.595 E2348.43267
G1 X202.659 Y116.117 E2348.46718
G1 X202.918 Y115.767 E2348.49716
G1 X203.217 Y115.558 E2348.52227
G1 X203.672 Y115.416 E2348.55509
G1 X205.508 Y115.412 E2348.6815
G1 X205.508 Y113.012 E2348.84673
G1 X156.112 Y113.012 E2352.24757
G1 X156.109 Y115.412 E2352.41281
G1 X157.85 Y115.414 E2352.53267
G1 X158.11 Y115.45 E2352.55074
G1 X158.42 Y115.565 E2352.57351
G1 X158.754 Y115.821 E2352.60248
G1 X158.962 Y116.121 E2352.62761
G1 X159.108 Y116.603 E2352.66229
G1 X159.108 Y127.853 E2353.43683
G1 X159.181 Y128.33 E2353.47006
G1 X159.318 Y128.752 E2353.5006
G1 X159.506 Y129.116 E2353.52881
G1 X159.902 Y129.618 E2353.57283
G1 X160.404 Y130.014 E2353.61685
G1 X160.768 Y130.201 E2353.64503
G1 X161.186 Y130.335 E2353.67525
G1 X161.672 Y130.412 E2353.70913
G1 X168.046 Y130.417 E2354.14797
G1 X168.84 Y130.572 E2354.20366
G1 X169.579 Y130.922 E2354.25996
G1 X170.161 Y131.393 E2354.31151
G1 X170.484 Y131.778 E2354.34611
G1 X170.742 Y132.197 E2354.37999
G1 X170.952 Y132.708 E2354.41802
G1 X171.1 Y133.311 E2354.46077
G1 X171.106 Y133.86 E2354.49857
G1 X180.811 Y133.86 E2355.16674
G0 F12000 X181.011 Y133.86
G1 F3600 E2353.36674
G1 F600 Z7.3
G0 F12000 X180.808 Y127.01 Z7.3
G1 F600 Z6.3
G1 F3000 E2355.16674
G1 F6000 X165.634 Y127.012 E2356.21145
G1 X164.934 Y126.843 E2356.26103
G1 X164.51 Y126.609 E2356.29437
G1 X164.162 Y126.317 E2356.32565
G1 X163.885 Y125.966 E2356.35643
G1 X163.668 Y125.551 E2356.38868
G1 X163.512 Y124.9 E2356.43476
G1 X163.513 Y118.513 E2356.8745
G1 X163.601 Y118.073 E2356.90539
G1 X163.771 Y117.646 E2356.93704
G1 X164.014 Y117.276 E2356.96751
G1 X164.326 Y116.953 E2356.99843
G1 X164.702 Y116.697 E2357.02975
G1 X165.167 Y116.505 E2357.06438
G1 X165.632 Y116.416 E2357.09698
G1 X196.014 Y116.417 E2359.18873
G1 X196.446 Y116.501 E2359.21903
G1 X196.918 Y116.697 E2359.25422
G1 X197.294 Y116.953 E2359.28554
G1 X197.611 Y117.283 E2359.31704
G1 X197.826 Y117.604 E2359.34364
G1 X198.002 Y118.017 E2359.37455
G1 X198.108 Y118.58 E2359.41399
G1 X198.104 Y124.912 E2359.84994
G1 X198.019 Y125.35 E2359.88066
G1 X197.836 Y125.804 E2359.91436
G1 X197.443 Y126.334 E2359.95979
G1 X197.116 Y126.604 E2359.98898
G1 X196.682 Y126.843 E2360.0231
G1 X195.996 Y127.008 E2360.07167
G1 X180.808 Y127.01 E2361.11734
G0 F12000 X180.608 Y127.01
G1 F3600 E2359.31734
G1 F600 Z7.3
G0 F12000 X180.811 Y131.488 Z7.3
;TYPE:SKIN
G1 F600 Z6.3
G1 F3000 E2361.11734
G1 F6000 X173.009 Y131.488 E2361.6545
G1 X172.774 Y130.977 E2361.69322
G1 X172.484 Y130.513 E2361.7309
G1 X171.972 Y129.865 E2361.78775
G1 X171.452 Y129.384 E2361.83652
G1 X190.168 Y129.381 E2363.12509
G1 X189.673 Y129.835 E2363.17134
G1 X189.133 Y130.482 E2363.22936
G1 X188.693 Y131.274 E2363.29173
G1 X188.603 Y131.488 E2363.30772
G1 X180.811 Y131.488 E2363.84419
G1 F3600 E2362.04419
G1 F600 Z7.3
G0 F12000 X173.615 Y131.188 Z7.3
G1 F600 Z6.3
G1 F3000 E2363.84419
G1 F6000 X172.574 Y130.147 E2363.94554
G0 F12000 X172.958 Y129.683
G1 F6000 X174.463 Y131.188 E2364.09208
G0 F12000 X175.312 Y131.188
G1 F6000 X173.807 Y129.683 E2364.23862
G0 F12000 X174.655 Y129.683
G1 F6000 X176.16 Y131.188 E2364.38515
G0 F12000 X177.009 Y131.188
G1 F6000 X175.504 Y129.683 E2364.53169
G0 F12000 X176.352 Y129.683
G1 F6000 X177.857 Y131.188 E2364.67823
G0 F12000 X178.706 Y131.188
G1 F6000 X177.2 Y129.683 E2364.82481
G0 F12000 X178.049 Y129.683
G1 F6000 X179.554 Y131.188 E2364.97135
G0 F12000 X180.403 Y131.188
G1 F6000 X178.897 Y129.683 E2365.11793
G0 F12000 X179.745 Y129.682
G1 F6000 X181.251 Y131.188 E2365.26457
G0 F12000 X182.1 Y131.188
G1 F6000 X180.594 Y129.682 E2365.4112
G0 F12000 X181.442 Y129.682
G1 F6000 X182.948 Y131.188 E2365.55783
G0 F12000 X183.797 Y131.188
G1 F6000 X182.291 Y129.682 E2365.70447
G0 F12000 X183.139 Y129.681
G1 F6000 X184.645 Y131.188 E2365.85115
G0 F12000 X185.494 Y131.188
G1 F6000 X183.987 Y129.681 E2365.99788
G0 F12000 X184.836 Y129.681
G1 F6000 X186.342 Y131.188 E2366.14456
G0 F12000 X187.191 Y131.188
G1 F6000 X185.684 Y129.681 E2366.2913
G0 F12000 X186.532 Y129.681
G1 F6000 X188.039 Y131.188 E2366.43803
G0 F12000 X188.575 Y130.875
G1 F6000 X187.38 Y129.681 E2366.55433
G0 F12000 X188.229 Y129.681
G1 F6000 X188.877 Y130.328 E2366.61738
G0 F12000 X189.257 Y129.86
G1 F6000 X189.078 Y129.681 E2366.63481
G1 F3600 E2364.83481
G1 F600 Z7.3
G0 F12000 X210.312 Y114.212 Z7.3
;TYPE:WALL-INNER
G1 F600 Z6.3
G1 F3000 E2366.63481
G1 F6000 X211.308 Y114.212 E2366.70338
G1 F3600 E2364.90338
G1 F600 Z7.3
G0 F12000 X209.712 Y114.812 Z7.3
G1 F600 Z6.3
G1 F3000 E2366.70338
G1 F6000 X211.908 Y114.812 E2366.85457
G1 X211.908 Y113.612 E2366.93719
G1 X209.712 Y113.612 E2367.08838
G1 X209.712 Y114.812 E2367.171
G0 F12000 X209.112 Y115.412
;TYPE:WALL-OUTER
G1 F6000 X212.508 Y115.412 E2367.40481
G1 X212.508 Y113.012 E2367.57004
G1 X209.112 Y113.012 E2367.80385
G1 X209.112 Y115.412 E2367.96909
G0 F12000 X209.312 Y115.412
G1 F3600 E2366.16909
G1 F600 Z7.3
;MESH:NONMESH
G0 F12000 X207.013 Y112.481 Z7.3
;TIME_ELAPSED:860.922841
;LAYER:21
G0 X207.013 Y112.481 Z7.6
;TYPE:SUPPORT-INTERFACE
G1 F600 Z6.6
G1 F3000 E2367.96909
G1 F5429.9 X207.607 Y112.48 E2367.99922
G1 X207.531 Y112.648 E2368.00857
G1 X207.531 Y115.776 E2368.16721
G1 X207.593 Y115.935 E2368.17587
G1 X207.018 Y115.939 E2368.20503
G1 X207.089 Y115.776 E2368.21405
G1 X207.089 Y112.648 E2368.3727
G1 X207.013 Y112.481 E2368.382
G1 F3600 E2366.582
G1 F600 Z7.6
G0 F12000 X154.01 Y112.48 Z7.6
G1 F600 Z6.6
G1 F3000 E2368.382
G1 F5454.5 X154.603 Y112.481 E2368.41194
G1 X154.528 Y112.648 E2368.42119
G1 X154.528 Y115.776 E2368.57912
G1 X154.602 Y115.94 E2368.5882
G1 X154.015 Y115.94 E2368.61784
G1 X154.088 Y115.776 E2368.6269
G1 X154.088 Y112.648 E2368.78483
G1 X154.01 Y112.48 E2368.79418
G1 F3600 E2366.99418
G1 F600 Z7.6
;MESH:LC-GR3005??????RFID?????????-WB.stl
G0 F12000 X151.456 Y114.212 Z7.6
;TYPE:WALL-INNER
G1 F600 Z6.6
G1 F3000 E2368.79418
G1 F6000 X150.308 Y114.212 E2368.87322
G1 F3600 E2367.07322
G1 F600 Z7.6
G0 F12000 X152.056 Y114.812 Z7.6
G1 F600 Z6.6
G1 F3000 E2368.87322
G1 F6000 X152.056 Y113.612 E2368.95584
G1 X149.708 Y113.612 E2369.11749
G1 X149.708 Y114.812 E2369.20011
G1 X152.056 Y114.812 E2369.36177
G0 F12000 X152.656 Y115.412
;TYPE:WALL-OUTER
G1 F6000 X152.656 Y113.012 E2369.527
G1 X149.108 Y113.012 E2369.77128
G1 X149.108 Y115.412 E2369.93652
G1 X152.656 Y115.412 E2370.18079
G0 F12000 X152.656 Y115.212
G1 F3600 E2368.38079
G1 F600 Z7.6
G0 F12000 X161.14 Y116.107 Z7.6
;TYPE:FILL
G1 F600 Z6.6
G1 F3000 E2370.18079
G2 X161.9610 Y114.9920 I-255.9057 J-189.2890 E2370.265880 F6000
G1 F3600 E2368.46588
G1 F600 Z7.6
G0 F12000 X162 Y126.876 Z7.6
G1 F600 Z6.6
G1 F3000 E2370.26588
G1 F6000 X162 Y128.312 E2370.36474
G1 X162 Y128.462
G1 F3600 E2368.56474
G1 F600 Z7.6
G0 F12000 X199.415 Y127.2 Z7.6
G1 F600 Z6.6
G1 F3000 E2370.36474
G1 F6000 X200.408 Y127.2 E2370.43311
G1 F3600 E2368.63311
G1 F600 Z7.6
G0 F12000 X199.2 Y115.937 Z7.6
G1 F600 Z6.6
G1 F3000 E2370.43311
G1 F6000 X199.2 Y115.112 E2370.48991
G1 F3600 E2368.68991
G1 F600 Z7.6
G0 F12000 X196.341 Y114.731 Z7.6
;TYPE:WALL-INNER
G1 F600 Z6.6
G1 F3000 E2370.48991
G1 F8612.4 X195.956 Y114.712 E2370.5084
G1 F9000 X165.684 Y114.712 E2371.89785
G1 F8674.7 X165.336 Y114.727 E2371.91444
G1 F3600 E2370.11444
G1 F600 Z7.6
G0 F12000 X165.195 Y128.684 Z7.6
G1 F600 Z6.6
G1 F3000 E2371.91444
G1 F7258.1 X164.557 Y128.57 E2371.95133
G1 F6338 X164.053 Y128.412 E2371.98575
G1 F6000 X163.372 Y128.004 E2372.04041
G1 X162.76 Y127.446 E2372.09743
G1 X162.489 Y127.108 E2372.12725
G1 X162.122 Y126.497 E2372.17633
G1 F5815.8 X161.899 Y125.976 E2372.21658
G1 F5341.2 X161.658 Y125.145 E2372.2835
G1 F5106.4 X161.658 Y118.572 E2372.81523
G1 F5056.2 X161.687 Y118.147 E2372.85004
G1 F5286.3 X161.842 Y117.544 E2372.89869
G1 F5815.8 X162.213 Y116.741 E2372.96152
G1 F6000 X162.519 Y116.274 E2372.99996
G1 X163.044 Y115.69 E2373.05402
G1 X163.385 Y115.41 E2373.0844
G1 X164.062 Y115.009 E2373.13857
G1 F6569.3 X164.603 Y114.814 E2373.17474
G1 F7775.4 X165.336 Y114.727 E2373.21395
G1 F7627.1 X164.68 Y114.77 E2373.24956
G1 F6451.6 X164.023 Y114.812 E2373.29171
G1 F6000 X160.279 Y114.812 E2373.54948
G1 X160.678 Y115.576 E2373.60882
G1 X160.821 Y116.028 E2373.64146
G1 X160.903 Y116.454 E2373.67133
G1 F5882.4 X160.92 Y117.127 E2373.71861
G1 F5341.2 X160.971 Y118.077 E2373.79218
G1 F5056.2 X160.958 Y118.572 E2373.83264
G1 F5142.9 X160.958 Y124.848 E2374.33675
G1 F5070.4 X160.967 Y125.283 E2374.3722
G1 F5301.9 X160.927 Y126.091 E2374.43523
G1 F5815.8 X160.909 Y126.81 E2374.48631
G1 F6000 X160.908 Y127.716 E2374.54869
G1 X161.027 Y128.137 E2374.57881
G1 X161.183 Y128.337 E2374.59627
G1 X161.382 Y128.494 E2374.61372
G1 X161.813 Y128.612 E2374.64449
G1 X164.003 Y128.612 E2374.79527
G1 F6805.3 X165.195 Y128.684 E2374.86776
G1 F8391.6 X165.672 Y128.712 E2374.89128
G1 F9000 X167.968 Y128.712 E2374.99666
G1 F8612.4 X168.348 Y128.73 E2375.01491
G1 F3600 E2373.21491
G1 F600 Z7.6
G0 F12000 X180.811 Y128.212 Z7.6
G1 F600 Z6.6
G1 F3000 E2375.01491
G1 F6000 X165.672 Y128.212 E2376.05721
G1 X165.319 Y128.17 E2376.08168
G1 X164.691 Y128.018 E2376.12617
G1 X164.336 Y127.883 E2376.15232
G1 X163.751 Y127.539 E2376.19904
G1 X163.227 Y127.069 E2376.2475
G1 X162.963 Y126.74 E2376.27654
G1 X162.647 Y126.207 E2376.3192
G1 X162.501 Y125.831 E2376.34697
G1 X162.308 Y125.014 E2376.40477
G1 X162.308 Y118.572 E2376.84829
G1 X162.337 Y118.277 E2376.8687
G1 X162.508 Y117.561 E2376.91938
G1 X162.736 Y117.035 E2376.95885
G1 X163.018 Y116.608 E2376.99408
G1 X163.471 Y116.111 E2377.04038
G1 X164.042 Y115.695 E2377.08902
G1 X164.648 Y115.415 E2377.13498
G1 X164.941 Y115.326 E2377.15607
G1 X165.684 Y115.212 E2377.20782
G1 X195.956 Y115.212 E2379.292
G1 X196.675 Y115.323 E2379.34209
G1 X196.966 Y115.411 E2379.36302
G1 X197.578 Y115.695 E2379.40947
G1 X198.149 Y116.111 E2379.45811
G1 X198.607 Y116.615 E2379.505
G1 X198.882 Y117.034 E2379.5395
G1 X199.177 Y117.711 E2379.59035
G1 X199.308 Y118.58 E2379.65085
G1 X199.308 Y125.031 E2380.09499
G1 X199.109 Y125.871 E2380.15443
G1 X198.776 Y126.551 E2380.20655
G1 X198.428 Y127.02 E2380.24676
G1 X198.18 Y127.281 E2380.27155
G1 X197.631 Y127.696 E2380.31893
G1 X196.925 Y128.018 E2380.37236
G1 X196.112 Y128.212 E2380.4299
G1 X180.811 Y128.212 E2381.48335
G0 F12000 X180.811 Y127.612
G1 F6000 X165.563 Y127.612 E2382.53315
G1 X164.708 Y127.405 E2382.59372
G1 X164.131 Y127.074 E2382.63952
G1 X163.695 Y126.693 E2382.67938
G1 X163.437 Y126.372 E2382.70774
G1 X163.113 Y125.815 E2382.7521
G1 X162.908 Y124.949 E2382.81337
G1 X162.908 Y118.47 E2383.25944
G1 X163.063 Y117.789 E2383.30753
G1 X163.259 Y117.33 E2383.34189
G1 X163.516 Y116.942 E2383.37393
G1 X163.899 Y116.532 E2383.41256
G1 X164.372 Y116.196 E2383.4525
G1 X164.962 Y115.931 E2383.49703
G1 X165.684 Y115.812 E2383.54741
G1 X195.956 Y115.812 E2385.63159
G1 X196.651 Y115.927 E2385.68009
G1 X197.248 Y116.196 E2385.72518
G1 X197.721 Y116.532 E2385.76512
G1 X198.109 Y116.949 E2385.80434
G1 X198.36 Y117.329 E2385.83569
G1 X198.595 Y117.878 E2385.87681
G1 X198.708 Y118.58 E2385.92576
G1 X198.708 Y124.955 E2386.36467
G1 X198.608 Y125.464 E2386.40038
G1 X198.368 Y126.094 E2386.4468
G1 X197.876 Y126.758 E2386.5037
G1 X197.348 Y127.166 E2386.54964
G1 X196.784 Y127.435 E2386.59266
G1 X196.046 Y127.612 E2386.64491
G1 X180.811 Y127.612 E2387.69382
G1 F3600 E2385.89382
G1 F600 Z7.6
G0 F12000 X180.812 Y131.544 Z7.6
G1 F600 Z6.6
G1 F3000 E2387.69382
G1 F6000 X189.214 Y131.545 E2388.27228
G1 X189.521 Y130.957 E2388.31795
G1 X189.975 Y130.353 E2388.36997
G1 X190.494 Y129.824 E2388.42099
G1 X191.182 Y129.344 E2388.47875
G1 X191.846 Y129.01 E2388.52992
G1 F6593.4 X192.51 Y128.805 E2388.57346
G1 F7826.1 X193.228 Y128.727 E2388.61158
G1 F7317.1 X192.36 Y128.788 E2388.66071
G1 F6250 X191.812 Y128.812 E2388.69696
G1 F6000 X169.56 Y128.812 E2390.22898
G1 F6949.8 X168.348 Y128.73 E2390.30118
G1 F7346.9 X169.131 Y128.825 E2390.34553
G1 F6293.7 X169.54 Y128.917 E2390.37305
G1 F6000 X170.254 Y129.238 E2390.42694
G1 X171.026 Y129.763 E2390.49122
G1 X171.597 Y130.311 E2390.54571
G1 X171.908 Y130.688 E2390.57936
G1 X172.244 Y131.208 E2390.62198
G1 X172.421 Y131.544 E2390.64813
G1 X180.812 Y131.544 E2391.22584
G1 F3600 E2389.42584
G1 F600 Z7.6
G0 F12000 X193.228 Y128.727 Z7.6
G1 F600 Z6.6
G1 F3000 E2391.22584
G1 F8674.7 X193.576 Y128.712 E2391.24242
G1 F9000 X195.944 Y128.712 E2391.35111
G1 F8674.7 X196.292 Y128.697 E2391.3677
G1 F7422.7 X197.067 Y128.641 E2391.41094
G1 F6315.8 X197.611 Y128.612 E2391.44657
G1 F6000 X199.806 Y128.612 E2391.5977
G1 X200.16 Y128.532 E2391.62268
G1 X200.359 Y128.412 E2391.63868
G1 X200.545 Y128.209 E2391.65764
G1 X200.665 Y127.972 E2391.67593
G1 X200.708 Y127.629 E2391.69973
G1 F5921.1 X200.7 Y126.311 E2391.79168
G1 F5389.2 X200.649 Y125.295 E2391.86966
G1 F5077.6 X200.658 Y124.86 E2391.90505
G1 F5142.9 X200.658 Y118.58 E2392.40948
G1 F5063.3 X200.647 Y118.115 E2392.44743
G1 F5365.1 X200.698 Y117.128 E2392.52353
G1 F5901.6 X200.714 Y116.45 E2392.571
G1 F6000 X200.794 Y116.023 E2392.60091
G1 X200.951 Y115.547 E2392.63542
G1 X201.342 Y114.812 E2392.69274
G1 X197.601 Y114.812 E2392.9503
G1 F6440.1 X196.971 Y114.771 E2392.99079
G1 F7547.2 X196.34 Y114.731 E2393.0254
G1 F7258.1 X197.188 Y114.879 E2393.07439
G1 F6228.4 X197.562 Y115.01 E2393.10068
G1 F6000 X198.235 Y115.41 E2393.15458
G1 X198.576 Y115.69 E2393.18496
G1 X199.106 Y116.281 E2393.23961
G1 X199.404 Y116.739 E2393.27723
G1 F5825.2 X199.782 Y117.559 E2393.34126
G1 F5325.4 X199.958 Y118.289 E2393.39951
G1 F5056.2 X199.958 Y125.15 E2393.96005
G1 F5225 X199.819 Y125.7 E2394.0049
G1 F5678.2 X199.511 Y126.465 E2394.0649
G1 F6000 X199.258 Y126.909 E2394.10008
G1 X198.909 Y127.378 E2394.14033
G1 X198.563 Y127.743 E2394.17496
G1 X198.263 Y127.991 E2394.20176
G1 X197.562 Y128.413 E2394.25809
G1 F6315.8 X197.059 Y128.572 E2394.29259
G1 F7422.7 X196.292 Y128.697 E2394.33584
G1 F3600 E2392.53584
G1 F600 Z7.6
G0 F12000 X180.812 Y132.144 Z7.6
G1 F600 Z6.6
G1 F3000 E2394.33584
G1 F6000 X189.599 Y132.145 E2394.94081
G1 X189.944 Y131.392 E2394.99784
G1 X190.404 Y130.773 E2395.05093
G1 X190.788 Y130.382 E2395.08867
G1 X191.304 Y129.976 E2395.13387
G1 X191.917 Y129.622 E2395.18261
G1 X192.669 Y129.352 E2395.23762
G1 X193.437 Y129.212 E2395.29136
G1 X199.854 Y129.212 E2395.73316
G1 X200.39 Y129.088 E2395.77104
G1 X200.759 Y128.863 E2395.8008
G1 X201.027 Y128.572 E2395.82803
G1 X201.237 Y128.159 E2395.85993
G1 X201.308 Y127.652 E2395.89518
G1 X201.312 Y116.499 E2396.66305
G1 X201.52 Y115.737 E2396.71743
G1 X201.755 Y115.297 E2396.75177
G1 X202.178 Y114.823 E2396.79551
G1 X202.382 Y114.664 E2396.81332
G1 F6741.6 X202.874 Y114.478 E2396.84555
G1 F9375 X203.724 Y114.362 E2396.88335
G1 F12000 X204.606 Y114.362 E2396.91371
G1 X204.606 Y114.062 E2396.92404
G1 F11764.7 X203.463 Y114.068 E2396.96417
G1 F9230.8 X202.823 Y114.146 E2396.99303
G1 F6741.6 X202.226 Y114.212 E2397.02983
G1 F6020.1 X187.97 Y114.212 E2398.00806
G1 F6050.4 X173.714 Y114.212 E2398.98139
G1 F6081.1 X159.458 Y114.212 E2399.9498
G1 F7200 X158.653 Y114.117 E2399.99631
G1 F9944.8 X158.172 Y114.062 E2400.01642
G1 F11764.7 X157.014 Y114.062 E2400.05708
G1 F12000 X157.014 Y114.362 E2400.06741
G1 F11920.5 X157.92 Y114.362 E2400.0988
G1 F10084 X158.59 Y114.443 E2400.12645
G1 F7258.1 X159.217 Y114.662 E2400.16425
G1 F6101.7 X159.431 Y114.815 E2400.18206
G1 F6000 X159.865 Y115.297 E2400.22672
G1 X160.106 Y115.758 E2400.26253
G1 X160.304 Y116.504 E2400.31567
G1 X160.308 Y127.762 E2401.09077
G1 X160.353 Y128.052 E2401.11097
G1 X160.52 Y128.464 E2401.14158
G1 X160.756 Y128.764 E2401.16786
G1 X161.056 Y129 E2401.19414
G1 X161.463 Y129.163 E2401.22432
G1 X161.766 Y129.212 E2401.24545
G1 X168.115 Y129.212 E2401.68257
G1 X169.187 Y129.417 E2401.75772
G1 X169.944 Y129.751 E2401.81468
G1 X170.61 Y130.196 E2401.86983
G1 X171.182 Y130.745 E2401.92441
G1 X171.404 Y131.013 E2401.94837
G1 X171.74 Y131.533 E2401.991
G1 X172.023 Y132.144 E2402.03736
G1 X180.812 Y132.144 E2402.64247
G0 F12000 X180.811 Y132.744
G1 F6000 X190.042 Y132.744 E2403.27801
G1 X190.141 Y132.401 E2403.30259
G1 X190.46 Y131.704 E2403.35536
G1 X190.833 Y131.193 E2403.39892
G1 X191.276 Y130.742 E2403.44244
G1 X191.761 Y130.395 E2403.4835
G1 X192.249 Y130.14 E2403.52141
G1 X192.835 Y129.931 E2403.56424
G1 X193.492 Y129.812 E2403.61021
G1 X199.901 Y129.812 E2404.05146
G1 X200.294 Y129.749 E2404.07887
G1 X200.619 Y129.645 E2404.10236
G1 X201.159 Y129.315 E2404.14593
G1 X201.509 Y128.935 E2404.1815
G1 X201.809 Y128.346 E2404.22701
G1 X201.908 Y127.674 E2404.27377
G1 X201.91 Y116.547 E2405.03985
G1 X202.09 Y115.927 E2405.0843
G1 X202.23 Y115.663 E2405.10487
G1 X202.548 Y115.295 E2405.13836
G1 X203.035 Y114.986 E2405.17807
G1 X203.611 Y114.812 E2405.21949
G1 X205.056 Y114.812 E2405.31898
G1 X205.056 Y113.612 E2405.4016
G1 X156.564 Y113.612 E2408.7402
G1 X156.564 Y114.812 E2408.82282
G1 X157.808 Y114.812 E2408.90846
G1 X158.192 Y114.856 E2408.93508
G1 X158.643 Y115.008 E2408.96784
G1 X158.857 Y115.13 E2408.9848
G1 X159.23 Y115.455 E2409.01886
G1 X159.534 Y115.939 E2409.05821
G1 X159.706 Y116.553 E2409.10211
G1 X159.708 Y127.807 E2409.87693
G1 X159.767 Y128.191 E2409.90368
G1 X160.013 Y128.79 E2409.94826
G1 X160.329 Y129.191 E2409.98342
G1 X160.73 Y129.507 E2410.01857
G1 X160.998 Y129.645 E2410.03932
G1 X161.325 Y129.749 E2410.06294
G1 X161.719 Y129.812 E2410.09041
G1 X168.054 Y129.812 E2410.52657
G1 X169.004 Y129.993 E2410.59315
G1 X169.634 Y130.265 E2410.6404
G1 X170.195 Y130.63 E2410.68648
G1 X170.843 Y131.251 E2410.74827
G1 X171.282 Y131.93 E2410.80394
G1 X171.485 Y132.413 E2410.84001
G1 X171.578 Y132.744 E2410.86368
G1 X180.811 Y132.744 E2411.49936
G0 F12000 X180.811 Y133.344
;TYPE:WALL-OUTER
G1 F6000 X190.537 Y133.344 E2412.16898
G1 X190.668 Y132.705 E2412.21389
G1 X190.999 Y131.983 E2412.26857
G1 X191.261 Y131.613 E2412.29978
G1 X191.681 Y131.19 E2412.34083
G1 X192.017 Y130.942 E2412.36958
G1 X192.451 Y130.705 E2412.40362
G1 X193.014 Y130.508 E2412.44469
G1 X193.524 Y130.416 E2412.48037
G1 X199.948 Y130.412 E2412.92265
G1 X200.434 Y130.335 E2412.95653
G1 X200.849 Y130.201 E2412.98655
G1 X201.215 Y130.015 E2413.01482
G1 X201.559 Y129.766 E2413.04406
G1 X201.991 Y129.298 E2413.08791
G1 X202.212 Y128.934 E2413.11722
G1 X202.381 Y128.534 E2413.14712
G1 X202.474 Y128.141 E2413.17493
G1 X202.508 Y127.696 E2413.20565
G1 X202.508 Y116.595 E2413.96994
G1 X202.659 Y116.117 E2414.00445
G1 X202.918 Y115.767 E2414.03443
G1 X203.217 Y115.558 E2414.05955
G1 X203.672 Y115.416 E2414.09236
G1 X205.656 Y115.412 E2414.22896
G1 X205.656 Y113.012 E2414.39419
G1 X155.964 Y113.012 E2417.81541
G1 X155.964 Y115.412 E2417.98065
G1 X157.85 Y115.414 E2418.1105
G1 X158.11 Y115.45 E2418.12857
G1 X158.42 Y115.565 E2418.15133
G1 X158.754 Y115.821 E2418.18031
G1 X158.962 Y116.121 E2418.20544
G1 X159.108 Y116.603 E2418.24011
G1 X159.108 Y127.853 E2419.01466
G1 X159.181 Y128.33 E2419.04788
G1 X159.318 Y128.752 E2419.07843
G1 X159.506 Y129.116 E2419.10663
G1 X159.902 Y129.618 E2419.15066
G1 X160.404 Y130.014 E2419.19468
G1 X160.768 Y130.201 E2419.22285
G1 X161.186 Y130.335 E2419.25307
G1 X161.672 Y130.412 E2419.28695
G1 X168.025 Y130.417 E2419.72434
G1 X168.855 Y130.582 E2419.78261
G1 X169.283 Y130.758 E2419.81447
G1 X169.755 Y131.039 E2419.85229
G1 X170.377 Y131.635 E2419.9116
G1 X170.757 Y132.231 E2419.96026
G1 X170.948 Y132.692 E2419.99462
G1 X171.104 Y133.344 E2420.04077
G1 X180.811 Y133.344 E2420.70909
G0 F12000 X181.011 Y133.344
G1 F3600 E2418.90909
G1 F600 Z7.6
G0 F12000 X180.808 Y127.01 Z7.6
G1 F600 Z6.6
G1 F3000 E2420.70909
G1 F6000 X165.634 Y127.012 E2421.75379
G1 X164.934 Y126.843 E2421.80337
G1 X164.51 Y126.609 E2421.83671
G1 X164.162 Y126.317 E2421.86799
G1 X163.885 Y125.966 E2421.89877
G1 X163.668 Y125.551 E2421.93102
G1 X163.512 Y124.9 E2421.97711
G1 X163.513 Y118.513 E2422.41684
G1 X163.601 Y118.073 E2422.44773
G1 X163.771 Y117.646 E2422.47938
G1 X164.014 Y117.276 E2422.50985
G1 X164.326 Y116.953 E2422.54077
G1 X164.702 Y116.697 E2422.57209
G1 X165.167 Y116.505 E2422.60673
G1 X165.632 Y116.416 E2422.63932
G1 X196.014 Y116.417 E2424.73108
G1 X196.446 Y116.501 E2424.76138
G1 X196.918 Y116.697 E2424.79656
G1 X197.294 Y116.953 E2424.82788
G1 X197.611 Y117.283 E2424.85938
G1 X197.826 Y117.604 E2424.88598
G1 X198.002 Y118.017 E2424.91689
G1 X198.108 Y118.58 E2424.95634
G1 X198.103 Y124.918 E2425.3927
G1 X198.019 Y125.35 E2425.423
G1 X197.836 Y125.804 E2425.4567
G1 X197.443 Y126.334 E2425.50212
G1 X197.116 Y126.604 E2425.53132
G1 X196.682 Y126.843 E2425.56543
G1 X195.996 Y127.008 E2425.61401
G1 X180.808 Y127.01 E2426.65968
G0 F12000 X180.608 Y127.01
G1 F3600 E2424.85968
G1 F600 Z7.6
G0 F12000 X180.811 Y130.972 Z7.6
;TYPE:SKIN
G1 F600 Z6.6
G1 F3000 E2426.65968
G1 F6000 X172.772 Y130.972 E2427.21315
G1 X172.364 Y130.344 E2427.26471
G1 X171.992 Y129.899 E2427.30465
G1 X171.45 Y129.381 E2427.35626
G1 X190.135 Y129.381 E2428.6427
G1 X189.574 Y129.945 E2428.69747
G1 X189.056 Y130.627 E2428.75643
G1 X188.862 Y130.972 E2428.78368
G1 X180.811 Y130.972 E2429.33798
G0 F12000 X180.811 Y130.424
G1 F7258.1 X173.067 Y130.424 E2429.77873
G1 X172.732 Y129.928 E2429.81279
G1 X188.894 Y129.929 E2430.73265
G1 X188.541 Y130.424 E2430.76725
G1 X180.811 Y130.424 E2431.2072
G1 F3600 E2429.4072
G1 F600 Z7.6
G0 F12000 X210.164 Y114.212 Z7.6
;TYPE:WALL-INNER
G1 F600 Z6.6
G1 F3000 E2431.2072
G1 F6000 X211.308 Y114.212 E2431.28596
G1 F3600 E2429.48596
G1 F600 Z7.6
G0 F12000 X209.564 Y114.812 Z7.6
G1 F600 Z6.6
G1 F3000 E2431.28596
G1 F6000 X211.908 Y114.812 E2431.44734
G1 X211.908 Y113.612 E2431.52996
G1 X209.564 Y113.612 E2431.69134
G1 X209.564 Y114.812 E2431.77396
G0 F12000 X208.964 Y115.412
;TYPE:WALL-OUTER
G1 F6000 X212.508 Y115.412 E2432.01796
G1 X212.508 Y113.012 E2432.1832
G1 X208.964 Y113.012 E2432.4272
G1 X208.964 Y115.412 E2432.59243
G0 F12000 X209.164 Y115.412
G1 F3600 E2430.79243
G1 F600 Z7.6
;MESH:NONMESH
G0 F12000 X207.013 Y112.481 Z7.6
;TIME_ELAPSED:886.296704
;LAYER:22
G0 X207.013 Y112.481 Z7.9
;TYPE:SUPPORT-INTERFACE
G1 F600 Z6.7
G1 F3000 E2432.59243
G1 F5429.9 X207.607 Y112.48 E2432.62256
G1 X207.531 Y112.648 E2432.63191
G1 X207.531 Y115.776 E2432.79056
G1 X207.593 Y115.935 E2432.79921
G1 X207.018 Y115.939 E2432.82838
G1 X207.089 Y115.776 E2432.8374
G1 X207.089 Y112.648 E2432.99604
G1 X207.013 Y112.481 E2433.00535
G1 F3600 E2431.20535
G1 F600 Z7.9
G0 F12000 X154.01 Y112.48 Z7.9
G1 F600 Z6.7
G1 F3000 E2433.00535
G1 F5454.5 X154.603 Y112.481 E2433.03529
G1 X154.528 Y112.648 E2433.04453
G1 X154.528 Y115.776 E2433.20246
G1 X154.602 Y115.94 E2433.21154
G1 X154.015 Y115.94 E2433.24118
G1 X154.088 Y115.776 E2433.25024
G1 X154.088 Y112.648 E2433.40817
G1 X154.01 Y112.48 E2433.41753
G1 F3600 E2431.61753
G1 F600 Z7.9
;MESH:LC-GR3005??????RFID?????????-WB.stl
G0 F12000 X151.7 Y114.212 Z7.9
;TYPE:WALL-INNER
G1 F600 Z6.9
G1 F3000 E2433.41753
G1 F6000 X150.308 Y114.212 E2433.51336
G1 F3600 E2431.71336
G1 F600 Z7.9
G0 F12000 X152.3 Y114.812 Z7.9
G1 F600 Z6.9
G1 F3000 E2433.51336
G1 F6000 X152.3 Y113.612 E2433.59598
G1 X149.708 Y113.612 E2433.77444
G1 X149.708 Y114.812 E2433.85705
G1 X152.3 Y114.812 E2434.03551
G0 F12000 X152.9 Y115.412
;TYPE:WALL-OUTER
G1 F6000 X152.9 Y113.012 E2434.20075
G1 X149.108 Y113.012 E2434.46182
G1 X149.108 Y115.412 E2434.62706
G1 X152.9 Y115.412 E2434.88813
G0 F12000 X152.9 Y115.212
G1 F3600 E2433.08813
G1 F600 Z7.9
G0 F12000 X165.336 Y114.727 Z7.9
;TYPE:WALL-INNER
G1 F600 Z6.9
G1 F3000 E2434.88813
G1 F8674.7 X165.684 Y114.712 E2434.90472
G1 F9000 X195.956 Y114.712 E2436.29417
G1 F8612.4 X196.341 Y114.731 E2436.31266
G1 F3600 E2434.51266
G1 F600 Z7.9
G0 F12000 X196.293 Y128.698 Z7.9
G1 F600 Z6.9
G1 F3000 E2436.31266
G1 F7407.4 X197.068 Y128.643 E2436.35599
G1 F6315.8 X197.612 Y128.614 E2436.39162
G1 F6000 X199.806 Y128.612 E2436.54267
G1 X200.16 Y128.532 E2436.56766
G1 X200.359 Y128.412 E2436.58366
G1 X200.545 Y128.209 E2436.60261
G1 X200.665 Y127.972 E2436.6209
G1 X200.708 Y127.629 E2436.6447
G1 F5921.1 X200.7 Y126.311 E2436.73666
G1 F5389.2 X200.649 Y125.295 E2436.81463
G1 F5077.6 X200.658 Y124.86 E2436.85003
G1 F5142.9 X200.658 Y118.58 E2437.35446
G1 F5063.3 X200.647 Y118.115 E2437.39241
G1 F5365.1 X200.698 Y117.128 E2437.4685
G1 F5901.6 X200.714 Y116.45 E2437.51598
G1 F6000 X200.794 Y116.023 E2437.54588
G1 X200.951 Y115.547 E2437.58039
G1 X201.342 Y114.812 E2437.63771
G1 X197.601 Y114.812 E2437.89527
G1 F6440.1 X196.971 Y114.771 E2437.93577
G1 F7547.2 X196.34 Y114.731 E2437.97038
G1 F7258.1 X197.188 Y114.879 E2438.01937
G1 F6228.4 X197.562 Y115.01 E2438.04565
G1 F6000 X198.235 Y115.41 E2438.09955
G1 X198.576 Y115.69 E2438.12993
G1 X199.106 Y116.281 E2438.18459
G1 X199.404 Y116.739 E2438.22221
G1 F5825.2 X199.782 Y117.559 E2438.28624
G1 F5325.4 X199.958 Y118.289 E2438.34448
G1 F5056.2 X199.958 Y125.15 E2438.90503
G1 F5225 X199.819 Y125.7 E2438.94988
G1 F5678.2 X199.511 Y126.465 E2439.00988
G1 F6000 X199.258 Y126.909 E2439.04506
G1 X198.909 Y127.378 E2439.08531
G1 X198.563 Y127.743 E2439.11993
G1 X197.914 Y128.225 E2439.17559
G1 X197.562 Y128.413 E2439.20307
G1 F6315.8 X197.06 Y128.573 E2439.23753
G1 F7407.4 X196.293 Y128.698 E2439.28087
G1 F8633.1 X195.944 Y128.713 E2439.29758
G1 F8372.1 X193.52 Y128.714 E2439.41718
G1 F7407.4 X192.768 Y128.769 E2439.45923
G1 F3600 E2437.65923
G1 F600 Z7.9
G0 F12000 X180.811 Y128.212 Z7.9
G1 F600 Z6.9
G1 F3000 E2439.45923
G1 F6000 X165.672 Y128.212 E2440.50153
G1 X165.319 Y128.17 E2440.52601
G1 X164.691 Y128.018 E2440.57049
G1 X164.336 Y127.883 E2440.59664
G1 X163.751 Y127.539 E2440.64336
G1 X163.227 Y127.069 E2440.69183
G1 X162.963 Y126.74 E2440.72087
G1 X162.647 Y126.207 E2440.76353
G1 X162.501 Y125.831 E2440.7913
G1 X162.308 Y125.014 E2440.8491
G1 X162.308 Y118.572 E2441.29262
G1 X162.337 Y118.277 E2441.31303
G1 X162.508 Y117.561 E2441.36371
G1 X162.736 Y117.035 E2441.40318
G1 X163.018 Y116.608 E2441.43841
G1 X163.471 Y116.111 E2441.48471
G1 X164.042 Y115.695 E2441.53335
G1 X164.648 Y115.415 E2441.57931
G1 X164.941 Y115.326 E2441.60039
G1 X165.684 Y115.212 E2441.65214
G1 X195.956 Y115.212 E2443.73632
G1 X196.675 Y115.323 E2443.78641
G1 X196.966 Y115.411 E2443.80734
G1 X197.578 Y115.695 E2443.85379
G1 X198.149 Y116.111 E2443.90243
G1 X198.607 Y116.615 E2443.94932
G1 X198.882 Y117.034 E2443.98383
G1 X199.177 Y117.711 E2444.03467
G1 X199.308 Y118.58 E2444.09517
G1 X199.308 Y125.031 E2444.53932
G1 X199.109 Y125.871 E2444.59875
G1 X198.776 Y126.551 E2444.65088
G1 X198.428 Y127.02 E2444.69109
G1 X198.18 Y127.281 E2444.71588
G1 X197.631 Y127.696 E2444.76326
G1 X196.926 Y128.018 E2444.81662
G1 X196.112 Y128.212 E2444.87423
G1 X180.811 Y128.212 E2445.92768
G0 F12000 X180.811 Y127.612
G1 F6000 X165.563 Y127.612 E2446.97748
G1 X164.708 Y127.405 E2447.03805
G1 X164.131 Y127.074 E2447.08385
G1 X163.695 Y126.693 E2447.12371
G1 X163.437 Y126.372 E2447.15206
G1 X163.113 Y125.815 E2447.19643
G1 X162.908 Y124.949 E2447.2577
G1 X162.908 Y118.47 E2447.70377
G1 X163.063 Y117.789 E2447.75185
G1 X163.259 Y117.33 E2447.78622
G1 X163.516 Y116.942 E2447.81826
G1 X163.899 Y116.532 E2447.85689
G1 X164.372 Y116.196 E2447.89683
G1 X164.962 Y115.931 E2447.94136
G1 X165.684 Y115.812 E2447.99174
G1 X195.956 Y115.812 E2450.07592
G1 X196.651 Y115.927 E2450.12442
G1 X197.248 Y116.196 E2450.1695
G1 X197.721 Y116.532 E2450.20945
G1 X198.109 Y116.949 E2450.24867
G1 X198.36 Y117.329 E2450.28002
G1 X198.595 Y117.878 E2450.32114
G1 X198.708 Y118.58 E2450.37009
G1 X198.708 Y124.955 E2450.809
G1 X198.608 Y125.464 E2450.84471
G1 X198.368 Y126.094 E2450.89113
G1 X197.876 Y126.757 E2450.94797
G1 X197.349 Y127.166 E2450.9939
G1 X196.784 Y127.435 E2451.03698
G1 X196.046 Y127.612 E2451.08923
G1 X180.811 Y127.612 E2452.13814
G1 F3600 E2450.33814
G1 F600 Z7.9
G0 F12000 X180.811 Y131.012 Z7.9
G1 F600 Z6.9
G1 F3000 E2452.13814
G1 F6000 X189.496 Y131.012 E2452.73609
G1 X189.743 Y130.641 E2452.76677
G1 X190.19 Y130.11 E2452.81456
G1 X190.646 Y129.714 E2452.85614
G1 X191.236 Y129.31 E2452.90537
G1 X191.597 Y129.126 E2452.93327
G1 F6271.8 X192.306 Y128.874 E2452.98283
G1 F6779.7 X192.768 Y128.769 E2453.0117
G1 F6463.2 X191.538 Y128.812 E2453.09036
G1 F6000 X170.034 Y128.812 E2454.57088
G1 F6593.4 X168.756 Y128.758 E2454.65102
G1 F6805.3 X169.547 Y128.936 E2454.70023
G1 F6175 X170.141 Y129.157 E2454.74263
G1 F6000 X170.927 Y129.684 E2454.80779
G1 X171.241 Y129.943 E2454.83581
G1 X171.805 Y130.548 E2454.89275
G1 X172.118 Y131.012 E2454.93129
G1 X180.811 Y131.012 E2455.52979
G1 F3600 E2453.72979
G1 F600 Z7.9
G0 F12000 X168.756 Y128.758 Z7.9
G1 F600 Z6.9
G1 F3000 E2455.52979
G1 F7708.8 X168.432 Y128.733 E2455.5472
G1 F8551.1 X167.804 Y128.712 E2455.57756
G1 F9000 X165.672 Y128.712 E2455.67541
G1 F8391.6 X165.195 Y128.684 E2455.69894
G1 F7258.1 X164.557 Y128.57 E2455.73582
G1 F6338 X164.053 Y128.412 E2455.77025
G1 F6000 X163.372 Y128.004 E2455.8249
G1 X162.76 Y127.446 E2455.88192
G1 X162.489 Y127.108 E2455.91175
G1 X162.122 Y126.497 E2455.96082
G1 F5815.8 X161.899 Y125.976 E2456.00108
G1 F5341.2 X161.658 Y125.145 E2456.06799
G1 F5106.4 X161.658 Y118.572 E2456.59973
G1 F5056.2 X161.687 Y118.147 E2456.63453
G1 F5286.3 X161.842 Y117.544 E2456.68319
G1 F5815.8 X162.213 Y116.741 E2456.74601
G1 F6000 X162.519 Y116.274 E2456.78445
G1 X163.044 Y115.69 E2456.83852
G1 X163.385 Y115.41 E2456.8689
G1 X164.062 Y115.009 E2456.92307
G1 F6569.3 X164.603 Y114.814 E2456.95923
G1 F7775.4 X165.336 Y114.727 E2456.99845
G1 F7627.1 X164.68 Y114.77 E2457.03405
G1 F6451.6 X164.023 Y114.812 E2457.07621
G1 F6000 X160.279 Y114.812 E2457.33398
G1 X160.678 Y115.576 E2457.39332
G1 X160.821 Y116.028 E2457.42596
G1 X160.903 Y116.454 E2457.45583
G1 F5882.4 X160.92 Y117.127 E2457.5031
G1 F5341.2 X160.971 Y118.077 E2457.57668
G1 F5056.2 X160.958 Y118.572 E2457.61714
G1 F5142.9 X160.958 Y124.848 E2458.12124
G1 F5070.4 X160.967 Y125.283 E2458.15669
G1 F5301.9 X160.927 Y126.091 E2458.21972
G1 F5815.8 X160.909 Y126.81 E2458.27081
G1 F6000 X160.908 Y127.716 E2458.33319
G1 X161.027 Y128.137 E2458.36331
G1 X161.183 Y128.337 E2458.38077
G1 X161.382 Y128.494 E2458.39822
G1 X161.808 Y128.611 E2458.42864
G1 X164.003 Y128.612 E2458.57976
G1 F6805.3 X165.195 Y128.684 E2458.65225
G1 F3600 E2456.85225
G1 F600 Z7.9
G0 F12000 X180.811 Y131.612 Z7.9
G1 F600 Z6.9
G1 F3000 E2458.65225
G1 F6000 X189.859 Y131.612 E2459.27519
G1 X190.203 Y131.027 E2459.32191
G1 X190.539 Y130.627 E2459.35788
G1 X191.039 Y130.167 E2459.40465
G1 X191.667 Y129.743 E2459.45682
G1 X192.675 Y129.346 E2459.53141
G1 X193.552 Y129.216 E2459.59245
G1 X199.853 Y129.212 E2460.02627
G1 X200.39 Y129.088 E2460.06421
G1 X200.759 Y128.863 E2460.09397
G1 X201.027 Y128.572 E2460.1212
G1 X201.237 Y128.159 E2460.1531
G1 X201.308 Y127.652 E2460.18835
G1 X201.312 Y116.499 E2460.95622
G1 X201.52 Y115.737 E2461.0106
G1 X201.755 Y115.297 E2461.04494
G1 X202.178 Y114.823 E2461.08868
G1 X202.382 Y114.664 E2461.10649
G1 F6741.6 X202.874 Y114.478 E2461.13872
G1 F9375 X203.724 Y114.362 E2461.17652
G1 F12000 X204.85 Y114.362 E2461.21528
G1 X204.85 Y114.062 E2461.22561
G1 F11764.7 X203.463 Y114.068 E2461.27431
G1 F9230.8 X202.823 Y114.146 E2461.30316
G1 F6741.6 X202.226 Y114.212 E2461.33997
G1 F6020.1 X187.97 Y114.212 E2462.3182
G1 F6050.4 X173.714 Y114.212 E2463.29152
G1 F6081.1 X159.458 Y114.212 E2464.25994
G1 F7200 X158.653 Y114.117 E2464.30645
G1 F9944.8 X158.172 Y114.062 E2464.32656
G1 F11764.7 X156.769 Y114.062 E2464.37582
G1 F12000 X156.768 Y114.362 E2464.38615
G1 F11920.5 X157.92 Y114.362 E2464.42607
G1 F10084 X158.59 Y114.443 E2464.45371
G1 F7258.1 X159.217 Y114.662 E2464.49151
G1 F6101.7 X159.431 Y114.815 E2464.50932
G1 F6000 X159.865 Y115.297 E2464.55398
G1 X160.106 Y115.758 E2464.58979
G1 X160.304 Y116.504 E2464.64293
G1 X160.308 Y127.762 E2465.41803
G1 X160.353 Y128.052 E2465.43823
G1 X160.52 Y128.464 E2465.46884
G1 X160.756 Y128.764 E2465.49512
G1 X161.056 Y129 E2465.5214
G1 X161.465 Y129.164 E2465.55174
G1 X161.76 Y129.211 E2465.57231
G1 X167.918 Y129.216 E2465.99627
G1 X168.629 Y129.289 E2466.04548
G1 X169.324 Y129.474 E2466.095
G1 X170.009 Y129.79 E2466.14694
G1 X170.727 Y130.272 E2466.20648
G1 X171.316 Y130.895 E2466.2655
G1 X171.797 Y131.612 E2466.32495
G1 X180.811 Y131.612 E2466.94555
G0 F12000 X180.811 Y132.212
G1 F6000 X190.223 Y132.212 E2467.59355
G1 X190.598 Y131.489 E2467.64962
G1 X191.049 Y130.953 E2467.69785
G1 X191.538 Y130.541 E2467.74187
G1 X192.037 Y130.242 E2467.78193
G1 X192.831 Y129.929 E2467.84068
G1 X193.592 Y129.816 E2467.89365
G1 X199.9 Y129.812 E2468.32795
G1 X200.294 Y129.749 E2468.35542
G1 X200.619 Y129.645 E2468.37891
G1 X201.159 Y129.315 E2468.42248
G1 X201.509 Y128.935 E2468.45805
G1 X201.809 Y128.346 E2468.50356
G1 X201.908 Y127.674 E2468.55033
G1 X201.91 Y116.547 E2469.3164
G1 X202.09 Y115.927 E2469.36085
G1 X202.23 Y115.663 E2469.38143
G1 X202.548 Y115.295 E2469.41491
G1 X203.035 Y114.986 E2469.45462
G1 X203.611 Y114.812 E2469.49605
G1 X205.3 Y114.812 E2469.61233
G1 X205.3 Y113.612 E2469.69495
G1 X156.319 Y113.612 E2473.06722
G1 X156.318 Y114.812 E2473.14984
G1 X157.808 Y114.812 E2473.25242
G1 X158.192 Y114.856 E2473.27903
G1 X158.643 Y115.008 E2473.3118
G1 X158.857 Y115.13 E2473.32876
G1 X159.23 Y115.455 E2473.36282
G1 X159.534 Y115.939 E2473.40217
G1 X159.706 Y116.553 E2473.44607
G1 X159.708 Y127.807 E2474.22089
G1 X159.767 Y128.191 E2474.24764
G1 X160.013 Y128.79 E2474.29222
G1 X160.329 Y129.191 E2474.32737
G1 X160.73 Y129.507 E2474.36252
G1 X160.998 Y129.645 E2474.38328
G1 X161.326 Y129.749 E2474.40697
G1 X161.712 Y129.811 E2474.43388
G1 X167.872 Y129.814 E2474.85799
G1 X168.49 Y129.872 E2474.90072
G1 X169.094 Y130.028 E2474.94367
G1 X169.674 Y130.288 E2474.98743
G1 X170.338 Y130.734 E2475.04251
G1 X170.827 Y131.243 E2475.0911
G1 X171.224 Y131.834 E2475.14012
G1 X171.401 Y132.212 E2475.16885
G1 X180.811 Y132.212 E2475.81672
G0 F12000 X180.811 Y132.812
;TYPE:WALL-OUTER
G1 F6000 X190.644 Y132.812 E2476.49371
G1 X190.725 Y132.545 E2476.51292
G1 X191.099 Y131.826 E2476.56871
G1 X191.491 Y131.365 E2476.61038
G1 X191.827 Y131.073 E2476.64102
G1 X192.257 Y130.8 E2476.67609
G1 X192.987 Y130.512 E2476.73012
G1 X193.62 Y130.419 E2476.77417
G1 X199.948 Y130.412 E2477.20984
G1 X200.434 Y130.335 E2477.24372
G1 X200.849 Y130.201 E2477.27375
G1 X201.215 Y130.015 E2477.30201
G1 X201.559 Y129.766 E2477.33125
G1 X201.991 Y129.298 E2477.3751
G1 X202.212 Y128.934 E2477.40442
G1 X202.381 Y128.534 E2477.43431
G1 X202.474 Y128.141 E2477.46212
G1 X202.508 Y127.696 E2477.49285
G1 X202.508 Y116.595 E2478.25713
G1 X202.659 Y116.117 E2478.29165
G1 X202.918 Y115.767 E2478.32162
G1 X203.217 Y115.558 E2478.34674
G1 X203.672 Y115.416 E2478.37955
G1 X205.9 Y115.412 E2478.53295
G1 X205.9 Y113.012 E2478.69819
G1 X155.72 Y113.012 E2482.153
G1 X155.717 Y115.412 E2482.31824
G1 X157.85 Y115.414 E2482.46509
G1 X158.11 Y115.45 E2482.48316
G1 X158.42 Y115.565 E2482.50593
G1 X158.754 Y115.821 E2482.5349
G1 X158.962 Y116.121 E2482.56004
G1 X159.108 Y116.603 E2482.59471
G1 X159.108 Y127.853 E2483.36925
G1 X159.181 Y128.33 E2483.40248
G1 X159.318 Y128.752 E2483.43302
G1 X159.506 Y129.116 E2483.46123
G1 X159.902 Y129.618 E2483.50525
G1 X160.404 Y130.014 E2483.54927
G1 X160.768 Y130.201 E2483.57745
G1 X161.186 Y130.335 E2483.60767
G1 X161.664 Y130.411 E2483.64099
G1 X167.827 Y130.412 E2484.0653
G1 X168.303 Y130.448 E2484.09817
G1 X168.864 Y130.582 E2484.13788
G1 X169.34 Y130.786 E2484.17354
G1 X169.969 Y131.215 E2484.22595
G1 X170.342 Y131.596 E2484.26266
G1 X170.726 Y132.168 E2484.3101
G1 X171.002 Y132.812 E2484.35833
G1 X180.811 Y132.812 E2485.03367
G0 F12000 X181.011 Y132.812
G1 F3600 E2483.23367
G1 F600 Z7.9
G0 F12000 X180.808 Y127.01 Z7.9
G1 F600 Z6.9
G1 F3000 E2485.03367
G1 F6000 X165.634 Y127.012 E2486.07838
G1 X164.934 Y126.843 E2486.12795
G1 X164.51 Y126.609 E2486.1613
G1 X164.162 Y126.317 E2486.19257
G1 X163.885 Y125.966 E2486.22336
G1 X163.668 Y125.551 E2486.2556
G1 X163.512 Y124.9 E2486.30169
G1 X163.513 Y118.513 E2486.74142
G1 X163.601 Y118.073 E2486.77232
G1 X163.771 Y117.646 E2486.80396
G1 X164.014 Y117.276 E2486.83444
G1 X164.326 Y116.953 E2486.86536
G1 X164.702 Y116.697 E2486.89667
G1 X165.167 Y116.505 E2486.93131
G1 X165.632 Y116.416 E2486.96391
G1 X196.014 Y116.417 E2489.05566
G1 X196.446 Y116.501 E2489.08596
G1 X196.918 Y116.697 E2489.12115
G1 X197.294 Y116.953 E2489.15246
G1 X197.611 Y117.283 E2489.18397
G1 X197.826 Y117.604 E2489.21057
G1 X198.002 Y118.017 E2489.24148
G1 X198.108 Y118.58 E2489.28092
G1 X198.103 Y124.918 E2489.71728
G1 X198.019 Y125.35 E2489.74758
G1 X197.836 Y125.804 E2489.78128
G1 X197.443 Y126.334 E2489.82671
G1 X197.116 Y126.604 E2489.8559
G1 X196.682 Y126.843 E2489.89002
G1 X195.996 Y127.008 E2489.93859
G1 X180.808 Y127.01 E2490.98426
G0 F12000 X180.608 Y127.01
G1 F3600 E2489.18426
G1 F600 Z7.9
G0 F12000 X180.811 Y130.325 Z7.9
;TYPE:SKIN
G1 F600 Z6.9
G1 F3000 E2490.98426
G1 F4337.3 X172.48 Y130.325 E2491.77771
G1 X172.329 Y130.11 E2491.80273
G1 X171.759 Y129.494 E2491.88266
G1 X189.852 Y129.495 E2493.60585
G1 X189.675 Y129.654 E2493.62851
G1 X189.105 Y130.325 E2493.71236
G1 X180.811 Y130.325 E2494.50229
G1 F3600 E2492.70229
G1 F600 Z7.9
G0 F12000 X199.091 Y128.028 Z7.9
G1 F600 Z6.9
G1 F3000 E2494.50229
G1 F5760 X199.355 Y127.751 E2494.52973
G1 X199.72 Y127.257 E2494.57378
G1 X200.124 Y126.563 E2494.63137
G1 X200.124 Y127.746 E2494.71621
G1 X200.072 Y127.85 E2494.72455
G1 X199.909 Y127.993 E2494.7401
G1 X199.753 Y128.028 E2494.75157
G1 X199.091 Y128.028 E2494.79904
G1 F3600 E2492.99904
G1 F600 Z7.9
G0 F12000 X200.092 Y116.779 Z7.9
G1 F600 Z6.9
G1 F3000 E2494.79904
G1 F5357.1 X199.94 Y116.458 E2494.82643
G1 X199.612 Y115.942 E2494.87358
G1 X199.148 Y115.416 E2494.92766
G1 X200.353 Y115.416 E2495.02058
G1 X200.212 Y115.838 E2495.05489
G1 X200.113 Y116.367 E2495.09639
G1 X200.092 Y116.779 E2495.1282
G1 F3600 E2493.3282
G1 F600 Z7.9
G0 F12000 X162.536 Y128.03 Z7.9
G1 F600 Z6.9
G1 F3000 E2495.1282
G1 F5815.8 X161.859 Y128.031 E2495.17629
G1 X161.691 Y127.992 E2495.18854
G1 X161.539 Y127.85 E2495.20331
G1 X161.485 Y127.654 E2495.21775
G3 X161.4980 Y126.5830 I9.0003 J-0.4263 E2495.293850
G1 X162.053 Y127.496 E2495.36974
G1 X162.536 Y128.03 E2495.42089
G1 F3600 E2493.62089
G1 F600 Z7.9
G0 F12000 X161.523 Y116.769 Z7.9
G1 F600 Z6.9
G1 F3000 E2495.42089
G1 F5357.1 X161.503 Y116.358 E2495.45262
G1 X161.264 Y115.418 E2495.52741
G1 X162.468 Y115.416 E2495.62025
G1 X162.037 Y115.9 E2495.67022
G1 X161.68 Y116.448 E2495.72065
G1 X161.523 Y116.769 E2495.74821
G1 F3600 E2493.94821
G1 F600 Z7.9
G0 F12000 X209.92 Y114.212 Z7.9
;TYPE:WALL-INNER
G1 F600 Z6.9
G1 F3000 E2495.74821
G1 F6000 X211.308 Y114.212 E2495.84377
G1 F3600 E2494.04377
G1 F600 Z7.9
G0 F12000 X209.32 Y114.812 Z7.9
G1 F600 Z6.9
G1 F3000 E2495.84377
G1 F6000 X211.908 Y114.812 E2496.02195
G1 X211.908 Y113.612 E2496.10457
G1 X209.32 Y113.612 E2496.28275
G1 X209.32 Y114.812 E2496.36537
G0 F12000 X208.72 Y115.412
;TYPE:WALL-OUTER
G1 F6000 X212.508 Y115.412 E2496.62616
G1 X212.508 Y113.012 E2496.7914
G1 X208.72 Y113.012 E2497.0522
G1 X208.72 Y115.412 E2497.21743
G0 F12000 X208.92 Y115.412
G1 F3600 E2495.41743
G1 F600 Z7.9
;MESH:NONMESH
G0 F12000 X150.308 Y114.212 Z7.9
;TIME_ELAPSED:911.385946
;LAYER:23
;MESH:LC-GR3005??????RFID?????????-WB.stl
G0 X150.308 Y114.212 Z8.2
;TYPE:WALL-INNER
G1 F600 Z7.2
G1 F3000 E2497.21743
G1 F6000 X152.14 Y114.212 E2497.34356
G0 F12000 X152.74 Y114.812
G1 F6000 X152.74 Y113.612 E2497.42618
G1 X149.708 Y113.612 E2497.63493
G1 X149.708 Y114.812 E2497.71755
G1 X152.74 Y114.812 E2497.9263
G1 F3600 E2496.1263
G1 F600 Z8.2
G0 F12000 X149.108 Y115.412 Z8.2
;TYPE:WALL-OUTER
G1 F600 Z7.2
G1 F3000 E2497.9263
G1 F6000 X153.34 Y115.412 E2498.21766
G1 X153.34 Y113.012 E2498.3829
G1 X149.108 Y113.012 E2498.67427
G1 X149.108 Y115.412 E2498.8395
G0 F12000 X149.308 Y115.412
G1 F3600 E2497.0395
G1 F600 Z8.2
G0 F12000 X156.48 Y114.212 Z8.2
;TYPE:WALL-INNER
G1 F600 Z7.2
G1 F3000 E2498.8395
G1 F6000 X156.708 Y114.212 E2498.8552
G1 F3600 E2497.0552
G1 F600 Z8.2
G0 F12000 X165.336 Y114.727 Z8.2
G1 F600 Z7.2
G1 F3000 E2498.8552
G1 F8674.7 X165.684 Y114.712 E2498.87179
G1 F9000 X195.956 Y114.712 E2500.26124
G1 F8612.4 X196.341 Y114.731 E2500.27973
G1 F3600 E2498.47973
G1 F600 Z8.2
G0 F12000 X204.847 Y114.212 Z8.2
G1 F600 Z7.2
G1 F3000 E2500.27973
G1 F6000 X205.14 Y114.212 E2500.2999
G1 F3600 E2498.4999
G1 F600 Z8.2
G0 F12000 X196.292 Y128.697 Z8.2
G1 F600 Z7.2
G1 F3000 E2500.2999
G1 F7422.7 X197.067 Y128.641 E2500.34315
G1 F6315.8 X197.611 Y128.612 E2500.37878
G1 F6000 X199.806 Y128.612 E2500.5299
G1 X200.16 Y128.532 E2500.55489
G1 X200.359 Y128.412 E2500.57089
G1 X200.545 Y128.209 E2500.58984
G1 X200.664 Y127.974 E2500.60798
G1 X200.708 Y127.661 E2500.62974
G1 F5921.1 X200.7 Y126.311 E2500.72393
G1 F5389.2 X200.649 Y125.295 E2500.8019
G1 F5077.6 X200.658 Y124.86 E2500.8373
G1 F5142.9 X200.658 Y118.58 E2501.34173
G1 F5063.3 X200.647 Y118.115 E2501.37968
G1 F5365.1 X200.698 Y117.128 E2501.45577
G1 F5901.6 X200.714 Y116.45 E2501.50324
G1 F6000 X200.794 Y116.023 E2501.53315
G1 X200.951 Y115.547 E2501.56766
G1 X201.342 Y114.812 E2501.62498
G1 X197.601 Y114.812 E2501.88254
G1 F6440.1 X196.971 Y114.771 E2501.92304
G1 F7547.2 X196.34 Y114.731 E2501.95765
G1 F7258.1 X197.188 Y114.879 E2502.00664
G1 F6228.4 X197.562 Y115.01 E2502.03292
G1 F6000 X198.235 Y115.41 E2502.08682
G1 X198.576 Y115.69 E2502.1172
G1 X199.106 Y116.281 E2502.17186
G1 X199.404 Y116.739 E2502.20948
G1 F5825.2 X199.782 Y117.559 E2502.27351
G1 F5325.4 X199.958 Y118.289 E2502.33175
G1 F5056.2 X199.958 Y125.15 E2502.8923
G1 F5225 X199.819 Y125.7 E2502.93715
G1 F5678.2 X199.511 Y126.465 E2502.99714
G1 F6000 X199.258 Y126.909 E2503.03233
G1 X198.909 Y127.378 E2503.07258
G1 X198.563 Y127.743 E2503.1072
G1 X198.263 Y127.991 E2503.134
G1 X197.562 Y128.413 E2503.19033
G1 F6315.8 X197.059 Y128.572 E2503.22484
G1 F7422.7 X196.292 Y128.697 E2503.26809
G1 F8674.7 X195.944 Y128.712 E2503.28467
G1 F9000 X193.572 Y128.712 E2503.39355
G1 F8674.7 X193.224 Y128.727 E2503.41013
G1 F3600 E2501.61013
G1 F600 Z8.2
G0 F12000 X180.811 Y128.212 Z8.2
G1 F600 Z7.2
G1 F3000 E2503.41013
G1 F6000 X165.672 Y128.212 E2504.45243
G1 X165.319 Y128.17 E2504.47691
G1 X164.691 Y128.018 E2504.52139
G1 X164.336 Y127.883 E2504.54754
G1 X163.751 Y127.539 E2504.59426
G1 X163.227 Y127.069 E2504.64273
G1 X162.963 Y126.74 E2504.67177
G1 X162.647 Y126.207 E2504.71443
G1 X162.501 Y125.831 E2504.7422
G1 X162.308 Y125.014 E2504.8
G1 X162.308 Y118.572 E2505.24352
G1 X162.337 Y118.277 E2505.26393
G1 X162.508 Y117.561 E2505.31461
G1 X162.736 Y117.035 E2505.35408
G1 X163.018 Y116.608 E2505.38931
G1 X163.471 Y116.111 E2505.43561
G1 X164.042 Y115.695 E2505.48425
G1 X164.648 Y115.415 E2505.53021
G1 X164.941 Y115.326 E2505.55129
G1 X165.684 Y115.212 E2505.60304
G1 X195.956 Y115.212 E2507.68722
G1 X196.675 Y115.323 E2507.73731
G1 X196.966 Y115.411 E2507.75824
G1 X197.578 Y115.695 E2507.8047
G1 X198.149 Y116.111 E2507.85333
G1 X198.607 Y116.615 E2507.90022
G1 X198.882 Y117.034 E2507.93473
G1 X199.177 Y117.711 E2507.98557
G1 X199.308 Y118.58 E2508.04608
G1 X199.308 Y125.031 E2508.49022
G1 X199.109 Y125.871 E2508.54965
G1 X198.776 Y126.551 E2508.60178
G1 X198.428 Y127.02 E2508.64199
G1 X198.18 Y127.281 E2508.66678
G1 X197.631 Y127.696 E2508.71416
G1 X196.925 Y128.018 E2508.76758
G1 X196.112 Y128.212 E2508.82513
G1 X180.811 Y128.212 E2509.87858
G0 F12000 X180.811 Y127.612
G1 F6000 X165.563 Y127.612 E2510.92838
G1 X164.708 Y127.405 E2510.98895
G1 X164.131 Y127.074 E2511.03474
G1 X163.695 Y126.693 E2511.07461
G1 X163.437 Y126.372 E2511.10296
G1 X163.113 Y125.815 E2511.14733
G1 X162.908 Y124.949 E2511.2086
G1 X162.908 Y118.47 E2511.65467
G1 X163.063 Y117.789 E2511.70275
G1 X163.259 Y117.33 E2511.73711
G1 X163.516 Y116.942 E2511.76915
G1 X163.899 Y116.532 E2511.80778
G1 X164.372 Y116.196 E2511.84773
G1 X164.962 Y115.931 E2511.89226
G1 X165.684 Y115.812 E2511.94264
G1 X195.956 Y115.812 E2514.02682
G1 X196.651 Y115.927 E2514.07532
G1 X197.248 Y116.196 E2514.1204
G1 X197.721 Y116.532 E2514.16035
G1 X198.109 Y116.949 E2514.19956
G1 X198.36 Y117.329 E2514.23092
G1 X198.595 Y117.878 E2514.27203
G1 X198.708 Y118.58 E2514.32099
G1 X198.708 Y124.955 E2514.75989
G1 X198.608 Y125.464 E2514.79561
G1 X198.368 Y126.094 E2514.84202
G1 X197.876 Y126.758 E2514.89892
G1 X197.348 Y127.166 E2514.94486
G1 X196.784 Y127.435 E2514.98788
G1 X196.046 Y127.612 E2515.04013
G1 X180.811 Y127.612 E2516.08904
G1 F3600 E2514.28904
G1 F600 Z8.2
G0 F12000 X180.806 Y130.479 Z8.2
G1 F600 Z7.2
G1 F3000 E2516.08904
G1 F6000 X189.894 Y130.476 E2516.71474
G1 X190.452 Y129.856 E2516.77216
G1 X191.17 Y129.348 E2516.83272
G1 X191.83 Y129.015 E2516.88361
G1 F6593.4 X192.503 Y128.805 E2516.92778
G1 F7809.1 X193.224 Y128.727 E2516.96615
G1 F7317.1 X192.352 Y128.789 E2517.0155
G1 F6239.2 X191.795 Y128.812 E2517.05241
G1 F6000 X170.034 Y128.812 E2518.55062
G1 F6593.4 X168.756 Y128.758 E2518.63076
G1 F6805.3 X169.547 Y128.936 E2518.67998
G1 F6175 X170.279 Y129.251 E2518.73329
G1 F6000 X170.927 Y129.679 E2518.78676
G1 X171.506 Y130.198 E2518.84029
G1 X171.742 Y130.48 E2518.86561
G1 X180.806 Y130.479 E2519.48965
G1 F3600 E2517.68965
G1 F600 Z8.2
G0 F12000 X168.756 Y128.758 Z8.2
G1 F600 Z7.2
G1 F3000 E2519.48965
G1 F7708.8 X168.432 Y128.733 E2519.50706
G1 F8551.1 X167.804 Y128.712 E2519.53742
G1 F9000 X165.672 Y128.712 E2519.63528
G1 F8391.6 X165.195 Y128.684 E2519.6588
G1 F7258.1 X164.557 Y128.57 E2519.69568
G1 F6338 X164.053 Y128.412 E2519.73011
G1 F6000 X163.372 Y128.004 E2519.78477
G1 X162.76 Y127.446 E2519.84179
G1 X162.489 Y127.108 E2519.87161
G1 X162.122 Y126.497 E2519.92068
G1 F5815.8 X161.899 Y125.976 E2519.96094
G1 F5341.2 X161.658 Y125.145 E2520.02785
G1 F5106.4 X161.658 Y118.572 E2520.55959
G1 F5056.2 X161.687 Y118.147 E2520.59439
G1 F5286.3 X161.842 Y117.544 E2520.64305
G1 F5815.8 X162.213 Y116.741 E2520.70588
G1 F6000 X162.519 Y116.274 E2520.74431
G1 X163.044 Y115.69 E2520.79838
G1 X163.385 Y115.41 E2520.82876
G1 X164.062 Y115.009 E2520.88293
G1 F6569.3 X164.603 Y114.814 E2520.91909
G1 F7775.4 X165.336 Y114.727 E2520.95831
G1 F7627.1 X164.68 Y114.77 E2520.99392
G1 F6451.6 X164.023 Y114.812 E2521.03607
G1 F6000 X160.279 Y114.812 E2521.29384
G1 X160.678 Y115.576 E2521.35318
G1 X160.821 Y116.028 E2521.38582
G1 X160.903 Y116.454 E2521.41569
G1 F5882.4 X160.92 Y117.127 E2521.46296
G1 F5341.2 X160.971 Y118.077 E2521.53654
G1 F5056.2 X160.958 Y118.572 E2521.577
G1 F5142.9 X160.958 Y124.848 E2522.08111
G1 F5070.4 X160.967 Y125.283 E2522.11655
G1 F5301.9 X160.927 Y126.091 E2522.17958
G1 F5815.8 X160.909 Y126.81 E2522.23067
G1 F6000 X160.908 Y127.716 E2522.29305
G1 X161.027 Y128.137 E2522.32317
G1 X161.183 Y128.337 E2522.34063
G1 X161.382 Y128.494 E2522.35808
G1 X161.808 Y128.611 E2522.3885
G1 X164.003 Y128.612 E2522.53962
G1 F6805.3 X165.195 Y128.684 E2522.61211
G1 F3600 E2520.81211
G1 F600 Z8.2
G0 F12000 X180.806 Y131.079 Z8.2
G1 F600 Z7.2
G1 F3000 E2522.61211
G1 F6000 X190.161 Y131.076 E2523.25619
G1 X190.745 Y130.428 E2523.31624
G1 X191.281 Y129.989 E2523.36394
G1 X191.907 Y129.625 E2523.4138
G1 X192.673 Y129.35 E2523.46983
G1 X193.433 Y129.212 E2523.52301
G1 X199.854 Y129.212 E2523.96509
G1 X200.39 Y129.088 E2524.00297
G1 X200.759 Y128.863 E2524.03272
G1 X201.027 Y128.572 E2524.05996
G1 X201.236 Y128.161 E2524.09171
G1 X201.308 Y127.686 E2524.12478
G1 X201.312 Y116.499 E2524.89499
G1 X201.52 Y115.737 E2524.94937
G1 X201.755 Y115.297 E2524.98372
G1 X202.178 Y114.823 E2525.02745
G1 X202.382 Y114.664 E2525.04526
G1 F6741.6 X202.874 Y114.478 E2525.07749
G1 F9399.5 X203.654 Y114.364 E2525.11214
G1 F9625.7 X204.251 Y114.288 E2525.13796
G1 F6857.1 X204.848 Y114.212 E2525.17422
G1 F6593.4 X204.207 Y114.133 E2525.21468
G1 F8238 X203.567 Y114.055 E2525.24701
G1 F8470.6 X202.823 Y114.146 E2525.28357
G1 F6741.6 X202.226 Y114.212 E2525.32037
G1 F6020.1 X187.97 Y114.212 E2526.2986
G1 F6050.4 X173.714 Y114.212 E2527.27193
G1 F6081.1 X159.458 Y114.212 E2528.24034
G1 F7200 X158.653 Y114.117 E2528.28685
G1 F10140.8 X157.908 Y114.066 E2528.31727
G1 F9625.7 X157.308 Y114.139 E2528.34321
G1 F6857.1 X156.707 Y114.212 E2528.37968
G1 X157.303 Y114.288 E2528.41587
G1 F9625.7 X157.898 Y114.365 E2528.44162
G1 F10140.8 X158.59 Y114.443 E2528.46999
G1 F7258.1 X159.217 Y114.662 E2528.50779
G1 F6101.7 X159.431 Y114.815 E2528.5256
G1 F6000 X159.865 Y115.297 E2528.57025
G1 X160.106 Y115.758 E2528.60607
G1 X160.304 Y116.504 E2528.65921
G1 X160.308 Y127.762 E2529.4343
G1 X160.353 Y128.052 E2529.45451
G1 X160.52 Y128.464 E2529.48512
G1 X160.756 Y128.764 E2529.5114
G1 X161.056 Y129 E2529.53768
G1 X161.465 Y129.164 E2529.56801
G1 X161.76 Y129.211 E2529.58858
G1 X167.918 Y129.216 E2530.01255
G1 X168.629 Y129.289 E2530.06176
G1 X169.324 Y129.474 E2530.11127
G1 X169.748 Y129.65 E2530.14288
G1 X170.363 Y130.009 E2530.19191
G1 X170.991 Y130.514 E2530.24739
G1 X171.453 Y131.08 E2530.29769
G1 X180.806 Y131.079 E2530.94163
G0 F12000 X180.807 Y131.679
G1 F6000 X190.5 Y131.676 E2531.60898
G1 X190.683 Y131.393 E2531.63218
G1 X191.253 Y130.761 E2531.69078
G1 X191.749 Y130.399 E2531.73306
G1 X192.235 Y130.145 E2531.77081
G1 X192.828 Y129.932 E2531.81419
G1 X193.487 Y129.812 E2531.86031
G1 X199.901 Y129.812 E2532.3019
G1 X200.294 Y129.749 E2532.32931
G1 X200.619 Y129.645 E2532.3528
G1 X201.159 Y129.315 E2532.39637
G1 X201.509 Y128.935 E2532.43194
G1 X201.809 Y128.347 E2532.47739
G1 X201.908 Y127.71 E2532.52177
G1 X201.91 Y116.547 E2533.29032
G1 X202.09 Y115.927 E2533.33477
G1 X202.23 Y115.663 E2533.35535
G1 X202.548 Y115.295 E2533.38883
G1 X203.035 Y114.986 E2533.42854
G1 X203.608 Y114.813 E2533.46975
G1 X205.74 Y114.812 E2533.61654
G1 X205.74 Y113.612 E2533.69915
G1 X155.88 Y113.612 E2537.13194
G1 X155.88 Y114.812 E2537.21456
G1 X157.869 Y114.813 E2537.3515
G1 X158.192 Y114.856 E2537.37393
G1 X158.643 Y115.008 E2537.4067
G1 X158.857 Y115.13 E2537.42366
G1 X159.23 Y115.455 E2537.45772
G1 X159.534 Y115.939 E2537.49707
G1 X159.706 Y116.553 E2537.54097
G1 X159.708 Y127.807 E2538.31579
G1 X159.767 Y128.191 E2538.34254
G1 X160.013 Y128.79 E2538.38712
G1 X160.329 Y129.191 E2538.42227
G1 X160.73 Y129.507 E2538.45742
G1 X160.998 Y129.645 E2538.47818
G1 X161.326 Y129.749 E2538.50187
G1 X161.712 Y129.811 E2538.52878
G1 X167.872 Y129.814 E2538.95289
G1 X168.49 Y129.872 E2538.99562
G1 X169.094 Y130.028 E2539.03857
G1 X169.647 Y130.271 E2539.08016
G1 X170.153 Y130.596 E2539.12156
G1 X170.607 Y130.992 E2539.16304
G1 X170.96 Y131.416 E2539.20103
G1 X171.123 Y131.68 E2539.22239
G1 X180.807 Y131.679 E2539.88912
G0 F12000 X180.807 Y132.279
;TYPE:WALL-OUTER
G1 F6000 X190.854 Y132.276 E2540.58084
G1 X191.129 Y131.795 E2540.61898
G1 X191.679 Y131.192 E2540.67517
G1 X192.039 Y130.925 E2540.70603
G1 X192.438 Y130.709 E2540.73727
G1 X193.01 Y130.508 E2540.77901
G1 X193.52 Y130.416 E2540.81469
G1 X199.948 Y130.412 E2541.25725
G1 X200.434 Y130.335 E2541.29113
G1 X200.849 Y130.201 E2541.32115
G1 X201.215 Y130.015 E2541.34942
G1 X201.559 Y129.766 E2541.37865
G1 X201.991 Y129.298 E2541.4225
G1 X202.212 Y128.934 E2541.45182
G1 X202.381 Y128.534 E2541.48172
G1 X202.474 Y128.137 E2541.50979
G1 X202.508 Y127.735 E2541.53757
G1 X202.508 Y116.595 E2542.30454
G1 X202.659 Y116.117 E2542.33905
G1 X202.918 Y115.767 E2542.36903
G1 X203.217 Y115.558 E2542.39415
G1 X203.672 Y115.416 E2542.42696
G1 X206.34 Y115.412 E2542.61065
G1 X206.34 Y113.012 E2542.77589
G1 X155.28 Y113.012 E2546.29129
G1 X155.28 Y115.412 E2546.45653
G1 X157.829 Y115.412 E2546.63202
G1 X158.11 Y115.45 E2546.65154
G1 X158.42 Y115.565 E2546.67431
G1 X158.754 Y115.821 E2546.70328
G1 X158.962 Y116.121 E2546.72841
G1 X159.108 Y116.603 E2546.76309
G1 X159.108 Y127.853 E2547.53763
G1 X159.181 Y128.33 E2547.57086
G1 X159.318 Y128.752 E2547.6014
G1 X159.506 Y129.116 E2547.62961
G1 X159.902 Y129.618 E2547.67363
G1 X160.404 Y130.014 E2547.71765
G1 X160.768 Y130.201 E2547.74583
G1 X161.186 Y130.335 E2547.77605
G1 X161.664 Y130.411 E2547.80937
G1 X167.827 Y130.412 E2548.23368
G1 X168.303 Y130.448 E2548.26655
G1 X168.864 Y130.582 E2548.30626
G1 X169.288 Y130.758 E2548.33787
G1 X169.766 Y131.054 E2548.37657
G1 X170.126 Y131.358 E2548.40901
G1 X170.532 Y131.848 E2548.45283
G1 X170.767 Y132.28 E2548.48668
G1 X180.807 Y132.279 E2549.17792
G0 F12000 X181.007 Y132.279
G1 F3600 E2547.37792
G1 F600 Z8.2
G0 F12000 X180.808 Y127.01 Z8.2
G1 F600 Z7.2
G1 F3000 E2549.17792
G1 F6000 X165.634 Y127.012 E2550.22263
G1 X164.934 Y126.843 E2550.27221
G1 X164.51 Y126.609 E2550.30555
G1 X164.162 Y126.317 E2550.33683
G1 X163.885 Y125.966 E2550.36761
G1 X163.668 Y125.551 E2550.39985
G1 X163.512 Y124.9 E2550.44594
G1 X163.513 Y118.513 E2550.88568
G1 X163.601 Y118.073 E2550.91657
G1 X163.771 Y117.646 E2550.94821
G1 X164.014 Y117.276 E2550.97869
G1 X164.326 Y116.953 E2551.00961
G1 X164.702 Y116.697 E2551.04093
G1 X165.167 Y116.505 E2551.07556
G1 X165.632 Y116.416 E2551.10816
G1 X196.014 Y116.417 E2553.19991
G1 X196.446 Y116.501 E2553.23021
G1 X196.918 Y116.697 E2553.2654
G1 X197.294 Y116.953 E2553.29672
G1 X197.611 Y117.283 E2553.32822
G1 X197.826 Y117.604 E2553.35482
G1 X198.002 Y118.017 E2553.38573
G1 X198.108 Y118.58 E2553.42517
G1 X198.103 Y124.918 E2553.86153
G1 X198.019 Y125.35 E2553.89183
G1 X197.836 Y125.804 E2553.92554
G1 X197.443 Y126.334 E2553.97096
G1 X197.116 Y126.604 E2554.00016
G1 X196.682 Y126.843 E2554.03427
G1 X195.996 Y127.008 E2554.08285
G1 X180.808 Y127.01 E2555.12852
G0 F12000 X180.608 Y127.01
G1 F3600 E2553.32852
G1 F600 Z8.2
G0 F12000 X180.807 Y129.925 Z8.2
;TYPE:SKIN
G1 F600 Z7.2
G1 F3000 E2555.12852
G1 F6394.3 X171.99 Y129.926 E2555.69812
G1 F6383 X171.458 Y129.362 E2555.7483
G1 F6394.3 X190.208 Y129.362 E2556.9596
G1 F6405.7 X189.654 Y129.923 E2557.01045
G1 X180.807 Y129.925 E2557.58097
G1 F3600 E2555.78097
G1 F600 Z8.2
G0 F12000 X199.091 Y128.028 Z8.2
G1 F600 Z7.2
G1 F3000 E2557.58097
G1 F5760 X199.355 Y127.751 E2557.60841
G1 X199.72 Y127.257 E2557.65246
G1 X200.124 Y126.563 E2557.71005
G1 X200.124 Y127.749 E2557.79511
G1 X200.072 Y127.849 E2557.80319
G1 X199.909 Y127.993 E2557.81879
G1 X199.753 Y128.028 E2557.83026
G1 X199.091 Y128.028 E2557.87774
G1 F3600 E2556.07774
G1 F600 Z8.2
G0 F12000 X200.092 Y116.779 Z8.2
G1 F600 Z7.2
G1 F3000 E2557.87774
G1 F5357.1 X199.94 Y116.458 E2557.90512
G1 X199.612 Y115.942 E2557.95227
G1 X199.148 Y115.416 E2558.00636
G1 X200.353 Y115.416 E2558.09927
G1 X200.212 Y115.838 E2558.13358
G1 X200.113 Y116.367 E2558.17508
G1 X200.092 Y116.779 E2558.20689
G1 F3600 E2556.40689
G1 F600 Z8.2
G0 F12000 X162.536 Y128.03 Z8.2
G1 F600 Z7.2
G1 F3000 E2558.20689
G1 F5815.8 X161.859 Y128.031 E2558.25498
G1 X161.691 Y127.992 E2558.26723
G1 X161.539 Y127.85 E2558.282
G1 X161.485 Y127.654 E2558.29644
G3 X161.4980 Y126.5830 I9.0003 J-0.4263 E2558.372550
G1 X162.053 Y127.496 E2558.44844
G1 X162.536 Y128.03 E2558.49958
G1 F3600 E2556.69958
G1 F600 Z8.2
G0 F12000 X161.523 Y116.769 Z8.2
G1 F600 Z7.2
G1 F3000 E2558.49958
G1 F5357.1 X161.503 Y116.358 E2558.53131
G1 X161.264 Y115.418 E2558.6061
G1 X162.468 Y115.416 E2558.69894
G1 X162.037 Y115.9 E2558.74891
G1 X161.68 Y116.448 E2558.79935
G1 X161.523 Y116.769 E2558.8269
G1 F3600 E2557.0269
G1 F600 Z8.2
G0 F12000 X209.48 Y114.212 Z8.2
;TYPE:WALL-INNER
G1 F600 Z7.2
G1 F3000 E2558.8269
G1 F6000 X211.308 Y114.212 E2558.95276
G1 F3600 E2557.15276
G1 F600 Z8.2
G0 F12000 X208.88 Y114.812 Z8.2
G1 F600 Z7.2
G1 F3000 E2558.95276
G1 F6000 X211.908 Y114.812 E2559.16123
G1 X211.908 Y113.612 E2559.24385
G1 X208.88 Y113.612 E2559.45232
G1 X208.88 Y114.812 E2559.53494
G1 F3600 E2557.73494
G1 F600 Z8.2
G0 F12000 X212.508 Y115.412 Z8.2
;TYPE:WALL-OUTER
G1 F600 Z7.2
G1 F3000 E2559.53494
G1 F6000 X212.508 Y113.012 E2559.70017
G1 X208.28 Y113.012 E2559.99127
G1 X208.28 Y115.412 E2560.1565
G1 X212.508 Y115.412 E2560.44759
G0 F12000 X212.508 Y115.212
G1 F3600 E2558.64759
G1 F600 Z8.2
;MESH:NONMESH
G0 F12000 X150.344 Y114.212 Z8.2
;TIME_ELAPSED:937.090034
;LAYER:24
;MESH:LC-GR3005??????RFID?????????-WB.stl
G0 X150.344 Y114.212 Z8.5
;TYPE:WALL-INNER
G1 F600 Z7.5
G1 F3000 E2560.44759
G1 F6000 X156.708 Y114.212 E2560.88575
G1 F3600 E2559.08575
G1 F600 Z8.5
G0 F12000 X165.336 Y114.727 Z8.5
G1 F600 Z7.5
G1 F3000 E2560.88575
G1 F8674.7 X165.684 Y114.712 E2560.90233
G1 F9000 X195.956 Y114.712 E2562.29179
G1 F8612.4 X196.341 Y114.731 E2562.31028
G1 F3600 E2560.51028
G1 F600 Z8.5
G0 F12000 X204.847 Y114.212 Z8.5
G1 F600 Z7.5
G1 F3000 E2562.31028
G1 F6000 X211.276 Y114.212 E2562.7529
G1 F3600 E2560.9529
G1 F600 Z8.5
G0 F12000 X196.293 Y128.698 Z8.5
G1 F600 Z7.5
G1 F3000 E2562.7529
G1 F7407.4 X197.068 Y128.643 E2562.79623
G1 F6315.8 X197.612 Y128.614 E2562.83186
G1 F6000 X199.806 Y128.612 E2562.98292
G1 X200.16 Y128.532 E2563.0079
G1 X200.359 Y128.412 E2563.0239
G1 X200.545 Y128.209 E2563.04286
G1 X200.665 Y127.972 E2563.06115
G1 X200.708 Y127.652 E2563.08338
G1 F5921.1 X200.7 Y126.311 E2563.17694
G1 F5389.2 X200.649 Y125.295 E2563.25491
G1 F5077.6 X200.658 Y124.86 E2563.29031
G1 F5142.9 X200.658 Y118.58 E2563.79474
G1 F5063.3 X200.647 Y118.115 E2563.83269
G1 F5365.1 X200.698 Y117.128 E2563.90878
G1 F5901.6 X200.714 Y116.45 E2563.95625
G1 F6000 X200.794 Y116.023 E2563.98616
G1 X200.951 Y115.547 E2564.02067
G1 X201.342 Y114.812 E2564.07799
G1 X197.601 Y114.812 E2564.33555
G1 F6440.1 X196.971 Y114.771 E2564.37605
G1 F7547.2 X196.34 Y114.731 E2564.41065
G1 F7258.1 X197.188 Y114.879 E2564.45965
G1 F6228.4 X197.562 Y115.01 E2564.48593
G1 F6000 X198.235 Y115.41 E2564.53983
G1 X198.576 Y115.69 E2564.57021
G1 X199.106 Y116.281 E2564.62486
G1 X199.404 Y116.739 E2564.66248
G1 F5825.2 X199.782 Y117.559 E2564.72651
G1 F5325.4 X199.958 Y118.289 E2564.78476
G1 F5056.2 X199.958 Y125.15 E2565.34531
G1 F5225 X199.819 Y125.7 E2565.39016
G1 F5678.2 X199.511 Y126.465 E2565.45015
G1 F6000 X199.258 Y126.909 E2565.48534
G1 X198.909 Y127.378 E2565.52559
G1 X198.563 Y127.743 E2565.56021
G1 X197.914 Y128.225 E2565.61587
G1 X197.562 Y128.413 E2565.64334
G1 F6315.8 X197.06 Y128.573 E2565.67781
G1 F7407.4 X196.293 Y128.698 E2565.72114
G1 F8633.1 X195.944 Y128.713 E2565.73786
G1 F8933 X193.647 Y128.714 E2565.84408
G1 F8591.9 X193.3 Y128.729 E2565.86078
G1 F3600 E2564.06078
G1 F600 Z8.5
G0 F12000 X180.811 Y128.212 Z8.5
G1 F600 Z7.5
G1 F3000 E2565.86078
G1 F6000 X165.672 Y128.212 E2566.90307
G1 X165.319 Y128.17 E2566.92755
G1 X164.691 Y128.018 E2566.97204
G1 X164.336 Y127.883 E2566.99818
G1 X163.751 Y127.539 E2567.04491
G1 X163.227 Y127.069 E2567.09337
G1 X162.963 Y126.74 E2567.12241
G1 X162.647 Y126.207 E2567.16507
G1 X162.501 Y125.831 E2567.19284
G1 X162.308 Y125.014 E2567.25064
G1 X162.308 Y118.572 E2567.69416
G1 X162.337 Y118.277 E2567.71457
G1 X162.508 Y117.561 E2567.76525
G1 X162.736 Y117.035 E2567.80472
G1 X163.018 Y116.608 E2567.83995
G1 X163.471 Y116.111 E2567.88625
G1 X164.042 Y115.695 E2567.93489
G1 X164.648 Y115.415 E2567.98085
G1 X164.941 Y115.326 E2568.00193
G1 X165.684 Y115.212 E2568.05369
G1 X195.956 Y115.212 E2570.13787
G1 X196.675 Y115.323 E2570.18796
G1 X196.966 Y115.411 E2570.20889
G1 X197.578 Y115.695 E2570.25534
G1 X198.149 Y116.111 E2570.30398
G1 X198.607 Y116.615 E2570.35087
G1 X198.882 Y117.034 E2570.38537
G1 X199.177 Y117.711 E2570.43621
G1 X199.308 Y118.58 E2570.49672
G1 X199.308 Y125.031 E2570.94086
G1 X199.109 Y125.871 E2571.00029
G1 X198.776 Y126.551 E2571.05242
G1 X198.428 Y127.02 E2571.09263
G1 X198.18 Y127.281 E2571.11742
G1 X197.631 Y127.696 E2571.1648
G1 X196.926 Y128.018 E2571.21816
G1 X196.112 Y128.212 E2571.27578
G1 X180.811 Y128.212 E2572.32923
G0 F12000 X180.811 Y127.612
G1 F6000 X165.563 Y127.612 E2573.37903
G1 X164.708 Y127.405 E2573.43959
G1 X164.131 Y127.074 E2573.48539
G1 X163.695 Y126.693 E2573.52526
G1 X163.437 Y126.372 E2573.55361
G1 X163.113 Y125.815 E2573.59797
G1 X162.908 Y124.949 E2573.65924
G1 X162.908 Y118.47 E2574.10531
G1 X163.063 Y117.789 E2574.1534
G1 X163.259 Y117.33 E2574.18776
G1 X163.516 Y116.942 E2574.2198
G1 X163.899 Y116.532 E2574.25843
G1 X164.372 Y116.196 E2574.29838
G1 X164.962 Y115.931 E2574.34291
G1 X165.684 Y115.812 E2574.39329
G1 X195.956 Y115.812 E2576.47747
G1 X196.651 Y115.927 E2576.52597
G1 X197.248 Y116.196 E2576.57105
G1 X197.721 Y116.532 E2576.61099
G1 X198.109 Y116.949 E2576.65021
G1 X198.36 Y117.329 E2576.68156
G1 X198.595 Y117.878 E2576.72268
G1 X198.708 Y118.58 E2576.77163
G1 X198.708 Y124.955 E2577.21054
G1 X198.608 Y125.464 E2577.24626
G1 X198.368 Y126.094 E2577.29267
G1 X197.876 Y126.757 E2577.34951
G1 X197.349 Y127.166 E2577.39544
G1 X196.784 Y127.435 E2577.43853
G1 X196.046 Y127.612 E2577.49078
G1 X180.811 Y127.612 E2578.53968
G1 F3600 E2576.73968
G1 F600 Z8.5
G0 F12000 X180.811 Y129.811 Z8.5
G1 F600 Z7.5
G1 F3000 E2578.53968
G1 F4157 X190.33 Y129.811 E2579.4856
G1 X190.992 Y129.283 E2579.56974
G1 X191.685 Y128.945 E2579.64636
G1 F4171.5 X169.944 Y128.946 E2581.79931
G1 X170.538 Y129.23 E2581.86451
G1 F4157 X171.18 Y129.707 E2581.94399
G1 X171.29 Y129.811 E2581.95903
G1 X180.811 Y129.811 E2582.90514
G1 F3600 E2581.10514
G1 F600 Z8.5
G0 F12000 X168.804 Y128.764 Z8.5
G1 F600 Z7.5
G1 F3000 E2582.90514
G1 F7500 X168.074 Y128.712 E2582.94545
G1 F8450.7 X165.672 Y128.712 E2583.06287
G1 F8391.6 X165.195 Y128.684 E2583.08639
G1 F7258.1 X164.557 Y128.57 E2583.12328
G1 F6338 X164.053 Y128.412 E2583.1577
G1 F6000 X163.372 Y128.004 E2583.21236
G1 X162.76 Y127.446 E2583.26938
G1 X162.489 Y127.108 E2583.29921
G1 X162.122 Y126.497 E2583.34828
G1 F5815.8 X161.899 Y125.976 E2583.38853
G1 F5341.2 X161.658 Y125.145 E2583.45545
G1 F5106.4 X161.658 Y118.572 E2583.98718
G1 F5056.2 X161.687 Y118.147 E2584.02199
G1 F5286.3 X161.842 Y117.544 E2584.07064
G1 F5815.8 X162.213 Y116.741 E2584.13347
G1 F6000 X162.519 Y116.274 E2584.17191
G1 X163.044 Y115.69 E2584.22597
G1 X163.385 Y115.41 E2584.25635
G1 X164.062 Y115.009 E2584.31053
G1 F6569.3 X164.603 Y114.814 E2584.34669
G1 F7775.4 X165.336 Y114.727 E2584.3859
G1 F7627.1 X164.68 Y114.77 E2584.42151
G1 F6451.6 X164.023 Y114.812 E2584.46366
G1 F6000 X160.279 Y114.812 E2584.72143
G1 X160.678 Y115.576 E2584.78077
G1 X160.821 Y116.028 E2584.81341
G1 X160.903 Y116.454 E2584.84328
G1 F5882.4 X160.92 Y117.127 E2584.89056
G1 F5341.2 X160.971 Y118.077 E2584.96414
G1 F5056.2 X160.958 Y118.572 E2585.00459
G1 F5142.9 X160.958 Y124.848 E2585.5087
G1 F5070.4 X160.967 Y125.283 E2585.54415
G1 F5301.9 X160.927 Y126.091 E2585.60718
G1 F5815.8 X160.909 Y126.81 E2585.65826
G1 F6000 X160.908 Y127.716 E2585.72064
G1 X161.027 Y128.137 E2585.75076
G1 X161.183 Y128.337 E2585.76822
G1 X161.382 Y128.494 E2585.78568
G1 X161.813 Y128.612 E2585.81644
G1 X164.003 Y128.612 E2585.96722
G1 F6805.3 X165.195 Y128.684 E2586.03971
G1 F3600 E2584.23971
G1 F600 Z8.5
G0 F12000 X180.809 Y130.544 Z8.5
G1 F600 Z7.5
G1 F3000 E2586.03971
G1 F6000 X190.619 Y130.543 E2586.71511
G1 X191.07 Y130.143 E2586.75661
G1 X191.637 Y129.764 E2586.80357
G1 X192.437 Y129.416 E2586.86363
G1 X193.506 Y129.216 E2586.93851
G1 X199.853 Y129.212 E2587.37549
G1 X200.39 Y129.088 E2587.41344
G1 X200.759 Y128.863 E2587.44319
G1 X201.027 Y128.572 E2587.47043
G1 X201.237 Y128.159 E2587.50233
G1 X201.308 Y127.676 E2587.53594
G1 X201.312 Y116.499 E2588.30546
G1 X201.52 Y115.737 E2588.35984
G1 X201.755 Y115.297 E2588.39418
G1 X202.178 Y114.823 E2588.43792
G1 X202.382 Y114.664 E2588.45573
G1 F6741.6 X202.874 Y114.478 E2588.48796
G1 F9399.5 X203.654 Y114.364 E2588.5226
G1 F9625.7 X204.251 Y114.288 E2588.54843
G1 F6857.1 X204.848 Y114.212 E2588.58469
G1 F6593.4 X204.207 Y114.133 E2588.62515
G1 F8238 X203.567 Y114.055 E2588.65748
G1 F8470.6 X202.823 Y114.146 E2588.69403
G1 F6741.6 X202.226 Y114.212 E2588.73084
G1 F6020.1 X187.97 Y114.212 E2589.70907
G1 F6050.4 X173.714 Y114.212 E2590.68239
G1 F6081.1 X159.458 Y114.212 E2591.65081
G1 F7200 X158.653 Y114.117 E2591.69732
G1 F10140.8 X157.908 Y114.066 E2591.72774
G1 F9625.7 X157.308 Y114.139 E2591.75368
G1 F6857.1 X156.707 Y114.212 E2591.79015
G1 X157.303 Y114.288 E2591.82634
G1 F9625.7 X157.898 Y114.365 E2591.85209
G1 F10140.8 X158.59 Y114.443 E2591.88046
G1 F7258.1 X159.217 Y114.662 E2591.91826
G1 F6101.7 X159.431 Y114.815 E2591.93607
G1 F6000 X159.865 Y115.297 E2591.98072
G1 X160.106 Y115.758 E2592.01654
G1 X160.304 Y116.504 E2592.06968
G1 X160.308 Y127.762 E2592.84477
G1 X160.353 Y128.052 E2592.86498
G1 X160.52 Y128.464 E2592.89559
G1 X160.756 Y128.764 E2592.92187
G1 X161.056 Y129 E2592.94814
G1 X161.463 Y129.163 E2592.97833
G1 X161.766 Y129.212 E2592.99946
G1 X168.046 Y129.212 E2593.43183
G1 X168.869 Y129.332 E2593.48909
G1 X169.627 Y129.598 E2593.5444
G1 X170.263 Y129.939 E2593.59408
G1 X170.705 Y130.265 E2593.6319
G1 X170.984 Y130.544 E2593.65906
G1 X180.809 Y130.544 E2594.3355
G0 F12000 X180.81 Y131.144
G1 F6000 X190.888 Y131.143 E2595.02935
G1 X191.103 Y130.903 E2595.05154
G1 X191.565 Y130.521 E2595.09281
G1 X191.996 Y130.262 E2595.12743
G1 X192.614 Y129.994 E2595.17381
G1 X193.561 Y129.816 E2595.24015
G1 X199.9 Y129.812 E2595.67658
G1 X200.294 Y129.749 E2595.70405
G1 X200.619 Y129.645 E2595.72754
G1 X201.159 Y129.315 E2595.77111
G1 X201.509 Y128.935 E2595.80668
G1 X201.809 Y128.347 E2595.85213
G1 X201.908 Y127.7 E2595.89719
G1 X201.91 Y116.547 E2596.66506
G1 X202.09 Y115.927 E2596.70951
G1 X202.23 Y115.663 E2596.73008
G1 X202.548 Y115.295 E2596.76357
G1 X203.035 Y114.986 E2596.80328
G1 X203.608 Y114.813 E2596.84449
G1 X211.876 Y114.812 E2597.41372
G1 X211.876 Y113.612 E2597.49634
G1 X149.744 Y113.612 E2601.77404
G1 X149.744 Y114.812 E2601.85665
G1 X157.869 Y114.813 E2602.41605
G1 X158.192 Y114.856 E2602.43848
G1 X158.643 Y115.008 E2602.47125
G1 X158.857 Y115.13 E2602.48821
G1 X159.23 Y115.455 E2602.52227
G1 X159.534 Y115.939 E2602.56162
G1 X159.706 Y116.553 E2602.60552
G1 X159.708 Y127.807 E2603.38034
G1 X159.767 Y128.191 E2603.40709
G1 X160.013 Y128.79 E2603.45167
G1 X160.329 Y129.191 E2603.48682
G1 X160.73 Y129.507 E2603.52197
G1 X160.998 Y129.645 E2603.54273
G1 X161.325 Y129.749 E2603.56635
G1 X161.719 Y129.812 E2603.59382
G1 X168.002 Y129.812 E2604.0264
G1 X168.728 Y129.918 E2604.07691
G1 X169.359 Y130.135 E2604.12285
G1 X169.847 Y130.378 E2604.16039
G1 X170.316 Y130.722 E2604.20043
G1 X170.731 Y131.144 E2604.24118
G1 X180.81 Y131.144 E2604.9351
G0 F12000 X180.81 Y131.744
;TYPE:WALL-OUTER
G1 F6000 X191.173 Y131.743 E2605.64858
G1 X191.493 Y131.359 E2605.68299
G1 X191.884 Y131.029 E2605.71822
G1 X192.236 Y130.812 E2605.74669
G1 X192.788 Y130.572 E2605.78813
G1 X193.596 Y130.42 E2605.84474
G1 X199.948 Y130.412 E2606.28206
G1 X200.434 Y130.335 E2606.31594
G1 X200.849 Y130.201 E2606.34596
G1 X201.215 Y130.015 E2606.37423
G1 X201.559 Y129.766 E2606.40347
G1 X201.991 Y129.298 E2606.44732
G1 X202.212 Y128.934 E2606.47664
G1 X202.381 Y128.534 E2606.50653
G1 X202.474 Y128.141 E2606.53434
G1 X202.508 Y127.724 E2606.56314
G1 X202.508 Y116.595 E2607.32936
G1 X202.659 Y116.117 E2607.36387
G1 X202.918 Y115.767 E2607.39385
G1 X203.217 Y115.558 E2607.41896
G1 X203.672 Y115.416 E2607.45178
G1 X212.476 Y115.412 E2608.05792
G1 X212.476 Y113.012 E2608.22316
G1 X149.144 Y113.012 E2612.58347
G1 X149.144 Y115.412 E2612.74871
G1 X157.829 Y115.412 E2613.34665
G1 X158.11 Y115.45 E2613.36618
G1 X158.42 Y115.565 E2613.38894
G1 X158.754 Y115.821 E2613.41791
G1 X158.962 Y116.121 E2613.44305
G1 X159.108 Y116.603 E2613.47772
G1 X159.108 Y127.853 E2614.25227
G1 X159.181 Y128.33 E2614.28549
G1 X159.318 Y128.752 E2614.31604
G1 X159.506 Y129.116 E2614.34424
G1 X159.902 Y129.618 E2614.38826
G1 X160.404 Y130.014 E2614.43229
G1 X160.768 Y130.201 E2614.46046
G1 X161.186 Y130.335 E2614.49068
G1 X161.672 Y130.412 E2614.52456
G1 X167.971 Y130.414 E2614.95824
G1 X168.605 Y130.51 E2615.00238
G1 X169.091 Y130.671 E2615.03763
G1 X169.515 Y130.883 E2615.07027
G1 X169.927 Y131.179 E2615.1052
G1 X170.479 Y131.744 E2615.15958
G1 X180.81 Y131.744 E2615.87085
G0 F12000 X181.01 Y131.744
G1 F3600 E2614.07085
G1 F600 Z8.5
G0 F12000 X180.808 Y127.01 Z8.5
G1 F600 Z7.5
G1 F3000 E2615.87085
G1 F6000 X165.634 Y127.012 E2616.91556
G1 X164.934 Y126.843 E2616.96514
G1 X164.51 Y126.609 E2616.99848
G1 X164.162 Y126.317 E2617.02976
G1 X163.885 Y125.966 E2617.06054
G1 X163.668 Y125.551 E2617.09278
G1 X163.512 Y124.9 E2617.13887
G1 X163.513 Y118.513 E2617.57861
G1 X163.601 Y118.073 E2617.6095
G1 X163.771 Y117.646 E2617.64114
G1 X164.014 Y117.276 E2617.67162
G1 X164.326 Y116.953 E2617.70254
G1 X164.702 Y116.697 E2617.73386
G1 X165.167 Y116.505 E2617.76849
G1 X165.632 Y116.416 E2617.80109
G1 X196.014 Y116.417 E2619.89284
G1 X196.446 Y116.501 E2619.92314
G1 X196.918 Y116.697 E2619.95833
G1 X197.294 Y116.953 E2619.98965
G1 X197.611 Y117.283 E2620.02115
G1 X197.826 Y117.604 E2620.04775
G1 X198.002 Y118.017 E2620.07866
G1 X198.108 Y118.58 E2620.1181
G1 X198.103 Y124.918 E2620.55446
G1 X198.019 Y125.35 E2620.58476
G1 X197.836 Y125.804 E2620.61846
G1 X197.443 Y126.334 E2620.66389
G1 X197.116 Y126.604 E2620.69309
G1 X196.682 Y126.843 E2620.7272
G1 X195.996 Y127.008 E2620.77578
G1 X180.808 Y127.01 E2621.82145
G0 F12000 X180.608 Y127.01
G1 F3600 E2620.02145
G1 F600 Z8.5
G0 F12000 X162.536 Y128.03 Z8.5
;TYPE:SKIN
G1 F600 Z7.5
G1 F3000 E2621.82145
G1 F5815.8 X161.863 Y128.031 E2621.86925
G1 X161.69 Y127.992 E2621.88185
G1 X161.539 Y127.85 E2621.89657
G1 X161.485 Y127.654 E2621.91101
G3 X161.4980 Y126.5830 I9.0003 J-0.4263 E2621.987110
G1 X162.051 Y127.496 E2622.06293
G1 X162.536 Y128.03 E2622.11416
G1 F3600 E2620.31416
G1 F600 Z8.5
G0 F12000 X161.523 Y116.769 Z8.5
G1 F600 Z7.5
G1 F3000 E2622.11416
G1 F5357.1 X161.503 Y116.358 E2622.14589
G1 X161.264 Y115.418 E2622.22068
G1 X162.468 Y115.416 E2622.31353
G1 X162.037 Y115.9 E2622.3635
G1 X161.68 Y116.448 E2622.41393
G1 X161.523 Y116.769 E2622.44149
G1 F3600 E2620.64149
G1 F600 Z8.5
G0 F12000 X200.092 Y116.779 Z8.5
G1 F600 Z7.5
G1 F3000 E2622.44149
G1 F5357.1 X199.94 Y116.458 E2622.46887
G1 X199.612 Y115.942 E2622.51602
G1 X199.148 Y115.416 E2622.57011
G1 X200.353 Y115.416 E2622.66302
G1 X200.212 Y115.838 E2622.69733
G1 X200.113 Y116.367 E2622.73883
G1 X200.092 Y116.779 E2622.77064
G1 F3600 E2620.97064
G1 F600 Z8.5
G0 F12000 X199.091 Y128.028 Z8.5
G1 F600 Z7.5
G1 F3000 E2622.77064
G1 F5760 X199.355 Y127.751 E2622.79809
G1 X199.72 Y127.257 E2622.84214
G1 X200.124 Y126.563 E2622.89973
G1 X200.124 Y127.749 E2622.98478
G1 X200.072 Y127.849 E2622.99287
G1 X199.909 Y127.993 E2623.00846
G1 X199.753 Y128.028 E2623.01993
G1 X199.091 Y128.028 E2623.06741
G1 F3600 E2621.26741
G1 F600 Z8.5
;MESH:NONMESH
G0 F12000 X150.476 Y114.212 Z8.5
;TIME_ELAPSED:958.549496
;LAYER:25
;MESH:LC-GR3005??????RFID?????????-WB.stl
G0 X150.476 Y114.212 Z8.8
;TYPE:WALL-INNER
G1 F600 Z7.8
G1 F3000 E2623.06741
G1 F6000 X156.708 Y114.212 E2623.49647
G1 F3600 E2621.69647
G1 F600 Z8.8
G0 F12000 X165.336 Y114.727 Z8.8
G1 F600 Z7.8
G1 F3000 E2623.49647
G1 F8674.7 X165.684 Y114.712 E2623.51306
G1 F9000 X195.956 Y114.712 E2624.90251
G1 F8612.4 X196.341 Y114.731 E2624.921
G1 F3600 E2623.121
G1 F600 Z8.8
G0 F12000 X204.847 Y114.212 Z8.8
G1 F600 Z7.8
G1 F3000 E2624.921
G1 F6000 X211.14 Y114.212 E2625.35427
G1 F3600 E2623.55427
G1 F600 Z8.8
G0 F12000 X196.293 Y128.698 Z8.8
G1 F600 Z7.8
G1 F3000 E2625.35427
G1 F7407.4 X197.068 Y128.643 E2625.39759
G1 F6315.8 X197.612 Y128.614 E2625.43322
G1 F6000 X199.806 Y128.612 E2625.58428
G1 X200.015 Y128.578 E2625.59886
G1 X200.277 Y128.473 E2625.61829
G1 X200.454 Y128.329 E2625.634
G1 X200.615 Y128.089 E2625.6539
G1 F5960.3 X200.709 Y127.802 E2625.67483
G1 F5882.4 X200.7 Y126.311 E2625.77954
G1 F5389.2 X200.649 Y125.295 E2625.85751
G1 F5077.6 X200.658 Y124.86 E2625.89291
G1 F5142.9 X200.658 Y118.58 E2626.39734
G1 F5063.3 X200.647 Y118.115 E2626.43529
G1 F5365.1 X200.698 Y117.128 E2626.51138
G1 F5901.6 X200.714 Y116.45 E2626.55885
G1 F6000 X200.794 Y116.023 E2626.58876
G1 X200.951 Y115.547 E2626.62327
G1 X201.342 Y114.812 E2626.68059
G1 X197.601 Y114.812 E2626.93815
G1 F6440.1 X196.971 Y114.771 E2626.97865
G1 F7547.2 X196.34 Y114.731 E2627.01325
G1 F7258.1 X197.188 Y114.879 E2627.06225
G1 F6228.4 X197.562 Y115.01 E2627.08853
G1 F6000 X198.235 Y115.41 E2627.14243
G1 X198.576 Y115.69 E2627.17281
G1 X199.106 Y116.281 E2627.22746
G1 X199.404 Y116.739 E2627.26508
G1 F5825.2 X199.782 Y117.559 E2627.32911
G1 F5325.4 X199.958 Y118.289 E2627.38736
G1 F5056.2 X199.958 Y125.15 E2627.94791
G1 F5225 X199.819 Y125.7 E2627.99276
G1 F5678.2 X199.511 Y126.465 E2628.05275
G1 F6000 X199.258 Y126.909 E2628.08794
G1 X198.909 Y127.378 E2628.12819
G1 X198.563 Y127.743 E2628.16281
G1 X197.914 Y128.225 E2628.21847
G1 X197.562 Y128.413 E2628.24594
G1 F6315.8 X197.06 Y128.573 E2628.28041
G1 F7407.4 X196.293 Y128.698 E2628.32374
G1 F8633.1 X195.944 Y128.713 E2628.34046
G1 F8933 X193.635 Y128.714 E2628.44723
G1 F8275.9 X192.998 Y128.746 E2628.47907
G1 F3600 E2626.67907
G1 F600 Z8.8
G0 F12000 X180.811 Y128.212 Z8.8
G1 F600 Z7.8
G1 F3000 E2628.47907
G1 F6000 X165.672 Y128.212 E2629.52137
G1 X165.319 Y128.17 E2629.54584
G1 X164.691 Y128.018 E2629.59033
G1 X164.336 Y127.883 E2629.61648
G1 X163.751 Y127.539 E2629.6632
G1 X163.227 Y127.069 E2629.71166
G1 X162.963 Y126.74 E2629.7407
G1 X162.647 Y126.207 E2629.78337
G1 X162.501 Y125.831 E2629.81114
G1 X162.308 Y125.014 E2629.86893
G1 X162.308 Y118.572 E2630.31245
G1 X162.337 Y118.277 E2630.33286
G1 X162.508 Y117.561 E2630.38354
G1 X162.736 Y117.035 E2630.42302
G1 X163.018 Y116.608 E2630.45825
G1 X163.471 Y116.111 E2630.50454
G1 X164.042 Y115.695 E2630.55318
G1 X164.648 Y115.415 E2630.59914
G1 X164.941 Y115.326 E2630.62023
G1 X165.684 Y115.212 E2630.67198
G1 X195.956 Y115.212 E2632.75616
G1 X196.675 Y115.323 E2632.80625
G1 X196.966 Y115.411 E2632.82718
G1 X197.578 Y115.695 E2632.87363
G1 X198.149 Y116.111 E2632.92227
G1 X198.607 Y116.615 E2632.96916
G1 X198.882 Y117.034 E2633.00366
G1 X199.177 Y117.711 E2633.05451
G1 X199.308 Y118.58 E2633.11501
G1 X199.308 Y125.031 E2633.55915
G1 X199.109 Y125.871 E2633.61859
G1 X198.776 Y126.551 E2633.67072
G1 X198.428 Y127.02 E2633.71092
G1 X198.18 Y127.281 E2633.73571
G1 X197.631 Y127.696 E2633.78309
G1 X196.926 Y128.018 E2633.83646
G1 X196.112 Y128.212 E2633.89407
G1 X180.811 Y128.212 E2634.94752
G0 F12000 X180.811 Y127.612
G1 F6000 X165.563 Y127.612 E2635.99732
G1 X164.708 Y127.405 E2636.05789
G1 X164.131 Y127.074 E2636.10368
G1 X163.695 Y126.693 E2636.14355
G1 X163.437 Y126.372 E2636.1719
G1 X163.113 Y125.815 E2636.21627
G1 X162.908 Y124.949 E2636.27754
G1 X162.908 Y118.47 E2636.72361
G1 X163.063 Y117.789 E2636.77169
G1 X163.259 Y117.33 E2636.80605
G1 X163.516 Y116.942 E2636.8381
G1 X163.899 Y116.532 E2636.87672
G1 X164.372 Y116.196 E2636.91667
G1 X164.962 Y115.931 E2636.9612
G1 X165.684 Y115.812 E2637.01158
G1 X195.956 Y115.812 E2639.09576
G1 X196.651 Y115.927 E2639.14426
G1 X197.248 Y116.196 E2639.18934
G1 X197.721 Y116.532 E2639.22929
G1 X198.109 Y116.949 E2639.2685
G1 X198.36 Y117.329 E2639.29986
G1 X198.595 Y117.878 E2639.34097
G1 X198.708 Y118.58 E2639.38993
G1 X198.708 Y124.955 E2639.82884
G1 X198.608 Y125.464 E2639.86455
G1 X198.368 Y126.094 E2639.91096
G1 X197.876 Y126.757 E2639.96781
G1 X197.349 Y127.166 E2640.01373
G1 X196.784 Y127.435 E2640.05682
G1 X196.046 Y127.612 E2640.10907
G1 X180.811 Y127.612 E2641.15798
G1 F3600 E2639.35798
G1 F600 Z8.8
G0 F12000 X180.811 Y129.412 Z8.8
G1 F600 Z7.8
G1 F3000 E2641.15798
G1 F6000 X191.086 Y129.412 E2641.86539
G1 F6020.1 X191.873 Y129.005 E2641.92619
G1 F6383 X192.807 Y128.757 E2641.98873
G1 X191.843 Y128.81 E2642.05121
G1 F6020.1 X170.107 Y128.812 E2643.54272
G1 F6206.9 X169.353 Y128.792 E2643.59291
G1 F7214.4 X168.452 Y128.73 E2643.64463
G1 F7692.3 X169.187 Y128.821 E2643.6844
G1 F6545.5 X170.045 Y129.137 E2643.7421
G1 F6000 X170.531 Y129.412 E2643.78055
G1 X180.811 Y129.412 E2644.48831
G1 F3600 E2642.68831
G1 F600 Z8.8
G0 F12000 X168.452 Y128.73 Z8.8
G1 F600 Z7.8
G1 F3000 E2644.48831
G1 F8591.9 X168.068 Y128.712 E2644.50679
G1 F9000 X165.672 Y128.712 E2644.61677
G1 F8391.6 X165.195 Y128.684 E2644.64029
G1 F7258.1 X164.557 Y128.57 E2644.67718
G1 F6338 X164.053 Y128.412 E2644.7116
G1 F6000 X163.372 Y128.004 E2644.76626
G1 X162.76 Y127.446 E2644.82328
G1 X162.489 Y127.108 E2644.85311
G1 X162.122 Y126.497 E2644.90218
G1 F5815.8 X161.899 Y125.976 E2644.94243
G1 F5341.2 X161.658 Y125.145 E2645.00935
G1 F5106.4 X161.658 Y118.572 E2645.54108
G1 F5056.2 X161.687 Y118.147 E2645.57589
G1 F5286.3 X161.842 Y117.544 E2645.62454
G1 F5815.8 X162.213 Y116.741 E2645.68737
G1 F6000 X162.519 Y116.274 E2645.72581
G1 X163.044 Y115.69 E2645.77987
G1 X163.385 Y115.41 E2645.81025
G1 X164.062 Y115.009 E2645.86443
G1 F6569.3 X164.603 Y114.814 E2645.90059
G1 F7775.4 X165.336 Y114.727 E2645.9398
G1 F7627.1 X164.68 Y114.77 E2645.97541
G1 F6451.6 X164.023 Y114.812 E2646.01756
G1 F6000 X160.279 Y114.812 E2646.27533
G1 X160.678 Y115.576 E2646.33467
G1 X160.821 Y116.028 E2646.36731
G1 X160.903 Y116.454 E2646.39718
G1 F5882.4 X160.92 Y117.127 E2646.44446
G1 F5341.2 X160.971 Y118.077 E2646.51804
G1 F5056.2 X160.958 Y118.572 E2646.55849
G1 F5142.9 X160.958 Y124.848 E2647.0626
G1 F5070.4 X160.967 Y125.283 E2647.09805
G1 F5301.9 X160.927 Y126.091 E2647.16108
G1 F5815.8 X160.909 Y126.81 E2647.21216
G1 F6000 X160.908 Y127.716 E2647.27454
G1 X161.027 Y128.137 E2647.30466
G1 X161.185 Y128.338 E2647.32226
G1 X161.373 Y128.486 E2647.33874
G1 X161.791 Y128.611 E2647.36877
G1 X164.003 Y128.612 E2647.52107
G1 F6805.3 X165.195 Y128.684 E2647.59356
G1 F3600 E2645.79356
G1 F600 Z8.8
G0 F12000 X180.811 Y130.012 Z8.8
G1 F600 Z7.8
G1 F3000 E2647.59356
G1 F6000 X191.256 Y130.012 E2648.31268
G1 X191.895 Y129.627 E2648.36404
G1 X192.913 Y129.294 E2648.43778
G1 X193.635 Y129.216 E2648.48778
G1 X199.853 Y129.212 E2648.91588
G1 X200.155 Y129.164 E2648.93693
G1 X200.589 Y128.987 E2648.9692
G1 X200.921 Y128.71 E2648.99897
G1 X201.145 Y128.376 E2649.02666
G1 X201.308 Y127.882 E2649.06247
G1 X201.312 Y116.499 E2649.84618
G1 X201.52 Y115.737 E2649.90056
G1 X201.755 Y115.297 E2649.9349
G1 X202.178 Y114.823 E2649.97864
G1 X202.382 Y114.664 E2649.99645
G1 F6741.6 X202.874 Y114.478 E2650.02868
G1 F9399.5 X203.654 Y114.364 E2650.06332
G1 F9625.7 X204.251 Y114.288 E2650.08915
G1 F6857.1 X204.848 Y114.212 E2650.1254
G1 F6593.4 X204.207 Y114.133 E2650.16587
G1 F8238 X203.567 Y114.055 E2650.1982
G1 F8470.6 X202.823 Y114.146 E2650.23475
G1 F6741.6 X202.226 Y114.212 E2650.27156
G1 F6020.1 X187.97 Y114.212 E2651.24979
G1 F6050.4 X173.714 Y114.212 E2652.22311
G1 F6081.1 X159.458 Y114.212 E2653.19153
G1 F7200 X158.653 Y114.117 E2653.23804
G1 F10140.8 X157.908 Y114.066 E2653.26846
G1 F9625.7 X157.308 Y114.139 E2653.29439
G1 F6857.1 X156.707 Y114.212 E2653.33087
G1 X157.303 Y114.288 E2653.36706
G1 F9625.7 X157.898 Y114.365 E2653.39281
G1 F10140.8 X158.59 Y114.443 E2653.42118
G1 F7258.1 X159.217 Y114.662 E2653.45898
G1 F6101.7 X159.431 Y114.815 E2653.47679
G1 F6000 X159.865 Y115.297 E2653.52144
G1 X160.106 Y115.758 E2653.55726
G1 X160.304 Y116.504 E2653.6104
G1 X160.308 Y127.762 E2654.38549
G1 X160.353 Y128.052 E2654.4057
G1 X160.52 Y128.464 E2654.4363
G1 X160.757 Y128.765 E2654.46268
G1 X161.046 Y128.992 E2654.48798
G1 X161.453 Y129.164 E2654.5184
G1 X161.741 Y129.211 E2654.53849
G1 X168.215 Y129.212 E2654.98422
G1 X168.99 Y129.362 E2655.03857
G1 X169.822 Y129.695 E2655.10027
G1 X170.336 Y130.012 E2655.14184
G1 X180.811 Y130.012 E2655.86303
G0 F12000 X180.811 Y130.612
G1 F6000 X191.448 Y130.612 E2656.59537
G1 X191.586 Y130.511 E2656.60715
G1 X192.148 Y130.176 E2656.65219
G1 X193.044 Y129.883 E2656.71709
G1 X193.525 Y129.822 E2656.75047
G1 X199.9 Y129.812 E2657.18938
G1 X200.294 Y129.749 E2657.21686
G1 X200.619 Y129.645 E2657.24035
G1 X201.181 Y129.301 E2657.28571
G1 X201.388 Y129.091 E2657.30602
G1 X201.676 Y128.662 E2657.34159
G1 X201.805 Y128.354 E2657.36458
G1 X201.908 Y127.686 E2657.41112
G1 X201.91 Y116.547 E2658.17802
G1 X202.09 Y115.927 E2658.22247
G1 X202.23 Y115.663 E2658.24304
G1 X202.548 Y115.295 E2658.27653
G1 X203.035 Y114.986 E2658.31623
G1 X203.608 Y114.813 E2658.35744
G1 X211.74 Y114.812 E2658.91732
G1 X211.74 Y113.612 E2658.99994
G1 X149.876 Y113.612 E2663.25918
G1 X149.876 Y114.812 E2663.3418
G1 X157.869 Y114.813 E2663.8921
G1 X158.192 Y114.856 E2663.91454
G1 X158.643 Y115.008 E2663.94731
G1 X158.857 Y115.13 E2663.96426
G1 X159.23 Y115.455 E2663.99833
G1 X159.534 Y115.939 E2664.03768
G1 X159.706 Y116.553 E2664.08158
G1 X159.708 Y127.807 E2664.8564
G1 X159.767 Y128.191 E2664.88315
G1 X160.013 Y128.79 E2664.92773
G1 X160.33 Y129.192 E2664.96298
G1 X160.719 Y129.499 E2664.99709
G1 X161.307 Y129.748 E2665.04106
G1 X161.691 Y129.811 E2665.06785
G1 X168.157 Y129.812 E2665.51302
G1 X168.819 Y129.94 E2665.55944
G1 X169.699 Y130.292 E2665.6247
G1 X170.141 Y130.612 E2665.66227
G1 X180.811 Y130.612 E2666.39688
G0 F12000 X180.811 Y131.212
;TYPE:WALL-OUTER
G1 F6000 X191.664 Y131.212 E2667.14409
G1 X191.856 Y131.052 E2667.1613
G1 X192.4 Y130.724 E2667.20503
G1 X193.196 Y130.468 E2667.2626
G1 X193.599 Y130.418 E2667.29056
G1 X199.948 Y130.412 E2667.72768
G1 X200.434 Y130.335 E2667.76156
G1 X200.849 Y130.201 E2667.79158
G1 X201.215 Y130.015 E2667.81985
G1 X201.572 Y129.759 E2667.85009
G1 X201.854 Y129.473 E2667.87775
G1 X202.206 Y128.948 E2667.92126
G1 X202.377 Y128.542 E2667.95159
G1 X202.47 Y128.152 E2667.9792
G1 X202.508 Y127.711 E2668.00967
G1 X202.508 Y116.595 E2668.77499
G1 X202.659 Y116.117 E2668.80951
G1 X202.918 Y115.767 E2668.83948
G1 X203.217 Y115.558 E2668.8646
G1 X203.672 Y115.416 E2668.89742
G1 X212.34 Y115.412 E2669.49419
G1 X212.34 Y113.012 E2669.65943
G1 X149.276 Y113.012 E2674.00129
G1 X149.276 Y115.412 E2674.16653
G1 X157.829 Y115.412 E2674.75539
G1 X158.11 Y115.45 E2674.77491
G1 X158.42 Y115.565 E2674.79767
G1 X158.754 Y115.821 E2674.82665
G1 X158.962 Y116.121 E2674.85178
G1 X159.108 Y116.603 E2674.88646
G1 X159.108 Y127.853 E2675.661
G1 X159.181 Y128.33 E2675.69422
G1 X159.318 Y128.752 E2675.72477
G1 X159.506 Y129.116 E2675.75298
G1 X159.902 Y129.618 E2675.797
G1 X160.392 Y130.006 E2675.84003
G1 X160.766 Y130.198 E2675.86897
G1 X161.161 Y130.332 E2675.89769
G1 X161.641 Y130.411 E2675.93118
G1 X168.126 Y130.417 E2676.37766
G1 X168.676 Y130.529 E2676.41631
G1 X169.41 Y130.823 E2676.47075
G1 X169.946 Y131.212 E2676.51634
G1 X180.811 Y131.212 E2677.26438
G0 F12000 X181.011 Y131.212
G1 F3600 E2675.46438
G1 F600 Z8.8
G0 F12000 X180.808 Y127.01 Z8.8
G1 F600 Z7.8
G1 F3000 E2677.26438
G1 F6000 X165.634 Y127.012 E2678.30909
G1 X164.934 Y126.843 E2678.35867
G1 X164.51 Y126.609 E2678.39201
G1 X164.162 Y126.317 E2678.42329
G1 X163.885 Y125.966 E2678.45407
G1 X163.668 Y125.551 E2678.48631
G1 X163.512 Y124.9 E2678.5324
G1 X163.513 Y118.513 E2678.97214
G1 X163.601 Y118.073 E2679.00303
G1 X163.771 Y117.646 E2679.03467
G1 X164.014 Y117.276 E2679.06515
G1 X164.326 Y116.953 E2679.09607
G1 X164.702 Y116.697 E2679.12739
G1 X165.167 Y116.505 E2679.16202
G1 X165.632 Y116.416 E2679.19462
G1 X196.014 Y116.417 E2681.28637
G1 X196.446 Y116.501 E2681.31667
G1 X196.918 Y116.697 E2681.35186
G1 X197.294 Y116.953 E2681.38318
G1 X197.611 Y117.283 E2681.41468
G1 X197.826 Y117.604 E2681.44128
G1 X198.002 Y118.017 E2681.47219
G1 X198.108 Y118.58 E2681.51163
G1 X198.103 Y124.918 E2681.94799
G1 X198.019 Y125.35 E2681.97829
G1 X197.836 Y125.804 E2682.01199
G1 X197.443 Y126.334 E2682.05742
G1 X197.116 Y126.604 E2682.08662
G1 X196.682 Y126.843 E2682.12073
G1 X195.996 Y127.008 E2682.16931
G1 X180.808 Y127.01 E2683.21498
G0 F12000 X180.608 Y127.01
G1 F3600 E2681.41498
G1 F600 Z8.8
G0 F12000 X162.54 Y128.032 Z8.8
;TYPE:SKIN
G1 F600 Z7.8
G1 F3000 E2683.21498
G1 F5863.2 X161.851 Y128.033 E2683.26352
G1 X161.681 Y127.986 E2683.27595
G1 X161.529 Y127.83 E2683.29129
G1 F5853.7 X161.483 Y127.656 E2683.30399
G3 X161.4970 Y126.5770 I8.6833 J-0.4269 E2683.380170
G1 X162.041 Y127.475 E2683.45426
G1 F5863.2 X162.54 Y128.032 E2683.50695
G1 F3600 E2681.70695
G1 F600 Z8.8
G0 F12000 X161.523 Y116.769 Z8.8
G1 F600 Z7.8
G1 F3000 E2683.50695
G1 F5357.1 X161.503 Y116.358 E2683.53868
G1 X161.264 Y115.418 E2683.61347
G1 X162.468 Y115.416 E2683.70631
G1 X162.037 Y115.9 E2683.75629
G1 X161.68 Y116.448 E2683.80672
G1 X161.523 Y116.769 E2683.83427
G1 F3600 E2682.03427
G1 F600 Z8.8
G0 F12000 X200.092 Y116.779 Z8.8
G1 F600 Z7.8
G1 F3000 E2683.83427
G1 F5357.1 X199.94 Y116.458 E2683.86166
G1 X199.612 Y115.942 E2683.90881
G1 X199.148 Y115.416 E2683.96289
G1 X200.353 Y115.416 E2684.05581
G1 X200.212 Y115.838 E2684.09012
G1 X200.113 Y116.367 E2684.13162
G1 X200.092 Y116.779 E2684.16343
G1 F3600 E2682.36343
G1 F600 Z8.8
G0 F12000 X199.098 Y128.025 Z8.8
G1 F600 Z7.8
G1 F3000 E2684.16343
G1 F5714.3 X199.357 Y127.754 E2684.19053
G1 X199.722 Y127.259 E2684.23499
G1 X200.121 Y126.574 E2684.2923
G1 X200.121 Y127.721 E2684.37521
G1 X199.986 Y127.957 E2684.39487
G1 X199.744 Y128.025 E2684.41304
G1 X199.098 Y128.025 E2684.45974
G1 F3600 E2682.65974
G1 F600 Z8.8
;MESH:NONMESH
G0 F12000 X150.788 Y114.212 Z8.8
;TIME_ELAPSED:979.796973
;LAYER:26
;MESH:LC-GR3005??????RFID?????????-WB.stl
G0 X150.788 Y114.212 Z9.1
;TYPE:WALL-INNER
G1 F600 Z8.1
G1 F3000 E2684.45974
G1 F6000 X156.708 Y114.212 E2684.86732
G1 F3600 E2683.06732
G1 F600 Z9.1
G0 F12000 X165.336 Y114.727 Z9.1
G1 F600 Z8.1
G1 F3000 E2684.86732
G1 F8674.7 X165.684 Y114.712 E2684.88391
G1 F9000 X195.956 Y114.712 E2686.27337
G1 F8612.4 X196.341 Y114.731 E2686.29185
G1 F3600 E2684.49185
G1 F600 Z9.1
G0 F12000 X204.847 Y114.212 Z9.1
G1 F600 Z8.1
G1 F3000 E2686.29185
G1 F6000 X210.832 Y114.212 E2686.70391
G1 F3600 E2684.90391
G1 F600 Z9.1
G0 F12000 X196.293 Y128.698 Z9.1
G1 F600 Z8.1
G1 F3000 E2686.70391
G1 F7407.4 X197.068 Y128.643 E2686.74724
G1 F6315.8 X197.612 Y128.614 E2686.78287
G1 F6000 X199.814 Y128.612 E2686.93448
G1 X200.162 Y128.532 E2686.95906
G1 X200.391 Y128.39 E2686.97761
G1 X200.619 Y128.086 E2687.00377
G1 F5960.3 X200.709 Y127.799 E2687.02462
G1 F5882.4 X200.7 Y126.311 E2687.12912
G1 F5389.2 X200.649 Y125.295 E2687.20709
G1 F5077.6 X200.658 Y124.86 E2687.24249
G1 F5142.9 X200.658 Y118.58 E2687.74692
G1 F5063.3 X200.647 Y118.115 E2687.78487
G1 F5365.1 X200.698 Y117.128 E2687.86097
G1 F5901.6 X200.714 Y116.45 E2687.90844
G1 F6000 X200.794 Y116.023 E2687.93835
G1 X200.951 Y115.547 E2687.97285
G1 X201.342 Y114.812 E2688.03017
G1 X197.601 Y114.812 E2688.28773
G1 F6440.1 X196.971 Y114.771 E2688.32823
G1 F7547.2 X196.34 Y114.731 E2688.36284
G1 F7258.1 X197.188 Y114.879 E2688.41183
G1 F6228.4 X197.562 Y115.01 E2688.43811
G1 F6000 X198.235 Y115.41 E2688.49201
G1 X198.576 Y115.69 E2688.52239
G1 X199.106 Y116.281 E2688.57705
G1 X199.404 Y116.739 E2688.61467
G1 F5825.2 X199.782 Y117.559 E2688.6787
G1 F5325.4 X199.958 Y118.289 E2688.73695
G1 F5056.2 X199.958 Y125.15 E2689.29749
G1 F5225 X199.819 Y125.7 E2689.34234
G1 F5678.2 X199.511 Y126.465 E2689.40234
G1 F6000 X199.258 Y126.909 E2689.43752
G1 X198.909 Y127.378 E2689.47777
G1 X198.563 Y127.743 E2689.51239
G1 X197.914 Y128.225 E2689.56805
G1 X197.562 Y128.413 E2689.59553
G1 F6315.8 X197.06 Y128.573 E2689.62999
G1 F7407.4 X196.293 Y128.698 E2689.67333
G1 F8633.1 X195.944 Y128.713 E2689.69004
G1 F8294.9 X193.461 Y128.714 E2689.8137
G1 F7243.5 X192.704 Y128.775 E2689.85701
G1 F3600 E2688.05701
G1 F600 Z9.1
G0 F12000 X180.808 Y129.012 Z9.1
G1 F600 Z8.1
G1 F3000 E2689.85701
G1 F10843.4 X192.244 Y129.01 E2690.29267
G1 F8372.1 X192.704 Y128.775 E2690.31816
G1 X192.216 Y128.678 E2690.34271
G1 F10778.4 X169.412 Y128.679 E2691.21669
G1 F8470.6 X168.839 Y128.771 E2691.24499
G1 X169.384 Y129.013 E2691.27407
G1 F10810.8 X180.808 Y129.012 E2691.71059
G0 F12000 X180.811 Y128.212
G1 F6000 X165.672 Y128.212 E2692.75289
G1 X165.319 Y128.17 E2692.77737
G1 X164.691 Y128.018 E2692.82185
G1 X164.336 Y127.883 E2692.848
G1 X163.751 Y127.539 E2692.89472
G1 X163.447 Y127.291 E2692.92173
G1 X162.973 Y126.761 E2692.97069
G1 X162.647 Y126.207 E2693.01494
G1 X162.501 Y125.831 E2693.04271
G1 X162.308 Y125.014 E2693.10051
G1 X162.308 Y118.572 E2693.54403
G1 X162.337 Y118.277 E2693.56444
G1 X162.508 Y117.561 E2693.61512
G1 X162.736 Y117.035 E2693.65459
G1 X163.018 Y116.608 E2693.68982
G1 X163.471 Y116.111 E2693.73612
G1 X164.042 Y115.695 E2693.78476
G1 X164.648 Y115.415 E2693.83072
G1 X164.941 Y115.326 E2693.85181
G1 X165.684 Y115.212 E2693.90356
G1 X195.956 Y115.212 E2695.98774
G1 X196.675 Y115.323 E2696.03783
G1 X196.966 Y115.411 E2696.05876
G1 X197.578 Y115.695 E2696.10521
G1 X198.149 Y116.111 E2696.15385
G1 X198.607 Y116.615 E2696.20074
G1 X198.882 Y117.034 E2696.23524
G1 X199.177 Y117.711 E2696.28609
G1 X199.308 Y118.58 E2696.34659
G1 X199.308 Y125.031 E2696.79073
G1 X199.109 Y125.871 E2696.85017
G1 X198.776 Y126.551 E2696.9023
G1 X198.428 Y127.02 E2696.9425
G1 X198.18 Y127.281 E2696.96729
G1 X197.631 Y127.696 E2697.01467
G1 X196.926 Y128.018 E2697.06803
G1 X196.112 Y128.212 E2697.12565
G1 X180.811 Y128.212 E2698.1791
G0 F12000 X180.811 Y127.612
G1 F6000 X165.563 Y127.612 E2699.2289
G1 X164.708 Y127.405 E2699.28946
G1 X164.131 Y127.074 E2699.33526
G1 X163.827 Y126.826 E2699.36227
G1 X163.443 Y126.385 E2699.40253
G1 X163.113 Y125.814 E2699.44794
G1 X162.908 Y124.949 E2699.50914
G1 X162.908 Y118.47 E2699.95521
G1 X163.063 Y117.789 E2700.0033
G1 X163.259 Y117.33 E2700.03766
G1 X163.516 Y116.942 E2700.0697
G1 X163.899 Y116.532 E2700.10833
G1 X164.372 Y116.196 E2700.14827
G1 X164.962 Y115.931 E2700.1928
G1 X165.684 Y115.812 E2700.24318
G1 X195.956 Y115.812 E2702.32736
G1 X196.651 Y115.927 E2702.37586
G1 X197.248 Y116.196 E2702.42095
G1 X197.721 Y116.532 E2702.46089
G1 X198.109 Y116.949 E2702.50011
G1 X198.36 Y117.329 E2702.53146
G1 X198.595 Y117.878 E2702.57258
G1 X198.708 Y118.58 E2702.62153
G1 X198.708 Y124.955 E2703.06044
G1 X198.608 Y125.464 E2703.09615
G1 X198.368 Y126.094 E2703.14257
G1 X197.876 Y126.757 E2703.19941
G1 X197.349 Y127.166 E2703.24534
G1 X196.784 Y127.435 E2703.28842
G1 X196.046 Y127.612 E2703.34067
G1 X180.811 Y127.612 E2704.38958
G1 F3600 E2702.58958
G1 F600 Z9.1
G0 F12000 X168.839 Y128.771 Z9.1
G1 F600 Z8.1
G1 F3000 E2704.38958
G1 F7392.2 X167.948 Y128.712 E2704.43948
G1 F8391.6 X165.672 Y128.712 E2704.55152
G1 X165.195 Y128.684 E2704.57504
G1 F7258.1 X164.557 Y128.57 E2704.61193
G1 F6338 X164.053 Y128.412 E2704.64635
G1 F6000 X163.372 Y128.004 E2704.70101
G1 X163.068 Y127.755 E2704.72807
G1 X162.503 Y127.138 E2704.78566
G1 X162.122 Y126.497 E2704.837
G1 F5815.8 X161.899 Y125.976 E2704.87726
G1 F5341.2 X161.658 Y125.145 E2704.94417
G1 F5106.4 X161.658 Y118.572 E2705.47591
G1 F5056.2 X161.687 Y118.147 E2705.51071
G1 F5286.3 X161.842 Y117.544 E2705.55937
G1 F5815.8 X162.213 Y116.741 E2705.62219
G1 F6000 X162.519 Y116.274 E2705.66063
G1 X163.044 Y115.69 E2705.7147
G1 X163.385 Y115.41 E2705.74508
G1 X164.062 Y115.009 E2705.79925
G1 F6569.3 X164.603 Y114.814 E2705.83541
G1 F7775.4 X165.336 Y114.727 E2705.87463
G1 F7627.1 X164.68 Y114.77 E2705.91023
G1 F6451.6 X164.023 Y114.812 E2705.95239
G1 F6000 X160.279 Y114.812 E2706.21016
G1 X160.678 Y115.576 E2706.2695
G1 X160.821 Y116.028 E2706.30214
G1 X160.903 Y116.454 E2706.33201
G1 F5882.4 X160.92 Y117.127 E2706.37928
G1 F5341.2 X160.971 Y118.077 E2706.45286
G1 F5056.2 X160.958 Y118.572 E2706.49332
G1 F5142.9 X160.958 Y124.848 E2706.99743
G1 F5070.4 X160.967 Y125.283 E2707.03287
G1 F5301.9 X160.927 Y126.091 E2707.0959
G1 F5815.8 X160.909 Y126.81 E2707.14699
G1 F6000 X160.909 Y127.837 E2707.2177
G1 X161.042 Y128.171 E2707.24245
G1 X161.198 Y128.362 E2707.25943
G1 X161.491 Y128.542 E2707.2831
G1 X161.849 Y128.611 E2707.3082
G1 X164.003 Y128.612 E2707.4565
G1 F6805.3 X165.195 Y128.684 E2707.52899
G1 F3600 E2705.72899
G1 F600 Z9.1
G0 F12000 X180.807 Y129.479 Z9.1
G1 F600 Z8.1
G1 F3000 E2707.52899
G1 F6000 X192.322 Y129.476 E2708.32178
G1 X192.801 Y129.33 E2708.35626
G1 X193.498 Y129.216 E2708.40488
G1 X199.863 Y129.212 E2708.8431
G1 X200.392 Y129.088 E2708.88051
G1 X200.781 Y128.849 E2708.91194
G1 X201.151 Y128.371 E2708.95356
G1 X201.308 Y127.883 E2708.98886
G1 X201.312 Y116.499 E2709.77263
G1 X201.52 Y115.737 E2709.82701
G1 X201.755 Y115.297 E2709.86135
G1 X202.178 Y114.823 E2709.90509
G1 X202.382 Y114.664 E2709.9229
G1 F6741.6 X202.874 Y114.478 E2709.95513
G1 F9399.5 X203.654 Y114.364 E2709.98977
G1 F9625.7 X204.251 Y114.288 E2710.0156
G1 F6857.1 X204.848 Y114.212 E2710.05185
G1 F6593.4 X204.207 Y114.133 E2710.09232
G1 F8238 X203.567 Y114.055 E2710.12465
G1 F8470.6 X202.823 Y114.146 E2710.1612
G1 F6741.6 X202.226 Y114.212 E2710.19801
G1 F6020.1 X187.97 Y114.212 E2711.17624
G1 F6050.4 X173.714 Y114.212 E2712.14956
G1 F6081.1 X159.458 Y114.212 E2713.11798
G1 F7200 X158.653 Y114.117 E2713.16449
G1 F10140.8 X157.908 Y114.066 E2713.19491
G1 F9625.7 X157.308 Y114.139 E2713.22084
G1 F6857.1 X156.707 Y114.212 E2713.25732
G1 X157.303 Y114.288 E2713.29351
G1 F9625.7 X157.898 Y114.365 E2713.31926
G1 F10140.8 X158.59 Y114.443 E2713.34763
G1 F7258.1 X159.217 Y114.662 E2713.38543
G1 F6101.7 X159.431 Y114.815 E2713.40324
G1 F6000 X159.865 Y115.297 E2713.44789
G1 X160.106 Y115.758 E2713.48371
G1 X160.304 Y116.504 E2713.53685
G1 X160.309 Y127.771 E2714.31256
G1 X160.352 Y128.05 E2714.332
G1 X160.528 Y128.485 E2714.3643
G1 X160.815 Y128.827 E2714.39504
G1 X161.317 Y129.12 E2714.43506
G1 X161.792 Y129.211 E2714.46836
G1 X167.911 Y129.212 E2714.88964
G1 X168.767 Y129.324 E2714.94908
G1 X169.303 Y129.48 E2714.98751
G1 X180.807 Y129.479 E2715.77955
G0 F12000 X180.807 Y130.079
G1 F6000 X192.424 Y130.076 E2716.57936
G1 X192.915 Y129.919 E2716.61485
G1 X193.546 Y129.816 E2716.65887
G1 X199.911 Y129.812 E2717.09709
G1 X200.294 Y129.75 E2717.1238
G1 X200.622 Y129.645 E2717.14751
G1 X201.171 Y129.307 E2717.1919
G1 X201.39 Y129.088 E2717.21322
G1 X201.682 Y128.656 E2717.24912
G1 X201.879 Y128.047 E2717.29319
G1 X201.908 Y127.678 E2717.31867
G1 X201.91 Y116.547 E2718.08503
G1 X202.09 Y115.927 E2718.12947
G1 X202.23 Y115.663 E2718.15005
G1 X202.548 Y115.295 E2718.18353
G1 X203.035 Y114.986 E2718.22324
G1 X203.608 Y114.813 E2718.26445
G1 X211.432 Y114.812 E2718.80312
G1 X211.432 Y113.612 E2718.88574
G1 X150.188 Y113.612 E2723.1023
G1 X150.188 Y114.812 E2723.18491
G1 X157.869 Y114.813 E2723.71374
G1 X158.192 Y114.856 E2723.73617
G1 X158.643 Y115.008 E2723.76894
G1 X158.857 Y115.13 E2723.7859
G1 X159.23 Y115.455 E2723.81996
G1 X159.534 Y115.939 E2723.85931
G1 X159.706 Y116.553 E2723.90321
G1 X159.709 Y127.818 E2724.67879
G1 X159.767 Y128.19 E2724.70471
G1 X160.015 Y128.8 E2724.75005
G1 X160.432 Y129.293 E2724.7945
G1 X160.867 Y129.582 E2724.83046
G1 X161.142 Y129.697 E2724.85098
G1 X161.734 Y129.811 E2724.89249
G1 X167.872 Y129.812 E2725.31508
G1 X168.689 Y129.919 E2725.37181
G1 X169.2 Y130.08 E2725.4087
G1 X180.807 Y130.079 E2726.20782
G0 F12000 X180.807 Y130.679
;TYPE:WALL-OUTER
G1 F6000 X192.525 Y130.676 E2727.01459
G1 X193.011 Y130.511 E2727.04992
G1 X193.575 Y130.419 E2727.08927
G1 X199.959 Y130.412 E2727.5288
G1 X200.434 Y130.335 E2727.56193
G1 X200.852 Y130.201 E2727.59215
G1 X201.214 Y130.015 E2727.62017
G1 X201.561 Y129.766 E2727.64957
G1 X201.855 Y129.472 E2727.6782
G1 X202.214 Y128.941 E2727.72233
G1 X202.377 Y128.543 E2727.75194
G1 X202.474 Y128.141 E2727.78041
G1 X202.508 Y127.7 E2727.81086
G1 X202.508 Y116.595 E2728.57543
G1 X202.659 Y116.117 E2728.60994
G1 X202.918 Y115.767 E2728.63991
G1 X203.217 Y115.558 E2728.66503
G1 X203.672 Y115.416 E2728.69785
G1 X212.032 Y115.412 E2729.27342
G1 X212.032 Y113.012 E2729.43866
G1 X149.588 Y113.012 E2733.73783
G1 X149.588 Y115.412 E2733.90307
G1 X157.829 Y115.412 E2734.47045
G1 X158.11 Y115.45 E2734.48997
G1 X158.42 Y115.565 E2734.51273
G1 X158.754 Y115.821 E2734.54171
G1 X158.962 Y116.121 E2734.56684
G1 X159.108 Y116.603 E2734.60152
G1 X159.109 Y127.864 E2735.37682
G1 X159.181 Y128.33 E2735.40928
G1 X159.319 Y128.753 E2735.43992
G1 X159.501 Y129.114 E2735.46775
G1 X159.757 Y129.464 E2735.4976
G1 X160.048 Y129.759 E2735.52613
G1 X160.583 Y130.114 E2735.57034
G1 X160.968 Y130.275 E2735.59907
G1 X161.677 Y130.411 E2735.64877
G1 X167.847 Y130.414 E2736.07357
G1 X168.611 Y130.514 E2736.12662
G1 X169.096 Y130.68 E2736.16191
G1 X180.807 Y130.679 E2736.9682
G0 F12000 X181.007 Y130.679
G1 F3600 E2735.1682
G1 F600 Z9.1
G0 F12000 X180.808 Y127.01 Z9.1
G1 F600 Z8.1
G1 F3000 E2736.9682
G1 F6000 X165.634 Y127.012 E2738.0129
G1 X164.934 Y126.843 E2738.06248
G1 X164.51 Y126.609 E2738.09582
G1 X164.162 Y126.317 E2738.1271
G1 X163.885 Y125.966 E2738.15788
G1 X163.668 Y125.551 E2738.19013
G1 X163.512 Y124.9 E2738.23622
G1 X163.513 Y118.513 E2738.67595
G1 X163.601 Y118.073 E2738.70684
G1 X163.771 Y117.646 E2738.73849
G1 X164.014 Y117.276 E2738.76896
G1 X164.326 Y116.953 E2738.79988
G1 X164.702 Y116.697 E2738.8312
G1 X165.167 Y116.505 E2738.86584
G1 X165.632 Y116.416 E2738.89843
G1 X196.014 Y116.417 E2740.99019
G1 X196.446 Y116.501 E2741.02049
G1 X196.918 Y116.697 E2741.05567
G1 X197.294 Y116.953 E2741.08699
G1 X197.611 Y117.283 E2741.11849
G1 X197.826 Y117.604 E2741.14509
G1 X198.002 Y118.017 E2741.176
G1 X198.108 Y118.58 E2741.21545
G1 X198.103 Y124.918 E2741.65181
G1 X198.019 Y125.35 E2741.68211
G1 X197.836 Y125.804 E2741.71581
G1 X197.443 Y126.334 E2741.76123
G1 X197.116 Y126.604 E2741.79043
G1 X196.682 Y126.843 E2741.82454
G1 X195.996 Y127.008 E2741.87312
G1 X180.808 Y127.01 E2742.91879
G0 F12000 X180.608 Y127.01
G1 F3600 E2741.11879
G1 F600 Z9.1
G0 F12000 X162.538 Y128.031 Z9.1
;TYPE:SKIN
G1 F600 Z8.1
G1 F3000 E2742.91879
G1 F5834.7 X161.906 Y128.032 E2742.96353
G1 X161.684 Y127.989 E2742.97954
G1 X161.547 Y127.878 E2742.99203
G1 X161.484 Y127.664 E2743.00782
G3 X161.4980 Y126.5780 I9.5095 J-0.4205 E2743.084740
G1 X162.054 Y127.504 E2743.16121
G1 X162.538 Y128.031 E2743.21187
G1 F3600 E2741.41187
G1 F600 Z9.1
G0 F12000 X161.523 Y116.769 Z9.1
G1 F600 Z8.1
G1 F3000 E2743.21187
G1 F5357.1 X161.503 Y116.358 E2743.2436
G1 X161.264 Y115.418 E2743.31839
G1 X162.468 Y115.416 E2743.41123
G1 X162.037 Y115.9 E2743.4612
G1 X161.68 Y116.448 E2743.51163
G1 X161.523 Y116.769 E2743.53919
G1 F3600 E2741.73919
G1 F600 Z9.1
G0 F12000 X200.092 Y116.779 Z9.1
G1 F600 Z8.1
G1 F3000 E2743.53919
G1 F5357.1 X199.94 Y116.458 E2743.56658
G1 X199.612 Y115.942 E2743.61372
G1 X199.148 Y115.416 E2743.66781
G1 X200.353 Y115.416 E2743.76073
G1 X200.212 Y115.838 E2743.79504
G1 X200.113 Y116.367 E2743.83654
G1 X200.092 Y116.779 E2743.86835
G1 F3600 E2742.06835
G1 F600 Z9.1
G0 F12000 X199.098 Y128.025 Z9.1
G1 F600 Z8.1
G1 F3000 E2743.86835
G1 F5714.3 X199.357 Y127.754 E2743.89544
G1 X199.722 Y127.259 E2743.93991
G1 X200.121 Y126.574 E2743.99721
G1 X200.121 Y127.722 E2744.0802
G1 X199.977 Y127.958 E2744.10019
G1 X199.751 Y128.025 E2744.11723
G1 X199.098 Y128.025 E2744.16443
;TIME_ELAPSED:999.926051
G1 F3600 E2742.36443
M140 S0
M107
M104 S0
M140 S0
;Retract the filament
G92 E1
G1 E-1 F300
G28 X0 Y0
M84
M82 ;absolute extrusion mode
M104 S0
;End of Gcode
;SETTING_3 {"global_quality": "[general]\\nversion = 4\\nname = Extra Fast #2\\n
;SETTING_3 definition = custom\\n\\n[metadata]\\ntype = quality_changes\\nqualit
;SETTING_3 y_type = verydraft\\nsetting_version = 24\\n\\n[values]\\nadhesion_ty
;SETTING_3 pe = brim\\nmaterial_bed_temperature = 60\\nretraction_combing = off\
;SETTING_3 \nsupport_enable = True\\n\\n", "extruder_quality": ["[general]\\nver
;SETTING_3 sion = 4\\nname = Extra Fast #2\\ndefinition = custom\\n\\n[metadata]
;SETTING_3 \\ntype = quality_changes\\nquality_type = verydraft\\nsetting_versio
;SETTING_3 n = 24\\nposition = 0\\n\\n[values]\\nbottom_layers = 5\\nbrim_line_c
;SETTING_3 ount = 7\\ncool_fan_speed = 20\\ninfill_line_distance = 20\\ninfill_o
;SETTING_3 verlap = 5\\nline_width = 0.6\\nmaterial_final_print_temperature = 30
;SETTING_3 0\\nmaterial_flow = 92\\nmaterial_initial_print_temperature = 300\\nm
;SETTING_3 aterial_print_temperature = 305\\nmin_wall_line_width = 0.3\\nminimum
;SETTING_3 _support_area = 2\\nretraction_amount = 1.8\\nretraction_hop_enabled 
;SETTING_3 = True\\nretraction_prime_speed = 50\\nretraction_speed = 60\\nspeed_
;SETTING_3 print = 100\\nspeed_support = 100\\nspeed_topbottom = 100\\nspeed_tra
;SETTING_3 vel = 200\\nspeed_wall_0 = 100\\nsupport_bottom_distance = 0.2\\nsupp
;SETTING_3 ort_bottom_enable = False\\nsupport_interface_density = 80\\nsupport_
;SETTING_3 interface_enable = True\\nsupport_interface_height = 0.9\\nsupport_to
;SETTING_3 p_distance = 0.2\\nsupport_z_distance = 0.3\\ntop_layers = 5\\nwall_l
;SETTING_3 ine_count = 4\\nwall_transition_length = 1.2\\nz_seam_position = back
;SETTING_3 right\\nz_seam_relative = True\\nz_seam_type = back\\nz_seam_x = 0\\n
;SETTING_3 z_seam_y = 1\\nzig_zaggify_infill = True\\n\\n"]}
