2025-06-13T16:48:08.811734+0800 INFO 设备已成功连接
2025-06-13T16:48:08.816317+0800 ERROR SENT: M105
2025-06-13T16:48:08.819297+0800 ERROR write command M105
2025-06-13T16:48:08.824316+0800 ERROR second command M105
2025-06-13T16:48:08.826197+0800 ERROR finish command M105
2025-06-13T16:48:08.827211+0800 ERROR SENT: G250 S21
2025-06-13T16:48:08.827211+0800 ERROR write command G250 S21
2025-06-13T16:48:08.828211+0800 ERROR second command G250 S21
2025-06-13T16:48:08.829217+0800 ERROR finish command G250 S21
2025-06-13T16:48:08.829217+0800 ERROR SENT: G250 S800
2025-06-13T16:48:08.829217+0800 ERROR write command G250 S800
2025-06-13T16:48:08.831099+0800 ERROR second command G250 S800
2025-06-13T16:48:08.831099+0800 ERROR finish command G250 S800
2025-06-13T16:48:08.832170+0800 ERROR SENT: M154 S1
2025-06-13T16:48:08.832170+0800 ERROR write command M154 S1
2025-06-13T16:48:08.833123+0800 ERROR second command M154 S1
2025-06-13T16:48:08.834187+0800 ERROR finish command M154 S1
2025-06-13T16:48:09.799860+0800 ERROR empty readline 0
2025-06-13T16:48:10.051409+0800 ERROR empty readline 1
2025-06-13T16:48:10.207705+0800 ERROR readline X:600.0000 Y:10.0000 Z:55.0000 E:-1.0000 Count X:210000 Y:3500 Z:110000 STA: 5317375

2025-06-13T16:48:10.207705+0800 ERROR readline 

2025-06-13T16:48:10.471943+0800 ERROR empty readline 0
2025-06-13T16:48:10.524539+0800 ERROR readline echo:busy: processing

2025-06-13T16:48:10.536914+0800 ERROR readline  T:179.6875 /240 B:59.1375 /10 @:127 B@:0 W:?

2025-06-13T16:48:10.796519+0800 ERROR empty readline 0
2025-06-13T16:48:11.062167+0800 ERROR empty readline 1
2025-06-13T16:48:11.207535+0800 ERROR readline X:600.0000 Y:10.0000 Z:55.0000 E:-1.0000 Count X:210000 Y:3500 Z:110000 STA: 5317375

2025-06-13T16:48:11.209048+0800 ERROR readline 

2025-06-13T16:48:11.468365+0800 ERROR empty readline 0
2025-06-13T16:48:11.532565+0800 ERROR readline  T:182.1023 /240 B:59.0375 /10 @:127 B@:0 W:?

2025-06-13T16:48:11.794802+0800 ERROR empty readline 0
2025-06-13T16:48:11.950468+0800 INFO M105

2025-06-13T16:48:11.952185+0800 ERROR SENT: M105

2025-06-13T16:48:11.954413+0800 ERROR write command M105

2025-06-13T16:48:11.954413+0800 ERROR second command M105

2025-06-13T16:48:11.955927+0800 ERROR finish command M105

2025-06-13T16:48:12.059419+0800 ERROR empty readline 0
2025-06-13T16:48:12.213272+0800 ERROR readline X:600.0000 Y:10.0000 Z:55.0000 E:-1.0000 Count X:210000 Y:3500 Z:110000 STA: 5317375

2025-06-13T16:48:12.215280+0800 ERROR readline 

2025-06-13T16:48:12.479265+0800 ERROR empty readline 0
2025-06-13T16:48:12.525223+0800 ERROR readline echo:busy: processing

2025-06-13T16:48:12.532768+0800 ERROR readline  T:183.3807 /240 B:59.1375 /10 @:127 B@:0 W:?

2025-06-13T16:48:12.790490+0800 ERROR empty readline 0
2025-06-13T16:48:13.052426+0800 ERROR empty readline 1
2025-06-13T16:48:13.216870+0800 ERROR readline X:600.0000 Y:10.0000 Z:55.0000 E:-1.0000 Count X:210000 Y:3500 Z:110000 STA: 5317375

2025-06-13T16:48:13.217879+0800 ERROR readline 

2025-06-13T16:48:13.474235+0800 ERROR empty readline 0
2025-06-13T16:48:13.533086+0800 ERROR readline  T:185.6534 /240 B:59.0875 /10 @:127 B@:0 W:?

2025-06-13T16:48:13.786701+0800 ERROR empty readline 0
2025-06-13T16:48:14.051076+0800 ERROR empty readline 1
2025-06-13T16:48:14.216987+0800 ERROR readline X:600.0000 Y:10.0000 Z:55.0000 E:-1.0000 Count X:210000 Y:3500 Z:110000 STA: 5317375

2025-06-13T16:48:14.217998+0800 ERROR readline 

2025-06-13T16:48:14.472022+0800 ERROR empty readline 0
2025-06-13T16:48:14.524485+0800 ERROR readline echo:busy: processing

2025-06-13T16:48:14.533563+0800 ERROR readline  T:187.0739 /240 B:59.0375 /10 @:127 B@:0 W:?

2025-06-13T16:48:14.799942+0800 ERROR empty readline 0
2025-06-13T16:48:15.062054+0800 ERROR empty readline 1
2025-06-13T16:48:15.217280+0800 ERROR readline X:600.0000 Y:10.0000 Z:55.0000 E:-1.0000 Count X:210000 Y:3500 Z:110000 STA: 5317375

2025-06-13T16:48:15.218264+0800 ERROR readline 

2025-06-13T16:48:15.481434+0800 ERROR empty readline 0
2025-06-13T16:48:15.531636+0800 ERROR readline  T:188.9205 /240 B:59.0500 /10 @:127 B@:0 W:?

2025-06-13T16:48:15.795364+0800 ERROR empty readline 0
2025-06-13T16:48:16.061435+0800 ERROR empty readline 1
2025-06-13T16:48:16.217798+0800 ERROR readline X:600.0000 Y:10.0000 Z:55.0000 E:-1.0000 Count X:210000 Y:3500 Z:110000 STA: 5317375

2025-06-13T16:48:16.217798+0800 ERROR readline 

2025-06-13T16:48:16.479971+0800 ERROR empty readline 0
2025-06-13T16:48:16.524300+0800 ERROR readline echo:busy: processing

2025-06-13T16:48:16.531331+0800 ERROR readline  T:191.1932 /240 B:58.9500 /10 @:127 B@:0 W:?

2025-06-13T16:48:16.792172+0800 ERROR empty readline 0
2025-06-13T16:48:18.526215+0800 ERROR empty readline 1
2025-06-13T16:48:18.624191+0800 ERROR readline X:600.0000 Y:10.0000 Z:55.0000 E:-1.0000 Count X:210000 Y:3500 Z:110000 STA: 5317375

2025-06-13T16:48:18.625538+0800 ERROR readline 

2025-06-13T16:48:18.631149+0800 ERROR readline  T:192.1875 /240 B:58.9375 /10 @:127 B@:0 W:?

2025-06-13T16:48:18.636403+0800 ERROR readline X:600.0000 Y:10.0000 Z:55.0000 E:-1.0000 Count X:210000 Y:3500 Z:110000 STA: 5317375

2025-06-13T16:48:18.637415+0800 ERROR readline 

2025-06-13T16:48:18.639417+0800 ERROR readline echo:busy: processing

2025-06-13T16:48:18.641619+0800 ERROR readline  T:194.4602 /240 B:58.8375 /10 @:127 B@:0 W:?

2025-06-13T16:48:18.946244+0800 ERROR empty readline 0
2025-06-13T16:48:19.203043+0800 ERROR empty readline 1
2025-06-13T16:48:19.218733+0800 ERROR readline X:600.0000 Y:10.0000 Z:55.0000 E:-1.0000 Count X:210000 Y:3500 Z:110000 STA: 5317375

2025-06-13T16:48:19.220681+0800 ERROR readline 

2025-06-13T16:48:19.478356+0800 ERROR empty readline 0
2025-06-13T16:48:19.532819+0800 ERROR readline  T:196.4489 /240 B:58.8750 /10 @:127 B@:0 W:?

2025-06-13T16:48:19.787989+0800 ERROR empty readline 0
2025-06-13T16:48:20.054190+0800 ERROR empty readline 1
2025-06-13T16:48:20.215933+0800 ERROR readline X:600.0000 Y:10.0000 Z:55.0000 E:-1.0000 Count X:210000 Y:3500 Z:110000 STA: 5317375

2025-06-13T16:48:20.219487+0800 ERROR readline 

2025-06-13T16:48:20.471582+0800 ERROR empty readline 0
2025-06-13T16:48:20.523531+0800 ERROR readline echo:busy: processing

2025-06-13T16:48:20.532501+0800 ERROR readline  T:197.0170 /240 B:58.8750 /10 @:127 B@:0 W:?

2025-06-13T16:48:20.785518+0800 ERROR empty readline 0
2025-06-13T16:48:21.036727+0800 ERROR empty readline 1
2025-06-13T16:48:21.219460+0800 ERROR readline X:600.0000 Y:10.0000 Z:55.0000 E:-1.0000 Count X:210000 Y:3500 Z:110000 STA: 5317375

2025-06-13T16:48:21.221975+0800 ERROR readline 

2025-06-13T16:48:21.476943+0800 ERROR empty readline 0
2025-06-13T16:48:21.530348+0800 ERROR readline  T:199.1477 /240 B:58.8750 /10 @:127 B@:0 W:?

2025-06-13T16:48:21.785328+0800 ERROR empty readline 0
2025-06-13T16:48:22.031947+0800 INFO M105

2025-06-13T16:48:22.032946+0800 ERROR SENT: M105

2025-06-13T16:48:22.032946+0800 ERROR write command M105

2025-06-13T16:48:22.032946+0800 ERROR second command M105

2025-06-13T16:48:22.035312+0800 ERROR finish command M105

2025-06-13T16:48:22.047784+0800 ERROR empty readline 0
2025-06-13T16:48:22.215493+0800 ERROR readline X:600.0000 Y:10.0000 Z:55.0000 E:-1.0000 Count X:210000 Y:3500 Z:110000 STA: 5317375

2025-06-13T16:48:22.218174+0800 ERROR readline 

2025-06-13T16:48:22.483398+0800 ERROR empty readline 0
2025-06-13T16:48:22.523533+0800 ERROR readline echo:busy: processing

2025-06-13T16:48:22.531979+0800 ERROR readline  T:201.4881 /240 B:58.8625 /10 @:127 B@:0 W:?

2025-06-13T16:48:22.795582+0800 ERROR empty readline 0
2025-06-13T16:48:23.061668+0800 ERROR empty readline 1
2025-06-13T16:48:23.218913+0800 ERROR readline X:600.0000 Y:10.0000 Z:55.0000 E:-1.0000 Count X:210000 Y:3500 Z:110000 STA: 5317375

2025-06-13T16:48:23.221451+0800 ERROR readline 

2025-06-13T16:48:23.478223+0800 ERROR empty readline 0
2025-06-13T16:48:23.532001+0800 ERROR readline  T:202.8274 /240 B:58.6625 /10 @:127 B@:0 W:?

2025-06-13T16:48:23.785306+0800 ERROR empty readline 0
2025-06-13T16:48:24.037751+0800 ERROR empty readline 1
2025-06-13T16:48:24.219127+0800 ERROR readline X:600.0000 Y:10.0000 Z:55.0000 E:-1.0000 Count X:210000 Y:3500 Z:110000 STA: 5317375

2025-06-13T16:48:24.221156+0800 ERROR readline 

2025-06-13T16:48:24.482065+0800 ERROR empty readline 0
2025-06-13T16:48:24.522312+0800 ERROR readline echo:busy: processing

2025-06-13T16:48:24.530171+0800 ERROR readline  T:205.0595 /240 B:58.6750 /10 @:127 B@:0 W:?

2025-06-13T16:48:24.792054+0800 ERROR empty readline 0
2025-06-13T16:48:25.057719+0800 ERROR empty readline 1
2025-06-13T16:48:25.217354+0800 ERROR readline X:600.0000 Y:10.0000 Z:55.0000 E:-1.0000 Count X:210000 Y:3500 Z:110000 STA: 5317375

2025-06-13T16:48:25.219869+0800 ERROR readline 

2025-06-13T16:48:25.476264+0800 ERROR empty readline 0
2025-06-13T16:48:25.524407+0800 INFO L109 time:2025/06/13 16:48:25#./GCODE/CFFFP_AA_3分钟.gcode#
2025-06-13T16:48:25.525926+0800 ERROR SENT: L109 time:2025/06/13 16:48:25#./GCODE/CFFFP_AA_3分钟.gcode#
2025-06-13T16:48:25.526938+0800 ERROR write command L109 time:2025/06/13 16:48:25#./GCODE/CFFFP_AA_3分钟.gcode#
2025-06-13T16:48:25.527944+0800 ERROR second command L109 time:2025/06/13 16:48:25#./GCODE/CFFFP_AA_3分钟.gcode#
2025-06-13T16:48:25.527944+0800 ERROR finish command L109 time:2025/06/13 16:48:25#./GCODE/CFFFP_AA_3分钟.gcode#
2025-06-13T16:48:25.634338+0800 ERROR readline  T:206.8452 /240 B:58.5875 /10 @:127 B@:0 W:?

2025-06-13T16:48:25.892091+0800 ERROR empty readline 0
2025-06-13T16:48:26.144541+0800 ERROR empty readline 1
2025-06-13T16:48:26.217059+0800 ERROR readline X:600.0000 Y:10.0000 Z:55.0000 E:-1.0000 Count X:210000 Y:3500 Z:110000 STA: 5317375

2025-06-13T16:48:26.218164+0800 ERROR readline 

2025-06-13T16:48:26.471317+0800 ERROR empty readline 0
2025-06-13T16:48:26.522632+0800 ERROR readline echo:busy: processing

2025-06-13T16:48:26.532207+0800 ERROR readline  T:207.5893 /240 B:58.7625 /10 @:127 B@:0 W:?

2025-06-13T16:48:26.718228+0800 ERROR SENT: G250 S31
2025-06-13T16:48:26.719240+0800 ERROR write command G250 S31
2025-06-13T16:48:26.719240+0800 ERROR second command G250 S31
2025-06-13T16:48:26.719240+0800 ERROR finish command G250 S31
2025-06-13T16:48:26.721223+0800 ERROR SENT: N-1 M110*15
2025-06-13T16:48:26.721223+0800 ERROR write command N-1 M110*15
2025-06-13T16:48:26.721223+0800 ERROR second command N-1 M110*15
2025-06-13T16:48:26.722248+0800 ERROR finish command N-1 M110*15
2025-06-13T16:48:26.726235+0800 INFO M257 S1
2025-06-13T16:48:26.726788+0800 INFO L110 S81
2025-06-13T16:48:26.783697+0800 ERROR empty readline 0
2025-06-13T16:48:27.035521+0800 ERROR empty readline 1
2025-06-13T16:48:27.216557+0800 ERROR readline X:600.0000 Y:10.0000 Z:55.0000 E:-1.0000 Count X:210000 Y:3500 Z:110000 STA: 5317375

2025-06-13T16:48:27.219070+0800 ERROR readline 

2025-06-13T16:48:27.482293+0800 ERROR empty readline 0
2025-06-13T16:48:27.530911+0800 ERROR readline  T:209.6726 /240 B:58.6625 /10 @:127 B@:0 W:?

2025-06-13T16:48:27.792358+0800 ERROR empty readline 0
2025-06-13T16:48:28.056364+0800 ERROR empty readline 1
2025-06-13T16:48:28.216346+0800 ERROR readline X:600.0000 Y:10.0000 Z:55.0000 E:-1.0000 Count X:210000 Y:3500 Z:110000 STA: 5317375

2025-06-13T16:48:28.219069+0800 ERROR readline 

2025-06-13T16:48:28.471147+0800 ERROR empty readline 0
2025-06-13T16:48:28.522829+0800 ERROR readline echo:busy: processing

2025-06-13T16:48:28.532463+0800 ERROR readline  T:211.3095 /240 B:58.5875 /10 @:127 B@:0 W:?

2025-06-13T16:48:28.785705+0800 ERROR empty readline 0
2025-06-13T16:48:29.046258+0800 ERROR empty readline 1
2025-06-13T16:48:29.217082+0800 ERROR readline X:600.0000 Y:10.0000 Z:55.0000 E:-1.0000 Count X:210000 Y:3500 Z:110000 STA: 5317375

2025-06-13T16:48:29.219613+0800 ERROR readline 

2025-06-13T16:48:29.478018+0800 ERROR empty readline 0
2025-06-13T16:48:29.531453+0800 ERROR readline  T:213.8393 /240 B:58.6000 /10 @:127 B@:0 W:?

2025-06-13T16:48:29.788580+0800 ERROR empty readline 0
2025-06-13T16:48:30.040525+0800 ERROR empty readline 1
2025-06-13T16:48:30.219713+0800 ERROR readline X:600.0000 Y:10.0000 Z:55.0000 E:-1.0000 Count X:210000 Y:3500 Z:110000 STA: 5317375

2025-06-13T16:48:30.220725+0800 ERROR readline 

2025-06-13T16:48:30.479489+0800 ERROR empty readline 0
2025-06-13T16:48:30.528353+0800 ERROR readline echo:busy: processing

2025-06-13T16:48:30.535418+0800 ERROR readline  T:214.8810 /240 B:58.5000 /10 @:127 B@:0 W:?

2025-06-13T16:48:30.793089+0800 ERROR empty readline 0
2025-06-13T16:48:31.056257+0800 ERROR empty readline 1
2025-06-13T16:48:31.216623+0800 ERROR readline X:600.0000 Y:10.0000 Z:55.0000 E:-1.0000 Count X:210000 Y:3500 Z:110000 STA: 5317375

2025-06-13T16:48:31.217633+0800 ERROR readline 

2025-06-13T16:48:31.354161+0800 INFO M105

2025-06-13T16:48:31.478467+0800 ERROR empty readline 0
2025-06-13T16:48:31.542526+0800 ERROR readline  T:216.2202 /240 B:58.5125 /10 @:127 B@:0 W:?

2025-06-13T16:48:31.804459+0800 ERROR empty readline 0
2025-06-13T16:48:32.067531+0800 ERROR empty readline 1
2025-06-13T16:48:32.214411+0800 ERROR readline X:600.0000 Y:10.0000 Z:55.0000 E:-1.0000 Count X:210000 Y:3500 Z:110000 STA: 5317375

2025-06-13T16:48:32.216420+0800 ERROR readline 

2025-06-13T16:48:32.471723+0800 ERROR empty readline 0
2025-06-13T16:48:32.526816+0800 ERROR readline echo:busy: processing

2025-06-13T16:48:32.539529+0800 ERROR readline  T:218.4524 /240 B:58.4875 /10 @:127 B@:0 W:?

2025-06-13T16:48:32.798097+0800 ERROR empty readline 0
2025-06-13T16:48:33.049153+0800 ERROR empty readline 1
2025-06-13T16:48:33.214358+0800 ERROR readline X:600.0000 Y:10.0000 Z:55.0000 E:-1.0000 Count X:210000 Y:3500 Z:110000 STA: 5317375

2025-06-13T16:48:33.217414+0800 ERROR readline 

2025-06-13T16:48:33.478141+0800 ERROR empty readline 0
2025-06-13T16:48:33.539299+0800 ERROR readline  T:219.7917 /240 B:58.4875 /10 @:127 B@:0 W:?

2025-06-13T16:48:33.804399+0800 ERROR empty readline 0
2025-06-13T16:48:34.056138+0800 ERROR empty readline 1
2025-06-13T16:48:34.218007+0800 ERROR readline X:600.0000 Y:10.0000 Z:55.0000 E:-1.0000 Count X:210000 Y:3500 Z:110000 STA: 5317375

2025-06-13T16:48:34.220588+0800 ERROR readline 

2025-06-13T16:48:34.477001+0800 ERROR empty readline 0
2025-06-13T16:48:34.527250+0800 ERROR readline echo:busy: processing

2025-06-13T16:48:34.537845+0800 ERROR readline  T:220.9821 /240 B:58.4375 /10 @:127 B@:0 W:?

2025-06-13T16:48:34.802987+0800 ERROR empty readline 0
2025-06-13T16:48:35.066588+0800 ERROR empty readline 1
2025-06-13T16:48:35.215685+0800 ERROR readline X:600.0000 Y:10.0000 Z:55.0000 E:-1.0000 Count X:210000 Y:3500 Z:110000 STA: 5317375

2025-06-13T16:48:35.218100+0800 ERROR readline 

2025-06-13T16:48:35.476131+0800 ERROR empty readline 0
2025-06-13T16:48:35.540997+0800 ERROR readline  T:222.7679 /240 B:58.3750 /10 @:127 B@:0 W:?

2025-06-13T16:48:35.801127+0800 ERROR empty readline 0
2025-06-13T16:48:36.065659+0800 ERROR empty readline 1
2025-06-13T16:48:36.214430+0800 ERROR readline X:600.0000 Y:10.0000 Z:55.0000 E:-1.0000 Count X:210000 Y:3500 Z:110000 STA: 5317375

2025-06-13T16:48:36.216958+0800 ERROR readline 

2025-06-13T16:48:36.482833+0800 ERROR empty readline 0
2025-06-13T16:48:36.526617+0800 ERROR readline echo:busy: processing

2025-06-13T16:48:36.537698+0800 ERROR readline  T:225.0000 /240 B:58.2875 /10 @:127 B@:0 W:?

2025-06-13T16:48:36.793334+0800 ERROR empty readline 0
2025-06-13T16:48:37.058339+0800 ERROR empty readline 1
2025-06-13T16:48:37.216266+0800 ERROR readline X:600.0000 Y:10.0000 Z:55.0000 E:-1.0000 Count X:210000 Y:3500 Z:110000 STA: 5317375

2025-06-13T16:48:37.217397+0800 ERROR readline 

2025-06-13T16:48:37.478198+0800 ERROR empty readline 0
2025-06-13T16:48:37.539563+0800 ERROR readline  T:226.4881 /240 B:58.2000 /10 @:127 B@:0 W:?

2025-06-13T16:48:37.805524+0800 ERROR empty readline 0
2025-06-13T16:48:38.070851+0800 ERROR empty readline 1
2025-06-13T16:48:38.215709+0800 ERROR readline X:600.0000 Y:10.0000 Z:55.0000 E:-1.0000 Count X:210000 Y:3500 Z:110000 STA: 5317375

2025-06-13T16:48:38.219317+0800 ERROR readline 

2025-06-13T16:48:38.476264+0800 ERROR empty readline 0
2025-06-13T16:48:38.526466+0800 ERROR readline echo:busy: processing

2025-06-13T16:48:38.539048+0800 ERROR readline  T:227.6786 /240 B:58.1875 /10 @:127 B@:0 W:?

2025-06-13T16:48:38.790919+0800 ERROR empty readline 0
2025-06-13T16:48:39.053338+0800 ERROR empty readline 1
2025-06-13T16:48:39.215334+0800 ERROR readline X:600.0000 Y:10.0000 Z:55.0000 E:-1.0000 Count X:210000 Y:3500 Z:110000 STA: 5317375

2025-06-13T16:48:39.216332+0800 ERROR readline 

2025-06-13T16:48:39.479249+0800 ERROR empty readline 0
2025-06-13T16:48:39.539082+0800 ERROR readline  T:228.7202 /240 B:58.2125 /10 @:127 B@:0 W:?

2025-06-13T16:48:39.804479+0800 ERROR empty readline 0
2025-06-13T16:48:40.057872+0800 ERROR empty readline 1
2025-06-13T16:48:40.214581+0800 ERROR readline X:600.0000 Y:10.0000 Z:55.0000 E:-1.0000 Count X:210000 Y:3500 Z:110000 STA: 5317375

2025-06-13T16:48:40.216093+0800 ERROR readline 

2025-06-13T16:48:40.476158+0800 ERROR empty readline 0
2025-06-13T16:48:40.527267+0800 ERROR readline echo:busy: processing

2025-06-13T16:48:40.538049+0800 ERROR readline  T:231.1012 /240 B:58.2250 /10 @:57 B@:0 W:?

2025-06-13T16:48:40.742578+0800 INFO M105

2025-06-13T16:48:40.805563+0800 ERROR empty readline 0
2025-06-13T16:48:41.071109+0800 ERROR empty readline 1
2025-06-13T16:48:41.072114+0800 ERROR 开始超时计数了
2025-06-13T16:48:41.086764+0800 ERROR SENT: M257 S1
2025-06-13T16:48:41.087839+0800 ERROR write command M257 S1
2025-06-13T16:48:41.090381+0800 ERROR second command M257 S1
2025-06-13T16:48:41.091380+0800 ERROR finish command M257 S1
2025-06-13T16:48:41.094402+0800 ERROR SENT: L110 S81
2025-06-13T16:48:41.094402+0800 ERROR write command L110 S81
2025-06-13T16:48:41.095414+0800 ERROR second command L110 S81
2025-06-13T16:48:41.095414+0800 ERROR finish command L110 S81
2025-06-13T16:48:41.215299+0800 ERROR readline X:600.0000 Y:10.0000 Z:55.0000 E:-1.0000 Count X:210000 Y:3500 Z:110000 STA: 5317375

2025-06-13T16:48:41.217768+0800 ERROR readline 

2025-06-13T16:48:41.480536+0800 ERROR empty readline 0
2025-06-13T16:48:41.538550+0800 ERROR readline  T:231.9940 /240 B:58.2000 /10 @:50 B@:0 W:?

2025-06-13T16:48:41.796858+0800 ERROR empty readline 0
2025-06-13T16:48:42.061785+0800 ERROR empty readline 1
2025-06-13T16:48:42.217071+0800 ERROR readline X:600.0000 Y:10.0000 Z:55.0000 E:-1.0000 Count X:210000 Y:3500 Z:110000 STA: 5317375

2025-06-13T16:48:42.221203+0800 ERROR readline 

2025-06-13T16:48:42.481399+0800 ERROR empty readline 0
2025-06-13T16:48:42.526788+0800 ERROR readline echo:busy: processing

2025-06-13T16:48:42.539345+0800 ERROR readline  T:234.0774 /240 B:58.2000 /10 @:22 B@:0 W:?

2025-06-13T16:48:42.806165+0800 ERROR empty readline 0
2025-06-13T16:48:43.072412+0800 ERROR empty readline 1
2025-06-13T16:48:43.100713+0800 ERROR readline ok

2025-06-13T16:48:43.102737+0800 ERROR readline ok

2025-06-13T16:48:43.104254+0800 ERROR SENT: M105

2025-06-13T16:48:43.106292+0800 ERROR write command M105

2025-06-13T16:48:43.107895+0800 ERROR second command M105

2025-06-13T16:48:43.110500+0800 ERROR finish command M105

2025-06-13T16:48:43.113537+0800 ERROR readline  T:235.1190 /240 B:58.1625 /10 @:11 B@:0 VER: 1.3.2

2025-06-13T16:48:43.116277+0800 ERROR readline ok

2025-06-13T16:48:43.117453+0800 ERROR SENT: M105

2025-06-13T16:48:43.117453+0800 ERROR write command M105

2025-06-13T16:48:43.126261+0800 ERROR readline ok

2025-06-13T16:48:43.127339+0800 ERROR second command M105

2025-06-13T16:48:43.127339+0800 ERROR finish command M105

2025-06-13T16:48:43.129370+0800 ERROR readline ok

2025-06-13T16:48:43.132628+0800 ERROR SENT: N0 M140 S10*84
2025-06-13T16:48:43.132628+0800 ERROR write command N0 M140 S10*84
2025-06-13T16:48:43.134144+0800 ERROR readline ok

2025-06-13T16:48:43.135174+0800 ERROR second command N0 M140 S10*84
2025-06-13T16:48:43.136173+0800 ERROR finish command N0 M140 S10*84
2025-06-13T16:48:43.136173+0800 ERROR SENT: N1 M105*38
2025-06-13T16:48:43.136173+0800 ERROR write command N1 M105*38
2025-06-13T16:48:43.137502+0800 ERROR second command N1 M105*38
2025-06-13T16:48:43.138503+0800 ERROR finish command N1 M105*38
2025-06-13T16:48:43.139503+0800 ERROR readline ok

2025-06-13T16:48:43.145455+0800 ERROR readline LOBOTICS SAFETY UNLOCKED

2025-06-13T16:48:43.146413+0800 ERROR readline ok

2025-06-13T16:48:43.146413+0800 ERROR readline ok

2025-06-13T16:48:43.147741+0800 ERROR readline ok

2025-06-13T16:48:43.147741+0800 ERROR readline ok

2025-06-13T16:48:43.150115+0800 ERROR SENT: N2 M190 S10*91
2025-06-13T16:48:43.150626+0800 ERROR write command N2 M190 S10*91
2025-06-13T16:48:43.151671+0800 ERROR second command N2 M190 S10*91
2025-06-13T16:48:43.151671+0800 ERROR finish command N2 M190 S10*91
2025-06-13T16:48:43.152656+0800 ERROR readline ok

2025-06-13T16:48:43.155229+0800 ERROR readline ok

2025-06-13T16:48:43.156243+0800 ERROR readline ok

2025-06-13T16:48:43.159271+0800 ERROR readline  T:235.1190 /0 B:58.1625 /0 @:11 B@:0 VER: 1.3.2

2025-06-13T16:48:43.161290+0800 ERROR readline ok

2025-06-13T16:48:43.164797+0800 ERROR SENT: N3 M104 S10*87
2025-06-13T16:48:43.164797+0800 ERROR write command N3 M104 S10*87
2025-06-13T16:48:43.164797+0800 ERROR second command N3 M104 S10*87
2025-06-13T16:48:43.166335+0800 ERROR finish command N3 M104 S10*87
2025-06-13T16:48:43.168353+0800 ERROR readline  T:235.1190 /0 B:58.1625 /0 @:11 B@:0 VER: 1.3.2

2025-06-13T16:48:43.170576+0800 ERROR readline ok

2025-06-13T16:48:43.172970+0800 ERROR readline  T:235.1190 /0 B:58.1625 /0 @:11 B@:0 VER: 1.3.2

2025-06-13T16:48:43.177499+0800 ERROR readline ok

2025-06-13T16:48:43.181116+0800 ERROR SENT: N4 M105*35
2025-06-13T16:48:43.182166+0800 ERROR write command N4 M105*35
2025-06-13T16:48:43.183130+0800 ERROR second command N4 M105*35
2025-06-13T16:48:43.183130+0800 ERROR finish command N4 M105*35
2025-06-13T16:48:43.187925+0800 ERROR readline  T:235.1190 /0 B:58.1625 /0 @:11 B@:0 VER: 1.3.2

2025-06-13T16:48:43.190473+0800 ERROR readline ok

2025-06-13T16:48:43.194539+0800 ERROR readline  T:235.1190 /0 B:58.1625 /0 @:11 B@:0 VER: 1.3.2

2025-06-13T16:48:43.195877+0800 ERROR SENT: N5 M109 S10*92
2025-06-13T16:48:43.196389+0800 ERROR write command N5 M109 S10*92
2025-06-13T16:48:43.197413+0800 ERROR second command N5 M109 S10*92
2025-06-13T16:48:43.197413+0800 ERROR finish command N5 M109 S10*92
2025-06-13T16:48:43.201100+0800 ERROR readline ok

2025-06-13T16:48:43.204134+0800 ERROR readline  T:235.1190 /0 B:58.1625 /0 @:11 B@:0 VER: 1.3.2

2025-06-13T16:48:43.206119+0800 ERROR readline ok

2025-06-13T16:48:43.209150+0800 ERROR readline  T:235.1190 /0 B:58.1625 /0 @:11 B@:0 VER: 1.3.2

2025-06-13T16:48:43.209150+0800 ERROR readline ok

2025-06-13T16:48:43.212328+0800 ERROR SENT: N6 M82*31
2025-06-13T16:48:43.213344+0800 ERROR write command N6 M82*31
2025-06-13T16:48:43.214358+0800 ERROR second command N6 M82*31
2025-06-13T16:48:43.214358+0800 ERROR finish command N6 M82*31
2025-06-13T16:48:43.216991+0800 ERROR readline LOBOTICS SAFETY UNLOCKED

2025-06-13T16:48:43.216991+0800 ERROR readline ok

2025-06-13T16:48:43.218000+0800 ERROR readline ok

2025-06-13T16:48:43.218000+0800 ERROR readline ok

2025-06-13T16:48:43.220543+0800 ERROR readline  T:235.1190 /0 B:58.1625 /0 @:11 B@:0 VER: 1.3.2

2025-06-13T16:48:43.222528+0800 ERROR readline ok

2025-06-13T16:48:43.225065+0800 ERROR readline  T:235.1190 /0 B:58.1625 /0 @:11 B@:0 VER: 1.3.2

2025-06-13T16:48:43.225065+0800 ERROR readline ok

2025-06-13T16:48:43.226574+0800 ERROR SENT: N7 G28*20
2025-06-13T16:48:43.230274+0800 ERROR write command N7 G28*20
2025-06-13T16:48:43.230798+0800 ERROR readline ok

2025-06-13T16:48:43.230798+0800 ERROR second command N7 G28*20
2025-06-13T16:48:43.231817+0800 ERROR readline ok

2025-06-13T16:48:43.231817+0800 ERROR finish command N7 G28*20
2025-06-13T16:48:43.232806+0800 ERROR SENT: N8 G1 Z15.0 F6000*32
2025-06-13T16:48:43.234324+0800 ERROR write command N8 G1 Z15.0 F6000*32
2025-06-13T16:48:43.234324+0800 ERROR second command N8 G1 Z15.0 F6000*32
2025-06-13T16:48:43.234324+0800 ERROR readline ok

2025-06-13T16:48:43.234324+0800 ERROR finish command N8 G1 Z15.0 F6000*32
2025-06-13T16:48:43.236866+0800 ERROR SENT: N9 G92 E0*78
2025-06-13T16:48:43.236866+0800 ERROR write command N9 G92 E0*78
2025-06-13T16:48:43.237865+0800 ERROR second command N9 G92 E0*78
2025-06-13T16:48:43.237865+0800 ERROR finish command N9 G92 E0*78
2025-06-13T16:48:43.245201+0800 ERROR readline echo:Unknown command: "FFFP_AA_3M105"

2025-06-13T16:48:43.246198+0800 ERROR readline ok

2025-06-13T16:48:43.246198+0800 ERROR readline ok

2025-06-13T16:48:43.249401+0800 ERROR readline  T:235.1190 /0 B:58.1625 /0 @:11 B@:0 VER: 1.3.2

2025-06-13T16:48:43.249401+0800 ERROR readline ok

2025-06-13T16:48:43.250925+0800 ERROR readline ok

2025-06-13T16:48:43.252911+0800 ERROR readline  T:235.1190 /0 B:58.1625 /10 @:11 B@:0 VER: 1.3.2

2025-06-13T16:48:43.254423+0800 ERROR readline ok

2025-06-13T16:48:43.254423+0800 ERROR readline ok

2025-06-13T16:48:43.255946+0800 ERROR readline ok

2025-06-13T16:48:43.257961+0800 ERROR SENT: N10 G1 F200 E3*27
2025-06-13T16:48:43.259114+0800 ERROR write command N10 G1 F200 E3*27
2025-06-13T16:48:43.260133+0800 ERROR second command N10 G1 F200 E3*27
2025-06-13T16:48:43.261134+0800 ERROR finish command N10 G1 F200 E3*27
2025-06-13T16:48:43.264153+0800 ERROR readline  T:235.1190 /10 B:58.1625 /10 @:11 B@:0 VER: 1.3.2

2025-06-13T16:48:43.266503+0800 ERROR readline ok

2025-06-13T16:48:43.267034+0800 ERROR readline ok

2025-06-13T16:48:43.273590+0800 ERROR SENT: N11 G92 E0*119
2025-06-13T16:48:43.274587+0800 ERROR write command N11 G92 E0*119
2025-06-13T16:48:43.274587+0800 ERROR second command N11 G92 E0*119
2025-06-13T16:48:43.276323+0800 ERROR finish command N11 G92 E0*119
2025-06-13T16:48:43.521903+0800 ERROR empty readline 0
2025-06-13T16:48:43.785618+0800 ERROR empty readline 1
2025-06-13T16:48:44.049800+0800 ERROR empty readline 2
2025-06-13T16:48:44.110300+0800 ERROR readline X:600.0000 Y:10.0000 Z:105.0000 E:-1.0000 Count X:210000 Y:3500 Z:210000 STA: 5317375

2025-06-13T16:48:44.111310+0800 ERROR readline 

2025-06-13T16:48:44.362646+0800 ERROR empty readline 0
2025-06-13T16:48:44.614531+0800 ERROR empty readline 1
2025-06-13T16:48:44.879652+0800 ERROR empty readline 2
2025-06-13T16:48:45.109179+0800 ERROR readline X:600.0000 Y:10.0000 Z:105.0000 E:-1.0000 Count X:210000 Y:3500 Z:210000 STA: 5317375

2025-06-13T16:48:45.112725+0800 ERROR readline 

2025-06-13T16:48:45.232987+0800 ERROR readline echo:busy: processing

2025-06-13T16:48:45.486299+0800 ERROR empty readline 0
2025-06-13T16:48:45.749916+0800 ERROR empty readline 1
2025-06-13T16:48:46.016726+0800 ERROR empty readline 2
2025-06-13T16:48:46.109134+0800 ERROR readline X:600.0000 Y:10.0000 Z:105.0000 E:-1.0000 Count X:210000 Y:3500 Z:210000 STA: 5317375

2025-06-13T16:48:46.111161+0800 ERROR readline 

2025-06-13T16:48:46.376867+0800 ERROR empty readline 0
2025-06-13T16:48:46.630342+0800 ERROR empty readline 1
2025-06-13T16:48:46.881687+0800 ERROR empty readline 2
2025-06-13T16:48:47.107605+0800 ERROR readline X:600.0000 Y:10.0000 Z:105.0000 E:-1.0000 Count X:210000 Y:3500 Z:210000 STA: 5317375

2025-06-13T16:48:47.109128+0800 ERROR readline 

2025-06-13T16:48:47.232172+0800 ERROR readline echo:busy: processing

2025-06-13T16:48:47.489731+0800 ERROR empty readline 0
2025-06-13T16:48:47.752805+0800 ERROR empty readline 1
2025-06-13T16:48:48.014353+0800 ERROR empty readline 2
2025-06-13T16:48:48.110608+0800 ERROR readline X:600.0000 Y:10.0000 Z:105.0000 E:-1.0000 Count X:210000 Y:3500 Z:210000 STA: 5317375

2025-06-13T16:48:48.111122+0800 ERROR readline 

2025-06-13T16:48:48.373254+0800 ERROR empty readline 0
2025-06-13T16:48:48.637571+0800 ERROR empty readline 1
2025-06-13T16:48:48.903014+0800 ERROR empty readline 2
2025-06-13T16:48:49.106600+0800 ERROR readline X:600.0000 Y:10.0000 Z:105.0000 E:-1.0000 Count X:210000 Y:3500 Z:210000 STA: 5317375

2025-06-13T16:48:49.107620+0800 ERROR readline 

2025-06-13T16:48:49.233231+0800 ERROR readline echo:busy: processing

2025-06-13T16:48:49.495928+0800 ERROR empty readline 0
2025-06-13T16:48:49.759233+0800 ERROR empty readline 1
2025-06-13T16:48:50.023200+0800 ERROR empty readline 2
2025-06-13T16:48:50.106740+0800 ERROR readline X:600.0000 Y:10.0000 Z:105.0000 E:-1.0000 Count X:210000 Y:3500 Z:210000 STA: 5317375

2025-06-13T16:48:50.110817+0800 ERROR readline 

2025-06-13T16:48:50.117516+0800 INFO M105

2025-06-13T16:48:50.365775+0800 ERROR empty readline 0
2025-06-13T16:48:50.617210+0800 ERROR empty readline 1
2025-06-13T16:48:50.870564+0800 ERROR empty readline 2
2025-06-13T16:48:51.112092+0800 ERROR readline X:600.0000 Y:10.0000 Z:105.0000 E:-1.0000 Count X:210000 Y:3500 Z:210000 STA: 5317375

2025-06-13T16:48:51.116615+0800 ERROR readline 

2025-06-13T16:48:51.230981+0800 ERROR readline echo:busy: processing

2025-06-13T16:48:51.492354+0800 ERROR empty readline 0
2025-06-13T16:48:51.755404+0800 ERROR empty readline 1
2025-06-13T16:48:52.017854+0800 ERROR empty readline 2
2025-06-13T16:48:52.105738+0800 ERROR readline X:600.0000 Y:10.0000 Z:105.0000 E:-1.0000 Count X:210000 Y:3500 Z:210000 STA: 5317375

2025-06-13T16:48:52.106505+0800 ERROR readline 

2025-06-13T16:48:52.361979+0800 ERROR empty readline 0
2025-06-13T16:48:52.625480+0800 ERROR empty readline 1
2025-06-13T16:48:52.890027+0800 ERROR empty readline 2
2025-06-13T16:48:53.107739+0800 ERROR readline X:600.0000 Y:10.0000 Z:105.0000 E:-1.0000 Count X:210000 Y:3500 Z:210000 STA: 5317375

2025-06-13T16:48:53.109250+0800 ERROR readline 

2025-06-13T16:48:53.231949+0800 ERROR readline echo:busy: processing

2025-06-13T16:48:53.490077+0800 ERROR empty readline 0
2025-06-13T16:48:53.755230+0800 ERROR empty readline 1
2025-06-13T16:48:54.018298+0800 ERROR empty readline 2
2025-06-13T16:48:54.106482+0800 ERROR readline X:600.0000 Y:10.0000 Z:105.0000 E:-1.0000 Count X:-630000 Y:3500 Z:210000 STA: 5317375

2025-06-13T16:48:54.108000+0800 ERROR readline 

2025-06-13T16:48:54.372242+0800 ERROR empty readline 0
2025-06-13T16:48:54.635944+0800 ERROR empty readline 1
2025-06-13T16:48:54.894944+0800 ERROR empty readline 2
2025-06-13T16:48:55.104228+0800 ERROR readline X:600.0000 Y:10.0000 Z:105.0000 E:-1.0000 Count X:-630000 Y:3500 Z:210000 STA: 5317375

2025-06-13T16:48:55.106227+0800 ERROR readline 

2025-06-13T16:48:55.230816+0800 ERROR readline echo:busy: processing

2025-06-13T16:48:55.482384+0800 ERROR empty readline 0
2025-06-13T16:48:55.745510+0800 ERROR empty readline 1
2025-06-13T16:48:56.009425+0800 ERROR empty readline 2
2025-06-13T16:48:56.107708+0800 ERROR readline X:600.0000 Y:10.0000 Z:105.0000 E:-1.0000 Count X:-630000 Y:3500 Z:210000 STA: 5317375

2025-06-13T16:48:56.109222+0800 ERROR readline 

2025-06-13T16:48:56.364937+0800 ERROR empty readline 0
2025-06-13T16:48:56.628202+0800 ERROR empty readline 1
2025-06-13T16:48:56.895248+0800 ERROR empty readline 2
2025-06-13T16:48:57.106376+0800 ERROR readline X:600.0000 Y:10.0000 Z:105.0000 E:-1.0000 Count X:-630000 Y:3500 Z:210000 STA: 5317375

2025-06-13T16:48:57.107393+0800 ERROR readline 

2025-06-13T16:48:57.230664+0800 ERROR readline echo:busy: processing

2025-06-13T16:48:57.486219+0800 ERROR empty readline 0
2025-06-13T16:48:57.751060+0800 ERROR empty readline 1
2025-06-13T16:48:58.015701+0800 ERROR empty readline 2
2025-06-13T16:48:58.106519+0800 ERROR readline X:600.0000 Y:10.0000 Z:105.0000 E:-1.0000 Count X:-630000 Y:3500 Z:210000 STA: 5317375

2025-06-13T16:48:58.106519+0800 ERROR readline 

2025-06-13T16:48:58.374250+0800 ERROR empty readline 0
2025-06-13T16:48:58.639634+0800 ERROR empty readline 1
2025-06-13T16:48:58.904624+0800 ERROR empty readline 2
2025-06-13T16:48:59.105167+0800 ERROR readline X:600.0000 Y:10.0000 Z:105.0000 E:-1.0000 Count X:-630000 Y:3500 Z:210000 STA: 5317375

2025-06-13T16:48:59.107688+0800 ERROR readline 

2025-06-13T16:48:59.230074+0800 ERROR readline echo:busy: processing

2025-06-13T16:48:59.481499+0800 ERROR empty readline 0
2025-06-13T16:48:59.528141+0800 INFO M105

2025-06-13T16:48:59.745502+0800 ERROR empty readline 1
2025-06-13T16:49:00.008023+0800 ERROR empty readline 2
2025-06-13T16:49:00.104195+0800 ERROR readline X:600.0000 Y:10.0000 Z:105.0000 E:-1.0000 Count X:-630000 Y:3500 Z:210000 STA: 5317375

2025-06-13T16:49:00.107278+0800 ERROR readline 

2025-06-13T16:49:00.366360+0800 ERROR empty readline 0
2025-06-13T16:49:00.629403+0800 ERROR empty readline 1
2025-06-13T16:49:00.892285+0800 ERROR empty readline 2
2025-06-13T16:49:01.106267+0800 ERROR readline X:600.0000 Y:10.0000 Z:105.0000 E:-1.0000 Count X:-630000 Y:3500 Z:210000 STA: 5317375

2025-06-13T16:49:01.108278+0800 ERROR readline 

2025-06-13T16:49:01.229382+0800 ERROR readline echo:busy: processing

2025-06-13T16:49:01.481842+0800 ERROR empty readline 0
2025-06-13T16:49:01.744184+0800 ERROR empty readline 1
2025-06-13T16:49:02.006070+0800 ERROR empty readline 2
2025-06-13T16:49:02.105582+0800 ERROR readline X:600.0000 Y:10.0000 Z:105.0000 E:-1.0000 Count X:-630000 Y:3500 Z:210000 STA: 5317375

2025-06-13T16:49:02.107101+0800 ERROR readline 

2025-06-13T16:49:02.364514+0800 ERROR empty readline 0
2025-06-13T16:49:02.627840+0800 ERROR empty readline 1
2025-06-13T16:49:02.890639+0800 ERROR empty readline 2
2025-06-13T16:49:03.110644+0800 ERROR readline X:600.0000 Y:10.0000 Z:105.0000 E:-1.0000 Count X:-630000 Y:3500 Z:210000 STA: 5317375

2025-06-13T16:49:03.112659+0800 ERROR readline 

2025-06-13T16:49:03.229874+0800 ERROR readline echo:busy: processing

2025-06-13T16:49:03.494616+0800 ERROR empty readline 0
2025-06-13T16:49:03.758097+0800 ERROR empty readline 1
2025-06-13T16:49:04.024440+0800 ERROR empty readline 2
2025-06-13T16:49:04.107515+0800 ERROR readline X:600.0000 Y:10.0000 Z:105.0000 E:-1.0000 Count X:-630000 Y:3500 Z:210000 STA: 5317375

2025-06-13T16:49:04.110031+0800 ERROR readline 

2025-06-13T16:49:04.367792+0800 ERROR empty readline 0
2025-06-13T16:49:04.628441+0800 ERROR empty readline 1
2025-06-13T16:49:04.892541+0800 ERROR empty readline 2
2025-06-13T16:49:05.106827+0800 ERROR readline X:600.0000 Y:10.0000 Z:105.0000 E:-1.0000 Count X:-630000 Y:3500 Z:210000 STA: 5317375

2025-06-13T16:49:05.110417+0800 ERROR readline 

2025-06-13T16:49:05.229234+0800 ERROR readline echo:busy: processing

2025-06-13T16:49:05.483279+0800 ERROR empty readline 0
2025-06-13T16:49:05.744279+0800 ERROR empty readline 1
2025-06-13T16:49:06.007887+0800 ERROR empty readline 2
2025-06-13T16:49:06.107945+0800 ERROR readline X:0.0000 Y:10.0000 Z:105.0000 E:-1.0000 Count X:0 Y:-315000 Z:210000 STA: 5317374

2025-06-13T16:49:06.112746+0800 ERROR readline 

2025-06-13T16:49:06.365296+0800 ERROR empty readline 0
2025-06-13T16:49:06.627912+0800 ERROR empty readline 1
2025-06-13T16:49:06.892630+0800 ERROR empty readline 2
2025-06-13T16:49:07.106476+0800 ERROR readline X:0.0000 Y:0.0000 Z:105.0000 E:-1.0000 Count X:0 Y:0 Z:-1800000 STA: 5317370

2025-06-13T16:49:07.110005+0800 ERROR readline 

2025-06-13T16:49:07.234570+0800 ERROR readline echo:busy: processing

2025-06-13T16:49:07.487653+0800 ERROR empty readline 0
2025-06-13T16:49:07.752702+0800 ERROR empty readline 1
2025-06-13T16:49:08.016466+0800 ERROR empty readline 2
2025-06-13T16:49:08.108542+0800 ERROR readline X:0.0000 Y:0.0000 Z:105.0000 E:-1.0000 Count X:0 Y:0 Z:-1800000 STA: 5317370

2025-06-13T16:49:08.111591+0800 ERROR readline 

2025-06-13T16:49:08.375422+0800 ERROR empty readline 0
2025-06-13T16:49:08.636893+0800 ERROR empty readline 1
2025-06-13T16:49:08.902874+0800 ERROR empty readline 2
2025-06-13T16:49:08.980388+0800 INFO M105

2025-06-13T16:49:09.107498+0800 ERROR readline X:0.0000 Y:0.0000 Z:105.0000 E:-1.0000 Count X:0 Y:0 Z:-1800000 STA: 5317370

2025-06-13T16:49:09.110555+0800 ERROR readline 

2025-06-13T16:49:09.234231+0800 ERROR readline echo:busy: processing

2025-06-13T16:49:09.493265+0800 ERROR empty readline 0
2025-06-13T16:49:09.757829+0800 ERROR empty readline 1
2025-06-13T16:49:10.021617+0800 ERROR empty readline 2
2025-06-13T16:49:10.105596+0800 ERROR readline X:0.0000 Y:0.0000 Z:105.0000 E:-1.0000 Count X:0 Y:0 Z:-1800000 STA: 5317370

2025-06-13T16:49:10.106601+0800 ERROR readline 

2025-06-13T16:49:10.366819+0800 ERROR empty readline 0
2025-06-13T16:49:10.618005+0800 ERROR empty readline 1
2025-06-13T16:49:10.881948+0800 ERROR empty readline 2
2025-06-13T16:49:11.109200+0800 ERROR readline X:0.0000 Y:0.0000 Z:105.0000 E:-1.0000 Count X:0 Y:0 Z:-1800000 STA: 5317370

2025-06-13T16:49:11.110217+0800 ERROR readline 

2025-06-13T16:49:11.232903+0800 ERROR readline echo:busy: processing

2025-06-13T16:49:11.490484+0800 ERROR empty readline 0
2025-06-13T16:49:11.753503+0800 ERROR empty readline 1
2025-06-13T16:49:12.015489+0800 ERROR empty readline 2
2025-06-13T16:49:12.104116+0800 ERROR readline X:0.0000 Y:0.0000 Z:105.0000 E:-1.0000 Count X:0 Y:0 Z:-1800000 STA: 5317370

2025-06-13T16:49:12.106173+0800 ERROR readline 

2025-06-13T16:49:12.359003+0800 ERROR empty readline 0
2025-06-13T16:49:12.626215+0800 ERROR empty readline 1
2025-06-13T16:49:12.889627+0800 ERROR empty readline 2
2025-06-13T16:49:13.105259+0800 ERROR readline X:0.0000 Y:0.0000 Z:105.0000 E:-1.0000 Count X:0 Y:0 Z:-1800000 STA: 5317370

2025-06-13T16:49:13.106772+0800 ERROR readline 

2025-06-13T16:49:13.234570+0800 ERROR readline echo:busy: processing

2025-06-13T16:49:13.497508+0800 ERROR empty readline 0
2025-06-13T16:49:13.761250+0800 ERROR empty readline 1
2025-06-13T16:49:14.013438+0800 ERROR empty readline 2
2025-06-13T16:49:14.104457+0800 ERROR readline X:0.0000 Y:0.0000 Z:105.0000 E:-1.0000 Count X:0 Y:0 Z:-1800000 STA: 5317370

2025-06-13T16:49:14.106495+0800 ERROR readline 

2025-06-13T16:49:14.357098+0800 ERROR empty readline 0
2025-06-13T16:49:14.622531+0800 ERROR empty readline 1
2025-06-13T16:49:14.887919+0800 ERROR empty readline 2
2025-06-13T16:49:15.106939+0800 ERROR readline X:0.0000 Y:0.0000 Z:105.0000 E:-1.0000 Count X:0 Y:0 Z:-1800000 STA: 5317370

2025-06-13T16:49:15.112739+0800 ERROR readline 

2025-06-13T16:49:15.232515+0800 ERROR readline echo:busy: processing

2025-06-13T16:49:15.496352+0800 ERROR empty readline 0
2025-06-13T16:49:15.759346+0800 ERROR empty readline 1
2025-06-13T16:49:16.022742+0800 ERROR empty readline 2
2025-06-13T16:49:16.104385+0800 ERROR readline X:0.0000 Y:0.0000 Z:105.0000 E:-1.0000 Count X:0 Y:0 Z:-1800000 STA: 5317370

2025-06-13T16:49:16.106910+0800 ERROR readline 

2025-06-13T16:49:16.364201+0800 ERROR empty readline 0
2025-06-13T16:49:16.628248+0800 ERROR empty readline 1
2025-06-13T16:49:16.892581+0800 ERROR empty readline 2
2025-06-13T16:49:17.106454+0800 ERROR readline X:0.0000 Y:0.0000 Z:105.0000 E:-1.0000 Count X:0 Y:0 Z:-1800000 STA: 5317370

2025-06-13T16:49:17.110659+0800 ERROR readline 

2025-06-13T16:49:17.232683+0800 ERROR readline echo:busy: processing

2025-06-13T16:49:17.483304+0800 ERROR empty readline 0
2025-06-13T16:49:17.748120+0800 ERROR empty readline 1
2025-06-13T16:49:18.013260+0800 ERROR empty readline 2
2025-06-13T16:49:18.104179+0800 ERROR readline X:0.0000 Y:0.0000 Z:105.0000 E:-1.0000 Count X:0 Y:0 Z:-1800000 STA: 5317370

2025-06-13T16:49:18.106479+0800 ERROR readline 

2025-06-13T16:49:18.372306+0800 ERROR empty readline 0
2025-06-13T16:49:18.387756+0800 INFO M105

2025-06-13T16:49:18.637046+0800 ERROR empty readline 1
2025-06-13T16:49:18.900660+0800 ERROR empty readline 2
2025-06-13T16:49:19.106244+0800 ERROR readline X:0.0000 Y:0.0000 Z:105.0000 E:-1.0000 Count X:0 Y:0 Z:-1800000 STA: 5317370

2025-06-13T16:49:19.109254+0800 ERROR readline 

2025-06-13T16:49:19.232704+0800 ERROR readline echo:busy: processing

2025-06-13T16:49:19.490962+0800 ERROR empty readline 0
2025-06-13T16:49:19.756523+0800 ERROR empty readline 1
2025-06-13T16:49:19.757961+0800 ERROR 开始超时计数了
2025-06-13T16:49:19.772047+0800 ERROR SENT: M105

2025-06-13T16:49:19.772047+0800 ERROR write command M105

2025-06-13T16:49:19.773384+0800 ERROR second command M105

2025-06-13T16:49:19.774395+0800 ERROR finish command M105

2025-06-13T16:49:20.019359+0800 ERROR empty readline 0
2025-06-13T16:49:20.104692+0800 ERROR readline X:0.0000 Y:0.0000 Z:105.0000 E:-1.0000 Count X:0 Y:0 Z:-1800000 STA: 5317370

2025-06-13T16:49:20.107218+0800 ERROR readline 

2025-06-13T16:49:20.360175+0800 ERROR empty readline 0
2025-06-13T16:49:20.613361+0800 ERROR empty readline 1
2025-06-13T16:49:20.879540+0800 ERROR empty readline 2
2025-06-13T16:49:21.108168+0800 ERROR readline X:0.0000 Y:0.0000 Z:105.0000 E:-1.0000 Count X:0 Y:0 Z:-1800000 STA: 5317370

2025-06-13T16:49:21.109176+0800 ERROR readline 

2025-06-13T16:49:21.232847+0800 ERROR readline echo:busy: processing

2025-06-13T16:49:21.488372+0800 ERROR empty readline 0
2025-06-13T16:49:21.753009+0800 ERROR empty readline 1
2025-06-13T16:49:22.017790+0800 ERROR empty readline 2
2025-06-13T16:49:22.104928+0800 ERROR readline X:0.0000 Y:0.0000 Z:105.0000 E:-1.0000 Count X:0 Y:0 Z:-1800000 STA: 5317370

2025-06-13T16:49:22.107459+0800 ERROR readline 

2025-06-13T16:49:22.361456+0800 ERROR empty readline 0
2025-06-13T16:49:22.623394+0800 ERROR empty readline 1
2025-06-13T16:49:22.875565+0800 ERROR empty readline 2
2025-06-13T16:49:23.104898+0800 ERROR readline X:0.0000 Y:0.0000 Z:105.0000 E:-1.0000 Count X:0 Y:0 Z:-1800000 STA: 5317370

2025-06-13T16:49:23.108426+0800 ERROR readline 

2025-06-13T16:49:23.230535+0800 ERROR readline echo:busy: processing

2025-06-13T16:49:23.489992+0800 ERROR empty readline 0
2025-06-13T16:49:23.752913+0800 ERROR empty readline 1
2025-06-13T16:49:24.018002+0800 ERROR empty readline 2
2025-06-13T16:49:24.105688+0800 ERROR readline X:0.0000 Y:0.0000 Z:105.0000 E:-1.0000 Count X:0 Y:0 Z:-1800000 STA: 5317370

2025-06-13T16:49:24.107846+0800 ERROR readline 

2025-06-13T16:49:24.361561+0800 ERROR empty readline 0
2025-06-13T16:49:24.625622+0800 ERROR empty readline 1
2025-06-13T16:49:24.889349+0800 ERROR empty readline 2
2025-06-13T16:49:25.108489+0800 ERROR readline X:0.0000 Y:0.0000 Z:105.0000 E:-1.0000 Count X:0 Y:0 Z:-1800000 STA: 5317370

2025-06-13T16:49:25.110015+0800 ERROR readline 

2025-06-13T16:49:25.232109+0800 ERROR readline echo:busy: processing

2025-06-13T16:49:25.494515+0800 ERROR empty readline 0
2025-06-13T16:49:25.747530+0800 ERROR empty readline 1
2025-06-13T16:49:26.010185+0800 ERROR empty readline 2
2025-06-13T16:49:26.104262+0800 ERROR readline X:0.0000 Y:0.0000 Z:105.0000 E:-1.0000 Count X:0 Y:0 Z:-1800000 STA: 5317370

2025-06-13T16:49:26.106781+0800 ERROR readline 

2025-06-13T16:49:26.370252+0800 ERROR empty readline 0
2025-06-13T16:49:26.633413+0800 ERROR empty readline 1
2025-06-13T16:49:26.898272+0800 ERROR empty readline 2
2025-06-13T16:49:27.106578+0800 ERROR readline X:0.0000 Y:0.0000 Z:105.0000 E:-1.0000 Count X:0 Y:0 Z:-1800000 STA: 5317370

2025-06-13T16:49:27.107589+0800 ERROR readline 

2025-06-13T16:49:27.231861+0800 ERROR readline echo:busy: processing

2025-06-13T16:49:27.490603+0800 ERROR empty readline 0
2025-06-13T16:49:27.752322+0800 ERROR empty readline 1
2025-06-13T16:49:27.800034+0800 INFO M105

2025-06-13T16:49:28.017431+0800 ERROR empty readline 2
2025-06-13T16:49:28.104910+0800 ERROR readline X:0.0000 Y:0.0000 Z:105.0000 E:-1.0000 Count X:0 Y:0 Z:-1800000 STA: 5317370

2025-06-13T16:49:28.107439+0800 ERROR readline 

2025-06-13T16:49:28.374513+0800 ERROR empty readline 0
2025-06-13T16:49:28.634377+0800 ERROR empty readline 1
2025-06-13T16:49:28.899133+0800 ERROR empty readline 2
2025-06-13T16:49:29.106472+0800 ERROR readline X:0.0000 Y:0.0000 Z:105.0000 E:-1.0000 Count X:0 Y:0 Z:-1800000 STA: 5317370

2025-06-13T16:49:29.109250+0800 ERROR readline 

2025-06-13T16:49:29.231128+0800 ERROR readline echo:busy: processing

2025-06-13T16:49:29.491409+0800 ERROR empty readline 0
2025-06-13T16:49:29.757864+0800 ERROR empty readline 1
2025-06-13T16:49:30.020759+0800 ERROR empty readline 2
2025-06-13T16:49:30.104594+0800 ERROR readline X:0.0000 Y:0.0000 Z:105.0000 E:-1.0000 Count X:0 Y:0 Z:-1800000 STA: 5317370

2025-06-13T16:49:30.105619+0800 ERROR readline 

2025-06-13T16:49:30.362272+0800 ERROR empty readline 0
2025-06-13T16:49:30.626619+0800 ERROR empty readline 1
2025-06-13T16:49:30.891498+0800 ERROR empty readline 2
2025-06-13T16:49:31.104317+0800 ERROR readline X:0.0000 Y:0.0000 Z:105.0000 E:-1.0000 Count X:0 Y:0 Z:-1800000 STA: 5317370

2025-06-13T16:49:31.104829+0800 ERROR readline 

2025-06-13T16:49:31.230747+0800 ERROR readline echo:busy: processing

2025-06-13T16:49:31.497029+0800 ERROR empty readline 0
2025-06-13T16:49:31.760148+0800 ERROR empty readline 1
2025-06-13T16:49:32.025616+0800 ERROR empty readline 2
2025-06-13T16:49:32.104641+0800 ERROR readline X:0.0000 Y:0.0000 Z:105.0000 E:-1.0000 Count X:0 Y:0 Z:-1800000 STA: 5317370

2025-06-13T16:49:32.106472+0800 ERROR readline 

2025-06-13T16:49:32.371312+0800 ERROR empty readline 0
2025-06-13T16:49:32.636998+0800 ERROR empty readline 1
2025-06-13T16:49:32.904327+0800 ERROR empty readline 2
2025-06-13T16:49:33.104287+0800 ERROR readline X:0.0000 Y:0.0000 Z:105.0000 E:-1.0000 Count X:0 Y:0 Z:-1800000 STA: 5317370

2025-06-13T16:49:33.107902+0800 ERROR readline 

2025-06-13T16:49:33.231284+0800 ERROR readline echo:busy: processing

2025-06-13T16:49:33.484569+0800 ERROR empty readline 0
2025-06-13T16:49:33.747684+0800 ERROR empty readline 1
2025-06-13T16:49:34.013372+0800 ERROR empty readline 2
2025-06-13T16:49:34.105455+0800 ERROR readline X:0.0000 Y:0.0000 Z:105.0000 E:-1.0000 Count X:0 Y:0 Z:-8000 STA: 5317370

2025-06-13T16:49:34.106961+0800 ERROR readline 

2025-06-13T16:49:34.371863+0800 ERROR empty readline 0
2025-06-13T16:49:34.637305+0800 ERROR empty readline 1
2025-06-13T16:49:34.901501+0800 ERROR empty readline 2
2025-06-13T16:49:35.106244+0800 ERROR readline X:0.0000 Y:0.0000 Z:105.0000 E:-1.0000 Count X:0 Y:0 Z:-8000 STA: 5317370

2025-06-13T16:49:35.109790+0800 ERROR readline 

2025-06-13T16:49:35.230003+0800 ERROR readline echo:busy: processing

2025-06-13T16:49:35.494282+0800 ERROR empty readline 0
2025-06-13T16:49:35.760619+0800 ERROR empty readline 1
2025-06-13T16:49:35.995210+0800 ERROR readline X:0.0000 Y:0.0000 Z:0.0000 E:-1.0000 Count X:0 Y:0 Z:0 STA: 5317368

2025-06-13T16:49:36.000261+0800 ERROR readline 

2025-06-13T16:49:36.001788+0800 ERROR readline ok

2025-06-13T16:49:36.002798+0800 ERROR readline msgdone

2025-06-13T16:49:36.004310+0800 ERROR readline ok

2025-06-13T16:49:36.008505+0800 ERROR SENT: M105

2025-06-13T16:49:36.009520+0800 ERROR write command M105

2025-06-13T16:49:36.009520+0800 ERROR second command M105

2025-06-13T16:49:36.010541+0800 ERROR finish command M105

2025-06-13T16:49:36.016585+0800 ERROR readline X:0.0000 Y:0.0000 Z:15.0000 E:0.0000 Count X:0 Y:0 Z:0 STA: 5317368

2025-06-13T16:49:36.017602+0800 ERROR readline 

2025-06-13T16:49:36.021319+0800 ERROR readline ok

2025-06-13T16:49:36.022336+0800 ERROR SENT: M105

2025-06-13T16:49:36.023335+0800 ERROR write command M105

2025-06-13T16:49:36.024336+0800 ERROR second command M105

2025-06-13T16:49:36.025537+0800 ERROR finish command M105

2025-06-13T16:49:36.025537+0800 ERROR readline ok

2025-06-13T16:49:36.034426+0800 ERROR readline X:0.0000 Y:0.0000 Z:15.0000 E:0.0000 Count X:0 Y:0 Z:0 STA: 5317368

2025-06-13T16:49:36.035945+0800 ERROR readline 

2025-06-13T16:49:36.039475+0800 ERROR SENT: M105

2025-06-13T16:49:36.039475+0800 ERROR write command M105

2025-06-13T16:49:36.040493+0800 ERROR readline ok

2025-06-13T16:49:36.043510+0800 ERROR second command M105

2025-06-13T16:49:36.044512+0800 ERROR finish command M105

2025-06-13T16:49:36.045025+0800 ERROR SENT: M105

2025-06-13T16:49:36.045907+0800 ERROR write command M105

2025-06-13T16:49:36.046421+0800 ERROR readline ok

2025-06-13T16:49:36.046421+0800 ERROR second command M105

2025-06-13T16:49:36.047435+0800 ERROR finish command M105

2025-06-13T16:49:36.048433+0800 ERROR SENT: N12 G92 E0*116
2025-06-13T16:49:36.048433+0800 ERROR write command N12 G92 E0*116
2025-06-13T16:49:36.049435+0800 ERROR second command N12 G92 E0*116
2025-06-13T16:49:36.049943+0800 ERROR finish command N12 G92 E0*116
2025-06-13T16:49:36.059548+0800 ERROR readline  T:213.5417 /10 B:57.0625 /10 @:0 B@:0 VER: 1.3.2

2025-06-13T16:49:36.062946+0800 ERROR readline ok

2025-06-13T16:49:36.070542+0800 ERROR SENT: N13 G92 E0*117
2025-06-13T16:49:36.070542+0800 ERROR write command N13 G92 E0*117
2025-06-13T16:49:36.071582+0800 ERROR second command N13 G92 E0*117
2025-06-13T16:49:36.075170+0800 ERROR finish command N13 G92 E0*117
2025-06-13T16:49:36.077703+0800 ERROR readline  T:213.5417 /10 B:57.0625 /10 @:0 B@:0 VER: 1.3.2

2025-06-13T16:49:36.080748+0800 ERROR readline ok

2025-06-13T16:49:36.084292+0800 ERROR readline  T:213.5417 /10 B:57.0625 /10 @:0 B@:0 VER: 1.3.2

2025-06-13T16:49:36.089386+0800 ERROR SENT: N14 G1 F3600 E-2.5*31
2025-06-13T16:49:36.090402+0800 ERROR write command N14 G1 F3600 E-2.5*31
2025-06-13T16:49:36.091399+0800 ERROR second command N14 G1 F3600 E-2.5*31
2025-06-13T16:49:36.093400+0800 ERROR finish command N14 G1 F3600 E-2.5*31
2025-06-13T16:49:36.095638+0800 ERROR readline ok

2025-06-13T16:49:36.100615+0800 ERROR readline  T:213.5417 /10 B:57.0625 /10 @:0 B@:0 VER: 1.3.2

2025-06-13T16:49:36.102605+0800 ERROR SENT: N15 M107*17
2025-06-13T16:49:36.103608+0800 ERROR write command N15 M107*17
2025-06-13T16:49:36.108261+0800 ERROR second command N15 M107*17
2025-06-13T16:49:36.108261+0800 ERROR finish command N15 M107*17
2025-06-13T16:49:36.109766+0800 ERROR readline ok

2025-06-13T16:49:36.110781+0800 ERROR SENT: N16 G0 X251.98 Y253.592 Z0.2*116
2025-06-13T16:49:36.111807+0800 ERROR write command N16 G0 X251.98 Y253.592 Z0.2*116
2025-06-13T16:49:36.112805+0800 ERROR second command N16 G0 X251.98 Y253.592 Z0.2*116
2025-06-13T16:49:36.114328+0800 ERROR finish command N16 G0 X251.98 Y253.592 Z0.2*116
2025-06-13T16:49:36.121482+0800 ERROR readline  T:213.5417 /10 B:57.0625 /10 @:0 B@:0 VER: 1.3.2

2025-06-13T16:49:36.128540+0800 ERROR readline X:0.0000 Y:0.0000 Z:15.0000 E:0.0000 Count X:0 Y:0 Z:396 STA: 5317370

2025-06-13T16:49:36.131149+0800 ERROR readline 

2025-06-13T16:49:36.133211+0800 ERROR readline ok

2025-06-13T16:49:36.137752+0800 ERROR readline X:0.0000 Y:0.0000 Z:15.0000 E:0.0000 Count X:0 Y:0 Z:758 STA: 5317370

2025-06-13T16:49:36.139262+0800 ERROR readline 

2025-06-13T16:49:36.141275+0800 ERROR readline ok

2025-06-13T16:49:36.143285+0800 ERROR readline ok

2025-06-13T16:49:36.147313+0800 ERROR SENT: N17 G1 F3600 E0.12473*53
2025-06-13T16:49:36.148313+0800 ERROR write command N17 G1 F3600 E0.12473*53
2025-06-13T16:49:36.149313+0800 ERROR second command N17 G1 F3600 E0.12473*53
2025-06-13T16:49:36.151105+0800 ERROR finish command N17 G1 F3600 E0.12473*53
2025-06-13T16:49:36.156200+0800 ERROR readline X:0.0000 Y:0.0000 Z:15.0000 E:-2.5000 Count X:0 Y:0 Z:30000 STA: 5317370

2025-06-13T16:49:36.158499+0800 ERROR readline 

2025-06-13T16:49:36.160720+0800 ERROR readline ok

2025-06-13T16:49:36.163136+0800 ERROR SENT: N18 G1 F2400 X251.98 Y195.392 E2.9601*53
2025-06-13T16:49:36.163647+0800 ERROR write command N18 G1 F2400 X251.98 Y195.392 E2.9601*53
2025-06-13T16:49:36.165186+0800 ERROR readline ok

2025-06-13T16:49:36.166335+0800 ERROR second command N18 G1 F2400 X251.98 Y195.392 E2.9601*53
2025-06-13T16:49:36.167372+0800 ERROR finish command N18 G1 F2400 X251.98 Y195.392 E2.9601*53
2025-06-13T16:49:36.170422+0800 ERROR readline ok

2025-06-13T16:49:36.171413+0800 ERROR SENT: N19 G1 X193.78 Y195.392 E5.79548*105
2025-06-13T16:49:36.173415+0800 ERROR write command N19 G1 X193.78 Y195.392 E5.79548*105
2025-06-13T16:49:36.173415+0800 ERROR readline ok

2025-06-13T16:49:36.174932+0800 ERROR second command N19 G1 X193.78 Y195.392 E5.79548*105
2025-06-13T16:49:36.176446+0800 ERROR finish command N19 G1 X193.78 Y195.392 E5.79548*105
2025-06-13T16:49:36.177055+0800 ERROR SENT: N20 G1 X193.78 Y253.592 E8.63085*110
2025-06-13T16:49:36.178088+0800 ERROR write command N20 G1 X193.78 Y253.592 E8.63085*110
2025-06-13T16:49:36.179071+0800 ERROR second command N20 G1 X193.78 Y253.592 E8.63085*110
2025-06-13T16:49:36.180616+0800 ERROR readline ok

2025-06-13T16:49:36.181612+0800 ERROR finish command N20 G1 X193.78 Y253.592 E8.63085*110
2025-06-13T16:49:36.183612+0800 ERROR readline ok

2025-06-13T16:49:36.194285+0800 ERROR SENT: N21 G1 X251.98 Y253.592 E11.46623*89
2025-06-13T16:49:36.195299+0800 ERROR write command N21 G1 X251.98 Y253.592 E11.46623*89
2025-06-13T16:49:36.195299+0800 ERROR second command N21 G1 X251.98 Y253.592 E11.46623*89
2025-06-13T16:49:36.196813+0800 ERROR finish command N21 G1 X251.98 Y253.592 E11.46623*89
2025-06-13T16:49:36.197826+0800 ERROR readline ok

2025-06-13T16:49:36.209923+0800 ERROR SENT: N22 G0 F3600 X252.58 Y254.192*74
2025-06-13T16:49:36.209923+0800 ERROR write command N22 G0 F3600 X252.58 Y254.192*74
2025-06-13T16:49:36.210934+0800 ERROR second command N22 G0 F3600 X252.58 Y254.192*74
2025-06-13T16:49:36.210934+0800 ERROR finish command N22 G0 F3600 X252.58 Y254.192*74
2025-06-13T16:49:36.212938+0800 ERROR readline ok

2025-06-13T16:49:36.212938+0800 ERROR SENT: N23 G1 F2400 X252.58 Y194.792 E14.36006*61
2025-06-13T16:49:36.214451+0800 ERROR write command N23 G1 F2400 X252.58 Y194.792 E14.36006*61
2025-06-13T16:49:36.214451+0800 ERROR second command N23 G1 F2400 X252.58 Y194.792 E14.36006*61
2025-06-13T16:49:36.215464+0800 ERROR finish command N23 G1 F2400 X252.58 Y194.792 E14.36006*61
2025-06-13T16:49:36.216970+0800 ERROR readline ok

2025-06-13T16:49:36.225014+0800 ERROR SENT: N24 G1 X193.18 Y194.792 E17.2539*109
2025-06-13T16:49:36.225014+0800 ERROR write command N24 G1 X193.18 Y194.792 E17.2539*109
2025-06-13T16:49:36.225014+0800 ERROR second command N24 G1 X193.18 Y194.792 E17.2539*109
2025-06-13T16:49:36.226530+0800 ERROR finish command N24 G1 X193.18 Y194.792 E17.2539*109
2025-06-13T16:49:36.228540+0800 ERROR readline ok

2025-06-13T16:49:36.240155+0800 ERROR SENT: N25 G1 X193.18 Y254.192 E20.14773*90
2025-06-13T16:49:36.240155+0800 ERROR write command N25 G1 X193.18 Y254.192 E20.14773*90
2025-06-13T16:49:36.241170+0800 ERROR second command N25 G1 X193.18 Y254.192 E20.14773*90
2025-06-13T16:49:36.242183+0800 ERROR readline ok

2025-06-13T16:49:36.243180+0800 ERROR finish command N25 G1 X193.18 Y254.192 E20.14773*90
2025-06-13T16:49:36.243180+0800 ERROR SENT: N26 G1 X252.58 Y254.192 E23.04157*81
2025-06-13T16:49:36.244186+0800 ERROR write command N26 G1 X252.58 Y254.192 E23.04157*81
2025-06-13T16:49:36.244186+0800 ERROR second command N26 G1 X252.58 Y254.192 E23.04157*81
2025-06-13T16:49:36.245186+0800 ERROR finish command N26 G1 X252.58 Y254.192 E23.04157*81
2025-06-13T16:49:36.502330+0800 ERROR empty readline 0
2025-06-13T16:49:36.763417+0800 ERROR empty readline 1
2025-06-13T16:49:37.027526+0800 ERROR empty readline 2
2025-06-13T16:49:37.101532+0800 ERROR readline X:193.1800 Y:254.1920 Z:0.2000 E:20.1477 Count X:67613 Y:88967 Z:400 STA: 5317370

2025-06-13T16:49:37.104521+0800 ERROR readline 

2025-06-13T16:49:37.231425+0800 INFO M105

2025-06-13T16:49:37.369679+0800 ERROR empty readline 0
2025-06-13T16:49:37.631693+0800 ERROR empty readline 1
2025-06-13T16:49:37.894301+0800 ERROR empty readline 2
2025-06-13T16:49:38.104970+0800 ERROR readline X:193.1800 Y:254.1920 Z:0.2000 E:20.1477 Count X:67613 Y:88967 Z:400 STA: 5317370

2025-06-13T16:49:38.109027+0800 ERROR readline 

2025-06-13T16:49:38.245427+0800 ERROR readline echo:busy: processing

2025-06-13T16:49:38.504532+0800 ERROR empty readline 0
2025-06-13T16:49:38.768358+0800 ERROR empty readline 1
2025-06-13T16:49:39.025056+0800 ERROR readline ok

2025-06-13T16:49:39.034857+0800 ERROR SENT: M105

2025-06-13T16:49:39.034857+0800 ERROR write command M105

2025-06-13T16:49:39.036592+0800 ERROR second command M105

2025-06-13T16:49:39.036592+0800 ERROR finish command M105

2025-06-13T16:49:39.039303+0800 ERROR readline ok

2025-06-13T16:49:39.044384+0800 ERROR readline  T:211.4583 /10 B:57.0750 /10 @:0 B@:0 VER: 1.3.2

2025-06-13T16:49:39.049477+0800 ERROR SENT: N27 G0 F3600 X252.58 Y253.892*65
2025-06-13T16:49:39.050495+0800 ERROR write command N27 G0 F3600 X252.58 Y253.892*65
2025-06-13T16:49:39.050495+0800 ERROR second command N27 G0 F3600 X252.58 Y253.892*65
2025-06-13T16:49:39.050495+0800 ERROR finish command N27 G0 F3600 X252.58 Y253.892*65
2025-06-13T16:49:39.053512+0800 ERROR readline ok

2025-06-13T16:49:39.065373+0800 ERROR SENT: N28 G0 X251.602 Y253.212*21
2025-06-13T16:49:39.066413+0800 ERROR write command N28 G0 X251.602 Y253.212*21
2025-06-13T16:49:39.066413+0800 ERROR second command N28 G0 X251.602 Y253.212*21
2025-06-13T16:49:39.067482+0800 ERROR finish command N28 G0 X251.602 Y253.212*21
2025-06-13T16:49:39.102285+0800 ERROR readline X:252.5800 Y:253.8920 Z:0.2000 E:23.0416 Count X:88403 Y:88862 Z:400 STA: 5317370

2025-06-13T16:49:39.105766+0800 ERROR readline 

2025-06-13T16:49:39.360586+0800 ERROR empty readline 0
2025-06-13T16:49:39.624692+0800 ERROR empty readline 1
2025-06-13T16:49:39.890575+0800 ERROR empty readline 2
2025-06-13T16:49:39.924387+0800 ERROR readline ok

2025-06-13T16:49:39.936525+0800 ERROR SENT: N29 G0 X251.408 Y253.02*47
2025-06-13T16:49:39.937976+0800 ERROR write command N29 G0 X251.408 Y253.02*47
2025-06-13T16:49:39.937976+0800 ERROR second command N29 G0 X251.408 Y253.02*47
2025-06-13T16:49:39.939490+0800 ERROR finish command N29 G0 X251.408 Y253.02*47
2025-06-13T16:49:39.941510+0800 ERROR readline ok

2025-06-13T16:49:39.953429+0800 ERROR SENT: N30 G1 F2400 X194.348 Y253.02 E26.03064*49
2025-06-13T16:49:39.953429+0800 ERROR write command N30 G1 F2400 X194.348 Y253.02 E26.03064*49
2025-06-13T16:49:39.954430+0800 ERROR second command N30 G1 F2400 X194.348 Y253.02 E26.03064*49
2025-06-13T16:49:39.954430+0800 ERROR finish command N30 G1 F2400 X194.348 Y253.02 E26.03064*49
2025-06-13T16:49:40.040698+0800 ERROR readline ok

2025-06-13T16:49:40.044227+0800 ERROR SENT: N31 G1 X194.348 Y195.96 E29.01971*84
2025-06-13T16:49:40.045244+0800 ERROR write command N31 G1 X194.348 Y195.96 E29.01971*84
2025-06-13T16:49:40.046733+0800 ERROR second command N31 G1 X194.348 Y195.96 E29.01971*84
2025-06-13T16:49:40.049284+0800 ERROR finish command N31 G1 X194.348 Y195.96 E29.01971*84
2025-06-13T16:49:40.100615+0800 ERROR readline X:194.3480 Y:253.0200 Z:0.2000 E:26.0306 Count X:68022 Y:88557 Z:400 STA: 5317375

2025-06-13T16:49:40.102607+0800 ERROR readline 

2025-06-13T16:49:40.354657+0800 ERROR empty readline 0
2025-06-13T16:49:40.619692+0800 ERROR empty readline 1
2025-06-13T16:49:40.872115+0800 ERROR empty readline 2
2025-06-13T16:49:41.101423+0800 ERROR readline X:194.3480 Y:253.0200 Z:0.2000 E:26.0306 Count X:68022 Y:88557 Z:400 STA: 5317375

2025-06-13T16:49:41.103414+0800 ERROR readline 

2025-06-13T16:49:41.370415+0800 ERROR empty readline 0
2025-06-13T16:49:41.637352+0800 ERROR empty readline 1
2025-06-13T16:49:41.897693+0800 ERROR empty readline 2
2025-06-13T16:49:42.047675+0800 ERROR readline echo:busy: processing

2025-06-13T16:49:42.103210+0800 ERROR readline X:194.3480 Y:253.0200 Z:0.2000 E:26.0306 Count X:68022 Y:88557 Z:400 STA: 5317375

2025-06-13T16:49:42.105194+0800 ERROR readline 

2025-06-13T16:49:42.364163+0800 ERROR empty readline 0
2025-06-13T16:49:42.625964+0800 ERROR empty readline 1
2025-06-13T16:49:42.886297+0800 ERROR empty readline 2
2025-06-13T16:49:43.101586+0800 ERROR readline X:194.3480 Y:253.0200 Z:0.2000 E:26.0306 Count X:68022 Y:88557 Z:400 STA: 5317375

2025-06-13T16:49:43.104599+0800 ERROR readline 

2025-06-13T16:49:43.368168+0800 ERROR empty readline 0
2025-06-13T16:49:43.629964+0800 ERROR empty readline 1
2025-06-13T16:49:43.894721+0800 ERROR empty readline 2
2025-06-13T16:49:44.047636+0800 ERROR readline echo:busy: processing

2025-06-13T16:49:44.102528+0800 ERROR readline X:194.3480 Y:253.0200 Z:0.2000 E:26.0306 Count X:68022 Y:88557 Z:400 STA: 5317375

2025-06-13T16:49:44.103523+0800 ERROR readline 

2025-06-13T16:49:44.362885+0800 ERROR empty readline 0
2025-06-13T16:49:44.627989+0800 ERROR empty readline 1
2025-06-13T16:49:44.893486+0800 ERROR empty readline 2
2025-06-13T16:49:45.101240+0800 ERROR readline X:194.3480 Y:253.0200 Z:0.2000 E:26.0306 Count X:68022 Y:88557 Z:400 STA: 5317375

2025-06-13T16:49:45.104234+0800 ERROR readline 

2025-06-13T16:49:45.362557+0800 ERROR empty readline 0
2025-06-13T16:49:45.625478+0800 ERROR empty readline 1
2025-06-13T16:49:45.891193+0800 ERROR empty readline 2
2025-06-13T16:49:46.037818+0800 ERROR readline ok

2025-06-13T16:49:46.044858+0800 ERROR SENT: N32 G1 X251.408 Y195.96 E32.00879*92
2025-06-13T16:49:46.045869+0800 ERROR write command N32 G1 X251.408 Y195.96 E32.00879*92
2025-06-13T16:49:46.046869+0800 ERROR second command N32 G1 X251.408 Y195.96 E32.00879*92
2025-06-13T16:49:46.048389+0800 ERROR finish command N32 G1 X251.408 Y195.96 E32.00879*92
2025-06-13T16:49:46.101177+0800 ERROR readline X:194.3480 Y:195.9600 Z:0.2000 E:29.0197 Count X:68022 Y:68586 Z:400 STA: 5317375

2025-06-13T16:49:46.103183+0800 ERROR readline 

2025-06-13T16:49:46.144738+0800 ERROR readline ok

2025-06-13T16:49:46.155620+0800 ERROR SENT: N33 G1 X251.408 Y253.02 E34.99786*80
2025-06-13T16:49:46.157136+0800 ERROR write command N33 G1 X251.408 Y253.02 E34.99786*80
2025-06-13T16:49:46.159154+0800 ERROR second command N33 G1 X251.408 Y253.02 E34.99786*80
2025-06-13T16:49:46.159154+0800 ERROR finish command N33 G1 X251.408 Y253.02 E34.99786*80
2025-06-13T16:49:46.405511+0800 ERROR empty readline 0
2025-06-13T16:49:46.670752+0800 ERROR empty readline 1
2025-06-13T16:49:46.672099+0800 INFO M105

2025-06-13T16:49:46.936762+0800 ERROR empty readline 2
2025-06-13T16:49:47.105047+0800 ERROR readline X:251.4080 Y:195.9600 Z:0.2000 E:32.0088 Count X:87993 Y:68586 Z:400 STA: 5317375

2025-06-13T16:49:47.105047+0800 ERROR readline 

2025-06-13T16:49:47.370356+0800 ERROR empty readline 0
2025-06-13T16:49:47.604367+0800 ERROR readline ok

2025-06-13T16:49:47.605880+0800 ERROR SENT: M105

2025-06-13T16:49:47.606900+0800 ERROR write command M105

2025-06-13T16:49:47.607902+0800 ERROR second command M105

2025-06-13T16:49:47.609423+0800 ERROR finish command M105

2025-06-13T16:49:47.610452+0800 ERROR readline ok

2025-06-13T16:49:47.614981+0800 ERROR readline  T:204.9107 /10 B:57.0250 /10 @:0 B@:0 VER: 1.3.2

2025-06-13T16:49:47.621043+0800 ERROR SENT: N34 G0 F3600 X251.108 Y196.802*119
2025-06-13T16:49:47.622060+0800 ERROR write command N34 G0 F3600 X251.108 Y196.802*119
2025-06-13T16:49:47.623060+0800 ERROR second command N34 G0 F3600 X251.108 Y196.802*119
2025-06-13T16:49:47.624578+0800 ERROR finish command N34 G0 F3600 X251.108 Y196.802*119
2025-06-13T16:49:47.874273+0800 ERROR empty readline 0
2025-06-13T16:49:48.103110+0800 ERROR readline X:251.4080 Y:253.0200 Z:0.2000 E:34.9979 Count X:87993 Y:88557 Z:400 STA: 5317375

2025-06-13T16:49:48.106911+0800 ERROR readline 

2025-06-13T16:49:48.370695+0800 ERROR empty readline 0
2025-06-13T16:49:48.634453+0800 ERROR empty readline 1
2025-06-13T16:49:48.899588+0800 ERROR empty readline 2
2025-06-13T16:49:49.064608+0800 ERROR readline ok

2025-06-13T16:49:49.071700+0800 ERROR SENT: N35 G1 F2400 X250.566 Y196.26 E35.03801*48
2025-06-13T16:49:49.072717+0800 ERROR write command N35 G1 F2400 X250.566 Y196.26 E35.03801*48
2025-06-13T16:49:49.074235+0800 ERROR second command N35 G1 F2400 X250.566 Y196.26 E35.03801*48
2025-06-13T16:49:49.075503+0800 ERROR finish command N35 G1 F2400 X250.566 Y196.26 E35.03801*48
2025-06-13T16:49:49.102987+0800 ERROR readline X:251.1080 Y:196.8020 Z:0.2000 E:34.9979 Count X:87888 Y:68881 Z:400 STA: 5317375

2025-06-13T16:49:49.104497+0800 ERROR readline 

2025-06-13T16:49:49.366238+0800 ERROR empty readline 0
2025-06-13T16:49:49.617375+0800 ERROR empty readline 1
2025-06-13T16:49:49.879172+0800 ERROR empty readline 2
2025-06-13T16:49:50.100694+0800 ERROR readline X:251.1080 Y:196.8020 Z:0.2000 E:34.9979 Count X:87888 Y:68881 Z:400 STA: 5317375

2025-06-13T16:49:50.103638+0800 ERROR readline 

2025-06-13T16:49:50.364182+0800 ERROR empty readline 0
2025-06-13T16:49:50.524873+0800 ERROR readline ok

2025-06-13T16:49:50.535409+0800 ERROR SENT: N36 G0 F3600 X249.718 Y196.26*69
2025-06-13T16:49:50.536893+0800 ERROR write command N36 G0 F3600 X249.718 Y196.26*69
2025-06-13T16:49:50.537407+0800 ERROR second command N36 G0 F3600 X249.718 Y196.26*69
2025-06-13T16:49:50.537407+0800 ERROR finish command N36 G0 F3600 X249.718 Y196.26*69
2025-06-13T16:49:50.784535+0800 ERROR empty readline 0
2025-06-13T16:49:51.044275+0800 ERROR empty readline 1
2025-06-13T16:49:51.099326+0800 ERROR readline X:250.5660 Y:196.2600 Z:0.2000 E:35.0380 Count X:87698 Y:68691 Z:400 STA: 5317375

2025-06-13T16:49:51.100810+0800 ERROR readline 

2025-06-13T16:49:51.355147+0800 ERROR empty readline 0
2025-06-13T16:49:51.619155+0800 ERROR empty readline 1
2025-06-13T16:49:51.882556+0800 ERROR empty readline 2
2025-06-13T16:49:51.983133+0800 ERROR readline ok

2025-06-13T16:49:51.991972+0800 ERROR SENT: N37 G1 F2400 X251.108 Y197.65 E35.14099*54
2025-06-13T16:49:51.993400+0800 ERROR write command N37 G1 F2400 X251.108 Y197.65 E35.14099*54
2025-06-13T16:49:51.995445+0800 ERROR second command N37 G1 F2400 X251.108 Y197.65 E35.14099*54
2025-06-13T16:49:51.996452+0800 ERROR finish command N37 G1 F2400 X251.108 Y197.65 E35.14099*54
2025-06-13T16:49:52.003222+0800 ERROR readline ok

2025-06-13T16:49:52.007381+0800 ERROR SENT: N38 G0 F3600 X251.108 Y198.499*123
2025-06-13T16:49:52.007381+0800 ERROR write command N38 G0 F3600 X251.108 Y198.499*123
2025-06-13T16:49:52.009317+0800 ERROR second command N38 G0 F3600 X251.108 Y198.499*123
2025-06-13T16:49:52.010469+0800 ERROR finish command N38 G0 F3600 X251.108 Y198.499*123
2025-06-13T16:49:52.101199+0800 ERROR readline X:251.1080 Y:197.6500 Z:0.2000 E:35.1410 Count X:87888 Y:69178 Z:400 STA: 5317375

2025-06-13T16:49:52.102211+0800 ERROR readline 

2025-06-13T16:49:52.366118+0800 ERROR empty readline 0
2025-06-13T16:49:52.620281+0800 ERROR empty readline 1
2025-06-13T16:49:52.882300+0800 ERROR empty readline 2
2025-06-13T16:49:53.100636+0800 ERROR readline X:251.1080 Y:197.6500 Z:0.2000 E:35.1410 Count X:87888 Y:69178 Z:400 STA: 5317375

2025-06-13T16:49:53.102671+0800 ERROR readline 

2025-06-13T16:49:53.363395+0800 ERROR empty readline 0
2025-06-13T16:49:53.493629+0800 ERROR readline ok

2025-06-13T16:49:53.505688+0800 ERROR SENT: N39 G1 F2400 X248.869 Y196.26 E35.30686*54
2025-06-13T16:49:53.507192+0800 ERROR write command N39 G1 F2400 X248.869 Y196.26 E35.30686*54
2025-06-13T16:49:53.508214+0800 ERROR second command N39 G1 F2400 X248.869 Y196.26 E35.30686*54
2025-06-13T16:49:53.509725+0800 ERROR finish command N39 G1 F2400 X248.869 Y196.26 E35.30686*54
2025-06-13T16:49:53.755056+0800 ERROR empty readline 0
2025-06-13T16:49:54.018182+0800 ERROR empty readline 1
2025-06-13T16:49:54.101305+0800 ERROR readline X:251.1080 Y:198.4990 Z:0.2000 E:35.1410 Count X:87888 Y:69475 Z:400 STA: 5317375

2025-06-13T16:49:54.103299+0800 ERROR readline 

2025-06-13T16:49:54.359867+0800 ERROR empty readline 0
2025-06-13T16:49:54.624740+0800 ERROR empty readline 1
2025-06-13T16:49:54.887096+0800 ERROR empty readline 2
2025-06-13T16:49:54.984336+0800 ERROR readline ok

2025-06-13T16:49:54.997068+0800 ERROR SENT: N40 G0 F3600 X248.021 Y196.26*72
2025-06-13T16:49:54.998316+0800 ERROR write command N40 G0 F3600 X248.021 Y196.26*72
2025-06-13T16:49:54.998316+0800 ERROR second command N40 G0 F3600 X248.021 Y196.26*72
2025-06-13T16:49:55.000346+0800 ERROR finish command N40 G0 F3600 X248.021 Y196.26*72
2025-06-13T16:49:55.099639+0800 ERROR readline X:248.8690 Y:196.2600 Z:0.2000 E:35.3069 Count X:87104 Y:68691 Z:400 STA: 5317375

2025-06-13T16:49:55.100651+0800 ERROR readline 

2025-06-13T16:49:55.356493+0800 ERROR empty readline 0
2025-06-13T16:49:55.620273+0800 ERROR empty readline 1
2025-06-13T16:49:55.884022+0800 ERROR empty readline 2
2025-06-13T16:49:56.101556+0800 ERROR readline X:248.8690 Y:196.2600 Z:0.2000 E:35.3069 Count X:87104 Y:68691 Z:400 STA: 5317375

2025-06-13T16:49:56.102555+0800 ERROR readline 

2025-06-13T16:49:56.146234+0800 INFO M105

2025-06-13T16:49:56.364197+0800 ERROR empty readline 0
2025-06-13T16:49:56.474707+0800 ERROR readline ok

2025-06-13T16:49:56.489371+0800 ERROR SENT: M105

2025-06-13T16:49:56.490390+0800 ERROR write command M105

2025-06-13T16:49:56.491387+0800 ERROR second command M105

2025-06-13T16:49:56.492394+0800 ERROR finish command M105

2025-06-13T16:49:56.494393+0800 ERROR readline ok

2025-06-13T16:49:56.496396+0800 ERROR readline  T:198.5795 /10 B:56.8500 /10 @:0 B@:0 VER: 1.3.2

2025-06-13T16:49:56.505095+0800 ERROR SENT: N41 G1 F2400 X251.108 Y199.348 E35.53559*15
2025-06-13T16:49:56.506523+0800 ERROR write command N41 G1 F2400 X251.108 Y199.348 E35.53559*15
2025-06-13T16:49:56.507044+0800 ERROR second command N41 G1 F2400 X251.108 Y199.348 E35.53559*15
2025-06-13T16:49:56.508070+0800 ERROR finish command N41 G1 F2400 X251.108 Y199.348 E35.53559*15
2025-06-13T16:49:56.754625+0800 ERROR empty readline 0
2025-06-13T16:49:57.017997+0800 ERROR empty readline 1
2025-06-13T16:49:57.100396+0800 ERROR readline X:248.0210 Y:196.2600 Z:0.2000 E:35.3069 Count X:86807 Y:68691 Z:400 STA: 5317375

2025-06-13T16:49:57.102389+0800 ERROR readline 

2025-06-13T16:49:57.362194+0800 ERROR empty readline 0
2025-06-13T16:49:57.626505+0800 ERROR empty readline 1
2025-06-13T16:49:57.888390+0800 ERROR empty readline 2
2025-06-13T16:49:57.966827+0800 ERROR readline echo: cold extrusion prevented

2025-06-13T16:49:57.969383+0800 ERROR readline ok

2025-06-13T16:49:57.980508+0800 ERROR SENT: N42 G0 F3600 X251.108 Y200.196*126
2025-06-13T16:49:57.981842+0800 ERROR write command N42 G0 F3600 X251.108 Y200.196*126
2025-06-13T16:49:57.981842+0800 ERROR second command N42 G0 F3600 X251.108 Y200.196*126
2025-06-13T16:49:57.982885+0800 ERROR finish command N42 G0 F3600 X251.108 Y200.196*126
2025-06-13T16:49:57.985461+0800 ERROR readline ok

2025-06-13T16:49:57.996650+0800 ERROR SENT: N43 G1 F2400 X247.172 Y196.26 E35.82718*56
2025-06-13T16:49:57.996650+0800 ERROR write command N43 G1 F2400 X247.172 Y196.26 E35.82718*56
2025-06-13T16:49:57.997661+0800 ERROR second command N43 G1 F2400 X247.172 Y196.26 E35.82718*56
2025-06-13T16:49:57.999678+0800 ERROR finish command N43 G1 F2400 X247.172 Y196.26 E35.82718*56
2025-06-13T16:49:58.003230+0800 ERROR readline echo: cold extrusion prevented

2025-06-13T16:49:58.004764+0800 ERROR readline ok

2025-06-13T16:49:58.011902+0800 ERROR SENT: N44 G0 F3600 X246.323 Y196.26*67
2025-06-13T16:49:58.012903+0800 ERROR write command N44 G0 F3600 X246.323 Y196.26*67
2025-06-13T16:49:58.012903+0800 ERROR second command N44 G0 F3600 X246.323 Y196.26*67
2025-06-13T16:49:58.012903+0800 ERROR finish command N44 G0 F3600 X246.323 Y196.26*67
2025-06-13T16:49:58.099279+0800 ERROR readline X:247.1720 Y:196.2600 Z:0.2000 E:35.8272 Count X:86510 Y:68691 Z:400 STA: 5317375

2025-06-13T16:49:58.104466+0800 ERROR readline 

2025-06-13T16:49:58.367414+0800 ERROR empty readline 0
2025-06-13T16:49:58.631139+0800 ERROR empty readline 1
2025-06-13T16:49:58.884663+0800 ERROR empty readline 2
2025-06-13T16:49:59.100578+0800 ERROR readline X:247.1720 Y:196.2600 Z:0.2000 E:35.8272 Count X:86510 Y:68691 Z:400 STA: 5317375

2025-06-13T16:49:59.101590+0800 ERROR readline 

2025-06-13T16:49:59.366902+0800 ERROR empty readline 0
2025-06-13T16:49:59.432241+0800 ERROR readline ok

2025-06-13T16:49:59.446749+0800 ERROR SENT: N45 G1 F2400 X251.108 Y201.045 E36.18167*2
2025-06-13T16:49:59.447260+0800 ERROR write command N45 G1 F2400 X251.108 Y201.045 E36.18167*2
2025-06-13T16:49:59.448272+0800 ERROR second command N45 G1 F2400 X251.108 Y201.045 E36.18167*2
2025-06-13T16:49:59.449794+0800 ERROR finish command N45 G1 F2400 X251.108 Y201.045 E36.18167*2
2025-06-13T16:49:59.453080+0800 ERROR readline echo: cold extrusion prevented

2025-06-13T16:49:59.709270+0800 ERROR empty readline 0
2025-06-13T16:49:59.972950+0800 ERROR empty readline 1
2025-06-13T16:50:00.096798+0800 ERROR readline X:246.3230 Y:196.2600 Z:0.2000 E:36.1817 Count X:86213 Y:68691 Z:400 STA: 5317375

2025-06-13T16:50:00.097834+0800 ERROR readline 

2025-06-13T16:50:00.362987+0800 ERROR empty readline 0
2025-06-13T16:50:00.626582+0800 ERROR empty readline 1
2025-06-13T16:50:00.890270+0800 ERROR empty readline 2
2025-06-13T16:50:01.099904+0800 ERROR readline X:246.3230 Y:196.2600 Z:0.2000 E:36.1817 Count X:86213 Y:68691 Z:400 STA: 5317375

2025-06-13T16:50:01.101922+0800 ERROR readline 

2025-06-13T16:50:01.357833+0800 ERROR empty readline 0
2025-06-13T16:50:01.451471+0800 ERROR readline echo:busy: processing

2025-06-13T16:50:01.714611+0800 ERROR empty readline 0
2025-06-13T16:50:01.979494+0800 ERROR empty readline 1
2025-06-13T16:50:02.101141+0800 ERROR readline X:246.3230 Y:196.2600 Z:0.2000 E:36.1817 Count X:86213 Y:68691 Z:400 STA: 5317375

2025-06-13T16:50:02.103139+0800 ERROR readline 

2025-06-13T16:50:02.295355+0800 ERROR readline ok

2025-06-13T16:50:02.304639+0800 ERROR SENT: N46 G0 F3600 X251.108 Y201.893*119
2025-06-13T16:50:02.305652+0800 ERROR write command N46 G0 F3600 X251.108 Y201.893*119
2025-06-13T16:50:02.305652+0800 ERROR second command N46 G0 F3600 X251.108 Y201.893*119
2025-06-13T16:50:02.306653+0800 ERROR finish command N46 G0 F3600 X251.108 Y201.893*119
2025-06-13T16:50:02.554583+0800 ERROR empty readline 0
2025-06-13T16:50:02.820636+0800 ERROR empty readline 1
2025-06-13T16:50:03.087016+0800 ERROR empty readline 2
2025-06-13T16:50:03.098384+0800 ERROR readline X:251.1080 Y:201.0450 Z:0.2000 E:36.1817 Count X:87888 Y:70366 Z:400 STA: 5317375

2025-06-13T16:50:03.103469+0800 ERROR readline 

2025-06-13T16:50:03.367804+0800 ERROR empty readline 0
2025-06-13T16:50:03.632541+0800 ERROR empty readline 1
2025-06-13T16:50:03.726880+0800 ERROR readline ok

2025-06-13T16:50:03.740653+0800 ERROR SENT: N47 G1 F2400 X245.475 Y196.26 E36.59898*62
2025-06-13T16:50:03.741675+0800 ERROR write command N47 G1 F2400 X245.475 Y196.26 E36.59898*62
2025-06-13T16:50:03.742710+0800 ERROR second command N47 G1 F2400 X245.475 Y196.26 E36.59898*62
2025-06-13T16:50:03.744237+0800 ERROR finish command N47 G1 F2400 X245.475 Y196.26 E36.59898*62
2025-06-13T16:50:03.750365+0800 ERROR readline echo: cold extrusion prevented

2025-06-13T16:50:04.004631+0800 ERROR empty readline 0
2025-06-13T16:50:04.099373+0800 ERROR readline X:251.1080 Y:201.8930 Z:0.2000 E:36.5990 Count X:87888 Y:70663 Z:400 STA: 5317375

2025-06-13T16:50:04.100916+0800 ERROR readline 

2025-06-13T16:50:04.362889+0800 ERROR empty readline 0
2025-06-13T16:50:04.626657+0800 ERROR empty readline 1
2025-06-13T16:50:04.700701+0800 ERROR readline ok

2025-06-13T16:50:04.705287+0800 ERROR SENT: N48 G0 F3600 X244.626 Y196.26*77
2025-06-13T16:50:04.705972+0800 ERROR write command N48 G0 F3600 X244.626 Y196.26*77
2025-06-13T16:50:04.706537+0800 ERROR second command N48 G0 F3600 X244.626 Y196.26*77
2025-06-13T16:50:04.706537+0800 ERROR finish command N48 G0 F3600 X244.626 Y196.26*77
2025-06-13T16:50:04.721095+0800 ERROR readline ok

2025-06-13T16:50:04.735311+0800 ERROR SENT: N49 G1 F2400 X251.108 Y202.742 E37.07919*3
2025-06-13T16:50:04.736332+0800 ERROR write command N49 G1 F2400 X251.108 Y202.742 E37.07919*3
2025-06-13T16:50:04.737416+0800 ERROR second command N49 G1 F2400 X251.108 Y202.742 E37.07919*3
2025-06-13T16:50:04.738406+0800 ERROR finish command N49 G1 F2400 X251.108 Y202.742 E37.07919*3
2025-06-13T16:50:04.742715+0800 ERROR readline echo: cold extrusion prevented

2025-06-13T16:50:04.794376+0800 ERROR readline ok

2025-06-13T16:50:04.798174+0800 ERROR SENT: N50 G0 F3600 X251.108 Y203.59*76
2025-06-13T16:50:04.799338+0800 ERROR write command N50 G0 F3600 X251.108 Y203.59*76
2025-06-13T16:50:04.799338+0800 ERROR second command N50 G0 F3600 X251.108 Y203.59*76
2025-06-13T16:50:04.800893+0800 ERROR finish command N50 G0 F3600 X251.108 Y203.59*76
2025-06-13T16:50:04.877624+0800 ERROR readline ok

2025-06-13T16:50:04.890313+0800 ERROR SENT: N51 G1 F2400 X243.778 Y196.26 E37.62222*51
2025-06-13T16:50:04.891633+0800 ERROR write command N51 G1 F2400 X243.778 Y196.26 E37.62222*51
2025-06-13T16:50:04.892653+0800 ERROR second command N51 G1 F2400 X243.778 Y196.26 E37.62222*51
2025-06-13T16:50:04.894374+0800 ERROR finish command N51 G1 F2400 X243.778 Y196.26 E37.62222*51
2025-06-13T16:50:04.898021+0800 ERROR readline echo: cold extrusion prevented

2025-06-13T16:50:05.011193+0800 ERROR readline ok

2025-06-13T16:50:05.014202+0800 ERROR SENT: N52 G0 F3600 X242.929 Y196.26*64
2025-06-13T16:50:05.016002+0800 ERROR write command N52 G0 F3600 X242.929 Y196.26*64
2025-06-13T16:50:05.016002+0800 ERROR second command N52 G0 F3600 X242.929 Y196.26*64
2025-06-13T16:50:05.017899+0800 ERROR finish command N52 G0 F3600 X242.929 Y196.26*64
2025-06-13T16:50:05.030905+0800 ERROR readline ok

2025-06-13T16:50:05.044569+0800 ERROR SENT: N53 G1 F2400 X251.108 Y204.439 E38.22814*5
2025-06-13T16:50:05.046084+0800 ERROR write command N53 G1 F2400 X251.108 Y204.439 E38.22814*5
2025-06-13T16:50:05.047111+0800 ERROR second command N53 G1 F2400 X251.108 Y204.439 E38.22814*5
2025-06-13T16:50:05.049100+0800 ERROR finish command N53 G1 F2400 X251.108 Y204.439 E38.22814*5
2025-06-13T16:50:05.054743+0800 ERROR readline echo: cold extrusion prevented

2025-06-13T16:50:05.102571+0800 ERROR readline X:242.9290 Y:196.2600 Z:0.2000 E:38.2281 Count X:85025 Y:68691 Z:400 STA: 5317375

2025-06-13T16:50:05.105111+0800 ERROR readline 

2025-06-13T16:50:05.175406+0800 ERROR readline ok

2025-06-13T16:50:05.183491+0800 ERROR SENT: N54 G0 F3600 X251.108 Y205.287*127
2025-06-13T16:50:05.185030+0800 ERROR write command N54 G0 F3600 X251.108 Y205.287*127
2025-06-13T16:50:05.185030+0800 ERROR second command N54 G0 F3600 X251.108 Y205.287*127
2025-06-13T16:50:05.186572+0800 ERROR finish command N54 G0 F3600 X251.108 Y205.287*127
2025-06-13T16:50:05.195249+0800 ERROR readline ok

2025-06-13T16:50:05.199664+0800 ERROR SENT: N55 G1 F2400 X242.081 Y196.26 E38.89689*56
2025-06-13T16:50:05.200678+0800 ERROR write command N55 G1 F2400 X242.081 Y196.26 E38.89689*56
2025-06-13T16:50:05.202202+0800 ERROR second command N55 G1 F2400 X242.081 Y196.26 E38.89689*56
2025-06-13T16:50:05.203203+0800 ERROR finish command N55 G1 F2400 X242.081 Y196.26 E38.89689*56
2025-06-13T16:50:05.207301+0800 ERROR readline echo: cold extrusion prevented

2025-06-13T16:50:05.368407+0800 ERROR readline ok

2025-06-13T16:50:05.370942+0800 ERROR SENT: N56 G0 F3600 X241.232 Y196.26*70
2025-06-13T16:50:05.372031+0800 ERROR write command N56 G0 F3600 X241.232 Y196.26*70
2025-06-13T16:50:05.373058+0800 ERROR second command N56 G0 F3600 X241.232 Y196.26*70
2025-06-13T16:50:05.373058+0800 ERROR finish command N56 G0 F3600 X241.232 Y196.26*70
2025-06-13T16:50:05.388729+0800 ERROR readline ok

2025-06-13T16:50:05.402866+0800 ERROR SENT: N57 G1 F2400 X251.108 Y206.136 E39.62854*8
2025-06-13T16:50:05.402866+0800 ERROR write command N57 G1 F2400 X251.108 Y206.136 E39.62854*8
2025-06-13T16:50:05.404528+0800 ERROR second command N57 G1 F2400 X251.108 Y206.136 E39.62854*8
2025-06-13T16:50:05.405539+0800 ERROR finish command N57 G1 F2400 X251.108 Y206.136 E39.62854*8
2025-06-13T16:50:05.410598+0800 ERROR readline echo: cold extrusion prevented

2025-06-13T16:50:05.561433+0800 INFO M105

2025-06-13T16:50:05.593282+0800 ERROR readline ok

2025-06-13T16:50:05.607818+0800 ERROR SENT: M105

2025-06-13T16:50:05.607818+0800 ERROR write command M105

2025-06-13T16:50:05.609219+0800 ERROR second command M105

2025-06-13T16:50:05.610241+0800 ERROR finish command M105

2025-06-13T16:50:05.611236+0800 ERROR readline ok

2025-06-13T16:50:05.615677+0800 ERROR readline  T:193.0398 /10 B:56.8000 /10 @:0 B@:0 VER: 1.3.2

2025-06-13T16:50:05.624241+0800 ERROR SENT: N58 G0 F3600 X251.108 Y206.984*120
2025-06-13T16:50:05.625405+0800 ERROR write command N58 G0 F3600 X251.108 Y206.984*120
2025-06-13T16:50:05.626430+0800 ERROR second command N58 G0 F3600 X251.108 Y206.984*120
2025-06-13T16:50:05.628449+0800 ERROR finish command N58 G0 F3600 X251.108 Y206.984*120
2025-06-13T16:50:05.629449+0800 ERROR readline ok

2025-06-13T16:50:05.642643+0800 ERROR SENT: N59 G1 F2400 X240.384 Y196.26 E40.42301*61
2025-06-13T16:50:05.644168+0800 ERROR write command N59 G1 F2400 X240.384 Y196.26 E40.42301*61
2025-06-13T16:50:05.645184+0800 ERROR second command N59 G1 F2400 X240.384 Y196.26 E40.42301*61
2025-06-13T16:50:05.645184+0800 ERROR finish command N59 G1 F2400 X240.384 Y196.26 E40.42301*61
2025-06-13T16:50:05.651777+0800 ERROR readline echo: cold extrusion prevented

2025-06-13T16:50:05.846624+0800 ERROR readline ok

2025-06-13T16:50:05.860253+0800 ERROR SENT: N60 G0 F3600 X239.535 Y196.26*76
2025-06-13T16:50:05.861255+0800 ERROR write command N60 G0 F3600 X239.535 Y196.26*76
2025-06-13T16:50:05.862269+0800 ERROR second command N60 G0 F3600 X239.535 Y196.26*76
2025-06-13T16:50:05.863268+0800 ERROR finish command N60 G0 F3600 X239.535 Y196.26*76
2025-06-13T16:50:05.867478+0800 ERROR readline ok

2025-06-13T16:50:05.876026+0800 ERROR SENT: N61 G1 F2400 X251.108 Y207.833 E41.28037*12
2025-06-13T16:50:05.877035+0800 ERROR write command N61 G1 F2400 X251.108 Y207.833 E41.28037*12
2025-06-13T16:50:05.877035+0800 ERROR second command N61 G1 F2400 X251.108 Y207.833 E41.28037*12
2025-06-13T16:50:05.879039+0800 ERROR finish command N61 G1 F2400 X251.108 Y207.833 E41.28037*12
2025-06-13T16:50:05.883557+0800 ERROR readline echo: cold extrusion prevented

2025-06-13T16:50:06.103905+0800 ERROR readline X:239.5350 Y:196.2600 Z:0.2000 E:41.2804 Count X:83837 Y:68691 Z:400 STA: 5317375

2025-06-13T16:50:06.105479+0800 ERROR readline 

2025-06-13T16:50:06.130825+0800 ERROR readline ok

2025-06-13T16:50:06.140330+0800 ERROR SENT: N62 G0 F3600 X251.108 Y208.681*117
2025-06-13T16:50:06.142295+0800 ERROR write command N62 G0 F3600 X251.108 Y208.681*117
2025-06-13T16:50:06.143296+0800 ERROR second command N62 G0 F3600 X251.108 Y208.681*117
2025-06-13T16:50:06.143296+0800 ERROR finish command N62 G0 F3600 X251.108 Y208.681*117
2025-06-13T16:50:06.150905+0800 ERROR readline ok

2025-06-13T16:50:06.155480+0800 ERROR SENT: N63 G1 F2400 X238.687 Y196.26 E42.20056*58
2025-06-13T16:50:06.156493+0800 ERROR write command N63 G1 F2400 X238.687 Y196.26 E42.20056*58
2025-06-13T16:50:06.157989+0800 ERROR second command N63 G1 F2400 X238.687 Y196.26 E42.20056*58
2025-06-13T16:50:06.157989+0800 ERROR finish command N63 G1 F2400 X238.687 Y196.26 E42.20056*58
2025-06-13T16:50:06.164490+0800 ERROR readline echo: cold extrusion prevented

2025-06-13T16:50:06.420306+0800 ERROR empty readline 0
2025-06-13T16:50:06.444391+0800 ERROR readline ok

2025-06-13T16:50:06.451691+0800 ERROR SENT: N64 G0 F3600 X237.838 Y196.26*70
2025-06-13T16:50:06.452688+0800 ERROR write command N64 G0 F3600 X237.838 Y196.26*70
2025-06-13T16:50:06.454199+0800 ERROR second command N64 G0 F3600 X237.838 Y196.26*70
2025-06-13T16:50:06.455231+0800 ERROR finish command N64 G0 F3600 X237.838 Y196.26*70
2025-06-13T16:50:06.464305+0800 ERROR readline ok

2025-06-13T16:50:06.467278+0800 ERROR SENT: N65 G1 F2400 X251.108 Y209.53 E43.18364*60
2025-06-13T16:50:06.468280+0800 ERROR write command N65 G1 F2400 X251.108 Y209.53 E43.18364*60
2025-06-13T16:50:06.469282+0800 ERROR second command N65 G1 F2400 X251.108 Y209.53 E43.18364*60
2025-06-13T16:50:06.470315+0800 ERROR finish command N65 G1 F2400 X251.108 Y209.53 E43.18364*60
2025-06-13T16:50:06.475343+0800 ERROR readline echo: cold extrusion prevented

2025-06-13T16:50:06.731219+0800 ERROR empty readline 0
2025-06-13T16:50:06.788612+0800 ERROR readline ok

2025-06-13T16:50:06.794667+0800 ERROR SENT: N66 G0 F3600 X251.108 Y210.378*123
2025-06-13T16:50:06.795180+0800 ERROR write command N66 G0 F3600 X251.108 Y210.378*123
2025-06-13T16:50:06.796513+0800 ERROR second command N66 G0 F3600 X251.108 Y210.378*123
2025-06-13T16:50:06.797526+0800 ERROR finish command N66 G0 F3600 X251.108 Y210.378*123
2025-06-13T16:50:06.807845+0800 ERROR readline ok

2025-06-13T16:50:06.809360+0800 ERROR SENT: N67 G1 F2400 X236.99 Y196.26 E44.22955*7
2025-06-13T16:50:06.810376+0800 ERROR write command N67 G1 F2400 X236.99 Y196.26 E44.22955*7
2025-06-13T16:50:06.810376+0800 ERROR second command N67 G1 F2400 X236.99 Y196.26 E44.22955*7
2025-06-13T16:50:06.811372+0800 ERROR finish command N67 G1 F2400 X236.99 Y196.26 E44.22955*7
2025-06-13T16:50:06.816888+0800 ERROR readline echo: cold extrusion prevented

2025-06-13T16:50:07.074558+0800 ERROR empty readline 0
2025-06-13T16:50:07.103298+0800 ERROR readline X:251.1080 Y:210.3780 Z:0.2000 E:44.2295 Count X:87888 Y:73632 Z:400 STA: 5317375

2025-06-13T16:50:07.109131+0800 ERROR readline 

2025-06-13T16:50:07.161636+0800 ERROR readline ok

2025-06-13T16:50:07.167707+0800 ERROR SENT: N68 G0 F3600 X236.141 Y196.26*76
2025-06-13T16:50:07.169228+0800 ERROR write command N68 G0 F3600 X236.141 Y196.26*76
2025-06-13T16:50:07.170254+0800 ERROR second command N68 G0 F3600 X236.141 Y196.26*76
2025-06-13T16:50:07.171254+0800 ERROR finish command N68 G0 F3600 X236.141 Y196.26*76
2025-06-13T16:50:07.182829+0800 ERROR readline ok

2025-06-13T16:50:07.198067+0800 ERROR SENT: N69 G1 F2400 X251.108 Y211.227 E45.33835*8
2025-06-13T16:50:07.200134+0800 ERROR write command N69 G1 F2400 X251.108 Y211.227 E45.33835*8
2025-06-13T16:50:07.201683+0800 ERROR second command N69 G1 F2400 X251.108 Y211.227 E45.33835*8
2025-06-13T16:50:07.202705+0800 ERROR finish command N69 G1 F2400 X251.108 Y211.227 E45.33835*8
2025-06-13T16:50:07.208452+0800 ERROR readline echo: cold extrusion prevented

2025-06-13T16:50:07.461615+0800 ERROR empty readline 0
2025-06-13T16:50:07.565751+0800 ERROR readline ok

2025-06-13T16:50:07.571795+0800 ERROR SENT: N70 G0 F3600 X251.108 Y212.075*112
2025-06-13T16:50:07.572792+0800 ERROR write command N70 G0 F3600 X251.108 Y212.075*112
2025-06-13T16:50:07.574304+0800 ERROR second command N70 G0 F3600 X251.108 Y212.075*112
2025-06-13T16:50:07.574817+0800 ERROR finish command N70 G0 F3600 X251.108 Y212.075*112
2025-06-13T16:50:07.585674+0800 ERROR readline ok

2025-06-13T16:50:07.588056+0800 ERROR SENT: N71 G1 F2400 X235.293 Y196.26 E46.50997*50
2025-06-13T16:50:07.589571+0800 ERROR write command N71 G1 F2400 X235.293 Y196.26 E46.50997*50
2025-06-13T16:50:07.590081+0800 ERROR second command N71 G1 F2400 X235.293 Y196.26 E46.50997*50
2025-06-13T16:50:07.592103+0800 ERROR finish command N71 G1 F2400 X235.293 Y196.26 E46.50997*50
2025-06-13T16:50:07.598158+0800 ERROR readline echo: cold extrusion prevented

2025-06-13T16:50:07.853182+0800 ERROR empty readline 0
2025-06-13T16:50:08.001599+0800 ERROR readline ok

2025-06-13T16:50:08.007211+0800 ERROR SENT: N72 G0 F3600 X234.444 Y196.26*69
2025-06-13T16:50:08.007211+0800 ERROR write command N72 G0 F3600 X234.444 Y196.26*69
2025-06-13T16:50:08.009124+0800 ERROR second command N72 G0 F3600 X234.444 Y196.26*69
2025-06-13T16:50:08.009124+0800 ERROR finish command N72 G0 F3600 X234.444 Y196.26*69
2025-06-13T16:50:08.021589+0800 ERROR readline ok

2025-06-13T16:50:08.023612+0800 ERROR SENT: N73 G1 F2400 X251.108 Y212.924 E47.7445*54
2025-06-13T16:50:08.023612+0800 ERROR write command N73 G1 F2400 X251.108 Y212.924 E47.7445*54
2025-06-13T16:50:08.024624+0800 ERROR second command N73 G1 F2400 X251.108 Y212.924 E47.7445*54
2025-06-13T16:50:08.027237+0800 ERROR finish command N73 G1 F2400 X251.108 Y212.924 E47.7445*54
2025-06-13T16:50:08.031238+0800 ERROR readline echo: cold extrusion prevented

2025-06-13T16:50:08.102616+0800 ERROR readline X:234.4440 Y:196.2600 Z:0.2000 E:47.7445 Count X:82055 Y:68691 Z:400 STA: 5317375

2025-06-13T16:50:08.103680+0800 ERROR readline 

2025-06-13T16:50:08.364099+0800 ERROR empty readline 0
2025-06-13T16:50:08.462652+0800 ERROR readline ok

2025-06-13T16:50:08.471829+0800 ERROR SENT: N74 G0 F3600 X251.108 Y213.773*116
2025-06-13T16:50:08.472831+0800 ERROR write command N74 G0 F3600 X251.108 Y213.773*116
2025-06-13T16:50:08.473415+0800 ERROR second command N74 G0 F3600 X251.108 Y213.773*116
2025-06-13T16:50:08.474429+0800 ERROR finish command N74 G0 F3600 X251.108 Y213.773*116
2025-06-13T16:50:08.483008+0800 ERROR readline ok

2025-06-13T16:50:08.487492+0800 ERROR SENT: N75 G1 F2400 X233.596 Y196.26 E49.04188*58
2025-06-13T16:50:08.487492+0800 ERROR write command N75 G1 F2400 X233.596 Y196.26 E49.04188*58
2025-06-13T16:50:08.489443+0800 ERROR second command N75 G1 F2400 X233.596 Y196.26 E49.04188*58
2025-06-13T16:50:08.489443+0800 ERROR finish command N75 G1 F2400 X233.596 Y196.26 E49.04188*58
2025-06-13T16:50:08.495354+0800 ERROR readline echo: cold extrusion prevented

2025-06-13T16:50:08.756223+0800 ERROR empty readline 0
2025-06-13T16:50:08.958529+0800 ERROR readline ok

2025-06-13T16:50:08.972955+0800 ERROR SENT: N76 G0 F3600 X232.747 Y196.26*71
2025-06-13T16:50:08.974469+0800 ERROR write command N76 G0 F3600 X232.747 Y196.26*71
2025-06-13T16:50:08.974469+0800 ERROR second command N76 G0 F3600 X232.747 Y196.26*71
2025-06-13T16:50:08.974469+0800 ERROR finish command N76 G0 F3600 X232.747 Y196.26*71
2025-06-13T16:50:08.977754+0800 ERROR readline ok

2025-06-13T16:50:08.988584+0800 ERROR SENT: N77 G1 F2400 X251.108 Y214.621 E50.40212*15
2025-06-13T16:50:08.989604+0800 ERROR write command N77 G1 F2400 X251.108 Y214.621 E50.40212*15
2025-06-13T16:50:08.989604+0800 ERROR second command N77 G1 F2400 X251.108 Y214.621 E50.40212*15
2025-06-13T16:50:08.993210+0800 ERROR finish command N77 G1 F2400 X251.108 Y214.621 E50.40212*15
2025-06-13T16:50:08.997233+0800 ERROR readline echo: cold extrusion prevented

2025-06-13T16:50:09.104376+0800 ERROR readline X:232.7470 Y:196.2600 Z:0.2000 E:50.4021 Count X:81461 Y:68691 Z:400 STA: 5317375

2025-06-13T16:50:09.106396+0800 ERROR readline 

2025-06-13T16:50:09.372292+0800 ERROR empty readline 0
2025-06-13T16:50:09.484222+0800 ERROR readline ok

2025-06-13T16:50:09.496859+0800 ERROR SENT: N78 G0 F3600 X251.108 Y215.47*78
2025-06-13T16:50:09.496859+0800 ERROR write command N78 G0 F3600 X251.108 Y215.47*78
2025-06-13T16:50:09.498140+0800 ERROR second command N78 G0 F3600 X251.108 Y215.47*78
2025-06-13T16:50:09.498140+0800 ERROR finish command N78 G0 F3600 X251.108 Y215.47*78
2025-06-13T16:50:09.505223+0800 ERROR readline ok

2025-06-13T16:50:09.512272+0800 ERROR SENT: N79 G1 F2400 X231.898 Y196.26 E51.82526*48
2025-06-13T16:50:09.513272+0800 ERROR write command N79 G1 F2400 X231.898 Y196.26 E51.82526*48
2025-06-13T16:50:09.513272+0800 ERROR second command N79 G1 F2400 X231.898 Y196.26 E51.82526*48
2025-06-13T16:50:09.516312+0800 ERROR finish command N79 G1 F2400 X231.898 Y196.26 E51.82526*48
2025-06-13T16:50:09.519849+0800 ERROR readline echo: cold extrusion prevented

2025-06-13T16:50:09.775611+0800 ERROR empty readline 0
2025-06-13T16:50:10.036152+0800 ERROR readline ok

2025-06-13T16:50:10.041680+0800 ERROR SENT: N80 G0 F3600 X231.05 Y196.26*124
2025-06-13T16:50:10.042877+0800 ERROR write command N80 G0 F3600 X231.05 Y196.26*124
2025-06-13T16:50:10.044089+0800 ERROR second command N80 G0 F3600 X231.05 Y196.26*124
2025-06-13T16:50:10.044606+0800 ERROR finish command N80 G0 F3600 X231.05 Y196.26*124
2025-06-13T16:50:10.056726+0800 ERROR readline ok

2025-06-13T16:50:10.057737+0800 ERROR SENT: N81 G1 F2400 X251.108 Y216.318 E53.31122*14
2025-06-13T16:50:10.059246+0800 ERROR write command N81 G1 F2400 X251.108 Y216.318 E53.31122*14
2025-06-13T16:50:10.059246+0800 ERROR second command N81 G1 F2400 X251.108 Y216.318 E53.31122*14
2025-06-13T16:50:10.061275+0800 ERROR finish command N81 G1 F2400 X251.108 Y216.318 E53.31122*14
2025-06-13T16:50:10.066844+0800 ERROR readline echo: cold extrusion prevented

2025-06-13T16:50:10.103504+0800 ERROR readline X:231.0500 Y:196.2600 Z:0.2000 E:53.3112 Count X:80868 Y:68691 Z:400 STA: 5317375

2025-06-13T16:50:10.104502+0800 ERROR readline 

2025-06-13T16:50:10.356157+0800 ERROR empty readline 0
2025-06-13T16:50:10.620579+0800 ERROR empty readline 1
2025-06-13T16:50:10.623713+0800 ERROR readline ok

2025-06-13T16:50:10.636699+0800 ERROR SENT: N82 G0 F3600 X251.108 Y217.167*122
2025-06-13T16:50:10.637260+0800 ERROR write command N82 G0 F3600 X251.108 Y217.167*122
2025-06-13T16:50:10.638280+0800 ERROR second command N82 G0 F3600 X251.108 Y217.167*122
2025-06-13T16:50:10.639321+0800 ERROR finish command N82 G0 F3600 X251.108 Y217.167*122
2025-06-13T16:50:10.642896+0800 ERROR readline ok

2025-06-13T16:50:10.651519+0800 ERROR SENT: N83 G1 F2400 X230.201 Y196.26 E54.86007*57
2025-06-13T16:50:10.652509+0800 ERROR write command N83 G1 F2400 X230.201 Y196.26 E54.86007*57
2025-06-13T16:50:10.653828+0800 ERROR second command N83 G1 F2400 X230.201 Y196.26 E54.86007*57
2025-06-13T16:50:10.655356+0800 ERROR finish command N83 G1 F2400 X230.201 Y196.26 E54.86007*57
2025-06-13T16:50:10.660437+0800 ERROR readline echo: cold extrusion prevented

2025-06-13T16:50:10.918162+0800 ERROR empty readline 0
2025-06-13T16:50:11.102125+0800 ERROR readline X:251.1080 Y:217.1670 Z:0.2000 E:54.8601 Count X:87888 Y:76008 Z:400 STA: 5317375

2025-06-13T16:50:11.106645+0800 ERROR readline 

2025-06-13T16:50:11.235165+0800 ERROR readline ok

2025-06-13T16:50:11.247004+0800 ERROR SENT: N84 G0 F3600 X229.353 Y196.26*65
2025-06-13T16:50:11.247004+0800 ERROR write command N84 G0 F3600 X229.353 Y196.26*65
2025-06-13T16:50:11.248206+0800 ERROR second command N84 G0 F3600 X229.353 Y196.26*65
2025-06-13T16:50:11.248206+0800 ERROR finish command N84 G0 F3600 X229.353 Y196.26*65
2025-06-13T16:50:11.254531+0800 ERROR readline ok

2025-06-13T16:50:11.262543+0800 ERROR SENT: N85 G1 F2400 X251.108 Y218.015 E56.47175*12
2025-06-13T16:50:11.263539+0800 ERROR write command N85 G1 F2400 X251.108 Y218.015 E56.47175*12
2025-06-13T16:50:11.265872+0800 ERROR second command N85 G1 F2400 X251.108 Y218.015 E56.47175*12
2025-06-13T16:50:11.266388+0800 ERROR finish command N85 G1 F2400 X251.108 Y218.015 E56.47175*12
2025-06-13T16:50:11.271349+0800 ERROR readline echo: cold extrusion prevented

2025-06-13T16:50:11.529178+0800 ERROR empty readline 0
2025-06-13T16:50:11.794899+0800 ERROR empty readline 1
2025-06-13T16:50:11.878040+0800 ERROR readline ok

2025-06-13T16:50:11.886586+0800 ERROR SENT: N86 G0 F3600 X251.108 Y218.864*123
2025-06-13T16:50:11.887601+0800 ERROR write command N86 G0 F3600 X251.108 Y218.864*123
2025-06-13T16:50:11.887601+0800 ERROR second command N86 G0 F3600 X251.108 Y218.864*123
2025-06-13T16:50:11.887601+0800 ERROR finish command N86 G0 F3600 X251.108 Y218.864*123
2025-06-13T16:50:11.898175+0800 ERROR readline ok

2025-06-13T16:50:11.901717+0800 ERROR SENT: N87 G1 F2400 X228.504 Y196.26 E58.14633*48
2025-06-13T16:50:11.901717+0800 ERROR write command N87 G1 F2400 X228.504 Y196.26 E58.14633*48
2025-06-13T16:50:11.902713+0800 ERROR second command N87 G1 F2400 X228.504 Y196.26 E58.14633*48
2025-06-13T16:50:11.904227+0800 ERROR finish command N87 G1 F2400 X228.504 Y196.26 E58.14633*48
2025-06-13T16:50:11.909144+0800 ERROR readline echo: cold extrusion prevented

2025-06-13T16:50:12.101286+0800 ERROR readline X:251.1080 Y:218.8640 Z:0.2000 E:58.1463 Count X:87888 Y:76602 Z:400 STA: 5317375

2025-06-13T16:50:12.103357+0800 ERROR readline 

2025-06-13T16:50:12.368015+0800 ERROR empty readline 0
2025-06-13T16:50:12.551625+0800 ERROR readline ok

2025-06-13T16:50:12.555131+0800 ERROR SENT: N88 G0 F3600 X227.656 Y196.26*67
2025-06-13T16:50:12.555131+0800 ERROR write command N88 G0 F3600 X227.656 Y196.26*67
2025-06-13T16:50:12.557660+0800 ERROR second command N88 G0 F3600 X227.656 Y196.26*67
2025-06-13T16:50:12.557660+0800 ERROR finish command N88 G0 F3600 X227.656 Y196.26*67
2025-06-13T16:50:12.570581+0800 ERROR readline ok

2025-06-13T16:50:12.586507+0800 ERROR SENT: N89 G1 F2400 X251.108 Y219.712 E59.88373*9
2025-06-13T16:50:12.587056+0800 ERROR write command N89 G1 F2400 X251.108 Y219.712 E59.88373*9
2025-06-13T16:50:12.589617+0800 ERROR second command N89 G1 F2400 X251.108 Y219.712 E59.88373*9
2025-06-13T16:50:12.591155+0800 ERROR finish command N89 G1 F2400 X251.108 Y219.712 E59.88373*9
2025-06-13T16:50:12.596207+0800 ERROR readline echo: cold extrusion prevented

2025-06-13T16:50:12.855981+0800 ERROR empty readline 0
2025-06-13T16:50:13.101521+0800 ERROR readline X:227.6560 Y:196.2600 Z:0.2000 E:59.8837 Count X:79680 Y:68691 Z:400 STA: 5317375

2025-06-13T16:50:13.105046+0800 ERROR readline 

2025-06-13T16:50:13.257536+0800 ERROR readline ok

2025-06-13T16:50:13.260131+0800 ERROR SENT: N90 G0 F3600 X251.108 Y220.561*127
2025-06-13T16:50:13.262074+0800 ERROR write command N90 G0 F3600 X251.108 Y220.561*127
2025-06-13T16:50:13.263085+0800 ERROR second command N90 G0 F3600 X251.108 Y220.561*127
2025-06-13T16:50:13.263085+0800 ERROR finish command N90 G0 F3600 X251.108 Y220.561*127
2025-06-13T16:50:13.276617+0800 ERROR readline ok

2025-06-13T16:50:13.291670+0800 ERROR SENT: N91 G1 F2400 X226.807 Y196.26 E61.68402*54
2025-06-13T16:50:13.292950+0800 ERROR write command N91 G1 F2400 X226.807 Y196.26 E61.68402*54
2025-06-13T16:50:13.293705+0800 ERROR second command N91 G1 F2400 X226.807 Y196.26 E61.68402*54
2025-06-13T16:50:13.294214+0800 ERROR finish command N91 G1 F2400 X226.807 Y196.26 E61.68402*54
2025-06-13T16:50:13.300976+0800 ERROR readline echo: cold extrusion prevented

2025-06-13T16:50:13.559321+0800 ERROR empty readline 0
2025-06-13T16:50:13.821424+0800 ERROR empty readline 1
2025-06-13T16:50:13.993161+0800 ERROR readline ok

2025-06-13T16:50:14.007458+0800 ERROR SENT: N92 G0 F3600 X225.959 Y196.26*74
2025-06-13T16:50:14.008647+0800 ERROR write command N92 G0 F3600 X225.959 Y196.26*74
2025-06-13T16:50:14.009155+0800 ERROR second command N92 G0 F3600 X225.959 Y196.26*74
2025-06-13T16:50:14.009155+0800 ERROR finish command N92 G0 F3600 X225.959 Y196.26*74
2025-06-13T16:50:14.012656+0800 ERROR readline ok

2025-06-13T16:50:14.022837+0800 ERROR SENT: N93 G1 F2400 X251.108 Y221.409 E63.54714*13
2025-06-13T16:50:14.022837+0800 ERROR write command N93 G1 F2400 X251.108 Y221.409 E63.54714*13
2025-06-13T16:50:14.024350+0800 ERROR second command N93 G1 F2400 X251.108 Y221.409 E63.54714*13
2025-06-13T16:50:14.026585+0800 ERROR finish command N93 G1 F2400 X251.108 Y221.409 E63.54714*13
2025-06-13T16:50:14.032260+0800 ERROR readline echo: cold extrusion prevented

2025-06-13T16:50:14.103357+0800 ERROR readline X:225.9590 Y:196.2600 Z:0.2000 E:63.5471 Count X:79086 Y:68691 Z:400 STA: 5317375

2025-06-13T16:50:14.104872+0800 ERROR readline 

2025-06-13T16:50:14.362607+0800 ERROR empty readline 0
2025-06-13T16:50:14.615405+0800 ERROR empty readline 1
2025-06-13T16:50:14.756190+0800 ERROR readline ok

2025-06-13T16:50:14.771659+0800 ERROR SENT: N94 G0 F3600 X251.108 Y222.258*116
2025-06-13T16:50:14.772917+0800 ERROR write command N94 G0 F3600 X251.108 Y222.258*116
2025-06-13T16:50:14.772917+0800 ERROR second command N94 G0 F3600 X251.108 Y222.258*116
2025-06-13T16:50:14.774437+0800 ERROR finish command N94 G0 F3600 X251.108 Y222.258*116
2025-06-13T16:50:14.776009+0800 ERROR readline ok

2025-06-13T16:50:14.787018+0800 ERROR SENT: N95 G1 F2400 X225.11 Y196.26 E65.47316*5
2025-06-13T16:50:14.787018+0800 ERROR write command N95 G1 F2400 X225.11 Y196.26 E65.47316*5
2025-06-13T16:50:14.788035+0800 ERROR second command N95 G1 F2400 X225.11 Y196.26 E65.47316*5
2025-06-13T16:50:14.791561+0800 ERROR finish command N95 G1 F2400 X225.11 Y196.26 E65.47316*5
2025-06-13T16:50:14.795083+0800 ERROR readline echo: cold extrusion prevented

2025-06-13T16:50:14.930204+0800 INFO M105

2025-06-13T16:50:15.052527+0800 ERROR empty readline 0
2025-06-13T16:50:15.101819+0800 ERROR readline X:251.1080 Y:222.2580 Z:0.2000 E:65.4732 Count X:87888 Y:77790 Z:400 STA: 5317375

2025-06-13T16:50:15.105348+0800 ERROR readline 

2025-06-13T16:50:15.362990+0800 ERROR empty readline 0
2025-06-13T16:50:15.551807+0800 ERROR readline ok

2025-06-13T16:50:15.567309+0800 ERROR SENT: M105

2025-06-13T16:50:15.568307+0800 ERROR write command M105

2025-06-13T16:50:15.569315+0800 ERROR second command M105

2025-06-13T16:50:15.570715+0800 ERROR finish command M105

2025-06-13T16:50:15.571726+0800 ERROR readline ok

2025-06-13T16:50:15.575766+0800 ERROR readline  T:187.0739 /10 B:56.6375 /10 @:0 B@:0 VER: 1.3.2

2025-06-13T16:50:15.583134+0800 ERROR SENT: N96 G0 F3600 X224.262 Y196.26*76
2025-06-13T16:50:15.583134+0800 ERROR write command N96 G0 F3600 X224.262 Y196.26*76
2025-06-13T16:50:15.584647+0800 ERROR second command N96 G0 F3600 X224.262 Y196.26*76
2025-06-13T16:50:15.585673+0800 ERROR finish command N96 G0 F3600 X224.262 Y196.26*76
2025-06-13T16:50:15.588163+0800 ERROR readline ok

2025-06-13T16:50:15.599258+0800 ERROR SENT: N97 G1 F2400 X251.108 Y223.106 E67.46199*5
2025-06-13T16:50:15.600673+0800 ERROR write command N97 G1 F2400 X251.108 Y223.106 E67.46199*5
2025-06-13T16:50:15.602207+0800 ERROR second command N97 G1 F2400 X251.108 Y223.106 E67.46199*5
2025-06-13T16:50:15.604223+0800 ERROR finish command N97 G1 F2400 X251.108 Y223.106 E67.46199*5
2025-06-13T16:50:15.607388+0800 ERROR readline echo: cold extrusion prevented

2025-06-13T16:50:15.862254+0800 ERROR empty readline 0
2025-06-13T16:50:16.101908+0800 ERROR readline X:224.2620 Y:196.2600 Z:0.2000 E:67.4620 Count X:78492 Y:68691 Z:400 STA: 5317375

2025-06-13T16:50:16.104426+0800 ERROR readline 

2025-06-13T16:50:16.360374+0800 ERROR empty readline 0
2025-06-13T16:50:16.375336+0800 ERROR readline ok

2025-06-13T16:50:16.376336+0800 ERROR SENT: N98 G0 F3600 X251.108 Y223.955*127
2025-06-13T16:50:16.376851+0800 ERROR write command N98 G0 F3600 X251.108 Y223.955*127
2025-06-13T16:50:16.378147+0800 ERROR second command N98 G0 F3600 X251.108 Y223.955*127
2025-06-13T16:50:16.378147+0800 ERROR finish command N98 G0 F3600 X251.108 Y223.955*127
2025-06-13T16:50:16.395494+0800 ERROR readline ok

2025-06-13T16:50:16.408144+0800 ERROR SENT: N99 G1 F2400 X223.413 Y196.26 E69.51373*49
2025-06-13T16:50:16.409144+0800 ERROR write command N99 G1 F2400 X223.413 Y196.26 E69.51373*49
2025-06-13T16:50:16.409144+0800 ERROR second command N99 G1 F2400 X223.413 Y196.26 E69.51373*49
2025-06-13T16:50:16.410499+0800 ERROR finish command N99 G1 F2400 X223.413 Y196.26 E69.51373*49
2025-06-13T16:50:16.417338+0800 ERROR readline echo: cold extrusion prevented

2025-06-13T16:50:16.672930+0800 ERROR empty readline 0
2025-06-13T16:50:16.925611+0800 ERROR empty readline 1
2025-06-13T16:50:17.101731+0800 ERROR readline X:251.1080 Y:223.9550 Z:0.2000 E:69.5137 Count X:87888 Y:78384 Z:400 STA: 5317375

2025-06-13T16:50:17.105258+0800 ERROR readline 

2025-06-13T16:50:17.231955+0800 ERROR readline ok

2025-06-13T16:50:17.236024+0800 ERROR SENT: N100 G0 F3600 X222.565 Y196.26*116
2025-06-13T16:50:17.237339+0800 ERROR write command N100 G0 F3600 X222.565 Y196.26*116
2025-06-13T16:50:17.238381+0800 ERROR second command N100 G0 F3600 X222.565 Y196.26*116
2025-06-13T16:50:17.239366+0800 ERROR finish command N100 G0 F3600 X222.565 Y196.26*116
2025-06-13T16:50:17.251793+0800 ERROR readline ok

2025-06-13T16:50:17.267435+0800 ERROR SENT: N101 G1 F2400 X251.108 Y224.803 E71.62828*50
2025-06-13T16:50:17.268925+0800 ERROR write command N101 G1 F2400 X251.108 Y224.803 E71.62828*50
2025-06-13T16:50:17.269435+0800 ERROR second command N101 G1 F2400 X251.108 Y224.803 E71.62828*50
2025-06-13T16:50:17.270452+0800 ERROR finish command N101 G1 F2400 X251.108 Y224.803 E71.62828*50
2025-06-13T16:50:17.276474+0800 ERROR readline echo: cold extrusion prevented

2025-06-13T16:50:17.531510+0800 ERROR empty readline 0
2025-06-13T16:50:17.797599+0800 ERROR empty readline 1
2025-06-13T16:50:18.062444+0800 ERROR empty readline 2
2025-06-13T16:50:18.101576+0800 ERROR readline X:222.5650 Y:196.2600 Z:0.2000 E:71.6283 Count X:77898 Y:68691 Z:400 STA: 5317375

2025-06-13T16:50:18.104574+0800 ERROR readline 

2025-06-13T16:50:18.114536+0800 ERROR readline ok

2025-06-13T16:50:18.125093+0800 ERROR SENT: N102 G0 F3600 X251.108 Y225.652*67
2025-06-13T16:50:18.125093+0800 ERROR write command N102 G0 F3600 X251.108 Y225.652*67
2025-06-13T16:50:18.126601+0800 ERROR second command N102 G0 F3600 X251.108 Y225.652*67
2025-06-13T16:50:18.126601+0800 ERROR finish command N102 G0 F3600 X251.108 Y225.652*67
2025-06-13T16:50:18.134134+0800 ERROR readline ok

2025-06-13T16:50:18.140172+0800 ERROR SENT: N103 G1 F2400 X221.716 Y196.26 E73.80573*6
2025-06-13T16:50:18.141173+0800 ERROR write command N103 G1 F2400 X221.716 Y196.26 E73.80573*6
2025-06-13T16:50:18.141173+0800 ERROR second command N103 G1 F2400 X221.716 Y196.26 E73.80573*6
2025-06-13T16:50:18.142182+0800 ERROR finish command N103 G1 F2400 X221.716 Y196.26 E73.80573*6
2025-06-13T16:50:18.145703+0800 ERROR readline echo: cold extrusion prevented

2025-06-13T16:50:18.407130+0800 ERROR empty readline 0
2025-06-13T16:50:18.671950+0800 ERROR empty readline 1
2025-06-13T16:50:18.936955+0800 ERROR empty readline 2
2025-06-13T16:50:19.032354+0800 ERROR readline ok

2025-06-13T16:50:19.045357+0800 ERROR SENT: N104 G0 F3600 X220.868 Y196.26*114
2025-06-13T16:50:19.045865+0800 ERROR write command N104 G0 F3600 X220.868 Y196.26*114
2025-06-13T16:50:19.046878+0800 ERROR second command N104 G0 F3600 X220.868 Y196.26*114
2025-06-13T16:50:19.047887+0800 ERROR finish command N104 G0 F3600 X220.868 Y196.26*114
2025-06-13T16:50:19.051456+0800 ERROR readline ok

2025-06-13T16:50:19.060135+0800 ERROR SENT: N105 G1 F2400 X251.108 Y226.5 E76.04601*56
2025-06-13T16:50:19.060135+0800 ERROR write command N105 G1 F2400 X251.108 Y226.5 E76.04601*56
2025-06-13T16:50:19.061099+0800 ERROR second command N105 G1 F2400 X251.108 Y226.5 E76.04601*56
2025-06-13T16:50:19.061099+0800 ERROR finish command N105 G1 F2400 X251.108 Y226.5 E76.04601*56
2025-06-13T16:50:19.067311+0800 ERROR readline echo: cold extrusion prevented

2025-06-13T16:50:19.102611+0800 ERROR readline X:220.8680 Y:196.2600 Z:0.2000 E:76.0460 Count X:77304 Y:68691 Z:400 STA: 5317375

2025-06-13T16:50:19.104124+0800 ERROR readline 

2025-06-13T16:50:19.373191+0800 ERROR empty readline 0
2025-06-13T16:50:19.636114+0800 ERROR empty readline 1
2025-06-13T16:50:19.897047+0800 ERROR empty readline 2
2025-06-13T16:50:19.978268+0800 ERROR readline ok

2025-06-13T16:50:19.990325+0800 ERROR SENT: N106 G0 F3600 X251.108 Y227.349*74
2025-06-13T16:50:19.990325+0800 ERROR write command N106 G0 F3600 X251.108 Y227.349*74
2025-06-13T16:50:19.991714+0800 ERROR second command N106 G0 F3600 X251.108 Y227.349*74
2025-06-13T16:50:19.991714+0800 ERROR finish command N106 G0 F3600 X251.108 Y227.349*74
2025-06-13T16:50:19.998404+0800 ERROR readline ok

2025-06-13T16:50:20.006013+0800 ERROR SENT: N107 G1 F2400 X220.019 Y196.26 E78.34918*14
2025-06-13T16:50:20.007030+0800 ERROR write command N107 G1 F2400 X220.019 Y196.26 E78.34918*14
2025-06-13T16:50:20.007030+0800 ERROR second command N107 G1 F2400 X220.019 Y196.26 E78.34918*14
2025-06-13T16:50:20.008041+0800 ERROR finish command N107 G1 F2400 X220.019 Y196.26 E78.34918*14
2025-06-13T16:50:20.011596+0800 ERROR readline echo: cold extrusion prevented

2025-06-13T16:50:20.100744+0800 ERROR readline X:251.1080 Y:227.3490 Z:0.2000 E:78.3492 Count X:87888 Y:79572 Z:400 STA: 5317375

2025-06-13T16:50:20.102742+0800 ERROR readline 

2025-06-13T16:50:20.363488+0800 ERROR empty readline 0
2025-06-13T16:50:20.627602+0800 ERROR empty readline 1
2025-06-13T16:50:20.893355+0800 ERROR empty readline 2
2025-06-13T16:50:20.956333+0800 ERROR readline ok

2025-06-13T16:50:20.970608+0800 ERROR SENT: N108 G0 F3600 X219.171 Y196.26*117
2025-06-13T16:50:20.971595+0800 ERROR write command N108 G0 F3600 X219.171 Y196.26*117
2025-06-13T16:50:20.972629+0800 ERROR second command N108 G0 F3600 X219.171 Y196.26*117
2025-06-13T16:50:20.972629+0800 ERROR finish command N108 G0 F3600 X219.171 Y196.26*117
2025-06-13T16:50:20.975162+0800 ERROR readline ok

2025-06-13T16:50:20.986182+0800 ERROR SENT: N109 G1 F2400 X251.108 Y228.198 E80.71521*53
2025-06-13T16:50:20.986182+0800 ERROR write command N109 G1 F2400 X251.108 Y228.198 E80.71521*53
2025-06-13T16:50:20.987202+0800 ERROR second command N109 G1 F2400 X251.108 Y228.198 E80.71521*53
2025-06-13T16:50:20.990250+0800 ERROR finish command N109 G1 F2400 X251.108 Y228.198 E80.71521*53
2025-06-13T16:50:20.992264+0800 ERROR readline echo: cold extrusion prevented

2025-06-13T16:50:21.099822+0800 ERROR readline X:219.1710 Y:196.2600 Z:0.2000 E:80.7152 Count X:76710 Y:68691 Z:400 STA: 5317375

2025-06-13T16:50:21.102839+0800 ERROR readline 

2025-06-13T16:50:21.355393+0800 ERROR empty readline 0
2025-06-13T16:50:21.621428+0800 ERROR empty readline 1
2025-06-13T16:50:21.886210+0800 ERROR empty readline 2
2025-06-13T16:50:21.963220+0800 ERROR readline ok

2025-06-13T16:50:21.980086+0800 ERROR SENT: N110 G0 F3600 X251.108 Y229.046*79
2025-06-13T16:50:21.981122+0800 ERROR write command N110 G0 F3600 X251.108 Y229.046*79
2025-06-13T16:50:21.982107+0800 ERROR second command N110 G0 F3600 X251.108 Y229.046*79
2025-06-13T16:50:21.983148+0800 ERROR finish command N110 G0 F3600 X251.108 Y229.046*79
2025-06-13T16:50:21.986648+0800 ERROR readline ok

2025-06-13T16:50:21.987165+0800 ERROR SENT: N111 G1 F2400 X218.322 Y196.26 E83.1441*58
2025-06-13T16:50:21.989257+0800 ERROR write command N111 G1 F2400 X218.322 Y196.26 E83.1441*58
2025-06-13T16:50:21.991309+0800 ERROR second command N111 G1 F2400 X218.322 Y196.26 E83.1441*58
2025-06-13T16:50:21.993319+0800 ERROR finish command N111 G1 F2400 X218.322 Y196.26 E83.1441*58
2025-06-13T16:50:21.998363+0800 ERROR readline echo: cold extrusion prevented

2025-06-13T16:50:22.100258+0800 ERROR readline X:251.1080 Y:229.0460 Z:0.2000 E:83.1441 Count X:87888 Y:80166 Z:400 STA: 5317375

2025-06-13T16:50:22.102263+0800 ERROR readline 

2025-06-13T16:50:22.366505+0800 ERROR empty readline 0
2025-06-13T16:50:22.631191+0800 ERROR empty readline 1
2025-06-13T16:50:22.896923+0800 ERROR empty readline 2
2025-06-13T16:50:23.001409+0800 ERROR readline ok

2025-06-13T16:50:23.007205+0800 ERROR SENT: N112 G0 F3600 X217.474 Y196.26*112
2025-06-13T16:50:23.007205+0800 ERROR write command N112 G0 F3600 X217.474 Y196.26*112
2025-06-13T16:50:23.008378+0800 ERROR second command N112 G0 F3600 X217.474 Y196.26*112
2025-06-13T16:50:23.008378+0800 ERROR finish command N112 G0 F3600 X217.474 Y196.26*112
2025-06-13T16:50:23.021062+0800 ERROR readline ok

2025-06-13T16:50:23.023073+0800 ERROR SENT: N113 G1 F2400 X251.108 Y229.895 E85.63585*51
2025-06-13T16:50:23.023073+0800 ERROR write command N113 G1 F2400 X251.108 Y229.895 E85.63585*51
2025-06-13T16:50:23.024486+0800 ERROR second command N113 G1 F2400 X251.108 Y229.895 E85.63585*51
2025-06-13T16:50:23.027066+0800 ERROR finish command N113 G1 F2400 X251.108 Y229.895 E85.63585*51
2025-06-13T16:50:23.031805+0800 ERROR readline echo: cold extrusion prevented

2025-06-13T16:50:23.097690+0800 ERROR readline X:217.4740 Y:196.2600 Z:0.2000 E:85.6358 Count X:76116 Y:68691 Z:400 STA: 5317375

2025-06-13T16:50:23.100235+0800 ERROR readline 

2025-06-13T16:50:23.365442+0800 ERROR empty readline 0
2025-06-13T16:50:23.633608+0800 ERROR empty readline 1
2025-06-13T16:50:23.896116+0800 ERROR empty readline 2
2025-06-13T16:50:24.069445+0800 ERROR readline ok

2025-06-13T16:50:24.082040+0800 ERROR SENT: N114 G0 F3600 X251.108 Y230.743*65
2025-06-13T16:50:24.083416+0800 ERROR write command N114 G0 F3600 X251.108 Y230.743*65
2025-06-13T16:50:24.084434+0800 ERROR second command N114 G0 F3600 X251.108 Y230.743*65
2025-06-13T16:50:24.084434+0800 ERROR finish command N114 G0 F3600 X251.108 Y230.743*65
2025-06-13T16:50:24.089078+0800 ERROR readline ok

2025-06-13T16:50:24.097953+0800 ERROR SENT: N115 G1 F2400 X216.625 Y196.26 E88.19046*3
2025-06-13T16:50:24.099341+0800 ERROR write command N115 G1 F2400 X216.625 Y196.26 E88.19046*3
2025-06-13T16:50:24.099341+0800 ERROR second command N115 G1 F2400 X216.625 Y196.26 E88.19046*3
2025-06-13T16:50:24.101585+0800 ERROR finish command N115 G1 F2400 X216.625 Y196.26 E88.19046*3
2025-06-13T16:50:24.106570+0800 ERROR readline X:251.1080 Y:230.7430 Z:0.2000 E:85.6358 Count X:87888 Y:80760 Z:400 STA: 5317375

2025-06-13T16:50:24.106570+0800 ERROR readline 

2025-06-13T16:50:24.112106+0800 ERROR readline echo: cold extrusion prevented

2025-06-13T16:50:24.345486+0800 INFO M105

2025-06-13T16:50:24.376791+0800 ERROR empty readline 0
2025-06-13T16:50:24.644405+0800 ERROR empty readline 1
2025-06-13T16:50:24.909593+0800 ERROR empty readline 2
2025-06-13T16:50:25.099465+0800 ERROR readline X:251.1080 Y:230.7430 Z:0.2000 E:88.1905 Count X:87888 Y:80760 Z:400 STA: 5317375

2025-06-13T16:50:25.101480+0800 ERROR readline 

2025-06-13T16:50:25.166354+0800 ERROR readline ok

2025-06-13T16:50:25.174396+0800 ERROR SENT: M105

2025-06-13T16:50:25.175910+0800 ERROR write command M105

2025-06-13T16:50:25.176924+0800 ERROR second command M105

2025-06-13T16:50:25.176924+0800 ERROR finish command M105

2025-06-13T16:50:25.180451+0800 ERROR readline ok

2025-06-13T16:50:25.184963+0800 ERROR readline  T:180.6818 /10 B:56.4375 /10 @:0 B@:0 VER: 1.3.2

2025-06-13T16:50:25.190495+0800 ERROR SENT: N116 G0 F3600 X215.776 Y196.26*119
2025-06-13T16:50:25.191506+0800 ERROR write command N116 G0 F3600 X215.776 Y196.26*119
2025-06-13T16:50:25.192515+0800 ERROR second command N116 G0 F3600 X215.776 Y196.26*119
2025-06-13T16:50:25.193514+0800 ERROR readline ok

2025-06-13T16:50:25.194517+0800 ERROR finish command N116 G0 F3600 X215.776 Y196.26*119
2025-06-13T16:50:25.197546+0800 ERROR SENT: N117 G1 F2400 X251.108 Y231.592 E90.80797*60
2025-06-13T16:50:25.198546+0800 ERROR write command N117 G1 F2400 X251.108 Y231.592 E90.80797*60
2025-06-13T16:50:25.198546+0800 ERROR second command N117 G1 F2400 X251.108 Y231.592 E90.80797*60
2025-06-13T16:50:25.200055+0800 ERROR finish command N117 G1 F2400 X251.108 Y231.592 E90.80797*60
2025-06-13T16:50:25.204571+0800 ERROR readline echo: cold extrusion prevented

2025-06-13T16:50:25.469236+0800 ERROR empty readline 0
2025-06-13T16:50:25.731621+0800 ERROR empty readline 1
2025-06-13T16:50:25.997279+0800 ERROR empty readline 2
2025-06-13T16:50:26.101077+0800 ERROR readline X:215.7760 Y:196.2600 Z:0.2000 E:90.8080 Count X:75522 Y:68691 Z:400 STA: 5317375

2025-06-13T16:50:26.103084+0800 ERROR readline 

2025-06-13T16:50:26.294619+0800 ERROR readline ok

2025-06-13T16:50:26.297558+0800 ERROR SENT: N118 G0 F3600 X251.108 Y232.44*127
2025-06-13T16:50:26.297558+0800 ERROR write command N118 G0 F3600 X251.108 Y232.44*127
2025-06-13T16:50:26.297558+0800 ERROR second command N118 G0 F3600 X251.108 Y232.44*127
2025-06-13T16:50:26.299081+0800 ERROR finish command N118 G0 F3600 X251.108 Y232.44*127
2025-06-13T16:50:26.315402+0800 ERROR readline ok

2025-06-13T16:50:26.327848+0800 ERROR SENT: N119 G1 F2400 X214.928 Y196.26 E93.4883*56
2025-06-13T16:50:26.329366+0800 ERROR write command N119 G1 F2400 X214.928 Y196.26 E93.4883*56
2025-06-13T16:50:26.329366+0800 ERROR second command N119 G1 F2400 X214.928 Y196.26 E93.4883*56
2025-06-13T16:50:26.331397+0800 ERROR finish command N119 G1 F2400 X214.928 Y196.26 E93.4883*56
2025-06-13T16:50:26.334383+0800 ERROR readline echo: cold extrusion prevented

2025-06-13T16:50:26.594295+0800 ERROR empty readline 0
2025-06-13T16:50:26.859669+0800 ERROR empty readline 1
2025-06-13T16:50:27.100123+0800 ERROR readline X:251.1080 Y:232.4400 Z:0.2000 E:93.4883 Count X:87888 Y:81354 Z:400 STA: 5317375

2025-06-13T16:50:27.101132+0800 ERROR readline 

2025-06-13T16:50:27.355312+0800 ERROR empty readline 0
2025-06-13T16:50:27.452618+0800 ERROR readline ok

2025-06-13T16:50:27.464361+0800 ERROR SENT: N120 G0 F3600 X214.079 Y196.26*123
2025-06-13T16:50:27.465383+0800 ERROR write command N120 G0 F3600 X214.079 Y196.26*123
2025-06-13T16:50:27.465383+0800 ERROR second command N120 G0 F3600 X214.079 Y196.26*123
2025-06-13T16:50:27.465383+0800 ERROR finish command N120 G0 F3600 X214.079 Y196.26*123
2025-06-13T16:50:27.473204+0800 ERROR readline ok

2025-06-13T16:50:27.480285+0800 ERROR SENT: N121 G1 F2400 X251.108 Y233.289 E96.23152*54
2025-06-13T16:50:27.481282+0800 ERROR write command N121 G1 F2400 X251.108 Y233.289 E96.23152*54
2025-06-13T16:50:27.482295+0800 ERROR second command N121 G1 F2400 X251.108 Y233.289 E96.23152*54
2025-06-13T16:50:27.485239+0800 ERROR finish command N121 G1 F2400 X251.108 Y233.289 E96.23152*54
2025-06-13T16:50:27.490947+0800 ERROR readline echo: cold extrusion prevented

2025-06-13T16:50:27.756587+0800 ERROR empty readline 0
2025-06-13T16:50:28.025304+0800 ERROR empty readline 1
2025-06-13T16:50:28.099248+0800 ERROR readline X:214.0790 Y:196.2600 Z:0.2000 E:96.2315 Count X:74928 Y:68691 Z:400 STA: 5317375

2025-06-13T16:50:28.100759+0800 ERROR readline 

2025-06-13T16:50:28.357236+0800 ERROR empty readline 0
2025-06-13T16:50:28.609273+0800 ERROR empty readline 1
2025-06-13T16:50:28.642072+0800 ERROR readline ok

2025-06-13T16:50:28.657130+0800 ERROR SENT: N122 G0 F3600 X251.108 Y234.137*69
2025-06-13T16:50:28.658216+0800 ERROR write command N122 G0 F3600 X251.108 Y234.137*69
2025-06-13T16:50:28.659228+0800 ERROR second command N122 G0 F3600 X251.108 Y234.137*69
2025-06-13T16:50:28.660259+0800 ERROR finish command N122 G0 F3600 X251.108 Y234.137*69
2025-06-13T16:50:28.662258+0800 ERROR readline ok

2025-06-13T16:50:28.673216+0800 ERROR SENT: N123 G1 F2400 X213.231 Y196.26 E99.03757*14
2025-06-13T16:50:28.673216+0800 ERROR write command N123 G1 F2400 X213.231 Y196.26 E99.03757*14
2025-06-13T16:50:28.674213+0800 ERROR second command N123 G1 F2400 X213.231 Y196.26 E99.03757*14
2025-06-13T16:50:28.675229+0800 ERROR finish command N123 G1 F2400 X213.231 Y196.26 E99.03757*14
2025-06-13T16:50:28.682165+0800 ERROR readline echo: cold extrusion prevented

2025-06-13T16:50:28.937166+0800 ERROR empty readline 0
2025-06-13T16:50:29.097989+0800 ERROR readline X:251.1080 Y:234.1370 Z:0.2000 E:99.0376 Count X:87888 Y:81948 Z:400 STA: 5317375

2025-06-13T16:50:29.101553+0800 ERROR readline 

2025-06-13T16:50:29.354904+0800 ERROR empty readline 0
2025-06-13T16:50:29.620003+0800 ERROR empty readline 1
2025-06-13T16:50:29.860684+0800 ERROR readline ok

2025-06-13T16:50:29.870433+0800 ERROR SENT: N124 G0 F3600 X212.382 Y196.26*126
2025-06-13T16:50:29.870943+0800 ERROR write command N124 G0 F3600 X212.382 Y196.26*126
2025-06-13T16:50:29.872254+0800 ERROR second command N124 G0 F3600 X212.382 Y196.26*126
2025-06-13T16:50:29.873275+0800 ERROR finish command N124 G0 F3600 X212.382 Y196.26*126
2025-06-13T16:50:29.880349+0800 ERROR readline ok

2025-06-13T16:50:29.885482+0800 ERROR SENT: N125 G1 F2400 X251.108 Y234.986 E101.90652*1
2025-06-13T16:50:29.886481+0800 ERROR write command N125 G1 F2400 X251.108 Y234.986 E101.90652*1
2025-06-13T16:50:29.886481+0800 ERROR second command N125 G1 F2400 X251.108 Y234.986 E101.90652*1
2025-06-13T16:50:29.887712+0800 ERROR finish command N125 G1 F2400 X251.108 Y234.986 E101.90652*1
2025-06-13T16:50:29.892240+0800 ERROR readline echo: cold extrusion prevented

2025-06-13T16:50:30.099418+0800 ERROR readline X:212.3820 Y:196.2600 Z:0.2000 E:101.9065 Count X:74334 Y:68691 Z:400 STA: 5317375

2025-06-13T16:50:30.101427+0800 ERROR readline 

2025-06-13T16:50:30.356219+0800 ERROR empty readline 0
2025-06-13T16:50:30.619451+0800 ERROR empty readline 1
2025-06-13T16:50:30.882082+0800 ERROR empty readline 2
2025-06-13T16:50:31.099433+0800 ERROR readline X:212.3820 Y:196.2600 Z:0.2000 E:101.9065 Count X:74334 Y:68691 Z:400 STA: 5317375

2025-06-13T16:50:31.102451+0800 ERROR readline 

2025-06-13T16:50:31.108474+0800 ERROR readline ok

2025-06-13T16:50:31.116530+0800 ERROR SENT: N126 G0 F3600 X251.108 Y235.834*74
2025-06-13T16:50:31.117042+0800 ERROR write command N126 G0 F3600 X251.108 Y235.834*74
2025-06-13T16:50:31.118055+0800 ERROR second command N126 G0 F3600 X251.108 Y235.834*74
2025-06-13T16:50:31.118055+0800 ERROR finish command N126 G0 F3600 X251.108 Y235.834*74
2025-06-13T16:50:31.128174+0800 ERROR readline ok

2025-06-13T16:50:31.131747+0800 ERROR SENT: N127 G1 F2400 X211.534 Y196.26 E104.83829*49
2025-06-13T16:50:31.132737+0800 ERROR write command N127 G1 F2400 X211.534 Y196.26 E104.83829*49
2025-06-13T16:50:31.136273+0800 ERROR second command N127 G1 F2400 X211.534 Y196.26 E104.83829*49
2025-06-13T16:50:31.137378+0800 ERROR finish command N127 G1 F2400 X211.534 Y196.26 E104.83829*49
2025-06-13T16:50:31.140906+0800 ERROR readline echo: cold extrusion prevented

2025-06-13T16:50:31.396161+0800 ERROR empty readline 0
2025-06-13T16:50:31.649212+0800 ERROR empty readline 1
2025-06-13T16:50:31.910527+0800 ERROR empty readline 2
2025-06-13T16:50:32.099685+0800 ERROR readline X:251.1080 Y:235.8340 Z:0.2000 E:104.8383 Count X:87888 Y:82542 Z:400 STA: 5317375

2025-06-13T16:50:32.102704+0800 ERROR readline 

2025-06-13T16:50:32.360500+0800 ERROR empty readline 0
2025-06-13T16:50:32.387187+0800 ERROR readline ok

2025-06-13T16:50:32.391717+0800 ERROR SENT: N128 G0 F3600 X210.685 Y196.26*114
2025-06-13T16:50:32.392736+0800 ERROR write command N128 G0 F3600 X210.685 Y196.26*114
2025-06-13T16:50:32.394248+0800 ERROR second command N128 G0 F3600 X210.685 Y196.26*114
2025-06-13T16:50:32.394248+0800 ERROR finish command N128 G0 F3600 X210.685 Y196.26*114
2025-06-13T16:50:32.406713+0800 ERROR readline ok

2025-06-13T16:50:32.421980+0800 ERROR SENT: N129 G1 F2400 X251.108 Y236.683 E107.83295*14
2025-06-13T16:50:32.423147+0800 ERROR write command N129 G1 F2400 X251.108 Y236.683 E107.83295*14
2025-06-13T16:50:32.424169+0800 ERROR second command N129 G1 F2400 X251.108 Y236.683 E107.83295*14
2025-06-13T16:50:32.425191+0800 ERROR finish command N129 G1 F2400 X251.108 Y236.683 E107.83295*14
2025-06-13T16:50:32.431774+0800 ERROR readline echo: cold extrusion prevented

2025-06-13T16:50:32.689463+0800 ERROR empty readline 0
2025-06-13T16:50:32.954821+0800 ERROR empty readline 1
2025-06-13T16:50:33.100593+0800 ERROR readline X:210.6850 Y:196.2600 Z:0.2000 E:107.8329 Count X:73740 Y:68691 Z:400 STA: 5317375

2025-06-13T16:50:33.101592+0800 ERROR readline 

2025-06-13T16:50:33.357466+0800 ERROR empty readline 0
2025-06-13T16:50:33.621719+0800 ERROR empty readline 1
2025-06-13T16:50:33.695067+0800 ERROR readline ok

2025-06-13T16:50:33.699636+0800 ERROR SENT: N130 G0 F3600 X251.108 Y237.531*71
2025-06-13T16:50:33.700754+0800 ERROR write command N130 G0 F3600 X251.108 Y237.531*71
2025-06-13T16:50:33.701898+0800 ERROR second command N130 G0 F3600 X251.108 Y237.531*71
2025-06-13T16:50:33.702410+0800 ERROR finish command N130 G0 F3600 X251.108 Y237.531*71
2025-06-13T16:50:33.716054+0800 ERROR readline ok

2025-06-13T16:50:33.732664+0800 ERROR SENT: N131 G1 F2400 X209.837 Y196.26 E110.89044*61
2025-06-13T16:50:33.733508+0800 ERROR write command N131 G1 F2400 X209.837 Y196.26 E110.89044*61
2025-06-13T16:50:33.734521+0800 ERROR second command N131 G1 F2400 X209.837 Y196.26 E110.89044*61
2025-06-13T16:50:33.736045+0800 ERROR finish command N131 G1 F2400 X209.837 Y196.26 E110.89044*61
2025-06-13T16:50:33.742277+0800 ERROR readline echo: cold extrusion prevented

2025-06-13T16:50:33.747126+0800 INFO M105

2025-06-13T16:50:33.998209+0800 ERROR empty readline 0
2025-06-13T16:50:34.099220+0800 ERROR readline X:251.1080 Y:237.5310 Z:0.2000 E:110.8904 Count X:87888 Y:83136 Z:400 STA: 5317375

2025-06-13T16:50:34.103249+0800 ERROR readline 

2025-06-13T16:50:34.368132+0800 ERROR empty readline 0
2025-06-13T16:50:34.630453+0800 ERROR empty readline 1
2025-06-13T16:50:34.897716+0800 ERROR empty readline 2
2025-06-13T16:50:35.034752+0800 ERROR readline ok

2025-06-13T16:50:35.037273+0800 ERROR SENT: M105

2025-06-13T16:50:35.037273+0800 ERROR write command M105

2025-06-13T16:50:35.039278+0800 ERROR second command M105

2025-06-13T16:50:35.039797+0800 ERROR finish command M105

2025-06-13T16:50:35.041864+0800 ERROR readline ok

2025-06-13T16:50:35.046895+0800 ERROR readline  T:175.7102 /10 B:56.3125 /10 @:0 B@:0 VER: 1.3.2

2025-06-13T16:50:35.051433+0800 ERROR SENT: N132 G0 F3600 X208.988 Y196.26*114
2025-06-13T16:50:35.052446+0800 ERROR write command N132 G0 F3600 X208.988 Y196.26*114
2025-06-13T16:50:35.052446+0800 ERROR second command N132 G0 F3600 X208.988 Y196.26*114
2025-06-13T16:50:35.053892+0800 ERROR finish command N132 G0 F3600 X208.988 Y196.26*114
2025-06-13T16:50:35.054401+0800 ERROR readline ok

2025-06-13T16:50:35.067168+0800 ERROR SENT: N133 G1 F2400 X251.108 Y238.38 E114.01082*49
2025-06-13T16:50:35.068185+0800 ERROR write command N133 G1 F2400 X251.108 Y238.38 E114.01082*49
2025-06-13T16:50:35.068185+0800 ERROR second command N133 G1 F2400 X251.108 Y238.38 E114.01082*49
2025-06-13T16:50:35.069698+0800 ERROR finish command N133 G1 F2400 X251.108 Y238.38 E114.01082*49
2025-06-13T16:50:35.074894+0800 ERROR readline echo: cold extrusion prevented

2025-06-13T16:50:35.099070+0800 ERROR readline X:208.9880 Y:196.2600 Z:0.2000 E:114.0108 Count X:73146 Y:68691 Z:400 STA: 5317375

2025-06-13T16:50:35.101082+0800 ERROR readline 

2025-06-13T16:50:35.358763+0800 ERROR empty readline 0
2025-06-13T16:50:35.624227+0800 ERROR empty readline 1
2025-06-13T16:50:35.887591+0800 ERROR empty readline 2
2025-06-13T16:50:36.099265+0800 ERROR readline X:208.9880 Y:196.2600 Z:0.2000 E:114.0108 Count X:73146 Y:68691 Z:400 STA: 5317375

2025-06-13T16:50:36.101280+0800 ERROR readline 

2025-06-13T16:50:36.357002+0800 ERROR empty readline 0
2025-06-13T16:50:36.404230+0800 ERROR readline ok

2025-06-13T16:50:36.419540+0800 ERROR SENT: N134 G0 F3600 X251.108 Y239.228*66
2025-06-13T16:50:36.420066+0800 ERROR write command N134 G0 F3600 X251.108 Y239.228*66
2025-06-13T16:50:36.421068+0800 ERROR second command N134 G0 F3600 X251.108 Y239.228*66
2025-06-13T16:50:36.422078+0800 ERROR finish command N134 G0 F3600 X251.108 Y239.228*66
2025-06-13T16:50:36.424584+0800 ERROR readline ok

2025-06-13T16:50:36.433583+0800 ERROR SENT: N135 G1 F2400 X208.14 Y196.26 E117.19402*9
2025-06-13T16:50:36.434580+0800 ERROR write command N135 G1 F2400 X208.14 Y196.26 E117.19402*9
2025-06-13T16:50:36.436186+0800 ERROR second command N135 G1 F2400 X208.14 Y196.26 E117.19402*9
2025-06-13T16:50:36.436186+0800 ERROR finish command N135 G1 F2400 X208.14 Y196.26 E117.19402*9
2025-06-13T16:50:36.440486+0800 ERROR readline echo: cold extrusion prevented

2025-06-13T16:50:36.702276+0800 ERROR empty readline 0
2025-06-13T16:50:36.966950+0800 ERROR empty readline 1
2025-06-13T16:50:37.097496+0800 ERROR readline X:251.1080 Y:239.2280 Z:0.2000 E:117.1940 Count X:87888 Y:83730 Z:400 STA: 5317375

2025-06-13T16:50:37.099068+0800 ERROR readline 

2025-06-13T16:50:37.354240+0800 ERROR empty readline 0
2025-06-13T16:50:37.606976+0800 ERROR empty readline 1
2025-06-13T16:50:37.803305+0800 ERROR readline ok

2025-06-13T16:50:37.808458+0800 ERROR SENT: N136 G0 F3600 X207.291 Y196.26*122
2025-06-13T16:50:37.809479+0800 ERROR write command N136 G0 F3600 X207.291 Y196.26*122
2025-06-13T16:50:37.811026+0800 ERROR second command N136 G0 F3600 X207.291 Y196.26*122
2025-06-13T16:50:37.812033+0800 ERROR finish command N136 G0 F3600 X207.291 Y196.26*122
2025-06-13T16:50:37.824410+0800 ERROR readline ok

2025-06-13T16:50:37.839696+0800 ERROR SENT: N137 G1 F2400 X251.108 Y240.077 E120.44013*15
2025-06-13T16:50:37.840210+0800 ERROR write command N137 G1 F2400 X251.108 Y240.077 E120.44013*15
2025-06-13T16:50:37.841231+0800 ERROR second command N137 G1 F2400 X251.108 Y240.077 E120.44013*15
2025-06-13T16:50:37.842247+0800 ERROR finish command N137 G1 F2400 X251.108 Y240.077 E120.44013*15
2025-06-13T16:50:37.847931+0800 ERROR readline echo: cold extrusion prevented

2025-06-13T16:50:38.098150+0800 ERROR readline X:207.2910 Y:196.2600 Z:0.2000 E:120.4401 Count X:72552 Y:68691 Z:400 STA: 5317375

2025-06-13T16:50:38.100668+0800 ERROR readline 

2025-06-13T16:50:38.366317+0800 ERROR empty readline 0
2025-06-13T16:50:38.620394+0800 ERROR empty readline 1
2025-06-13T16:50:38.885806+0800 ERROR empty readline 2
2025-06-13T16:50:39.099198+0800 ERROR readline X:207.2910 Y:196.2600 Z:0.2000 E:120.4401 Count X:72552 Y:68691 Z:400 STA: 5317375

2025-06-13T16:50:39.101220+0800 ERROR readline 

2025-06-13T16:50:39.233176+0800 ERROR readline ok

2025-06-13T16:50:39.246842+0800 ERROR SENT: N138 G0 F3600 X251.108 Y240.925*70
2025-06-13T16:50:39.247868+0800 ERROR write command N138 G0 F3600 X251.108 Y240.925*70
2025-06-13T16:50:39.247868+0800 ERROR second command N138 G0 F3600 X251.108 Y240.925*70
2025-06-13T16:50:39.250408+0800 ERROR finish command N138 G0 F3600 X251.108 Y240.925*70
2025-06-13T16:50:39.253556+0800 ERROR readline ok

2025-06-13T16:50:39.261663+0800 ERROR SENT: N139 G1 F2400 X206.443 Y196.26 E123.74905*59
2025-06-13T16:50:39.262669+0800 ERROR write command N139 G1 F2400 X206.443 Y196.26 E123.74905*59
2025-06-13T16:50:39.263652+0800 ERROR second command N139 G1 F2400 X206.443 Y196.26 E123.74905*59
2025-06-13T16:50:39.264652+0800 ERROR finish command N139 G1 F2400 X206.443 Y196.26 E123.74905*59
2025-06-13T16:50:39.269902+0800 ERROR readline echo: cold extrusion prevented

2025-06-13T16:50:39.528058+0800 ERROR empty readline 0
2025-06-13T16:50:39.793104+0800 ERROR empty readline 1
2025-06-13T16:50:40.060378+0800 ERROR empty readline 2
2025-06-13T16:50:40.098168+0800 ERROR readline X:251.1080 Y:240.9250 Z:0.2000 E:123.7490 Count X:87888 Y:84324 Z:400 STA: 5317375

2025-06-13T16:50:40.099168+0800 ERROR readline 

2025-06-13T16:50:40.355990+0800 ERROR empty readline 0
2025-06-13T16:50:40.622622+0800 ERROR empty readline 1
2025-06-13T16:50:40.693240+0800 ERROR readline ok

2025-06-13T16:50:40.702275+0800 ERROR SENT: N140 G0 F3600 X205.594 Y196.26*123
2025-06-13T16:50:40.703277+0800 ERROR write command N140 G0 F3600 X205.594 Y196.26*123
2025-06-13T16:50:40.704590+0800 ERROR second command N140 G0 F3600 X205.594 Y196.26*123
2025-06-13T16:50:40.705612+0800 ERROR finish command N140 G0 F3600 X205.594 Y196.26*123
2025-06-13T16:50:40.712969+0800 ERROR readline ok

2025-06-13T16:50:40.718071+0800 ERROR SENT: N141 G1 F2400 X251.108 Y241.774 E127.12087*2
2025-06-13T16:50:40.718071+0800 ERROR write command N141 G1 F2400 X251.108 Y241.774 E127.12087*2
2025-06-13T16:50:40.720618+0800 ERROR second command N141 G1 F2400 X251.108 Y241.774 E127.12087*2
2025-06-13T16:50:40.721159+0800 ERROR finish command N141 G1 F2400 X251.108 Y241.774 E127.12087*2
2025-06-13T16:50:40.728358+0800 ERROR readline echo: cold extrusion prevented

2025-06-13T16:50:40.982778+0800 ERROR empty readline 0
2025-06-13T16:50:41.097860+0800 ERROR readline X:205.5940 Y:196.2600 Z:0.2000 E:127.1209 Count X:71958 Y:68691 Z:400 STA: 5317375

2025-06-13T16:50:41.100377+0800 ERROR readline 

2025-06-13T16:50:41.356229+0800 ERROR empty readline 0
2025-06-13T16:50:41.619643+0800 ERROR empty readline 1
2025-06-13T16:50:41.872131+0800 ERROR empty readline 2
2025-06-13T16:50:42.096555+0800 ERROR readline X:205.5940 Y:196.2600 Z:0.2000 E:127.1209 Count X:71958 Y:68691 Z:400 STA: 5317375

2025-06-13T16:50:42.099580+0800 ERROR readline 

2025-06-13T16:50:42.182192+0800 ERROR readline ok

2025-06-13T16:50:42.184735+0800 ERROR SENT: N142 G0 F3600 X251.108 Y242.622*65
2025-06-13T16:50:42.186268+0800 ERROR write command N142 G0 F3600 X251.108 Y242.622*65
2025-06-13T16:50:42.188283+0800 ERROR second command N142 G0 F3600 X251.108 Y242.622*65
2025-06-13T16:50:42.188283+0800 ERROR finish command N142 G0 F3600 X251.108 Y242.622*65
2025-06-13T16:50:42.202223+0800 ERROR readline ok

2025-06-13T16:50:42.215164+0800 ERROR SENT: N143 G1 F2400 X204.746 Y196.26 E130.55552*61
2025-06-13T16:50:42.216174+0800 ERROR write command N143 G1 F2400 X204.746 Y196.26 E130.55552*61
2025-06-13T16:50:42.216684+0800 ERROR second command N143 G1 F2400 X204.746 Y196.26 E130.55552*61
2025-06-13T16:50:42.217694+0800 ERROR finish command N143 G1 F2400 X204.746 Y196.26 E130.55552*61
2025-06-13T16:50:42.221213+0800 ERROR readline echo: cold extrusion prevented

2025-06-13T16:50:42.478003+0800 ERROR empty readline 0
2025-06-13T16:50:42.740549+0800 ERROR empty readline 1
2025-06-13T16:50:42.991877+0800 ERROR empty readline 2
2025-06-13T16:50:43.097841+0800 ERROR readline X:251.1080 Y:242.6220 Z:0.2000 E:130.5555 Count X:87888 Y:84918 Z:400 STA: 5317375

2025-06-13T16:50:43.099350+0800 ERROR readline 

2025-06-13T16:50:43.131466+0800 INFO M105

2025-06-13T16:50:43.363081+0800 ERROR empty readline 0
2025-06-13T16:50:43.616411+0800 ERROR empty readline 1
2025-06-13T16:50:43.702435+0800 ERROR readline ok

2025-06-13T16:50:43.709527+0800 ERROR SENT: M105

2025-06-13T16:50:43.710569+0800 ERROR write command M105

2025-06-13T16:50:43.711588+0800 ERROR second command M105

2025-06-13T16:50:43.712599+0800 ERROR finish command M105

2025-06-13T16:50:43.713601+0800 ERROR readline ok

2025-06-13T16:50:43.717667+0800 ERROR readline  T:170.8807 /10 B:56.2875 /10 @:0 B@:0 VER: 1.3.2

2025-06-13T16:50:43.724705+0800 ERROR SENT: N144 G0 F3600 X203.897 Y196.26*119
2025-06-13T16:50:43.725722+0800 ERROR write command N144 G0 F3600 X203.897 Y196.26*119
2025-06-13T16:50:43.726721+0800 ERROR second command N144 G0 F3600 X203.897 Y196.26*119
2025-06-13T16:50:43.726721+0800 ERROR finish command N144 G0 F3600 X203.897 Y196.26*119
2025-06-13T16:50:43.727910+0800 ERROR readline ok

2025-06-13T16:50:43.739037+0800 ERROR SENT: N145 G1 F2400 X251.108 Y243.471 E134.05306*12
2025-06-13T16:50:43.740049+0800 ERROR write command N145 G1 F2400 X251.108 Y243.471 E134.05306*12
2025-06-13T16:50:43.740049+0800 ERROR second command N145 G1 F2400 X251.108 Y243.471 E134.05306*12
2025-06-13T16:50:43.741058+0800 ERROR finish command N145 G1 F2400 X251.108 Y243.471 E134.05306*12
2025-06-13T16:50:43.746892+0800 ERROR readline echo: cold extrusion prevented

2025-06-13T16:50:44.002705+0800 ERROR empty readline 0
2025-06-13T16:50:44.097862+0800 ERROR readline X:203.8970 Y:196.2600 Z:0.2000 E:134.0531 Count X:71364 Y:68691 Z:400 STA: 5317375

2025-06-13T16:50:44.099280+0800 ERROR readline 

2025-06-13T16:50:44.366784+0800 ERROR empty readline 0
2025-06-13T16:50:44.632001+0800 ERROR empty readline 1
2025-06-13T16:50:44.895163+0800 ERROR empty readline 2
2025-06-13T16:50:45.095290+0800 ERROR readline X:203.8970 Y:196.2600 Z:0.2000 E:134.0531 Count X:71364 Y:68691 Z:400 STA: 5317375

2025-06-13T16:50:45.096892+0800 ERROR readline 

2025-06-13T16:50:45.252353+0800 ERROR readline ok

2025-06-13T16:50:45.254356+0800 ERROR SENT: N146 G0 F3600 X251.108 Y244.32*116
2025-06-13T16:50:45.255364+0800 ERROR write command N146 G0 F3600 X251.108 Y244.32*116
2025-06-13T16:50:45.256366+0800 ERROR second command N146 G0 F3600 X251.108 Y244.32*116
2025-06-13T16:50:45.256876+0800 ERROR finish command N146 G0 F3600 X251.108 Y244.32*116
2025-06-13T16:50:45.273005+0800 ERROR readline ok

2025-06-13T16:50:45.284631+0800 ERROR SENT: N147 G1 F2400 X203.049 Y196.26 E137.61346*53
2025-06-13T16:50:45.284631+0800 ERROR write command N147 G1 F2400 X203.049 Y196.26 E137.61346*53
2025-06-13T16:50:45.286143+0800 ERROR second command N147 G1 F2400 X203.049 Y196.26 E137.61346*53
2025-06-13T16:50:45.287160+0800 ERROR finish command N147 G1 F2400 X203.049 Y196.26 E137.61346*53
2025-06-13T16:50:45.294204+0800 ERROR readline echo: cold extrusion prevented

2025-06-13T16:50:45.547272+0800 ERROR empty readline 0
2025-06-13T16:50:45.814213+0800 ERROR empty readline 1
2025-06-13T16:50:46.077664+0800 ERROR empty readline 2
2025-06-13T16:50:46.099181+0800 ERROR readline X:251.1080 Y:244.3200 Z:0.2000 E:137.6135 Count X:87888 Y:85512 Z:400 STA: 5317375

2025-06-13T16:50:46.100199+0800 ERROR readline 

2025-06-13T16:50:46.359993+0800 ERROR empty readline 0
2025-06-13T16:50:46.625418+0800 ERROR empty readline 1
2025-06-13T16:50:46.832989+0800 ERROR readline ok

2025-06-13T16:50:46.847577+0800 ERROR SENT: N148 G0 F3600 X202.2 Y196.26*126
2025-06-13T16:50:46.848580+0800 ERROR write command N148 G0 F3600 X202.2 Y196.26*126
2025-06-13T16:50:46.850097+0800 ERROR second command N148 G0 F3600 X202.2 Y196.26*126
2025-06-13T16:50:46.851111+0800 ERROR finish command N148 G0 F3600 X202.2 Y196.26*126
2025-06-13T16:50:46.853212+0800 ERROR readline ok

2025-06-13T16:50:46.862293+0800 ERROR SENT: N149 G1 F2400 X251.108 Y245.168 E141.23672*11
2025-06-13T16:50:46.862293+0800 ERROR write command N149 G1 F2400 X251.108 Y245.168 E141.23672*11
2025-06-13T16:50:46.864233+0800 ERROR second command N149 G1 F2400 X251.108 Y245.168 E141.23672*11
2025-06-13T16:50:46.865253+0800 ERROR finish command N149 G1 F2400 X251.108 Y245.168 E141.23672*11
2025-06-13T16:50:46.870291+0800 ERROR readline echo: cold extrusion prevented

2025-06-13T16:50:47.097046+0800 ERROR readline X:202.2000 Y:196.2600 Z:0.2000 E:141.2367 Count X:70770 Y:68691 Z:400 STA: 5317375

2025-06-13T16:50:47.098055+0800 ERROR readline 

2025-06-13T16:50:47.364610+0800 ERROR empty readline 0
2025-06-13T16:50:47.628031+0800 ERROR empty readline 1
2025-06-13T16:50:47.891130+0800 ERROR empty readline 2
2025-06-13T16:50:48.096438+0800 ERROR readline X:202.2000 Y:196.2600 Z:0.2000 E:141.2367 Count X:70770 Y:68691 Z:400 STA: 5317375

2025-06-13T16:50:48.098448+0800 ERROR readline 

2025-06-13T16:50:48.355861+0800 ERROR empty readline 0
2025-06-13T16:50:48.442219+0800 ERROR readline ok

2025-06-13T16:50:48.448272+0800 ERROR SENT: N150 G0 F3600 X251.108 Y246.017*70
2025-06-13T16:50:48.449792+0800 ERROR write command N150 G0 F3600 X251.108 Y246.017*70
2025-06-13T16:50:48.451236+0800 ERROR second command N150 G0 F3600 X251.108 Y246.017*70
2025-06-13T16:50:48.451236+0800 ERROR finish command N150 G0 F3600 X251.108 Y246.017*70
2025-06-13T16:50:48.463085+0800 ERROR readline ok

2025-06-13T16:50:48.464596+0800 ERROR SENT: N151 G1 F2400 X201.351 Y196.26 E144.92287*62
2025-06-13T16:50:48.465611+0800 ERROR write command N151 G1 F2400 X201.351 Y196.26 E144.92287*62
2025-06-13T16:50:48.467119+0800 ERROR second command N151 G1 F2400 X201.351 Y196.26 E144.92287*62
2025-06-13T16:50:48.468141+0800 ERROR finish command N151 G1 F2400 X201.351 Y196.26 E144.92287*62
2025-06-13T16:50:48.472666+0800 ERROR readline echo: cold extrusion prevented

2025-06-13T16:50:48.730399+0800 ERROR empty readline 0
2025-06-13T16:50:48.982592+0800 ERROR empty readline 1
2025-06-13T16:50:49.097100+0800 ERROR readline X:251.1080 Y:246.0170 Z:0.2000 E:144.9229 Count X:87888 Y:86106 Z:400 STA: 5317375

2025-06-13T16:50:49.099112+0800 ERROR readline 

2025-06-13T16:50:49.360629+0800 ERROR empty readline 0
2025-06-13T16:50:49.624240+0800 ERROR empty readline 1
2025-06-13T16:50:49.886688+0800 ERROR empty readline 2
2025-06-13T16:50:50.083232+0800 ERROR readline ok

2025-06-13T16:50:50.088347+0800 ERROR SENT: N152 G0 F3600 X200.503 Y196.26*115
2025-06-13T16:50:50.089348+0800 ERROR write command N152 G0 F3600 X200.503 Y196.26*115
2025-06-13T16:50:50.089348+0800 ERROR second command N152 G0 F3600 X200.503 Y196.26*115
2025-06-13T16:50:50.090514+0800 ERROR finish command N152 G0 F3600 X200.503 Y196.26*115
2025-06-13T16:50:50.094535+0800 ERROR readline X:201.3510 Y:196.2600 Z:0.2000 E:144.9229 Count X:70473 Y:68691 Z:400 STA: 5317375

2025-06-13T16:50:50.095656+0800 ERROR readline 

2025-06-13T16:50:50.103389+0800 ERROR readline ok

2025-06-13T16:50:50.104393+0800 ERROR SENT: N153 G1 F2400 X251.108 Y246.865 E148.67185*1
2025-06-13T16:50:50.104899+0800 ERROR write command N153 G1 F2400 X251.108 Y246.865 E148.67185*1
2025-06-13T16:50:50.105908+0800 ERROR second command N153 G1 F2400 X251.108 Y246.865 E148.67185*1
2025-06-13T16:50:50.105908+0800 ERROR finish command N153 G1 F2400 X251.108 Y246.865 E148.67185*1
2025-06-13T16:50:50.109933+0800 ERROR readline echo: cold extrusion prevented

2025-06-13T16:50:50.367706+0800 ERROR empty readline 0
2025-06-13T16:50:50.632660+0800 ERROR empty readline 1
2025-06-13T16:50:50.897514+0800 ERROR empty readline 2
2025-06-13T16:50:51.096037+0800 ERROR readline X:200.5030 Y:196.2600 Z:0.2000 E:148.6718 Count X:70176 Y:68691 Z:400 STA: 5317375

2025-06-13T16:50:51.097051+0800 ERROR readline 

2025-06-13T16:50:51.350646+0800 ERROR empty readline 0
2025-06-13T16:50:51.614510+0800 ERROR empty readline 1
2025-06-13T16:50:51.753946+0800 ERROR readline ok

2025-06-13T16:50:51.769154+0800 ERROR SENT: N154 G0 F3600 X251.108 Y247.714*71
2025-06-13T16:50:51.770283+0800 ERROR write command N154 G0 F3600 X251.108 Y247.714*71
2025-06-13T16:50:51.770283+0800 ERROR second command N154 G0 F3600 X251.108 Y247.714*71
2025-06-13T16:50:51.771747+0800 ERROR finish command N154 G0 F3600 X251.108 Y247.714*71
2025-06-13T16:50:51.772762+0800 ERROR readline ok

2025-06-13T16:50:51.784769+0800 ERROR SENT: N155 G1 F2400 X199.654 Y196.26 E152.48373*50
2025-06-13T16:50:51.785730+0800 ERROR write command N155 G1 F2400 X199.654 Y196.26 E152.48373*50
2025-06-13T16:50:51.786267+0800 ERROR second command N155 G1 F2400 X199.654 Y196.26 E152.48373*50
2025-06-13T16:50:51.787285+0800 ERROR finish command N155 G1 F2400 X199.654 Y196.26 E152.48373*50
2025-06-13T16:50:51.791333+0800 ERROR readline echo: cold extrusion prevented

2025-06-13T16:50:52.049806+0800 ERROR empty readline 0
2025-06-13T16:50:52.096380+0800 ERROR readline X:251.1080 Y:247.7140 Z:0.2000 E:152.4837 Count X:87888 Y:86700 Z:400 STA: 5317375

2025-06-13T16:50:52.099220+0800 ERROR readline 

2025-06-13T16:50:52.359726+0800 ERROR empty readline 0
2025-06-13T16:50:52.468506+0800 INFO M105

2025-06-13T16:50:52.622261+0800 ERROR empty readline 1
2025-06-13T16:50:52.887826+0800 ERROR empty readline 2
2025-06-13T16:50:53.097489+0800 ERROR readline X:251.1080 Y:247.7140 Z:0.2000 E:152.4837 Count X:87888 Y:86700 Z:400 STA: 5317375

2025-06-13T16:50:53.098493+0800 ERROR readline 

2025-06-13T16:50:53.357698+0800 ERROR empty readline 0
2025-06-13T16:50:53.454199+0800 ERROR readline ok

2025-06-13T16:50:53.467418+0800 ERROR SENT: M105

2025-06-13T16:50:53.468804+0800 ERROR write command M105

2025-06-13T16:50:53.469321+0800 ERROR second command M105

2025-06-13T16:50:53.469321+0800 ERROR finish command M105

2025-06-13T16:50:53.471874+0800 ERROR readline ok

2025-06-13T16:50:53.476942+0800 ERROR readline  T:165.9091 /10 B:56.1500 /10 @:0 B@:0 VER: 1.3.2

2025-06-13T16:50:53.483414+0800 ERROR SENT: N156 G0 F3600 X198.806 Y196.26*125
2025-06-13T16:50:53.484932+0800 ERROR write command N156 G0 F3600 X198.806 Y196.26*125
2025-06-13T16:50:53.485876+0800 ERROR second command N156 G0 F3600 X198.806 Y196.26*125
2025-06-13T16:50:53.489492+0800 ERROR finish command N156 G0 F3600 X198.806 Y196.26*125
2025-06-13T16:50:53.490521+0800 ERROR readline ok

2025-06-13T16:50:53.499073+0800 ERROR SENT: N157 G1 F2400 X251.108 Y248.562 E156.35843*10
2025-06-13T16:50:53.500606+0800 ERROR write command N157 G1 F2400 X251.108 Y248.562 E156.35843*10
2025-06-13T16:50:53.501619+0800 ERROR second command N157 G1 F2400 X251.108 Y248.562 E156.35843*10
2025-06-13T16:50:53.502650+0800 ERROR finish command N157 G1 F2400 X251.108 Y248.562 E156.35843*10
2025-06-13T16:50:53.508148+0800 ERROR readline echo: cold extrusion prevented

2025-06-13T16:50:53.762020+0800 ERROR empty readline 0
2025-06-13T16:50:54.027702+0800 ERROR empty readline 1
2025-06-13T16:50:54.093621+0800 ERROR readline X:198.8060 Y:196.2600 Z:0.2000 E:156.3584 Count X:69582 Y:68691 Z:400 STA: 5317375

2025-06-13T16:50:54.094629+0800 ERROR readline 

2025-06-13T16:50:54.354483+0800 ERROR empty readline 0
2025-06-13T16:50:54.617537+0800 ERROR empty readline 1
2025-06-13T16:50:54.879628+0800 ERROR empty readline 2
2025-06-13T16:50:55.094206+0800 ERROR readline X:198.8060 Y:196.2600 Z:0.2000 E:156.3584 Count X:69582 Y:68691 Z:400 STA: 5317375

2025-06-13T16:50:55.097748+0800 ERROR readline 

2025-06-13T16:50:55.184890+0800 ERROR readline ok

2025-06-13T16:50:55.189923+0800 ERROR SENT: N158 G0 F3600 X251.108 Y249.411*67
2025-06-13T16:50:55.191184+0800 ERROR write command N158 G0 F3600 X251.108 Y249.411*67
2025-06-13T16:50:55.191184+0800 ERROR second command N158 G0 F3600 X251.108 Y249.411*67
2025-06-13T16:50:55.191184+0800 ERROR finish command N158 G0 F3600 X251.108 Y249.411*67
2025-06-13T16:50:55.205863+0800 ERROR readline ok

2025-06-13T16:50:55.207245+0800 ERROR SENT: N159 G1 F2400 X197.957 Y196.26 E160.29602*57
2025-06-13T16:50:55.208269+0800 ERROR write command N159 G1 F2400 X197.957 Y196.26 E160.29602*57
2025-06-13T16:50:55.209270+0800 ERROR second command N159 G1 F2400 X197.957 Y196.26 E160.29602*57
2025-06-13T16:50:55.209782+0800 ERROR finish command N159 G1 F2400 X197.957 Y196.26 E160.29602*57
2025-06-13T16:50:55.215401+0800 ERROR readline echo: cold extrusion prevented

2025-06-13T16:50:55.472170+0800 ERROR empty readline 0
2025-06-13T16:50:55.736797+0800 ERROR empty readline 1
2025-06-13T16:50:55.988335+0800 ERROR empty readline 2
2025-06-13T16:50:56.100386+0800 ERROR readline X:251.1080 Y:249.4110 Z:0.2000 E:160.2960 Count X:87888 Y:87294 Z:400 STA: 5317375

2025-06-13T16:50:56.101383+0800 ERROR readline 

2025-06-13T16:50:56.361600+0800 ERROR empty readline 0
2025-06-13T16:50:56.626708+0800 ERROR empty readline 1
2025-06-13T16:50:56.891359+0800 ERROR empty readline 2
2025-06-13T16:50:56.946696+0800 ERROR readline ok

2025-06-13T16:50:56.952756+0800 ERROR SENT: N160 G0 F3600 X197.109 Y196.26*113
2025-06-13T16:50:56.955295+0800 ERROR write command N160 G0 F3600 X197.109 Y196.26*113
2025-06-13T16:50:56.956290+0800 ERROR second command N160 G0 F3600 X197.109 Y196.26*113
2025-06-13T16:50:56.956290+0800 ERROR finish command N160 G0 F3600 X197.109 Y196.26*113
2025-06-13T16:50:56.966025+0800 ERROR readline ok

2025-06-13T16:50:56.968039+0800 ERROR SENT: N161 G1 F2400 X251.108 Y250.259 E164.29644*12
2025-06-13T16:50:56.969042+0800 ERROR write command N161 G1 F2400 X251.108 Y250.259 E164.29644*12
2025-06-13T16:50:56.971076+0800 ERROR second command N161 G1 F2400 X251.108 Y250.259 E164.29644*12
2025-06-13T16:50:56.972075+0800 ERROR finish command N161 G1 F2400 X251.108 Y250.259 E164.29644*12
2025-06-13T16:50:56.976604+0800 ERROR readline echo: cold extrusion prevented

2025-06-13T16:50:57.098158+0800 ERROR readline X:197.1090 Y:196.2600 Z:0.2000 E:164.2964 Count X:68988 Y:68691 Z:400 STA: 5317375

2025-06-13T16:50:57.099667+0800 ERROR readline 

2025-06-13T16:50:57.359834+0800 ERROR empty readline 0
2025-06-13T16:50:57.623282+0800 ERROR empty readline 1
2025-06-13T16:50:57.886553+0800 ERROR empty readline 2
2025-06-13T16:50:58.097480+0800 ERROR readline X:197.1090 Y:196.2600 Z:0.2000 E:164.2964 Count X:68988 Y:68691 Z:400 STA: 5317375

2025-06-13T16:50:58.098453+0800 ERROR readline 

2025-06-13T16:50:58.356055+0800 ERROR empty readline 0
2025-06-13T16:50:58.620360+0800 ERROR empty readline 1
2025-06-13T16:50:58.737725+0800 ERROR readline ok

2025-06-13T16:50:58.742972+0800 ERROR SENT: N162 G0 F3600 X251.108 Y251.108*78
2025-06-13T16:50:58.744640+0800 ERROR write command N162 G0 F3600 X251.108 Y251.108*78
2025-06-13T16:50:58.744640+0800 ERROR second command N162 G0 F3600 X251.108 Y251.108*78
2025-06-13T16:50:58.745781+0800 ERROR finish command N162 G0 F3600 X251.108 Y251.108*78
2025-06-13T16:50:58.757188+0800 ERROR readline ok

2025-06-13T16:50:58.774291+0800 ERROR SENT: N163 G1 F2400 X196.26 Y196.26 E168.35975*4
2025-06-13T16:50:58.775328+0800 ERROR write command N163 G1 F2400 X196.26 Y196.26 E168.35975*4
2025-06-13T16:50:58.776342+0800 ERROR second command N163 G1 F2400 X196.26 Y196.26 E168.35975*4
2025-06-13T16:50:58.777373+0800 ERROR finish command N163 G1 F2400 X196.26 Y196.26 E168.35975*4
2025-06-13T16:50:58.781423+0800 ERROR readline echo: cold extrusion prevented

2025-06-13T16:50:59.041033+0800 ERROR empty readline 0
2025-06-13T16:50:59.097914+0800 ERROR readline X:251.1080 Y:251.1080 Z:0.2000 E:168.3598 Count X:87888 Y:87888 Z:400 STA: 5317375

2025-06-13T16:50:59.101447+0800 ERROR readline 

2025-06-13T16:50:59.367056+0800 ERROR empty readline 0
2025-06-13T16:50:59.631911+0800 ERROR empty readline 1
2025-06-13T16:50:59.896017+0800 ERROR empty readline 2
2025-06-13T16:51:00.096831+0800 ERROR readline X:251.1080 Y:251.1080 Z:0.2000 E:168.3598 Count X:87888 Y:87888 Z:400 STA: 5317375

2025-06-13T16:51:00.097882+0800 ERROR readline 

2025-06-13T16:51:00.361330+0800 ERROR empty readline 0
2025-06-13T16:51:00.559135+0800 ERROR readline ok

2025-06-13T16:51:00.565208+0800 ERROR SENT: N164 G0 F3600 X195.412 Y196.26*120
2025-06-13T16:51:00.566743+0800 ERROR write command N164 G0 F3600 X195.412 Y196.26*120
2025-06-13T16:51:00.567764+0800 ERROR second command N164 G0 F3600 X195.412 Y196.26*120
2025-06-13T16:51:00.569290+0800 ERROR finish command N164 G0 F3600 X195.412 Y196.26*120
2025-06-13T16:51:00.578393+0800 ERROR readline ok

2025-06-13T16:51:00.580938+0800 ERROR SENT: N165 G1 F2400 X251.108 Y251.956 E172.48589*15
2025-06-13T16:51:00.580938+0800 ERROR write command N165 G1 F2400 X251.108 Y251.956 E172.48589*15
2025-06-13T16:51:00.581964+0800 ERROR second command N165 G1 F2400 X251.108 Y251.956 E172.48589*15
2025-06-13T16:51:00.583028+0800 ERROR finish command N165 G1 F2400 X251.108 Y251.956 E172.48589*15
2025-06-13T16:51:00.591754+0800 ERROR readline echo: cold extrusion prevented

2025-06-13T16:51:00.846568+0800 ERROR empty readline 0
2025-06-13T16:51:01.097876+0800 ERROR readline X:195.4120 Y:196.2600 Z:0.2000 E:172.4859 Count X:68394 Y:68691 Z:400 STA: 5317375

2025-06-13T16:51:01.100415+0800 ERROR readline 

2025-06-13T16:51:01.360765+0800 ERROR empty readline 0
2025-06-13T16:51:01.625082+0800 ERROR empty readline 1
2025-06-13T16:51:01.892327+0800 ERROR empty readline 2
2025-06-13T16:51:01.928040+0800 INFO M105

2025-06-13T16:51:11.394286+0800 INFO M105

2025-06-13T16:51:11.874405+0800 ERROR readline X:195.4120 Y:196.2600 Z:0.2000 E:172.4859 Count X:68394 Y:68691 Z:400 STA: 5317375

2025-06-13T16:51:13.043446+0800 ERROR readline 

2025-06-13T16:51:13.886575+0800 ERROR readline ok

2025-06-13T16:51:13.901659+0800 ERROR SENT: M105

2025-06-13T16:51:13.905222+0800 ERROR write command M105

2025-06-13T16:51:13.906776+0800 ERROR second command M105

2025-06-13T16:51:13.906776+0800 ERROR finish command M105

2025-06-13T16:51:14.952413+0800 ERROR readline X:251.1080 Y:251.9560 Z:0.2000 E:172.4859 Count X:87888 Y:88185 Z:400 STA: 5317375

2025-06-13T16:51:15.854861+0800 ERROR readline 

2025-06-13T16:51:20.776168+0800 ERROR readline X:251.1080 Y:251.9560 Z:0.2000 E:172.4859 Count X:87888 Y:88185 Z:400 STA: 5317375

2025-06-13T16:51:20.788623+0800 ERROR readline 

2025-06-13T16:51:20.798232+0800 ERROR readline X:251.1080 Y:251.9560 Z:0.2000 E:172.4859 Count X:87888 Y:88185 Z:400 STA: 5317375

2025-06-13T16:51:20.799227+0800 ERROR readline 

2025-06-13T16:51:20.802833+0800 INFO M105

2025-06-13T16:51:20.811095+0800 ERROR readline X:251.1080 Y:251.9560 Z:0.2000 E:172.4859 Count X:87888 Y:88185 Z:400 STA: 5317375

2025-06-13T16:51:20.813106+0800 ERROR readline 

2025-06-13T16:51:20.822316+0800 ERROR readline X:251.1080 Y:251.9560 Z:0.2000 E:172.4859 Count X:87888 Y:88185 Z:400 STA: 5317375

2025-06-13T16:51:20.824297+0800 ERROR readline 

2025-06-13T16:51:20.832382+0800 ERROR readline X:251.1080 Y:251.9560 Z:0.2000 E:172.4859 Count X:87888 Y:88185 Z:400 STA: 5317375

2025-06-13T16:51:20.834652+0800 ERROR readline 

2025-06-13T16:51:20.842564+0800 ERROR readline X:251.1080 Y:251.9560 Z:0.2000 E:172.4859 Count X:87888 Y:88185 Z:400 STA: 5317375

2025-06-13T16:51:20.845067+0800 ERROR readline 

2025-06-13T16:51:20.852148+0800 ERROR readline X:251.1080 Y:251.9560 Z:0.2000 E:172.4859 Count X:87888 Y:88185 Z:400 STA: 5317375

2025-06-13T16:51:20.853146+0800 ERROR readline 

2025-06-13T16:51:20.861466+0800 ERROR readline X:251.1080 Y:251.9560 Z:0.2000 E:172.4859 Count X:87888 Y:88185 Z:400 STA: 5317375

2025-06-13T16:51:20.863457+0800 ERROR readline 

2025-06-13T16:51:20.870901+0800 ERROR readline X:251.1080 Y:251.9560 Z:0.2000 E:172.4859 Count X:87888 Y:88185 Z:400 STA: 5317375

2025-06-13T16:51:20.871934+0800 ERROR readline 

2025-06-13T16:51:20.878022+0800 ERROR readline X:251.1080 Y:251.9560 Z:0.2000 E:172.4859 Count X:87888 Y:88185 Z:400 STA: 5317375

2025-06-13T16:51:20.882087+0800 ERROR readline 

2025-06-13T16:51:20.884614+0800 ERROR readline ok

2025-06-13T16:51:20.889647+0800 ERROR readline  T:155.2557 /10 B:55.8625 /10 @:0 B@:0 VER: 1.3.2

2025-06-13T16:51:20.896741+0800 ERROR SENT: M105

2025-06-13T16:51:20.899180+0800 ERROR write command M105

2025-06-13T16:51:20.899180+0800 ERROR second command M105

2025-06-13T16:51:20.900645+0800 ERROR finish command M105

2025-06-13T16:51:20.907767+0800 ERROR readline X:251.1080 Y:251.9560 Z:0.2000 E:172.4859 Count X:87888 Y:88185 Z:400 STA: 5317375

2025-06-13T16:51:20.909282+0800 ERROR readline 

2025-06-13T16:51:20.920347+0800 ERROR readline X:251.1080 Y:251.9560 Z:0.2000 E:172.4859 Count X:87888 Y:88185 Z:400 STA: 5317375

2025-06-13T16:51:20.922358+0800 ERROR readline 

2025-06-13T16:51:20.934946+0800 ERROR readline X:251.1080 Y:251.9560 Z:0.2000 E:172.4859 Count X:87888 Y:88185 Z:400 STA: 5317375

2025-06-13T16:51:20.936999+0800 ERROR readline 

2025-06-13T16:51:20.947353+0800 ERROR readline X:251.1080 Y:251.9560 Z:0.2000 E:172.4859 Count X:87888 Y:88185 Z:400 STA: 5317375

2025-06-13T16:51:20.948354+0800 ERROR readline 

2025-06-13T16:51:20.956583+0800 ERROR readline X:251.1080 Y:251.9560 Z:0.2000 E:172.4859 Count X:87888 Y:88185 Z:400 STA: 5317375

2025-06-13T16:51:20.958348+0800 ERROR readline 

2025-06-13T16:51:20.964693+0800 ERROR readline X:251.1080 Y:251.9560 Z:0.2000 E:172.4859 Count X:87888 Y:88185 Z:400 STA: 5317375

2025-06-13T16:51:20.967669+0800 ERROR readline 

2025-06-13T16:51:20.976587+0800 ERROR readline X:251.1080 Y:251.9560 Z:0.2000 E:172.4859 Count X:87888 Y:88185 Z:400 STA: 5317375

2025-06-13T16:51:20.979062+0800 ERROR readline 

2025-06-13T16:51:20.981152+0800 ERROR readline ok

2025-06-13T16:51:20.985316+0800 ERROR readline  T:150.8523 /10 B:55.7750 /10 @:0 B@:0 VER: 1.3.2

2025-06-13T16:51:20.987858+0800 ERROR SENT: M105

2025-06-13T16:51:20.989208+0800 ERROR write command M105

2025-06-13T16:51:20.990723+0800 ERROR second command M105

2025-06-13T16:51:20.990723+0800 ERROR finish command M105

2025-06-13T16:51:20.992741+0800 ERROR readline ok

2025-06-13T16:51:20.997797+0800 ERROR readline  T:150.8523 /10 B:55.7750 /10 @:0 B@:0 VER: 1.3.2

2025-06-13T16:51:21.003327+0800 ERROR SENT: N166 G0 F3600 X251.023 Y252.72*125
2025-06-13T16:51:21.004849+0800 ERROR write command N166 G0 F3600 X251.023 Y252.72*125
2025-06-13T16:51:21.004849+0800 ERROR second command N166 G0 F3600 X251.023 Y252.72*125
2025-06-13T16:51:21.006362+0800 ERROR finish command N166 G0 F3600 X251.023 Y252.72*125
2025-06-13T16:51:21.007376+0800 ERROR readline ok

2025-06-13T16:51:21.008378+0800 ERROR SENT: N167 G1 F2400 X194.648 Y196.345 E176.66233*10
2025-06-13T16:51:21.009890+0800 ERROR write command N167 G1 F2400 X194.648 Y196.345 E176.66233*10
2025-06-13T16:51:21.010900+0800 ERROR second command N167 G1 F2400 X194.648 Y196.345 E176.66233*10
2025-06-13T16:51:21.011911+0800 ERROR finish command N167 G1 F2400 X194.648 Y196.345 E176.66233*10
2025-06-13T16:51:21.017500+0800 ERROR readline echo: cold extrusion prevented

2025-06-13T16:51:21.019500+0800 ERROR readline ok

2025-06-13T16:51:21.034788+0800 ERROR SENT: N168 G0 F3600 X194.648 Y197.194*65
2025-06-13T16:51:21.035811+0800 ERROR write command N168 G0 F3600 X194.648 Y197.194*65
2025-06-13T16:51:21.036808+0800 ERROR second command N168 G0 F3600 X194.648 Y197.194*65
2025-06-13T16:51:21.037327+0800 ERROR finish command N168 G0 F3600 X194.648 Y197.194*65
2025-06-13T16:51:21.039348+0800 ERROR readline ok

2025-06-13T16:51:21.051175+0800 ERROR SENT: N169 G1 F2400 X250.174 Y252.72 E180.77587*58
2025-06-13T16:51:21.051175+0800 ERROR write command N169 G1 F2400 X250.174 Y252.72 E180.77587*58
2025-06-13T16:51:21.053176+0800 ERROR second command N169 G1 F2400 X250.174 Y252.72 E180.77587*58
2025-06-13T16:51:21.054183+0800 ERROR finish command N169 G1 F2400 X250.174 Y252.72 E180.77587*58
2025-06-13T16:51:21.059103+0800 ERROR readline echo: cold extrusion prevented

2025-06-13T16:51:21.060118+0800 ERROR readline ok

2025-06-13T16:51:21.065659+0800 ERROR SENT: N170 G0 F3600 X249.326 Y252.72*117
2025-06-13T16:51:21.066647+0800 ERROR write command N170 G0 F3600 X249.326 Y252.72*117
2025-06-13T16:51:21.067157+0800 ERROR second command N170 G0 F3600 X249.326 Y252.72*117
2025-06-13T16:51:21.067157+0800 ERROR finish command N170 G0 F3600 X249.326 Y252.72*117
2025-06-13T16:51:21.069168+0800 ERROR readline ok

2025-06-13T16:51:21.081348+0800 ERROR SENT: N171 G1 F2400 X194.648 Y198.042 E184.82659*8
2025-06-13T16:51:21.081348+0800 ERROR write command N171 G1 F2400 X194.648 Y198.042 E184.82659*8
2025-06-13T16:51:21.082341+0800 ERROR second command N171 G1 F2400 X194.648 Y198.042 E184.82659*8
2025-06-13T16:51:21.084337+0800 ERROR finish command N171 G1 F2400 X194.648 Y198.042 E184.82659*8
2025-06-13T16:51:21.089193+0800 ERROR readline echo: cold extrusion prevented

2025-06-13T16:51:21.089796+0800 ERROR readline ok

2025-06-13T16:51:21.096027+0800 ERROR readline X:194.6480 Y:198.0420 Z:0.2000 E:184.8266 Count X:68127 Y:69315 Z:400 STA: 5317375

2025-06-13T16:51:21.097122+0800 ERROR SENT: N172 G0 F3600 X194.648 Y198.891*73
2025-06-13T16:51:21.097122+0800 ERROR write command N172 G0 F3600 X194.648 Y198.891*73
2025-06-13T16:51:21.098380+0800 ERROR second command N172 G0 F3600 X194.648 Y198.891*73
2025-06-13T16:51:21.100530+0800 ERROR finish command N172 G0 F3600 X194.648 Y198.891*73
2025-06-13T16:51:21.102543+0800 ERROR readline 

2025-06-13T16:51:21.104622+0800 ERROR readline ok

2025-06-13T16:51:21.112375+0800 ERROR SENT: N173 G1 F2400 X248.477 Y252.72 E188.81441*52
2025-06-13T16:51:21.113397+0800 ERROR write command N173 G1 F2400 X248.477 Y252.72 E188.81441*52
2025-06-13T16:51:21.114976+0800 ERROR second command N173 G1 F2400 X248.477 Y252.72 E188.81441*52
2025-06-13T16:51:21.117693+0800 ERROR finish command N173 G1 F2400 X248.477 Y252.72 E188.81441*52
2025-06-13T16:51:21.119300+0800 ERROR readline echo: cold extrusion prevented

2025-06-13T16:51:21.121971+0800 ERROR readline ok

2025-06-13T16:51:21.128105+0800 ERROR SENT: N174 G0 F3600 X247.629 Y252.72*117
2025-06-13T16:51:21.128105+0800 ERROR write command N174 G0 F3600 X247.629 Y252.72*117
2025-06-13T16:51:21.129711+0800 ERROR second command N174 G0 F3600 X247.629 Y252.72*117
2025-06-13T16:51:21.130730+0800 ERROR finish command N174 G0 F3600 X247.629 Y252.72*117
2025-06-13T16:51:21.132751+0800 ERROR readline ok

2025-06-13T16:51:21.132751+0800 ERROR SENT: N175 G1 F2400 X194.648 Y199.739 E192.73941*9
2025-06-13T16:51:21.134356+0800 ERROR write command N175 G1 F2400 X194.648 Y199.739 E192.73941*9
2025-06-13T16:51:21.135433+0800 ERROR second command N175 G1 F2400 X194.648 Y199.739 E192.73941*9
2025-06-13T16:51:21.135433+0800 ERROR finish command N175 G1 F2400 X194.648 Y199.739 E192.73941*9
2025-06-13T16:51:21.140655+0800 ERROR readline echo: cold extrusion prevented

2025-06-13T16:51:21.141622+0800 ERROR readline ok

2025-06-13T16:51:21.143617+0800 ERROR SENT: N176 G0 F3600 X194.648 Y200.588*74
2025-06-13T16:51:21.145195+0800 ERROR write command N176 G0 F3600 X194.648 Y200.588*74
2025-06-13T16:51:21.146753+0800 ERROR second command N176 G0 F3600 X194.648 Y200.588*74
2025-06-13T16:51:21.146753+0800 ERROR finish command N176 G0 F3600 X194.648 Y200.588*74
2025-06-13T16:51:21.147879+0800 ERROR readline ok

2025-06-13T16:51:21.159500+0800 ERROR SENT: N177 G1 F2400 X246.78 Y252.72 E196.60152*2
2025-06-13T16:51:21.160559+0800 ERROR write command N177 G1 F2400 X246.78 Y252.72 E196.60152*2
2025-06-13T16:51:21.161531+0800 ERROR second command N177 G1 F2400 X246.78 Y252.72 E196.60152*2
2025-06-13T16:51:21.161531+0800 ERROR finish command N177 G1 F2400 X246.78 Y252.72 E196.60152*2
2025-06-13T16:51:21.166739+0800 ERROR readline echo: cold extrusion prevented

2025-06-13T16:51:21.424062+0800 ERROR empty readline 0
2025-06-13T16:51:21.686253+0800 ERROR empty readline 1
2025-06-13T16:51:21.950692+0800 ERROR empty readline 2
2025-06-13T16:51:22.096874+0800 ERROR readline X:194.6480 Y:200.5880 Z:0.2000 E:196.6015 Count X:68127 Y:70206 Z:400 STA: 5317375

2025-06-13T16:51:22.098744+0800 ERROR readline 

2025-06-13T16:51:22.354519+0800 ERROR empty readline 0
2025-06-13T16:51:22.616934+0800 ERROR empty readline 1
2025-06-13T16:51:22.882938+0800 ERROR empty readline 2
2025-06-13T16:51:23.055024+0800 ERROR readline ok

2025-06-13T16:51:23.056543+0800 ERROR SENT: N178 G0 F3600 X245.932 Y252.72*126
2025-06-13T16:51:23.057570+0800 ERROR write command N178 G0 F3600 X245.932 Y252.72*126
2025-06-13T16:51:23.060111+0800 ERROR second command N178 G0 F3600 X245.932 Y252.72*126
2025-06-13T16:51:23.061415+0800 ERROR finish command N178 G0 F3600 X245.932 Y252.72*126
2025-06-13T16:51:23.079530+0800 ERROR readline ok

2025-06-13T16:51:23.085090+0800 ERROR SENT: N179 G1 F2400 X194.648 Y201.436 E200.4008*55
2025-06-13T16:51:23.085090+0800 ERROR write command N179 G1 F2400 X194.648 Y201.436 E200.4008*55
2025-06-13T16:51:23.086606+0800 ERROR second command N179 G1 F2400 X194.648 Y201.436 E200.4008*55
2025-06-13T16:51:23.087638+0800 ERROR finish command N179 G1 F2400 X194.648 Y201.436 E200.4008*55
2025-06-13T16:51:23.094148+0800 ERROR readline echo: cold extrusion prevented

2025-06-13T16:51:23.097672+0800 ERROR readline X:245.9320 Y:252.7200 Z:0.2000 E:200.4008 Count X:86076 Y:88452 Z:400 STA: 5317375

2025-06-13T16:51:23.099182+0800 ERROR readline 

2025-06-13T16:51:23.363304+0800 ERROR empty readline 0
2025-06-13T16:51:23.628541+0800 ERROR empty readline 1
2025-06-13T16:51:23.892686+0800 ERROR empty readline 2
2025-06-13T16:51:24.094432+0800 ERROR readline X:245.9320 Y:252.7200 Z:0.2000 E:200.4008 Count X:86076 Y:88452 Z:400 STA: 5317375

2025-06-13T16:51:24.096426+0800 ERROR readline 

2025-06-13T16:51:24.362240+0800 ERROR empty readline 0
2025-06-13T16:51:24.628260+0800 ERROR empty readline 1
2025-06-13T16:51:24.890622+0800 ERROR empty readline 2
2025-06-13T16:51:25.053298+0800 ERROR readline ok

2025-06-13T16:51:25.064386+0800 ERROR SENT: N180 G0 F3600 X194.648 Y202.285*75
2025-06-13T16:51:25.065404+0800 ERROR write command N180 G0 F3600 X194.648 Y202.285*75
2025-06-13T16:51:25.066922+0800 ERROR second command N180 G0 F3600 X194.648 Y202.285*75
2025-06-13T16:51:25.068063+0800 ERROR finish command N180 G0 F3600 X194.648 Y202.285*75
2025-06-13T16:51:25.080078+0800 ERROR readline ok

2025-06-13T16:51:25.092697+0800 ERROR readline X:194.6480 Y:202.2850 Z:0.2000 E:200.4008 Count X:68127 Y:70800 Z:400 STA: 5317375

2025-06-13T16:51:25.095183+0800 ERROR SENT: N181 G1 F2400 X245.083 Y252.72 E204.13718*56
2025-06-13T16:51:25.097734+0800 ERROR write command N181 G1 F2400 X245.083 Y252.72 E204.13718*56
2025-06-13T16:51:25.100501+0800 ERROR second command N181 G1 F2400 X245.083 Y252.72 E204.13718*56
2025-06-13T16:51:25.101500+0800 ERROR finish command N181 G1 F2400 X245.083 Y252.72 E204.13718*56
2025-06-13T16:51:25.102503+0800 ERROR readline 

2025-06-13T16:51:25.110781+0800 ERROR readline echo: cold extrusion prevented

2025-06-13T16:51:25.375097+0800 ERROR empty readline 0
2025-06-13T16:51:25.641248+0800 ERROR empty readline 1
2025-06-13T16:51:25.903342+0800 ERROR empty readline 2
2025-06-13T16:51:26.095310+0800 ERROR readline X:194.6480 Y:202.2850 Z:0.2000 E:204.1372 Count X:68127 Y:70800 Z:400 STA: 5317375

2025-06-13T16:51:26.096896+0800 ERROR readline 

2025-06-13T16:51:26.353465+0800 ERROR empty readline 0
2025-06-13T16:51:26.604920+0800 ERROR empty readline 1
2025-06-13T16:51:26.869563+0800 ERROR empty readline 2
2025-06-13T16:51:27.020515+0800 ERROR readline ok

2025-06-13T16:51:27.025050+0800 ERROR SENT: N182 G0 F3600 X244.235 Y252.72*118
2025-06-13T16:51:27.025597+0800 ERROR write command N182 G0 F3600 X244.235 Y252.72*118
2025-06-13T16:51:27.027638+0800 ERROR second command N182 G0 F3600 X244.235 Y252.72*118
2025-06-13T16:51:27.027638+0800 ERROR finish command N182 G0 F3600 X244.235 Y252.72*118
2025-06-13T16:51:27.042020+0800 ERROR readline ok

2025-06-13T16:51:27.056507+0800 ERROR SENT: N183 G1 F2400 X194.648 Y203.133 E207.81074*1
2025-06-13T16:51:27.057618+0800 ERROR write command N183 G1 F2400 X194.648 Y203.133 E207.81074*1
2025-06-13T16:51:27.057618+0800 ERROR second command N183 G1 F2400 X194.648 Y203.133 E207.81074*1
2025-06-13T16:51:27.059409+0800 ERROR finish command N183 G1 F2400 X194.648 Y203.133 E207.81074*1
2025-06-13T16:51:27.064336+0800 ERROR readline echo: cold extrusion prevented

2025-06-13T16:51:27.090657+0800 ERROR readline X:244.2350 Y:252.7200 Z:0.2000 E:207.8107 Count X:85482 Y:88452 Z:400 STA: 5317375

2025-06-13T16:51:27.092656+0800 ERROR readline 

2025-06-13T16:51:27.349622+0800 ERROR empty readline 0
2025-06-13T16:51:27.612166+0800 ERROR empty readline 1
2025-06-13T16:51:27.877680+0800 ERROR empty readline 2
2025-06-13T16:51:28.092826+0800 ERROR readline X:244.2350 Y:252.7200 Z:0.2000 E:207.8107 Count X:85482 Y:88452 Z:400 STA: 5317375

2025-06-13T16:51:28.094340+0800 ERROR readline 

2025-06-13T16:51:28.351042+0800 ERROR empty readline 0
2025-06-13T16:51:28.617487+0800 ERROR empty readline 1
2025-06-13T16:51:28.881623+0800 ERROR empty readline 2
2025-06-13T16:51:28.956373+0800 ERROR readline ok

2025-06-13T16:51:28.959392+0800 ERROR SENT: N184 G0 F3600 X194.648 Y203.982*66
2025-06-13T16:51:28.960423+0800 ERROR write command N184 G0 F3600 X194.648 Y203.982*66
2025-06-13T16:51:28.960423+0800 ERROR second command N184 G0 F3600 X194.648 Y203.982*66
2025-06-13T16:51:28.961448+0800 ERROR finish command N184 G0 F3600 X194.648 Y203.982*66
2025-06-13T16:51:28.977417+0800 ERROR readline ok

2025-06-13T16:51:28.991058+0800 ERROR SENT: N185 G1 F2400 X243.386 Y252.72 E211.42141*54
2025-06-13T16:51:28.991058+0800 ERROR write command N185 G1 F2400 X243.386 Y252.72 E211.42141*54
2025-06-13T16:51:28.992146+0800 ERROR second command N185 G1 F2400 X243.386 Y252.72 E211.42141*54
2025-06-13T16:51:28.992146+0800 ERROR finish command N185 G1 F2400 X243.386 Y252.72 E211.42141*54
2025-06-13T16:51:28.997922+0800 ERROR readline echo: cold extrusion prevented

2025-06-13T16:51:29.009840+0800 INFO L110 S60
2025-06-13T16:51:29.010849+0800 INFO L110 S60
2025-06-13T16:51:29.011853+0800 INFO L110 S60
2025-06-13T16:51:29.092507+0800 ERROR readline X:194.6480 Y:203.9820 Z:0.2000 E:211.4214 Count X:68127 Y:71394 Z:400 STA: 5317375

2025-06-13T16:51:29.094977+0800 ERROR readline 

2025-06-13T16:51:29.347518+0800 ERROR empty readline 0
2025-06-13T16:51:29.615042+0800 ERROR empty readline 1
2025-06-13T16:51:29.877117+0800 ERROR empty readline 2
2025-06-13T16:51:30.091796+0800 ERROR readline X:194.6480 Y:203.9820 Z:0.2000 E:211.4214 Count X:68127 Y:71394 Z:400 STA: 5317375

2025-06-13T16:51:30.092796+0800 ERROR readline 

2025-06-13T16:51:30.152415+0800 INFO L110 S60
2025-06-13T16:51:30.153388+0800 INFO L110 S60
2025-06-13T16:51:30.154394+0800 INFO L110 S60
2025-06-13T16:51:30.223414+0800 INFO M105

2025-06-13T16:51:30.342466+0800 INFO L110 S60
2025-06-13T16:51:30.343512+0800 INFO L110 S60
2025-06-13T16:51:30.344478+0800 INFO L110 S60
2025-06-13T16:51:30.361270+0800 ERROR empty readline 0
2025-06-13T16:51:30.586837+0800 INFO L110 S60
2025-06-13T16:51:30.586837+0800 INFO L110 S60
2025-06-13T16:51:30.586837+0800 INFO L110 S60
2025-06-13T16:51:30.614525+0800 ERROR empty readline 1
2025-06-13T16:51:30.768581+0800 INFO L110 S60
2025-06-13T16:51:30.769601+0800 INFO L110 S60
2025-06-13T16:51:30.770146+0800 INFO L110 S60
2025-06-13T16:51:30.861580+0800 ERROR readline ok

2025-06-13T16:51:30.867414+0800 ERROR SENT: L110 S60
2025-06-13T16:51:30.868812+0800 ERROR write command L110 S60
2025-06-13T16:51:30.869324+0800 ERROR second command L110 S60
2025-06-13T16:51:30.870346+0800 ERROR finish command L110 S60
2025-06-13T16:51:30.871352+0800 ERROR readline ok

2025-06-13T16:51:30.883031+0800 ERROR SENT: L110 S60
2025-06-13T16:51:30.883917+0800 ERROR write command L110 S60
2025-06-13T16:51:30.883917+0800 ERROR second command L110 S60
2025-06-13T16:51:30.885296+0800 ERROR finish command L110 S60
2025-06-13T16:51:30.886870+0800 ERROR readline ok

2025-06-13T16:51:30.898556+0800 ERROR SENT: L110 S60
2025-06-13T16:51:30.899545+0800 ERROR write command L110 S60
2025-06-13T16:51:30.899545+0800 ERROR second command L110 S60
2025-06-13T16:51:30.900606+0800 ERROR finish command L110 S60
2025-06-13T16:51:30.901670+0800 ERROR readline ok

2025-06-13T16:51:30.906323+0800 INFO L110 S60
2025-06-13T16:51:30.907840+0800 INFO L110 S60
2025-06-13T16:51:30.907840+0800 INFO L110 S60
2025-06-13T16:51:30.914451+0800 ERROR SENT: L110 S60
2025-06-13T16:51:30.914451+0800 ERROR write command L110 S60
2025-06-13T16:51:30.916542+0800 ERROR second command L110 S60
2025-06-13T16:51:30.916542+0800 ERROR finish command L110 S60
2025-06-13T16:51:30.918133+0800 ERROR readline ok

2025-06-13T16:51:30.930258+0800 ERROR SENT: L110 S60
2025-06-13T16:51:30.931239+0800 ERROR write command L110 S60
2025-06-13T16:51:30.932216+0800 ERROR second command L110 S60
2025-06-13T16:51:30.933258+0800 ERROR finish command L110 S60
2025-06-13T16:51:30.933258+0800 ERROR readline ok

2025-06-13T16:51:30.946761+0800 ERROR SENT: L110 S60
2025-06-13T16:51:30.946761+0800 ERROR write command L110 S60
2025-06-13T16:51:30.947774+0800 ERROR second command L110 S60
2025-06-13T16:51:30.948841+0800 ERROR readline ok

2025-06-13T16:51:30.949420+0800 ERROR finish command L110 S60
2025-06-13T16:51:30.951488+0800 ERROR SENT: M105

2025-06-13T16:51:30.951488+0800 ERROR write command M105

2025-06-13T16:51:30.952440+0800 ERROR second command M105

2025-06-13T16:51:30.952440+0800 ERROR finish command M105

2025-06-13T16:51:30.954523+0800 ERROR readline ok

2025-06-13T16:51:30.958532+0800 ERROR readline  T:146.6033 /10 B:55.6625 /10 @:0 B@:0 VER: 1.3.2

2025-06-13T16:51:30.962523+0800 ERROR SENT: L110 S60
2025-06-13T16:51:30.962523+0800 ERROR write command L110 S60
2025-06-13T16:51:30.965859+0800 ERROR second command L110 S60
2025-06-13T16:51:30.966877+0800 ERROR finish command L110 S60
2025-06-13T16:51:30.967886+0800 ERROR readline ok

2025-06-13T16:51:30.978110+0800 ERROR SENT: L110 S60
2025-06-13T16:51:30.979630+0800 ERROR write command L110 S60
2025-06-13T16:51:30.980653+0800 ERROR second command L110 S60
2025-06-13T16:51:30.981664+0800 ERROR finish command L110 S60
2025-06-13T16:51:30.982671+0800 ERROR readline ok

2025-06-13T16:51:30.994568+0800 ERROR SENT: L110 S60
2025-06-13T16:51:30.995594+0800 ERROR write command L110 S60
2025-06-13T16:51:30.997094+0800 ERROR second command L110 S60
2025-06-13T16:51:30.998109+0800 ERROR finish command L110 S60
2025-06-13T16:51:30.999620+0800 ERROR readline ok

2025-06-13T16:51:31.011327+0800 ERROR SENT: L110 S60
2025-06-13T16:51:31.012339+0800 ERROR write command L110 S60
2025-06-13T16:51:31.013339+0800 ERROR second command L110 S60
2025-06-13T16:51:31.014338+0800 ERROR finish command L110 S60
2025-06-13T16:51:31.016355+0800 ERROR readline ok

2025-06-13T16:51:31.026675+0800 ERROR SENT: L110 S60
2025-06-13T16:51:31.027383+0800 ERROR write command L110 S60
2025-06-13T16:51:31.028378+0800 ERROR second command L110 S60
2025-06-13T16:51:31.028378+0800 ERROR finish command L110 S60
2025-06-13T16:51:31.030921+0800 ERROR readline ok

2025-06-13T16:51:31.041581+0800 ERROR SENT: L110 S60
2025-06-13T16:51:31.043601+0800 ERROR write command L110 S60
2025-06-13T16:51:31.045614+0800 ERROR second command L110 S60
2025-06-13T16:51:31.046612+0800 ERROR finish command L110 S60
2025-06-13T16:51:31.047125+0800 ERROR readline ok

2025-06-13T16:51:31.056632+0800 ERROR SENT: L110 S60
2025-06-13T16:51:31.057815+0800 ERROR write command L110 S60
2025-06-13T16:51:31.058835+0800 ERROR second command L110 S60
2025-06-13T16:51:31.058835+0800 ERROR finish command L110 S60
2025-06-13T16:51:31.061087+0800 ERROR readline ok

2025-06-13T16:51:31.071863+0800 ERROR SENT: L110 S60
2025-06-13T16:51:31.071863+0800 ERROR write command L110 S60
2025-06-13T16:51:31.072879+0800 ERROR second command L110 S60
2025-06-13T16:51:31.072879+0800 ERROR finish command L110 S60
2025-06-13T16:51:31.074454+0800 ERROR readline ok

2025-06-13T16:51:31.087530+0800 ERROR SENT: L110 S60
2025-06-13T16:51:31.089604+0800 ERROR write command L110 S60
2025-06-13T16:51:31.090705+0800 ERROR second command L110 S60
2025-06-13T16:51:31.091712+0800 ERROR finish command L110 S60
2025-06-13T16:51:31.097685+0800 ERROR readline X:243.3860 Y:252.7200 Z:0.2000 E:211.4214 Count X:85185 Y:88452 Z:400 STA: 5317375

2025-06-13T16:51:31.099219+0800 ERROR readline 

2025-06-13T16:51:31.100236+0800 ERROR readline ok

2025-06-13T16:51:31.102231+0800 ERROR SENT: L110 S60
2025-06-13T16:51:31.102231+0800 ERROR write command L110 S60
2025-06-13T16:51:31.103417+0800 ERROR second command L110 S60
2025-06-13T16:51:31.104428+0800 ERROR finish command L110 S60
2025-06-13T16:51:31.105451+0800 ERROR readline ok

2025-06-13T16:51:31.117413+0800 ERROR SENT: L110 S60
2025-06-13T16:51:31.118418+0800 ERROR write command L110 S60
2025-06-13T16:51:31.118418+0800 ERROR second command L110 S60
2025-06-13T16:51:31.119417+0800 ERROR finish command L110 S60
2025-06-13T16:51:31.120704+0800 ERROR readline ok

2025-06-13T16:51:31.132665+0800 ERROR SENT: L110 S60
2025-06-13T16:51:31.134313+0800 ERROR write command L110 S60
2025-06-13T16:51:31.134313+0800 ERROR second command L110 S60
2025-06-13T16:51:31.135331+0800 ERROR finish command L110 S60
2025-06-13T16:51:31.135331+0800 ERROR readline ok

2025-06-13T16:51:31.148150+0800 ERROR SENT: N186 G0 F3600 X242.538 Y252.72*126
2025-06-13T16:51:31.149663+0800 ERROR write command N186 G0 F3600 X242.538 Y252.72*126
2025-06-13T16:51:31.150684+0800 ERROR second command N186 G0 F3600 X242.538 Y252.72*126
2025-06-13T16:51:31.151199+0800 ERROR finish command N186 G0 F3600 X242.538 Y252.72*126
2025-06-13T16:51:31.153507+0800 ERROR readline ok

2025-06-13T16:51:31.163599+0800 ERROR SENT: N187 G1 F2400 X194.648 Y204.83 E214.96925*49
2025-06-13T16:51:31.164599+0800 ERROR write command N187 G1 F2400 X194.648 Y204.83 E214.96925*49
2025-06-13T16:51:31.165728+0800 ERROR second command N187 G1 F2400 X194.648 Y204.83 E214.96925*49
2025-06-13T16:51:31.165728+0800 ERROR finish command N187 G1 F2400 X194.648 Y204.83 E214.96925*49
2025-06-13T16:51:31.170796+0800 ERROR readline echo: cold extrusion prevented

2025-06-13T16:51:31.428358+0800 ERROR empty readline 0
2025-06-13T16:51:31.692567+0800 ERROR empty readline 1
2025-06-13T16:51:31.958102+0800 ERROR empty readline 2
2025-06-13T16:51:32.093326+0800 ERROR readline X:242.5380 Y:252.7200 Z:0.2000 E:214.9693 Count X:84888 Y:88452 Z:400 STA: 5317375

2025-06-13T16:51:32.094837+0800 ERROR readline 

2025-06-13T16:51:32.359473+0800 ERROR empty readline 0
2025-06-13T16:51:32.611032+0800 ERROR empty readline 1
2025-06-13T16:51:32.736374+0800 ERROR readline ok

2025-06-13T16:51:32.749302+0800 ERROR SENT: N188 G0 F3600 X194.648 Y205.679*67
2025-06-13T16:51:32.749815+0800 ERROR write command N188 G0 F3600 X194.648 Y205.679*67
2025-06-13T16:51:32.750843+0800 ERROR second command N188 G0 F3600 X194.648 Y205.679*67
2025-06-13T16:51:32.751860+0800 ERROR finish command N188 G0 F3600 X194.648 Y205.679*67
2025-06-13T16:51:32.756988+0800 ERROR readline ok

2025-06-13T16:51:32.764496+0800 ERROR SENT: N189 G1 F2400 X241.689 Y252.72 E218.4542*14
2025-06-13T16:51:32.765007+0800 ERROR write command N189 G1 F2400 X241.689 Y252.72 E218.4542*14
2025-06-13T16:51:32.766345+0800 ERROR second command N189 G1 F2400 X241.689 Y252.72 E218.4542*14
2025-06-13T16:51:32.767370+0800 ERROR finish command N189 G1 F2400 X241.689 Y252.72 E218.4542*14
2025-06-13T16:51:32.780706+0800 ERROR readline echo: cold extrusion prevented

2025-06-13T16:51:33.035046+0800 ERROR empty readline 0
2025-06-13T16:51:33.094171+0800 ERROR readline X:194.6480 Y:205.6790 Z:0.2000 E:218.4542 Count X:68127 Y:71988 Z:400 STA: 5317375

2025-06-13T16:51:33.096193+0800 ERROR readline 

2025-06-13T16:51:33.361746+0800 ERROR empty readline 0
2025-06-13T16:51:33.627647+0800 ERROR empty readline 1
2025-06-13T16:51:33.880271+0800 ERROR empty readline 2
2025-06-13T16:51:34.090276+0800 ERROR readline X:194.6480 Y:205.6790 Z:0.2000 E:218.4542 Count X:68127 Y:71988 Z:400 STA: 5317375

2025-06-13T16:51:34.092281+0800 ERROR readline 

2025-06-13T16:51:34.348431+0800 ERROR empty readline 0
2025-06-13T16:51:34.665387+0800 ERROR readline ok

2025-06-13T16:51:34.786165+0800 ERROR SENT: N190 G0 F3600 X240.841 Y252.72*120
2025-06-13T16:51:34.787190+0800 ERROR write command N190 G0 F3600 X240.841 Y252.72*120
2025-06-13T16:51:34.788189+0800 ERROR second command N190 G0 F3600 X240.841 Y252.72*120
2025-06-13T16:51:34.789186+0800 ERROR finish command N190 G0 F3600 X240.841 Y252.72*120
2025-06-13T16:51:34.936602+0800 ERROR readline ok

2025-06-13T16:51:34.951395+0800 ERROR SENT: N191 G1 F2400 X194.648 Y206.528 E221.87629*5
2025-06-13T16:51:34.951395+0800 ERROR write command N191 G1 F2400 X194.648 Y206.528 E221.87629*5
2025-06-13T16:51:34.952735+0800 ERROR second command N191 G1 F2400 X194.648 Y206.528 E221.87629*5
2025-06-13T16:51:34.952735+0800 ERROR finish command N191 G1 F2400 X194.648 Y206.528 E221.87629*5
2025-06-13T16:51:34.955258+0800 ERROR readline echo: cold extrusion prevented

2025-06-13T16:51:35.091322+0800 ERROR readline X:240.8410 Y:252.7200 Z:0.2000 E:221.8763 Count X:84294 Y:88452 Z:400 STA: 5317375

2025-06-13T16:51:35.092332+0800 ERROR readline 

2025-06-13T16:51:35.372167+0800 ERROR empty readline 0
2025-06-13T16:51:35.643318+0800 ERROR empty readline 1
2025-06-13T16:51:35.901487+0800 ERROR empty readline 2
2025-06-13T16:51:36.092616+0800 ERROR readline X:240.8410 Y:252.7200 Z:0.2000 E:221.8763 Count X:84294 Y:88452 Z:400 STA: 5317375

2025-06-13T16:51:36.095140+0800 ERROR readline 

2025-06-13T16:51:36.351544+0800 ERROR empty readline 0
2025-06-13T16:51:36.397229+0800 ERROR readline ok

2025-06-13T16:51:36.411535+0800 ERROR SENT: N192 G0 F3600 X194.648 Y207.376*64
2025-06-13T16:51:36.412547+0800 ERROR write command N192 G0 F3600 X194.648 Y207.376*64
2025-06-13T16:51:36.414143+0800 ERROR second command N192 G0 F3600 X194.648 Y207.376*64
2025-06-13T16:51:36.414143+0800 ERROR finish command N192 G0 F3600 X194.648 Y207.376*64
2025-06-13T16:51:36.417797+0800 ERROR readline ok

2025-06-13T16:51:36.426778+0800 ERROR SENT: N193 G1 F2400 X239.992 Y252.72 E225.23551*54
2025-06-13T16:51:36.427477+0800 ERROR write command N193 G1 F2400 X239.992 Y252.72 E225.23551*54
2025-06-13T16:51:36.428478+0800 ERROR second command N193 G1 F2400 X239.992 Y252.72 E225.23551*54
2025-06-13T16:51:36.429513+0800 ERROR finish command N193 G1 F2400 X239.992 Y252.72 E225.23551*54
2025-06-13T16:51:36.431734+0800 ERROR readline echo: cold extrusion prevented

2025-06-13T16:51:36.693199+0800 ERROR empty readline 0
2025-06-13T16:51:36.957552+0800 ERROR empty readline 1
2025-06-13T16:51:37.090628+0800 ERROR readline X:194.6480 Y:207.3760 Z:0.2000 E:225.2355 Count X:68127 Y:72582 Z:400 STA: 5317375

2025-06-13T16:51:37.094153+0800 ERROR readline 

2025-06-13T16:51:37.348223+0800 ERROR empty readline 0
2025-06-13T16:51:37.613190+0800 ERROR empty readline 1
2025-06-13T16:51:37.878137+0800 ERROR empty readline 2
2025-06-13T16:51:38.089097+0800 ERROR readline X:194.6480 Y:207.3760 Z:0.2000 E:225.2355 Count X:68127 Y:72582 Z:400 STA: 5317375

2025-06-13T16:51:38.091111+0800 ERROR readline 

2025-06-13T16:51:38.181265+0800 ERROR readline ok

2025-06-13T16:51:38.194231+0800 ERROR SENT: N194 G0 F3600 X239.144 Y252.72*126
2025-06-13T16:51:38.195250+0800 ERROR write command N194 G0 F3600 X239.144 Y252.72*126
2025-06-13T16:51:38.195250+0800 ERROR second command N194 G0 F3600 X239.144 Y252.72*126
2025-06-13T16:51:38.196249+0800 ERROR finish command N194 G0 F3600 X239.144 Y252.72*126
2025-06-13T16:51:38.202056+0800 ERROR readline ok

2025-06-13T16:51:38.209599+0800 ERROR SENT: N195 G1 F2400 X194.648 Y208.225 E228.53188*9
2025-06-13T16:51:38.210614+0800 ERROR write command N195 G1 F2400 X194.648 Y208.225 E228.53188*9
2025-06-13T16:51:38.211626+0800 ERROR second command N195 G1 F2400 X194.648 Y208.225 E228.53188*9
2025-06-13T16:51:38.211626+0800 ERROR finish command N195 G1 F2400 X194.648 Y208.225 E228.53188*9
2025-06-13T16:51:38.215227+0800 ERROR readline echo: cold extrusion prevented

2025-06-13T16:51:38.477151+0800 ERROR empty readline 0
2025-06-13T16:51:38.743158+0800 ERROR empty readline 1
2025-06-13T16:51:39.006689+0800 ERROR empty readline 2
2025-06-13T16:51:39.092249+0800 ERROR readline X:239.1440 Y:252.7200 Z:0.2000 E:228.5319 Count X:83700 Y:88452 Z:400 STA: 5317375

2025-06-13T16:51:39.094253+0800 ERROR readline 

2025-06-13T16:51:39.364373+0800 ERROR empty readline 0
2025-06-13T16:51:39.616326+0800 ERROR empty readline 1
2025-06-13T16:51:39.633315+0800 INFO M105

2025-06-13T16:51:39.881386+0800 ERROR empty readline 2
2025-06-13T16:51:39.936557+0800 ERROR readline ok

2025-06-13T16:51:39.943620+0800 ERROR SENT: M105

2025-06-13T16:51:39.944618+0800 ERROR write command M105

2025-06-13T16:51:39.946418+0800 ERROR second command M105

2025-06-13T16:51:39.946418+0800 ERROR finish command M105

2025-06-13T16:51:39.948456+0800 ERROR readline ok

2025-06-13T16:51:39.956075+0800 ERROR readline  T:141.8478 /10 B:55.6750 /10 @:0 B@:0 VER: 1.3.2

2025-06-13T16:51:39.960808+0800 ERROR SENT: N196 G0 F3600 X194.648 Y209.073*76
2025-06-13T16:51:39.962599+0800 ERROR write command N196 G0 F3600 X194.648 Y209.073*76
2025-06-13T16:51:39.963750+0800 ERROR second command N196 G0 F3600 X194.648 Y209.073*76
2025-06-13T16:51:39.964264+0800 ERROR readline ok

2025-06-13T16:51:39.964264+0800 ERROR finish command N196 G0 F3600 X194.648 Y209.073*76
2025-06-13T16:51:39.966624+0800 ERROR SENT: N197 G1 F2400 X238.295 Y252.72 E231.76539*52
2025-06-13T16:51:39.967644+0800 ERROR write command N197 G1 F2400 X238.295 Y252.72 E231.76539*52
2025-06-13T16:51:39.967644+0800 ERROR second command N197 G1 F2400 X238.295 Y252.72 E231.76539*52
2025-06-13T16:51:39.967644+0800 ERROR finish command N197 G1 F2400 X238.295 Y252.72 E231.76539*52
2025-06-13T16:51:39.974212+0800 ERROR readline echo: cold extrusion prevented

2025-06-13T16:51:40.091290+0800 ERROR readline X:194.6480 Y:209.0730 Z:0.2000 E:231.7654 Count X:68127 Y:73176 Z:400 STA: 5317375

2025-06-13T16:51:40.093286+0800 ERROR readline 

2025-06-13T16:51:40.346607+0800 ERROR empty readline 0
2025-06-13T16:51:40.601836+0800 ERROR empty readline 1
2025-06-13T16:51:40.856182+0800 ERROR empty readline 2
2025-06-13T16:51:41.094186+0800 ERROR readline X:194.6480 Y:209.0730 Z:0.2000 E:231.7654 Count X:68127 Y:73176 Z:400 STA: 5317375

2025-06-13T16:51:41.096199+0800 ERROR readline 

2025-06-13T16:51:41.354959+0800 ERROR empty readline 0
2025-06-13T16:51:41.622017+0800 ERROR empty readline 1
2025-06-13T16:51:41.660951+0800 ERROR readline ok

2025-06-13T16:51:41.667879+0800 ERROR SENT: N198 G0 F3600 X237.446 Y252.72*123
2025-06-13T16:51:41.671428+0800 ERROR write command N198 G0 F3600 X237.446 Y252.72*123
2025-06-13T16:51:41.672426+0800 ERROR second command N198 G0 F3600 X237.446 Y252.72*123
2025-06-13T16:51:41.673413+0800 ERROR finish command N198 G0 F3600 X237.446 Y252.72*123
2025-06-13T16:51:41.681010+0800 ERROR readline ok

2025-06-13T16:51:41.683034+0800 ERROR SENT: N199 G1 F2400 X194.648 Y209.922 E234.936*14
2025-06-13T16:51:41.684545+0800 ERROR write command N199 G1 F2400 X194.648 Y209.922 E234.936*14
2025-06-13T16:51:41.684545+0800 ERROR second command N199 G1 F2400 X194.648 Y209.922 E234.936*14
2025-06-13T16:51:41.686357+0800 ERROR finish command N199 G1 F2400 X194.648 Y209.922 E234.936*14
2025-06-13T16:51:41.691676+0800 ERROR readline echo: cold extrusion prevented

2025-06-13T16:51:41.950579+0800 ERROR empty readline 0
2025-06-13T16:51:42.091663+0800 ERROR readline X:237.4460 Y:252.7200 Z:0.2000 E:234.9360 Count X:83106 Y:88452 Z:400 STA: 5317375

2025-06-13T16:51:42.093682+0800 ERROR readline 

2025-06-13T16:51:42.357158+0800 ERROR empty readline 0
2025-06-13T16:51:42.622410+0800 ERROR empty readline 1
2025-06-13T16:51:42.875182+0800 ERROR empty readline 2
2025-06-13T16:51:43.093222+0800 ERROR readline X:237.4460 Y:252.7200 Z:0.2000 E:234.9360 Count X:83106 Y:88452 Z:400 STA: 5317375

2025-06-13T16:51:43.095237+0800 ERROR readline 

2025-06-13T16:51:43.354573+0800 ERROR readline ok

2025-06-13T16:51:43.357091+0800 ERROR SENT: N200 G0 F3600 X194.648 Y210.77*124
2025-06-13T16:51:43.358101+0800 ERROR write command N200 G0 F3600 X194.648 Y210.77*124
2025-06-13T16:51:43.359610+0800 ERROR second command N200 G0 F3600 X194.648 Y210.77*124
2025-06-13T16:51:43.360146+0800 ERROR finish command N200 G0 F3600 X194.648 Y210.77*124
2025-06-13T16:51:43.375230+0800 ERROR readline ok

2025-06-13T16:51:43.388288+0800 ERROR SENT: N201 G1 F2400 X236.598 Y252.72 E238.04379*50
2025-06-13T16:51:43.389800+0800 ERROR write command N201 G1 F2400 X236.598 Y252.72 E238.04379*50
2025-06-13T16:51:43.390310+0800 ERROR second command N201 G1 F2400 X236.598 Y252.72 E238.04379*50
2025-06-13T16:51:43.392335+0800 ERROR finish command N201 G1 F2400 X236.598 Y252.72 E238.04379*50
2025-06-13T16:51:43.399371+0800 ERROR readline echo: cold extrusion prevented

2025-06-13T16:51:43.651691+0800 ERROR empty readline 0
2025-06-13T16:51:43.912485+0800 ERROR empty readline 1
2025-06-13T16:51:44.091609+0800 ERROR readline X:194.6480 Y:210.7700 Z:0.2000 E:238.0438 Count X:68127 Y:73770 Z:400 STA: 5317375

2025-06-13T16:51:44.094152+0800 ERROR readline 

2025-06-13T16:51:44.348425+0800 ERROR empty readline 0
2025-06-13T16:51:44.609738+0800 ERROR empty readline 1
2025-06-13T16:51:44.869377+0800 ERROR empty readline 2
2025-06-13T16:51:45.024513+0800 ERROR readline ok

2025-06-13T16:51:45.029103+0800 ERROR SENT: N202 G0 F3600 X235.749 Y252.72*117
2025-06-13T16:51:45.029625+0800 ERROR write command N202 G0 F3600 X235.749 Y252.72*117
2025-06-13T16:51:45.030648+0800 ERROR second command N202 G0 F3600 X235.749 Y252.72*117
2025-06-13T16:51:45.031646+0800 ERROR finish command N202 G0 F3600 X235.749 Y252.72*117
2025-06-13T16:51:45.039284+0800 ERROR readline ok

2025-06-13T16:51:45.041982+0800 ERROR SENT: N203 G1 F2400 X194.648 Y211.619 E241.08868*0
2025-06-13T16:51:45.042982+0800 ERROR write command N203 G1 F2400 X194.648 Y211.619 E241.08868*0
2025-06-13T16:51:45.042982+0800 ERROR second command N203 G1 F2400 X194.648 Y211.619 E241.08868*0
2025-06-13T16:51:45.044509+0800 ERROR finish command N203 G1 F2400 X194.648 Y211.619 E241.08868*0
2025-06-13T16:51:45.052608+0800 ERROR readline echo: cold extrusion prevented

2025-06-13T16:51:45.091959+0800 ERROR readline X:235.7490 Y:252.7200 Z:0.2000 E:241.0887 Count X:82512 Y:88452 Z:400 STA: 5317375

2025-06-13T16:51:45.094475+0800 ERROR readline 

2025-06-13T16:51:45.347110+0800 ERROR empty readline 0
2025-06-13T16:51:45.599157+0800 ERROR empty readline 1
2025-06-13T16:51:45.862412+0800 ERROR empty readline 2
2025-06-13T16:51:46.092538+0800 ERROR readline X:235.7490 Y:252.7200 Z:0.2000 E:241.0887 Count X:82512 Y:88452 Z:400 STA: 5317375

2025-06-13T16:51:46.095063+0800 ERROR readline 

2025-06-13T16:51:46.349183+0800 ERROR empty readline 0
2025-06-13T16:51:46.613400+0800 ERROR empty readline 1
2025-06-13T16:51:46.652675+0800 ERROR readline ok

2025-06-13T16:51:46.661240+0800 ERROR SENT: N204 G0 F3600 X194.648 Y212.467*79
2025-06-13T16:51:46.663252+0800 ERROR write command N204 G0 F3600 X194.648 Y212.467*79
2025-06-13T16:51:46.664767+0800 ERROR second command N204 G0 F3600 X194.648 Y212.467*79
2025-06-13T16:51:46.664767+0800 ERROR finish command N204 G0 F3600 X194.648 Y212.467*79
2025-06-13T16:51:46.673377+0800 ERROR readline ok

2025-06-13T16:51:46.675384+0800 ERROR SENT: N205 G1 F2400 X234.901 Y252.72 E244.07075*63
2025-06-13T16:51:46.676894+0800 ERROR write command N205 G1 F2400 X234.901 Y252.72 E244.07075*63
2025-06-13T16:51:46.677907+0800 ERROR second command N205 G1 F2400 X234.901 Y252.72 E244.07075*63
2025-06-13T16:51:46.681872+0800 ERROR readline echo: cold extrusion prevented

2025-06-13T16:51:46.682875+0800 ERROR finish command N205 G1 F2400 X234.901 Y252.72 E244.07075*63
2025-06-13T16:51:46.938059+0800 ERROR empty readline 0
2025-06-13T16:51:47.092428+0800 ERROR readline X:194.6480 Y:212.4670 Z:0.2000 E:244.0708 Count X:68127 Y:74363 Z:400 STA: 5317375

2025-06-13T16:51:47.094420+0800 ERROR readline 

2025-06-13T16:51:47.361839+0800 ERROR empty readline 0
2025-06-13T16:51:47.613886+0800 ERROR empty readline 1
2025-06-13T16:51:47.875278+0800 ERROR empty readline 2
2025-06-13T16:51:48.090429+0800 ERROR readline X:194.6480 Y:212.4670 Z:0.2000 E:244.0708 Count X:68127 Y:74363 Z:400 STA: 5317375

2025-06-13T16:51:48.094445+0800 ERROR readline 

2025-06-13T16:51:48.256560+0800 ERROR readline ok

2025-06-13T16:51:48.260624+0800 ERROR SENT: N206 G0 F3600 X234.052 Y252.72*125
2025-06-13T16:51:48.260624+0800 ERROR write command N206 G0 F3600 X234.052 Y252.72*125
2025-06-13T16:51:48.262066+0800 ERROR second command N206 G0 F3600 X234.052 Y252.72*125
2025-06-13T16:51:48.263078+0800 ERROR finish command N206 G0 F3600 X234.052 Y252.72*125
2025-06-13T16:51:48.276711+0800 ERROR readline ok

2025-06-13T16:51:48.291648+0800 ERROR SENT: N207 G1 F2400 X194.648 Y213.316 E246.98993*7
2025-06-13T16:51:48.292663+0800 ERROR write command N207 G1 F2400 X194.648 Y213.316 E246.98993*7
2025-06-13T16:51:48.293586+0800 ERROR second command N207 G1 F2400 X194.648 Y213.316 E246.98993*7
2025-06-13T16:51:48.296415+0800 ERROR finish command N207 G1 F2400 X194.648 Y213.316 E246.98993*7
2025-06-13T16:51:48.299434+0800 ERROR readline echo: cold extrusion prevented

2025-06-13T16:51:48.556454+0800 ERROR empty readline 0
2025-06-13T16:51:48.817617+0800 ERROR empty readline 1
2025-06-13T16:51:49.034829+0800 INFO M105

2025-06-13T16:51:49.080371+0800 ERROR empty readline 2
2025-06-13T16:51:49.099647+0800 ERROR readline X:234.0520 Y:252.7200 Z:0.2000 E:246.9899 Count X:81918 Y:88452 Z:400 STA: 5317375

2025-06-13T16:51:58.501762+0800 INFO M105

2025-06-13T16:52:07.994333+0800 INFO M105

2025-06-13T16:52:08.227492+0800 ERROR readline 

2025-06-13T16:52:17.451489+0800 INFO M105

2025-06-13T16:52:26.889309+0800 ERROR readline ok

2025-06-13T16:52:26.904948+0800 ERROR SENT: M105

2025-06-13T16:52:26.905638+0800 INFO M105

2025-06-13T16:52:26.907149+0800 ERROR write command M105

2025-06-13T16:52:26.926299+0800 ERROR second command M105

2025-06-13T16:52:26.927316+0800 ERROR finish command M105

2025-06-13T16:52:27.740967+0800 ERROR readline X:194.6480 Y:213.3160 Z:0.2000 E:246.9899 Count X:68127 Y:74661 Z:400 STA: 5317375

2025-06-13T16:52:28.732392+0800 ERROR readline 

2025-06-13T16:52:30.574949+0800 ERROR readline X:194.6480 Y:213.3160 Z:0.2000 E:246.9899 Count X:68127 Y:74661 Z:400 STA: 5317375

2025-06-13T16:52:31.401492+0800 ERROR readline 

2025-06-13T16:52:32.170528+0800 ERROR readline X:194.6480 Y:213.3160 Z:0.2000 E:246.9899 Count X:68127 Y:74661 Z:400 STA: 5317375

2025-06-13T16:52:32.356964+0800 ERROR readline 

2025-06-13T16:52:32.667306+0800 ERROR readline X:194.6480 Y:213.3160 Z:0.2000 E:246.9899 Count X:68127 Y:74661 Z:400 STA: 5317375

2025-06-13T16:52:33.039744+0800 ERROR readline 

2025-06-13T16:52:33.399541+0800 ERROR readline X:194.6480 Y:213.3160 Z:0.2000 E:246.9899 Count X:68127 Y:74661 Z:400 STA: 5317375

2025-06-13T16:52:33.649270+0800 ERROR readline 

2025-06-13T16:52:33.896163+0800 ERROR readline X:194.6480 Y:213.3160 Z:0.2000 E:246.9899 Count X:68127 Y:74661 Z:400 STA: 5317375

2025-06-13T16:52:34.237658+0800 ERROR readline 

2025-06-13T16:52:35.761676+0800 ERROR readline X:194.6480 Y:213.3160 Z:0.2000 E:246.9899 Count X:68127 Y:74661 Z:400 STA: 5317375

2025-06-13T16:52:36.184169+0800 ERROR readline 

2025-06-13T16:52:36.371065+0800 INFO M105

2025-06-13T16:52:36.618154+0800 ERROR readline X:194.6480 Y:213.3160 Z:0.2000 E:246.9899 Count X:68127 Y:74661 Z:400 STA: 5317375

2025-06-13T16:52:36.879884+0800 ERROR readline 

2025-06-13T16:52:40.663508+0800 ERROR readline X:194.6480 Y:213.3160 Z:0.2000 E:246.9899 Count X:68127 Y:74661 Z:400 STA: 5317375

2025-06-13T16:52:40.673131+0800 ERROR readline 

2025-06-13T16:52:40.681197+0800 ERROR readline X:194.6480 Y:213.3160 Z:0.2000 E:246.9899 Count X:68127 Y:74661 Z:400 STA: 5317375

2025-06-13T16:52:40.682208+0800 ERROR readline 

2025-06-13T16:52:40.689251+0800 ERROR readline X:194.6480 Y:213.3160 Z:0.2000 E:246.9899 Count X:68127 Y:74661 Z:400 STA: 5317375

2025-06-13T16:52:40.691562+0800 ERROR readline 

2025-06-13T16:52:40.697126+0800 ERROR readline X:194.6480 Y:213.3160 Z:0.2000 E:246.9899 Count X:68127 Y:74661 Z:400 STA: 5317375

2025-06-13T16:52:40.698123+0800 ERROR readline 

2025-06-13T16:52:40.705168+0800 ERROR readline X:194.6480 Y:213.3160 Z:0.2000 E:246.9899 Count X:68127 Y:74661 Z:400 STA: 5317375

2025-06-13T16:52:40.706167+0800 ERROR readline 

2025-06-13T16:52:40.714209+0800 ERROR readline X:194.6480 Y:213.3160 Z:0.2000 E:246.9899 Count X:68127 Y:74661 Z:400 STA: 5317375

2025-06-13T16:52:40.714716+0800 ERROR readline 

2025-06-13T16:52:40.722280+0800 ERROR readline X:194.6480 Y:213.3160 Z:0.2000 E:246.9899 Count X:68127 Y:74661 Z:400 STA: 5317375

2025-06-13T16:52:40.724283+0800 ERROR readline 

2025-06-13T16:52:40.731052+0800 ERROR readline X:194.6480 Y:213.3160 Z:0.2000 E:246.9899 Count X:68127 Y:74661 Z:400 STA: 5317375

2025-06-13T16:52:40.733045+0800 ERROR readline 

2025-06-13T16:52:40.739111+0800 ERROR readline X:194.6480 Y:213.3160 Z:0.2000 E:246.9899 Count X:68127 Y:74661 Z:400 STA: 5317375

2025-06-13T16:52:40.740179+0800 ERROR readline 

2025-06-13T16:52:40.747178+0800 ERROR readline X:194.6480 Y:213.3160 Z:0.2000 E:246.9899 Count X:68127 Y:74661 Z:400 STA: 5317375

2025-06-13T16:52:40.748193+0800 ERROR readline 

2025-06-13T16:52:40.755342+0800 ERROR readline X:194.6480 Y:213.3160 Z:0.2000 E:246.9899 Count X:68127 Y:74661 Z:400 STA: 5317375

2025-06-13T16:52:40.758162+0800 ERROR readline 

2025-06-13T16:52:40.765217+0800 ERROR readline X:194.6480 Y:213.3160 Z:0.2000 E:246.9899 Count X:68127 Y:74661 Z:400 STA: 5317375

2025-06-13T16:52:40.766730+0800 ERROR readline 

2025-06-13T16:52:40.774286+0800 ERROR readline X:194.6480 Y:213.3160 Z:0.2000 E:246.9899 Count X:68127 Y:74661 Z:400 STA: 5317375

2025-06-13T16:52:40.775797+0800 ERROR readline 

2025-06-13T16:52:40.783341+0800 ERROR readline X:194.6480 Y:213.3160 Z:0.2000 E:246.9899 Count X:68127 Y:74661 Z:400 STA: 5317375

2025-06-13T16:52:40.784338+0800 ERROR readline 

2025-06-13T16:52:40.790761+0800 ERROR readline X:194.6480 Y:213.3160 Z:0.2000 E:246.9899 Count X:68127 Y:74661 Z:400 STA: 5317375

2025-06-13T16:52:40.791756+0800 ERROR readline 

2025-06-13T16:52:40.797822+0800 ERROR readline X:194.6480 Y:213.3160 Z:0.2000 E:246.9899 Count X:68127 Y:74661 Z:400 STA: 5317375

2025-06-13T16:52:40.799335+0800 ERROR readline 

2025-06-13T16:52:40.808104+0800 ERROR readline X:194.6480 Y:213.3160 Z:0.2000 E:246.9899 Count X:68127 Y:74661 Z:400 STA: 5317375

2025-06-13T16:52:40.809624+0800 ERROR readline 

2025-06-13T16:52:40.818644+0800 ERROR readline X:194.6480 Y:213.3160 Z:0.2000 E:246.9899 Count X:68127 Y:74661 Z:400 STA: 5317375

2025-06-13T16:52:40.820178+0800 ERROR readline 

2025-06-13T16:52:40.827995+0800 ERROR readline X:194.6480 Y:213.3160 Z:0.2000 E:246.9899 Count X:68127 Y:74661 Z:400 STA: 5317375

2025-06-13T16:52:40.828995+0800 ERROR readline 

2025-06-13T16:52:40.836436+0800 ERROR readline X:194.6480 Y:213.3160 Z:0.2000 E:246.9899 Count X:68127 Y:74661 Z:400 STA: 5317375

2025-06-13T16:52:40.837442+0800 ERROR readline 

2025-06-13T16:52:40.844474+0800 ERROR readline X:194.6480 Y:213.3160 Z:0.2000 E:246.9899 Count X:68127 Y:74661 Z:400 STA: 5317375

2025-06-13T16:52:40.846534+0800 ERROR readline 

2025-06-13T16:52:40.854458+0800 ERROR readline X:194.6480 Y:213.3160 Z:0.2000 E:246.9899 Count X:68127 Y:74661 Z:400 STA: 5317375

2025-06-13T16:52:40.855973+0800 ERROR readline 

2025-06-13T16:52:40.864644+0800 ERROR readline X:194.6480 Y:213.3160 Z:0.2000 E:246.9899 Count X:68127 Y:74661 Z:400 STA: 5317375

2025-06-13T16:52:40.866169+0800 ERROR readline 

2025-06-13T16:52:40.875579+0800 ERROR readline X:194.6480 Y:213.3160 Z:0.2000 E:246.9899 Count X:68127 Y:74661 Z:400 STA: 5317375

2025-06-13T16:52:40.876577+0800 ERROR readline 

2025-06-13T16:52:40.884160+0800 ERROR readline X:194.6480 Y:213.3160 Z:0.2000 E:246.9899 Count X:68127 Y:74661 Z:400 STA: 5317375

2025-06-13T16:52:40.885176+0800 ERROR readline 

2025-06-13T16:52:40.891820+0800 ERROR readline X:194.6480 Y:213.3160 Z:0.2000 E:246.9899 Count X:68127 Y:74661 Z:400 STA: 5317375

2025-06-13T16:52:40.895360+0800 ERROR readline 

2025-06-13T16:52:40.901407+0800 ERROR readline X:194.6480 Y:213.3160 Z:0.2000 E:246.9899 Count X:68127 Y:74661 Z:400 STA: 5317375

2025-06-13T16:52:40.902409+0800 ERROR readline 

2025-06-13T16:52:40.911049+0800 ERROR readline X:194.6480 Y:213.3160 Z:0.2000 E:246.9899 Count X:68127 Y:74661 Z:400 STA: 5317375

2025-06-13T16:52:40.914068+0800 ERROR readline 

2025-06-13T16:52:40.920706+0800 ERROR readline X:194.6480 Y:213.3160 Z:0.2000 E:246.9899 Count X:68127 Y:74661 Z:400 STA: 5317375

2025-06-13T16:52:40.920706+0800 ERROR readline 

2025-06-13T16:52:40.922705+0800 ERROR readline ok

2025-06-13T16:52:40.927946+0800 ERROR readline  T:123.0978 /10 B:55.2000 /10 @:0 B@:0 VER: 1.3.2

2025-06-13T16:52:40.937005+0800 ERROR readline X:194.6480 Y:213.3160 Z:0.2000 E:246.9899 Count X:68127 Y:74661 Z:400 STA: 5317375

2025-06-13T16:52:40.939003+0800 ERROR readline 

2025-06-13T16:52:40.941649+0800 ERROR SENT: M105

2025-06-13T16:52:40.942663+0800 ERROR write command M105

2025-06-13T16:52:40.944181+0800 ERROR second command M105

2025-06-13T16:52:40.945205+0800 ERROR finish command M105

2025-06-13T16:52:40.952167+0800 ERROR readline X:194.6480 Y:213.3160 Z:0.2000 E:246.9899 Count X:68127 Y:74661 Z:400 STA: 5317375

2025-06-13T16:52:40.953165+0800 ERROR readline 

2025-06-13T16:52:40.960249+0800 ERROR readline X:194.6480 Y:213.3160 Z:0.2000 E:246.9899 Count X:68127 Y:74661 Z:400 STA: 5317375

2025-06-13T16:52:40.962436+0800 ERROR readline 

2025-06-13T16:52:40.969091+0800 ERROR readline X:194.6480 Y:213.3160 Z:0.2000 E:246.9899 Count X:68127 Y:74661 Z:400 STA: 5317375

2025-06-13T16:52:40.970106+0800 ERROR readline 

2025-06-13T16:52:40.980049+0800 ERROR readline X:194.6480 Y:213.3160 Z:0.2000 E:246.9899 Count X:68127 Y:74661 Z:400 STA: 5317375

2025-06-13T16:52:40.981049+0800 ERROR readline 

2025-06-13T16:52:40.989455+0800 ERROR readline X:194.6480 Y:213.3160 Z:0.2000 E:246.9899 Count X:68127 Y:74661 Z:400 STA: 5317375

2025-06-13T16:52:40.990466+0800 ERROR readline 

2025-06-13T16:52:40.997601+0800 ERROR readline X:194.6480 Y:213.3160 Z:0.2000 E:246.9899 Count X:68127 Y:74661 Z:400 STA: 5317375

2025-06-13T16:52:40.997601+0800 ERROR readline 

2025-06-13T16:52:41.007424+0800 ERROR readline X:194.6480 Y:213.3160 Z:0.2000 E:246.9899 Count X:68127 Y:74661 Z:400 STA: 5317375

2025-06-13T16:52:41.008423+0800 ERROR readline 

2025-06-13T16:52:41.017647+0800 ERROR readline X:194.6480 Y:213.3160 Z:0.2000 E:246.9899 Count X:68127 Y:74661 Z:400 STA: 5317375

2025-06-13T16:52:41.020348+0800 ERROR readline 

2025-06-13T16:52:41.027749+0800 ERROR readline X:194.6480 Y:213.3160 Z:0.2000 E:246.9899 Count X:68127 Y:74661 Z:400 STA: 5317375

2025-06-13T16:52:41.027749+0800 ERROR readline 

2025-06-13T16:52:41.038500+0800 ERROR readline X:194.6480 Y:213.3160 Z:0.2000 E:246.9899 Count X:68127 Y:74661 Z:400 STA: 5317375

2025-06-13T16:52:41.039908+0800 ERROR readline 

2025-06-13T16:52:41.052759+0800 ERROR readline X:194.6480 Y:213.3160 Z:0.2000 E:246.9899 Count X:68127 Y:74661 Z:400 STA: 5317375

2025-06-13T16:52:41.055293+0800 ERROR readline 

2025-06-13T16:52:41.064311+0800 ERROR readline X:194.6480 Y:213.3160 Z:0.2000 E:246.9899 Count X:68127 Y:74661 Z:400 STA: 5317375

2025-06-13T16:52:41.067928+0800 ERROR readline 

2025-06-13T16:52:41.077073+0800 ERROR readline X:194.6480 Y:213.3160 Z:0.2000 E:246.9899 Count X:68127 Y:74661 Z:400 STA: 5317375

2025-06-13T16:52:41.079080+0800 ERROR readline 

2025-06-13T16:52:41.083467+0800 ERROR readline ok

2025-06-13T16:52:41.088027+0800 ERROR readline  T:118.2065 /10 B:55.0125 /10 @:0 B@:0 VER: 1.3.2

2025-06-13T16:52:41.100162+0800 ERROR SENT: M105

2025-06-13T16:52:41.101161+0800 ERROR write command M105

2025-06-13T16:52:41.102174+0800 ERROR second command M105

2025-06-13T16:52:41.103174+0800 ERROR finish command M105

2025-06-13T16:52:41.106197+0800 ERROR readline X:194.6480 Y:213.3160 Z:0.2000 E:246.9899 Count X:68127 Y:74661 Z:400 STA: 5317375

2025-06-13T16:52:41.107212+0800 ERROR readline 

2025-06-13T16:52:41.109213+0800 ERROR readline ok

2025-06-13T16:52:41.112672+0800 ERROR SENT: M105

2025-06-13T16:52:41.112672+0800 ERROR write command M105

2025-06-13T16:52:41.114184+0800 ERROR second command M105

2025-06-13T16:52:41.115199+0800 ERROR finish command M105

2025-06-13T16:52:41.119125+0800 ERROR readline  T:118.0706 /10 B:55.0625 /10 @:0 B@:0 VER: 1.3.2

2025-06-13T16:52:41.120138+0800 ERROR readline ok

2025-06-13T16:52:41.129186+0800 ERROR SENT: M105

2025-06-13T16:52:41.130202+0800 ERROR write command M105

2025-06-13T16:52:41.131203+0800 ERROR second command M105

2025-06-13T16:52:41.132217+0800 ERROR finish command M105

2025-06-13T16:52:41.136824+0800 ERROR readline  T:118.0706 /10 B:55.0625 /10 @:0 B@:0 VER: 1.3.2

2025-06-13T16:52:41.137840+0800 ERROR readline ok

2025-06-13T16:52:41.142386+0800 ERROR readline  T:118.0706 /10 B:55.0625 /10 @:0 B@:0 VER: 1.3.2

2025-06-13T16:52:41.147958+0800 ERROR SENT: M105

2025-06-13T16:52:41.149530+0800 ERROR write command M105

2025-06-13T16:52:41.152071+0800 ERROR second command M105

2025-06-13T16:52:41.153098+0800 ERROR finish command M105

2025-06-13T16:52:41.155072+0800 ERROR readline ok

2025-06-13T16:52:41.160116+0800 ERROR SENT: N208 G0 F3600 X194.648 Y214.164*67
2025-06-13T16:52:41.161117+0800 ERROR write command N208 G0 F3600 X194.648 Y214.164*67
2025-06-13T16:52:41.163114+0800 ERROR readline  T:118.0706 /10 B:54.9750 /10 @:0 B@:0 VER: 1.3.2

2025-06-13T16:52:41.164622+0800 ERROR second command N208 G0 F3600 X194.648 Y214.164*67
2025-06-13T16:52:41.165633+0800 ERROR finish command N208 G0 F3600 X194.648 Y214.164*67
2025-06-13T16:52:41.166632+0800 ERROR readline ok

2025-06-13T16:52:41.175198+0800 ERROR SENT: N209 G1 F2400 X233.204 Y252.72 E249.84628*50
2025-06-13T16:52:41.176204+0800 ERROR write command N209 G1 F2400 X233.204 Y252.72 E249.84628*50
2025-06-13T16:52:41.177429+0800 ERROR second command N209 G1 F2400 X233.204 Y252.72 E249.84628*50
2025-06-13T16:52:41.180252+0800 ERROR finish command N209 G1 F2400 X233.204 Y252.72 E249.84628*50
2025-06-13T16:52:41.182677+0800 ERROR readline echo: cold extrusion prevented

2025-06-13T16:52:41.184196+0800 ERROR readline ok

2025-06-13T16:52:41.190885+0800 ERROR SENT: N210 G0 F3600 X232.355 Y252.72*120
2025-06-13T16:52:41.192201+0800 ERROR write command N210 G0 F3600 X232.355 Y252.72*120
2025-06-13T16:52:41.193225+0800 ERROR second command N210 G0 F3600 X232.355 Y252.72*120
2025-06-13T16:52:41.194218+0800 ERROR finish command N210 G0 F3600 X232.355 Y252.72*120
2025-06-13T16:52:41.194731+0800 ERROR readline ok

2025-06-13T16:52:41.206952+0800 ERROR SENT: N211 G1 F2400 X194.648 Y215.013 E252.63973*15
2025-06-13T16:52:41.207961+0800 ERROR write command N211 G1 F2400 X194.648 Y215.013 E252.63973*15
2025-06-13T16:52:41.208963+0800 ERROR second command N211 G1 F2400 X194.648 Y215.013 E252.63973*15
2025-06-13T16:52:41.211037+0800 ERROR finish command N211 G1 F2400 X194.648 Y215.013 E252.63973*15
2025-06-13T16:52:41.216581+0800 ERROR readline echo: cold extrusion prevented

2025-06-13T16:52:41.218109+0800 ERROR readline ok

2025-06-13T16:52:41.222176+0800 ERROR SENT: N212 G0 F3600 X194.648 Y215.861*69
2025-06-13T16:52:41.224138+0800 ERROR write command N212 G0 F3600 X194.648 Y215.861*69
2025-06-13T16:52:41.225154+0800 ERROR second command N212 G0 F3600 X194.648 Y215.861*69
2025-06-13T16:52:41.225154+0800 ERROR readline ok

2025-06-13T16:52:41.226668+0800 ERROR finish command N212 G0 F3600 X194.648 Y215.861*69
2025-06-13T16:52:41.227680+0800 ERROR SENT: N213 G1 F2400 X231.507 Y252.72 E255.37036*51
2025-06-13T16:52:41.229190+0800 ERROR write command N213 G1 F2400 X231.507 Y252.72 E255.37036*51
2025-06-13T16:52:41.229190+0800 ERROR second command N213 G1 F2400 X231.507 Y252.72 E255.37036*51
2025-06-13T16:52:41.230719+0800 ERROR finish command N213 G1 F2400 X231.507 Y252.72 E255.37036*51
2025-06-13T16:52:41.236771+0800 ERROR readline echo: cold extrusion prevented

2025-06-13T16:52:41.237782+0800 ERROR readline ok

2025-06-13T16:52:41.254169+0800 ERROR SENT: N214 G0 F3600 X230.658 Y252.72*118
2025-06-13T16:52:41.255189+0800 ERROR write command N214 G0 F3600 X230.658 Y252.72*118
2025-06-13T16:52:41.255189+0800 ERROR second command N214 G0 F3600 X230.658 Y252.72*118
2025-06-13T16:52:41.255189+0800 ERROR finish command N214 G0 F3600 X230.658 Y252.72*118
2025-06-13T16:52:41.257387+0800 ERROR readline ok

2025-06-13T16:52:41.269513+0800 ERROR SENT: N215 G1 F2400 X194.648 Y216.71 E258.0381*4
2025-06-13T16:52:41.270538+0800 ERROR write command N215 G1 F2400 X194.648 Y216.71 E258.0381*4
2025-06-13T16:52:41.271529+0800 ERROR second command N215 G1 F2400 X194.648 Y216.71 E258.0381*4
2025-06-13T16:52:41.272539+0800 ERROR finish command N215 G1 F2400 X194.648 Y216.71 E258.0381*4
2025-06-13T16:52:41.278445+0800 ERROR readline echo: cold extrusion prevented

2025-06-13T16:52:41.280945+0800 ERROR readline ok

2025-06-13T16:52:41.284489+0800 ERROR SENT: N216 G0 F3600 X194.648 Y217.558*68
2025-06-13T16:52:41.284489+0800 ERROR write command N216 G0 F3600 X194.648 Y217.558*68
2025-06-13T16:52:41.286001+0800 ERROR second command N216 G0 F3600 X194.648 Y217.558*68
2025-06-13T16:52:41.287046+0800 ERROR finish command N216 G0 F3600 X194.648 Y217.558*68
2025-06-13T16:52:41.289046+0800 ERROR readline ok

2025-06-13T16:52:41.300506+0800 ERROR SENT: N217 G1 F2400 X229.81 Y252.72 E260.64301*2
2025-06-13T16:52:41.301502+0800 ERROR write command N217 G1 F2400 X229.81 Y252.72 E260.64301*2
2025-06-13T16:52:41.302596+0800 ERROR second command N217 G1 F2400 X229.81 Y252.72 E260.64301*2
2025-06-13T16:52:41.304108+0800 ERROR finish command N217 G1 F2400 X229.81 Y252.72 E260.64301*2
2025-06-13T16:52:41.309247+0800 ERROR readline echo: cold extrusion prevented

2025-06-13T16:52:41.311408+0800 ERROR readline ok

2025-06-13T16:52:41.315922+0800 ERROR SENT: N218 G0 F3600 X228.961 Y252.72*118
2025-06-13T16:52:41.316938+0800 ERROR write command N218 G0 F3600 X228.961 Y252.72*118
2025-06-13T16:52:41.318384+0800 ERROR second command N218 G0 F3600 X228.961 Y252.72*118
2025-06-13T16:52:41.319403+0800 ERROR finish command N218 G0 F3600 X228.961 Y252.72*118
2025-06-13T16:52:41.320521+0800 ERROR readline ok

2025-06-13T16:52:41.331230+0800 ERROR SENT: N219 G1 F2400 X194.648 Y218.407 E263.18503*14
2025-06-13T16:52:41.332234+0800 ERROR write command N219 G1 F2400 X194.648 Y218.407 E263.18503*14
2025-06-13T16:52:41.333234+0800 ERROR second command N219 G1 F2400 X194.648 Y218.407 E263.18503*14
2025-06-13T16:52:41.335349+0800 ERROR finish command N219 G1 F2400 X194.648 Y218.407 E263.18503*14
2025-06-13T16:52:41.341051+0800 ERROR readline echo: cold extrusion prevented

2025-06-13T16:52:41.595608+0800 ERROR empty readline 0
2025-06-13T16:52:41.861669+0800 ERROR empty readline 1
2025-06-13T16:52:42.086883+0800 ERROR readline X:228.9610 Y:252.7200 Z:0.2000 E:263.1850 Count X:80136 Y:88452 Z:400 STA: 5317375

2025-06-13T16:52:42.089720+0800 ERROR readline 

2025-06-13T16:52:42.353132+0800 ERROR empty readline 0
2025-06-13T16:52:42.584077+0800 ERROR readline ok

2025-06-13T16:52:42.589681+0800 ERROR SENT: N220 G0 F3600 X194.648 Y219.255*69
2025-06-13T16:52:42.590702+0800 ERROR write command N220 G0 F3600 X194.648 Y219.255*69
2025-06-13T16:52:42.594517+0800 ERROR second command N220 G0 F3600 X194.648 Y219.255*69
2025-06-13T16:52:42.595543+0800 ERROR finish command N220 G0 F3600 X194.648 Y219.255*69
2025-06-13T16:52:42.607736+0800 ERROR readline ok

2025-06-13T16:52:42.620384+0800 ERROR SENT: N221 G1 F2400 X228.113 Y252.72 E265.66422*61
2025-06-13T16:52:42.622391+0800 ERROR write command N221 G1 F2400 X228.113 Y252.72 E265.66422*61
2025-06-13T16:52:42.623387+0800 ERROR second command N221 G1 F2400 X228.113 Y252.72 E265.66422*61
2025-06-13T16:52:42.624908+0800 ERROR finish command N221 G1 F2400 X228.113 Y252.72 E265.66422*61
2025-06-13T16:52:42.629993+0800 ERROR readline echo: cold extrusion prevented

2025-06-13T16:52:42.884284+0800 ERROR empty readline 0
2025-06-13T16:52:43.087540+0800 ERROR readline X:194.6480 Y:219.2550 Z:0.2000 E:265.6642 Count X:68127 Y:76739 Z:400 STA: 5317375

2025-06-13T16:52:43.090270+0800 ERROR readline 

2025-06-13T16:52:43.346394+0800 ERROR empty readline 0
2025-06-13T16:52:43.608054+0800 ERROR empty readline 1
2025-06-13T16:52:43.872540+0800 ERROR empty readline 2
2025-06-13T16:52:43.949430+0800 ERROR readline ok

2025-06-13T16:52:43.952004+0800 ERROR SENT: N222 G0 F3600 X227.264 Y252.72*126
2025-06-13T16:52:43.952990+0800 ERROR write command N222 G0 F3600 X227.264 Y252.72*126
2025-06-13T16:52:43.955267+0800 ERROR second command N222 G0 F3600 X227.264 Y252.72*126
2025-06-13T16:52:43.955267+0800 ERROR finish command N222 G0 F3600 X227.264 Y252.72*126
2025-06-13T16:52:43.971574+0800 ERROR readline ok

2025-06-13T16:52:43.981938+0800 ERROR SENT: N223 G1 F2400 X194.648 Y220.104 E268.08052*1
2025-06-13T16:52:43.981938+0800 ERROR write command N223 G1 F2400 X194.648 Y220.104 E268.08052*1
2025-06-13T16:52:43.984474+0800 ERROR second command N223 G1 F2400 X194.648 Y220.104 E268.08052*1
2025-06-13T16:52:43.985755+0800 ERROR finish command N223 G1 F2400 X194.648 Y220.104 E268.08052*1
2025-06-13T16:52:43.990812+0800 ERROR readline echo: cold extrusion prevented

2025-06-13T16:52:44.089287+0800 ERROR readline X:227.2640 Y:252.7200 Z:0.2000 E:268.0805 Count X:79542 Y:88452 Z:400 STA: 5317375

2025-06-13T16:52:44.092761+0800 ERROR readline 

2025-06-13T16:52:44.353007+0800 ERROR empty readline 0
2025-06-13T16:52:44.615329+0800 ERROR empty readline 1
2025-06-13T16:52:44.881152+0800 ERROR empty readline 2
2025-06-13T16:52:45.088346+0800 ERROR readline X:227.2640 Y:252.7200 Z:0.2000 E:268.0805 Count X:79542 Y:88452 Z:400 STA: 5317375

2025-06-13T16:52:45.090533+0800 ERROR readline 

2025-06-13T16:52:45.282770+0800 ERROR readline ok

2025-06-13T16:52:45.285294+0800 ERROR SENT: N224 G0 F3600 X194.648 Y220.952*71
2025-06-13T16:52:45.286306+0800 ERROR write command N224 G0 F3600 X194.648 Y220.952*71
2025-06-13T16:52:45.287411+0800 ERROR second command N224 G0 F3600 X194.648 Y220.952*71
2025-06-13T16:52:45.287411+0800 ERROR finish command N224 G0 F3600 X194.648 Y220.952*71
2025-06-13T16:52:45.304974+0800 ERROR readline ok

2025-06-13T16:52:45.317098+0800 ERROR SENT: N225 G1 F2400 X226.416 Y252.72 E270.43399*51
2025-06-13T16:52:45.318101+0800 ERROR write command N225 G1 F2400 X226.416 Y252.72 E270.43399*51
2025-06-13T16:52:45.319098+0800 ERROR second command N225 G1 F2400 X226.416 Y252.72 E270.43399*51
2025-06-13T16:52:45.319611+0800 ERROR finish command N225 G1 F2400 X226.416 Y252.72 E270.43399*51
2025-06-13T16:52:45.325677+0800 ERROR readline echo: cold extrusion prevented

2025-06-13T16:52:45.580637+0800 ERROR empty readline 0
2025-06-13T16:52:45.847886+0800 ERROR empty readline 1
2025-06-13T16:52:45.864648+0800 INFO M105

2025-06-13T16:52:46.089212+0800 ERROR readline X:194.6480 Y:220.9520 Z:0.2000 E:270.4340 Count X:68127 Y:77333 Z:400 STA: 5317375

2025-06-13T16:52:46.092235+0800 ERROR readline 

2025-06-13T16:52:46.344176+0800 ERROR empty readline 0
2025-06-13T16:52:46.586521+0800 ERROR readline ok

2025-06-13T16:52:46.592133+0800 ERROR SENT: M105

2025-06-13T16:52:46.594137+0800 ERROR write command M105

2025-06-13T16:52:46.595131+0800 ERROR second command M105

2025-06-13T16:52:46.596132+0800 ERROR finish command M105

2025-06-13T16:52:46.596132+0800 ERROR readline ok

2025-06-13T16:52:46.603080+0800 ERROR readline  T:115.8967 /10 B:54.9750 /10 @:0 B@:0 VER: 1.3.2

2025-06-13T16:52:46.608108+0800 ERROR SENT: N226 G0 F3600 X225.567 Y252.72*124
2025-06-13T16:52:46.609626+0800 ERROR write command N226 G0 F3600 X225.567 Y252.72*124
2025-06-13T16:52:46.611724+0800 ERROR second command N226 G0 F3600 X225.567 Y252.72*124
2025-06-13T16:52:46.611724+0800 ERROR finish command N226 G0 F3600 X225.567 Y252.72*124
2025-06-13T16:52:46.612739+0800 ERROR readline ok

2025-06-13T16:52:46.624339+0800 ERROR SENT: N227 G1 F2400 X194.648 Y221.801 E272.72457*15
2025-06-13T16:52:46.624856+0800 ERROR write command N227 G1 F2400 X194.648 Y221.801 E272.72457*15
2025-06-13T16:52:46.625744+0800 ERROR second command N227 G1 F2400 X194.648 Y221.801 E272.72457*15
2025-06-13T16:52:46.626260+0800 ERROR finish command N227 G1 F2400 X194.648 Y221.801 E272.72457*15
2025-06-13T16:52:46.631310+0800 ERROR readline echo: cold extrusion prevented

2025-06-13T16:52:46.887561+0800 ERROR empty readline 0
2025-06-13T16:52:47.088380+0800 ERROR readline X:225.5670 Y:252.7200 Z:0.2000 E:272.7246 Count X:78948 Y:88452 Z:400 STA: 5317375

2025-06-13T16:52:47.090904+0800 ERROR readline 

2025-06-13T16:52:47.355389+0800 ERROR empty readline 0
2025-06-13T16:52:47.620299+0800 ERROR empty readline 1
2025-06-13T16:52:47.859670+0800 ERROR readline ok

2025-06-13T16:52:47.869099+0800 ERROR SENT: N228 G0 F3600 X194.648 Y222.65*116
2025-06-13T16:52:47.869615+0800 ERROR write command N228 G0 F3600 X194.648 Y222.65*116
2025-06-13T16:52:47.871178+0800 ERROR second command N228 G0 F3600 X194.648 Y222.65*116
2025-06-13T16:52:47.872188+0800 ERROR finish command N228 G0 F3600 X194.648 Y222.65*116
2025-06-13T16:52:47.880726+0800 ERROR readline ok

2025-06-13T16:52:47.882742+0800 ERROR SENT: N229 G1 F2400 X224.719 Y252.72 E274.95229*52
2025-06-13T16:52:47.884253+0800 ERROR write command N229 G1 F2400 X224.719 Y252.72 E274.95229*52
2025-06-13T16:52:47.885271+0800 ERROR second command N229 G1 F2400 X224.719 Y252.72 E274.95229*52
2025-06-13T16:52:47.886274+0800 ERROR finish command N229 G1 F2400 X224.719 Y252.72 E274.95229*52
2025-06-13T16:52:47.891317+0800 ERROR readline echo: cold extrusion prevented

2025-06-13T16:52:48.087907+0800 ERROR readline X:194.6480 Y:222.6500 Z:0.2000 E:274.9523 Count X:68127 Y:77928 Z:400 STA: 5317375

2025-06-13T16:52:48.091566+0800 ERROR readline 

2025-06-13T16:52:48.352101+0800 ERROR empty readline 0
2025-06-13T16:52:48.603622+0800 ERROR empty readline 1
2025-06-13T16:52:48.870144+0800 ERROR empty readline 2
2025-06-13T16:52:49.087726+0800 ERROR readline X:194.6480 Y:222.6500 Z:0.2000 E:274.9523 Count X:68127 Y:77928 Z:400 STA: 5317375

2025-06-13T16:52:49.090627+0800 ERROR readline 

2025-06-13T16:52:49.101451+0800 ERROR readline ok

2025-06-13T16:52:49.105422+0800 ERROR SENT: N230 G0 F3600 X223.87 Y252.72*70
2025-06-13T16:52:49.106422+0800 ERROR write command N230 G0 F3600 X223.87 Y252.72*70
2025-06-13T16:52:49.106422+0800 ERROR second command N230 G0 F3600 X223.87 Y252.72*70
2025-06-13T16:52:49.107850+0800 ERROR finish command N230 G0 F3600 X223.87 Y252.72*70
2025-06-13T16:52:49.123054+0800 ERROR readline ok

2025-06-13T16:52:49.134846+0800 ERROR SENT: N231 G1 F2400 X194.648 Y223.498 E277.11714*2
2025-06-13T16:52:49.134846+0800 ERROR write command N231 G1 F2400 X194.648 Y223.498 E277.11714*2
2025-06-13T16:52:49.136659+0800 ERROR second command N231 G1 F2400 X194.648 Y223.498 E277.11714*2
2025-06-13T16:52:49.139300+0800 ERROR finish command N231 G1 F2400 X194.648 Y223.498 E277.11714*2
2025-06-13T16:52:49.143564+0800 ERROR readline echo: cold extrusion prevented

2025-06-13T16:52:49.397854+0800 ERROR empty readline 0
2025-06-13T16:52:49.663246+0800 ERROR empty readline 1
2025-06-13T16:52:49.929339+0800 ERROR empty readline 2
2025-06-13T16:52:50.087787+0800 ERROR readline X:223.8700 Y:252.7200 Z:0.2000 E:277.1171 Count X:78355 Y:88452 Z:400 STA: 5318399

2025-06-13T16:52:50.090316+0800 ERROR readline 

2025-06-13T16:52:50.313479+0800 ERROR readline ok

2025-06-13T16:52:50.316703+0800 ERROR readline echo:broken has bigen

2025-06-13T16:52:50.319189+0800 ERROR SENT: N232 G0 F3600 X194.648 Y224.347*74
2025-06-13T16:52:50.321234+0800 ERROR write command N232 G0 F3600 X194.648 Y224.347*74
2025-06-13T16:52:50.322250+0800 ERROR second command N232 G0 F3600 X194.648 Y224.347*74
2025-06-13T16:52:50.323251+0800 ERROR finish command N232 G0 F3600 X194.648 Y224.347*74
2025-06-13T16:52:50.334353+0800 ERROR readline ok

2025-06-13T16:52:50.350261+0800 ERROR SENT: N233 G1 F2400 X223.021 Y252.72 E279.21911*54
2025-06-13T16:52:50.350799+0800 ERROR write command N233 G1 F2400 X223.021 Y252.72 E279.21911*54
2025-06-13T16:52:50.350799+0800 ERROR second command N233 G1 F2400 X223.021 Y252.72 E279.21911*54
2025-06-13T16:52:50.351823+0800 ERROR finish command N233 G1 F2400 X223.021 Y252.72 E279.21911*54
2025-06-13T16:52:50.357881+0800 ERROR readline echo: cold extrusion prevented

2025-06-13T16:52:50.614547+0800 ERROR empty readline 0
2025-06-13T16:52:50.878001+0800 ERROR empty readline 1
2025-06-13T16:52:51.088169+0800 ERROR readline X:194.6480 Y:224.3470 Z:0.2000 E:279.2191 Count X:68127 Y:78521 Z:400 STA: 5318399

2025-06-13T16:52:51.089679+0800 ERROR readline 

2025-06-13T16:52:51.347712+0800 ERROR empty readline 0
2025-06-13T16:52:51.495552+0800 ERROR readline ok

2025-06-13T16:52:51.506632+0800 ERROR SENT: N234 G0 F3600 X222.173 Y252.72*121
2025-06-13T16:52:51.508448+0800 ERROR write command N234 G0 F3600 X222.173 Y252.72*121
2025-06-13T16:52:51.508448+0800 ERROR second command N234 G0 F3600 X222.173 Y252.72*121
2025-06-13T16:52:51.509458+0800 ERROR finish command N234 G0 F3600 X222.173 Y252.72*121
2025-06-13T16:52:51.516634+0800 ERROR readline ok

2025-06-13T16:52:51.522981+0800 ERROR SENT: N235 G1 F2400 X194.648 Y225.195 E281.25825*11
2025-06-13T16:52:51.524491+0800 ERROR write command N235 G1 F2400 X194.648 Y225.195 E281.25825*11
2025-06-13T16:52:51.525507+0800 ERROR second command N235 G1 F2400 X194.648 Y225.195 E281.25825*11
2025-06-13T16:52:51.529024+0800 ERROR finish command N235 G1 F2400 X194.648 Y225.195 E281.25825*11
2025-06-13T16:52:51.531550+0800 ERROR readline echo: cold extrusion prevented

2025-06-13T16:52:51.785306+0800 ERROR empty readline 0
2025-06-13T16:52:52.051898+0800 ERROR empty readline 1
2025-06-13T16:52:52.089153+0800 ERROR readline X:222.1730 Y:252.7200 Z:0.2000 E:281.2582 Count X:77761 Y:88452 Z:400 STA: 5318399

2025-06-13T16:52:52.091170+0800 ERROR readline 

2025-06-13T16:52:52.349072+0800 ERROR empty readline 0
2025-06-13T16:52:52.615406+0800 ERROR empty readline 1
2025-06-13T16:52:52.647745+0800 ERROR readline ok

2025-06-13T16:52:52.661659+0800 ERROR SENT: N236 G0 F3600 X194.648 Y226.044*76
2025-06-13T16:52:52.662659+0800 ERROR write command N236 G0 F3600 X194.648 Y226.044*76
2025-06-13T16:52:52.664172+0800 ERROR second command N236 G0 F3600 X194.648 Y226.044*76
2025-06-13T16:52:52.664172+0800 ERROR finish command N236 G0 F3600 X194.648 Y226.044*76
2025-06-13T16:52:52.668370+0800 ERROR readline ok

2025-06-13T16:52:52.677666+0800 ERROR SENT: N237 G1 F2400 X221.324 Y252.72 E283.23449*49
2025-06-13T16:52:52.677666+0800 ERROR write command N237 G1 F2400 X221.324 Y252.72 E283.23449*49
2025-06-13T16:52:52.679185+0800 ERROR second command N237 G1 F2400 X221.324 Y252.72 E283.23449*49
2025-06-13T16:52:52.682567+0800 ERROR finish command N237 G1 F2400 X221.324 Y252.72 E283.23449*49
2025-06-13T16:52:52.685428+0800 ERROR readline echo: cold extrusion prevented

2025-06-13T16:52:52.945095+0800 ERROR empty readline 0
2025-06-13T16:52:53.089095+0800 ERROR readline X:194.6480 Y:226.0440 Z:0.2000 E:283.2345 Count X:68127 Y:79115 Z:400 STA: 5318399

2025-06-13T16:52:53.091580+0800 ERROR readline 

2025-06-13T16:52:53.346631+0800 ERROR empty readline 0
2025-06-13T16:52:53.612683+0800 ERROR empty readline 1
2025-06-13T16:52:53.769337+0800 ERROR readline ok

2025-06-13T16:52:53.784409+0800 ERROR SENT: N238 G0 F3600 X220.476 Y252.72*119
2025-06-13T16:52:53.786009+0800 ERROR write command N238 G0 F3600 X220.476 Y252.72*119
2025-06-13T16:52:53.786539+0800 ERROR second command N238 G0 F3600 X220.476 Y252.72*119
2025-06-13T16:52:53.786539+0800 ERROR finish command N238 G0 F3600 X220.476 Y252.72*119
2025-06-13T16:52:53.791600+0800 ERROR readline ok

2025-06-13T16:52:53.799626+0800 ERROR SENT: N239 G1 F2400 X194.648 Y226.892 E285.14791*12
2025-06-13T16:52:53.800634+0800 ERROR write command N239 G1 F2400 X194.648 Y226.892 E285.14791*12
2025-06-13T16:52:53.801642+0800 ERROR second command N239 G1 F2400 X194.648 Y226.892 E285.14791*12
2025-06-13T16:52:53.805162+0800 ERROR finish command N239 G1 F2400 X194.648 Y226.892 E285.14791*12
2025-06-13T16:52:53.809189+0800 ERROR readline echo: cold extrusion prevented

2025-06-13T16:52:54.064168+0800 ERROR empty readline 0
2025-06-13T16:52:54.087983+0800 ERROR readline X:220.4760 Y:252.7200 Z:0.2000 E:285.1479 Count X:77167 Y:88452 Z:400 STA: 5318399

2025-06-13T16:52:54.091004+0800 ERROR readline 

2025-06-13T16:52:54.359524+0800 ERROR empty readline 0
2025-06-13T16:52:54.611894+0800 ERROR empty readline 1
2025-06-13T16:52:54.861329+0800 ERROR readline ok

2025-06-13T16:52:54.874380+0800 ERROR SENT: N240 G0 F3600 X194.648 Y227.741*78
2025-06-13T16:52:54.874893+0800 ERROR write command N240 G0 F3600 X194.648 Y227.741*78
2025-06-13T16:52:54.876405+0800 ERROR second command N240 G0 F3600 X194.648 Y227.741*78
2025-06-13T16:52:54.876405+0800 ERROR finish command N240 G0 F3600 X194.648 Y227.741*78
2025-06-13T16:52:54.881860+0800 ERROR readline ok

2025-06-13T16:52:54.889485+0800 ERROR SENT: N241 G1 F2400 X219.627 Y252.72 E286.99843*63
2025-06-13T16:52:54.891520+0800 ERROR write command N241 G1 F2400 X219.627 Y252.72 E286.99843*63
2025-06-13T16:52:54.892528+0800 ERROR second command N241 G1 F2400 X219.627 Y252.72 E286.99843*63
2025-06-13T16:52:54.893545+0800 ERROR finish command N241 G1 F2400 X219.627 Y252.72 E286.99843*63
2025-06-13T16:52:54.899318+0800 ERROR readline echo: cold extrusion prevented

2025-06-13T16:52:55.086709+0800 ERROR readline X:194.6480 Y:227.7410 Z:0.2000 E:286.9984 Count X:68127 Y:79709 Z:400 STA: 5318399

2025-06-13T16:52:55.087719+0800 ERROR readline 

2025-06-13T16:52:55.280635+0800 INFO M105

2025-06-13T16:52:55.341763+0800 ERROR empty readline 0
2025-06-13T16:52:55.606811+0800 ERROR empty readline 1
2025-06-13T16:52:55.869144+0800 ERROR empty readline 2
2025-06-13T16:52:55.922023+0800 ERROR readline ok

2025-06-13T16:52:55.932549+0800 ERROR SENT: M105

2025-06-13T16:52:55.933627+0800 ERROR write command M105

2025-06-13T16:52:55.936206+0800 ERROR second command M105

2025-06-13T16:52:55.936206+0800 ERROR finish command M105

2025-06-13T16:52:55.937219+0800 ERROR readline ok

2025-06-13T16:52:55.941968+0800 ERROR readline  T:112.9076 /10 B:54.8625 /10 @:0 B@:0 VER: 1.3.2

2025-06-13T16:52:55.948022+0800 ERROR SENT: N242 G0 F3600 X218.779 Y252.72*125
2025-06-13T16:52:55.948022+0800 ERROR write command N242 G0 F3600 X218.779 Y252.72*125
2025-06-13T16:52:55.950561+0800 ERROR second command N242 G0 F3600 X218.779 Y252.72*125
2025-06-13T16:52:55.951947+0800 ERROR finish command N242 G0 F3600 X218.779 Y252.72*125
2025-06-13T16:52:55.952937+0800 ERROR readline ok

2025-06-13T16:52:55.964620+0800 ERROR SENT: N243 G1 F2400 X194.648 Y228.589 E288.78613*4
2025-06-13T16:52:55.965636+0800 ERROR write command N243 G1 F2400 X194.648 Y228.589 E288.78613*4
2025-06-13T16:52:55.966636+0800 ERROR second command N243 G1 F2400 X194.648 Y228.589 E288.78613*4
2025-06-13T16:52:55.967874+0800 ERROR finish command N243 G1 F2400 X194.648 Y228.589 E288.78613*4
2025-06-13T16:52:55.973476+0800 ERROR readline echo: cold extrusion prevented

2025-06-13T16:52:56.086939+0800 ERROR readline X:218.7790 Y:252.7200 Z:0.2000 E:288.7861 Count X:76573 Y:88452 Z:400 STA: 5318399

2025-06-13T16:52:56.087941+0800 ERROR readline 

2025-06-13T16:52:56.353558+0800 ERROR empty readline 0
2025-06-13T16:52:56.619619+0800 ERROR empty readline 1
2025-06-13T16:52:56.881818+0800 ERROR empty readline 2
2025-06-13T16:52:56.953545+0800 ERROR readline ok

2025-06-13T16:52:56.960650+0800 ERROR SENT: N244 G0 F3600 X194.648 Y229.438*73
2025-06-13T16:52:56.962059+0800 ERROR write command N244 G0 F3600 X194.648 Y229.438*73
2025-06-13T16:52:56.962059+0800 ERROR second command N244 G0 F3600 X194.648 Y229.438*73
2025-06-13T16:52:56.963575+0800 ERROR finish command N244 G0 F3600 X194.648 Y229.438*73
2025-06-13T16:52:56.974675+0800 ERROR readline ok

2025-06-13T16:52:56.976743+0800 ERROR SENT: N245 G1 F2400 X217.93 Y252.72 E290.51094*13
2025-06-13T16:52:56.978071+0800 ERROR write command N245 G1 F2400 X217.93 Y252.72 E290.51094*13
2025-06-13T16:52:56.979157+0800 ERROR second command N245 G1 F2400 X217.93 Y252.72 E290.51094*13
2025-06-13T16:52:56.981171+0800 ERROR finish command N245 G1 F2400 X217.93 Y252.72 E290.51094*13
2025-06-13T16:52:56.984681+0800 ERROR readline echo: cold extrusion prevented

2025-06-13T16:52:57.088510+0800 ERROR readline X:194.6480 Y:229.4380 Z:0.2000 E:290.5109 Count X:68127 Y:80303 Z:400 STA: 5318399

2025-06-13T16:52:57.091033+0800 ERROR readline 

2025-06-13T16:52:57.350285+0800 ERROR empty readline 0
2025-06-13T16:52:57.615441+0800 ERROR empty readline 1
2025-06-13T16:52:57.877687+0800 ERROR empty readline 2
2025-06-13T16:52:57.955187+0800 ERROR readline ok

2025-06-13T16:52:57.957710+0800 ERROR SENT: N246 G0 F3600 X217.082 Y252.72*117
2025-06-13T16:52:57.959226+0800 ERROR write command N246 G0 F3600 X217.082 Y252.72*117
2025-06-13T16:52:57.960236+0800 ERROR second command N246 G0 F3600 X217.082 Y252.72*117
2025-06-13T16:52:57.961247+0800 ERROR finish command N246 G0 F3600 X217.082 Y252.72*117
2025-06-13T16:52:57.975285+0800 ERROR readline ok

2025-06-13T16:52:57.985660+0800 ERROR SENT: N247 G1 F2400 X194.648 Y230.286 E292.17292*14
2025-06-13T16:52:57.987159+0800 ERROR write command N247 G1 F2400 X194.648 Y230.286 E292.17292*14
2025-06-13T16:52:57.988182+0800 ERROR second command N247 G1 F2400 X194.648 Y230.286 E292.17292*14
2025-06-13T16:52:57.992377+0800 ERROR finish command N247 G1 F2400 X194.648 Y230.286 E292.17292*14
2025-06-13T16:52:57.997695+0800 ERROR readline echo: cold extrusion prevented

2025-06-13T16:52:58.086235+0800 ERROR readline X:217.0820 Y:252.7200 Z:0.2000 E:292.1729 Count X:75979 Y:88452 Z:400 STA: 5318399

2025-06-13T16:52:58.089320+0800 ERROR readline 

2025-06-13T16:52:58.357585+0800 ERROR empty readline 0
2025-06-13T16:52:58.624146+0800 ERROR empty readline 1
2025-06-13T16:52:58.887095+0800 ERROR empty readline 2
2025-06-13T16:52:58.920440+0800 ERROR readline ok

2025-06-13T16:52:58.932599+0800 ERROR SENT: N248 G0 F3600 X194.648 Y231.135*68
2025-06-13T16:52:58.932599+0800 ERROR write command N248 G0 F3600 X194.648 Y231.135*68
2025-06-13T16:52:58.934120+0800 ERROR second command N248 G0 F3600 X194.648 Y231.135*68
2025-06-13T16:52:58.934120+0800 ERROR finish command N248 G0 F3600 X194.648 Y231.135*68
2025-06-13T16:52:58.942158+0800 ERROR readline ok

2025-06-13T16:52:58.948519+0800 ERROR SENT: N249 G1 F2400 X216.233 Y252.72 E293.772*48
2025-06-13T16:52:58.949026+0800 ERROR write command N249 G1 F2400 X216.233 Y252.72 E293.772*48
2025-06-13T16:52:58.949026+0800 ERROR second command N249 G1 F2400 X216.233 Y252.72 E293.772*48
2025-06-13T16:52:58.949026+0800 ERROR finish command N249 G1 F2400 X216.233 Y252.72 E293.772*48
2025-06-13T16:52:58.952767+0800 ERROR readline echo: cold extrusion prevented

2025-06-13T16:52:59.086260+0800 ERROR readline X:194.6480 Y:231.1350 Z:0.2000 E:293.7720 Count X:68127 Y:80897 Z:400 STA: 5318399

2025-06-13T16:52:59.088276+0800 ERROR readline 

2025-06-13T16:52:59.350144+0800 ERROR empty readline 0
2025-06-13T16:52:59.614496+0800 ERROR empty readline 1
2025-06-13T16:52:59.862439+0800 ERROR readline ok

2025-06-13T16:52:59.879181+0800 ERROR SENT: N250 G0 F3600 X215.385 Y252.72*116
2025-06-13T16:52:59.879692+0800 ERROR write command N250 G0 F3600 X215.385 Y252.72*116
2025-06-13T16:52:59.880715+0800 ERROR second command N250 G0 F3600 X215.385 Y252.72*116
2025-06-13T16:52:59.880715+0800 ERROR finish command N250 G0 F3600 X215.385 Y252.72*116
2025-06-13T16:52:59.882727+0800 ERROR readline ok

2025-06-13T16:52:59.894357+0800 ERROR SENT: N251 G1 F2400 X194.648 Y231.983 E295.30827*0
2025-06-13T16:52:59.895377+0800 ERROR write command N251 G1 F2400 X194.648 Y231.983 E295.30827*0
2025-06-13T16:52:59.896397+0800 ERROR second command N251 G1 F2400 X194.648 Y231.983 E295.30827*0
2025-06-13T16:52:59.897710+0800 ERROR finish command N251 G1 F2400 X194.648 Y231.983 E295.30827*0
2025-06-13T16:52:59.904800+0800 ERROR readline echo: cold extrusion prevented

2025-06-13T16:53:00.087406+0800 ERROR readline X:215.3850 Y:252.7200 Z:0.2000 E:295.3083 Count X:75385 Y:88452 Z:400 STA: 5318399

2025-06-13T16:53:00.089934+0800 ERROR readline 

2025-06-13T16:53:00.347009+0800 ERROR empty readline 0
2025-06-13T16:53:00.610887+0800 ERROR empty readline 1
2025-06-13T16:53:00.768671+0800 ERROR readline ok

2025-06-13T16:53:00.781305+0800 ERROR SENT: N252 G0 F3600 X194.648 Y232.832*66
2025-06-13T16:53:00.782312+0800 ERROR write command N252 G0 F3600 X194.648 Y232.832*66
2025-06-13T16:53:00.783313+0800 ERROR second command N252 G0 F3600 X194.648 Y232.832*66
2025-06-13T16:53:00.783313+0800 ERROR finish command N252 G0 F3600 X194.648 Y232.832*66
2025-06-13T16:53:00.789346+0800 ERROR readline ok

2025-06-13T16:53:00.797740+0800 ERROR SENT: N253 G1 F2400 X214.536 Y252.72 E296.78163*55
2025-06-13T16:53:00.798543+0800 ERROR write command N253 G1 F2400 X214.536 Y252.72 E296.78163*55
2025-06-13T16:53:00.799568+0800 ERROR second command N253 G1 F2400 X214.536 Y252.72 E296.78163*55
2025-06-13T16:53:00.801128+0800 ERROR finish command N253 G1 F2400 X214.536 Y252.72 E296.78163*55
2025-06-13T16:53:00.806157+0800 ERROR readline echo: cold extrusion prevented

2025-06-13T16:53:01.061624+0800 ERROR empty readline 0
2025-06-13T16:53:01.086646+0800 ERROR readline X:194.6480 Y:232.8320 Z:0.2000 E:296.7816 Count X:68127 Y:81491 Z:400 STA: 5318399

2025-06-13T16:53:01.088127+0800 ERROR readline 

2025-06-13T16:53:01.354274+0800 ERROR empty readline 0
2025-06-13T16:53:01.620668+0800 ERROR empty readline 1
2025-06-13T16:53:01.649062+0800 ERROR readline ok

2025-06-13T16:53:01.652109+0800 ERROR SENT: N254 G0 F3600 X213.688 Y252.72*126
2025-06-13T16:53:01.654613+0800 ERROR write command N254 G0 F3600 X213.688 Y252.72*126
2025-06-13T16:53:01.654613+0800 ERROR second command N254 G0 F3600 X213.688 Y252.72*126
2025-06-13T16:53:01.657169+0800 ERROR finish command N254 G0 F3600 X213.688 Y252.72*126
2025-06-13T16:53:01.669243+0800 ERROR readline ok

2025-06-13T16:53:01.682752+0800 ERROR SENT: N255 G1 F2400 X194.648 Y233.68 E298.19218*58
2025-06-13T16:53:01.682752+0800 ERROR write command N255 G1 F2400 X194.648 Y233.68 E298.19218*58
2025-06-13T16:53:01.684263+0800 ERROR second command N255 G1 F2400 X194.648 Y233.68 E298.19218*58
2025-06-13T16:53:01.685289+0800 ERROR finish command N255 G1 F2400 X194.648 Y233.68 E298.19218*58
2025-06-13T16:53:01.690357+0800 ERROR readline echo: cold extrusion prevented

2025-06-13T16:53:01.950708+0800 ERROR empty readline 0
2025-06-13T16:53:02.086164+0800 ERROR readline X:213.6880 Y:252.7200 Z:0.2000 E:298.1922 Count X:74791 Y:88452 Z:400 STA: 5318399

2025-06-13T16:53:02.088180+0800 ERROR readline 

2025-06-13T16:53:02.341301+0800 ERROR empty readline 0
2025-06-13T16:53:02.499780+0800 ERROR readline ok

2025-06-13T16:53:02.513895+0800 ERROR SENT: N256 G0 F3600 X194.648 Y234.529*71
2025-06-13T16:53:02.514411+0800 ERROR write command N256 G0 F3600 X194.648 Y234.529*71
2025-06-13T16:53:02.514411+0800 ERROR second command N256 G0 F3600 X194.648 Y234.529*71
2025-06-13T16:53:02.515934+0800 ERROR finish command N256 G0 F3600 X194.648 Y234.529*71
2025-06-13T16:53:02.520477+0800 ERROR readline ok

2025-06-13T16:53:02.528518+0800 ERROR SENT: N257 G1 F2400 X212.839 Y252.72 E299.53982*54
2025-06-13T16:53:02.529515+0800 ERROR write command N257 G1 F2400 X212.839 Y252.72 E299.53982*54
2025-06-13T16:53:02.530041+0800 ERROR second command N257 G1 F2400 X212.839 Y252.72 E299.53982*54
2025-06-13T16:53:02.531058+0800 ERROR finish command N257 G1 F2400 X212.839 Y252.72 E299.53982*54
2025-06-13T16:53:02.536077+0800 ERROR readline echo: cold extrusion prevented

2025-06-13T16:53:02.792206+0800 ERROR empty readline 0
2025-06-13T16:53:03.059301+0800 ERROR empty readline 1
2025-06-13T16:53:03.086591+0800 ERROR readline X:194.6480 Y:234.5290 Z:0.2000 E:299.5398 Count X:68127 Y:82085 Z:400 STA: 5318399

2025-06-13T16:53:03.089124+0800 ERROR readline 

2025-06-13T16:53:03.319656+0800 ERROR readline ok

2025-06-13T16:53:03.325218+0800 ERROR SENT: N258 G0 F3600 X211.991 Y252.72*119
2025-06-13T16:53:03.325218+0800 ERROR write command N258 G0 F3600 X211.991 Y252.72*119
2025-06-13T16:53:03.325218+0800 ERROR second command N258 G0 F3600 X211.991 Y252.72*119
2025-06-13T16:53:03.326733+0800 ERROR finish command N258 G0 F3600 X211.991 Y252.72*119
2025-06-13T16:53:03.340445+0800 ERROR readline ok

2025-06-13T16:53:03.355052+0800 ERROR SENT: N259 G1 F2400 X194.648 Y235.377 E300.82465*3
2025-06-13T16:53:03.355564+0800 ERROR write command N259 G1 F2400 X194.648 Y235.377 E300.82465*3
2025-06-13T16:53:03.356580+0800 ERROR second command N259 G1 F2400 X194.648 Y235.377 E300.82465*3
2025-06-13T16:53:03.359088+0800 ERROR finish command N259 G1 F2400 X194.648 Y235.377 E300.82465*3
2025-06-13T16:53:03.362673+0800 ERROR readline echo: cold extrusion prevented

2025-06-13T16:53:03.629551+0800 ERROR empty readline 0
2025-06-13T16:53:03.884892+0800 ERROR empty readline 1
2025-06-13T16:53:04.084416+0800 ERROR readline X:211.9910 Y:252.7200 Z:0.2000 E:300.8246 Count X:74197 Y:88452 Z:400 STA: 5318399

2025-06-13T16:53:04.086958+0800 ERROR readline 

2025-06-13T16:53:04.109202+0800 ERROR readline ok

2025-06-13T16:53:04.119683+0800 ERROR SENT: N260 G0 F3600 X194.648 Y236.226*72
2025-06-13T16:53:04.120366+0800 ERROR write command N260 G0 F3600 X194.648 Y236.226*72
2025-06-13T16:53:04.121373+0800 ERROR second command N260 G0 F3600 X194.648 Y236.226*72
2025-06-13T16:53:04.122367+0800 ERROR finish command N260 G0 F3600 X194.648 Y236.226*72
2025-06-13T16:53:04.130289+0800 ERROR readline ok

2025-06-13T16:53:04.134291+0800 ERROR SENT: N261 G1 F2400 X211.142 Y252.72 E302.04658*60
2025-06-13T16:53:04.135307+0800 ERROR write command N261 G1 F2400 X211.142 Y252.72 E302.04658*60
2025-06-13T16:53:04.136815+0800 ERROR second command N261 G1 F2400 X211.142 Y252.72 E302.04658*60
2025-06-13T16:53:04.137840+0800 ERROR finish command N261 G1 F2400 X211.142 Y252.72 E302.04658*60
2025-06-13T16:53:04.142382+0800 ERROR readline echo: cold extrusion prevented

2025-06-13T16:53:04.396877+0800 ERROR empty readline 0
2025-06-13T16:53:04.660929+0800 ERROR empty readline 1
2025-06-13T16:53:04.832021+0800 INFO M105

2025-06-13T16:53:04.869584+0800 ERROR readline ok

2025-06-13T16:53:04.879231+0800 ERROR SENT: M105

2025-06-13T16:53:04.880752+0800 ERROR write command M105

2025-06-13T16:53:04.881767+0800 ERROR second command M105

2025-06-13T16:53:04.881767+0800 ERROR finish command M105

2025-06-13T16:53:04.882763+0800 ERROR readline ok

2025-06-13T16:53:04.889314+0800 ERROR readline  T:110.0544 /10 B:54.6750 /10 @:0 B@:0 VER: 1.3.2

2025-06-13T16:53:04.899330+0800 ERROR SENT: N262 G0 F3600 X210.294 Y252.72*113
2025-06-13T16:53:04.899882+0800 ERROR write command N262 G0 F3600 X210.294 Y252.72*113
2025-06-13T16:53:04.901884+0800 ERROR second command N262 G0 F3600 X210.294 Y252.72*113
2025-06-13T16:53:04.902941+0800 ERROR finish command N262 G0 F3600 X210.294 Y252.72*113
2025-06-13T16:53:04.902941+0800 ERROR readline ok

2025-06-13T16:53:04.911061+0800 ERROR SENT: N263 G1 F2400 X194.648 Y237.075 E303.20564*2
2025-06-13T16:53:04.912073+0800 ERROR write command N263 G1 F2400 X194.648 Y237.075 E303.20564*2
2025-06-13T16:53:04.913070+0800 ERROR second command N263 G1 F2400 X194.648 Y237.075 E303.20564*2
2025-06-13T16:53:04.914070+0800 ERROR finish command N263 G1 F2400 X194.648 Y237.075 E303.20564*2
2025-06-13T16:53:04.917178+0800 ERROR readline echo: cold extrusion prevented

2025-06-13T16:53:05.082854+0800 ERROR readline X:210.2940 Y:252.7200 Z:0.2000 E:303.2056 Count X:73603 Y:88452 Z:400 STA: 5318399

2025-06-13T16:53:05.085379+0800 ERROR readline 

2025-06-13T16:53:05.350764+0800 ERROR empty readline 0
2025-06-13T16:53:05.599978+0800 ERROR readline ok

2025-06-13T16:53:05.602533+0800 ERROR SENT: N264 G0 F3600 X194.648 Y237.923*67
2025-06-13T16:53:05.603530+0800 ERROR write command N264 G0 F3600 X194.648 Y237.923*67
2025-06-13T16:53:05.604529+0800 ERROR second command N264 G0 F3600 X194.648 Y237.923*67
2025-06-13T16:53:05.604529+0800 ERROR finish command N264 G0 F3600 X194.648 Y237.923*67
2025-06-13T16:53:05.620218+0800 ERROR readline ok

2025-06-13T16:53:05.631693+0800 ERROR SENT: N265 G1 F2400 X209.445 Y252.72 E304.30185*53
2025-06-13T16:53:05.632721+0800 ERROR write command N265 G1 F2400 X209.445 Y252.72 E304.30185*53
2025-06-13T16:53:05.632721+0800 ERROR second command N265 G1 F2400 X209.445 Y252.72 E304.30185*53
2025-06-13T16:53:05.632721+0800 ERROR finish command N265 G1 F2400 X209.445 Y252.72 E304.30185*53
2025-06-13T16:53:05.639032+0800 ERROR readline echo: cold extrusion prevented

2025-06-13T16:53:05.896842+0800 ERROR empty readline 0
2025-06-13T16:53:06.087673+0800 ERROR readline X:194.6480 Y:237.9230 Z:0.2000 E:304.3018 Count X:68127 Y:83273 Z:400 STA: 5318399

2025-06-13T16:53:06.092214+0800 ERROR readline 

2025-06-13T16:53:06.300005+0800 ERROR readline ok

2025-06-13T16:53:06.314272+0800 ERROR SENT: N266 G0 F3600 X208.597 Y252.72*120
2025-06-13T16:53:06.314785+0800 ERROR write command N266 G0 F3600 X208.597 Y252.72*120
2025-06-13T16:53:06.315815+0800 ERROR second command N266 G0 F3600 X208.597 Y252.72*120
2025-06-13T16:53:06.315815+0800 ERROR finish command N266 G0 F3600 X208.597 Y252.72*120
2025-06-13T16:53:06.320238+0800 ERROR readline ok

2025-06-13T16:53:06.329727+0800 ERROR SENT: N267 G1 F2400 X194.648 Y238.772 E305.3352*61
2025-06-13T16:53:06.330788+0800 ERROR write command N267 G1 F2400 X194.648 Y238.772 E305.3352*61
2025-06-13T16:53:06.330788+0800 ERROR second command N267 G1 F2400 X194.648 Y238.772 E305.3352*61
2025-06-13T16:53:06.332800+0800 ERROR finish command N267 G1 F2400 X194.648 Y238.772 E305.3352*61
2025-06-13T16:53:06.337570+0800 ERROR readline echo: cold extrusion prevented

2025-06-13T16:53:06.595513+0800 ERROR empty readline 0
2025-06-13T16:53:06.859614+0800 ERROR empty readline 1
2025-06-13T16:53:06.968966+0800 ERROR readline ok

2025-06-13T16:53:06.983452+0800 ERROR SENT: N268 G0 F3600 X194.648 Y239.62*125
2025-06-13T16:53:06.984459+0800 ERROR write command N268 G0 F3600 X194.648 Y239.62*125
2025-06-13T16:53:06.984459+0800 ERROR second command N268 G0 F3600 X194.648 Y239.62*125
2025-06-13T16:53:06.984459+0800 ERROR finish command N268 G0 F3600 X194.648 Y239.62*125
2025-06-13T16:53:06.989947+0800 ERROR readline ok

2025-06-13T16:53:06.999395+0800 ERROR SENT: N269 G1 F2400 X207.748 Y252.72 E306.30569*61
2025-06-13T16:53:07.000200+0800 ERROR write command N269 G1 F2400 X207.748 Y252.72 E306.30569*61
2025-06-13T16:53:07.001203+0800 ERROR second command N269 G1 F2400 X207.748 Y252.72 E306.30569*61
2025-06-13T16:53:07.002206+0800 ERROR finish command N269 G1 F2400 X207.748 Y252.72 E306.30569*61
2025-06-13T16:53:07.007286+0800 ERROR readline echo: cold extrusion prevented

2025-06-13T16:53:07.085406+0800 ERROR readline X:194.6480 Y:239.6200 Z:0.2000 E:306.3057 Count X:68127 Y:83867 Z:400 STA: 5318399

2025-06-13T16:53:07.086406+0800 ERROR readline 

2025-06-13T16:53:07.344279+0800 ERROR empty readline 0
2025-06-13T16:53:07.607055+0800 ERROR empty readline 1
2025-06-13T16:53:07.610279+0800 ERROR readline ok

2025-06-13T16:53:07.624160+0800 ERROR SENT: N270 G0 F3600 X206.899 Y252.72*114
2025-06-13T16:53:07.625693+0800 ERROR write command N270 G0 F3600 X206.899 Y252.72*114
2025-06-13T16:53:07.627239+0800 ERROR second command N270 G0 F3600 X206.899 Y252.72*114
2025-06-13T16:53:07.628236+0800 ERROR finish command N270 G0 F3600 X206.899 Y252.72*114
2025-06-13T16:53:07.630261+0800 ERROR readline ok

2025-06-13T16:53:07.638001+0800 ERROR SENT: N271 G1 F2400 X194.648 Y240.469 E307.21328*3
2025-06-13T16:53:07.639513+0800 ERROR write command N271 G1 F2400 X194.648 Y240.469 E307.21328*3
2025-06-13T16:53:07.640530+0800 ERROR second command N271 G1 F2400 X194.648 Y240.469 E307.21328*3
2025-06-13T16:53:07.641555+0800 ERROR finish command N271 G1 F2400 X194.648 Y240.469 E307.21328*3
2025-06-13T16:53:07.646418+0800 ERROR readline echo: cold extrusion prevented

2025-06-13T16:53:07.904506+0800 ERROR empty readline 0
2025-06-13T16:53:08.085145+0800 ERROR readline X:206.8990 Y:252.7200 Z:0.2000 E:307.2133 Count X:72415 Y:88452 Z:400 STA: 5318399

2025-06-13T16:53:08.086617+0800 ERROR readline 

2025-06-13T16:53:08.217854+0800 ERROR readline ok

2025-06-13T16:53:08.231549+0800 ERROR SENT: N272 G0 F3600 X194.648 Y241.317*72
2025-06-13T16:53:08.233541+0800 ERROR write command N272 G0 F3600 X194.648 Y241.317*72
2025-06-13T16:53:08.234551+0800 ERROR second command N272 G0 F3600 X194.648 Y241.317*72
2025-06-13T16:53:08.235738+0800 ERROR finish command N272 G0 F3600 X194.648 Y241.317*72
2025-06-13T16:53:08.238338+0800 ERROR readline ok

2025-06-13T16:53:08.247146+0800 ERROR SENT: N273 G1 F2400 X206.051 Y252.72 E308.05805*55
2025-06-13T16:53:08.248133+0800 ERROR write command N273 G1 F2400 X206.051 Y252.72 E308.05805*55
2025-06-13T16:53:08.249152+0800 ERROR second command N273 G1 F2400 X206.051 Y252.72 E308.05805*55
2025-06-13T16:53:08.249152+0800 ERROR finish command N273 G1 F2400 X206.051 Y252.72 E308.05805*55
2025-06-13T16:53:08.254193+0800 ERROR readline echo: cold extrusion prevented

2025-06-13T16:53:08.513491+0800 ERROR empty readline 0
2025-06-13T16:53:08.777791+0800 ERROR empty readline 1
2025-06-13T16:53:08.796779+0800 ERROR readline ok

2025-06-13T16:53:08.809581+0800 ERROR SENT: N274 G0 F3600 X205.202 Y252.72*125
2025-06-13T16:53:08.810516+0800 ERROR write command N274 G0 F3600 X205.202 Y252.72*125
2025-06-13T16:53:08.811535+0800 ERROR second command N274 G0 F3600 X205.202 Y252.72*125
2025-06-13T16:53:08.811535+0800 ERROR finish command N274 G0 F3600 X205.202 Y252.72*125
2025-06-13T16:53:08.817583+0800 ERROR readline ok

2025-06-13T16:53:08.824898+0800 ERROR SENT: N275 G1 F2400 X194.648 Y242.166 E308.83993*2
2025-06-13T16:53:08.824898+0800 ERROR write command N275 G1 F2400 X194.648 Y242.166 E308.83993*2
2025-06-13T16:53:08.826408+0800 ERROR second command N275 G1 F2400 X194.648 Y242.166 E308.83993*2
2025-06-13T16:53:08.827420+0800 ERROR finish command N275 G1 F2400 X194.648 Y242.166 E308.83993*2
2025-06-13T16:53:08.832470+0800 ERROR readline echo: cold extrusion prevented

2025-06-13T16:53:09.085183+0800 ERROR readline X:205.2020 Y:252.7200 Z:0.2000 E:308.8399 Count X:71821 Y:88452 Z:400 STA: 5318399

2025-06-13T16:53:09.088715+0800 ERROR readline 

2025-06-13T16:53:09.345444+0800 ERROR readline ok

2025-06-13T16:53:09.351803+0800 ERROR SENT: N276 G0 F3600 X194.648 Y243.014*78
2025-06-13T16:53:09.352946+0800 ERROR write command N276 G0 F3600 X194.648 Y243.014*78
2025-06-13T16:53:09.354477+0800 ERROR second command N276 G0 F3600 X194.648 Y243.014*78
2025-06-13T16:53:09.354477+0800 ERROR finish command N276 G0 F3600 X194.648 Y243.014*78
2025-06-13T16:53:09.367488+0800 ERROR readline ok

2025-06-13T16:53:09.367488+0800 ERROR SENT: N277 G1 F2400 X204.354 Y252.72 E309.55898*55
2025-06-13T16:53:09.370023+0800 ERROR write command N277 G1 F2400 X204.354 Y252.72 E309.55898*55
2025-06-13T16:53:09.372044+0800 ERROR second command N277 G1 F2400 X204.354 Y252.72 E309.55898*55
2025-06-13T16:53:09.373027+0800 ERROR finish command N277 G1 F2400 X204.354 Y252.72 E309.55898*55
2025-06-13T16:53:09.378063+0800 ERROR readline echo: cold extrusion prevented

2025-06-13T16:53:09.632609+0800 ERROR empty readline 0
2025-06-13T16:53:09.864888+0800 ERROR readline ok

2025-06-13T16:53:09.868421+0800 ERROR SENT: N278 G0 F3600 X203.505 Y252.72*119
2025-06-13T16:53:09.869937+0800 ERROR write command N278 G0 F3600 X203.505 Y252.72*119
2025-06-13T16:53:09.870446+0800 ERROR second command N278 G0 F3600 X203.505 Y252.72*119
2025-06-13T16:53:09.871463+0800 ERROR finish command N278 G0 F3600 X203.505 Y252.72*119
2025-06-13T16:53:09.885814+0800 ERROR readline ok

2025-06-13T16:53:09.900216+0800 ERROR SENT: N279 G1 F2400 X194.648 Y243.863 E310.21513*6
2025-06-13T16:53:09.901305+0800 ERROR write command N279 G1 F2400 X194.648 Y243.863 E310.21513*6
2025-06-13T16:53:09.903327+0800 ERROR second command N279 G1 F2400 X194.648 Y243.863 E310.21513*6
2025-06-13T16:53:09.905592+0800 ERROR finish command N279 G1 F2400 X194.648 Y243.863 E310.21513*6
2025-06-13T16:53:09.910525+0800 ERROR readline echo: cold extrusion prevented

2025-06-13T16:53:10.085143+0800 ERROR readline X:203.5050 Y:252.7200 Z:0.2000 E:310.2151 Count X:71227 Y:88452 Z:400 STA: 5318399

2025-06-13T16:53:10.087934+0800 ERROR readline 

2025-06-13T16:53:10.349833+0800 ERROR empty readline 0
2025-06-13T16:53:10.352953+0800 ERROR readline ok

2025-06-13T16:53:10.364497+0800 ERROR SENT: N280 G0 F3600 X194.648 Y244.711*66
2025-06-13T16:53:10.365007+0800 ERROR write command N280 G0 F3600 X194.648 Y244.711*66
2025-06-13T16:53:10.365007+0800 ERROR second command N280 G0 F3600 X194.648 Y244.711*66
2025-06-13T16:53:10.366532+0800 ERROR finish command N280 G0 F3600 X194.648 Y244.711*66
2025-06-13T16:53:10.373940+0800 ERROR readline ok

2025-06-13T16:53:10.380573+0800 ERROR SENT: N281 G1 F2400 X202.657 Y252.72 E310.80847*60
2025-06-13T16:53:10.381568+0800 ERROR write command N281 G1 F2400 X202.657 Y252.72 E310.80847*60
2025-06-13T16:53:10.381568+0800 ERROR second command N281 G1 F2400 X202.657 Y252.72 E310.80847*60
2025-06-13T16:53:10.382570+0800 ERROR finish command N281 G1 F2400 X202.657 Y252.72 E310.80847*60
2025-06-13T16:53:10.387639+0800 ERROR readline echo: cold extrusion prevented

2025-06-13T16:53:10.645377+0800 ERROR empty readline 0
2025-06-13T16:53:10.812164+0800 ERROR readline ok

2025-06-13T16:53:10.816248+0800 ERROR SENT: N282 G0 F3600 X201.808 Y252.72*112
2025-06-13T16:53:10.817261+0800 ERROR write command N282 G0 F3600 X201.808 Y252.72*112
2025-06-13T16:53:10.819267+0800 ERROR second command N282 G0 F3600 X201.808 Y252.72*112
2025-06-13T16:53:10.820302+0800 ERROR finish command N282 G0 F3600 X201.808 Y252.72*112
2025-06-13T16:53:10.833326+0800 ERROR readline ok

2025-06-13T16:53:10.847541+0800 ERROR SENT: N283 G1 F2400 X194.648 Y245.56 E311.3389*15
2025-06-13T16:53:10.849026+0800 ERROR write command N283 G1 F2400 X194.648 Y245.56 E311.3389*15
2025-06-13T16:53:10.849538+0800 ERROR second command N283 G1 F2400 X194.648 Y245.56 E311.3389*15
2025-06-13T16:53:10.850556+0800 ERROR finish command N283 G1 F2400 X194.648 Y245.56 E311.3389*15
2025-06-13T16:53:10.857125+0800 ERROR readline echo: cold extrusion prevented

2025-06-13T16:53:11.084686+0800 ERROR readline X:201.8080 Y:252.7200 Z:0.2000 E:311.3389 Count X:70633 Y:88452 Z:400 STA: 5318399

2025-06-13T16:53:11.086710+0800 ERROR readline 

2025-06-13T16:53:11.240644+0800 ERROR readline ok

2025-06-13T16:53:11.250246+0800 ERROR SENT: N284 G0 F3600 X194.648 Y246.408*79
2025-06-13T16:53:11.251244+0800 ERROR write command N284 G0 F3600 X194.648 Y246.408*79
2025-06-13T16:53:11.252262+0800 ERROR second command N284 G0 F3600 X194.648 Y246.408*79
2025-06-13T16:53:11.253255+0800 ERROR finish command N284 G0 F3600 X194.648 Y246.408*79
2025-06-13T16:53:11.261320+0800 ERROR readline ok

2025-06-13T16:53:11.266349+0800 ERROR SENT: N285 G1 F2400 X200.96 Y252.72 E311.80651*9
2025-06-13T16:53:11.266349+0800 ERROR write command N285 G1 F2400 X200.96 Y252.72 E311.80651*9
2025-06-13T16:53:11.268624+0800 ERROR second command N285 G1 F2400 X200.96 Y252.72 E311.80651*9
2025-06-13T16:53:11.269615+0800 ERROR finish command N285 G1 F2400 X200.96 Y252.72 E311.80651*9
2025-06-13T16:53:11.272970+0800 ERROR readline echo: cold extrusion prevented

2025-06-13T16:53:11.531113+0800 ERROR empty readline 0
2025-06-13T16:53:11.639036+0800 ERROR readline ok

2025-06-13T16:53:11.640604+0800 ERROR SENT: N286 G0 F3600 X200.111 Y252.72*116
2025-06-13T16:53:11.641622+0800 ERROR write command N286 G0 F3600 X200.111 Y252.72*116
2025-06-13T16:53:11.645279+0800 ERROR second command N286 G0 F3600 X200.111 Y252.72*116
2025-06-13T16:53:11.645279+0800 ERROR finish command N286 G0 F3600 X200.111 Y252.72*116
2025-06-13T16:53:11.659838+0800 ERROR readline ok

2025-06-13T16:53:11.670255+0800 ERROR SENT: N287 G1 F2400 X194.648 Y247.257 E312.21123*11
2025-06-13T16:53:11.671254+0800 ERROR write command N287 G1 F2400 X194.648 Y247.257 E312.21123*11
2025-06-13T16:53:11.673267+0800 ERROR second command N287 G1 F2400 X194.648 Y247.257 E312.21123*11
2025-06-13T16:53:11.674838+0800 ERROR finish command N287 G1 F2400 X194.648 Y247.257 E312.21123*11
2025-06-13T16:53:11.680959+0800 ERROR readline echo: cold extrusion prevented

2025-06-13T16:53:11.947803+0800 ERROR empty readline 0
2025-06-13T16:53:12.007025+0800 ERROR readline ok

2025-06-13T16:53:12.010973+0800 ERROR SENT: N288 G0 F3600 X194.648 Y248.105*69
2025-06-13T16:53:12.011992+0800 ERROR write command N288 G0 F3600 X194.648 Y248.105*69
2025-06-13T16:53:12.013002+0800 ERROR second command N288 G0 F3600 X194.648 Y248.105*69
2025-06-13T16:53:12.014520+0800 ERROR finish command N288 G0 F3600 X194.648 Y248.105*69
2025-06-13T16:53:12.027899+0800 ERROR readline ok

2025-06-13T16:53:12.041295+0800 ERROR SENT: N289 G1 F2400 X199.263 Y252.72 E312.55313*54
2025-06-13T16:53:12.043298+0800 ERROR write command N289 G1 F2400 X199.263 Y252.72 E312.55313*54
2025-06-13T16:53:12.044814+0800 ERROR second command N289 G1 F2400 X199.263 Y252.72 E312.55313*54
2025-06-13T16:53:12.047361+0800 ERROR finish command N289 G1 F2400 X199.263 Y252.72 E312.55313*54
2025-06-13T16:53:12.056428+0800 ERROR readline echo: cold extrusion prevented

2025-06-13T16:53:12.082402+0800 ERROR readline X:194.6480 Y:248.1050 Z:0.2000 E:312.5531 Count X:68127 Y:86837 Z:400 STA: 5318399

2025-06-13T16:53:12.085428+0800 ERROR readline 

2025-06-13T16:53:12.344624+0800 ERROR readline ok

2025-06-13T16:53:12.350176+0800 ERROR SENT: N290 G0 F3600 X198.414 Y252.72*113
2025-06-13T16:53:12.350176+0800 ERROR write command N290 G0 F3600 X198.414 Y252.72*113
2025-06-13T16:53:12.351198+0800 ERROR second command N290 G0 F3600 X198.414 Y252.72*113
2025-06-13T16:53:12.353303+0800 ERROR finish command N290 G0 F3600 X198.414 Y252.72*113
2025-06-13T16:53:12.367127+0800 ERROR readline ok

2025-06-13T16:53:12.381277+0800 ERROR SENT: N291 G1 F2400 X194.648 Y248.954 E312.83212*2
2025-06-13T16:53:12.382351+0800 ERROR write command N291 G1 F2400 X194.648 Y248.954 E312.83212*2
2025-06-13T16:53:12.383369+0800 ERROR second command N291 G1 F2400 X194.648 Y248.954 E312.83212*2
2025-06-13T16:53:12.384890+0800 ERROR finish command N291 G1 F2400 X194.648 Y248.954 E312.83212*2
2025-06-13T16:53:12.391712+0800 ERROR readline echo: cold extrusion prevented

2025-06-13T16:53:12.647548+0800 ERROR empty readline 0
2025-06-13T16:53:12.653105+0800 ERROR readline ok

2025-06-13T16:53:12.663530+0800 ERROR SENT: N292 G0 F3600 X194.648 Y249.802*65
2025-06-13T16:53:12.665655+0800 ERROR write command N292 G0 F3600 X194.648 Y249.802*65
2025-06-13T16:53:12.666657+0800 ERROR second command N292 G0 F3600 X194.648 Y249.802*65
2025-06-13T16:53:12.667760+0800 ERROR finish command N292 G0 F3600 X194.648 Y249.802*65
2025-06-13T16:53:12.674364+0800 ERROR readline ok

2025-06-13T16:53:12.679444+0800 ERROR SENT: N293 G1 F2400 X197.566 Y252.72 E313.0483*14
2025-06-13T16:53:12.679444+0800 ERROR write command N293 G1 F2400 X197.566 Y252.72 E313.0483*14
2025-06-13T16:53:12.680737+0800 ERROR second command N293 G1 F2400 X197.566 Y252.72 E313.0483*14
2025-06-13T16:53:12.683051+0800 ERROR finish command N293 G1 F2400 X197.566 Y252.72 E313.0483*14
2025-06-13T16:53:12.687874+0800 ERROR readline echo: cold extrusion prevented

2025-06-13T16:53:12.930429+0800 ERROR readline ok

2025-06-13T16:53:12.948273+0800 ERROR SENT: N294 G0 F3600 X196.717 Y252.72*123
2025-06-13T16:53:12.949288+0800 ERROR write command N294 G0 F3600 X196.717 Y252.72*123
2025-06-13T16:53:12.950320+0800 ERROR second command N294 G0 F3600 X196.717 Y252.72*123
2025-06-13T16:53:12.951342+0800 ERROR finish command N294 G0 F3600 X196.717 Y252.72*123
2025-06-13T16:53:12.953365+0800 ERROR readline ok

2025-06-13T16:53:12.963436+0800 ERROR SENT: N295 G1 F2400 X194.648 Y250.651 E313.20158*0
2025-06-13T16:53:12.963951+0800 ERROR write command N295 G1 F2400 X194.648 Y250.651 E313.20158*0
2025-06-13T16:53:12.965971+0800 ERROR second command N295 G1 F2400 X194.648 Y250.651 E313.20158*0
2025-06-13T16:53:12.967418+0800 ERROR finish command N295 G1 F2400 X194.648 Y250.651 E313.20158*0
2025-06-13T16:53:12.972967+0800 ERROR readline echo: cold extrusion prevented

2025-06-13T16:53:13.085077+0800 ERROR readline X:196.7170 Y:252.7200 Z:0.2000 E:313.2016 Count X:68851 Y:88452 Z:400 STA: 5318399

2025-06-13T16:53:13.087599+0800 ERROR readline 

2025-06-13T16:53:13.177888+0800 ERROR readline ok

2025-06-13T16:53:13.180415+0800 ERROR SENT: N296 G0 F3600 X194.648 Y251.499*66
2025-06-13T16:53:13.182474+0800 ERROR write command N296 G0 F3600 X194.648 Y251.499*66
2025-06-13T16:53:13.182474+0800 ERROR second command N296 G0 F3600 X194.648 Y251.499*66
2025-06-13T16:53:13.183470+0800 ERROR finish command N296 G0 F3600 X194.648 Y251.499*66
2025-06-13T16:53:13.199309+0800 ERROR readline ok

2025-06-13T16:53:13.211147+0800 ERROR SENT: N297 G1 F2400 X195.869 Y252.72 E313.29203*63
2025-06-13T16:53:13.212142+0800 ERROR write command N297 G1 F2400 X195.869 Y252.72 E313.29203*63
2025-06-13T16:53:13.213140+0800 ERROR second command N297 G1 F2400 X195.869 Y252.72 E313.29203*63
2025-06-13T16:53:13.214655+0800 ERROR finish command N297 G1 F2400 X195.869 Y252.72 E313.29203*63
2025-06-13T16:53:13.220221+0800 ERROR readline echo: cold extrusion prevented

2025-06-13T16:53:13.396024+0800 ERROR readline ok

2025-06-13T16:53:13.397055+0800 ERROR SENT: N298 G0 F3600 X195.02 Y252.72*71
2025-06-13T16:53:13.398283+0800 ERROR write command N298 G0 F3600 X195.02 Y252.72*71
2025-06-13T16:53:13.399309+0800 ERROR second command N298 G0 F3600 X195.02 Y252.72*71
2025-06-13T16:53:13.400329+0800 ERROR finish command N298 G0 F3600 X195.02 Y252.72*71
2025-06-13T16:53:13.416093+0800 ERROR readline ok

2025-06-13T16:53:13.428150+0800 ERROR SENT: N299 G1 F2400 X194.648 Y252.348 E313.31959*10
2025-06-13T16:53:13.429625+0800 ERROR write command N299 G1 F2400 X194.648 Y252.348 E313.31959*10
2025-06-13T16:53:13.429625+0800 ERROR second command N299 G1 F2400 X194.648 Y252.348 E313.31959*10
2025-06-13T16:53:13.431773+0800 ERROR finish command N299 G1 F2400 X194.648 Y252.348 E313.31959*10
2025-06-13T16:53:13.436560+0800 ERROR readline echo: cold extrusion prevented

2025-06-13T16:53:13.583308+0800 ERROR readline ok

2025-06-13T16:53:13.597170+0800 ERROR SENT: N300 G0 F3600 X194.692 Y252.348*67
2025-06-13T16:53:13.599496+0800 ERROR write command N300 G0 F3600 X194.692 Y252.348*67
2025-06-13T16:53:13.601025+0800 ERROR second command N300 G0 F3600 X194.692 Y252.348*67
2025-06-13T16:53:13.601025+0800 ERROR finish command N300 G0 F3600 X194.692 Y252.348*67
2025-06-13T16:53:13.604413+0800 ERROR readline ok

2025-06-13T16:53:13.612481+0800 ERROR SENT: N301 G1 F3600 E310.81959*12
2025-06-13T16:53:13.614443+0800 ERROR write command N301 G1 F3600 E310.81959*12
2025-06-13T16:53:13.615458+0800 ERROR second command N301 G1 F3600 E310.81959*12
2025-06-13T16:53:13.616978+0800 ERROR finish command N301 G1 F3600 E310.81959*12
2025-06-13T16:53:13.622429+0800 ERROR readline echo: cold extrusion prevented

2025-06-13T16:53:13.740912+0800 ERROR readline ok

2025-06-13T16:53:13.752573+0800 ERROR SENT: N302 M140 S0*100
2025-06-13T16:53:13.754575+0800 ERROR write command N302 M140 S0*100
2025-06-13T16:53:13.755088+0800 ERROR second command N302 M140 S0*100
2025-06-13T16:53:13.755088+0800 ERROR finish command N302 M140 S0*100
2025-06-13T16:53:13.759143+0800 ERROR readline ok

2025-06-13T16:53:13.769523+0800 ERROR SENT: N303 M104 S0*101
2025-06-13T16:53:13.770558+0800 ERROR write command N303 M104 S0*101
2025-06-13T16:53:13.772582+0800 ERROR second command N303 M104 S0*101
2025-06-13T16:53:13.774585+0800 ERROR readline ok

2025-06-13T16:53:13.775103+0800 ERROR finish command N303 M104 S0*101
2025-06-13T16:53:13.776623+0800 ERROR SENT: N304 M140 S0*98
2025-06-13T16:53:13.777645+0800 ERROR write command N304 M140 S0*98
2025-06-13T16:53:13.777645+0800 ERROR second command N304 M140 S0*98
2025-06-13T16:53:13.779161+0800 ERROR readline ok

2025-06-13T16:53:13.780178+0800 ERROR finish command N304 M140 S0*98
2025-06-13T16:53:13.781180+0800 ERROR SENT: N305 G92 E1*64
2025-06-13T16:53:13.782197+0800 ERROR write command N305 G92 E1*64
2025-06-13T16:53:13.784711+0800 ERROR second command N305 G92 E1*64
2025-06-13T16:53:13.786950+0800 ERROR finish command N305 G92 E1*64
2025-06-13T16:53:13.796997+0800 ERROR readline X:194.6920 Y:252.3480 Z:0.2000 E:1.0000 Count X:68355 Y:87659 Z:400 STA: 5318399

2025-06-13T16:53:13.798367+0800 ERROR readline 

2025-06-13T16:53:13.801930+0800 ERROR readline ok

2025-06-13T16:53:13.814271+0800 ERROR SENT: N306 G1 E-1 F300*1
2025-06-13T16:53:13.816120+0800 ERROR write command N306 G1 E-1 F300*1
2025-06-13T16:53:13.817137+0800 ERROR second command N306 G1 E-1 F300*1
2025-06-13T16:53:13.819170+0800 ERROR finish command N306 G1 E-1 F300*1
2025-06-13T16:53:13.824823+0800 ERROR readline echo: cold extrusion prevented

2025-06-13T16:53:13.824823+0800 ERROR readline ok

2025-06-13T16:53:13.829876+0800 ERROR SENT: N307 G28 X0 Y0*22
2025-06-13T16:53:13.829876+0800 ERROR write command N307 G28 X0 Y0*22
2025-06-13T16:53:13.831112+0800 ERROR second command N307 G28 X0 Y0*22
2025-06-13T16:53:13.832130+0800 ERROR finish command N307 G28 X0 Y0*22
2025-06-13T16:53:14.084547+0800 ERROR readline X:194.6920 Y:252.3480 Z:5.0000 E:-1.0000 Count X:68142 Y:88322 Z:10000 STA: 5318399

2025-06-13T16:53:14.086058+0800 ERROR readline 

2025-06-13T16:53:14.263297+0800 INFO M105

2025-06-13T16:53:14.341347+0800 ERROR empty readline 0
2025-06-13T16:53:14.606792+0800 ERROR empty readline 1
2025-06-13T16:53:14.872433+0800 ERROR empty readline 2
2025-06-13T16:53:15.082856+0800 ERROR readline X:194.6920 Y:252.3480 Z:5.0000 E:-1.0000 Count X:68142 Y:88322 Z:10000 STA: 5318399

2025-06-13T16:53:15.085376+0800 ERROR readline 

2025-06-13T16:53:15.339116+0800 ERROR empty readline 0
2025-06-13T16:53:15.592874+0800 ERROR empty readline 1
2025-06-13T16:53:15.830974+0800 ERROR readline echo:busy: processing

2025-06-13T16:53:16.089397+0800 ERROR readline X:194.6920 Y:252.3480 Z:5.0000 E:-1.0000 Count X:-630000 Y:88322 Z:10000 STA: 5318399

2025-06-13T16:53:16.091410+0800 ERROR readline 

2025-06-13T16:53:16.360131+0800 ERROR empty readline 0
2025-06-13T16:53:16.624798+0800 ERROR empty readline 1
2025-06-13T16:53:16.890563+0800 ERROR empty readline 2
2025-06-13T16:53:17.101196+0800 ERROR readline X:194.6920 Y:252.3480 Z:5.0000 E:-1.0000 Count X:-630000 Y:88322 Z:10000 STA: 5318399

2025-06-13T16:53:17.103203+0800 ERROR readline 

2025-06-13T16:53:17.369292+0800 ERROR empty readline 0
2025-06-13T16:53:17.636916+0800 ERROR empty readline 1
2025-06-13T16:53:17.832284+0800 ERROR readline echo:busy: processing

2025-06-13T16:53:18.084378+0800 ERROR readline X:194.6920 Y:252.3480 Z:5.0000 E:-1.0000 Count X:-630000 Y:88322 Z:10000 STA: 5318399

2025-06-13T16:53:18.085891+0800 ERROR readline 

2025-06-13T16:53:18.352189+0800 ERROR empty readline 0
2025-06-13T16:53:18.614501+0800 ERROR empty readline 1
2025-06-13T16:53:18.866188+0800 ERROR empty readline 2
2025-06-13T16:53:19.087316+0800 ERROR readline X:194.6920 Y:252.3480 Z:5.0000 E:-1.0000 Count X:-630000 Y:88322 Z:10000 STA: 5318399

2025-06-13T16:53:19.089315+0800 ERROR readline 

2025-06-13T16:53:19.346241+0800 ERROR empty readline 0
2025-06-13T16:53:19.609334+0800 ERROR empty readline 1
2025-06-13T16:53:19.831474+0800 ERROR readline echo:busy: processing

2025-06-13T16:53:20.084145+0800 ERROR readline X:0.0000 Y:252.3480 Z:5.0000 E:-1.0000 Count X:0 Y:-315000 Z:10000 STA: 5318398

2025-06-13T16:53:20.085153+0800 ERROR readline 

2025-06-13T16:53:20.348275+0800 ERROR empty readline 0
2025-06-13T16:53:20.611936+0800 ERROR empty readline 1
2025-06-13T16:53:20.877743+0800 ERROR empty readline 2
2025-06-13T16:53:21.084849+0800 ERROR readline X:0.0000 Y:252.3480 Z:5.0000 E:-1.0000 Count X:0 Y:-315000 Z:10000 STA: 5318398

2025-06-13T16:53:21.087425+0800 ERROR readline 

2025-06-13T16:53:21.344701+0800 ERROR empty readline 0
2025-06-13T16:53:21.606254+0800 ERROR empty readline 1
2025-06-13T16:53:21.837824+0800 ERROR readline echo:busy: processing

2025-06-13T16:53:22.083392+0800 ERROR readline X:0.0000 Y:252.3480 Z:5.0000 E:-1.0000 Count X:0 Y:-315000 Z:10000 STA: 5318398

2025-06-13T16:53:22.084391+0800 ERROR readline 

2025-06-13T16:53:22.352630+0800 ERROR empty readline 0
2025-06-13T16:53:22.616344+0800 ERROR empty readline 1
2025-06-13T16:53:22.882803+0800 ERROR empty readline 2
2025-06-13T16:53:23.083089+0800 ERROR readline X:0.0000 Y:252.3480 Z:5.0000 E:-1.0000 Count X:0 Y:-315000 Z:10000 STA: 5318398

2025-06-13T16:53:23.087135+0800 ERROR readline 

2025-06-13T16:53:23.349758+0800 ERROR empty readline 0
2025-06-13T16:53:23.612296+0800 ERROR empty readline 1
2025-06-13T16:53:23.722573+0800 INFO M105

2025-06-13T16:53:23.838015+0800 ERROR readline echo:busy: processing

2025-06-13T16:53:24.084616+0800 ERROR readline X:0.0000 Y:252.3480 Z:5.0000 E:-1.0000 Count X:0 Y:-315000 Z:10000 STA: 5318398

2025-06-13T16:53:24.088165+0800 ERROR readline 

2025-06-13T16:53:24.346519+0800 ERROR empty readline 0
2025-06-13T16:53:24.612765+0800 ERROR empty readline 1
2025-06-13T16:53:24.876424+0800 ERROR empty readline 2
2025-06-13T16:53:25.085227+0800 ERROR readline X:0.0000 Y:252.3480 Z:5.0000 E:-1.0000 Count X:0 Y:-315000 Z:10000 STA: 5318398

2025-06-13T16:53:25.092700+0800 ERROR readline 

2025-06-13T16:53:25.347135+0800 ERROR empty readline 0
2025-06-13T16:53:25.600647+0800 ERROR empty readline 1
2025-06-13T16:53:25.672137+0800 ERROR readline X:0.0000 Y:0.0000 Z:5.0000 E:-1.0000 Count X:0 Y:0 Z:10000 STA: 5318394

2025-06-13T16:53:25.673135+0800 ERROR readline 

2025-06-13T16:53:25.677161+0800 ERROR readline ok

2025-06-13T16:53:25.679172+0800 ERROR SENT: M105

2025-06-13T16:53:25.679680+0800 ERROR write command M105

2025-06-13T16:53:25.681210+0800 ERROR second command M105

2025-06-13T16:53:25.682235+0800 ERROR finish command M105

2025-06-13T16:53:25.683223+0800 ERROR readline msgdone

2025-06-13T16:53:25.684733+0800 ERROR readline ok

2025-06-13T16:53:25.689252+0800 ERROR readline  T:103.2609 /0 B:54.5750 /0 @:0 B@:0 VER: 1.3.2

2025-06-13T16:53:25.694294+0800 ERROR SENT: M105

2025-06-13T16:53:25.695407+0800 ERROR write command M105

2025-06-13T16:53:25.696866+0800 ERROR second command M105

2025-06-13T16:53:25.697885+0800 ERROR finish command M105

2025-06-13T16:53:25.708546+0800 ERROR readline ok

2025-06-13T16:53:25.710515+0800 ERROR SENT: N308 M84*20
2025-06-13T16:53:25.710515+0800 ERROR write command N308 M84*20
2025-06-13T16:53:25.711889+0800 ERROR second command N308 M84*20
2025-06-13T16:53:25.712889+0800 ERROR finish command N308 M84*20
2025-06-13T16:53:25.720414+0800 ERROR readline  T:103.2609 /0 B:54.5750 /0 @:0 B@:0 VER: 1.3.2

2025-06-13T16:53:25.722419+0800 ERROR readline ok

2025-06-13T16:53:25.726418+0800 ERROR SENT: N309 M82*19
2025-06-13T16:53:25.726418+0800 ERROR write command N309 M82*19
2025-06-13T16:53:25.727487+0800 ERROR second command N309 M82*19
2025-06-13T16:53:25.727487+0800 ERROR finish command N309 M82*19
2025-06-13T16:53:25.729508+0800 ERROR readline ok

2025-06-13T16:53:25.741390+0800 ERROR SENT: N310 M104 S0*103
2025-06-13T16:53:25.742416+0800 ERROR write command N310 M104 S0*103
2025-06-13T16:53:25.743385+0800 ERROR second command N310 M104 S0*103
2025-06-13T16:53:25.744926+0800 ERROR finish command N310 M104 S0*103
2025-06-13T16:53:25.744926+0800 ERROR readline ok

2025-06-13T16:53:25.749506+0800 ERROR SENT: N-1 M110*15
2025-06-13T16:53:25.749506+0800 ERROR write command N-1 M110*15
2025-06-13T16:53:25.751596+0800 INFO G250 S891
2025-06-13T16:53:25.751596+0800 INFO G250 S900
2025-06-13T16:53:25.752589+0800 INFO M140 S0
2025-06-13T16:53:25.752589+0800 INFO M257 S0
2025-06-13T16:53:25.771683+0800 ERROR second command N-1 M110*15
2025-06-13T16:53:25.771683+0800 ERROR finish command N-1 M110*15
2025-06-13T16:53:25.773184+0800 ERROR readline ok

2025-06-13T16:53:25.855847+0800 ERROR SENT: G250 S891
2025-06-13T16:53:25.858378+0800 ERROR write command G250 S891
2025-06-13T16:53:25.859889+0800 ERROR second command G250 S891
2025-06-13T16:53:25.861925+0800 ERROR finish command G250 S891
2025-06-13T16:53:25.862923+0800 ERROR SENT: G250 S900
2025-06-13T16:53:25.864434+0800 ERROR write command G250 S900
2025-06-13T16:53:25.867303+0800 ERROR second command G250 S900
2025-06-13T16:53:25.868316+0800 ERROR finish command G250 S900
2025-06-13T16:53:25.869327+0800 ERROR SENT: M140 S0
2025-06-13T16:53:25.871886+0800 ERROR write command M140 S0
2025-06-13T16:53:25.872887+0800 ERROR second command M140 S0
2025-06-13T16:53:25.875964+0800 ERROR finish command M140 S0
2025-06-13T16:53:25.876471+0800 ERROR readline LOBOTICS SAFETY UNLOCKED

2025-06-13T16:53:25.877483+0800 ERROR SENT: M257 S0
2025-06-13T16:53:25.879991+0800 ERROR write command M257 S0
2025-06-13T16:53:25.881006+0800 ERROR readline ok

2025-06-13T16:53:25.882018+0800 ERROR second command M257 S0
2025-06-13T16:53:25.884589+0800 ERROR finish command M257 S0
2025-06-13T16:53:25.886375+0800 ERROR readline ok

2025-06-13T16:53:25.887392+0800 ERROR readline ok

2025-06-13T16:53:25.889906+0800 ERROR readline ok

2025-06-13T16:53:25.894458+0800 INFO G250 S891
2025-06-13T16:53:25.895982+0800 INFO G250 S900
2025-06-13T16:53:25.897005+0800 ERROR SENT: G250 S891
2025-06-13T16:53:25.898003+0800 INFO M140 S0
2025-06-13T16:53:25.899524+0800 ERROR write command G250 S891
2025-06-13T16:53:25.900544+0800 INFO M257 S0
2025-06-13T16:53:25.903547+0800 ERROR second command G250 S891
2025-06-13T16:53:25.930536+0800 ERROR finish command G250 S891
2025-06-13T16:53:25.974388+0800 ERROR SENT: G250 S900
2025-06-13T16:53:25.980609+0800 ERROR write command G250 S900
2025-06-13T16:53:25.982639+0800 ERROR second command G250 S900
2025-06-13T16:53:25.993389+0800 ERROR finish command G250 S900
2025-06-13T16:53:25.994903+0800 ERROR SENT: M140 S0
2025-06-13T16:53:25.994903+0800 ERROR write command M140 S0
2025-06-13T16:53:25.996415+0800 ERROR second command M140 S0
2025-06-13T16:53:25.997434+0800 ERROR finish command M140 S0
2025-06-13T16:53:25.998430+0800 ERROR SENT: M257 S0
2025-06-13T16:53:25.999430+0800 ERROR write command M257 S0
2025-06-13T16:53:26.000445+0800 ERROR second command M257 S0
2025-06-13T16:53:26.001457+0800 ERROR finish command M257 S0
2025-06-13T16:53:26.004468+0800 ERROR readline LOBOTICS SAFETY UNLOCKED

2025-06-13T16:53:26.007000+0800 ERROR readline ok

2025-06-13T16:53:26.009002+0800 ERROR readline ok

2025-06-13T16:53:26.011529+0800 ERROR readline ok

2025-06-13T16:53:26.012544+0800 ERROR readline ok

2025-06-13T16:53:26.083621+0800 ERROR readline X:0.0000 Y:0.0000 Z:5.0000 E:-1.0000 Count X:0 Y:0 Z:10000 STA: 1148666

2025-06-13T16:53:26.087174+0800 ERROR readline 

2025-06-13T16:53:26.349189+0800 ERROR empty readline 0
2025-06-13T16:53:26.601054+0800 ERROR empty readline 1
2025-06-13T16:53:26.863155+0800 ERROR empty readline 2
2025-06-13T16:53:27.084106+0800 ERROR readline X:0.0000 Y:0.0000 Z:5.0000 E:-1.0000 Count X:0 Y:0 Z:10000 STA: 1148666

2025-06-13T16:53:27.085639+0800 ERROR readline 

2025-06-13T16:53:27.347122+0800 ERROR empty readline 0
2025-06-13T16:53:27.609179+0800 ERROR empty readline 1
2025-06-13T16:53:27.872770+0800 ERROR empty readline 2
2025-06-13T16:53:28.086657+0800 ERROR readline X:0.0000 Y:0.0000 Z:5.0000 E:-1.0000 Count X:0 Y:0 Z:10000 STA: 1148666

2025-06-13T16:53:28.087669+0800 ERROR readline 

2025-06-13T16:53:28.431960+0800 ERROR empty readline 0
2025-06-13T16:53:28.697056+0800 ERROR empty readline 1
2025-06-13T16:53:28.976169+0800 ERROR empty readline 2
2025-06-13T16:53:29.100516+0800 ERROR readline X:0.0000 Y:0.0000 Z:5.0000 E:-1.0000 Count X:0 Y:0 Z:10000 STA: 1148666

2025-06-13T16:53:29.105042+0800 ERROR readline 

2025-06-13T16:53:29.361541+0800 ERROR empty readline 0
2025-06-13T16:53:29.626609+0800 ERROR empty readline 1
2025-06-13T16:53:29.889967+0800 ERROR empty readline 2
2025-06-13T16:53:30.082504+0800 ERROR readline X:0.0000 Y:0.0000 Z:5.0000 E:-1.0000 Count X:0 Y:0 Z:10000 STA: 1148666

2025-06-13T16:53:30.084413+0800 ERROR readline 

2025-06-13T16:53:30.341627+0800 ERROR empty readline 0
2025-06-13T16:53:30.605315+0800 ERROR empty readline 1
2025-06-13T16:53:30.868263+0800 ERROR empty readline 2
2025-06-13T16:53:31.082431+0800 ERROR readline X:0.0000 Y:0.0000 Z:5.0000 E:-1.0000 Count X:0 Y:0 Z:10000 STA: 1148666

2025-06-13T16:53:31.084942+0800 ERROR readline 

2025-06-13T16:53:31.351319+0800 ERROR empty readline 0
2025-06-13T16:53:31.613505+0800 ERROR empty readline 1
2025-06-13T16:53:31.879494+0800 ERROR empty readline 2
2025-06-13T16:53:32.081725+0800 ERROR readline X:0.0000 Y:0.0000 Z:5.0000 E:-1.0000 Count X:0 Y:0 Z:10000 STA: 1148666

2025-06-13T16:53:32.085478+0800 ERROR readline 

2025-06-13T16:53:32.345386+0800 ERROR empty readline 0
2025-06-13T16:53:32.607241+0800 ERROR empty readline 1
2025-06-13T16:53:32.870573+0800 ERROR empty readline 2
2025-06-13T16:53:33.082860+0800 ERROR readline X:0.0000 Y:0.0000 Z:5.0000 E:-1.0000 Count X:0 Y:0 Z:10000 STA: 1148666

2025-06-13T16:53:33.085402+0800 ERROR readline 

2025-06-13T16:53:33.327125+0800 INFO M105

2025-06-13T16:53:33.328142+0800 ERROR SENT: M105

2025-06-13T16:53:33.329658+0800 ERROR write command M105

2025-06-13T16:53:33.330678+0800 ERROR second command M105

2025-06-13T16:53:33.331679+0800 ERROR finish command M105

2025-06-13T16:53:33.331679+0800 ERROR readline ok

2025-06-13T16:53:33.336248+0800 ERROR readline  T:101.4946 /0 B:54.3625 /0 @:0 B@:0 VER: 1.3.2

2025-06-13T16:53:33.590862+0800 ERROR empty readline 0
2025-06-13T16:53:33.855950+0800 ERROR empty readline 1
2025-06-13T16:53:34.085182+0800 ERROR readline X:0.0000 Y:0.0000 Z:5.0000 E:-1.0000 Count X:0 Y:0 Z:10000 STA: 1148666

2025-06-13T16:53:34.087832+0800 ERROR readline 

2025-06-13T16:53:34.351996+0800 ERROR empty readline 0
2025-06-13T16:53:34.616347+0800 ERROR empty readline 1
2025-06-13T16:53:34.878362+0800 ERROR empty readline 2
2025-06-13T16:53:35.081662+0800 ERROR readline X:0.0000 Y:0.0000 Z:5.0000 E:-1.0000 Count X:0 Y:0 Z:10000 STA: 1148666

2025-06-13T16:53:35.084180+0800 ERROR readline 

2025-06-13T16:53:35.341369+0800 ERROR empty readline 0
2025-06-13T16:53:35.619454+0800 ERROR empty readline 1
2025-06-13T16:53:35.882411+0800 ERROR empty readline 2
2025-06-13T16:53:36.086725+0800 ERROR readline X:0.0000 Y:0.0000 Z:5.0000 E:-1.0000 Count X:0 Y:0 Z:10000 STA: 1148666

2025-06-13T16:53:36.092650+0800 ERROR readline 

2025-06-13T16:53:36.372550+0800 ERROR empty readline 0
2025-06-13T16:53:36.634658+0800 ERROR empty readline 1
2025-06-13T16:53:36.894688+0800 ERROR empty readline 2
2025-06-13T16:53:37.084712+0800 ERROR readline X:0.0000 Y:0.0000 Z:5.0000 E:-1.0000 Count X:0 Y:0 Z:10000 STA: 1148666

2025-06-13T16:53:37.087532+0800 ERROR readline 

2025-06-13T16:53:37.343504+0800 ERROR empty readline 0
2025-06-13T16:53:37.606979+0800 ERROR empty readline 1
2025-06-13T16:53:37.872194+0800 ERROR empty readline 2
2025-06-13T16:53:38.084394+0800 ERROR readline X:0.0000 Y:0.0000 Z:5.0000 E:-1.0000 Count X:0 Y:0 Z:10000 STA: 1148666

2025-06-13T16:53:38.087947+0800 ERROR readline 

2025-06-13T16:53:38.354209+0800 ERROR empty readline 0
2025-06-13T16:53:38.615913+0800 ERROR empty readline 1
2025-06-13T16:53:38.883476+0800 ERROR empty readline 2
2025-06-13T16:53:39.084742+0800 ERROR readline X:0.0000 Y:0.0000 Z:5.0000 E:-1.0000 Count X:0 Y:0 Z:10000 STA: 1148666

2025-06-13T16:53:39.086264+0800 ERROR readline 

2025-06-13T16:53:39.349149+0800 ERROR empty readline 0
2025-06-13T16:53:39.614408+0800 ERROR empty readline 1
2025-06-13T16:53:39.877723+0800 ERROR empty readline 2
2025-06-13T16:53:40.086443+0800 ERROR readline X:0.0000 Y:0.0000 Z:5.0000 E:-1.0000 Count X:0 Y:0 Z:10000 STA: 1148666

2025-06-13T16:53:40.088002+0800 ERROR readline 

2025-06-13T16:53:40.344559+0800 ERROR empty readline 0
2025-06-13T16:53:40.596691+0800 ERROR empty readline 1
2025-06-13T16:53:40.859866+0800 ERROR empty readline 2
2025-06-13T16:53:41.084171+0800 ERROR readline X:0.0000 Y:0.0000 Z:5.0000 E:-1.0000 Count X:0 Y:0 Z:10000 STA: 1148666

2025-06-13T16:53:41.086689+0800 ERROR readline 

2025-06-13T16:53:41.340275+0800 ERROR empty readline 0
2025-06-13T16:53:41.606865+0800 ERROR empty readline 1
2025-06-13T16:53:41.873398+0800 ERROR empty readline 2
2025-06-13T16:53:42.084376+0800 ERROR readline X:0.0000 Y:0.0000 Z:5.0000 E:-1.0000 Count X:0 Y:0 Z:10000 STA: 1148666

2025-06-13T16:53:42.087921+0800 ERROR readline 

2025-06-13T16:53:42.339827+0800 ERROR empty readline 0
2025-06-13T16:53:42.601285+0800 ERROR empty readline 1
2025-06-13T16:53:42.662875+0800 INFO M105

2025-06-13T16:53:42.665407+0800 ERROR SENT: M105

2025-06-13T16:53:42.666407+0800 ERROR write command M105

2025-06-13T16:53:42.667939+0800 ERROR readline ok

2025-06-13T16:53:42.667939+0800 ERROR second command M105

2025-06-13T16:53:42.670467+0800 ERROR finish command M105

2025-06-13T16:53:42.674283+0800 ERROR readline  T:99.1587 /0 B:54.4000 /0 @:0 B@:0 VER: 1.3.2

2025-06-13T16:53:42.942627+0800 ERROR empty readline 0
2025-06-13T16:53:43.114337+0800 ERROR readline X:0.0000 Y:0.0000 Z:5.0000 E:-1.0000 Count X:0 Y:0 Z:10000 STA: 1083130

2025-06-13T16:53:43.121899+0800 ERROR readline 

2025-06-13T16:53:43.853434+0800 ERROR empty readline 0
2025-06-13T16:53:44.162283+0800 ERROR readline X:0.0000 Y:0.0000 Z:5.0000 E:-1.0000 Count X:0 Y:0 Z:10000 STA: 1083130

2025-06-13T16:53:44.755287+0800 ERROR readline 

2025-06-13T16:53:45.052339+0800 ERROR empty readline 0
2025-06-13T16:53:45.082225+0800 ERROR readline X:0.0000 Y:0.0000 Z:5.0000 E:-1.0000 Count X:0 Y:0 Z:10000 STA: 1083130

2025-06-13T16:53:45.084741+0800 ERROR readline 

2025-06-13T16:53:45.382980+0800 ERROR empty readline 0
2025-06-13T16:53:45.659450+0800 ERROR empty readline 1
2025-06-13T16:53:46.014844+0800 ERROR empty readline 2
2025-06-13T16:53:46.873169+0800 ERROR readline X:0.0000 Y:0.0000 Z:5.0000 E:-1.0000 Count X:0 Y:0 Z:10000 STA: 1083130

2025-06-13T16:53:46.889296+0800 ERROR readline 

2025-06-13T16:53:47.084277+0800 ERROR readline X:0.0000 Y:0.0000 Z:5.0000 E:-1.0000 Count X:0 Y:0 Z:10000 STA: 1083130

2025-06-13T16:53:47.086808+0800 ERROR readline 

2025-06-13T16:53:47.345580+0800 ERROR empty readline 0
2025-06-13T16:53:47.610536+0800 ERROR empty readline 1
2025-06-13T16:53:47.974552+0800 ERROR empty readline 2
2025-06-13T16:53:48.084140+0800 ERROR readline X:0.0000 Y:0.0000 Z:5.0000 E:-1.0000 Count X:0 Y:0 Z:10000 STA: 1083130

2025-06-13T16:53:48.086747+0800 ERROR readline 

2025-06-13T16:53:48.366402+0800 ERROR empty readline 0
2025-06-13T16:53:48.623395+0800 ERROR empty readline 1
2025-06-13T16:53:48.890502+0800 ERROR empty readline 2
2025-06-13T16:53:49.097801+0800 ERROR readline X:0.0000 Y:0.0000 Z:5.0000 E:-1.0000 Count X:0 Y:0 Z:10000 STA: 1083130

2025-06-13T16:53:49.099311+0800 ERROR readline 

2025-06-13T16:53:49.361601+0800 ERROR empty readline 0
2025-06-13T16:53:49.616312+0800 ERROR empty readline 1
2025-06-13T16:53:49.880478+0800 ERROR empty readline 2
2025-06-13T16:53:50.084098+0800 ERROR readline X:0.0000 Y:0.0000 Z:5.0000 E:-1.0000 Count X:0 Y:0 Z:10000 STA: 1083130

2025-06-13T16:53:50.086114+0800 ERROR readline 

2025-06-13T16:53:50.347151+0800 ERROR empty readline 0
2025-06-13T16:53:50.611909+0800 ERROR empty readline 1
2025-06-13T16:53:50.876386+0800 ERROR empty readline 2
2025-06-13T16:53:51.081422+0800 ERROR readline X:0.0000 Y:0.0000 Z:5.0000 E:-1.0000 Count X:0 Y:0 Z:10000 STA: 1083130

2025-06-13T16:53:51.084927+0800 ERROR readline 

2025-06-13T16:53:51.344640+0800 ERROR empty readline 0
2025-06-13T16:53:51.609345+0800 ERROR empty readline 1
2025-06-13T16:53:51.872008+0800 ERROR empty readline 2
2025-06-13T16:53:52.080894+0800 ERROR readline X:0.0000 Y:0.0000 Z:5.0000 E:-1.0000 Count X:0 Y:0 Z:10000 STA: 1083130

2025-06-13T16:53:52.081894+0800 ERROR readline 

2025-06-13T16:53:52.197960+0800 INFO M105

2025-06-13T16:53:52.198916+0800 ERROR SENT: M105

2025-06-13T16:53:52.199445+0800 ERROR write command M105

2025-06-13T16:53:52.200485+0800 ERROR second command M105

2025-06-13T16:53:52.200485+0800 ERROR finish command M105

2025-06-13T16:53:52.201500+0800 ERROR readline ok

2025-06-13T16:53:52.206611+0800 ERROR readline  T:96.5144 /0 B:54.3125 /0 @:0 B@:0 VER: 1.3.2

2025-06-13T16:53:52.462249+0800 ERROR empty readline 0
2025-06-13T16:53:52.721748+0800 ERROR empty readline 1
2025-06-13T16:53:52.985684+0800 ERROR empty readline 2
2025-06-13T16:53:53.084582+0800 ERROR readline X:0.0000 Y:0.0000 Z:5.0000 E:-1.0000 Count X:0 Y:0 Z:10000 STA: 1083130

2025-06-13T16:53:53.087301+0800 ERROR readline 

2025-06-13T16:53:53.339383+0800 ERROR empty readline 0
2025-06-13T16:53:53.604236+0800 ERROR empty readline 1
2025-06-13T16:53:53.867127+0800 ERROR empty readline 2
2025-06-13T16:53:54.082490+0800 ERROR readline X:0.0000 Y:0.0000 Z:5.0000 E:-1.0000 Count X:0 Y:0 Z:10000 STA: 1083130

2025-06-13T16:53:54.087021+0800 ERROR readline 

2025-06-13T16:53:54.349276+0800 ERROR empty readline 0
2025-06-13T16:53:54.613537+0800 ERROR empty readline 1
2025-06-13T16:53:54.876606+0800 ERROR empty readline 2
2025-06-13T16:53:55.082622+0800 ERROR readline X:0.0000 Y:0.0000 Z:5.0000 E:-1.0000 Count X:0 Y:0 Z:10000 STA: 1083130

2025-06-13T16:53:55.085182+0800 ERROR readline 

2025-06-13T16:53:55.339053+0800 ERROR empty readline 0
2025-06-13T16:53:55.602061+0800 ERROR empty readline 1
2025-06-13T16:53:55.866832+0800 ERROR empty readline 2
2025-06-13T16:53:56.080836+0800 ERROR readline X:0.0000 Y:0.0000 Z:5.0000 E:-1.0000 Count X:0 Y:0 Z:10000 STA: 1083130

2025-06-13T16:53:56.081850+0800 ERROR readline 

2025-06-13T16:53:56.347477+0800 ERROR empty readline 0
2025-06-13T16:53:56.610781+0800 ERROR empty readline 1
2025-06-13T16:53:56.876866+0800 ERROR empty readline 2
2025-06-13T16:53:57.082552+0800 ERROR readline X:0.0000 Y:0.0000 Z:5.0000 E:-1.0000 Count X:0 Y:0 Z:10000 STA: 1083130

2025-06-13T16:53:57.084551+0800 ERROR readline 

2025-06-13T16:53:57.347585+0800 ERROR empty readline 0
2025-06-13T16:53:57.599350+0800 ERROR empty readline 1
2025-06-13T16:53:57.862241+0800 ERROR empty readline 2
2025-06-13T16:53:58.081742+0800 ERROR readline X:0.0000 Y:0.0000 Z:5.0000 E:-1.0000 Count X:0 Y:0 Z:10000 STA: 1083130

2025-06-13T16:53:58.084767+0800 ERROR readline 

2025-06-13T16:53:58.346576+0800 ERROR empty readline 0
2025-06-13T16:53:58.610516+0800 ERROR empty readline 1
2025-06-13T16:53:58.875154+0800 ERROR empty readline 2
2025-06-13T16:53:59.080356+0800 ERROR readline X:0.0000 Y:0.0000 Z:5.0000 E:-1.0000 Count X:0 Y:0 Z:10000 STA: 1083130

2025-06-13T16:53:59.081350+0800 ERROR readline 

2025-06-13T16:53:59.339257+0800 ERROR empty readline 0
2025-06-13T16:53:59.605179+0800 ERROR empty readline 1
2025-06-13T16:53:59.873134+0800 ERROR empty readline 2
2025-06-13T16:54:00.080675+0800 ERROR readline X:0.0000 Y:0.0000 Z:5.0000 E:-1.0000 Count X:0 Y:0 Z:10000 STA: 1083130

2025-06-13T16:54:00.081691+0800 ERROR readline 

2025-06-13T16:54:00.337251+0800 ERROR empty readline 0
2025-06-13T16:54:00.599968+0800 ERROR empty readline 1
2025-06-13T16:54:00.862372+0800 ERROR empty readline 2
2025-06-13T16:54:01.079276+0800 ERROR readline X:0.0000 Y:0.0000 Z:5.0000 E:-1.0000 Count X:0 Y:0 Z:10000 STA: 1083130

2025-06-13T16:54:01.082295+0800 ERROR readline 

2025-06-13T16:54:01.346467+0800 ERROR empty readline 0
2025-06-13T16:54:01.606676+0800 ERROR empty readline 1
2025-06-13T16:54:01.654491+0800 INFO M105

2025-06-13T16:54:01.656013+0800 ERROR SENT: M105

2025-06-13T16:54:01.657031+0800 ERROR write command M105

2025-06-13T16:54:01.658042+0800 ERROR second command M105

2025-06-13T16:54:01.659036+0800 ERROR finish command M105

2025-06-13T16:54:01.660404+0800 ERROR readline ok

2025-06-13T16:54:01.664907+0800 ERROR readline  T:94.7115 /0 B:54.1875 /0 @:0 B@:0 VER: 1.3.2

2025-06-13T16:54:01.916831+0800 ERROR empty readline 0
2025-06-13T16:54:02.079056+0800 ERROR readline X:0.0000 Y:0.0000 Z:5.0000 E:-1.0000 Count X:0 Y:0 Z:10000 STA: 1083130

2025-06-13T16:54:02.080066+0800 ERROR readline 

2025-06-13T16:54:02.339173+0800 ERROR empty readline 0
2025-06-13T16:54:02.601135+0800 ERROR empty readline 1
2025-06-13T16:54:02.866216+0800 ERROR empty readline 2
2025-06-13T16:54:03.080421+0800 ERROR readline X:0.0000 Y:0.0000 Z:5.0000 E:-1.0000 Count X:0 Y:0 Z:10000 STA: 1083130

2025-06-13T16:54:03.082429+0800 ERROR readline 

2025-06-13T16:54:03.336040+0800 ERROR empty readline 0
2025-06-13T16:54:03.600139+0800 ERROR empty readline 1
2025-06-13T16:54:03.864669+0800 ERROR empty readline 2
2025-06-13T16:54:04.080964+0800 ERROR readline X:0.0000 Y:0.0000 Z:5.0000 E:-1.0000 Count X:0 Y:0 Z:10000 STA: 1083130

2025-06-13T16:54:04.080964+0800 ERROR readline 

2025-06-13T16:54:04.332881+0800 ERROR empty readline 0
2025-06-13T16:54:04.597931+0800 ERROR empty readline 1
2025-06-13T16:54:04.860484+0800 ERROR empty readline 2
2025-06-13T16:54:05.081027+0800 ERROR readline X:0.0000 Y:0.0000 Z:5.0000 E:-1.0000 Count X:0 Y:0 Z:10000 STA: 1083130

2025-06-13T16:54:05.083517+0800 ERROR readline 

2025-06-13T16:54:05.342551+0800 ERROR empty readline 0
2025-06-13T16:54:05.594297+0800 ERROR empty readline 1
2025-06-13T16:54:05.845090+0800 ERROR empty readline 2
2025-06-13T16:54:06.080476+0800 ERROR readline X:0.0000 Y:0.0000 Z:5.0000 E:-1.0000 Count X:0 Y:0 Z:10000 STA: 1083130

2025-06-13T16:54:06.081490+0800 ERROR readline 

2025-06-13T16:54:06.340052+0800 ERROR empty readline 0
2025-06-13T16:54:06.538211+0800 INFO L109 time:2025/06/13 16:54:06#./GCODE/CFFFP_AA_3分钟.gcode#
2025-06-13T16:54:06.630122+0800 ERROR empty readline 1
2025-06-13T16:54:06.631121+0800 ERROR SENT: L109 time:2025/06/13 16:54:06#./GCODE/CFFFP_AA_3分钟.gcode#
2025-06-13T16:54:06.633771+0800 ERROR write command L109 time:2025/06/13 16:54:06#./GCODE/CFFFP_AA_3分钟.gcode#
2025-06-13T16:54:06.634286+0800 ERROR second command L109 time:2025/06/13 16:54:06#./GCODE/CFFFP_AA_3分钟.gcode#
2025-06-13T16:54:06.636454+0800 ERROR finish command L109 time:2025/06/13 16:54:06#./GCODE/CFFFP_AA_3分钟.gcode#
2025-06-13T16:54:06.636454+0800 ERROR readline ok

2025-06-13T16:54:06.901921+0800 ERROR empty readline 0
2025-06-13T16:54:07.080635+0800 ERROR readline X:0.0000 Y:0.0000 Z:5.0000 E:-1.0000 Count X:0 Y:0 Z:10000 STA: 1083130

2025-06-13T16:54:07.082641+0800 ERROR readline 

2025-06-13T16:54:07.335147+0800 ERROR empty readline 0
2025-06-13T16:54:07.586572+0800 ERROR empty readline 1
2025-06-13T16:54:07.823011+0800 ERROR SENT: G250 S31
2025-06-13T16:54:07.824542+0800 ERROR write command G250 S31
2025-06-13T16:54:07.825567+0800 ERROR second command G250 S31
2025-06-13T16:54:07.825567+0800 ERROR finish command G250 S31
2025-06-13T16:54:07.826612+0800 ERROR SENT: N-1 M110*15
2025-06-13T16:54:07.826612+0800 ERROR write command N-1 M110*15
2025-06-13T16:54:07.827178+0800 ERROR readline ok

2025-06-13T16:54:07.827178+0800 ERROR second command N-1 M110*15
2025-06-13T16:54:07.828183+0800 ERROR finish command N-1 M110*15
2025-06-13T16:54:07.832754+0800 ERROR readline ok

2025-06-13T16:54:07.834314+0800 INFO M257 S1
2025-06-13T16:54:07.834314+0800 INFO L110 S81
2025-06-13T16:54:07.835338+0800 ERROR SENT: M257 S1
2025-06-13T16:54:07.836329+0800 ERROR write command M257 S1
2025-06-13T16:54:07.836873+0800 ERROR second command M257 S1
2025-06-13T16:54:07.836873+0800 ERROR finish command M257 S1
2025-06-13T16:54:07.837948+0800 ERROR SENT: L110 S81
2025-06-13T16:54:07.837948+0800 ERROR write command L110 S81
2025-06-13T16:54:07.839487+0800 ERROR readline ok

2025-06-13T16:54:07.841740+0800 ERROR second command L110 S81
2025-06-13T16:54:07.841740+0800 ERROR finish command L110 S81
2025-06-13T16:54:07.844256+0800 ERROR SENT: N0 M140 S10*84
2025-06-13T16:54:07.846283+0800 ERROR write command N0 M140 S10*84
2025-06-13T16:54:07.847813+0800 ERROR second command N0 M140 S10*84
2025-06-13T16:54:07.847813+0800 ERROR readline echo:broken has bigen

2025-06-13T16:54:07.850382+0800 ERROR finish command N0 M140 S10*84
2025-06-13T16:54:07.851378+0800 ERROR SENT: N1 M105*38
2025-06-13T16:54:07.852386+0800 ERROR write command N1 M105*38
2025-06-13T16:54:07.852386+0800 ERROR second command N1 M105*38
2025-06-13T16:54:07.853387+0800 ERROR finish command N1 M105*38
2025-06-13T16:54:07.854899+0800 ERROR readline ok

2025-06-13T16:54:07.856502+0800 ERROR readline ok

2025-06-13T16:54:07.857539+0800 ERROR SENT: N2 M190 S10*91
2025-06-13T16:54:07.857539+0800 ERROR write command N2 M190 S10*91
2025-06-13T16:54:07.859206+0800 ERROR second command N2 M190 S10*91
2025-06-13T16:54:07.859206+0800 ERROR readline ok

2025-06-13T16:54:07.859206+0800 ERROR finish command N2 M190 S10*91
2025-06-13T16:54:07.861655+0800 ERROR SENT: N3 M104 S10*87
2025-06-13T16:54:07.862949+0800 ERROR write command N3 M104 S10*87
2025-06-13T16:54:07.862949+0800 ERROR second command N3 M104 S10*87
2025-06-13T16:54:07.865489+0800 ERROR finish command N3 M104 S10*87
2025-06-13T16:54:07.871593+0800 ERROR readline  T:93.9904 /0 B:54.2000 /10 @:0 B@:0 VER: 1.3.2

2025-06-13T16:54:07.872655+0800 ERROR readline ok

2025-06-13T16:54:07.872655+0800 ERROR readline ok

2025-06-13T16:54:07.874208+0800 ERROR SENT: N4 M105*35
2025-06-13T16:54:07.874208+0800 ERROR write command N4 M105*35
2025-06-13T16:54:07.875263+0800 ERROR second command N4 M105*35
2025-06-13T16:54:07.875263+0800 ERROR finish command N4 M105*35
2025-06-13T16:54:07.876239+0800 ERROR readline ok

2025-06-13T16:54:07.877499+0800 ERROR SENT: N5 M109 S10*92
2025-06-13T16:54:07.879013+0800 ERROR write command N5 M109 S10*92
2025-06-13T16:54:07.880198+0800 ERROR second command N5 M109 S10*92
2025-06-13T16:54:07.880198+0800 ERROR finish command N5 M109 S10*92
2025-06-13T16:54:07.882740+0800 ERROR readline  T:94.4712 /10 B:54.2125 /10 @:0 B@:0 VER: 1.3.2

2025-06-13T16:54:07.882740+0800 ERROR readline ok

2025-06-13T16:54:07.885527+0800 ERROR SENT: N6 M82*31
2025-06-13T16:54:07.886564+0800 ERROR write command N6 M82*31
2025-06-13T16:54:07.886564+0800 ERROR second command N6 M82*31
2025-06-13T16:54:07.887688+0800 ERROR finish command N6 M82*31
2025-06-13T16:54:07.887688+0800 ERROR readline ok

2025-06-13T16:54:07.890234+0800 ERROR SENT: N7 G28*20
2025-06-13T16:54:07.891234+0800 ERROR write command N7 G28*20
2025-06-13T16:54:07.891234+0800 ERROR second command N7 G28*20
2025-06-13T16:54:07.892249+0800 ERROR finish command N7 G28*20
2025-06-13T16:54:08.082488+0800 ERROR readline X:0.0000 Y:0.0000 Z:5.0000 E:-1.0000 Count X:1750 Y:0 Z:10000 STA: 5252858

2025-06-13T16:54:08.084487+0800 ERROR readline 

2025-06-13T16:54:08.341903+0800 ERROR empty readline 0
2025-06-13T16:54:08.593501+0800 ERROR empty readline 1
2025-06-13T16:54:08.844554+0800 ERROR empty readline 2
2025-06-13T16:54:09.080287+0800 ERROR readline X:0.0000 Y:0.0000 Z:5.0000 E:-1.0000 Count X:0 Y:-3500 Z:10000 STA: 5252862

2025-06-13T16:54:09.083319+0800 ERROR readline 

2025-06-13T16:54:09.340311+0800 ERROR empty readline 0
2025-06-13T16:54:09.606576+0800 ERROR empty readline 1
2025-06-13T16:54:09.870865+0800 ERROR empty readline 2
2025-06-13T16:54:09.891698+0800 ERROR readline echo:busy: processing

2025-06-13T16:54:10.080332+0800 ERROR readline X:0.0000 Y:0.0000 Z:5.0000 E:-1.0000 Count X:0 Y:0 Z:-1800000 STA: 5252858

2025-06-13T16:54:10.085950+0800 ERROR readline 

2025-06-13T16:54:10.351654+0800 ERROR empty readline 0
2025-06-13T16:54:10.615237+0800 ERROR empty readline 1
2025-06-13T16:54:10.876632+0800 ERROR empty readline 2
2025-06-13T16:54:11.034855+0800 INFO M105

2025-06-13T16:54:11.078432+0800 ERROR readline X:0.0000 Y:0.0000 Z:5.0000 E:-1.0000 Count X:0 Y:0 Z:4000 STA: 5252858

2025-06-13T16:54:11.081694+0800 ERROR readline 

2025-06-13T16:54:11.343487+0800 ERROR empty readline 0
2025-06-13T16:54:11.608976+0800 ERROR empty readline 1
2025-06-13T16:54:11.873267+0800 ERROR empty readline 2
2025-06-13T16:54:11.890890+0800 ERROR readline echo:busy: processing

2025-06-13T16:54:12.079127+0800 ERROR readline X:0.0000 Y:0.0000 Z:5.0000 E:-1.0000 Count X:0 Y:0 Z:-8000 STA: 5252858

2025-06-13T16:54:12.081667+0800 ERROR readline 

2025-06-13T16:54:12.339326+0800 ERROR empty readline 0
2025-06-13T16:54:12.603257+0800 ERROR empty readline 1
2025-06-13T16:54:12.869780+0800 ERROR empty readline 2
2025-06-13T16:54:13.079161+0800 ERROR readline X:0.0000 Y:0.0000 Z:5.0000 E:-1.0000 Count X:0 Y:0 Z:-8000 STA: 5252858

2025-06-13T16:54:13.082584+0800 ERROR readline 

2025-06-13T16:54:13.266901+0800 ERROR readline X:0.0000 Y:0.0000 Z:0.0000 E:-1.0000 Count X:0 Y:0 Z:0 STA: 5252856

2025-06-13T16:54:13.269549+0800 ERROR readline 

2025-06-13T16:54:13.270592+0800 ERROR readline ok

2025-06-13T16:54:13.272589+0800 ERROR readline msgdone

2025-06-13T16:54:13.276184+0800 ERROR SENT: M105

2025-06-13T16:54:13.276184+0800 ERROR write command M105

2025-06-13T16:54:13.277433+0800 ERROR second command M105

2025-06-13T16:54:13.278452+0800 ERROR finish command M105

2025-06-13T16:54:13.278452+0800 ERROR readline ok

2025-06-13T16:54:13.281476+0800 ERROR readline  T:93.2692 /10 B:54.1000 /10 @:0 B@:0 VER: 1.3.2

2025-06-13T16:54:13.291576+0800 ERROR SENT: N8 G1 Z15.0 F6000*32
2025-06-13T16:54:13.292561+0800 ERROR write command N8 G1 Z15.0 F6000*32
2025-06-13T16:54:13.292561+0800 ERROR second command N8 G1 Z15.0 F6000*32
2025-06-13T16:54:13.293561+0800 ERROR finish command N8 G1 Z15.0 F6000*32
2025-06-13T16:54:13.295127+0800 ERROR readline ok

2025-06-13T16:54:13.312580+0800 ERROR SENT: N9 G92 E0*78
2025-06-13T16:54:13.312580+0800 ERROR write command N9 G92 E0*78
2025-06-13T16:54:13.314101+0800 ERROR second command N9 G92 E0*78
2025-06-13T16:54:13.314101+0800 ERROR finish command N9 G92 E0*78
2025-06-13T16:54:13.321380+0800 ERROR readline X:0.0000 Y:0.0000 Z:15.0000 E:0.0000 Count X:0 Y:0 Z:0 STA: 5252856

2025-06-13T16:54:13.324299+0800 ERROR readline 

2025-06-13T16:54:13.324832+0800 ERROR readline ok

2025-06-13T16:54:13.339490+0800 ERROR SENT: N10 G1 F200 E3*27
2025-06-13T16:54:13.340529+0800 ERROR write command N10 G1 F200 E3*27
2025-06-13T16:54:13.341531+0800 ERROR second command N10 G1 F200 E3*27
2025-06-13T16:54:13.342538+0800 ERROR finish command N10 G1 F200 E3*27
2025-06-13T16:54:13.352145+0800 ERROR readline echo: cold extrusion prevented

2025-06-13T16:54:13.353156+0800 ERROR readline ok

2025-06-13T16:54:13.354150+0800 ERROR SENT: N11 G92 E0*119
2025-06-13T16:54:13.354674+0800 ERROR write command N11 G92 E0*119
2025-06-13T16:54:13.355690+0800 ERROR second command N11 G92 E0*119
2025-06-13T16:54:13.357233+0800 ERROR finish command N11 G92 E0*119
2025-06-13T16:54:13.359237+0800 ERROR readline X:0.0000 Y:0.0000 Z:15.0000 E:0.0000 Count X:0 Y:0 Z:0 STA: 5252856

2025-06-13T16:54:13.359237+0800 ERROR readline 

2025-06-13T16:54:13.360722+0800 ERROR readline ok

2025-06-13T16:54:13.369371+0800 ERROR SENT: N12 G92 E0*116
2025-06-13T16:54:13.369371+0800 ERROR write command N12 G92 E0*116
2025-06-13T16:54:13.370394+0800 ERROR second command N12 G92 E0*116
2025-06-13T16:54:13.374461+0800 ERROR finish command N12 G92 E0*116
2025-06-13T16:54:13.375034+0800 ERROR readline X:0.0000 Y:0.0000 Z:15.0000 E:0.0000 Count X:0 Y:0 Z:37 STA: 5252856

2025-06-13T16:54:13.375034+0800 ERROR readline 

2025-06-13T16:54:13.376572+0800 ERROR readline ok

2025-06-13T16:54:13.384256+0800 ERROR SENT: N13 G92 E0*117
2025-06-13T16:54:13.384769+0800 ERROR write command N13 G92 E0*117
2025-06-13T16:54:13.384769+0800 ERROR second command N13 G92 E0*117
2025-06-13T16:54:13.386804+0800 ERROR finish command N13 G92 E0*117
2025-06-13T16:54:13.392392+0800 ERROR readline X:0.0000 Y:0.0000 Z:15.0000 E:0.0000 Count X:0 Y:0 Z:181 STA: 5252856

2025-06-13T16:54:13.393391+0800 ERROR readline 

2025-06-13T16:54:13.394434+0800 ERROR readline ok

2025-06-13T16:54:13.399563+0800 ERROR SENT: N14 G1 F3600 E-2.5*31
2025-06-13T16:54:13.399563+0800 ERROR write command N14 G1 F3600 E-2.5*31
2025-06-13T16:54:13.400578+0800 ERROR second command N14 G1 F3600 E-2.5*31
2025-06-13T16:54:13.401577+0800 ERROR finish command N14 G1 F3600 E-2.5*31
2025-06-13T16:54:13.404152+0800 ERROR readline echo: cold extrusion prevented

2025-06-13T16:54:13.405250+0800 ERROR readline ok

2025-06-13T16:54:13.416877+0800 ERROR SENT: N15 M107*17
2025-06-13T16:54:13.416877+0800 ERROR write command N15 M107*17
2025-06-13T16:54:13.417906+0800 ERROR second command N15 M107*17
2025-06-13T16:54:13.417906+0800 ERROR finish command N15 M107*17
2025-06-13T16:54:13.419467+0800 ERROR readline ok

2025-06-13T16:54:13.431388+0800 ERROR SENT: N16 G0 X251.98 Y253.592 Z0.2*116
2025-06-13T16:54:13.432425+0800 ERROR write command N16 G0 X251.98 Y253.592 Z0.2*116
2025-06-13T16:54:13.432425+0800 ERROR second command N16 G0 X251.98 Y253.592 Z0.2*116
2025-06-13T16:54:13.433413+0800 ERROR finish command N16 G0 X251.98 Y253.592 Z0.2*116
2025-06-13T16:54:13.434996+0800 ERROR readline ok

2025-06-13T16:54:13.434996+0800 ERROR SENT: N17 G1 F3600 E0.12473*53
2025-06-13T16:54:13.436510+0800 ERROR write command N17 G1 F3600 E0.12473*53
2025-06-13T16:54:13.437523+0800 ERROR second command N17 G1 F3600 E0.12473*53
2025-06-13T16:54:13.439060+0800 ERROR finish command N17 G1 F3600 E0.12473*53
2025-06-13T16:54:13.442663+0800 ERROR readline echo: cold extrusion prevented

2025-06-13T16:54:13.444205+0800 ERROR readline ok

2025-06-13T16:54:13.445261+0800 ERROR SENT: N18 G1 F2400 X251.98 Y195.392 E2.9601*53
2025-06-13T16:54:13.446234+0800 ERROR write command N18 G1 F2400 X251.98 Y195.392 E2.9601*53
2025-06-13T16:54:13.446234+0800 ERROR second command N18 G1 F2400 X251.98 Y195.392 E2.9601*53
2025-06-13T16:54:13.446234+0800 ERROR finish command N18 G1 F2400 X251.98 Y195.392 E2.9601*53
2025-06-13T16:54:13.460258+0800 ERROR readline echo: cold extrusion prevented

2025-06-13T16:54:13.461265+0800 ERROR readline ok

2025-06-13T16:54:13.476023+0800 ERROR SENT: N19 G1 X193.78 Y195.392 E5.79548*105
2025-06-13T16:54:13.477096+0800 ERROR write command N19 G1 X193.78 Y195.392 E5.79548*105
2025-06-13T16:54:13.478059+0800 ERROR second command N19 G1 X193.78 Y195.392 E5.79548*105
2025-06-13T16:54:13.479097+0800 ERROR finish command N19 G1 X193.78 Y195.392 E5.79548*105
2025-06-13T16:54:13.480639+0800 ERROR readline echo: cold extrusion prevented

2025-06-13T16:54:13.482670+0800 ERROR readline ok

2025-06-13T16:54:13.491459+0800 ERROR SENT: N20 G1 X193.78 Y253.592 E8.63085*110
2025-06-13T16:54:13.492378+0800 ERROR write command N20 G1 X193.78 Y253.592 E8.63085*110
2025-06-13T16:54:13.492378+0800 ERROR second command N20 G1 X193.78 Y253.592 E8.63085*110
2025-06-13T16:54:13.493446+0800 ERROR finish command N20 G1 X193.78 Y253.592 E8.63085*110
2025-06-13T16:54:13.494446+0800 ERROR readline echo: cold extrusion prevented

2025-06-13T16:54:13.495989+0800 ERROR readline ok

2025-06-13T16:54:13.506774+0800 ERROR SENT: N21 G1 X251.98 Y253.592 E11.46623*89
2025-06-13T16:54:13.506774+0800 ERROR write command N21 G1 X251.98 Y253.592 E11.46623*89
2025-06-13T16:54:13.507831+0800 ERROR second command N21 G1 X251.98 Y253.592 E11.46623*89
2025-06-13T16:54:13.510381+0800 ERROR finish command N21 G1 X251.98 Y253.592 E11.46623*89
2025-06-13T16:54:13.512429+0800 ERROR readline echo: cold extrusion prevented

2025-06-13T16:54:13.513432+0800 ERROR readline ok

2025-06-13T16:54:13.522351+0800 ERROR SENT: N22 G0 F3600 X252.58 Y254.192*74
2025-06-13T16:54:13.523329+0800 ERROR write command N22 G0 F3600 X252.58 Y254.192*74
2025-06-13T16:54:13.523329+0800 ERROR second command N22 G0 F3600 X252.58 Y254.192*74
2025-06-13T16:54:13.524399+0800 ERROR finish command N22 G0 F3600 X252.58 Y254.192*74
2025-06-13T16:54:13.772571+0800 ERROR empty readline 0
2025-06-13T16:54:14.038438+0800 ERROR empty readline 1
2025-06-13T16:54:14.082245+0800 ERROR readline X:251.9800 Y:253.5920 Z:0.2000 E:11.4662 Count X:88193 Y:88757 Z:400 STA: 5252858

2025-06-13T16:54:14.083573+0800 ERROR readline 

2025-06-13T16:54:14.349628+0800 ERROR empty readline 0
2025-06-13T16:54:14.614417+0800 ERROR empty readline 1
2025-06-13T16:54:14.887749+0800 ERROR empty readline 2
2025-06-13T16:54:15.142669+0800 ERROR readline X:251.9800 Y:253.5920 Z:0.2000 E:11.4662 Count X:88193 Y:88757 Z:400 STA: 5252858

2025-06-13T16:54:15.147726+0800 ERROR readline 

2025-06-13T16:54:15.406346+0800 ERROR empty readline 0
2025-06-13T16:54:15.527766+0800 ERROR readline echo:busy: processing

2025-06-13T16:54:15.792318+0800 ERROR empty readline 0
2025-06-13T16:54:16.060202+0800 ERROR empty readline 1
2025-06-13T16:54:16.077383+0800 ERROR readline X:251.9800 Y:253.5920 Z:0.2000 E:11.4662 Count X:88193 Y:88757 Z:400 STA: 5252858

2025-06-13T16:54:16.080939+0800 ERROR readline 

2025-06-13T16:54:16.334520+0800 ERROR empty readline 0
2025-06-13T16:54:16.385449+0800 ERROR readline ok

2025-06-13T16:54:16.395032+0800 ERROR SENT: N23 G1 F2400 X252.58 Y194.792 E14.36006*61
2025-06-13T16:54:16.396534+0800 ERROR write command N23 G1 F2400 X252.58 Y194.792 E14.36006*61
2025-06-13T16:54:16.397578+0800 ERROR second command N23 G1 F2400 X252.58 Y194.792 E14.36006*61
2025-06-13T16:54:16.399271+0800 ERROR finish command N23 G1 F2400 X252.58 Y194.792 E14.36006*61
2025-06-13T16:54:16.402830+0800 ERROR readline echo: cold extrusion prevented

2025-06-13T16:54:16.405375+0800 ERROR readline ok

2025-06-13T16:54:16.410453+0800 ERROR SENT: N24 G1 X193.18 Y194.792 E17.2539*109
2025-06-13T16:54:16.411491+0800 ERROR write command N24 G1 X193.18 Y194.792 E17.2539*109
2025-06-13T16:54:16.413509+0800 ERROR second command N24 G1 X193.18 Y194.792 E17.2539*109
2025-06-13T16:54:16.414505+0800 ERROR finish command N24 G1 X193.18 Y194.792 E17.2539*109
2025-06-13T16:54:16.420752+0800 ERROR readline echo: cold extrusion prevented

2025-06-13T16:54:16.421757+0800 ERROR readline ok

2025-06-13T16:54:16.425788+0800 ERROR SENT: N25 G1 X193.18 Y254.192 E20.14773*90
2025-06-13T16:54:16.426299+0800 ERROR write command N25 G1 X193.18 Y254.192 E20.14773*90
2025-06-13T16:54:16.427372+0800 ERROR second command N25 G1 X193.18 Y254.192 E20.14773*90
2025-06-13T16:54:16.428390+0800 ERROR finish command N25 G1 X193.18 Y254.192 E20.14773*90
2025-06-13T16:54:16.434165+0800 ERROR readline echo: cold extrusion prevented

2025-06-13T16:54:16.689694+0800 ERROR empty readline 0
2025-06-13T16:54:16.952676+0800 ERROR empty readline 1
2025-06-13T16:54:17.081308+0800 ERROR readline X:193.1800 Y:194.7920 Z:0.2000 E:20.1477 Count X:67613 Y:68177 Z:400 STA: 5252863

2025-06-13T16:54:17.084292+0800 ERROR readline 

2025-06-13T16:54:17.344911+0800 ERROR empty readline 0
2025-06-13T16:54:17.607847+0800 ERROR empty readline 1
2025-06-13T16:54:17.872390+0800 ERROR empty readline 2
2025-06-13T16:54:18.080399+0800 ERROR readline X:193.1800 Y:194.7920 Z:0.2000 E:20.1477 Count X:67613 Y:68177 Z:400 STA: 5252863

2025-06-13T16:54:18.082334+0800 ERROR readline 

2025-06-13T16:54:18.342536+0800 ERROR empty readline 0
2025-06-13T16:54:18.427788+0800 ERROR readline echo:busy: processing

2025-06-13T16:54:18.684752+0800 ERROR empty readline 0
2025-06-13T16:54:18.948360+0800 ERROR empty readline 1
2025-06-13T16:54:19.080344+0800 ERROR readline X:193.1800 Y:194.7920 Z:0.2000 E:20.1477 Count X:67613 Y:68177 Z:400 STA: 5252863

2025-06-13T16:54:19.081348+0800 ERROR readline 

2025-06-13T16:54:19.337825+0800 ERROR empty readline 0
2025-06-13T16:54:19.604076+0800 ERROR empty readline 1
2025-06-13T16:54:19.867706+0800 ERROR empty readline 2
2025-06-13T16:54:20.079721+0800 ERROR readline X:193.1800 Y:194.7920 Z:0.2000 E:20.1477 Count X:67613 Y:68177 Z:400 STA: 5252863

2025-06-13T16:54:20.082284+0800 ERROR readline 

2025-06-13T16:54:20.349484+0800 ERROR empty readline 0
2025-06-13T16:54:20.428082+0800 ERROR readline echo:busy: processing

2025-06-13T16:54:20.521417+0800 INFO M105

2025-06-13T16:54:20.692138+0800 ERROR empty readline 0
2025-06-13T16:54:20.955761+0800 ERROR empty readline 1
2025-06-13T16:54:21.079929+0800 ERROR readline X:193.1800 Y:194.7920 Z:0.2000 E:20.1477 Count X:67613 Y:68177 Z:400 STA: 5252863

2025-06-13T16:54:21.079929+0800 ERROR readline 

2025-06-13T16:54:21.342634+0800 ERROR empty readline 0
2025-06-13T16:54:21.607019+0800 ERROR empty readline 1
2025-06-13T16:54:21.870628+0800 ERROR empty readline 2
2025-06-13T16:54:22.080993+0800 ERROR readline X:193.1800 Y:194.7920 Z:0.2000 E:20.1477 Count X:67613 Y:68177 Z:400 STA: 5252863

2025-06-13T16:54:22.082007+0800 ERROR readline 

2025-06-13T16:54:22.338090+0800 ERROR empty readline 0
2025-06-13T16:54:22.385074+0800 ERROR readline ok

2025-06-13T16:54:22.401345+0800 ERROR SENT: M105

2025-06-13T16:54:22.403742+0800 ERROR write command M105

2025-06-13T16:54:22.404995+0800 ERROR second command M105

2025-06-13T16:54:22.407417+0800 ERROR finish command M105

2025-06-13T16:54:22.408425+0800 ERROR readline ok

2025-06-13T16:54:22.412953+0800 ERROR readline  T:92.4279 /10 B:53.9625 /10 @:0 B@:0 VER: 1.3.2

2025-06-13T16:54:22.417039+0800 ERROR SENT: N26 G1 X252.58 Y254.192 E23.04157*81
2025-06-13T16:54:22.417039+0800 ERROR write command N26 G1 X252.58 Y254.192 E23.04157*81
2025-06-13T16:54:22.418056+0800 ERROR second command N26 G1 X252.58 Y254.192 E23.04157*81
2025-06-13T16:54:22.419569+0800 ERROR finish command N26 G1 X252.58 Y254.192 E23.04157*81
2025-06-13T16:54:22.432610+0800 ERROR readline echo: cold extrusion prevented

2025-06-13T16:54:22.694524+0800 ERROR empty readline 0
2025-06-13T16:54:22.946308+0800 ERROR empty readline 1
2025-06-13T16:54:23.080135+0800 ERROR readline X:193.1800 Y:254.1920 Z:0.2000 E:23.0416 Count X:67613 Y:88967 Z:400 STA: 5252863

2025-06-13T16:54:23.084656+0800 ERROR readline 

2025-06-13T16:54:23.350271+0800 ERROR empty readline 0
2025-06-13T16:54:23.613459+0800 ERROR empty readline 1
2025-06-13T16:54:26.561941+0800 ERROR readline ok

2025-06-13T16:54:26.579341+0800 ERROR SENT: N27 G0 F3600 X252.58 Y253.892*65
2025-06-13T16:54:26.581884+0800 ERROR write command N27 G0 F3600 X252.58 Y253.892*65
2025-06-13T16:54:26.584426+0800 ERROR second command N27 G0 F3600 X252.58 Y253.892*65
2025-06-13T16:54:26.585454+0800 ERROR finish command N27 G0 F3600 X252.58 Y253.892*65
2025-06-13T16:54:27.093076+0800 ERROR readline X:252.5800 Y:254.1920 Z:0.2000 E:23.0416 Count X:88403 Y:88967 Z:400 STA: 5252863

2025-06-13T16:54:27.514333+0800 ERROR readline 

2025-06-13T16:54:27.857728+0800 ERROR readline X:252.5800 Y:254.1920 Z:0.2000 E:23.0416 Count X:88403 Y:88967 Z:400 STA: 5252863

2025-06-13T16:54:28.232583+0800 ERROR readline 

2025-06-13T16:54:29.385633+0800 ERROR readline X:252.5800 Y:254.1920 Z:0.2000 E:23.0416 Count X:88403 Y:88967 Z:400 STA: 5252863

2025-06-13T16:54:29.617827+0800 ERROR readline 

2025-06-13T16:54:29.980552+0800 INFO M105

2025-06-13T16:54:30.194499+0800 ERROR readline ok

2025-06-13T16:54:30.197090+0800 ERROR SENT: M105

2025-06-13T16:54:30.198143+0800 ERROR write command M105

2025-06-13T16:54:30.199137+0800 ERROR second command M105

2025-06-13T16:54:30.199696+0800 ERROR finish command M105

2025-06-13T16:54:30.646887+0800 ERROR readline X:252.5800 Y:253.8920 Z:0.2000 E:23.0416 Count X:88403 Y:88862 Z:400 STA: 5252863

2025-06-13T16:54:34.258009+0800 ERROR readline 

2025-06-13T16:54:34.272673+0800 ERROR readline X:252.5800 Y:253.8920 Z:0.2000 E:23.0416 Count X:88403 Y:88862 Z:400 STA: 5252863

2025-06-13T16:54:34.274182+0800 ERROR readline 

2025-06-13T16:54:34.282434+0800 ERROR readline X:252.5800 Y:253.8920 Z:0.2000 E:23.0416 Count X:88403 Y:88862 Z:400 STA: 5252863

2025-06-13T16:54:34.284445+0800 ERROR readline 

2025-06-13T16:54:34.292797+0800 ERROR readline X:252.5800 Y:253.8920 Z:0.2000 E:23.0416 Count X:88403 Y:88862 Z:400 STA: 5252863

2025-06-13T16:54:34.294351+0800 ERROR readline 

2025-06-13T16:54:34.295863+0800 ERROR readline ok

2025-06-13T16:54:34.301424+0800 ERROR readline  T:91.1058 /10 B:54.0000 /10 @:0 B@:0 VER: 1.3.2

2025-06-13T16:54:34.310983+0800 ERROR SENT: N28 G0 X251.602 Y253.212*21
2025-06-13T16:54:34.311993+0800 ERROR write command N28 G0 X251.602 Y253.212*21
2025-06-13T16:54:34.312995+0800 ERROR second command N28 G0 X251.602 Y253.212*21
2025-06-13T16:54:34.312995+0800 ERROR finish command N28 G0 X251.602 Y253.212*21
2025-06-13T16:54:34.321486+0800 ERROR readline X:252.5800 Y:253.8920 Z:0.2000 E:23.0416 Count X:88403 Y:88862 Z:400 STA: 5252863

2025-06-13T16:54:34.323011+0800 ERROR readline 

2025-06-13T16:54:34.331898+0800 ERROR readline X:252.5800 Y:253.8920 Z:0.2000 E:23.0416 Count X:88403 Y:88862 Z:400 STA: 5252863

2025-06-13T16:54:34.334402+0800 ERROR readline 

2025-06-13T16:54:34.342702+0800 ERROR readline X:252.5800 Y:253.8920 Z:0.2000 E:23.0416 Count X:88403 Y:88862 Z:400 STA: 5252863

2025-06-13T16:54:34.345252+0800 ERROR readline 

2025-06-13T16:54:34.353025+0800 ERROR readline X:252.5800 Y:253.8920 Z:0.2000 E:23.0416 Count X:88403 Y:88862 Z:400 STA: 5252863

2025-06-13T16:54:34.354558+0800 ERROR readline 

2025-06-13T16:54:34.356135+0800 ERROR readline ok

2025-06-13T16:54:34.366765+0800 ERROR SENT: N29 G0 X251.408 Y253.02*47
2025-06-13T16:54:34.366765+0800 ERROR write command N29 G0 X251.408 Y253.02*47
2025-06-13T16:54:34.367808+0800 ERROR second command N29 G0 X251.408 Y253.02*47
2025-06-13T16:54:34.367808+0800 ERROR finish command N29 G0 X251.408 Y253.02*47
2025-06-13T16:54:34.369386+0800 ERROR readline ok

2025-06-13T16:54:34.370424+0800 ERROR SENT: N30 G1 F2400 X194.348 Y253.02 E26.03064*49
2025-06-13T16:54:34.371449+0800 ERROR write command N30 G1 F2400 X194.348 Y253.02 E26.03064*49
2025-06-13T16:54:34.373440+0800 ERROR second command N30 G1 F2400 X194.348 Y253.02 E26.03064*49
2025-06-13T16:54:34.374413+0800 ERROR finish command N30 G1 F2400 X194.348 Y253.02 E26.03064*49
2025-06-13T16:54:34.382952+0800 ERROR readline echo: cold extrusion prevented

2025-06-13T16:54:34.384464+0800 ERROR readline ok

2025-06-13T16:54:34.398574+0800 ERROR SENT: N31 G1 X194.348 Y195.96 E29.01971*84
2025-06-13T16:54:34.400109+0800 ERROR write command N31 G1 X194.348 Y195.96 E29.01971*84
2025-06-13T16:54:34.401639+0800 ERROR second command N31 G1 X194.348 Y195.96 E29.01971*84
2025-06-13T16:54:34.402784+0800 ERROR finish command N31 G1 X194.348 Y195.96 E29.01971*84
2025-06-13T16:54:34.407820+0800 ERROR readline echo: cold extrusion prevented

2025-06-13T16:54:34.409396+0800 ERROR readline ok

2025-06-13T16:54:34.413452+0800 ERROR SENT: N32 G1 X251.408 Y195.96 E32.00879*92
2025-06-13T16:54:34.414411+0800 ERROR write command N32 G1 X251.408 Y195.96 E32.00879*92
2025-06-13T16:54:34.415622+0800 ERROR second command N32 G1 X251.408 Y195.96 E32.00879*92
2025-06-13T16:54:34.416629+0800 ERROR finish command N32 G1 X251.408 Y195.96 E32.00879*92
2025-06-13T16:54:34.422180+0800 ERROR readline echo: cold extrusion prevented

2025-06-13T16:54:34.424214+0800 ERROR readline ok

2025-06-13T16:54:34.429419+0800 ERROR SENT: N33 G1 X251.408 Y253.02 E34.99786*80
2025-06-13T16:54:34.430434+0800 ERROR write command N33 G1 X251.408 Y253.02 E34.99786*80
2025-06-13T16:54:34.430943+0800 ERROR second command N33 G1 X251.408 Y253.02 E34.99786*80
2025-06-13T16:54:34.431453+0800 ERROR finish command N33 G1 X251.408 Y253.02 E34.99786*80
2025-06-13T16:54:34.437764+0800 ERROR readline echo: cold extrusion prevented

2025-06-13T16:54:34.440326+0800 ERROR readline ok

2025-06-13T16:54:34.446347+0800 ERROR SENT: N34 G0 F3600 X251.108 Y196.802*119
2025-06-13T16:54:34.447360+0800 ERROR write command N34 G0 F3600 X251.108 Y196.802*119
2025-06-13T16:54:34.448360+0800 ERROR second command N34 G0 F3600 X251.108 Y196.802*119
2025-06-13T16:54:34.448360+0800 ERROR finish command N34 G0 F3600 X251.108 Y196.802*119
2025-06-13T16:54:34.449900+0800 ERROR readline ok

2025-06-13T16:54:34.461508+0800 ERROR SENT: N35 G1 F2400 X250.566 Y196.26 E35.03801*48
2025-06-13T16:54:34.462895+0800 ERROR write command N35 G1 F2400 X250.566 Y196.26 E35.03801*48
2025-06-13T16:54:34.464443+0800 ERROR second command N35 G1 F2400 X250.566 Y196.26 E35.03801*48
2025-06-13T16:54:34.466474+0800 ERROR finish command N35 G1 F2400 X250.566 Y196.26 E35.03801*48
2025-06-13T16:54:34.471660+0800 ERROR readline echo: cold extrusion prevented

2025-06-13T16:54:34.472649+0800 ERROR readline ok

2025-06-13T16:54:34.476216+0800 ERROR SENT: N36 G0 F3600 X249.718 Y196.26*69
2025-06-13T16:54:34.476216+0800 ERROR write command N36 G0 F3600 X249.718 Y196.26*69
2025-06-13T16:54:34.476216+0800 ERROR second command N36 G0 F3600 X249.718 Y196.26*69
2025-06-13T16:54:34.477660+0800 ERROR finish command N36 G0 F3600 X249.718 Y196.26*69
2025-06-13T16:54:34.478667+0800 ERROR readline ok

2025-06-13T16:54:34.479703+0800 ERROR SENT: N37 G1 F2400 X251.108 Y197.65 E35.14099*54
2025-06-13T16:54:34.480223+0800 ERROR write command N37 G1 F2400 X251.108 Y197.65 E35.14099*54
2025-06-13T16:54:34.481304+0800 ERROR second command N37 G1 F2400 X251.108 Y197.65 E35.14099*54
2025-06-13T16:54:34.482259+0800 ERROR finish command N37 G1 F2400 X251.108 Y197.65 E35.14099*54
2025-06-13T16:54:34.487826+0800 ERROR readline echo: cold extrusion prevented

2025-06-13T16:54:34.490363+0800 ERROR readline ok

2025-06-13T16:54:34.491365+0800 ERROR SENT: N38 G0 F3600 X251.108 Y198.499*123
2025-06-13T16:54:34.491365+0800 ERROR write command N38 G0 F3600 X251.108 Y198.499*123
2025-06-13T16:54:34.493373+0800 ERROR second command N38 G0 F3600 X251.108 Y198.499*123
2025-06-13T16:54:34.493373+0800 ERROR finish command N38 G0 F3600 X251.108 Y198.499*123
2025-06-13T16:54:34.494372+0800 ERROR readline ok

2025-06-13T16:54:34.495724+0800 ERROR SENT: N39 G1 F2400 X248.869 Y196.26 E35.30686*54
2025-06-13T16:54:34.496243+0800 ERROR write command N39 G1 F2400 X248.869 Y196.26 E35.30686*54
2025-06-13T16:54:34.496243+0800 ERROR second command N39 G1 F2400 X248.869 Y196.26 E35.30686*54
2025-06-13T16:54:34.497304+0800 ERROR finish command N39 G1 F2400 X248.869 Y196.26 E35.30686*54
2025-06-13T16:54:34.504731+0800 ERROR readline echo: cold extrusion prevented

2025-06-13T16:54:34.757466+0800 ERROR empty readline 0
2025-06-13T16:54:35.022916+0800 ERROR empty readline 1
2025-06-13T16:54:35.076870+0800 ERROR readline X:251.1080 Y:198.4990 Z:0.2000 E:35.3069 Count X:87888 Y:69475 Z:400 STA: 5252863

2025-06-13T16:54:35.082130+0800 ERROR readline 

2025-06-13T16:54:35.335296+0800 ERROR empty readline 0
2025-06-13T16:54:35.599463+0800 ERROR empty readline 1
2025-06-13T16:54:35.846904+0800 ERROR readline ok

2025-06-13T16:54:35.861097+0800 ERROR SENT: N40 G0 F3600 X248.021 Y196.26*72
2025-06-13T16:54:35.862097+0800 ERROR write command N40 G0 F3600 X248.021 Y196.26*72
2025-06-13T16:54:35.863130+0800 ERROR second command N40 G0 F3600 X248.021 Y196.26*72
2025-06-13T16:54:35.864144+0800 ERROR finish command N40 G0 F3600 X248.021 Y196.26*72
2025-06-13T16:54:35.864774+0800 ERROR readline ok

2025-06-13T16:54:35.876952+0800 ERROR SENT: N41 G1 F2400 X251.108 Y199.348 E35.53559*15
2025-06-13T16:54:35.878083+0800 ERROR write command N41 G1 F2400 X251.108 Y199.348 E35.53559*15
2025-06-13T16:54:35.880298+0800 ERROR second command N41 G1 F2400 X251.108 Y199.348 E35.53559*15
2025-06-13T16:54:35.881781+0800 ERROR finish command N41 G1 F2400 X251.108 Y199.348 E35.53559*15
2025-06-13T16:54:35.886668+0800 ERROR readline echo: cold extrusion prevented

2025-06-13T16:54:36.078220+0800 ERROR readline X:248.0210 Y:196.2600 Z:0.2000 E:35.5356 Count X:86807 Y:68691 Z:400 STA: 5252863

2025-06-13T16:54:36.081761+0800 ERROR readline 

2025-06-13T16:54:36.341680+0800 ERROR empty readline 0
2025-06-13T16:54:36.606272+0800 ERROR empty readline 1
2025-06-13T16:54:36.857886+0800 ERROR empty readline 2
2025-06-13T16:54:37.079211+0800 ERROR readline X:248.0210 Y:196.2600 Z:0.2000 E:35.5356 Count X:86807 Y:68691 Z:400 STA: 5252863

2025-06-13T16:54:37.081232+0800 ERROR readline 

2025-06-13T16:54:37.279081+0800 ERROR readline ok

2025-06-13T16:54:37.281626+0800 ERROR SENT: N42 G0 F3600 X251.108 Y200.196*126
2025-06-13T16:54:37.282625+0800 ERROR write command N42 G0 F3600 X251.108 Y200.196*126
2025-06-13T16:54:37.282625+0800 ERROR second command N42 G0 F3600 X251.108 Y200.196*126
2025-06-13T16:54:37.283624+0800 ERROR finish command N42 G0 F3600 X251.108 Y200.196*126
2025-06-13T16:54:37.530959+0800 ERROR empty readline 0
2025-06-13T16:54:37.793214+0800 ERROR empty readline 1
2025-06-13T16:54:38.059317+0800 ERROR empty readline 2
2025-06-13T16:54:38.080791+0800 ERROR readline X:251.1080 Y:199.3480 Z:0.2000 E:35.5356 Count X:87888 Y:69772 Z:400 STA: 5252863

2025-06-13T16:54:38.084314+0800 ERROR readline 

2025-06-13T16:54:38.340172+0800 ERROR empty readline 0
2025-06-13T16:54:38.605663+0800 ERROR empty readline 1
2025-06-13T16:54:38.710315+0800 ERROR readline ok

2025-06-13T16:54:38.716235+0800 ERROR SENT: N43 G1 F2400 X247.172 Y196.26 E35.82718*56
2025-06-13T16:54:38.716235+0800 ERROR write command N43 G1 F2400 X247.172 Y196.26 E35.82718*56
2025-06-13T16:54:38.717254+0800 ERROR second command N43 G1 F2400 X247.172 Y196.26 E35.82718*56
2025-06-13T16:54:38.718251+0800 ERROR finish command N43 G1 F2400 X247.172 Y196.26 E35.82718*56
2025-06-13T16:54:38.724347+0800 ERROR readline echo: cold extrusion prevented

2025-06-13T16:54:38.979631+0800 ERROR empty readline 0
2025-06-13T16:54:39.076967+0800 ERROR readline X:251.1080 Y:200.1960 Z:0.2000 E:35.8272 Count X:87888 Y:70069 Z:400 STA: 5252863

2025-06-13T16:54:39.078336+0800 ERROR readline 

2025-06-13T16:54:39.144636+0800 INFO L110 S61
2025-06-13T16:54:39.145682+0800 INFO L110 S61
2025-06-13T16:54:39.145682+0800 INFO L110 S61
2025-06-13T16:54:39.342820+0800 ERROR empty readline 0
2025-06-13T16:54:39.403343+0800 INFO M105

2025-06-13T16:54:39.603126+0800 ERROR empty readline 1
2025-06-13T16:54:39.691558+0800 INFO L110 S60
2025-06-13T16:54:39.691558+0800 INFO L110 S60
2025-06-13T16:54:39.692547+0800 INFO L110 S60
2025-06-13T16:54:39.868104+0800 ERROR empty readline 2
2025-06-13T16:54:40.077689+0800 ERROR readline X:251.1080 Y:200.1960 Z:0.2000 E:35.8272 Count X:87888 Y:70069 Z:400 STA: 5252863

2025-06-13T16:54:40.079759+0800 ERROR readline 

2025-06-13T16:54:40.142891+0800 ERROR readline ok

2025-06-13T16:54:40.148029+0800 ERROR SENT: L110 S61
2025-06-13T16:54:40.149341+0800 ERROR write command L110 S61
2025-06-13T16:54:40.150358+0800 ERROR second command L110 S61
2025-06-13T16:54:40.150358+0800 ERROR finish command L110 S61
2025-06-13T16:54:40.151357+0800 ERROR readline ok

2025-06-13T16:54:40.164202+0800 ERROR SENT: L110 S61
2025-06-13T16:54:40.165215+0800 ERROR write command L110 S61
2025-06-13T16:54:40.166211+0800 ERROR second command L110 S61
2025-06-13T16:54:40.166211+0800 ERROR finish command L110 S61
2025-06-13T16:54:40.167524+0800 ERROR readline ok

2025-06-13T16:54:40.179585+0800 ERROR SENT: L110 S61
2025-06-13T16:54:40.179585+0800 ERROR write command L110 S61
2025-06-13T16:54:40.180604+0800 ERROR second command L110 S61
2025-06-13T16:54:40.180604+0800 ERROR finish command L110 S61
2025-06-13T16:54:40.181622+0800 ERROR readline ok

2025-06-13T16:54:40.195932+0800 ERROR SENT: M105

2025-06-13T16:54:40.197104+0800 ERROR write command M105

2025-06-13T16:54:40.198163+0800 ERROR second command M105

2025-06-13T16:54:40.199179+0800 ERROR finish command M105

2025-06-13T16:54:40.200197+0800 ERROR readline ok

2025-06-13T16:54:40.206240+0800 ERROR readline  T:90.1442 /10 B:53.8750 /10 @:0 B@:0 VER: 1.3.2

2025-06-13T16:54:40.211791+0800 ERROR SENT: L110 S60
2025-06-13T16:54:40.211791+0800 ERROR write command L110 S60
2025-06-13T16:54:40.213807+0800 ERROR second command L110 S60
2025-06-13T16:54:40.215075+0800 ERROR finish command L110 S60
2025-06-13T16:54:40.216099+0800 ERROR readline ok

2025-06-13T16:54:40.227187+0800 ERROR SENT: L110 S60
2025-06-13T16:54:40.228200+0800 ERROR write command L110 S60
2025-06-13T16:54:40.229201+0800 ERROR second command L110 S60
2025-06-13T16:54:40.230381+0800 ERROR finish command L110 S60
2025-06-13T16:54:40.237848+0800 ERROR readline ok

2025-06-13T16:54:40.242560+0800 ERROR SENT: L110 S60
2025-06-13T16:54:40.243547+0800 ERROR write command L110 S60
2025-06-13T16:54:40.244543+0800 ERROR second command L110 S60
2025-06-13T16:54:40.246065+0800 ERROR finish command L110 S60
2025-06-13T16:54:40.246065+0800 ERROR readline ok

2025-06-13T16:54:40.257768+0800 ERROR SENT: N44 G0 F3600 X246.323 Y196.26*67
2025-06-13T16:54:40.257768+0800 ERROR write command N44 G0 F3600 X246.323 Y196.26*67
2025-06-13T16:54:40.260297+0800 ERROR second command N44 G0 F3600 X246.323 Y196.26*67
2025-06-13T16:54:40.261320+0800 ERROR finish command N44 G0 F3600 X246.323 Y196.26*67
2025-06-13T16:54:40.515974+0800 ERROR empty readline 0
2025-06-13T16:54:40.773071+0800 ERROR empty readline 1
2025-06-13T16:54:41.037418+0800 ERROR empty readline 2
2025-06-13T16:54:41.076451+0800 ERROR readline X:247.1720 Y:196.2600 Z:0.2000 E:35.8272 Count X:86510 Y:68691 Z:400 STA: 5252863

2025-06-13T16:54:41.077944+0800 ERROR readline 

2025-06-13T16:54:41.103319+0800 ERROR readline ok

2025-06-13T16:54:41.115473+0800 ERROR SENT: N45 G1 F2400 X251.108 Y201.045 E36.18167*2
2025-06-13T16:54:41.116966+0800 ERROR write command N45 G1 F2400 X251.108 Y201.045 E36.18167*2
2025-06-13T16:54:41.118004+0800 ERROR second command N45 G1 F2400 X251.108 Y201.045 E36.18167*2
2025-06-13T16:54:41.121141+0800 ERROR finish command N45 G1 F2400 X251.108 Y201.045 E36.18167*2
2025-06-13T16:54:41.125173+0800 ERROR readline echo: cold extrusion prevented

2025-06-13T16:54:41.126707+0800 ERROR readline ok

2025-06-13T16:54:41.131282+0800 ERROR SENT: N46 G0 F3600 X251.108 Y201.893*119
2025-06-13T16:54:41.132263+0800 ERROR write command N46 G0 F3600 X251.108 Y201.893*119
2025-06-13T16:54:41.132263+0800 ERROR second command N46 G0 F3600 X251.108 Y201.893*119
2025-06-13T16:54:41.133270+0800 ERROR finish command N46 G0 F3600 X251.108 Y201.893*119
2025-06-13T16:54:41.142933+0800 ERROR readline ok

2025-06-13T16:54:41.146484+0800 ERROR SENT: N47 G1 F2400 X245.475 Y196.26 E36.59898*62
2025-06-13T16:54:41.148330+0800 ERROR write command N47 G1 F2400 X245.475 Y196.26 E36.59898*62
2025-06-13T16:54:41.148862+0800 ERROR second command N47 G1 F2400 X245.475 Y196.26 E36.59898*62
2025-06-13T16:54:41.149601+0800 ERROR finish command N47 G1 F2400 X245.475 Y196.26 E36.59898*62
2025-06-13T16:54:41.154269+0800 ERROR readline echo: cold extrusion prevented

2025-06-13T16:54:41.194933+0800 ERROR readline ok

2025-06-13T16:54:41.207126+0800 ERROR SENT: N48 G0 F3600 X244.626 Y196.26*77
2025-06-13T16:54:41.208126+0800 ERROR write command N48 G0 F3600 X244.626 Y196.26*77
2025-06-13T16:54:41.209658+0800 ERROR second command N48 G0 F3600 X244.626 Y196.26*77
2025-06-13T16:54:41.209658+0800 ERROR finish command N48 G0 F3600 X244.626 Y196.26*77
2025-06-13T16:54:41.216274+0800 ERROR readline ok

2025-06-13T16:54:41.222373+0800 ERROR SENT: N49 G1 F2400 X251.108 Y202.742 E37.07919*3
2025-06-13T16:54:41.223375+0800 ERROR write command N49 G1 F2400 X251.108 Y202.742 E37.07919*3
2025-06-13T16:54:41.224382+0800 ERROR second command N49 G1 F2400 X251.108 Y202.742 E37.07919*3
2025-06-13T16:54:41.226448+0800 ERROR finish command N49 G1 F2400 X251.108 Y202.742 E37.07919*3
2025-06-13T16:54:41.230527+0800 ERROR readline echo: cold extrusion prevented

2025-06-13T16:54:41.299406+0800 ERROR readline ok

2025-06-13T16:54:41.315371+0800 ERROR SENT: N50 G0 F3600 X251.108 Y203.59*76
2025-06-13T16:54:41.317641+0800 ERROR write command N50 G0 F3600 X251.108 Y203.59*76
2025-06-13T16:54:41.317641+0800 ERROR second command N50 G0 F3600 X251.108 Y203.59*76
2025-06-13T16:54:41.319179+0800 ERROR finish command N50 G0 F3600 X251.108 Y203.59*76
2025-06-13T16:54:41.320193+0800 ERROR readline ok

2025-06-13T16:54:41.331480+0800 ERROR SENT: N51 G1 F2400 X243.778 Y196.26 E37.62222*51
2025-06-13T16:54:41.332476+0800 ERROR write command N51 G1 F2400 X243.778 Y196.26 E37.62222*51
2025-06-13T16:54:41.333477+0800 ERROR second command N51 G1 F2400 X243.778 Y196.26 E37.62222*51
2025-06-13T16:54:41.333477+0800 ERROR finish command N51 G1 F2400 X243.778 Y196.26 E37.62222*51
2025-06-13T16:54:41.339413+0800 ERROR readline echo: cold extrusion prevented

2025-06-13T16:54:41.433454+0800 ERROR readline ok

2025-06-13T16:54:41.440742+0800 ERROR SENT: N52 G0 F3600 X242.929 Y196.26*64
2025-06-13T16:54:41.441884+0800 ERROR write command N52 G0 F3600 X242.929 Y196.26*64
2025-06-13T16:54:41.441884+0800 ERROR second command N52 G0 F3600 X242.929 Y196.26*64
2025-06-13T16:54:41.441884+0800 ERROR finish command N52 G0 F3600 X242.929 Y196.26*64
2025-06-13T16:54:41.452489+0800 ERROR readline ok

2025-06-13T16:54:41.456535+0800 ERROR SENT: N53 G1 F2400 X251.108 Y204.439 E38.22814*5
2025-06-13T16:54:41.457579+0800 ERROR write command N53 G1 F2400 X251.108 Y204.439 E38.22814*5
2025-06-13T16:54:41.457579+0800 ERROR second command N53 G1 F2400 X251.108 Y204.439 E38.22814*5
2025-06-13T16:54:41.458548+0800 ERROR finish command N53 G1 F2400 X251.108 Y204.439 E38.22814*5
2025-06-13T16:54:41.463577+0800 ERROR readline echo: cold extrusion prevented

2025-06-13T16:54:41.596334+0800 ERROR readline ok

2025-06-13T16:54:41.599156+0800 ERROR SENT: N54 G0 F3600 X251.108 Y205.287*127
2025-06-13T16:54:41.599156+0800 ERROR write command N54 G0 F3600 X251.108 Y205.287*127
2025-06-13T16:54:41.600098+0800 ERROR second command N54 G0 F3600 X251.108 Y205.287*127
2025-06-13T16:54:41.600098+0800 ERROR finish command N54 G0 F3600 X251.108 Y205.287*127
2025-06-13T16:54:41.616572+0800 ERROR readline ok

2025-06-13T16:54:41.629704+0800 ERROR SENT: N55 G1 F2400 X242.081 Y196.26 E38.89689*56
2025-06-13T16:54:41.630718+0800 ERROR write command N55 G1 F2400 X242.081 Y196.26 E38.89689*56
2025-06-13T16:54:41.630718+0800 ERROR second command N55 G1 F2400 X242.081 Y196.26 E38.89689*56
2025-06-13T16:54:41.633143+0800 ERROR finish command N55 G1 F2400 X242.081 Y196.26 E38.89689*56
2025-06-13T16:54:41.637235+0800 ERROR readline echo: cold extrusion prevented

2025-06-13T16:54:41.790510+0800 ERROR readline ok

2025-06-13T16:54:41.799686+0800 ERROR SENT: N56 G0 F3600 X241.232 Y196.26*70
2025-06-13T16:54:41.800385+0800 ERROR write command N56 G0 F3600 X241.232 Y196.26*70
2025-06-13T16:54:41.802403+0800 ERROR second command N56 G0 F3600 X241.232 Y196.26*70
2025-06-13T16:54:41.803405+0800 ERROR finish command N56 G0 F3600 X241.232 Y196.26*70
2025-06-13T16:54:41.811038+0800 ERROR readline ok

2025-06-13T16:54:41.814578+0800 ERROR SENT: N57 G1 F2400 X251.108 Y206.136 E39.62854*8
2025-06-13T16:54:41.816613+0800 ERROR write command N57 G1 F2400 X251.108 Y206.136 E39.62854*8
2025-06-13T16:54:41.817129+0800 ERROR second command N57 G1 F2400 X251.108 Y206.136 E39.62854*8
2025-06-13T16:54:41.819112+0800 ERROR finish command N57 G1 F2400 X251.108 Y206.136 E39.62854*8
2025-06-13T16:54:41.825550+0800 ERROR readline echo: cold extrusion prevented

2025-06-13T16:54:42.014747+0800 ERROR readline ok

2025-06-13T16:54:42.018275+0800 ERROR SENT: N58 G0 F3600 X251.108 Y206.984*120
2025-06-13T16:54:42.019274+0800 ERROR write command N58 G0 F3600 X251.108 Y206.984*120
2025-06-13T16:54:42.020798+0800 ERROR second command N58 G0 F3600 X251.108 Y206.984*120
2025-06-13T16:54:42.021798+0800 ERROR finish command N58 G0 F3600 X251.108 Y206.984*120
2025-06-13T16:54:42.034453+0800 ERROR readline ok

2025-06-13T16:54:42.048562+0800 ERROR SENT: N59 G1 F2400 X240.384 Y196.26 E40.42301*61
2025-06-13T16:54:42.050075+0800 ERROR write command N59 G1 F2400 X240.384 Y196.26 E40.42301*61
2025-06-13T16:54:42.052103+0800 ERROR second command N59 G1 F2400 X240.384 Y196.26 E40.42301*61
2025-06-13T16:54:42.056145+0800 ERROR finish command N59 G1 F2400 X240.384 Y196.26 E40.42301*61
2025-06-13T16:54:42.061704+0800 ERROR readline echo: cold extrusion prevented

2025-06-13T16:54:42.077304+0800 ERROR readline X:251.1080 Y:206.9840 Z:0.2000 E:40.4230 Count X:87888 Y:72444 Z:400 STA: 5252863

2025-06-13T16:54:42.079304+0800 ERROR readline 

2025-06-13T16:54:42.268452+0800 ERROR readline ok

2025-06-13T16:54:42.279522+0800 ERROR SENT: N60 G0 F3600 X239.535 Y196.26*76
2025-06-13T16:54:42.279522+0800 ERROR write command N60 G0 F3600 X239.535 Y196.26*76
2025-06-13T16:54:42.281960+0800 ERROR second command N60 G0 F3600 X239.535 Y196.26*76
2025-06-13T16:54:42.281960+0800 ERROR finish command N60 G0 F3600 X239.535 Y196.26*76
2025-06-13T16:54:42.288031+0800 ERROR readline ok

2025-06-13T16:54:42.294337+0800 ERROR SENT: N61 G1 F2400 X251.108 Y207.833 E41.28037*12
2025-06-13T16:54:42.295333+0800 ERROR write command N61 G1 F2400 X251.108 Y207.833 E41.28037*12
2025-06-13T16:54:42.296330+0800 ERROR second command N61 G1 F2400 X251.108 Y207.833 E41.28037*12
2025-06-13T16:54:42.297601+0800 ERROR finish command N61 G1 F2400 X251.108 Y207.833 E41.28037*12
2025-06-13T16:54:42.302131+0800 ERROR readline echo: cold extrusion prevented

2025-06-13T16:54:42.551755+0800 ERROR readline ok

2025-06-13T16:54:42.559314+0800 ERROR SENT: N62 G0 F3600 X251.108 Y208.681*117
2025-06-13T16:54:42.560334+0800 ERROR write command N62 G0 F3600 X251.108 Y208.681*117
2025-06-13T16:54:42.560849+0800 ERROR second command N62 G0 F3600 X251.108 Y208.681*117
2025-06-13T16:54:42.560849+0800 ERROR finish command N62 G0 F3600 X251.108 Y208.681*117
2025-06-13T16:54:42.572433+0800 ERROR readline ok

2025-06-13T16:54:42.574939+0800 ERROR SENT: N63 G1 F2400 X238.687 Y196.26 E42.20056*58
2025-06-13T16:54:42.574939+0800 ERROR write command N63 G1 F2400 X238.687 Y196.26 E42.20056*58
2025-06-13T16:54:42.576449+0800 ERROR second command N63 G1 F2400 X238.687 Y196.26 E42.20056*58
2025-06-13T16:54:42.577466+0800 ERROR finish command N63 G1 F2400 X238.687 Y196.26 E42.20056*58
2025-06-13T16:54:42.583302+0800 ERROR readline echo: cold extrusion prevented

2025-06-13T16:54:42.840924+0800 ERROR empty readline 0
2025-06-13T16:54:42.866509+0800 ERROR readline ok

2025-06-13T16:54:42.872224+0800 ERROR SENT: N64 G0 F3600 X237.838 Y196.26*70
2025-06-13T16:54:42.873222+0800 ERROR write command N64 G0 F3600 X237.838 Y196.26*70
2025-06-13T16:54:42.874733+0800 ERROR second command N64 G0 F3600 X237.838 Y196.26*70
2025-06-13T16:54:42.877256+0800 ERROR finish command N64 G0 F3600 X237.838 Y196.26*70
2025-06-13T16:54:42.886814+0800 ERROR readline ok

2025-06-13T16:54:42.887817+0800 ERROR SENT: N65 G1 F2400 X251.108 Y209.53 E43.18364*60
2025-06-13T16:54:42.887817+0800 ERROR write command N65 G1 F2400 X251.108 Y209.53 E43.18364*60
2025-06-13T16:54:42.889329+0800 ERROR second command N65 G1 F2400 X251.108 Y209.53 E43.18364*60
2025-06-13T16:54:42.891342+0800 ERROR finish command N65 G1 F2400 X251.108 Y209.53 E43.18364*60
2025-06-13T16:54:42.897385+0800 ERROR readline echo: cold extrusion prevented

2025-06-13T16:54:43.077235+0800 ERROR readline X:237.8380 Y:196.2600 Z:0.2000 E:43.1836 Count X:83243 Y:68691 Z:400 STA: 5252863

2025-06-13T16:54:43.082189+0800 ERROR readline 

2025-06-13T16:54:43.209071+0800 ERROR readline ok

2025-06-13T16:54:43.211310+0800 ERROR SENT: N66 G0 F3600 X251.108 Y210.378*123
2025-06-13T16:54:43.212356+0800 ERROR write command N66 G0 F3600 X251.108 Y210.378*123
2025-06-13T16:54:43.213372+0800 ERROR second command N66 G0 F3600 X251.108 Y210.378*123
2025-06-13T16:54:43.214370+0800 ERROR finish command N66 G0 F3600 X251.108 Y210.378*123
2025-06-13T16:54:43.229229+0800 ERROR readline ok

2025-06-13T16:54:43.242292+0800 ERROR SENT: N67 G1 F2400 X236.99 Y196.26 E44.22955*7
2025-06-13T16:54:43.242292+0800 ERROR write command N67 G1 F2400 X236.99 Y196.26 E44.22955*7
2025-06-13T16:54:43.244288+0800 ERROR second command N67 G1 F2400 X236.99 Y196.26 E44.22955*7
2025-06-13T16:54:43.245675+0800 ERROR finish command N67 G1 F2400 X236.99 Y196.26 E44.22955*7
2025-06-13T16:54:43.249278+0800 ERROR readline echo: cold extrusion prevented

2025-06-13T16:54:43.510368+0800 ERROR empty readline 0
2025-06-13T16:54:43.585211+0800 ERROR readline ok

2025-06-13T16:54:43.590265+0800 ERROR SENT: N68 G0 F3600 X236.141 Y196.26*76
2025-06-13T16:54:43.591265+0800 ERROR write command N68 G0 F3600 X236.141 Y196.26*76
2025-06-13T16:54:43.593278+0800 ERROR second command N68 G0 F3600 X236.141 Y196.26*76
2025-06-13T16:54:43.594279+0800 ERROR finish command N68 G0 F3600 X236.141 Y196.26*76
2025-06-13T16:54:43.604403+0800 ERROR readline ok

2025-06-13T16:54:43.604403+0800 ERROR SENT: N69 G1 F2400 X251.108 Y211.227 E45.33835*8
2025-06-13T16:54:43.605720+0800 ERROR write command N69 G1 F2400 X251.108 Y211.227 E45.33835*8
2025-06-13T16:54:43.606735+0800 ERROR second command N69 G1 F2400 X251.108 Y211.227 E45.33835*8
2025-06-13T16:54:43.607750+0800 ERROR finish command N69 G1 F2400 X251.108 Y211.227 E45.33835*8
2025-06-13T16:54:43.618306+0800 ERROR readline echo: cold extrusion prevented

2025-06-13T16:54:43.883242+0800 ERROR empty readline 0
2025-06-13T16:54:43.986636+0800 ERROR readline ok

2025-06-13T16:54:43.991404+0800 ERROR SENT: N70 G0 F3600 X251.108 Y212.075*112
2025-06-13T16:54:43.992388+0800 ERROR write command N70 G0 F3600 X251.108 Y212.075*112
2025-06-13T16:54:43.993386+0800 ERROR second command N70 G0 F3600 X251.108 Y212.075*112
2025-06-13T16:54:43.994454+0800 ERROR finish command N70 G0 F3600 X251.108 Y212.075*112
2025-06-13T16:54:44.007165+0800 ERROR readline ok

2025-06-13T16:54:44.008410+0800 ERROR SENT: N71 G1 F2400 X235.293 Y196.26 E46.50997*50
2025-06-13T16:54:44.009608+0800 ERROR write command N71 G1 F2400 X235.293 Y196.26 E46.50997*50
2025-06-13T16:54:44.010630+0800 ERROR second command N71 G1 F2400 X235.293 Y196.26 E46.50997*50
2025-06-13T16:54:44.013152+0800 ERROR finish command N71 G1 F2400 X235.293 Y196.26 E46.50997*50
2025-06-13T16:54:44.016697+0800 ERROR readline echo: cold extrusion prevented

2025-06-13T16:54:44.077045+0800 ERROR readline X:251.1080 Y:212.0750 Z:0.2000 E:46.5100 Count X:87888 Y:74226 Z:400 STA: 5252863

2025-06-13T16:54:44.079062+0800 ERROR readline 

2025-06-13T16:54:44.332292+0800 ERROR empty readline 0
2025-06-13T16:54:44.421852+0800 ERROR readline ok

2025-06-13T16:54:44.425477+0800 ERROR SENT: N72 G0 F3600 X234.444 Y196.26*69
2025-06-13T16:54:44.426478+0800 ERROR write command N72 G0 F3600 X234.444 Y196.26*69
2025-06-13T16:54:44.428022+0800 ERROR second command N72 G0 F3600 X234.444 Y196.26*69
2025-06-13T16:54:44.428022+0800 ERROR finish command N72 G0 F3600 X234.444 Y196.26*69
2025-06-13T16:54:44.442737+0800 ERROR readline ok

2025-06-13T16:54:44.455993+0800 ERROR SENT: N73 G1 F2400 X251.108 Y212.924 E47.7445*54
2025-06-13T16:54:44.455993+0800 ERROR write command N73 G1 F2400 X251.108 Y212.924 E47.7445*54
2025-06-13T16:54:44.457006+0800 ERROR second command N73 G1 F2400 X251.108 Y212.924 E47.7445*54
2025-06-13T16:54:44.460554+0800 ERROR finish command N73 G1 F2400 X251.108 Y212.924 E47.7445*54
2025-06-13T16:54:44.465793+0800 ERROR readline echo: cold extrusion prevented

2025-06-13T16:54:44.720506+0800 ERROR empty readline 0
2025-06-13T16:54:44.884244+0800 ERROR readline ok

2025-06-13T16:54:44.893322+0800 ERROR SENT: N74 G0 F3600 X251.108 Y213.773*116
2025-06-13T16:54:44.894843+0800 ERROR write command N74 G0 F3600 X251.108 Y213.773*116
2025-06-13T16:54:44.896356+0800 ERROR second command N74 G0 F3600 X251.108 Y213.773*116
2025-06-13T16:54:44.896356+0800 ERROR finish command N74 G0 F3600 X251.108 Y213.773*116
2025-06-13T16:54:44.904535+0800 ERROR readline ok

2025-06-13T16:54:44.907681+0800 ERROR SENT: N75 G1 F2400 X233.596 Y196.26 E49.04188*58
2025-06-13T16:54:44.908624+0800 ERROR write command N75 G1 F2400 X233.596 Y196.26 E49.04188*58
2025-06-13T16:54:44.909139+0800 ERROR second command N75 G1 F2400 X233.596 Y196.26 E49.04188*58
2025-06-13T16:54:44.909139+0800 ERROR finish command N75 G1 F2400 X233.596 Y196.26 E49.04188*58
2025-06-13T16:54:44.915228+0800 ERROR readline echo: cold extrusion prevented

2025-06-13T16:54:45.076635+0800 ERROR readline X:251.1080 Y:213.7730 Z:0.2000 E:49.0419 Count X:87888 Y:74821 Z:400 STA: 5252863

2025-06-13T16:54:45.082201+0800 ERROR readline 

2025-06-13T16:54:45.342535+0800 ERROR empty readline 0
2025-06-13T16:54:45.380133+0800 ERROR readline ok

2025-06-13T16:54:45.390046+0800 ERROR SENT: N76 G0 F3600 X232.747 Y196.26*71
2025-06-13T16:54:45.391061+0800 ERROR write command N76 G0 F3600 X232.747 Y196.26*71
2025-06-13T16:54:45.392069+0800 ERROR second command N76 G0 F3600 X232.747 Y196.26*71
2025-06-13T16:54:45.393069+0800 ERROR finish command N76 G0 F3600 X232.747 Y196.26*71
2025-06-13T16:54:45.399605+0800 ERROR readline ok

2025-06-13T16:54:45.405633+0800 ERROR SENT: N77 G1 F2400 X251.108 Y214.621 E50.40212*15
2025-06-13T16:54:45.406635+0800 ERROR write command N77 G1 F2400 X251.108 Y214.621 E50.40212*15
2025-06-13T16:54:45.407146+0800 ERROR second command N77 G1 F2400 X251.108 Y214.621 E50.40212*15
2025-06-13T16:54:45.408485+0800 ERROR finish command N77 G1 F2400 X251.108 Y214.621 E50.40212*15
2025-06-13T16:54:45.413520+0800 ERROR readline echo: cold extrusion prevented

2025-06-13T16:54:45.672073+0800 ERROR empty readline 0
2025-06-13T16:54:45.905037+0800 ERROR readline ok

2025-06-13T16:54:45.919240+0800 ERROR SENT: N78 G0 F3600 X251.108 Y215.47*78
2025-06-13T16:54:45.919240+0800 ERROR write command N78 G0 F3600 X251.108 Y215.47*78
2025-06-13T16:54:45.920933+0800 ERROR second command N78 G0 F3600 X251.108 Y215.47*78
2025-06-13T16:54:45.920933+0800 ERROR finish command N78 G0 F3600 X251.108 Y215.47*78
2025-06-13T16:54:45.924475+0800 ERROR readline ok

2025-06-13T16:54:45.934279+0800 ERROR SENT: N79 G1 F2400 X231.898 Y196.26 E51.82526*48
2025-06-13T16:54:45.934790+0800 ERROR write command N79 G1 F2400 X231.898 Y196.26 E51.82526*48
2025-06-13T16:54:45.935849+0800 ERROR second command N79 G1 F2400 X231.898 Y196.26 E51.82526*48
2025-06-13T16:54:45.937402+0800 ERROR finish command N79 G1 F2400 X231.898 Y196.26 E51.82526*48
2025-06-13T16:54:45.942689+0800 ERROR readline echo: cold extrusion prevented

2025-06-13T16:54:46.077850+0800 ERROR readline X:251.1080 Y:215.4700 Z:0.2000 E:51.8253 Count X:87888 Y:75415 Z:400 STA: 5252863

2025-06-13T16:54:46.079359+0800 ERROR readline 

2025-06-13T16:54:46.336655+0800 ERROR empty readline 0
2025-06-13T16:54:46.458115+0800 ERROR readline ok

2025-06-13T16:54:46.462651+0800 ERROR SENT: N80 G0 F3600 X231.05 Y196.26*124
2025-06-13T16:54:46.463705+0800 ERROR write command N80 G0 F3600 X231.05 Y196.26*124
2025-06-13T16:54:46.464220+0800 ERROR second command N80 G0 F3600 X231.05 Y196.26*124
2025-06-13T16:54:46.465240+0800 ERROR finish command N80 G0 F3600 X231.05 Y196.26*124
2025-06-13T16:54:46.478384+0800 ERROR readline ok

2025-06-13T16:54:46.492507+0800 ERROR SENT: N81 G1 F2400 X251.108 Y216.318 E53.31122*14
2025-06-13T16:54:46.494388+0800 ERROR write command N81 G1 F2400 X251.108 Y216.318 E53.31122*14
2025-06-13T16:54:46.495770+0800 ERROR second command N81 G1 F2400 X251.108 Y216.318 E53.31122*14
2025-06-13T16:54:46.496285+0800 ERROR finish command N81 G1 F2400 X251.108 Y216.318 E53.31122*14
2025-06-13T16:54:46.503603+0800 ERROR readline echo: cold extrusion prevented

2025-06-13T16:54:46.758354+0800 ERROR empty readline 0
2025-06-13T16:54:47.022452+0800 ERROR empty readline 1
2025-06-13T16:54:47.044267+0800 ERROR readline ok

2025-06-13T16:54:47.053327+0800 ERROR SENT: N82 G0 F3600 X251.108 Y217.167*122
2025-06-13T16:54:47.054329+0800 ERROR write command N82 G0 F3600 X251.108 Y217.167*122
2025-06-13T16:54:47.055499+0800 ERROR second command N82 G0 F3600 X251.108 Y217.167*122
2025-06-13T16:54:47.056499+0800 ERROR finish command N82 G0 F3600 X251.108 Y217.167*122
2025-06-13T16:54:47.064462+0800 ERROR readline ok

2025-06-13T16:54:47.069514+0800 ERROR SENT: N83 G1 F2400 X230.201 Y196.26 E54.86007*57
2025-06-13T16:54:47.070833+0800 ERROR write command N83 G1 F2400 X230.201 Y196.26 E54.86007*57
2025-06-13T16:54:47.071373+0800 ERROR second command N83 G1 F2400 X230.201 Y196.26 E54.86007*57
2025-06-13T16:54:47.072386+0800 ERROR finish command N83 G1 F2400 X230.201 Y196.26 E54.86007*57
2025-06-13T16:54:47.080803+0800 ERROR readline X:251.1080 Y:217.1670 Z:0.2000 E:53.3112 Count X:87888 Y:76008 Z:400 STA: 5252863

2025-06-13T16:54:47.082792+0800 ERROR readline 

2025-06-13T16:54:47.089361+0800 ERROR readline echo: cold extrusion prevented

2025-06-13T16:54:47.347740+0800 ERROR empty readline 0
2025-06-13T16:54:47.613560+0800 ERROR empty readline 1
2025-06-13T16:54:47.657319+0800 ERROR readline ok

2025-06-13T16:54:47.661355+0800 ERROR SENT: N84 G0 F3600 X229.353 Y196.26*65
2025-06-13T16:54:47.662378+0800 ERROR write command N84 G0 F3600 X229.353 Y196.26*65
2025-06-13T16:54:47.663380+0800 ERROR second command N84 G0 F3600 X229.353 Y196.26*65
2025-06-13T16:54:47.664394+0800 ERROR finish command N84 G0 F3600 X229.353 Y196.26*65
2025-06-13T16:54:47.676588+0800 ERROR readline ok

2025-06-13T16:54:47.693144+0800 ERROR SENT: N85 G1 F2400 X251.108 Y218.015 E56.47175*12
2025-06-13T16:54:47.694212+0800 ERROR write command N85 G1 F2400 X251.108 Y218.015 E56.47175*12
2025-06-13T16:54:47.696297+0800 ERROR second command N85 G1 F2400 X251.108 Y218.015 E56.47175*12
2025-06-13T16:54:47.696814+0800 ERROR finish command N85 G1 F2400 X251.108 Y218.015 E56.47175*12
2025-06-13T16:54:47.704860+0800 ERROR readline echo: cold extrusion prevented

2025-06-13T16:54:47.960287+0800 ERROR empty readline 0
2025-06-13T16:54:48.076469+0800 ERROR readline X:229.3530 Y:196.2600 Z:0.2000 E:56.4717 Count X:80274 Y:68691 Z:400 STA: 5252863

2025-06-13T16:54:48.078489+0800 ERROR readline 

2025-06-13T16:54:48.299079+0800 ERROR readline ok

2025-06-13T16:54:48.316879+0800 ERROR SENT: N86 G0 F3600 X251.108 Y218.864*123
2025-06-13T16:54:48.316879+0800 ERROR write command N86 G0 F3600 X251.108 Y218.864*123
2025-06-13T16:54:48.317894+0800 ERROR second command N86 G0 F3600 X251.108 Y218.864*123
2025-06-13T16:54:48.319419+0800 ERROR finish command N86 G0 F3600 X251.108 Y218.864*123
2025-06-13T16:54:48.320977+0800 ERROR readline ok

2025-06-13T16:54:48.332364+0800 ERROR SENT: N87 G1 F2400 X228.504 Y196.26 E58.14633*48
2025-06-13T16:54:48.333361+0800 ERROR write command N87 G1 F2400 X228.504 Y196.26 E58.14633*48
2025-06-13T16:54:48.334365+0800 ERROR second command N87 G1 F2400 X228.504 Y196.26 E58.14633*48
2025-06-13T16:54:48.335428+0800 ERROR finish command N87 G1 F2400 X228.504 Y196.26 E58.14633*48
2025-06-13T16:54:48.340080+0800 ERROR readline echo: cold extrusion prevented

2025-06-13T16:54:48.597641+0800 ERROR empty readline 0
2025-06-13T16:54:48.861363+0800 ERROR empty readline 1
2025-06-13T16:54:48.862359+0800 INFO M105

2025-06-13T16:54:48.972369+0800 ERROR readline ok

2025-06-13T16:54:48.986468+0800 ERROR SENT: M105

2025-06-13T16:54:48.986979+0800 ERROR write command M105

2025-06-13T16:54:48.987992+0800 ERROR second command M105

2025-06-13T16:54:48.989506+0800 ERROR finish command M105

2025-06-13T16:54:48.991039+0800 ERROR readline ok

2025-06-13T16:54:48.993552+0800 ERROR readline  T:89.0625 /10 B:53.7500 /10 @:0 B@:0 VER: 1.3.2

2025-06-13T16:54:49.001237+0800 ERROR SENT: N88 G0 F3600 X227.656 Y196.26*67
2025-06-13T16:54:49.001751+0800 ERROR write command N88 G0 F3600 X227.656 Y196.26*67
2025-06-13T16:54:49.001751+0800 ERROR second command N88 G0 F3600 X227.656 Y196.26*67
2025-06-13T16:54:49.002964+0800 ERROR finish command N88 G0 F3600 X227.656 Y196.26*67
2025-06-13T16:54:49.004535+0800 ERROR readline ok

2025-06-13T16:54:49.006006+0800 ERROR SENT: N89 G1 F2400 X251.108 Y219.712 E59.88373*9
2025-06-13T16:54:49.006515+0800 ERROR write command N89 G1 F2400 X251.108 Y219.712 E59.88373*9
2025-06-13T16:54:49.007528+0800 ERROR second command N89 G1 F2400 X251.108 Y219.712 E59.88373*9
2025-06-13T16:54:49.009043+0800 ERROR finish command N89 G1 F2400 X251.108 Y219.712 E59.88373*9
2025-06-13T16:54:49.014790+0800 ERROR readline echo: cold extrusion prevented

2025-06-13T16:54:49.079239+0800 ERROR readline X:227.6560 Y:196.2600 Z:0.2000 E:59.8837 Count X:79680 Y:68691 Z:400 STA: 5252863

2025-06-13T16:54:49.081309+0800 ERROR readline 

2025-06-13T16:54:49.344405+0800 ERROR empty readline 0
2025-06-13T16:54:49.606624+0800 ERROR empty readline 1
2025-06-13T16:54:49.679423+0800 ERROR readline ok

2025-06-13T16:54:49.685427+0800 ERROR SENT: N90 G0 F3600 X251.108 Y220.561*127
2025-06-13T16:54:49.686428+0800 ERROR write command N90 G0 F3600 X251.108 Y220.561*127
2025-06-13T16:54:49.686428+0800 ERROR second command N90 G0 F3600 X251.108 Y220.561*127
2025-06-13T16:54:49.686428+0800 ERROR finish command N90 G0 F3600 X251.108 Y220.561*127
2025-06-13T16:54:49.698230+0800 ERROR readline ok

2025-06-13T16:54:49.701351+0800 ERROR SENT: N91 G1 F2400 X226.807 Y196.26 E61.68402*54
2025-06-13T16:54:49.701843+0800 ERROR write command N91 G1 F2400 X226.807 Y196.26 E61.68402*54
2025-06-13T16:54:49.702359+0800 ERROR second command N91 G1 F2400 X226.807 Y196.26 E61.68402*54
2025-06-13T16:54:49.704567+0800 ERROR finish command N91 G1 F2400 X226.807 Y196.26 E61.68402*54
2025-06-13T16:54:49.710859+0800 ERROR readline echo: cold extrusion prevented

2025-06-13T16:54:49.966529+0800 ERROR empty readline 0
2025-06-13T16:54:50.075529+0800 ERROR readline X:251.1080 Y:220.5610 Z:0.2000 E:61.6840 Count X:87888 Y:77196 Z:400 STA: 5252863

2025-06-13T16:54:50.079593+0800 ERROR readline 

2025-06-13T16:54:50.337398+0800 ERROR empty readline 0
2025-06-13T16:54:50.414344+0800 ERROR readline ok

2025-06-13T16:54:50.416674+0800 ERROR SENT: N92 G0 F3600 X225.959 Y196.26*74
2025-06-13T16:54:50.417326+0800 ERROR write command N92 G0 F3600 X225.959 Y196.26*74
2025-06-13T16:54:50.418326+0800 ERROR second command N92 G0 F3600 X225.959 Y196.26*74
2025-06-13T16:54:50.418326+0800 ERROR finish command N92 G0 F3600 X225.959 Y196.26*74
2025-06-13T16:54:50.434219+0800 ERROR readline ok

2025-06-13T16:54:50.447533+0800 ERROR SENT: N93 G1 F2400 X251.108 Y221.409 E63.54714*13
2025-06-13T16:54:50.449041+0800 ERROR write command N93 G1 F2400 X251.108 Y221.409 E63.54714*13
2025-06-13T16:54:50.449041+0800 ERROR second command N93 G1 F2400 X251.108 Y221.409 E63.54714*13
2025-06-13T16:54:50.451468+0800 ERROR finish command N93 G1 F2400 X251.108 Y221.409 E63.54714*13
2025-06-13T16:54:50.456989+0800 ERROR readline echo: cold extrusion prevented

2025-06-13T16:54:50.719950+0800 ERROR empty readline 0
2025-06-13T16:54:51.082425+0800 ERROR empty readline 1
2025-06-13T16:54:51.090627+0800 ERROR readline X:225.9590 Y:196.2600 Z:0.2000 E:63.5471 Count X:79086 Y:68691 Z:400 STA: 5252863

2025-06-13T16:54:51.092657+0800 ERROR readline 

2025-06-13T16:54:51.184954+0800 ERROR readline ok

2025-06-13T16:54:51.194533+0800 ERROR SENT: N94 G0 F3600 X251.108 Y222.258*116
2025-06-13T16:54:51.195550+0800 ERROR write command N94 G0 F3600 X251.108 Y222.258*116
2025-06-13T16:54:51.198084+0800 ERROR second command N94 G0 F3600 X251.108 Y222.258*116
2025-06-13T16:54:51.198084+0800 ERROR finish command N94 G0 F3600 X251.108 Y222.258*116
2025-06-13T16:54:51.236019+0800 ERROR readline ok

2025-06-13T16:54:51.249146+0800 ERROR SENT: N95 G1 F2400 X225.11 Y196.26 E65.47316*5
2025-06-13T16:54:51.250579+0800 ERROR write command N95 G1 F2400 X225.11 Y196.26 E65.47316*5
2025-06-13T16:54:51.250579+0800 ERROR second command N95 G1 F2400 X225.11 Y196.26 E65.47316*5
2025-06-13T16:54:51.251569+0800 ERROR finish command N95 G1 F2400 X225.11 Y196.26 E65.47316*5
2025-06-13T16:54:51.255105+0800 ERROR readline echo: cold extrusion prevented

2025-06-13T16:54:51.508276+0800 ERROR empty readline 0
2025-06-13T16:54:51.768438+0800 ERROR empty readline 1
2025-06-13T16:54:51.974392+0800 ERROR readline ok

2025-06-13T16:54:51.989048+0800 ERROR SENT: N96 G0 F3600 X224.262 Y196.26*76
2025-06-13T16:54:51.990067+0800 ERROR write command N96 G0 F3600 X224.262 Y196.26*76
2025-06-13T16:54:51.991067+0800 ERROR second command N96 G0 F3600 X224.262 Y196.26*76
2025-06-13T16:54:51.991067+0800 ERROR finish command N96 G0 F3600 X224.262 Y196.26*76
2025-06-13T16:54:51.994590+0800 ERROR readline ok

2025-06-13T16:54:51.995610+0800 ERROR SENT: N97 G1 F2400 X251.108 Y223.106 E67.46199*5
2025-06-13T16:54:51.995610+0800 ERROR write command N97 G1 F2400 X251.108 Y223.106 E67.46199*5
2025-06-13T16:54:51.996610+0800 ERROR second command N97 G1 F2400 X251.108 Y223.106 E67.46199*5
2025-06-13T16:54:51.997128+0800 ERROR finish command N97 G1 F2400 X251.108 Y223.106 E67.46199*5
2025-06-13T16:54:52.000412+0800 ERROR readline echo: cold extrusion prevented

2025-06-13T16:54:52.071671+0800 ERROR readline X:224.2620 Y:196.2600 Z:0.2000 E:67.4620 Count X:78492 Y:68691 Z:400 STA: 5252863

2025-06-13T16:54:52.072666+0800 ERROR readline 

2025-06-13T16:54:52.327752+0800 ERROR empty readline 0
2025-06-13T16:54:52.592216+0800 ERROR empty readline 1
2025-06-13T16:54:52.804145+0800 ERROR readline ok

2025-06-13T16:54:52.811187+0800 ERROR SENT: N98 G0 F3600 X251.108 Y223.955*127
2025-06-13T16:54:52.811187+0800 ERROR write command N98 G0 F3600 X251.108 Y223.955*127
2025-06-13T16:54:52.812694+0800 ERROR second command N98 G0 F3600 X251.108 Y223.955*127
2025-06-13T16:54:52.812694+0800 ERROR finish command N98 G0 F3600 X251.108 Y223.955*127
2025-06-13T16:54:52.816804+0800 ERROR readline ok

2025-06-13T16:54:52.826929+0800 ERROR SENT: N99 G1 F2400 X223.413 Y196.26 E69.51373*49
2025-06-13T16:54:52.826929+0800 ERROR write command N99 G1 F2400 X223.413 Y196.26 E69.51373*49
2025-06-13T16:54:52.828435+0800 ERROR second command N99 G1 F2400 X223.413 Y196.26 E69.51373*49
2025-06-13T16:54:52.832538+0800 ERROR finish command N99 G1 F2400 X223.413 Y196.26 E69.51373*49
2025-06-13T16:54:52.836735+0800 ERROR readline echo: cold extrusion prevented

2025-06-13T16:54:53.074253+0800 ERROR readline X:251.1080 Y:223.9550 Z:0.2000 E:69.5137 Count X:87888 Y:78384 Z:400 STA: 5252863

2025-06-13T16:54:53.077791+0800 ERROR readline 

2025-06-13T16:54:53.340642+0800 ERROR empty readline 0
2025-06-13T16:54:53.605185+0800 ERROR empty readline 1
2025-06-13T16:54:53.653447+0800 ERROR readline ok

2025-06-13T16:54:53.668056+0800 ERROR SENT: N100 G0 F3600 X222.565 Y196.26*116
2025-06-13T16:54:53.668056+0800 ERROR write command N100 G0 F3600 X222.565 Y196.26*116
2025-06-13T16:54:53.669569+0800 ERROR second command N100 G0 F3600 X222.565 Y196.26*116
2025-06-13T16:54:53.669569+0800 ERROR finish command N100 G0 F3600 X222.565 Y196.26*116
2025-06-13T16:54:53.672595+0800 ERROR readline ok

2025-06-13T16:54:53.683217+0800 ERROR SENT: N101 G1 F2400 X251.108 Y224.803 E71.62828*50
2025-06-13T16:54:53.684215+0800 ERROR write command N101 G1 F2400 X251.108 Y224.803 E71.62828*50
2025-06-13T16:54:53.685393+0800 ERROR second command N101 G1 F2400 X251.108 Y224.803 E71.62828*50
2025-06-13T16:54:53.685906+0800 ERROR finish command N101 G1 F2400 X251.108 Y224.803 E71.62828*50
2025-06-13T16:54:53.691463+0800 ERROR readline echo: cold extrusion prevented

2025-06-13T16:54:53.946981+0800 ERROR empty readline 0
2025-06-13T16:54:54.073276+0800 ERROR readline X:222.5650 Y:196.2600 Z:0.2000 E:71.6283 Count X:77898 Y:68691 Z:400 STA: 5252863

2025-06-13T16:54:54.078364+0800 ERROR readline 

2025-06-13T16:54:54.336696+0800 ERROR empty readline 0
2025-06-13T16:54:54.536186+0800 ERROR readline ok

2025-06-13T16:54:54.538413+0800 ERROR SENT: N102 G0 F3600 X251.108 Y225.652*67
2025-06-13T16:54:54.539909+0800 ERROR write command N102 G0 F3600 X251.108 Y225.652*67
2025-06-13T16:54:54.541942+0800 ERROR second command N102 G0 F3600 X251.108 Y225.652*67
2025-06-13T16:54:54.541942+0800 ERROR finish command N102 G0 F3600 X251.108 Y225.652*67
2025-06-13T16:54:54.554716+0800 ERROR readline ok

2025-06-13T16:54:54.568905+0800 ERROR SENT: N103 G1 F2400 X221.716 Y196.26 E73.80573*6
2025-06-13T16:54:54.569415+0800 ERROR write command N103 G1 F2400 X221.716 Y196.26 E73.80573*6
2025-06-13T16:54:54.570431+0800 ERROR second command N103 G1 F2400 X221.716 Y196.26 E73.80573*6
2025-06-13T16:54:54.574201+0800 ERROR finish command N103 G1 F2400 X221.716 Y196.26 E73.80573*6
2025-06-13T16:54:54.577471+0800 ERROR readline echo: cold extrusion prevented

2025-06-13T16:54:54.834486+0800 ERROR empty readline 0
2025-06-13T16:54:55.076683+0800 ERROR readline X:251.1080 Y:225.6520 Z:0.2000 E:73.8057 Count X:87888 Y:78978 Z:400 STA: 5252863

2025-06-13T16:54:55.079215+0800 ERROR readline 

2025-06-13T16:54:55.341528+0800 ERROR empty readline 0
2025-06-13T16:54:55.453896+0800 ERROR readline ok

2025-06-13T16:54:55.467401+0800 ERROR SENT: N104 G0 F3600 X220.868 Y196.26*114
2025-06-13T16:54:55.469376+0800 ERROR write command N104 G0 F3600 X220.868 Y196.26*114
2025-06-13T16:54:55.470395+0800 ERROR second command N104 G0 F3600 X220.868 Y196.26*114
2025-06-13T16:54:55.470395+0800 ERROR finish command N104 G0 F3600 X220.868 Y196.26*114
2025-06-13T16:54:55.474414+0800 ERROR readline ok

2025-06-13T16:54:55.482489+0800 ERROR SENT: N105 G1 F2400 X251.108 Y226.5 E76.04601*56
2025-06-13T16:54:55.484497+0800 ERROR write command N105 G1 F2400 X251.108 Y226.5 E76.04601*56
2025-06-13T16:54:55.485013+0800 ERROR second command N105 G1 F2400 X251.108 Y226.5 E76.04601*56
2025-06-13T16:54:55.487623+0800 ERROR finish command N105 G1 F2400 X251.108 Y226.5 E76.04601*56
2025-06-13T16:54:55.493157+0800 ERROR readline echo: cold extrusion prevented

2025-06-13T16:54:55.749629+0800 ERROR empty readline 0
2025-06-13T16:54:58.301755+0800 INFO M105

2025-06-13T16:55:03.449067+0800 ERROR empty readline 1
2025-06-13T16:55:07.727140+0800 INFO M105

2025-06-13T16:55:15.497101+0800 ERROR readline X:220.8680 Y:196.2600 Z:0.2000 E:76.0460 Count X:77304 Y:68691 Z:400 STA: 5252863

2025-06-13T16:55:17.197907+0800 INFO M105

2025-06-13T16:55:17.724889+0800 ERROR readline 

2025-06-13T16:55:19.232205+0800 ERROR readline ok

2025-06-13T16:55:19.246849+0800 ERROR SENT: M105

2025-06-13T16:55:19.247879+0800 ERROR write command M105

2025-06-13T16:55:19.249396+0800 ERROR second command M105

2025-06-13T16:55:19.250410+0800 ERROR finish command M105

2025-06-13T16:55:21.018430+0800 ERROR readline X:251.1080 Y:226.5000 Z:0.2000 E:76.0460 Count X:87888 Y:79275 Z:400 STA: 5252863

2025-06-13T16:55:23.334515+0800 ERROR readline 

2025-06-13T16:55:25.781225+0800 ERROR readline X:251.1080 Y:226.5000 Z:0.2000 E:76.0460 Count X:87888 Y:79275 Z:400 STA: 5252863

2025-06-13T16:55:26.623378+0800 INFO M105

2025-06-13T16:55:26.625428+0800 ERROR readline 

2025-06-13T16:55:36.109557+0800 INFO M105

2025-06-13T16:55:45.605351+0800 INFO M105

2025-06-13T16:55:47.101605+0800 ERROR readline X:251.1080 Y:226.5000 Z:0.2000 E:76.0460 Count X:87888 Y:79275 Z:400 STA: 5252863

2025-06-13T16:55:49.227364+0800 ERROR readline 

2025-06-13T16:55:50.219427+0800 ERROR readline X:251.1080 Y:226.5000 Z:0.2000 E:76.0460 Count X:87888 Y:79275 Z:400 STA: 5252863

2025-06-13T16:55:51.900675+0800 ERROR readline 

2025-06-13T16:55:55.038410+0800 INFO M105

2025-06-13T16:56:03.287843+0800 ERROR readline X:251.1080 Y:226.5000 Z:0.2000 E:76.0460 Count X:87888 Y:79275 Z:400 STA: 5252863

2025-06-13T16:56:04.484378+0800 INFO M105

2025-06-13T16:56:05.357568+0800 ERROR readline 

2025-06-13T16:56:06.962014+0800 ERROR readline X:251.1080 Y:226.5000 Z:0.2000 E:76.0460 Count X:87888 Y:79275 Z:400 STA: 5252863

2025-06-13T16:56:08.821824+0800 ERROR readline 

2025-06-13T16:56:10.436329+0800 ERROR readline X:251.1080 Y:226.5000 Z:0.2000 E:76.0460 Count X:87888 Y:79275 Z:400 STA: 5252863

2025-06-13T16:56:13.937896+0800 INFO M105

2025-06-13T16:56:23.417797+0800 INFO M105

2025-06-13T16:56:29.347415+0800 ERROR readline 

2025-06-13T16:56:31.585458+0800 ERROR readline X:251.1080 Y:226.5000 Z:0.2000 E:76.0460 Count X:87888 Y:79275 Z:400 STA: 5252863

2025-06-13T16:56:32.983062+0800 INFO M105

2025-06-13T16:56:42.431808+0800 INFO M105

2025-06-13T16:56:51.203048+0800 ERROR readline 

2025-06-13T16:56:51.889901+0800 INFO M105

2025-06-13T16:56:53.304376+0800 ERROR readline X:251.1080 Y:226.5000 Z:0.2000 E:76.0460 Count X:87888 Y:79275 Z:400 STA: 5252863

2025-06-13T16:56:55.486470+0800 ERROR readline 

2025-06-13T16:56:57.232464+0800 ERROR readline X:251.1080 Y:226.5000 Z:0.2000 E:76.0460 Count X:87888 Y:79275 Z:400 STA: 5252863

2025-06-13T16:56:57.682769+0800 ERROR readline 

2025-06-13T16:56:58.672644+0800 ERROR readline X:251.1080 Y:226.5000 Z:0.2000 E:76.0460 Count X:87888 Y:79275 Z:400 STA: 5252863

2025-06-13T16:56:59.187360+0800 ERROR readline 

2025-06-13T16:56:59.636815+0800 INFO 断料信号
2025-06-13T16:56:59.639329+0800 ERROR readline echo:filament error, broken

2025-06-13T16:56:59.652388+0800 ERROR SENT: M105

2025-06-13T16:56:59.653387+0800 ERROR write command M105

2025-06-13T16:56:59.654389+0800 ERROR second command M105

2025-06-13T16:56:59.655390+0800 ERROR finish command M105

2025-06-13T16:57:01.307822+0800 INFO M105

2025-06-13T16:57:10.772396+0800 INFO M105

2025-06-13T16:57:20.224219+0800 INFO M105

2025-06-13T16:57:29.681785+0800 INFO M105

2025-06-13T16:57:32.338405+0800 INFO 断料信号
2025-06-13T16:57:39.117434+0800 INFO M105

2025-06-13T16:57:48.682396+0800 INFO M105

2025-06-13T16:57:58.134444+0800 INFO M105

2025-06-13T16:58:07.611355+0800 INFO M105

2025-06-13T16:58:08.699532+0800 ERROR readline echo:filament error, broken

2025-06-13T16:58:10.896700+0800 ERROR SENT: M105

2025-06-13T16:58:10.901761+0800 ERROR write command M105

2025-06-13T16:58:10.902759+0800 ERROR second command M105

2025-06-13T16:58:10.902759+0800 ERROR finish command M105

2025-06-13T16:58:17.034526+0800 INFO M105

2025-06-13T16:58:20.884329+0800 ERROR SENT: M105

2025-06-13T16:58:20.885839+0800 ERROR SENT: G91
2025-06-13T16:58:20.886372+0800 ERROR write command M105

2025-06-13T16:58:20.887389+0800 ERROR write command G91
2025-06-13T16:58:20.888383+0800 ERROR second command M105

2025-06-13T16:58:20.889390+0800 ERROR finish command M105

2025-06-13T16:58:20.889910+0800 ERROR SENT: M105

2025-06-13T16:58:20.889910+0800 ERROR second command G91
2025-06-13T16:58:20.889910+0800 ERROR write command M105

2025-06-13T16:58:20.890911+0800 ERROR finish command G91
2025-06-13T16:58:20.891915+0800 ERROR second command M105

2025-06-13T16:58:20.891915+0800 ERROR SENT: G1 Z50 F1800
2025-06-13T16:58:20.892913+0800 ERROR finish command M105

2025-06-13T16:58:20.892913+0800 ERROR write command G1 Z50 F1800
2025-06-13T16:58:20.894430+0800 ERROR SENT: M105

2025-06-13T16:58:20.895448+0800 ERROR second command G1 Z50 F1800
2025-06-13T16:58:20.896449+0800 ERROR write command M105

2025-06-13T16:58:20.897973+0800 ERROR finish command G1 Z50 F1800
2025-06-13T16:58:20.897973+0800 ERROR second command M105

2025-06-13T16:58:20.897973+0800 ERROR SENT: G90
2025-06-13T16:58:20.901507+0800 ERROR finish command M105

2025-06-13T16:58:20.901507+0800 ERROR write command G90
2025-06-13T16:58:20.902505+0800 ERROR SENT: M105

2025-06-13T16:58:20.903501+0800 ERROR second command G90
2025-06-13T16:58:20.904502+0800 ERROR write command M105

2025-06-13T16:58:20.905027+0800 ERROR finish command G90
2025-06-13T16:58:20.905027+0800 ERROR second command M105

2025-06-13T16:58:20.906534+0800 ERROR SENT: G1 X600 Y10 F3000
2025-06-13T16:58:20.907543+0800 ERROR finish command M105

2025-06-13T16:58:20.907543+0800 ERROR write command G1 X600 Y10 F3000
2025-06-13T16:58:20.907543+0800 ERROR SENT: M105

2025-06-13T16:58:20.909062+0800 ERROR write command M105

2025-06-13T16:58:20.910602+0800 ERROR second command G1 X600 Y10 F3000
2025-06-13T16:58:20.910602+0800 ERROR second command M105

2025-06-13T16:58:20.911620+0800 ERROR finish command G1 X600 Y10 F3000
2025-06-13T16:58:20.912619+0800 ERROR finish command M105

2025-06-13T16:58:20.912619+0800 INFO G250 S889

2025-06-13T16:58:20.915158+0800 ERROR SENT: M105

2025-06-13T16:58:20.916156+0800 INFO M257 S0
2025-06-13T16:58:20.917683+0800 ERROR write command M105

2025-06-13T16:58:20.924201+0800 ERROR second command M105

2025-06-13T16:58:20.924719+0800 ERROR finish command M105

2025-06-13T16:58:20.924719+0800 ERROR SENT: M105

2025-06-13T16:58:20.980172+0800 ERROR write command M105

2025-06-13T16:58:20.981176+0800 ERROR second command M105

2025-06-13T16:58:20.982184+0800 ERROR finish command M105

2025-06-13T16:58:20.983189+0800 ERROR SENT: M105

2025-06-13T16:58:20.984183+0800 ERROR write command M105

2025-06-13T16:58:20.985294+0800 ERROR second command M105

2025-06-13T16:58:20.986794+0800 ERROR finish command M105

2025-06-13T16:58:20.988327+0800 ERROR SENT: M105

2025-06-13T16:58:20.988327+0800 ERROR write command M105

2025-06-13T16:58:20.989317+0800 ERROR second command M105

2025-06-13T16:58:20.990823+0800 ERROR finish command M105

2025-06-13T16:58:20.991843+0800 ERROR SENT: M105

2025-06-13T16:58:20.992836+0800 ERROR write command M105

2025-06-13T16:58:20.994859+0800 ERROR second command M105

2025-06-13T16:58:20.994859+0800 ERROR finish command M105

2025-06-13T16:58:20.995868+0800 ERROR SENT: M105

2025-06-13T16:58:20.996879+0800 ERROR write command M105

2025-06-13T16:58:20.997883+0800 ERROR second command M105

2025-06-13T16:58:20.997883+0800 ERROR finish command M105

2025-06-13T16:58:20.999393+0800 ERROR SENT: M105

2025-06-13T16:58:21.000405+0800 ERROR write command M105

2025-06-13T16:58:21.001408+0800 ERROR second command M105

2025-06-13T16:58:21.002421+0800 ERROR finish command M105

2025-06-13T16:58:21.003421+0800 ERROR SENT: M105

2025-06-13T16:58:21.004934+0800 ERROR write command M105

2025-06-13T16:58:21.006448+0800 ERROR second command M105

2025-06-13T16:58:21.007466+0800 ERROR finish command M105

2025-06-13T16:58:21.008982+0800 ERROR SENT: M105

2025-06-13T16:58:21.010016+0800 ERROR write command M105

2025-06-13T16:58:21.011318+0800 ERROR second command M105

2025-06-13T16:58:21.012333+0800 ERROR finish command M105

2025-06-13T16:58:21.013432+0800 ERROR SENT: M105

2025-06-13T16:58:21.014431+0800 ERROR write command M105

2025-06-13T16:58:21.015945+0800 ERROR second command M105

2025-06-13T16:58:21.016967+0800 ERROR finish command M105

2025-06-13T16:58:21.017962+0800 ERROR SENT: M105

2025-06-13T16:58:21.018961+0800 ERROR write command M105

2025-06-13T16:58:21.020621+0800 ERROR second command M105

2025-06-13T16:58:21.021633+0800 ERROR finish command M105

2025-06-13T16:58:21.022640+0800 ERROR SENT: M105

2025-06-13T16:58:21.022640+0800 ERROR write command M105

2025-06-13T16:58:21.025166+0800 ERROR second command M105

2025-06-13T16:58:21.026170+0800 ERROR finish command M105

2025-06-13T16:58:21.026682+0800 ERROR SENT: M105

2025-06-13T16:58:21.027697+0800 ERROR write command M105

2025-06-13T16:58:21.029214+0800 ERROR second command M105

2025-06-13T16:58:21.030229+0800 ERROR finish command M105

2025-06-13T16:58:21.031224+0800 ERROR SENT: M105

2025-06-13T16:58:21.031224+0800 ERROR write command M105

2025-06-13T16:58:21.032708+0800 ERROR second command M105

2025-06-13T16:58:21.032708+0800 ERROR finish command M105

2025-06-13T16:58:21.034217+0800 ERROR SENT: G250 S889

2025-06-13T16:58:21.034217+0800 ERROR write command G250 S889

2025-06-13T16:58:21.036292+0800 ERROR second command G250 S889

2025-06-13T16:58:21.036292+0800 ERROR finish command G250 S889

2025-06-13T16:58:21.036292+0800 ERROR SENT: M257 S0
2025-06-13T16:58:21.037771+0800 ERROR write command M257 S0
2025-06-13T16:58:21.039288+0800 ERROR second command M257 S0
2025-06-13T16:58:21.040299+0800 ERROR finish command M257 S0
2025-06-13T16:58:21.359404+0800 INFO M107

2025-06-13T16:58:21.359404+0800 ERROR SENT: M107

2025-06-13T16:58:21.361965+0800 ERROR write command M107

2025-06-13T16:58:21.362963+0800 ERROR second command M107

2025-06-13T16:58:21.362963+0800 ERROR finish command M107

2025-06-13T16:58:21.626963+0800 INFO M107

2025-06-13T16:58:21.627966+0800 ERROR SENT: M107

2025-06-13T16:58:21.629475+0800 ERROR write command M107

2025-06-13T16:58:21.630489+0800 ERROR second command M107

2025-06-13T16:58:21.630489+0800 ERROR finish command M107

2025-06-13T16:58:22.618209+0800 INFO M107

2025-06-13T16:58:22.619734+0800 ERROR SENT: M107

2025-06-13T16:58:22.621798+0800 ERROR write command M107

2025-06-13T16:58:22.622781+0800 ERROR second command M107

2025-06-13T16:58:22.624143+0800 ERROR finish command M107

2025-06-13T16:58:23.614436+0800 INFO M107

2025-06-13T16:58:23.615816+0800 ERROR SENT: M107

2025-06-13T16:58:23.617343+0800 ERROR write command M107

2025-06-13T16:58:23.618346+0800 ERROR second command M107

2025-06-13T16:58:23.619355+0800 ERROR finish command M107

2025-06-13T16:58:24.621286+0800 INFO M107

2025-06-13T16:58:24.622282+0800 ERROR SENT: M107

2025-06-13T16:58:24.623282+0800 ERROR write command M107

2025-06-13T16:58:24.624282+0800 ERROR second command M107

2025-06-13T16:58:24.624282+0800 ERROR finish command M107

2025-06-13T16:58:25.617521+0800 INFO M107

2025-06-13T16:58:25.619460+0800 ERROR SENT: M107

2025-06-13T16:58:25.619460+0800 ERROR write command M107

2025-06-13T16:58:25.621492+0800 ERROR second command M107

2025-06-13T16:58:25.621492+0800 ERROR finish command M107

2025-06-13T16:58:26.288375+0800 INFO M105

2025-06-13T16:58:26.289373+0800 ERROR SENT: M105

2025-06-13T16:58:26.290772+0800 ERROR write command M105

2025-06-13T16:58:26.290772+0800 ERROR second command M105

2025-06-13T16:58:26.291787+0800 ERROR finish command M105

2025-06-13T16:58:26.615528+0800 INFO M107

2025-06-13T16:58:26.617080+0800 ERROR SENT: M107

2025-06-13T16:58:26.618079+0800 ERROR write command M107

2025-06-13T16:58:26.620622+0800 ERROR second command M107

2025-06-13T16:58:26.620622+0800 ERROR finish command M107

2025-06-13T16:58:27.626656+0800 INFO M107

2025-06-13T16:58:27.627670+0800 ERROR SENT: M107

2025-06-13T16:58:27.627670+0800 ERROR write command M107

2025-06-13T16:58:27.630195+0800 ERROR second command M107

2025-06-13T16:58:27.630753+0800 ERROR finish command M107

2025-06-13T16:58:28.622418+0800 INFO M107

2025-06-13T16:58:28.623422+0800 ERROR SENT: M107

2025-06-13T16:58:28.624420+0800 ERROR write command M107

2025-06-13T16:58:28.626350+0800 ERROR second command M107

2025-06-13T16:58:28.626350+0800 ERROR finish command M107

2025-06-13T16:58:29.622877+0800 INFO M107

2025-06-13T16:58:29.624340+0800 ERROR SENT: M107

2025-06-13T16:58:29.626356+0800 ERROR write command M107

2025-06-13T16:58:29.626866+0800 ERROR second command M107

2025-06-13T16:58:29.627880+0800 ERROR finish command M107

2025-06-13T16:58:30.654581+0800 INFO M107

2025-06-13T16:58:30.664154+0800 ERROR SENT: M107

2025-06-13T16:58:30.664154+0800 ERROR write command M107

2025-06-13T16:58:30.666168+0800 ERROR second command M107

2025-06-13T16:58:30.666696+0800 ERROR finish command M107

2025-06-13T16:58:31.614848+0800 INFO M107

2025-06-13T16:58:31.616804+0800 ERROR SENT: M107

2025-06-13T16:58:31.618816+0800 ERROR write command M107

2025-06-13T16:58:31.620365+0800 ERROR second command M107

2025-06-13T16:58:31.620365+0800 ERROR finish command M107

2025-06-13T16:58:32.615317+0800 INFO M107

2025-06-13T16:58:32.616318+0800 ERROR SENT: M107

2025-06-13T16:58:32.616318+0800 ERROR write command M107

2025-06-13T16:58:32.616318+0800 ERROR second command M107

2025-06-13T16:58:32.617646+0800 ERROR finish command M107

2025-06-13T16:58:33.622508+0800 INFO M107

2025-06-13T16:58:33.624509+0800 ERROR SENT: M107

2025-06-13T16:58:33.625018+0800 ERROR write command M107

2025-06-13T16:58:33.626530+0800 ERROR second command M107

2025-06-13T16:58:33.627548+0800 ERROR finish command M107

2025-06-13T16:58:34.622863+0800 INFO M107

2025-06-13T16:58:34.624375+0800 ERROR SENT: M107

2025-06-13T16:58:34.625550+0800 ERROR write command M107

2025-06-13T16:58:34.626561+0800 ERROR second command M107

2025-06-13T16:58:34.626561+0800 ERROR finish command M107

2025-06-13T16:58:35.414787+0800 INFO M105

2025-06-13T16:58:35.416089+0800 ERROR SENT: M105

2025-06-13T16:58:35.418111+0800 ERROR write command M105

2025-06-13T16:58:35.419118+0800 ERROR second command M105

2025-06-13T16:58:35.419118+0800 ERROR finish command M105

2025-06-13T16:58:35.617815+0800 INFO M107

2025-06-13T16:58:35.619366+0800 ERROR SENT: M107

2025-06-13T16:58:35.621382+0800 ERROR write command M107

2025-06-13T16:58:35.621382+0800 ERROR second command M107

2025-06-13T16:58:35.622394+0800 ERROR finish command M107

2025-06-13T16:58:36.614783+0800 INFO M107

2025-06-13T16:58:36.616323+0800 ERROR SENT: M107

2025-06-13T16:58:36.616323+0800 ERROR write command M107

2025-06-13T16:58:36.617342+0800 ERROR second command M107

2025-06-13T16:58:36.618339+0800 ERROR finish command M107

2025-06-13T16:58:37.049049+0800 INFO G250 S110
2025-06-13T16:58:37.049646+0800 INFO M259
2025-06-13T16:58:37.049646+0800 ERROR SENT: G250 S110
2025-06-13T16:58:37.050663+0800 ERROR write command G250 S110
2025-06-13T16:58:37.051660+0800 ERROR second command G250 S110
2025-06-13T16:58:37.051660+0800 ERROR finish command G250 S110
2025-06-13T16:58:37.052652+0800 ERROR SENT: M259
2025-06-13T16:58:37.052652+0800 ERROR write command M259
2025-06-13T16:58:37.052652+0800 ERROR second command M259
2025-06-13T16:58:37.052652+0800 ERROR finish command M259
2025-06-13T16:58:37.622688+0800 INFO M107

2025-06-13T16:58:37.624202+0800 ERROR SENT: M107

2025-06-13T16:58:37.625583+0800 ERROR write command M107

2025-06-13T16:58:37.626591+0800 ERROR second command M107

2025-06-13T16:58:37.626591+0800 ERROR finish command M107

2025-06-13T16:58:38.618535+0800 INFO M107

2025-06-13T16:58:38.720471+0800 ERROR SENT: M107

2025-06-13T16:58:38.721992+0800 ERROR write command M107

2025-06-13T16:58:38.722990+0800 ERROR second command M107

2025-06-13T16:58:38.723541+0800 ERROR finish command M107

2025-06-13T16:58:39.626210+0800 INFO M107

2025-06-13T16:58:39.628227+0800 ERROR SENT: M107

2025-06-13T16:58:39.629747+0800 ERROR write command M107

2025-06-13T16:58:39.629747+0800 ERROR second command M107

2025-06-13T16:58:39.630760+0800 ERROR finish command M107

