2025-06-13T17:21:54.935026+0800 INFO 设备已成功连接
2025-06-13T17:21:54.936013+0800 ERROR SENT: M105
2025-06-13T17:21:54.936013+0800 ERROR write command M105
2025-06-13T17:21:54.937454+0800 ERROR second command M105
2025-06-13T17:21:54.937454+0800 ERROR finish command M105
2025-06-13T17:21:54.938975+0800 ERROR SENT: G250 S21
2025-06-13T17:21:54.938975+0800 ERROR write command G250 S21
2025-06-13T17:21:54.939991+0800 ERROR second command G250 S21
2025-06-13T17:21:54.939991+0800 ERROR finish command G250 S21
2025-06-13T17:21:54.942032+0800 ERROR SENT: G250 S800
2025-06-13T17:21:54.942032+0800 ERROR write command G250 S800
2025-06-13T17:21:54.943036+0800 ERROR second command G250 S800
2025-06-13T17:21:54.943036+0800 ERROR finish command G250 S800
2025-06-13T17:21:54.944040+0800 ERROR SENT: M154 S1
2025-06-13T17:21:54.944557+0800 ERROR write command M154 S1
2025-06-13T17:21:54.945602+0800 ERROR second command M154 S1
2025-06-13T17:21:54.946122+0800 ERROR finish command M154 S1
2025-06-13T17:21:54.948134+0800 INFO M105

2025-06-13T17:21:54.948134+0800 ERROR SENT: M105

2025-06-13T17:21:54.949137+0800 ERROR write command M105

2025-06-13T17:21:54.952167+0800 ERROR second command M105

2025-06-13T17:21:54.953229+0800 ERROR finish command M105

2025-06-13T17:21:54.957669+0800 ERROR readline  T:47.5446 /0 B:42.0187 /0 @:0 B@:0 VER: 1.3.2

2025-06-13T17:21:54.959187+0800 ERROR readline ok

2025-06-13T17:21:54.965205+0800 ERROR readline LOBOTICS SAFETY UNLOCKED

2025-06-13T17:21:54.966702+0800 ERROR readline ok

2025-06-13T17:21:54.967713+0800 ERROR readline ok

2025-06-13T17:21:54.967713+0800 ERROR readline ok

2025-06-13T17:21:54.971232+0800 ERROR readline  T:47.5446 /0 B:42.0187 /0 @:0 B@:0 VER: 1.3.2

2025-06-13T17:21:55.226620+0800 ERROR empty readline 0
2025-06-13T17:21:55.492110+0800 ERROR empty readline 1
2025-06-13T17:21:55.758105+0800 ERROR empty readline 2
2025-06-13T17:21:55.951673+0800 ERROR readline X:600.0000 Y:10.0000 Z:100.3000 E:231.6775 Count X:210000 Y:3500 Z:200600 STA: 1083135

2025-06-13T17:21:55.952669+0800 ERROR readline 

2025-06-13T17:21:56.210147+0800 ERROR empty readline 0
2025-06-13T17:21:56.471241+0800 ERROR empty readline 1
2025-06-13T17:21:56.736572+0800 ERROR empty readline 2
2025-06-13T17:21:56.950368+0800 ERROR readline X:600.0000 Y:10.0000 Z:100.3000 E:231.6775 Count X:210000 Y:3500 Z:200600 STA: 1083135

2025-06-13T17:21:56.951387+0800 ERROR readline 

2025-06-13T17:21:57.207855+0800 ERROR empty readline 0
2025-06-13T17:21:57.471697+0800 ERROR empty readline 1
2025-06-13T17:21:57.736310+0800 ERROR empty readline 2
2025-06-13T17:21:57.950379+0800 ERROR readline X:600.0000 Y:10.0000 Z:100.3000 E:231.6775 Count X:210000 Y:3500 Z:200600 STA: 1083135

2025-06-13T17:21:57.950892+0800 ERROR readline 

2025-06-13T17:21:58.202345+0800 ERROR empty readline 0
2025-06-13T17:21:58.466630+0800 ERROR empty readline 1
2025-06-13T17:21:58.732317+0800 ERROR empty readline 2
2025-06-13T17:21:58.948983+0800 ERROR readline X:600.0000 Y:10.0000 Z:100.3000 E:231.6775 Count X:210000 Y:3500 Z:200600 STA: 1083135

2025-06-13T17:21:58.949525+0800 ERROR readline 

2025-06-13T17:21:59.211673+0800 ERROR empty readline 0
2025-06-13T17:21:59.475836+0800 ERROR empty readline 1
2025-06-13T17:21:59.742330+0800 ERROR empty readline 2
2025-06-13T17:21:59.949749+0800 ERROR readline X:600.0000 Y:10.0000 Z:100.3000 E:231.6775 Count X:210000 Y:3500 Z:200600 STA: 1083135

2025-06-13T17:21:59.951311+0800 ERROR readline 

2025-06-13T17:22:00.210228+0800 ERROR empty readline 0
2025-06-13T17:22:00.474548+0800 ERROR empty readline 1
2025-06-13T17:22:00.740385+0800 ERROR empty readline 2
2025-06-13T17:22:00.947626+0800 ERROR readline X:600.0000 Y:10.0000 Z:100.3000 E:231.6775 Count X:210000 Y:3500 Z:200600 STA: 1083135

2025-06-13T17:22:00.949152+0800 ERROR readline 

2025-06-13T17:22:01.209213+0800 ERROR empty readline 0
2025-06-13T17:22:01.475515+0800 ERROR empty readline 1
2025-06-13T17:22:01.727398+0800 ERROR empty readline 2
2025-06-13T17:22:01.948284+0800 ERROR readline X:600.0000 Y:10.0000 Z:100.3000 E:231.6775 Count X:210000 Y:3500 Z:200600 STA: 1083135

2025-06-13T17:22:01.949318+0800 ERROR readline 

2025-06-13T17:22:02.210694+0800 ERROR empty readline 0
2025-06-13T17:22:02.475463+0800 ERROR empty readline 1
2025-06-13T17:22:02.738056+0800 ERROR empty readline 2
2025-06-13T17:22:04.848205+0800 ERROR readline X:600.0000 Y:10.0000 Z:100.3000 E:231.6775 Count X:210000 Y:3500 Z:200600 STA: 1083135

2025-06-13T17:22:04.849222+0800 ERROR readline 

2025-06-13T17:22:04.853138+0800 ERROR readline X:600.0000 Y:10.0000 Z:100.3000 E:231.6775 Count X:210000 Y:3500 Z:200600 STA: 1083135

2025-06-13T17:22:04.854602+0800 ERROR readline 

2025-06-13T17:22:04.974158+0800 INFO M105

2025-06-13T17:22:05.101075+0800 ERROR SENT: M105

2025-06-13T17:22:05.102082+0800 ERROR write command M105

2025-06-13T17:22:05.102082+0800 ERROR second command M105

2025-06-13T17:22:05.103082+0800 ERROR finish command M105

2025-06-13T17:22:05.109120+0800 ERROR readline X:600.0000 Y:10.0000 Z:100.3000 E:231.6775 Count X:210000 Y:3500 Z:200600 STA: 1083135

2025-06-13T17:22:05.109636+0800 ERROR readline 

2025-06-13T17:22:05.110653+0800 ERROR readline ok

2025-06-13T17:22:05.112664+0800 ERROR readline  T:46.9866 /0 B:42.0187 /0 @:0 B@:0 VER: 1.3.2

2025-06-13T17:22:05.375586+0800 ERROR empty readline 0
2025-06-13T17:22:05.640851+0800 ERROR empty readline 1
2025-06-13T17:22:05.906470+0800 ERROR empty readline 2
2025-06-13T17:22:05.946411+0800 ERROR readline X:600.0000 Y:10.0000 Z:100.3000 E:231.6775 Count X:210000 Y:3500 Z:200600 STA: 1083135

2025-06-13T17:22:05.948514+0800 ERROR readline 

2025-06-13T17:22:06.202516+0800 ERROR empty readline 0
2025-06-13T17:22:06.467493+0800 ERROR empty readline 1
2025-06-13T17:22:06.733381+0800 ERROR empty readline 2
2025-06-13T17:22:06.946564+0800 ERROR readline X:600.0000 Y:10.0000 Z:100.3000 E:231.6775 Count X:210000 Y:3500 Z:200600 STA: 1083135

2025-06-13T17:22:06.947834+0800 ERROR readline 

2025-06-13T17:22:07.200554+0800 ERROR empty readline 0
2025-06-13T17:22:07.461639+0800 ERROR empty readline 1
2025-06-13T17:22:07.726370+0800 ERROR empty readline 2
2025-06-13T17:22:07.946370+0800 ERROR readline X:600.0000 Y:10.0000 Z:100.3000 E:231.6775 Count X:210000 Y:3500 Z:200600 STA: 1083135

2025-06-13T17:22:07.948386+0800 ERROR readline 

2025-06-13T17:22:08.207002+0800 ERROR empty readline 0
2025-06-13T17:22:08.472949+0800 ERROR empty readline 1
2025-06-13T17:22:08.724463+0800 ERROR empty readline 2
2025-06-13T17:22:08.947058+0800 ERROR readline X:600.0000 Y:10.0000 Z:100.3000 E:231.6775 Count X:210000 Y:3500 Z:200600 STA: 1083135

2025-06-13T17:22:08.949073+0800 ERROR readline 

2025-06-13T17:22:09.213268+0800 ERROR empty readline 0
2025-06-13T17:22:09.476287+0800 ERROR empty readline 1
2025-06-13T17:22:09.740168+0800 ERROR empty readline 2
2025-06-13T17:22:09.951226+0800 ERROR readline X:600.0000 Y:10.0000 Z:100.3000 E:231.6775 Count X:210000 Y:3500 Z:200600 STA: 1083135

2025-06-13T17:22:09.952236+0800 ERROR readline 

2025-06-13T17:22:10.222299+0800 ERROR empty readline 0
2025-06-13T17:22:10.487792+0800 ERROR empty readline 1
2025-06-13T17:22:10.738326+0800 ERROR empty readline 2
2025-06-13T17:22:10.946625+0800 ERROR readline X:600.0000 Y:10.0000 Z:100.3000 E:231.6775 Count X:210000 Y:3500 Z:200600 STA: 1083135

2025-06-13T17:22:10.946625+0800 ERROR readline 

2025-06-13T17:22:11.197999+0800 ERROR empty readline 0
2025-06-13T17:22:11.448927+0800 ERROR empty readline 1
2025-06-13T17:22:11.702030+0800 ERROR empty readline 2
2025-06-13T17:22:11.945541+0800 ERROR readline X:600.0000 Y:10.0000 Z:100.3000 E:231.6775 Count X:210000 Y:3500 Z:200600 STA: 1083135

2025-06-13T17:22:11.946542+0800 ERROR readline 

2025-06-13T17:22:12.212707+0800 ERROR empty readline 0
2025-06-13T17:22:12.476628+0800 ERROR empty readline 1
2025-06-13T17:22:12.743277+0800 ERROR empty readline 2
2025-06-13T17:22:12.946306+0800 ERROR readline X:600.0000 Y:10.0000 Z:100.3000 E:231.6775 Count X:210000 Y:3500 Z:200600 STA: 1083135

2025-06-13T17:22:12.948564+0800 ERROR readline 

2025-06-13T17:22:13.213468+0800 ERROR empty readline 0
2025-06-13T17:22:13.478113+0800 ERROR empty readline 1
2025-06-13T17:22:13.730381+0800 ERROR empty readline 2
2025-06-13T17:22:13.946955+0800 ERROR readline X:600.0000 Y:10.0000 Z:100.3000 E:231.6775 Count X:210000 Y:3500 Z:200600 STA: 1083135

2025-06-13T17:22:13.947965+0800 ERROR readline 

2025-06-13T17:22:14.202823+0800 ERROR empty readline 0
2025-06-13T17:22:14.407690+0800 INFO M105

2025-06-13T17:22:14.407690+0800 ERROR SENT: M105

2025-06-13T17:22:14.410239+0800 ERROR write command M105

2025-06-13T17:22:14.411243+0800 ERROR second command M105

2025-06-13T17:22:14.412246+0800 ERROR finish command M105

2025-06-13T17:22:14.414256+0800 ERROR readline ok

2025-06-13T17:22:14.418344+0800 ERROR readline  T:46.6518 /0 B:42.0187 /0 @:0 B@:0 VER: 1.3.2

2025-06-13T17:22:14.671315+0800 ERROR empty readline 0
2025-06-13T17:22:14.934225+0800 ERROR empty readline 1
2025-06-13T17:22:14.946383+0800 ERROR readline X:600.0000 Y:10.0000 Z:100.3000 E:231.6775 Count X:210000 Y:3500 Z:200600 STA: 1083135

2025-06-13T17:22:14.947929+0800 ERROR readline 

2025-06-13T17:22:15.213489+0800 ERROR empty readline 0
2025-06-13T17:22:15.298219+0800 INFO L110 S60
2025-06-13T17:22:15.299221+0800 INFO L110 S60
2025-06-13T17:22:15.299221+0800 INFO L110 S60
2025-06-13T17:22:15.299221+0800 ERROR SENT: L110 S60
2025-06-13T17:22:15.300364+0800 ERROR write command L110 S60
2025-06-13T17:22:15.300364+0800 ERROR second command L110 S60
2025-06-13T17:22:15.300364+0800 ERROR finish command L110 S60
2025-06-13T17:22:15.301368+0800 ERROR SENT: L110 S60
2025-06-13T17:22:15.301368+0800 ERROR readline ok

2025-06-13T17:22:15.302365+0800 ERROR write command L110 S60
2025-06-13T17:22:15.303362+0800 ERROR second command L110 S60
2025-06-13T17:22:15.303362+0800 ERROR finish command L110 S60
2025-06-13T17:22:15.303362+0800 ERROR SENT: L110 S60
2025-06-13T17:22:15.304868+0800 ERROR write command L110 S60
2025-06-13T17:22:15.304868+0800 ERROR second command L110 S60
2025-06-13T17:22:15.306375+0800 ERROR readline ok

2025-06-13T17:22:15.306375+0800 ERROR finish command L110 S60
2025-06-13T17:22:15.308388+0800 ERROR readline ok

2025-06-13T17:22:15.572322+0800 ERROR empty readline 0
2025-06-13T17:22:15.837969+0800 ERROR empty readline 1
2025-06-13T17:22:15.946685+0800 ERROR readline X:600.0000 Y:10.0000 Z:100.3000 E:231.6775 Count X:210000 Y:3500 Z:200600 STA: 1083135

2025-06-13T17:22:15.947711+0800 ERROR readline 

2025-06-13T17:22:16.209326+0800 ERROR empty readline 0
2025-06-13T17:22:16.507694+0800 ERROR empty readline 1
2025-06-13T17:22:16.771220+0800 ERROR empty readline 2
2025-06-13T17:22:16.946242+0800 ERROR readline X:600.0000 Y:10.0000 Z:100.3000 E:231.6775 Count X:210000 Y:3500 Z:200600 STA: 1083135

2025-06-13T17:22:16.947268+0800 ERROR readline 

2025-06-13T17:22:17.209052+0800 ERROR empty readline 0
2025-06-13T17:22:17.474232+0800 ERROR empty readline 1
2025-06-13T17:22:17.534653+0800 INFO L109 time:2025/06/13 17:22:17#./GCODE/CFFFP_AA_3分钟.gcode#
2025-06-13T17:22:17.535664+0800 ERROR SENT: L109 time:2025/06/13 17:22:17#./GCODE/CFFFP_AA_3分钟.gcode#
2025-06-13T17:22:17.610911+0800 ERROR write command L109 time:2025/06/13 17:22:17#./GCODE/CFFFP_AA_3分钟.gcode#
2025-06-13T17:22:17.610911+0800 ERROR second command L109 time:2025/06/13 17:22:17#./GCODE/CFFFP_AA_3分钟.gcode#
2025-06-13T17:22:17.612322+0800 ERROR finish command L109 time:2025/06/13 17:22:17#./GCODE/CFFFP_AA_3分钟.gcode#
2025-06-13T17:22:17.614338+0800 ERROR readline ok

2025-06-13T17:22:17.879317+0800 ERROR empty readline 0
2025-06-13T17:22:17.944224+0800 ERROR readline X:600.0000 Y:10.0000 Z:100.3000 E:231.6775 Count X:210000 Y:3500 Z:200600 STA: 1083135

2025-06-13T17:22:17.945682+0800 ERROR readline 

2025-06-13T17:22:18.197218+0800 ERROR empty readline 0
2025-06-13T17:22:18.449014+0800 ERROR empty readline 1
2025-06-13T17:22:18.521746+0800 ERROR SENT: G250 S31
2025-06-13T17:22:18.522742+0800 ERROR write command G250 S31
2025-06-13T17:22:18.522742+0800 ERROR second command G250 S31
2025-06-13T17:22:18.524257+0800 ERROR readline ok

2025-06-13T17:22:18.525273+0800 ERROR finish command G250 S31
2025-06-13T17:22:18.525273+0800 ERROR SENT: N-1 M110*15
2025-06-13T17:22:18.526284+0800 ERROR write command N-1 M110*15
2025-06-13T17:22:18.526874+0800 ERROR second command N-1 M110*15
2025-06-13T17:22:18.526874+0800 ERROR finish command N-1 M110*15
2025-06-13T17:22:18.526874+0800 ERROR readline ok

2025-06-13T17:22:18.530566+0800 INFO M257 S1
2025-06-13T17:22:18.531619+0800 INFO L110 S81
2025-06-13T17:22:18.531619+0800 ERROR SENT: M257 S1
2025-06-13T17:22:18.531619+0800 ERROR write command M257 S1
2025-06-13T17:22:18.532746+0800 ERROR second command M257 S1
2025-06-13T17:22:18.532746+0800 ERROR finish command M257 S1
2025-06-13T17:22:18.532746+0800 ERROR SENT: L110 S81
2025-06-13T17:22:18.534288+0800 ERROR write command L110 S81
2025-06-13T17:22:18.534288+0800 ERROR second command L110 S81
2025-06-13T17:22:18.535310+0800 ERROR finish command L110 S81
2025-06-13T17:22:18.535310+0800 ERROR readline ok

2025-06-13T17:22:18.537953+0800 ERROR SENT: N0 M140 S10*84
2025-06-13T17:22:18.538882+0800 ERROR write command N0 M140 S10*84
2025-06-13T17:22:18.539422+0800 ERROR second command N0 M140 S10*84
2025-06-13T17:22:18.539422+0800 ERROR finish command N0 M140 S10*84
2025-06-13T17:22:18.540521+0800 ERROR readline echo:broken has bigen

2025-06-13T17:22:18.541495+0800 ERROR readline ok

2025-06-13T17:22:18.542449+0800 ERROR SENT: N1 M105*38
2025-06-13T17:22:18.542449+0800 ERROR write command N1 M105*38
2025-06-13T17:22:18.543489+0800 ERROR second command N1 M105*38
2025-06-13T17:22:18.543489+0800 ERROR readline ok

2025-06-13T17:22:18.544490+0800 ERROR finish command N1 M105*38
2025-06-13T17:22:18.545017+0800 ERROR SENT: N2 M190 S10*91
2025-06-13T17:22:18.545017+0800 ERROR write command N2 M190 S10*91
2025-06-13T17:22:18.545017+0800 ERROR second command N2 M190 S10*91
2025-06-13T17:22:18.546554+0800 ERROR finish command N2 M190 S10*91
2025-06-13T17:22:18.548567+0800 ERROR readline ok

2025-06-13T17:22:18.551071+0800 ERROR SENT: N3 M104 S10*87
2025-06-13T17:22:18.551071+0800 ERROR write command N3 M104 S10*87
2025-06-13T17:22:18.552055+0800 ERROR second command N3 M104 S10*87
2025-06-13T17:22:18.552055+0800 ERROR finish command N3 M104 S10*87
2025-06-13T17:22:18.554581+0800 ERROR readline  T:46.4286 /0 B:41.9063 /10 @:0 B@:0 VER: 1.3.2

2025-06-13T17:22:18.554581+0800 ERROR readline ok

2025-06-13T17:22:18.555642+0800 ERROR SENT: N4 M105*35
2025-06-13T17:22:18.556602+0800 ERROR readline ok

2025-06-13T17:22:18.556602+0800 ERROR write command N4 M105*35
2025-06-13T17:22:18.557868+0800 ERROR second command N4 M105*35
2025-06-13T17:22:18.557868+0800 ERROR finish command N4 M105*35
2025-06-13T17:22:18.557868+0800 ERROR SENT: N5 M109 S10*92
2025-06-13T17:22:18.557868+0800 ERROR write command N5 M109 S10*92
2025-06-13T17:22:18.559385+0800 ERROR second command N5 M109 S10*92
2025-06-13T17:22:18.559385+0800 ERROR finish command N5 M109 S10*92
2025-06-13T17:22:18.560453+0800 ERROR readline ok

2025-06-13T17:22:18.562807+0800 ERROR SENT: N6 M82*31
2025-06-13T17:22:18.562807+0800 ERROR write command N6 M82*31
2025-06-13T17:22:18.562807+0800 ERROR second command N6 M82*31
2025-06-13T17:22:18.562807+0800 ERROR finish command N6 M82*31
2025-06-13T17:22:18.569372+0800 ERROR readline  T:46.5402 /10 B:41.9813 /10 @:0 B@:0 VER: 1.3.2

2025-06-13T17:22:18.571816+0800 ERROR readline ok

2025-06-13T17:22:18.572834+0800 ERROR SENT: N7 G28*20
2025-06-13T17:22:18.572834+0800 ERROR write command N7 G28*20
2025-06-13T17:22:18.574349+0800 ERROR readline ok

2025-06-13T17:22:18.575384+0800 ERROR second command N7 G28*20
2025-06-13T17:22:18.576884+0800 ERROR finish command N7 G28*20
2025-06-13T17:22:18.576884+0800 ERROR SENT: N8 G1 Z15.0 F6000*32
2025-06-13T17:22:18.577944+0800 ERROR write command N8 G1 Z15.0 F6000*32
2025-06-13T17:22:18.577944+0800 ERROR second command N8 G1 Z15.0 F6000*32
2025-06-13T17:22:18.577944+0800 ERROR finish command N8 G1 Z15.0 F6000*32
2025-06-13T17:22:18.826737+0800 ERROR empty readline 0
2025-06-13T17:22:18.946562+0800 ERROR readline X:600.0000 Y:10.0000 Z:100.3000 E:231.6775 Count X:-630000 Y:3500 Z:200600 STA: 5252863

2025-06-13T17:22:18.948052+0800 ERROR readline 

2025-06-13T17:22:19.214424+0800 ERROR empty readline 0
2025-06-13T17:22:19.478411+0800 ERROR empty readline 1
2025-06-13T17:22:19.744185+0800 ERROR empty readline 2
2025-06-13T17:22:19.944614+0800 ERROR readline X:600.0000 Y:10.0000 Z:100.3000 E:231.6775 Count X:-630000 Y:3500 Z:200600 STA: 5252863

2025-06-13T17:22:19.945625+0800 ERROR readline 

2025-06-13T17:22:20.209702+0800 ERROR empty readline 0
2025-06-13T17:22:20.475449+0800 ERROR empty readline 1
2025-06-13T17:22:20.581998+0800 ERROR readline echo:busy: processing

2025-06-13T17:22:20.820118+0800 INFO L110 S60
2025-06-13T17:22:20.820118+0800 INFO L110 S60
2025-06-13T17:22:20.820118+0800 INFO L110 S60
2025-06-13T17:22:20.835045+0800 ERROR empty readline 0
2025-06-13T17:22:20.952188+0800 ERROR readline X:600.0000 Y:10.0000 Z:100.3000 E:231.6775 Count X:-630000 Y:3500 Z:200600 STA: 5252863

2025-06-13T17:22:20.952700+0800 ERROR readline 

2025-06-13T17:22:21.213451+0800 ERROR empty readline 0
2025-06-13T17:22:21.475229+0800 ERROR empty readline 1
2025-06-13T17:22:21.740512+0800 ERROR empty readline 2
2025-06-13T17:22:21.869036+0800 INFO L110 S60
2025-06-13T17:22:21.870580+0800 INFO L110 S60
2025-06-13T17:22:21.870580+0800 INFO L110 S60
2025-06-13T17:22:21.946577+0800 ERROR readline X:600.0000 Y:10.0000 Z:100.3000 E:231.6775 Count X:-630000 Y:3500 Z:200600 STA: 5252863

2025-06-13T17:22:21.949196+0800 ERROR readline 

2025-06-13T17:22:22.207986+0800 ERROR empty readline 0
2025-06-13T17:22:22.472947+0800 ERROR empty readline 1
2025-06-13T17:22:22.580757+0800 ERROR readline echo:busy: processing

2025-06-13T17:22:22.834508+0800 ERROR empty readline 0
2025-06-13T17:22:22.944811+0800 ERROR readline X:600.0000 Y:10.0000 Z:100.3000 E:231.6775 Count X:-630000 Y:3500 Z:200600 STA: 5252863

2025-06-13T17:22:22.944811+0800 ERROR readline 

2025-06-13T17:22:23.210328+0800 ERROR empty readline 0
2025-06-13T17:22:23.476210+0800 ERROR empty readline 1
2025-06-13T17:22:23.740575+0800 ERROR empty readline 2
2025-06-13T17:22:23.804096+0800 INFO M105

2025-06-13T17:22:23.944885+0800 ERROR readline X:600.0000 Y:10.0000 Z:100.3000 E:231.6775 Count X:-630000 Y:3500 Z:200600 STA: 5252863

2025-06-13T17:22:23.947414+0800 ERROR readline 

2025-06-13T17:22:24.208178+0800 ERROR empty readline 0
2025-06-13T17:22:24.474418+0800 ERROR empty readline 1
2025-06-13T17:22:24.581859+0800 ERROR readline echo:busy: processing

2025-06-13T17:22:24.832980+0800 ERROR empty readline 0
2025-06-13T17:22:24.946275+0800 ERROR readline X:600.0000 Y:10.0000 Z:100.3000 E:231.6775 Count X:-630000 Y:3500 Z:200600 STA: 5252863

2025-06-13T17:22:24.948324+0800 ERROR readline 

2025-06-13T17:22:25.206101+0800 ERROR empty readline 0
2025-06-13T17:22:25.457186+0800 ERROR empty readline 1
2025-06-13T17:22:25.721304+0800 ERROR empty readline 2
2025-06-13T17:22:25.946363+0800 ERROR readline X:600.0000 Y:10.0000 Z:100.3000 E:231.6775 Count X:-630000 Y:3500 Z:200600 STA: 5252863

2025-06-13T17:22:25.947386+0800 ERROR readline 

2025-06-13T17:22:26.204129+0800 ERROR empty readline 0
2025-06-13T17:22:26.467683+0800 ERROR empty readline 1
2025-06-13T17:22:26.580445+0800 ERROR readline echo:busy: processing

2025-06-13T17:22:26.840868+0800 ERROR empty readline 0
2025-06-13T17:22:26.943520+0800 ERROR readline X:600.0000 Y:10.0000 Z:100.3000 E:231.6775 Count X:-630000 Y:3500 Z:200600 STA: 5252863

2025-06-13T17:22:26.945046+0800 ERROR readline 

2025-06-13T17:22:27.199453+0800 ERROR empty readline 0
2025-06-13T17:22:27.465509+0800 ERROR empty readline 1
2025-06-13T17:22:27.729210+0800 ERROR empty readline 2
2025-06-13T17:22:27.944326+0800 ERROR readline X:600.0000 Y:10.0000 Z:100.3000 E:231.6775 Count X:-630000 Y:3500 Z:200600 STA: 5252863

2025-06-13T17:22:27.946354+0800 ERROR readline 

2025-06-13T17:22:28.211378+0800 ERROR empty readline 0
2025-06-13T17:22:28.477489+0800 ERROR empty readline 1
2025-06-13T17:22:28.580399+0800 ERROR readline echo:busy: processing

2025-06-13T17:22:28.836759+0800 ERROR empty readline 0
2025-06-13T17:22:28.942994+0800 ERROR readline X:600.0000 Y:10.0000 Z:100.3000 E:231.6775 Count X:-630000 Y:3500 Z:200600 STA: 5251839

2025-06-13T17:22:28.945525+0800 ERROR readline 

2025-06-13T17:22:29.211605+0800 ERROR empty readline 0
2025-06-13T17:22:29.475474+0800 ERROR empty readline 1
2025-06-13T17:22:29.737986+0800 ERROR empty readline 2
2025-06-13T17:22:29.945671+0800 ERROR readline X:600.0000 Y:10.0000 Z:100.3000 E:231.6775 Count X:-630000 Y:3500 Z:200600 STA: 5251839

2025-06-13T17:22:29.946647+0800 ERROR readline 

2025-06-13T17:22:30.201195+0800 ERROR empty readline 0
2025-06-13T17:22:30.466577+0800 ERROR empty readline 1
2025-06-13T17:22:30.581330+0800 ERROR readline echo:busy: processing

2025-06-13T17:22:30.844153+0800 ERROR empty readline 0
2025-06-13T17:22:30.943365+0800 ERROR readline X:600.0000 Y:10.0000 Z:100.3000 E:231.6775 Count X:1750 Y:3500 Z:200600 STA: 5251838

2025-06-13T17:22:30.946400+0800 ERROR readline 

2025-06-13T17:22:31.204504+0800 ERROR empty readline 0
2025-06-13T17:22:31.466707+0800 ERROR empty readline 1
2025-06-13T17:22:31.732875+0800 ERROR empty readline 2
2025-06-13T17:22:31.944311+0800 ERROR readline X:0.0000 Y:10.0000 Z:100.3000 E:231.6775 Count X:0 Y:-3500 Z:200600 STA: 5251838

2025-06-13T17:22:31.945582+0800 ERROR readline 

2025-06-13T17:22:32.205005+0800 ERROR empty readline 0
2025-06-13T17:22:32.457380+0800 ERROR empty readline 1
2025-06-13T17:22:32.580456+0800 ERROR readline echo:busy: processing

2025-06-13T17:22:32.833097+0800 ERROR empty readline 0
2025-06-13T17:22:32.943524+0800 ERROR readline X:0.0000 Y:0.0000 Z:100.3000 E:231.6775 Count X:0 Y:0 Z:-1800000 STA: 5251834

2025-06-13T17:22:32.948561+0800 ERROR readline 

2025-06-13T17:22:33.172780+0800 INFO M105

2025-06-13T17:22:33.204556+0800 ERROR empty readline 0
2025-06-13T17:22:33.467512+0800 ERROR empty readline 1
2025-06-13T17:22:33.731549+0800 ERROR empty readline 2
2025-06-13T17:22:33.943782+0800 ERROR readline X:0.0000 Y:0.0000 Z:100.3000 E:231.6775 Count X:0 Y:0 Z:-1800000 STA: 5251834

2025-06-13T17:22:33.948237+0800 ERROR readline 

2025-06-13T17:22:34.201987+0800 ERROR empty readline 0
2025-06-13T17:22:34.456788+0800 ERROR empty readline 1
2025-06-13T17:22:34.581175+0800 ERROR readline echo:busy: processing

2025-06-13T17:22:34.846166+0800 ERROR empty readline 0
2025-06-13T17:22:34.943444+0800 ERROR readline X:0.0000 Y:0.0000 Z:100.3000 E:231.6775 Count X:0 Y:0 Z:-1800000 STA: 5251834

2025-06-13T17:22:34.944444+0800 ERROR readline 

2025-06-13T17:22:35.200572+0800 ERROR empty readline 0
2025-06-13T17:22:35.465418+0800 ERROR empty readline 1
2025-06-13T17:22:35.727800+0800 ERROR empty readline 2
2025-06-13T17:22:35.946796+0800 ERROR readline X:0.0000 Y:0.0000 Z:100.3000 E:231.6775 Count X:0 Y:0 Z:-1800000 STA: 5251834

2025-06-13T17:22:35.949319+0800 ERROR readline 

2025-06-13T17:22:36.209557+0800 ERROR empty readline 0
2025-06-13T17:22:36.474303+0800 ERROR empty readline 1
2025-06-13T17:22:36.579947+0800 ERROR readline echo:busy: processing

2025-06-13T17:22:36.845524+0800 ERROR empty readline 0
2025-06-13T17:22:36.943524+0800 ERROR readline X:0.0000 Y:0.0000 Z:100.3000 E:231.6775 Count X:0 Y:0 Z:-1800000 STA: 5251834

2025-06-13T17:22:36.944528+0800 ERROR readline 

2025-06-13T17:22:37.202058+0800 ERROR empty readline 0
2025-06-13T17:22:37.329396+0800 INFO L110 S61
2025-06-13T17:22:37.330440+0800 INFO L110 S61
2025-06-13T17:22:37.330440+0800 INFO L110 S61
2025-06-13T17:22:37.467368+0800 ERROR empty readline 1
2025-06-13T17:22:37.732972+0800 ERROR empty readline 2
2025-06-13T17:22:37.943487+0800 ERROR readline X:0.0000 Y:0.0000 Z:100.3000 E:231.6775 Count X:0 Y:0 Z:-1800000 STA: 5251834

2025-06-13T17:22:37.944477+0800 ERROR readline 

2025-06-13T17:22:38.201514+0800 ERROR empty readline 0
2025-06-13T17:22:38.466621+0800 ERROR empty readline 1
2025-06-13T17:22:38.491515+0800 INFO L110 S60
2025-06-13T17:22:38.491515+0800 INFO L110 S60
2025-06-13T17:22:38.492509+0800 INFO L110 S60
2025-06-13T17:22:38.579630+0800 ERROR readline echo:busy: processing

2025-06-13T17:22:38.840625+0800 ERROR empty readline 0
2025-06-13T17:22:38.943096+0800 ERROR readline X:0.0000 Y:0.0000 Z:100.3000 E:231.6775 Count X:0 Y:0 Z:-1800000 STA: 5251834

2025-06-13T17:22:38.943096+0800 ERROR readline 

2025-06-13T17:22:39.201264+0800 ERROR empty readline 0
2025-06-13T17:22:39.464556+0800 ERROR empty readline 1
2025-06-13T17:22:39.716859+0800 ERROR empty readline 2
2025-06-13T17:22:39.942296+0800 ERROR readline X:0.0000 Y:0.0000 Z:100.3000 E:231.6775 Count X:0 Y:0 Z:-1800000 STA: 5251834

2025-06-13T17:22:39.943296+0800 ERROR readline 

2025-06-13T17:22:40.200576+0800 ERROR empty readline 0
2025-06-13T17:22:40.465668+0800 ERROR empty readline 1
2025-06-13T17:22:40.579693+0800 ERROR readline echo:busy: processing

2025-06-13T17:22:40.838004+0800 ERROR empty readline 0
2025-06-13T17:22:40.942571+0800 ERROR readline X:0.0000 Y:0.0000 Z:100.3000 E:231.6775 Count X:0 Y:0 Z:-1800000 STA: 5251834

2025-06-13T17:22:40.943571+0800 ERROR readline 

2025-06-13T17:22:41.197765+0800 ERROR empty readline 0
2025-06-13T17:22:41.462579+0800 ERROR empty readline 1
2025-06-13T17:22:41.726535+0800 ERROR empty readline 2
2025-06-13T17:22:41.943007+0800 ERROR readline X:0.0000 Y:0.0000 Z:100.3000 E:231.6775 Count X:0 Y:0 Z:-1800000 STA: 5251834

2025-06-13T17:22:41.944516+0800 ERROR readline 

2025-06-13T17:22:42.210542+0800 ERROR empty readline 0
2025-06-13T17:22:42.464956+0800 ERROR empty readline 1
2025-06-13T17:22:42.542843+0800 INFO M105

2025-06-13T17:22:42.577605+0800 ERROR readline echo:busy: processing

2025-06-13T17:22:42.837104+0800 ERROR empty readline 0
2025-06-13T17:22:42.943277+0800 ERROR readline X:0.0000 Y:0.0000 Z:100.3000 E:231.6775 Count X:0 Y:0 Z:-1800000 STA: 5251834

2025-06-13T17:22:42.944785+0800 ERROR readline 

2025-06-13T17:22:43.200810+0800 ERROR empty readline 0
2025-06-13T17:22:43.467325+0800 ERROR empty readline 1
2025-06-13T17:22:43.733246+0800 ERROR empty readline 2
2025-06-13T17:22:43.943055+0800 ERROR readline X:0.0000 Y:0.0000 Z:100.3000 E:231.6775 Count X:0 Y:0 Z:-1800000 STA: 5251834

2025-06-13T17:22:43.944561+0800 ERROR readline 

2025-06-13T17:22:44.204737+0800 ERROR empty readline 0
2025-06-13T17:22:44.469115+0800 ERROR empty readline 1
2025-06-13T17:22:44.581481+0800 ERROR readline echo:busy: processing

2025-06-13T17:22:44.837185+0800 ERROR empty readline 0
2025-06-13T17:22:44.941061+0800 ERROR readline X:0.0000 Y:0.0000 Z:100.3000 E:231.6775 Count X:0 Y:0 Z:-1800000 STA: 5251834

2025-06-13T17:22:44.942051+0800 ERROR readline 

2025-06-13T17:22:45.210400+0800 ERROR empty readline 0
2025-06-13T17:22:45.476041+0800 ERROR empty readline 1
2025-06-13T17:22:45.739045+0800 ERROR empty readline 2
2025-06-13T17:22:45.942089+0800 ERROR readline X:0.0000 Y:0.0000 Z:100.3000 E:231.6775 Count X:0 Y:0 Z:-1800000 STA: 5251834

2025-06-13T17:22:45.944001+0800 ERROR readline 

2025-06-13T17:22:46.209020+0800 ERROR empty readline 0
2025-06-13T17:22:46.474445+0800 ERROR empty readline 1
2025-06-13T17:22:46.578465+0800 ERROR readline echo:busy: processing

2025-06-13T17:22:46.843348+0800 ERROR empty readline 0
2025-06-13T17:22:46.942192+0800 ERROR readline X:0.0000 Y:0.0000 Z:100.3000 E:231.6775 Count X:0 Y:0 Z:-1800000 STA: 5251834

2025-06-13T17:22:46.943209+0800 ERROR readline 

2025-06-13T17:22:47.201235+0800 ERROR empty readline 0
2025-06-13T17:22:47.452329+0800 ERROR empty readline 1
2025-06-13T17:22:47.716655+0800 ERROR empty readline 2
2025-06-13T17:22:47.942553+0800 ERROR readline X:0.0000 Y:0.0000 Z:100.3000 E:231.6775 Count X:0 Y:0 Z:-1800000 STA: 5251834

2025-06-13T17:22:47.944537+0800 ERROR readline 

2025-06-13T17:22:48.199459+0800 ERROR empty readline 0
2025-06-13T17:22:48.463488+0800 ERROR empty readline 1
2025-06-13T17:22:48.577849+0800 ERROR readline echo:busy: processing

2025-06-13T17:22:48.831468+0800 ERROR empty readline 0
2025-06-13T17:22:48.942963+0800 ERROR readline X:0.0000 Y:0.0000 Z:100.3000 E:231.6775 Count X:0 Y:0 Z:-1800000 STA: 5251834

2025-06-13T17:22:48.944478+0800 ERROR readline 

2025-06-13T17:22:49.202790+0800 ERROR empty readline 0
2025-06-13T17:22:49.469269+0800 ERROR empty readline 1
2025-06-13T17:22:49.734532+0800 ERROR empty readline 2
2025-06-13T17:22:49.942256+0800 ERROR readline X:0.0000 Y:0.0000 Z:100.3000 E:231.6775 Count X:0 Y:0 Z:-1800000 STA: 5251834

2025-06-13T17:22:49.944773+0800 ERROR readline 

2025-06-13T17:22:50.201132+0800 ERROR empty readline 0
2025-06-13T17:22:50.466173+0800 ERROR empty readline 1
2025-06-13T17:22:50.577628+0800 ERROR readline echo:busy: processing

2025-06-13T17:22:50.841013+0800 ERROR empty readline 0
2025-06-13T17:22:50.941457+0800 ERROR readline X:0.0000 Y:0.0000 Z:100.3000 E:231.6775 Count X:0 Y:0 Z:-1800000 STA: 5251834

2025-06-13T17:22:50.942444+0800 ERROR readline 

2025-06-13T17:22:51.199274+0800 ERROR empty readline 0
2025-06-13T17:22:51.462991+0800 ERROR empty readline 1
2025-06-13T17:22:51.726838+0800 ERROR empty readline 2
2025-06-13T17:22:51.927305+0800 INFO M105

2025-06-13T17:22:51.941232+0800 ERROR readline X:0.0000 Y:0.0000 Z:100.3000 E:231.6775 Count X:0 Y:0 Z:-1800000 STA: 5251834

2025-06-13T17:22:51.942241+0800 ERROR readline 

2025-06-13T17:22:52.193064+0800 ERROR empty readline 0
2025-06-13T17:22:52.457643+0800 ERROR empty readline 1
2025-06-13T17:22:52.577527+0800 ERROR readline echo:busy: processing

2025-06-13T17:22:52.830708+0800 ERROR empty readline 0
2025-06-13T17:22:52.941316+0800 ERROR readline X:0.0000 Y:0.0000 Z:100.3000 E:231.6775 Count X:0 Y:0 Z:-1800000 STA: 5251834

2025-06-13T17:22:52.942317+0800 ERROR readline 

2025-06-13T17:22:53.206707+0800 ERROR empty readline 0
2025-06-13T17:22:53.469039+0800 ERROR empty readline 1
2025-06-13T17:22:53.731931+0800 ERROR empty readline 2
2025-06-13T17:22:53.942125+0800 ERROR readline X:0.0000 Y:0.0000 Z:100.3000 E:231.6775 Count X:0 Y:0 Z:-1800000 STA: 5251834

2025-06-13T17:22:53.944128+0800 ERROR readline 

2025-06-13T17:22:54.200354+0800 ERROR empty readline 0
2025-06-13T17:22:54.464570+0800 ERROR empty readline 1
2025-06-13T17:22:54.577426+0800 ERROR readline echo:busy: processing

2025-06-13T17:22:54.840673+0800 ERROR empty readline 0
2025-06-13T17:22:54.940660+0800 ERROR readline X:0.0000 Y:0.0000 Z:100.3000 E:231.6775 Count X:0 Y:0 Z:-1800000 STA: 5251834

2025-06-13T17:22:54.942672+0800 ERROR 开始超时计数了
2025-06-13T17:22:54.942672+0800 ERROR readline 

2025-06-13T17:22:54.947790+0800 ERROR SENT: L110 S60
2025-06-13T17:22:54.947790+0800 ERROR write command L110 S60
2025-06-13T17:22:54.949305+0800 ERROR second command L110 S60
2025-06-13T17:22:54.950325+0800 ERROR finish command L110 S60
2025-06-13T17:22:55.202127+0800 ERROR empty readline 0
2025-06-13T17:22:55.467780+0800 ERROR empty readline 1
2025-06-13T17:22:55.732651+0800 ERROR empty readline 2
2025-06-13T17:22:55.941421+0800 ERROR readline X:0.0000 Y:0.0000 Z:100.3000 E:231.6775 Count X:0 Y:0 Z:-1800000 STA: 5251834

2025-06-13T17:22:55.942428+0800 ERROR readline 

2025-06-13T17:22:56.199636+0800 ERROR empty readline 0
2025-06-13T17:22:56.449758+0800 ERROR empty readline 1
2025-06-13T17:22:56.578055+0800 ERROR readline echo:busy: processing

2025-06-13T17:22:56.837045+0800 ERROR empty readline 0
2025-06-13T17:22:56.944419+0800 ERROR readline X:0.0000 Y:0.0000 Z:100.3000 E:231.6775 Count X:0 Y:0 Z:-1800000 STA: 5251834

2025-06-13T17:22:56.946457+0800 ERROR readline 

2025-06-13T17:22:57.211773+0800 ERROR empty readline 0
2025-06-13T17:22:57.477513+0800 ERROR empty readline 1
2025-06-13T17:22:57.743481+0800 ERROR empty readline 2
2025-06-13T17:22:57.939245+0800 ERROR readline X:0.0000 Y:0.0000 Z:100.3000 E:231.6775 Count X:0 Y:0 Z:4000 STA: 5251834

2025-06-13T17:22:57.941258+0800 ERROR readline 

2025-06-13T17:22:58.195986+0800 ERROR empty readline 0
2025-06-13T17:22:58.457779+0800 ERROR empty readline 1
2025-06-13T17:22:58.576706+0800 ERROR readline echo:busy: processing

2025-06-13T17:22:58.832810+0800 ERROR empty readline 0
2025-06-13T17:22:58.939091+0800 ERROR readline X:0.0000 Y:0.0000 Z:100.3000 E:231.6775 Count X:0 Y:0 Z:-8000 STA: 5251834

2025-06-13T17:22:58.940191+0800 ERROR readline 

2025-06-13T17:22:59.209257+0800 ERROR empty readline 0
2025-06-13T17:22:59.474475+0800 ERROR empty readline 1
2025-06-13T17:22:59.738355+0800 ERROR empty readline 2
2025-06-13T17:22:59.941045+0800 ERROR readline X:0.0000 Y:0.0000 Z:100.3000 E:231.6775 Count X:0 Y:0 Z:-8000 STA: 5251834

2025-06-13T17:22:59.943035+0800 ERROR readline 

2025-06-13T17:23:00.134480+0800 ERROR readline X:0.0000 Y:0.0000 Z:0.0000 E:231.6775 Count X:0 Y:0 Z:0 STA: 5251832

2025-06-13T17:23:00.138009+0800 ERROR readline 

2025-06-13T17:23:00.139012+0800 ERROR readline ok

2025-06-13T17:23:00.140541+0800 ERROR readline msgdone

2025-06-13T17:23:00.141558+0800 ERROR readline ok

2025-06-13T17:23:00.142556+0800 ERROR readline ok

2025-06-13T17:23:00.145599+0800 ERROR SENT: L110 S60
2025-06-13T17:23:00.145599+0800 ERROR write command L110 S60
2025-06-13T17:23:00.147100+0800 ERROR second command L110 S60
2025-06-13T17:23:00.147100+0800 ERROR readline ok

2025-06-13T17:23:00.148305+0800 ERROR finish command L110 S60
2025-06-13T17:23:00.150282+0800 ERROR SENT: L110 S60
2025-06-13T17:23:00.151315+0800 ERROR write command L110 S60
2025-06-13T17:23:00.151315+0800 ERROR second command L110 S60
2025-06-13T17:23:00.152300+0800 ERROR finish command L110 S60
2025-06-13T17:23:00.153497+0800 ERROR readline ok

2025-06-13T17:23:00.160903+0800 ERROR SENT: L110 S60
2025-06-13T17:23:00.160903+0800 ERROR write command L110 S60
2025-06-13T17:23:00.162046+0800 ERROR second command L110 S60
2025-06-13T17:23:00.163066+0800 ERROR readline ok

2025-06-13T17:23:00.163066+0800 ERROR finish command L110 S60
2025-06-13T17:23:00.164609+0800 ERROR SENT: L110 S60
2025-06-13T17:23:00.164609+0800 ERROR write command L110 S60
2025-06-13T17:23:00.166131+0800 ERROR second command L110 S60
2025-06-13T17:23:00.167148+0800 ERROR finish command L110 S60
2025-06-13T17:23:00.168149+0800 ERROR readline ok

2025-06-13T17:23:00.177075+0800 ERROR SENT: L110 S60
2025-06-13T17:23:00.178098+0800 ERROR write command L110 S60
2025-06-13T17:23:00.178098+0800 ERROR second command L110 S60
2025-06-13T17:23:00.179612+0800 ERROR finish command L110 S60
2025-06-13T17:23:00.187423+0800 ERROR readline ok

2025-06-13T17:23:00.192474+0800 ERROR SENT: M105

2025-06-13T17:23:00.193707+0800 ERROR write command M105

2025-06-13T17:23:00.193707+0800 ERROR second command M105

2025-06-13T17:23:00.193707+0800 ERROR finish command M105

2025-06-13T17:23:00.200214+0800 ERROR readline ok

2025-06-13T17:23:00.202263+0800 ERROR readline  T:45.6473 /10 B:41.9437 /10 @:0 B@:0 VER: 1.3.2

2025-06-13T17:23:00.207284+0800 ERROR SENT: M105

2025-06-13T17:23:00.207284+0800 ERROR write command M105

2025-06-13T17:23:00.208529+0800 ERROR second command M105

2025-06-13T17:23:00.209046+0800 ERROR finish command M105

2025-06-13T17:23:00.209046+0800 ERROR readline ok

2025-06-13T17:23:00.213578+0800 ERROR readline  T:45.6473 /10 B:41.9437 /10 @:0 B@:0 VER: 1.3.2

2025-06-13T17:23:00.223080+0800 ERROR SENT: L110 S61
2025-06-13T17:23:00.223080+0800 ERROR write command L110 S61
2025-06-13T17:23:00.224590+0800 ERROR second command L110 S61
2025-06-13T17:23:00.224590+0800 ERROR finish command L110 S61
2025-06-13T17:23:00.226135+0800 ERROR readline ok

2025-06-13T17:23:00.239257+0800 ERROR SENT: L110 S61
2025-06-13T17:23:00.239257+0800 ERROR write command L110 S61
2025-06-13T17:23:00.240273+0800 ERROR second command L110 S61
2025-06-13T17:23:00.240273+0800 ERROR finish command L110 S61
2025-06-13T17:23:00.241588+0800 ERROR readline ok

2025-06-13T17:23:00.254825+0800 ERROR SENT: L110 S61
2025-06-13T17:23:00.254825+0800 ERROR write command L110 S61
2025-06-13T17:23:00.254825+0800 ERROR second command L110 S61
2025-06-13T17:23:00.254825+0800 ERROR finish command L110 S61
2025-06-13T17:23:00.256341+0800 ERROR readline ok

2025-06-13T17:23:00.270741+0800 ERROR SENT: L110 S60
2025-06-13T17:23:00.270741+0800 ERROR write command L110 S60
2025-06-13T17:23:00.271756+0800 ERROR second command L110 S60
2025-06-13T17:23:00.272764+0800 ERROR finish command L110 S60
2025-06-13T17:23:00.272764+0800 ERROR readline ok

2025-06-13T17:23:00.286486+0800 ERROR SENT: L110 S60
2025-06-13T17:23:00.286998+0800 ERROR write command L110 S60
2025-06-13T17:23:00.286998+0800 ERROR second command L110 S60
2025-06-13T17:23:00.286998+0800 ERROR finish command L110 S60
2025-06-13T17:23:00.288014+0800 ERROR readline ok

2025-06-13T17:23:00.302495+0800 ERROR SENT: L110 S60
2025-06-13T17:23:00.302495+0800 ERROR write command L110 S60
2025-06-13T17:23:00.303495+0800 ERROR second command L110 S60
2025-06-13T17:23:00.303495+0800 ERROR finish command L110 S60
2025-06-13T17:23:00.304493+0800 ERROR readline ok

2025-06-13T17:23:00.317737+0800 ERROR SENT: M105

2025-06-13T17:23:00.317737+0800 ERROR write command M105

2025-06-13T17:23:00.319253+0800 ERROR second command M105

2025-06-13T17:23:00.319253+0800 ERROR finish command M105

2025-06-13T17:23:00.320269+0800 ERROR readline ok

2025-06-13T17:23:00.325331+0800 ERROR readline  T:45.4241 /10 B:41.9625 /10 @:0 B@:0 VER: 1.3.2

2025-06-13T17:23:00.333410+0800 ERROR SENT: M105

2025-06-13T17:23:00.333410+0800 ERROR write command M105

2025-06-13T17:23:00.334410+0800 ERROR second command M105

2025-06-13T17:23:00.334933+0800 ERROR finish command M105

2025-06-13T17:23:00.336582+0800 ERROR readline ok

2025-06-13T17:23:00.341141+0800 ERROR readline  T:45.4241 /10 B:41.9625 /10 @:0 B@:0 VER: 1.3.2

2025-06-13T17:23:00.348221+0800 ERROR SENT: N9 G92 E0*78
2025-06-13T17:23:00.348221+0800 ERROR write command N9 G92 E0*78
2025-06-13T17:23:00.349252+0800 ERROR second command N9 G92 E0*78
2025-06-13T17:23:00.349252+0800 ERROR finish command N9 G92 E0*78
2025-06-13T17:23:00.355244+0800 ERROR readline X:0.0000 Y:0.0000 Z:15.0000 E:0.0000 Count X:0 Y:0 Z:1005 STA: 5251834

2025-06-13T17:23:00.357379+0800 ERROR readline 

2025-06-13T17:23:00.358377+0800 ERROR readline ok

2025-06-13T17:23:00.364434+0800 ERROR SENT: N10 G1 F200 E3*27
2025-06-13T17:23:00.364434+0800 ERROR write command N10 G1 F200 E3*27
2025-06-13T17:23:00.365448+0800 ERROR second command N10 G1 F200 E3*27
2025-06-13T17:23:00.367520+0800 ERROR finish command N10 G1 F200 E3*27
2025-06-13T17:23:00.370084+0800 ERROR readline echo: cold extrusion prevented

2025-06-13T17:23:00.371066+0800 ERROR readline ok

2025-06-13T17:23:00.380877+0800 ERROR SENT: N11 G92 E0*119
2025-06-13T17:23:00.380877+0800 ERROR write command N11 G92 E0*119
2025-06-13T17:23:00.380877+0800 ERROR second command N11 G92 E0*119
2025-06-13T17:23:00.382087+0800 ERROR finish command N11 G92 E0*119
2025-06-13T17:23:00.387463+0800 ERROR readline X:0.0000 Y:0.0000 Z:15.0000 E:0.0000 Count X:0 Y:0 Z:1329 STA: 5251834

2025-06-13T17:23:00.388467+0800 ERROR readline 

2025-06-13T17:23:00.389479+0800 ERROR readline ok

2025-06-13T17:23:00.396509+0800 ERROR SENT: N12 G92 E0*116
2025-06-13T17:23:00.397023+0800 ERROR write command N12 G92 E0*116
2025-06-13T17:23:00.398040+0800 ERROR second command N12 G92 E0*116
2025-06-13T17:23:00.398040+0800 ERROR finish command N12 G92 E0*116
2025-06-13T17:23:00.404388+0800 ERROR readline X:0.0000 Y:0.0000 Z:15.0000 E:0.0000 Count X:0 Y:0 Z:1488 STA: 5251834

2025-06-13T17:23:00.404388+0800 ERROR readline 

2025-06-13T17:23:00.405903+0800 ERROR readline ok

2025-06-13T17:23:00.412471+0800 ERROR SENT: N13 G92 E0*117
2025-06-13T17:23:00.412471+0800 ERROR write command N13 G92 E0*117
2025-06-13T17:23:00.413468+0800 ERROR second command N13 G92 E0*117
2025-06-13T17:23:00.414466+0800 ERROR finish command N13 G92 E0*117
2025-06-13T17:23:00.421861+0800 ERROR readline X:0.0000 Y:0.0000 Z:15.0000 E:0.0000 Count X:0 Y:0 Z:1649 STA: 5251834

2025-06-13T17:23:00.422875+0800 ERROR readline 

2025-06-13T17:23:00.426520+0800 ERROR readline ok

2025-06-13T17:23:00.443457+0800 ERROR SENT: N14 G1 F3600 E-2.5*31
2025-06-13T17:23:00.444456+0800 ERROR write command N14 G1 F3600 E-2.5*31
2025-06-13T17:23:00.444969+0800 ERROR second command N14 G1 F3600 E-2.5*31
2025-06-13T17:23:00.447518+0800 ERROR finish command N14 G1 F3600 E-2.5*31
2025-06-13T17:23:00.451057+0800 ERROR readline echo: cold extrusion prevented

2025-06-13T17:23:00.452092+0800 ERROR readline ok

2025-06-13T17:23:00.459578+0800 ERROR SENT: N15 M107*17
2025-06-13T17:23:00.460635+0800 ERROR write command N15 M107*17
2025-06-13T17:23:00.461631+0800 ERROR second command N15 M107*17
2025-06-13T17:23:00.462630+0800 ERROR finish command N15 M107*17
2025-06-13T17:23:00.462630+0800 ERROR readline ok

2025-06-13T17:23:00.474745+0800 ERROR SENT: N16 G0 X251.98 Y253.592 Z0.2*116
2025-06-13T17:23:00.475768+0800 ERROR write command N16 G0 X251.98 Y253.592 Z0.2*116
2025-06-13T17:23:00.476766+0800 ERROR second command N16 G0 X251.98 Y253.592 Z0.2*116
2025-06-13T17:23:00.478086+0800 ERROR finish command N16 G0 X251.98 Y253.592 Z0.2*116
2025-06-13T17:23:00.479018+0800 ERROR readline ok

2025-06-13T17:23:00.490376+0800 ERROR SENT: N17 G1 F3600 E0.12473*53
2025-06-13T17:23:00.490376+0800 ERROR write command N17 G1 F3600 E0.12473*53
2025-06-13T17:23:00.491722+0800 ERROR second command N17 G1 F3600 E0.12473*53
2025-06-13T17:23:00.492743+0800 ERROR finish command N17 G1 F3600 E0.12473*53
2025-06-13T17:23:00.497840+0800 ERROR readline echo: cold extrusion prevented

2025-06-13T17:23:00.499378+0800 ERROR readline ok

2025-06-13T17:23:00.505843+0800 ERROR SENT: N18 G1 F2400 X251.98 Y195.392 E2.9601*53
2025-06-13T17:23:00.506361+0800 ERROR write command N18 G1 F2400 X251.98 Y195.392 E2.9601*53
2025-06-13T17:23:00.507384+0800 ERROR second command N18 G1 F2400 X251.98 Y195.392 E2.9601*53
2025-06-13T17:23:00.508438+0800 ERROR finish command N18 G1 F2400 X251.98 Y195.392 E2.9601*53
2025-06-13T17:23:00.512769+0800 ERROR readline echo: cold extrusion prevented

2025-06-13T17:23:00.514279+0800 ERROR readline ok

2025-06-13T17:23:00.521339+0800 ERROR SENT: N19 G1 X193.78 Y195.392 E5.79548*105
2025-06-13T17:23:00.521339+0800 ERROR write command N19 G1 X193.78 Y195.392 E5.79548*105
2025-06-13T17:23:00.522535+0800 ERROR second command N19 G1 X193.78 Y195.392 E5.79548*105
2025-06-13T17:23:00.523649+0800 ERROR finish command N19 G1 X193.78 Y195.392 E5.79548*105
2025-06-13T17:23:00.529459+0800 ERROR readline echo: cold extrusion prevented

2025-06-13T17:23:00.530496+0800 ERROR readline ok

2025-06-13T17:23:00.536519+0800 ERROR SENT: N20 G1 X193.78 Y253.592 E8.63085*110
2025-06-13T17:23:00.537031+0800 ERROR write command N20 G1 X193.78 Y253.592 E8.63085*110
2025-06-13T17:23:00.538053+0800 ERROR second command N20 G1 X193.78 Y253.592 E8.63085*110
2025-06-13T17:23:00.539048+0800 ERROR finish command N20 G1 X193.78 Y253.592 E8.63085*110
2025-06-13T17:23:00.544252+0800 ERROR readline echo: cold extrusion prevented

2025-06-13T17:23:00.545274+0800 ERROR readline ok

2025-06-13T17:23:00.551378+0800 ERROR SENT: N21 G1 X251.98 Y253.592 E11.46623*89
2025-06-13T17:23:00.551378+0800 ERROR write command N21 G1 X251.98 Y253.592 E11.46623*89
2025-06-13T17:23:00.552368+0800 ERROR second command N21 G1 X251.98 Y253.592 E11.46623*89
2025-06-13T17:23:00.553370+0800 ERROR finish command N21 G1 X251.98 Y253.592 E11.46623*89
2025-06-13T17:23:00.557496+0800 ERROR readline echo: cold extrusion prevented

2025-06-13T17:23:00.559018+0800 ERROR readline ok

2025-06-13T17:23:00.567107+0800 ERROR SENT: N22 G0 F3600 X252.58 Y254.192*74
2025-06-13T17:23:00.567107+0800 ERROR write command N22 G0 F3600 X252.58 Y254.192*74
2025-06-13T17:23:00.567107+0800 ERROR second command N22 G0 F3600 X252.58 Y254.192*74
2025-06-13T17:23:00.568452+0800 ERROR finish command N22 G0 F3600 X252.58 Y254.192*74
2025-06-13T17:23:00.815678+0800 ERROR empty readline 0
2025-06-13T17:23:00.941460+0800 ERROR readline X:251.9800 Y:253.5920 Z:0.2000 E:11.4662 Count X:88193 Y:88757 Z:400 STA: 5251834

2025-06-13T17:23:00.942482+0800 ERROR readline 

2025-06-13T17:23:01.204359+0800 ERROR empty readline 0
2025-06-13T17:23:01.329232+0800 INFO M105

2025-06-13T17:23:01.471047+0800 ERROR empty readline 1
2025-06-13T17:23:01.723534+0800 ERROR empty readline 2
2025-06-13T17:23:01.940962+0800 ERROR readline X:251.9800 Y:253.5920 Z:0.2000 E:11.4662 Count X:88193 Y:88757 Z:400 STA: 5251834

2025-06-13T17:23:01.941994+0800 ERROR readline 

2025-06-13T17:23:02.207056+0800 ERROR empty readline 0
2025-06-13T17:23:02.470940+0800 ERROR empty readline 1
2025-06-13T17:23:02.567865+0800 ERROR readline echo:busy: processing

2025-06-13T17:23:02.828487+0800 ERROR empty readline 0
2025-06-13T17:23:02.940306+0800 ERROR readline X:251.9800 Y:253.5920 Z:0.2000 E:11.4662 Count X:88193 Y:88757 Z:400 STA: 5251834

2025-06-13T17:23:02.943305+0800 ERROR readline 

2025-06-13T17:23:03.206084+0800 ERROR empty readline 0
2025-06-13T17:23:03.266395+0800 ERROR readline ok

2025-06-13T17:23:03.268407+0800 ERROR SENT: M105

2025-06-13T17:23:03.269408+0800 ERROR write command M105

2025-06-13T17:23:03.269916+0800 ERROR second command M105

2025-06-13T17:23:03.270929+0800 ERROR finish command M105

2025-06-13T17:23:03.270929+0800 ERROR readline ok

2025-06-13T17:23:03.276969+0800 ERROR readline  T:45.2009 /10 B:41.7750 /10 @:0 B@:0 VER: 1.3.2

2025-06-13T17:23:03.284529+0800 ERROR SENT: N23 G1 F2400 X252.58 Y194.792 E14.36006*61
2025-06-13T17:23:03.284529+0800 ERROR write command N23 G1 F2400 X252.58 Y194.792 E14.36006*61
2025-06-13T17:23:03.286042+0800 ERROR second command N23 G1 F2400 X252.58 Y194.792 E14.36006*61
2025-06-13T17:23:03.287056+0800 ERROR finish command N23 G1 F2400 X252.58 Y194.792 E14.36006*61
2025-06-13T17:23:03.291577+0800 ERROR readline echo: cold extrusion prevented

2025-06-13T17:23:03.292586+0800 ERROR readline ok

2025-06-13T17:23:03.299642+0800 ERROR SENT: N24 G1 X193.18 Y194.792 E17.2539*109
2025-06-13T17:23:03.300656+0800 ERROR write command N24 G1 X193.18 Y194.792 E17.2539*109
2025-06-13T17:23:03.300656+0800 ERROR second command N24 G1 X193.18 Y194.792 E17.2539*109
2025-06-13T17:23:03.301654+0800 ERROR finish command N24 G1 X193.18 Y194.792 E17.2539*109
2025-06-13T17:23:03.307351+0800 ERROR readline echo: cold extrusion prevented

2025-06-13T17:23:03.309363+0800 ERROR readline ok

2025-06-13T17:23:03.315421+0800 ERROR SENT: N25 G1 X193.18 Y254.192 E20.14773*90
2025-06-13T17:23:03.315421+0800 ERROR write command N25 G1 X193.18 Y254.192 E20.14773*90
2025-06-13T17:23:03.316929+0800 ERROR second command N25 G1 X193.18 Y254.192 E20.14773*90
2025-06-13T17:23:03.317941+0800 ERROR finish command N25 G1 X193.18 Y254.192 E20.14773*90
2025-06-13T17:23:03.322474+0800 ERROR readline echo: cold extrusion prevented

2025-06-13T17:23:03.579456+0800 ERROR empty readline 0
2025-06-13T17:23:03.842102+0800 ERROR empty readline 1
2025-06-13T17:23:03.941440+0800 ERROR readline X:193.1800 Y:194.7920 Z:0.2000 E:20.1477 Count X:67613 Y:68177 Z:400 STA: 5251839

2025-06-13T17:23:03.942450+0800 ERROR readline 

2025-06-13T17:23:04.200440+0800 ERROR empty readline 0
2025-06-13T17:23:04.462843+0800 ERROR empty readline 1
2025-06-13T17:23:04.715193+0800 ERROR empty readline 2
2025-06-13T17:23:04.941101+0800 ERROR readline X:193.1800 Y:194.7920 Z:0.2000 E:20.1477 Count X:67613 Y:68177 Z:400 STA: 5251839

2025-06-13T17:23:04.942118+0800 ERROR readline 

2025-06-13T17:23:05.195367+0800 ERROR empty readline 0
2025-06-13T17:23:05.317815+0800 ERROR readline echo:busy: processing

2025-06-13T17:23:05.580466+0800 ERROR empty readline 0
2025-06-13T17:23:05.831331+0800 ERROR empty readline 1
2025-06-13T17:23:05.941915+0800 ERROR readline X:193.1800 Y:194.7920 Z:0.2000 E:20.1477 Count X:67613 Y:68177 Z:400 STA: 5251839

2025-06-13T17:23:05.942915+0800 ERROR readline 

2025-06-13T17:23:06.208236+0800 ERROR empty readline 0
2025-06-13T17:23:06.473012+0800 ERROR empty readline 1
2025-06-13T17:23:06.737331+0800 ERROR empty readline 2
2025-06-13T17:23:06.942725+0800 ERROR readline X:193.1800 Y:194.7920 Z:0.2000 E:20.1477 Count X:67613 Y:68177 Z:400 STA: 5251839

2025-06-13T17:23:06.945267+0800 ERROR readline 

2025-06-13T17:23:07.205962+0800 ERROR empty readline 0
2025-06-13T17:23:07.317245+0800 ERROR readline echo:busy: processing

2025-06-13T17:23:07.579006+0800 ERROR empty readline 0
2025-06-13T17:23:07.845828+0800 ERROR empty readline 1
2025-06-13T17:23:07.942018+0800 ERROR readline X:193.1800 Y:194.7920 Z:0.2000 E:20.1477 Count X:67613 Y:68177 Z:400 STA: 5251839

2025-06-13T17:23:07.943017+0800 ERROR readline 

2025-06-13T17:23:08.203243+0800 ERROR empty readline 0
2025-06-13T17:23:08.468346+0800 ERROR empty readline 1
2025-06-13T17:23:08.733328+0800 ERROR empty readline 2
2025-06-13T17:23:08.942488+0800 ERROR readline X:193.1800 Y:194.7920 Z:0.2000 E:20.1477 Count X:67613 Y:68177 Z:400 STA: 5251839

2025-06-13T17:23:08.943486+0800 ERROR readline 

2025-06-13T17:23:09.204227+0800 ERROR empty readline 0
2025-06-13T17:23:09.266648+0800 ERROR readline ok

2025-06-13T17:23:09.268671+0800 ERROR SENT: N26 G1 X252.58 Y254.192 E23.04157*81
2025-06-13T17:23:09.268671+0800 ERROR write command N26 G1 X252.58 Y254.192 E23.04157*81
2025-06-13T17:23:09.269668+0800 ERROR second command N26 G1 X252.58 Y254.192 E23.04157*81
2025-06-13T17:23:09.270182+0800 ERROR finish command N26 G1 X252.58 Y254.192 E23.04157*81
2025-06-13T17:23:09.276263+0800 ERROR readline echo: cold extrusion prevented

2025-06-13T17:23:09.527193+0800 ERROR empty readline 0
2025-06-13T17:23:09.792913+0800 ERROR empty readline 1
2025-06-13T17:23:09.939185+0800 ERROR readline X:193.1800 Y:254.1920 Z:0.2000 E:23.0416 Count X:67613 Y:88967 Z:400 STA: 5251839

2025-06-13T17:23:09.939185+0800 ERROR readline 

2025-06-13T17:23:10.197966+0800 ERROR empty readline 0
2025-06-13T17:23:10.450172+0800 ERROR empty readline 1
2025-06-13T17:23:10.699002+0800 INFO M105

2025-06-13T17:23:10.714324+0800 ERROR empty readline 2
2025-06-13T17:23:10.728122+0800 ERROR readline ok

2025-06-13T17:23:10.730580+0800 ERROR SENT: M105

2025-06-13T17:23:10.730580+0800 ERROR write command M105

2025-06-13T17:23:10.731590+0800 ERROR second command M105

2025-06-13T17:23:10.731590+0800 ERROR finish command M105

2025-06-13T17:23:10.732633+0800 ERROR readline ok

2025-06-13T17:23:10.736232+0800 ERROR readline  T:45.2009 /10 B:41.8688 /10 @:0 B@:0 VER: 1.3.2

2025-06-13T17:23:10.746516+0800 ERROR SENT: N27 G0 F3600 X252.58 Y253.892*65
2025-06-13T17:23:10.747026+0800 ERROR write command N27 G0 F3600 X252.58 Y253.892*65
2025-06-13T17:23:10.747538+0800 ERROR second command N27 G0 F3600 X252.58 Y253.892*65
2025-06-13T17:23:10.747538+0800 ERROR finish command N27 G0 F3600 X252.58 Y253.892*65
2025-06-13T17:23:10.750068+0800 ERROR readline ok

2025-06-13T17:23:10.762591+0800 ERROR SENT: N28 G0 X251.602 Y253.212*21
2025-06-13T17:23:10.762591+0800 ERROR write command N28 G0 X251.602 Y253.212*21
2025-06-13T17:23:10.762591+0800 ERROR second command N28 G0 X251.602 Y253.212*21
2025-06-13T17:23:10.763591+0800 ERROR finish command N28 G0 X251.602 Y253.212*21
2025-06-13T17:23:10.939155+0800 ERROR readline X:252.5800 Y:253.8920 Z:0.2000 E:23.0416 Count X:88403 Y:88862 Z:400 STA: 5251839

2025-06-13T17:23:10.940169+0800 ERROR readline 

2025-06-13T17:23:11.201770+0800 ERROR empty readline 0
2025-06-13T17:23:11.465168+0800 ERROR empty readline 1
2025-06-13T17:23:11.730097+0800 ERROR empty readline 2
2025-06-13T17:23:11.940101+0800 ERROR readline X:252.5800 Y:253.8920 Z:0.2000 E:23.0416 Count X:88403 Y:88862 Z:400 STA: 5251839

2025-06-13T17:23:11.941130+0800 ERROR readline 

2025-06-13T17:23:12.187810+0800 ERROR readline ok

2025-06-13T17:23:12.200383+0800 ERROR SENT: N29 G0 X251.408 Y253.02*47
2025-06-13T17:23:12.200383+0800 ERROR write command N29 G0 X251.408 Y253.02*47
2025-06-13T17:23:12.201605+0800 ERROR second command N29 G0 X251.408 Y253.02*47
2025-06-13T17:23:12.201605+0800 ERROR finish command N29 G0 X251.408 Y253.02*47
2025-06-13T17:23:12.202627+0800 ERROR readline ok

2025-06-13T17:23:12.215922+0800 ERROR SENT: N30 G1 F2400 X194.348 Y253.02 E26.03064*49
2025-06-13T17:23:12.216936+0800 ERROR write command N30 G1 F2400 X194.348 Y253.02 E26.03064*49
2025-06-13T17:23:12.216936+0800 ERROR second command N30 G1 F2400 X194.348 Y253.02 E26.03064*49
2025-06-13T17:23:12.217937+0800 ERROR finish command N30 G1 F2400 X194.348 Y253.02 E26.03064*49
2025-06-13T17:23:12.222487+0800 ERROR readline echo: cold extrusion prevented

2025-06-13T17:23:12.482552+0800 ERROR empty readline 0
2025-06-13T17:23:12.745693+0800 ERROR empty readline 1
2025-06-13T17:23:12.940479+0800 ERROR readline X:251.4080 Y:253.0200 Z:0.2000 E:26.0306 Count X:87993 Y:88557 Z:400 STA: 5251839

2025-06-13T17:23:12.941483+0800 ERROR readline 

2025-06-13T17:23:13.197800+0800 ERROR empty readline 0
2025-06-13T17:23:13.461014+0800 ERROR empty readline 1
2025-06-13T17:23:13.647950+0800 ERROR readline ok

2025-06-13T17:23:13.649483+0800 ERROR SENT: N31 G1 X194.348 Y195.96 E29.01971*84
2025-06-13T17:23:13.649483+0800 ERROR write command N31 G1 X194.348 Y195.96 E29.01971*84
2025-06-13T17:23:13.650809+0800 ERROR second command N31 G1 X194.348 Y195.96 E29.01971*84
2025-06-13T17:23:13.652222+0800 ERROR finish command N31 G1 X194.348 Y195.96 E29.01971*84
2025-06-13T17:23:13.664305+0800 ERROR readline echo: cold extrusion prevented

2025-06-13T17:23:13.928313+0800 ERROR empty readline 0
2025-06-13T17:23:13.940075+0800 ERROR readline X:194.3480 Y:253.0200 Z:0.2000 E:29.0197 Count X:68022 Y:88557 Z:400 STA: 5251839

2025-06-13T17:23:13.942369+0800 ERROR readline 

2025-06-13T17:23:14.207910+0800 ERROR empty readline 0
2025-06-13T17:23:14.472881+0800 ERROR empty readline 1
2025-06-13T17:23:14.737461+0800 ERROR empty readline 2
2025-06-13T17:23:14.940570+0800 ERROR readline X:194.3480 Y:253.0200 Z:0.2000 E:29.0197 Count X:68022 Y:88557 Z:400 STA: 5251839

2025-06-13T17:23:14.941566+0800 ERROR readline 

2025-06-13T17:23:15.126456+0800 ERROR readline ok

2025-06-13T17:23:15.127797+0800 ERROR SENT: N32 G1 X251.408 Y195.96 E32.00879*92
2025-06-13T17:23:15.129328+0800 ERROR write command N32 G1 X251.408 Y195.96 E32.00879*92
2025-06-13T17:23:15.129328+0800 ERROR second command N32 G1 X251.408 Y195.96 E32.00879*92
2025-06-13T17:23:15.131344+0800 ERROR finish command N32 G1 X251.408 Y195.96 E32.00879*92
2025-06-13T17:23:15.136440+0800 ERROR readline echo: cold extrusion prevented

2025-06-13T17:23:15.392679+0800 ERROR empty readline 0
2025-06-13T17:23:15.655996+0800 ERROR empty readline 1
2025-06-13T17:23:15.907208+0800 ERROR empty readline 2
2025-06-13T17:23:15.941284+0800 ERROR readline X:194.3480 Y:195.9600 Z:0.2000 E:32.0088 Count X:68022 Y:68586 Z:400 STA: 5251839

2025-06-13T17:23:15.942315+0800 ERROR readline 

2025-06-13T17:23:16.203314+0800 ERROR empty readline 0
2025-06-13T17:23:16.470034+0800 ERROR empty readline 1
2025-06-13T17:23:16.617100+0800 ERROR readline ok

2025-06-13T17:23:16.626311+0800 ERROR SENT: N33 G1 X251.408 Y253.02 E34.99786*80
2025-06-13T17:23:16.626311+0800 ERROR write command N33 G1 X251.408 Y253.02 E34.99786*80
2025-06-13T17:23:16.627650+0800 ERROR second command N33 G1 X251.408 Y253.02 E34.99786*80
2025-06-13T17:23:16.628554+0800 ERROR finish command N33 G1 X251.408 Y253.02 E34.99786*80
2025-06-13T17:23:16.631622+0800 ERROR readline echo: cold extrusion prevented

2025-06-13T17:23:16.890526+0800 ERROR empty readline 0
2025-06-13T17:23:16.939214+0800 ERROR readline X:251.4080 Y:195.9600 Z:0.2000 E:34.9979 Count X:87993 Y:68586 Z:400 STA: 5251839

2025-06-13T17:23:16.940232+0800 ERROR readline 

2025-06-13T17:23:17.202281+0800 ERROR empty readline 0
2025-06-13T17:23:17.467982+0800 ERROR empty readline 1
2025-06-13T17:23:17.732957+0800 ERROR empty readline 2
2025-06-13T17:23:17.940226+0800 ERROR readline X:251.4080 Y:195.9600 Z:0.2000 E:34.9979 Count X:87993 Y:68586 Z:400 STA: 5251839

2025-06-13T17:23:17.942234+0800 ERROR readline 

2025-06-13T17:23:18.107382+0800 ERROR readline ok

2025-06-13T17:23:18.109383+0800 ERROR SENT: N34 G0 F3600 X251.108 Y196.802*119
2025-06-13T17:23:18.110622+0800 ERROR write command N34 G0 F3600 X251.108 Y196.802*119
2025-06-13T17:23:18.112142+0800 ERROR second command N34 G0 F3600 X251.108 Y196.802*119
2025-06-13T17:23:18.112656+0800 ERROR finish command N34 G0 F3600 X251.108 Y196.802*119
2025-06-13T17:23:18.114509+0800 ERROR readline ok

2025-06-13T17:23:18.123431+0800 ERROR SENT: N35 G1 F2400 X250.566 Y196.26 E35.03801*48
2025-06-13T17:23:18.123431+0800 ERROR write command N35 G1 F2400 X250.566 Y196.26 E35.03801*48
2025-06-13T17:23:18.124428+0800 ERROR second command N35 G1 F2400 X250.566 Y196.26 E35.03801*48
2025-06-13T17:23:18.124939+0800 ERROR finish command N35 G1 F2400 X250.566 Y196.26 E35.03801*48
2025-06-13T17:23:18.128472+0800 ERROR readline echo: cold extrusion prevented

2025-06-13T17:23:18.390888+0800 ERROR empty readline 0
2025-06-13T17:23:18.653272+0800 ERROR empty readline 1
2025-06-13T17:23:18.920389+0800 ERROR empty readline 2
2025-06-13T17:23:18.940329+0800 ERROR readline X:251.1080 Y:196.8020 Z:0.2000 E:35.0380 Count X:87888 Y:68881 Z:400 STA: 5251839

2025-06-13T17:23:18.944405+0800 ERROR readline 

2025-06-13T17:23:19.202944+0800 ERROR empty readline 0
2025-06-13T17:23:19.468119+0800 ERROR empty readline 1
2025-06-13T17:23:19.597838+0800 ERROR readline ok

2025-06-13T17:23:19.607733+0800 ERROR SENT: N36 G0 F3600 X249.718 Y196.26*69
2025-06-13T17:23:19.607733+0800 ERROR write command N36 G0 F3600 X249.718 Y196.26*69
2025-06-13T17:23:19.607733+0800 ERROR second command N36 G0 F3600 X249.718 Y196.26*69
2025-06-13T17:23:19.609261+0800 ERROR finish command N36 G0 F3600 X249.718 Y196.26*69
2025-06-13T17:23:19.856373+0800 ERROR empty readline 0
2025-06-13T17:23:19.939229+0800 ERROR readline X:250.5660 Y:196.2600 Z:0.2000 E:35.0380 Count X:87698 Y:68691 Z:400 STA: 5251839

2025-06-13T17:23:19.942255+0800 ERROR readline 

2025-06-13T17:23:20.072410+0800 INFO M105

2025-06-13T17:23:20.197240+0800 ERROR empty readline 0
2025-06-13T17:23:20.461436+0800 ERROR empty readline 1
2025-06-13T17:23:20.726580+0800 ERROR empty readline 2
2025-06-13T17:23:20.939375+0800 ERROR readline X:250.5660 Y:196.2600 Z:0.2000 E:35.0380 Count X:87698 Y:68691 Z:400 STA: 5251839

2025-06-13T17:23:20.940390+0800 ERROR readline 

2025-06-13T17:23:21.086470+0800 ERROR readline ok

2025-06-13T17:23:21.089992+0800 ERROR SENT: M105

2025-06-13T17:23:21.091003+0800 ERROR write command M105

2025-06-13T17:23:21.092011+0800 ERROR second command M105

2025-06-13T17:23:21.092011+0800 ERROR finish command M105

2025-06-13T17:23:21.093011+0800 ERROR readline ok

2025-06-13T17:23:21.096036+0800 ERROR readline  T:44.5313 /10 B:41.7375 /10 @:0 B@:0 VER: 1.3.2

2025-06-13T17:23:21.105603+0800 ERROR SENT: N37 G1 F2400 X251.108 Y197.65 E35.14099*54
2025-06-13T17:23:21.105603+0800 ERROR write command N37 G1 F2400 X251.108 Y197.65 E35.14099*54
2025-06-13T17:23:21.108121+0800 ERROR second command N37 G1 F2400 X251.108 Y197.65 E35.14099*54
2025-06-13T17:23:21.109120+0800 ERROR finish command N37 G1 F2400 X251.108 Y197.65 E35.14099*54
2025-06-13T17:23:21.110635+0800 ERROR readline echo: cold extrusion prevented

2025-06-13T17:23:21.119175+0800 ERROR readline ok

2025-06-13T17:23:21.121708+0800 ERROR SENT: N38 G0 F3600 X251.108 Y198.499*123
2025-06-13T17:23:21.121708+0800 ERROR write command N38 G0 F3600 X251.108 Y198.499*123
2025-06-13T17:23:21.122716+0800 ERROR second command N38 G0 F3600 X251.108 Y198.499*123
2025-06-13T17:23:21.122716+0800 ERROR finish command N38 G0 F3600 X251.108 Y198.499*123
2025-06-13T17:23:21.125239+0800 ERROR readline ok

2025-06-13T17:23:21.138307+0800 ERROR SENT: N39 G1 F2400 X248.869 Y196.26 E35.30686*54
2025-06-13T17:23:21.138307+0800 ERROR write command N39 G1 F2400 X248.869 Y196.26 E35.30686*54
2025-06-13T17:23:21.139817+0800 ERROR second command N39 G1 F2400 X248.869 Y196.26 E35.30686*54
2025-06-13T17:23:21.139817+0800 ERROR finish command N39 G1 F2400 X248.869 Y196.26 E35.30686*54
2025-06-13T17:23:21.144343+0800 ERROR readline echo: cold extrusion prevented

2025-06-13T17:23:21.404470+0800 ERROR empty readline 0
2025-06-13T17:23:21.669330+0800 ERROR empty readline 1
2025-06-13T17:23:21.934591+0800 ERROR empty readline 2
2025-06-13T17:23:21.940622+0800 ERROR readline X:251.1080 Y:198.4990 Z:0.2000 E:35.3069 Count X:87888 Y:69475 Z:400 STA: 5251839

2025-06-13T17:23:21.941640+0800 ERROR readline 

2025-06-13T17:23:22.199614+0800 ERROR empty readline 0
2025-06-13T17:23:22.450231+0800 ERROR empty readline 1
2025-06-13T17:23:22.556575+0800 ERROR readline ok

2025-06-13T17:23:22.559074+0800 ERROR SENT: N40 G0 F3600 X248.021 Y196.26*72
2025-06-13T17:23:22.559585+0800 ERROR write command N40 G0 F3600 X248.021 Y196.26*72
2025-06-13T17:23:22.560617+0800 ERROR second command N40 G0 F3600 X248.021 Y196.26*72
2025-06-13T17:23:22.561734+0800 ERROR finish command N40 G0 F3600 X248.021 Y196.26*72
2025-06-13T17:23:22.562766+0800 ERROR readline ok

2025-06-13T17:23:22.574340+0800 ERROR SENT: N41 G1 F2400 X251.108 Y199.348 E35.53559*15
2025-06-13T17:23:22.574853+0800 ERROR write command N41 G1 F2400 X251.108 Y199.348 E35.53559*15
2025-06-13T17:23:22.575599+0800 ERROR second command N41 G1 F2400 X251.108 Y199.348 E35.53559*15
2025-06-13T17:23:22.575599+0800 ERROR finish command N41 G1 F2400 X251.108 Y199.348 E35.53559*15
2025-06-13T17:23:22.580184+0800 ERROR readline echo: cold extrusion prevented

2025-06-13T17:23:22.840452+0800 ERROR empty readline 0
2025-06-13T17:23:22.937509+0800 ERROR readline X:248.0210 Y:196.2600 Z:0.2000 E:35.5356 Count X:86807 Y:68691 Z:400 STA: 5251839

2025-06-13T17:23:22.939436+0800 ERROR readline 

2025-06-13T17:23:23.198074+0800 ERROR empty readline 0
2025-06-13T17:23:23.451101+0800 ERROR empty readline 1
2025-06-13T17:23:23.714367+0800 ERROR empty readline 2
2025-06-13T17:23:23.937606+0800 ERROR readline X:248.0210 Y:196.2600 Z:0.2000 E:35.5356 Count X:86807 Y:68691 Z:400 STA: 5251839

2025-06-13T17:23:23.939128+0800 ERROR readline 

2025-06-13T17:23:23.986874+0800 ERROR readline ok

2025-06-13T17:23:23.990647+0800 ERROR SENT: N42 G0 F3600 X251.108 Y200.196*126
2025-06-13T17:23:23.990647+0800 ERROR write command N42 G0 F3600 X251.108 Y200.196*126
2025-06-13T17:23:23.991617+0800 ERROR second command N42 G0 F3600 X251.108 Y200.196*126
2025-06-13T17:23:23.991617+0800 ERROR finish command N42 G0 F3600 X251.108 Y200.196*126
2025-06-13T17:23:24.242911+0800 ERROR empty readline 0
2025-06-13T17:23:24.495365+0800 ERROR empty readline 1
2025-06-13T17:23:24.760064+0800 ERROR empty readline 2
2025-06-13T17:23:24.937650+0800 ERROR readline X:251.1080 Y:199.3480 Z:0.2000 E:35.5356 Count X:87888 Y:69772 Z:400 STA: 5251839

2025-06-13T17:23:24.939174+0800 ERROR readline 

2025-06-13T17:23:25.196255+0800 ERROR empty readline 0
2025-06-13T17:23:25.419214+0800 ERROR readline ok

2025-06-13T17:23:25.429208+0800 ERROR SENT: N43 G1 F2400 X247.172 Y196.26 E35.82718*56
2025-06-13T17:23:25.429208+0800 ERROR write command N43 G1 F2400 X247.172 Y196.26 E35.82718*56
2025-06-13T17:23:25.430277+0800 ERROR second command N43 G1 F2400 X247.172 Y196.26 E35.82718*56
2025-06-13T17:23:25.431608+0800 ERROR finish command N43 G1 F2400 X247.172 Y196.26 E35.82718*56
2025-06-13T17:23:25.435215+0800 ERROR readline echo: cold extrusion prevented

2025-06-13T17:23:25.694827+0800 ERROR empty readline 0
2025-06-13T17:23:25.936785+0800 ERROR readline X:251.1080 Y:200.1960 Z:0.2000 E:35.8272 Count X:87888 Y:70069 Z:400 STA: 5251839

2025-06-13T17:23:25.938296+0800 ERROR readline 

2025-06-13T17:23:26.191771+0800 ERROR empty readline 0
2025-06-13T17:23:26.454107+0800 ERROR empty readline 1
2025-06-13T17:23:26.716584+0800 ERROR empty readline 2
2025-06-13T17:23:26.850127+0800 ERROR readline ok

2025-06-13T17:23:26.857622+0800 ERROR SENT: N44 G0 F3600 X246.323 Y196.26*67
2025-06-13T17:23:26.857622+0800 ERROR write command N44 G0 F3600 X246.323 Y196.26*67
2025-06-13T17:23:26.859019+0800 ERROR second command N44 G0 F3600 X246.323 Y196.26*67
2025-06-13T17:23:26.859019+0800 ERROR finish command N44 G0 F3600 X246.323 Y196.26*67
2025-06-13T17:23:26.938429+0800 ERROR readline X:247.1720 Y:196.2600 Z:0.2000 E:35.8272 Count X:86510 Y:68691 Z:400 STA: 5251839

2025-06-13T17:23:26.939455+0800 ERROR readline 

2025-06-13T17:23:27.200450+0800 ERROR empty readline 0
2025-06-13T17:23:27.461861+0800 ERROR empty readline 1
2025-06-13T17:23:27.724205+0800 ERROR empty readline 2
2025-06-13T17:23:27.811822+0800 ERROR readline ok

2025-06-13T17:23:27.816896+0800 ERROR SENT: N45 G1 F2400 X251.108 Y201.045 E36.18167*2
2025-06-13T17:23:27.817894+0800 ERROR write command N45 G1 F2400 X251.108 Y201.045 E36.18167*2
2025-06-13T17:23:27.817894+0800 ERROR second command N45 G1 F2400 X251.108 Y201.045 E36.18167*2
2025-06-13T17:23:27.819416+0800 ERROR finish command N45 G1 F2400 X251.108 Y201.045 E36.18167*2
2025-06-13T17:23:27.824438+0800 ERROR readline echo: cold extrusion prevented

2025-06-13T17:23:27.831797+0800 ERROR readline ok

2025-06-13T17:23:27.832814+0800 ERROR SENT: N46 G0 F3600 X251.108 Y201.893*119
2025-06-13T17:23:27.834325+0800 ERROR write command N46 G0 F3600 X251.108 Y201.893*119
2025-06-13T17:23:27.835344+0800 ERROR second command N46 G0 F3600 X251.108 Y201.893*119
2025-06-13T17:23:27.835344+0800 ERROR finish command N46 G0 F3600 X251.108 Y201.893*119
2025-06-13T17:23:27.851251+0800 ERROR readline ok

2025-06-13T17:23:27.864775+0800 ERROR SENT: N47 G1 F2400 X245.475 Y196.26 E36.59898*62
2025-06-13T17:23:27.864775+0800 ERROR write command N47 G1 F2400 X245.475 Y196.26 E36.59898*62
2025-06-13T17:23:27.865488+0800 ERROR second command N47 G1 F2400 X245.475 Y196.26 E36.59898*62
2025-06-13T17:23:27.866528+0800 ERROR finish command N47 G1 F2400 X245.475 Y196.26 E36.59898*62
2025-06-13T17:23:27.869104+0800 ERROR readline echo: cold extrusion prevented

2025-06-13T17:23:27.904851+0800 ERROR readline ok

2025-06-13T17:23:27.911115+0800 ERROR SENT: N48 G0 F3600 X244.626 Y196.26*77
2025-06-13T17:23:27.911115+0800 ERROR write command N48 G0 F3600 X244.626 Y196.26*77
2025-06-13T17:23:27.912454+0800 ERROR second command N48 G0 F3600 X244.626 Y196.26*77
2025-06-13T17:23:27.913470+0800 ERROR finish command N48 G0 F3600 X244.626 Y196.26*77
2025-06-13T17:23:27.924130+0800 ERROR readline ok

2025-06-13T17:23:27.927195+0800 ERROR SENT: N49 G1 F2400 X251.108 Y202.742 E37.07919*3
2025-06-13T17:23:27.927195+0800 ERROR write command N49 G1 F2400 X251.108 Y202.742 E37.07919*3
2025-06-13T17:23:27.928214+0800 ERROR second command N49 G1 F2400 X251.108 Y202.742 E37.07919*3
2025-06-13T17:23:27.929198+0800 ERROR finish command N49 G1 F2400 X251.108 Y202.742 E37.07919*3
2025-06-13T17:23:27.931899+0800 ERROR readline echo: cold extrusion prevented

2025-06-13T17:23:27.938493+0800 ERROR readline X:244.6260 Y:196.2600 Z:0.2000 E:37.0792 Count X:85619 Y:68691 Z:400 STA: 5251839

2025-06-13T17:23:27.938493+0800 ERROR readline 

2025-06-13T17:23:28.007907+0800 ERROR readline ok

2025-06-13T17:23:28.021082+0800 ERROR SENT: N50 G0 F3600 X251.108 Y203.59*76
2025-06-13T17:23:28.022075+0800 ERROR write command N50 G0 F3600 X251.108 Y203.59*76
2025-06-13T17:23:28.023084+0800 ERROR second command N50 G0 F3600 X251.108 Y203.59*76
2025-06-13T17:23:28.023084+0800 ERROR finish command N50 G0 F3600 X251.108 Y203.59*76
2025-06-13T17:23:28.027578+0800 ERROR readline ok

2025-06-13T17:23:28.036231+0800 ERROR SENT: N51 G1 F2400 X243.778 Y196.26 E37.62222*51
2025-06-13T17:23:28.036231+0800 ERROR write command N51 G1 F2400 X243.778 Y196.26 E37.62222*51
2025-06-13T17:23:28.037253+0800 ERROR second command N51 G1 F2400 X243.778 Y196.26 E37.62222*51
2025-06-13T17:23:28.038245+0800 ERROR finish command N51 G1 F2400 X243.778 Y196.26 E37.62222*51
2025-06-13T17:23:28.041481+0800 ERROR readline echo: cold extrusion prevented

2025-06-13T17:23:28.140505+0800 ERROR readline ok

2025-06-13T17:23:28.148251+0800 ERROR SENT: N52 G0 F3600 X242.929 Y196.26*64
2025-06-13T17:23:28.149254+0800 ERROR write command N52 G0 F3600 X242.929 Y196.26*64
2025-06-13T17:23:28.150784+0800 ERROR second command N52 G0 F3600 X242.929 Y196.26*64
2025-06-13T17:23:28.150784+0800 ERROR finish command N52 G0 F3600 X242.929 Y196.26*64
2025-06-13T17:23:28.160910+0800 ERROR readline ok

2025-06-13T17:23:28.162922+0800 ERROR SENT: N53 G1 F2400 X251.108 Y204.439 E38.22814*5
2025-06-13T17:23:28.162922+0800 ERROR write command N53 G1 F2400 X251.108 Y204.439 E38.22814*5
2025-06-13T17:23:28.164431+0800 ERROR second command N53 G1 F2400 X251.108 Y204.439 E38.22814*5
2025-06-13T17:23:28.166949+0800 ERROR finish command N53 G1 F2400 X251.108 Y204.439 E38.22814*5
2025-06-13T17:23:28.169462+0800 ERROR readline echo: cold extrusion prevented

2025-06-13T17:23:28.304478+0800 ERROR readline ok

2025-06-13T17:23:28.319048+0800 ERROR SENT: N54 G0 F3600 X251.108 Y205.287*127
2025-06-13T17:23:28.319048+0800 ERROR write command N54 G0 F3600 X251.108 Y205.287*127
2025-06-13T17:23:28.320599+0800 ERROR second command N54 G0 F3600 X251.108 Y205.287*127
2025-06-13T17:23:28.320599+0800 ERROR finish command N54 G0 F3600 X251.108 Y205.287*127
2025-06-13T17:23:28.324145+0800 ERROR readline ok

2025-06-13T17:23:28.334996+0800 ERROR SENT: N55 G1 F2400 X242.081 Y196.26 E38.89689*56
2025-06-13T17:23:28.334996+0800 ERROR write command N55 G1 F2400 X242.081 Y196.26 E38.89689*56
2025-06-13T17:23:28.336510+0800 ERROR second command N55 G1 F2400 X242.081 Y196.26 E38.89689*56
2025-06-13T17:23:28.337528+0800 ERROR finish command N55 G1 F2400 X242.081 Y196.26 E38.89689*56
2025-06-13T17:23:28.341267+0800 ERROR readline echo: cold extrusion prevented

2025-06-13T17:23:28.498370+0800 ERROR readline ok

2025-06-13T17:23:28.505474+0800 ERROR SENT: N56 G0 F3600 X241.232 Y196.26*70
2025-06-13T17:23:28.505474+0800 ERROR write command N56 G0 F3600 X241.232 Y196.26*70
2025-06-13T17:23:28.506475+0800 ERROR second command N56 G0 F3600 X241.232 Y196.26*70
2025-06-13T17:23:28.506475+0800 ERROR finish command N56 G0 F3600 X241.232 Y196.26*70
2025-06-13T17:23:28.519210+0800 ERROR readline ok

2025-06-13T17:23:28.521254+0800 ERROR SENT: N57 G1 F2400 X251.108 Y206.136 E39.62854*8
2025-06-13T17:23:28.522228+0800 ERROR write command N57 G1 F2400 X251.108 Y206.136 E39.62854*8
2025-06-13T17:23:28.522228+0800 ERROR second command N57 G1 F2400 X251.108 Y206.136 E39.62854*8
2025-06-13T17:23:28.523557+0800 ERROR finish command N57 G1 F2400 X251.108 Y206.136 E39.62854*8
2025-06-13T17:23:28.526589+0800 ERROR readline echo: cold extrusion prevented

2025-06-13T17:23:28.722317+0800 ERROR readline ok

2025-06-13T17:23:28.737597+0800 ERROR SENT: N58 G0 F3600 X251.108 Y206.984*120
2025-06-13T17:23:28.737597+0800 ERROR write command N58 G0 F3600 X251.108 Y206.984*120
2025-06-13T17:23:28.739124+0800 ERROR second command N58 G0 F3600 X251.108 Y206.984*120
2025-06-13T17:23:28.740140+0800 ERROR finish command N58 G0 F3600 X251.108 Y206.984*120
2025-06-13T17:23:28.743139+0800 ERROR readline ok

2025-06-13T17:23:28.752725+0800 ERROR SENT: N59 G1 F2400 X240.384 Y196.26 E40.42301*61
2025-06-13T17:23:28.752725+0800 ERROR write command N59 G1 F2400 X240.384 Y196.26 E40.42301*61
2025-06-13T17:23:28.754239+0800 ERROR second command N59 G1 F2400 X240.384 Y196.26 E40.42301*61
2025-06-13T17:23:28.755639+0800 ERROR finish command N59 G1 F2400 X240.384 Y196.26 E40.42301*61
2025-06-13T17:23:28.759284+0800 ERROR readline echo: cold extrusion prevented

2025-06-13T17:23:28.936310+0800 ERROR readline X:251.1080 Y:206.9840 Z:0.2000 E:40.4230 Count X:87888 Y:72444 Z:400 STA: 5251839

2025-06-13T17:23:28.938335+0800 ERROR readline 

2025-06-13T17:23:28.977210+0800 ERROR readline ok

2025-06-13T17:23:28.987029+0800 ERROR SENT: N60 G0 F3600 X239.535 Y196.26*76
2025-06-13T17:23:28.988051+0800 ERROR write command N60 G0 F3600 X239.535 Y196.26*76
2025-06-13T17:23:28.989030+0800 ERROR second command N60 G0 F3600 X239.535 Y196.26*76
2025-06-13T17:23:28.989552+0800 ERROR finish command N60 G0 F3600 X239.535 Y196.26*76
2025-06-13T17:23:28.995927+0800 ERROR readline ok

2025-06-13T17:23:29.002649+0800 ERROR SENT: N61 G1 F2400 X251.108 Y207.833 E41.28037*12
2025-06-13T17:23:29.004168+0800 ERROR write command N61 G1 F2400 X251.108 Y207.833 E41.28037*12
2025-06-13T17:23:29.004168+0800 ERROR second command N61 G1 F2400 X251.108 Y207.833 E41.28037*12
2025-06-13T17:23:29.005192+0800 ERROR finish command N61 G1 F2400 X251.108 Y207.833 E41.28037*12
2025-06-13T17:23:29.009282+0800 ERROR readline echo: cold extrusion prevented

2025-06-13T17:23:29.260940+0800 ERROR readline ok

2025-06-13T17:23:29.266755+0800 ERROR SENT: N62 G0 F3600 X251.108 Y208.681*117
2025-06-13T17:23:29.268030+0800 ERROR write command N62 G0 F3600 X251.108 Y208.681*117
2025-06-13T17:23:29.268030+0800 ERROR second command N62 G0 F3600 X251.108 Y208.681*117
2025-06-13T17:23:29.269555+0800 ERROR finish command N62 G0 F3600 X251.108 Y208.681*117
2025-06-13T17:23:29.280870+0800 ERROR readline ok

2025-06-13T17:23:29.281893+0800 ERROR SENT: N63 G1 F2400 X238.687 Y196.26 E42.20056*58
2025-06-13T17:23:29.281893+0800 ERROR write command N63 G1 F2400 X238.687 Y196.26 E42.20056*58
2025-06-13T17:23:29.282891+0800 ERROR second command N63 G1 F2400 X238.687 Y196.26 E42.20056*58
2025-06-13T17:23:29.284408+0800 ERROR finish command N63 G1 F2400 X238.687 Y196.26 E42.20056*58
2025-06-13T17:23:29.287952+0800 ERROR readline echo: cold extrusion prevented

2025-06-13T17:23:29.434368+0800 INFO M105

2025-06-13T17:23:29.543342+0800 ERROR empty readline 0
2025-06-13T17:23:29.574375+0800 ERROR readline ok

2025-06-13T17:23:29.590653+0800 ERROR SENT: M105

2025-06-13T17:23:29.590653+0800 ERROR write command M105

2025-06-13T17:23:29.592146+0800 ERROR second command M105

2025-06-13T17:23:29.593166+0800 ERROR finish command M105

2025-06-13T17:23:29.594168+0800 ERROR readline ok

2025-06-13T17:23:29.598225+0800 ERROR readline  T:44.6429 /10 B:41.8500 /10 @:0 B@:0 VER: 1.3.2

2025-06-13T17:23:29.606294+0800 ERROR SENT: N64 G0 F3600 X237.838 Y196.26*70
2025-06-13T17:23:29.606805+0800 ERROR write command N64 G0 F3600 X237.838 Y196.26*70
2025-06-13T17:23:29.607966+0800 ERROR second command N64 G0 F3600 X237.838 Y196.26*70
2025-06-13T17:23:29.607966+0800 ERROR finish command N64 G0 F3600 X237.838 Y196.26*70
2025-06-13T17:23:29.609010+0800 ERROR readline ok

2025-06-13T17:23:29.610028+0800 ERROR SENT: N65 G1 F2400 X251.108 Y209.53 E43.18364*60
2025-06-13T17:23:29.610028+0800 ERROR write command N65 G1 F2400 X251.108 Y209.53 E43.18364*60
2025-06-13T17:23:29.611027+0800 ERROR second command N65 G1 F2400 X251.108 Y209.53 E43.18364*60
2025-06-13T17:23:29.611027+0800 ERROR finish command N65 G1 F2400 X251.108 Y209.53 E43.18364*60
2025-06-13T17:23:29.614548+0800 ERROR readline echo: cold extrusion prevented

2025-06-13T17:23:29.873539+0800 ERROR empty readline 0
2025-06-13T17:23:29.918329+0800 ERROR readline ok

2025-06-13T17:23:29.921075+0800 ERROR SENT: N66 G0 F3600 X251.108 Y210.378*123
2025-06-13T17:23:29.921075+0800 ERROR write command N66 G0 F3600 X251.108 Y210.378*123
2025-06-13T17:23:29.922463+0800 ERROR second command N66 G0 F3600 X251.108 Y210.378*123
2025-06-13T17:23:29.923281+0800 ERROR finish command N66 G0 F3600 X251.108 Y210.378*123
2025-06-13T17:23:29.939581+0800 ERROR readline X:251.1080 Y:209.5300 Z:0.2000 E:43.1836 Count X:87888 Y:73336 Z:400 STA: 5251839

2025-06-13T17:23:29.941747+0800 ERROR readline 

2025-06-13T17:23:29.942731+0800 ERROR readline ok

2025-06-13T17:23:29.951799+0800 ERROR SENT: N67 G1 F2400 X236.99 Y196.26 E44.22955*7
2025-06-13T17:23:29.951799+0800 ERROR write command N67 G1 F2400 X236.99 Y196.26 E44.22955*7
2025-06-13T17:23:29.952782+0800 ERROR second command N67 G1 F2400 X236.99 Y196.26 E44.22955*7
2025-06-13T17:23:29.954314+0800 ERROR finish command N67 G1 F2400 X236.99 Y196.26 E44.22955*7
2025-06-13T17:23:29.956879+0800 ERROR readline echo: cold extrusion prevented

2025-06-13T17:23:30.214515+0800 ERROR empty readline 0
2025-06-13T17:23:30.292308+0800 ERROR readline ok

2025-06-13T17:23:30.309439+0800 ERROR SENT: N68 G0 F3600 X236.141 Y196.26*76
2025-06-13T17:23:30.309439+0800 ERROR write command N68 G0 F3600 X236.141 Y196.26*76
2025-06-13T17:23:30.310455+0800 ERROR second command N68 G0 F3600 X236.141 Y196.26*76
2025-06-13T17:23:30.311610+0800 ERROR finish command N68 G0 F3600 X236.141 Y196.26*76
2025-06-13T17:23:30.312639+0800 ERROR readline ok

2025-06-13T17:23:30.325203+0800 ERROR SENT: N69 G1 F2400 X251.108 Y211.227 E45.33835*8
2025-06-13T17:23:30.325203+0800 ERROR write command N69 G1 F2400 X251.108 Y211.227 E45.33835*8
2025-06-13T17:23:30.326248+0800 ERROR second command N69 G1 F2400 X251.108 Y211.227 E45.33835*8
2025-06-13T17:23:30.326763+0800 ERROR finish command N69 G1 F2400 X251.108 Y211.227 E45.33835*8
2025-06-13T17:23:30.329244+0800 ERROR readline echo: cold extrusion prevented

2025-06-13T17:23:30.590559+0800 ERROR empty readline 0
2025-06-13T17:23:30.694399+0800 ERROR readline ok

2025-06-13T17:23:30.697951+0800 ERROR SENT: N70 G0 F3600 X251.108 Y212.075*112
2025-06-13T17:23:30.698413+0800 ERROR write command N70 G0 F3600 X251.108 Y212.075*112
2025-06-13T17:23:30.699433+0800 ERROR second command N70 G0 F3600 X251.108 Y212.075*112
2025-06-13T17:23:30.699993+0800 ERROR finish command N70 G0 F3600 X251.108 Y212.075*112
2025-06-13T17:23:30.716194+0800 ERROR readline ok

2025-06-13T17:23:30.729059+0800 ERROR SENT: N71 G1 F2400 X235.293 Y196.26 E46.50997*50
2025-06-13T17:23:30.729569+0800 ERROR write command N71 G1 F2400 X235.293 Y196.26 E46.50997*50
2025-06-13T17:23:30.730587+0800 ERROR second command N71 G1 F2400 X235.293 Y196.26 E46.50997*50
2025-06-13T17:23:30.730587+0800 ERROR finish command N71 G1 F2400 X235.293 Y196.26 E46.50997*50
2025-06-13T17:23:30.734664+0800 ERROR readline echo: cold extrusion prevented

2025-06-13T17:23:30.937416+0800 ERROR readline X:251.1080 Y:212.0750 Z:0.2000 E:46.5100 Count X:87888 Y:74226 Z:400 STA: 5251839

2025-06-13T17:23:30.938419+0800 ERROR readline 

2025-06-13T17:23:31.130395+0800 ERROR readline ok

2025-06-13T17:23:31.138431+0800 ERROR SENT: N72 G0 F3600 X234.444 Y196.26*69
2025-06-13T17:23:31.138431+0800 ERROR write command N72 G0 F3600 X234.444 Y196.26*69
2025-06-13T17:23:31.139945+0800 ERROR second command N72 G0 F3600 X234.444 Y196.26*69
2025-06-13T17:23:31.139945+0800 ERROR finish command N72 G0 F3600 X234.444 Y196.26*69
2025-06-13T17:23:31.150521+0800 ERROR readline ok

2025-06-13T17:23:31.153046+0800 ERROR SENT: N73 G1 F2400 X251.108 Y212.924 E47.7445*54
2025-06-13T17:23:31.153046+0800 ERROR write command N73 G1 F2400 X251.108 Y212.924 E47.7445*54
2025-06-13T17:23:31.153046+0800 ERROR second command N73 G1 F2400 X251.108 Y212.924 E47.7445*54
2025-06-13T17:23:31.156071+0800 ERROR finish command N73 G1 F2400 X251.108 Y212.924 E47.7445*54
2025-06-13T17:23:31.159082+0800 ERROR readline echo: cold extrusion prevented

2025-06-13T17:23:31.419226+0800 ERROR empty readline 0
2025-06-13T17:23:31.593122+0800 ERROR readline ok

2025-06-13T17:23:31.606118+0800 ERROR SENT: N74 G0 F3600 X251.108 Y213.773*116
2025-06-13T17:23:31.606628+0800 ERROR write command N74 G0 F3600 X251.108 Y213.773*116
2025-06-13T17:23:31.607378+0800 ERROR second command N74 G0 F3600 X251.108 Y213.773*116
2025-06-13T17:23:31.607378+0800 ERROR finish command N74 G0 F3600 X251.108 Y213.773*116
2025-06-13T17:23:31.612710+0800 ERROR readline ok

2025-06-13T17:23:31.621477+0800 ERROR SENT: N75 G1 F2400 X233.596 Y196.26 E49.04188*58
2025-06-13T17:23:31.622557+0800 ERROR write command N75 G1 F2400 X233.596 Y196.26 E49.04188*58
2025-06-13T17:23:31.622557+0800 ERROR second command N75 G1 F2400 X233.596 Y196.26 E49.04188*58
2025-06-13T17:23:31.624521+0800 ERROR finish command N75 G1 F2400 X233.596 Y196.26 E49.04188*58
2025-06-13T17:23:31.629314+0800 ERROR readline echo: cold extrusion prevented

2025-06-13T17:23:31.886374+0800 ERROR empty readline 0
2025-06-13T17:23:31.937698+0800 ERROR readline X:251.1080 Y:213.7730 Z:0.2000 E:49.0419 Count X:87888 Y:74821 Z:400 STA: 5251839

2025-06-13T17:23:31.939217+0800 ERROR readline 

2025-06-13T17:23:32.087983+0800 ERROR readline ok

2025-06-13T17:23:32.103341+0800 ERROR SENT: N76 G0 F3600 X232.747 Y196.26*71
2025-06-13T17:23:32.104305+0800 ERROR write command N76 G0 F3600 X232.747 Y196.26*71
2025-06-13T17:23:32.104814+0800 ERROR second command N76 G0 F3600 X232.747 Y196.26*71
2025-06-13T17:23:32.104814+0800 ERROR finish command N76 G0 F3600 X232.747 Y196.26*71
2025-06-13T17:23:32.108385+0800 ERROR readline ok

2025-06-13T17:23:32.119066+0800 ERROR SENT: N77 G1 F2400 X251.108 Y214.621 E50.40212*15
2025-06-13T17:23:32.119576+0800 ERROR write command N77 G1 F2400 X251.108 Y214.621 E50.40212*15
2025-06-13T17:23:32.119576+0800 ERROR second command N77 G1 F2400 X251.108 Y214.621 E50.40212*15
2025-06-13T17:23:32.120594+0800 ERROR finish command N77 G1 F2400 X251.108 Y214.621 E50.40212*15
2025-06-13T17:23:32.125176+0800 ERROR readline echo: cold extrusion prevented

2025-06-13T17:23:32.383354+0800 ERROR empty readline 0
2025-06-13T17:23:32.614548+0800 ERROR readline ok

2025-06-13T17:23:32.616071+0800 ERROR SENT: N78 G0 F3600 X251.108 Y215.47*78
2025-06-13T17:23:32.616071+0800 ERROR write command N78 G0 F3600 X251.108 Y215.47*78
2025-06-13T17:23:32.617258+0800 ERROR second command N78 G0 F3600 X251.108 Y215.47*78
2025-06-13T17:23:32.618285+0800 ERROR finish command N78 G0 F3600 X251.108 Y215.47*78
2025-06-13T17:23:32.634505+0800 ERROR readline ok

2025-06-13T17:23:32.647825+0800 ERROR SENT: N79 G1 F2400 X231.898 Y196.26 E51.82526*48
2025-06-13T17:23:32.647825+0800 ERROR write command N79 G1 F2400 X231.898 Y196.26 E51.82526*48
2025-06-13T17:23:32.647825+0800 ERROR second command N79 G1 F2400 X231.898 Y196.26 E51.82526*48
2025-06-13T17:23:32.649339+0800 ERROR finish command N79 G1 F2400 X231.898 Y196.26 E51.82526*48
2025-06-13T17:23:32.654155+0800 ERROR readline echo: cold extrusion prevented

2025-06-13T17:23:32.912641+0800 ERROR empty readline 0
2025-06-13T17:23:32.937615+0800 ERROR readline X:251.1080 Y:215.4700 Z:0.2000 E:51.8253 Count X:87888 Y:75415 Z:400 STA: 5251839

2025-06-13T17:23:32.939425+0800 ERROR readline 

2025-06-13T17:23:33.166647+0800 ERROR readline ok

2025-06-13T17:23:33.176262+0800 ERROR SENT: N80 G0 F3600 X231.05 Y196.26*124
2025-06-13T17:23:33.176769+0800 ERROR write command N80 G0 F3600 X231.05 Y196.26*124
2025-06-13T17:23:33.176769+0800 ERROR second command N80 G0 F3600 X231.05 Y196.26*124
2025-06-13T17:23:33.176769+0800 ERROR finish command N80 G0 F3600 X231.05 Y196.26*124
2025-06-13T17:23:33.186612+0800 ERROR readline ok

2025-06-13T17:23:33.191151+0800 ERROR SENT: N81 G1 F2400 X251.108 Y216.318 E53.31122*14
2025-06-13T17:23:33.191151+0800 ERROR write command N81 G1 F2400 X251.108 Y216.318 E53.31122*14
2025-06-13T17:23:33.192188+0800 ERROR second command N81 G1 F2400 X251.108 Y216.318 E53.31122*14
2025-06-13T17:23:33.194204+0800 ERROR finish command N81 G1 F2400 X251.108 Y216.318 E53.31122*14
2025-06-13T17:23:33.198252+0800 ERROR readline echo: cold extrusion prevented

2025-06-13T17:23:33.457561+0800 ERROR empty readline 0
2025-06-13T17:23:33.721071+0800 ERROR empty readline 1
2025-06-13T17:23:33.753234+0800 ERROR readline ok

2025-06-13T17:23:33.767899+0800 ERROR SENT: N82 G0 F3600 X251.108 Y217.167*122
2025-06-13T17:23:33.767899+0800 ERROR write command N82 G0 F3600 X251.108 Y217.167*122
2025-06-13T17:23:33.767899+0800 ERROR second command N82 G0 F3600 X251.108 Y217.167*122
2025-06-13T17:23:33.769411+0800 ERROR finish command N82 G0 F3600 X251.108 Y217.167*122
2025-06-13T17:23:33.772482+0800 ERROR readline ok

2025-06-13T17:23:33.784398+0800 ERROR SENT: N83 G1 F2400 X230.201 Y196.26 E54.86007*57
2025-06-13T17:23:33.784398+0800 ERROR write command N83 G1 F2400 X230.201 Y196.26 E54.86007*57
2025-06-13T17:23:33.785417+0800 ERROR second command N83 G1 F2400 X230.201 Y196.26 E54.86007*57
2025-06-13T17:23:33.786068+0800 ERROR finish command N83 G1 F2400 X230.201 Y196.26 E54.86007*57
2025-06-13T17:23:33.789118+0800 ERROR readline echo: cold extrusion prevented

2025-06-13T17:23:33.936456+0800 ERROR readline X:251.1080 Y:217.1670 Z:0.2000 E:54.8601 Count X:87888 Y:76008 Z:400 STA: 5251839

2025-06-13T17:23:33.936456+0800 ERROR readline 

2025-06-13T17:23:34.189261+0800 ERROR empty readline 0
2025-06-13T17:23:34.365143+0800 ERROR readline ok

2025-06-13T17:23:34.374249+0800 ERROR SENT: N84 G0 F3600 X229.353 Y196.26*65
2025-06-13T17:23:34.374249+0800 ERROR write command N84 G0 F3600 X229.353 Y196.26*65
2025-06-13T17:23:34.375615+0800 ERROR second command N84 G0 F3600 X229.353 Y196.26*65
2025-06-13T17:23:34.376133+0800 ERROR finish command N84 G0 F3600 X229.353 Y196.26*65
2025-06-13T17:23:34.384443+0800 ERROR readline ok

2025-06-13T17:23:34.390713+0800 ERROR SENT: N85 G1 F2400 X251.108 Y218.015 E56.47175*12
2025-06-13T17:23:34.391715+0800 ERROR write command N85 G1 F2400 X251.108 Y218.015 E56.47175*12
2025-06-13T17:23:34.391715+0800 ERROR second command N85 G1 F2400 X251.108 Y218.015 E56.47175*12
2025-06-13T17:23:34.392699+0800 ERROR finish command N85 G1 F2400 X251.108 Y218.015 E56.47175*12
2025-06-13T17:23:34.397429+0800 ERROR readline echo: cold extrusion prevented

2025-06-13T17:23:34.654124+0800 ERROR empty readline 0
2025-06-13T17:23:34.919341+0800 ERROR empty readline 1
2025-06-13T17:23:34.937141+0800 ERROR readline X:229.3530 Y:196.2600 Z:0.2000 E:56.4717 Count X:80274 Y:68691 Z:400 STA: 5251839

2025-06-13T17:23:34.938116+0800 ERROR readline 

2025-06-13T17:23:35.008340+0800 ERROR readline ok

2025-06-13T17:23:35.011860+0800 ERROR SENT: N86 G0 F3600 X251.108 Y218.864*123
2025-06-13T17:23:35.011860+0800 ERROR write command N86 G0 F3600 X251.108 Y218.864*123
2025-06-13T17:23:35.013093+0800 ERROR second command N86 G0 F3600 X251.108 Y218.864*123
2025-06-13T17:23:35.013093+0800 ERROR finish command N86 G0 F3600 X251.108 Y218.864*123
2025-06-13T17:23:35.028220+0800 ERROR readline ok

2025-06-13T17:23:35.042988+0800 ERROR SENT: N87 G1 F2400 X228.504 Y196.26 E58.14633*48
2025-06-13T17:23:35.043496+0800 ERROR write command N87 G1 F2400 X228.504 Y196.26 E58.14633*48
2025-06-13T17:23:35.043496+0800 ERROR second command N87 G1 F2400 X228.504 Y196.26 E58.14633*48
2025-06-13T17:23:35.044522+0800 ERROR finish command N87 G1 F2400 X228.504 Y196.26 E58.14633*48
2025-06-13T17:23:35.048187+0800 ERROR readline echo: cold extrusion prevented

2025-06-13T17:23:35.306699+0800 ERROR empty readline 0
2025-06-13T17:23:35.558133+0800 ERROR empty readline 1
2025-06-13T17:23:35.680796+0800 ERROR readline ok

2025-06-13T17:23:35.682821+0800 ERROR SENT: N88 G0 F3600 X227.656 Y196.26*67
2025-06-13T17:23:35.682821+0800 ERROR write command N88 G0 F3600 X227.656 Y196.26*67
2025-06-13T17:23:35.683768+0800 ERROR second command N88 G0 F3600 X227.656 Y196.26*67
2025-06-13T17:23:35.683768+0800 ERROR finish command N88 G0 F3600 X227.656 Y196.26*67
2025-06-13T17:23:35.700808+0800 ERROR readline ok

2025-06-13T17:23:35.714444+0800 ERROR SENT: N89 G1 F2400 X251.108 Y219.712 E59.88373*9
2025-06-13T17:23:35.714444+0800 ERROR write command N89 G1 F2400 X251.108 Y219.712 E59.88373*9
2025-06-13T17:23:35.715930+0800 ERROR second command N89 G1 F2400 X251.108 Y219.712 E59.88373*9
2025-06-13T17:23:35.716456+0800 ERROR finish command N89 G1 F2400 X251.108 Y219.712 E59.88373*9
2025-06-13T17:23:35.722082+0800 ERROR readline echo: cold extrusion prevented

2025-06-13T17:23:35.935760+0800 ERROR readline X:227.6560 Y:196.2600 Z:0.2000 E:59.8837 Count X:79680 Y:68691 Z:400 STA: 5251839

2025-06-13T17:23:35.936290+0800 ERROR readline 

2025-06-13T17:23:36.196834+0800 ERROR empty readline 0
2025-06-13T17:23:36.386534+0800 ERROR readline ok

2025-06-13T17:23:36.400728+0800 ERROR SENT: N90 G0 F3600 X251.108 Y220.561*127
2025-06-13T17:23:36.400728+0800 ERROR write command N90 G0 F3600 X251.108 Y220.561*127
2025-06-13T17:23:36.400728+0800 ERROR second command N90 G0 F3600 X251.108 Y220.561*127
2025-06-13T17:23:36.402014+0800 ERROR finish command N90 G0 F3600 X251.108 Y220.561*127
2025-06-13T17:23:36.406045+0800 ERROR readline ok

2025-06-13T17:23:36.416522+0800 ERROR SENT: N91 G1 F2400 X226.807 Y196.26 E61.68402*54
2025-06-13T17:23:36.416522+0800 ERROR write command N91 G1 F2400 X226.807 Y196.26 E61.68402*54
2025-06-13T17:23:36.417825+0800 ERROR second command N91 G1 F2400 X226.807 Y196.26 E61.68402*54
2025-06-13T17:23:36.419269+0800 ERROR finish command N91 G1 F2400 X226.807 Y196.26 E61.68402*54
2025-06-13T17:23:36.424359+0800 ERROR readline echo: cold extrusion prevented

2025-06-13T17:23:36.679312+0800 ERROR empty readline 0
2025-06-13T17:23:36.936483+0800 ERROR readline X:251.1080 Y:220.5610 Z:0.2000 E:61.6840 Count X:87888 Y:77196 Z:400 STA: 5251839

2025-06-13T17:23:36.937824+0800 ERROR readline 

2025-06-13T17:23:37.128981+0800 ERROR readline ok

2025-06-13T17:23:37.131000+0800 ERROR SENT: N92 G0 F3600 X225.959 Y196.26*74
2025-06-13T17:23:37.132019+0800 ERROR write command N92 G0 F3600 X225.959 Y196.26*74
2025-06-13T17:23:37.132019+0800 ERROR second command N92 G0 F3600 X225.959 Y196.26*74
2025-06-13T17:23:37.133065+0800 ERROR finish command N92 G0 F3600 X225.959 Y196.26*74
2025-06-13T17:23:37.143507+0800 ERROR readline ok

2025-06-13T17:23:37.146751+0800 ERROR SENT: N93 G1 F2400 X251.108 Y221.409 E63.54714*13
2025-06-13T17:23:37.147768+0800 ERROR write command N93 G1 F2400 X251.108 Y221.409 E63.54714*13
2025-06-13T17:23:37.149494+0800 ERROR second command N93 G1 F2400 X251.108 Y221.409 E63.54714*13
2025-06-13T17:23:37.151052+0800 ERROR finish command N93 G1 F2400 X251.108 Y221.409 E63.54714*13
2025-06-13T17:23:37.154693+0800 ERROR readline echo: cold extrusion prevented

2025-06-13T17:23:37.411926+0800 ERROR empty readline 0
2025-06-13T17:23:37.664485+0800 ERROR empty readline 1
2025-06-13T17:23:37.885635+0800 ERROR readline ok

2025-06-13T17:23:37.896972+0800 ERROR SENT: N94 G0 F3600 X251.108 Y222.258*116
2025-06-13T17:23:37.896972+0800 ERROR write command N94 G0 F3600 X251.108 Y222.258*116
2025-06-13T17:23:37.897970+0800 ERROR second command N94 G0 F3600 X251.108 Y222.258*116
2025-06-13T17:23:37.897970+0800 ERROR finish command N94 G0 F3600 X251.108 Y222.258*116
2025-06-13T17:23:37.906092+0800 ERROR readline ok

2025-06-13T17:23:37.912185+0800 ERROR SENT: N95 G1 F2400 X225.11 Y196.26 E65.47316*5
2025-06-13T17:23:37.912185+0800 ERROR write command N95 G1 F2400 X225.11 Y196.26 E65.47316*5
2025-06-13T17:23:37.913177+0800 ERROR second command N95 G1 F2400 X225.11 Y196.26 E65.47316*5
2025-06-13T17:23:37.914694+0800 ERROR finish command N95 G1 F2400 X225.11 Y196.26 E65.47316*5
2025-06-13T17:23:37.918556+0800 ERROR readline echo: cold extrusion prevented

2025-06-13T17:23:37.936547+0800 ERROR readline X:251.1080 Y:222.2580 Z:0.2000 E:65.4732 Count X:87888 Y:77790 Z:400 STA: 5251839

2025-06-13T17:23:37.936547+0800 ERROR readline 

2025-06-13T17:23:38.192615+0800 ERROR empty readline 0
2025-06-13T17:23:38.456771+0800 ERROR empty readline 1
2025-06-13T17:23:38.683283+0800 ERROR readline ok

2025-06-13T17:23:38.690693+0800 ERROR SENT: N96 G0 F3600 X224.262 Y196.26*76
2025-06-13T17:23:38.690693+0800 ERROR write command N96 G0 F3600 X224.262 Y196.26*76
2025-06-13T17:23:38.691711+0800 ERROR second command N96 G0 F3600 X224.262 Y196.26*76
2025-06-13T17:23:38.691711+0800 ERROR finish command N96 G0 F3600 X224.262 Y196.26*76
2025-06-13T17:23:38.702731+0800 ERROR readline ok

2025-06-13T17:23:38.706290+0800 ERROR SENT: N97 G1 F2400 X251.108 Y223.106 E67.46199*5
2025-06-13T17:23:38.706804+0800 ERROR write command N97 G1 F2400 X251.108 Y223.106 E67.46199*5
2025-06-13T17:23:38.706804+0800 ERROR second command N97 G1 F2400 X251.108 Y223.106 E67.46199*5
2025-06-13T17:23:38.707502+0800 ERROR finish command N97 G1 F2400 X251.108 Y223.106 E67.46199*5
2025-06-13T17:23:38.711869+0800 ERROR readline echo: cold extrusion prevented

2025-06-13T17:23:38.799188+0800 INFO M105

2025-06-13T17:23:38.934588+0800 ERROR readline X:224.2620 Y:196.2600 Z:0.2000 E:67.4620 Count X:78492 Y:68691 Z:400 STA: 5251839

2025-06-13T17:23:38.937113+0800 ERROR readline 

2025-06-13T17:23:39.190564+0800 ERROR empty readline 0
2025-06-13T17:23:39.442142+0800 ERROR empty readline 1
2025-06-13T17:23:39.505287+0800 ERROR readline ok

2025-06-13T17:23:39.520015+0800 ERROR SENT: M105

2025-06-13T17:23:39.520015+0800 ERROR write command M105

2025-06-13T17:23:39.522068+0800 ERROR second command M105

2025-06-13T17:23:39.524138+0800 ERROR readline ok

2025-06-13T17:23:39.524138+0800 ERROR finish command M105

2025-06-13T17:23:39.525488+0800 ERROR SENT: N98 G0 F3600 X251.108 Y223.955*127
2025-06-13T17:23:39.526504+0800 ERROR write command N98 G0 F3600 X251.108 Y223.955*127
2025-06-13T17:23:39.527525+0800 ERROR second command N98 G0 F3600 X251.108 Y223.955*127
2025-06-13T17:23:39.527525+0800 ERROR finish command N98 G0 F3600 X251.108 Y223.955*127
2025-06-13T17:23:39.533497+0800 ERROR readline  T:44.6429 /10 B:41.5875 /10 @:0 B@:0 VER: 1.3.2

2025-06-13T17:23:39.537546+0800 ERROR readline ok

2025-06-13T17:23:39.550957+0800 ERROR SENT: N99 G1 F2400 X223.413 Y196.26 E69.51373*49
2025-06-13T17:23:39.550957+0800 ERROR write command N99 G1 F2400 X223.413 Y196.26 E69.51373*49
2025-06-13T17:23:39.551870+0800 ERROR second command N99 G1 F2400 X223.413 Y196.26 E69.51373*49
2025-06-13T17:23:39.552384+0800 ERROR finish command N99 G1 F2400 X223.413 Y196.26 E69.51373*49
2025-06-13T17:23:39.557126+0800 ERROR readline echo: cold extrusion prevented

2025-06-13T17:23:39.812991+0800 ERROR empty readline 0
2025-06-13T17:23:39.935099+0800 ERROR readline X:251.1080 Y:223.9550 Z:0.2000 E:69.5137 Count X:87888 Y:78384 Z:400 STA: 5251839

2025-06-13T17:23:39.937680+0800 ERROR readline 

2025-06-13T17:23:40.204936+0800 ERROR empty readline 0
2025-06-13T17:23:40.361603+0800 ERROR readline ok

2025-06-13T17:23:40.377046+0800 ERROR SENT: N100 G0 F3600 X222.565 Y196.26*116
2025-06-13T17:23:40.377046+0800 ERROR write command N100 G0 F3600 X222.565 Y196.26*116
2025-06-13T17:23:40.378069+0800 ERROR second command N100 G0 F3600 X222.565 Y196.26*116
2025-06-13T17:23:40.378069+0800 ERROR finish command N100 G0 F3600 X222.565 Y196.26*116
2025-06-13T17:23:40.381613+0800 ERROR readline ok

2025-06-13T17:23:40.392417+0800 ERROR SENT: N101 G1 F2400 X251.108 Y224.803 E71.62828*50
2025-06-13T17:23:40.392417+0800 ERROR write command N101 G1 F2400 X251.108 Y224.803 E71.62828*50
2025-06-13T17:23:40.393580+0800 ERROR second command N101 G1 F2400 X251.108 Y224.803 E71.62828*50
2025-06-13T17:23:40.394590+0800 ERROR finish command N101 G1 F2400 X251.108 Y224.803 E71.62828*50
2025-06-13T17:23:40.396606+0800 ERROR readline echo: cold extrusion prevented

2025-06-13T17:23:40.660622+0800 ERROR empty readline 0
2025-06-13T17:23:40.923299+0800 ERROR empty readline 1
2025-06-13T17:23:40.936208+0800 ERROR readline X:222.5650 Y:196.2600 Z:0.2000 E:71.6283 Count X:77898 Y:68691 Z:400 STA: 5251839

2025-06-13T17:23:40.937376+0800 ERROR readline 

2025-06-13T17:23:41.206102+0800 ERROR empty readline 0
2025-06-13T17:23:41.244412+0800 ERROR readline ok

2025-06-13T17:23:41.251659+0800 ERROR SENT: N102 G0 F3600 X251.108 Y225.652*67
2025-06-13T17:23:41.251659+0800 ERROR write command N102 G0 F3600 X251.108 Y225.652*67
2025-06-13T17:23:41.251659+0800 ERROR second command N102 G0 F3600 X251.108 Y225.652*67
2025-06-13T17:23:41.252660+0800 ERROR finish command N102 G0 F3600 X251.108 Y225.652*67
2025-06-13T17:23:41.264182+0800 ERROR readline ok

2025-06-13T17:23:41.267734+0800 ERROR SENT: N103 G1 F2400 X221.716 Y196.26 E73.80573*6
2025-06-13T17:23:41.267734+0800 ERROR write command N103 G1 F2400 X221.716 Y196.26 E73.80573*6
2025-06-13T17:23:41.267734+0800 ERROR second command N103 G1 F2400 X221.716 Y196.26 E73.80573*6
2025-06-13T17:23:41.269251+0800 ERROR finish command N103 G1 F2400 X221.716 Y196.26 E73.80573*6
2025-06-13T17:23:41.273266+0800 ERROR readline echo: cold extrusion prevented

2025-06-13T17:23:41.532214+0800 ERROR empty readline 0
2025-06-13T17:23:41.799600+0800 ERROR empty readline 1
2025-06-13T17:23:41.937725+0800 ERROR readline X:251.1080 Y:225.6520 Z:0.2000 E:73.8057 Count X:87888 Y:78978 Z:400 STA: 5251839

2025-06-13T17:23:41.941629+0800 ERROR readline 

2025-06-13T17:23:42.162024+0800 ERROR readline ok

2025-06-13T17:23:42.176339+0800 ERROR SENT: N104 G0 F3600 X220.868 Y196.26*114
2025-06-13T17:23:42.177358+0800 ERROR write command N104 G0 F3600 X220.868 Y196.26*114
2025-06-13T17:23:42.178360+0800 ERROR second command N104 G0 F3600 X220.868 Y196.26*114
2025-06-13T17:23:42.178360+0800 ERROR finish command N104 G0 F3600 X220.868 Y196.26*114
2025-06-13T17:23:42.180903+0800 ERROR readline ok

2025-06-13T17:23:42.190506+0800 ERROR SENT: N105 G1 F2400 X251.108 Y226.5 E76.04601*56
2025-06-13T17:23:42.191645+0800 ERROR write command N105 G1 F2400 X251.108 Y226.5 E76.04601*56
2025-06-13T17:23:42.192664+0800 ERROR second command N105 G1 F2400 X251.108 Y226.5 E76.04601*56
2025-06-13T17:23:42.194178+0800 ERROR finish command N105 G1 F2400 X251.108 Y226.5 E76.04601*56
2025-06-13T17:23:42.196977+0800 ERROR readline echo: cold extrusion prevented

2025-06-13T17:23:42.455119+0800 ERROR empty readline 0
2025-06-13T17:23:42.720755+0800 ERROR empty readline 1
2025-06-13T17:23:42.934287+0800 ERROR readline X:220.8680 Y:196.2600 Z:0.2000 E:76.0460 Count X:77304 Y:68691 Z:400 STA: 5251839

2025-06-13T17:23:42.935803+0800 ERROR readline 

2025-06-13T17:23:43.108940+0800 ERROR readline ok

2025-06-13T17:23:43.123603+0800 ERROR SENT: N106 G0 F3600 X251.108 Y227.349*74
2025-06-13T17:23:43.123603+0800 ERROR write command N106 G0 F3600 X251.108 Y227.349*74
2025-06-13T17:23:43.124605+0800 ERROR second command N106 G0 F3600 X251.108 Y227.349*74
2025-06-13T17:23:43.124605+0800 ERROR finish command N106 G0 F3600 X251.108 Y227.349*74
2025-06-13T17:23:43.128427+0800 ERROR readline ok

2025-06-13T17:23:43.139201+0800 ERROR SENT: N107 G1 F2400 X220.019 Y196.26 E78.34918*14
2025-06-13T17:23:43.139201+0800 ERROR write command N107 G1 F2400 X220.019 Y196.26 E78.34918*14
2025-06-13T17:23:43.139201+0800 ERROR second command N107 G1 F2400 X220.019 Y196.26 E78.34918*14
2025-06-13T17:23:43.140670+0800 ERROR finish command N107 G1 F2400 X220.019 Y196.26 E78.34918*14
2025-06-13T17:23:43.144790+0800 ERROR readline echo: cold extrusion prevented

2025-06-13T17:23:43.400249+0800 ERROR empty readline 0
2025-06-13T17:23:43.664507+0800 ERROR empty readline 1
2025-06-13T17:23:43.929512+0800 ERROR empty readline 2
2025-06-13T17:23:43.936269+0800 ERROR readline X:251.1080 Y:227.3490 Z:0.2000 E:78.3492 Count X:87888 Y:79572 Z:400 STA: 5251839

2025-06-13T17:23:43.937345+0800 ERROR readline 

2025-06-13T17:23:44.086242+0800 ERROR readline ok

2025-06-13T17:23:44.100396+0800 ERROR SENT: N108 G0 F3600 X219.171 Y196.26*117
2025-06-13T17:23:44.100396+0800 ERROR write command N108 G0 F3600 X219.171 Y196.26*117
2025-06-13T17:23:44.101888+0800 ERROR second command N108 G0 F3600 X219.171 Y196.26*117
2025-06-13T17:23:44.101888+0800 ERROR finish command N108 G0 F3600 X219.171 Y196.26*117
2025-06-13T17:23:44.106913+0800 ERROR readline ok

2025-06-13T17:23:44.116096+0800 ERROR SENT: N109 G1 F2400 X251.108 Y228.198 E80.71521*53
2025-06-13T17:23:44.116607+0800 ERROR write command N109 G1 F2400 X251.108 Y228.198 E80.71521*53
2025-06-13T17:23:44.116607+0800 ERROR second command N109 G1 F2400 X251.108 Y228.198 E80.71521*53
2025-06-13T17:23:44.117625+0800 ERROR finish command N109 G1 F2400 X251.108 Y228.198 E80.71521*53
2025-06-13T17:23:44.121700+0800 ERROR readline echo: cold extrusion prevented

2025-06-13T17:23:44.381996+0800 ERROR empty readline 0
2025-06-13T17:23:44.647981+0800 ERROR empty readline 1
2025-06-13T17:23:44.912181+0800 ERROR empty readline 2
2025-06-13T17:23:44.936831+0800 ERROR readline X:219.1710 Y:196.2600 Z:0.2000 E:80.7152 Count X:76710 Y:68691 Z:400 STA: 5251839

2025-06-13T17:23:44.938355+0800 ERROR readline 

2025-06-13T17:23:45.093335+0800 ERROR readline ok

2025-06-13T17:23:45.096890+0800 ERROR SENT: N110 G0 F3600 X251.108 Y229.046*79
2025-06-13T17:23:45.096890+0800 ERROR write command N110 G0 F3600 X251.108 Y229.046*79
2025-06-13T17:23:45.097881+0800 ERROR second command N110 G0 F3600 X251.108 Y229.046*79
2025-06-13T17:23:45.097881+0800 ERROR finish command N110 G0 F3600 X251.108 Y229.046*79
2025-06-13T17:23:45.113513+0800 ERROR readline ok

2025-06-13T17:23:45.127796+0800 ERROR SENT: N111 G1 F2400 X218.322 Y196.26 E83.1441*58
2025-06-13T17:23:45.129044+0800 ERROR write command N111 G1 F2400 X218.322 Y196.26 E83.1441*58
2025-06-13T17:23:45.129044+0800 ERROR second command N111 G1 F2400 X218.322 Y196.26 E83.1441*58
2025-06-13T17:23:45.130328+0800 ERROR finish command N111 G1 F2400 X218.322 Y196.26 E83.1441*58
2025-06-13T17:23:45.134403+0800 ERROR readline echo: cold extrusion prevented

2025-06-13T17:23:45.392036+0800 ERROR empty readline 0
2025-06-13T17:23:45.655989+0800 ERROR empty readline 1
2025-06-13T17:23:45.918403+0800 ERROR empty readline 2
2025-06-13T17:23:45.936629+0800 ERROR readline X:251.1080 Y:229.0460 Z:0.2000 E:83.1441 Count X:87888 Y:80166 Z:400 STA: 5251839

2025-06-13T17:23:45.940178+0800 ERROR readline 

2025-06-13T17:23:46.131049+0800 ERROR readline ok

2025-06-13T17:23:46.133056+0800 ERROR SENT: N112 G0 F3600 X217.474 Y196.26*112
2025-06-13T17:23:46.134058+0800 ERROR write command N112 G0 F3600 X217.474 Y196.26*112
2025-06-13T17:23:46.134058+0800 ERROR second command N112 G0 F3600 X217.474 Y196.26*112
2025-06-13T17:23:46.135316+0800 ERROR finish command N112 G0 F3600 X217.474 Y196.26*112
2025-06-13T17:23:46.151297+0800 ERROR readline ok

2025-06-13T17:23:46.163586+0800 ERROR SENT: N113 G1 F2400 X251.108 Y229.895 E85.63585*51
2025-06-13T17:23:46.164601+0800 ERROR write command N113 G1 F2400 X251.108 Y229.895 E85.63585*51
2025-06-13T17:23:46.164601+0800 ERROR second command N113 G1 F2400 X251.108 Y229.895 E85.63585*51
2025-06-13T17:23:46.164601+0800 ERROR finish command N113 G1 F2400 X251.108 Y229.895 E85.63585*51
2025-06-13T17:23:46.169237+0800 ERROR readline echo: cold extrusion prevented

2025-06-13T17:23:46.427953+0800 ERROR empty readline 0
2025-06-13T17:23:46.691560+0800 ERROR empty readline 1
2025-06-13T17:23:46.935798+0800 ERROR readline X:217.4740 Y:196.2600 Z:0.2000 E:85.6358 Count X:76116 Y:68691 Z:400 STA: 5251839

2025-06-13T17:23:46.936811+0800 ERROR readline 

2025-06-13T17:23:47.189652+0800 ERROR empty readline 0
2025-06-13T17:23:47.199262+0800 ERROR readline ok

2025-06-13T17:23:47.204374+0800 ERROR SENT: N114 G0 F3600 X251.108 Y230.743*65
2025-06-13T17:23:47.204374+0800 ERROR write command N114 G0 F3600 X251.108 Y230.743*65
2025-06-13T17:23:47.204374+0800 ERROR second command N114 G0 F3600 X251.108 Y230.743*65
2025-06-13T17:23:47.205896+0800 ERROR finish command N114 G0 F3600 X251.108 Y230.743*65
2025-06-13T17:23:47.217888+0800 ERROR readline ok

2025-06-13T17:23:47.220424+0800 ERROR SENT: N115 G1 F2400 X216.625 Y196.26 E88.19046*3
2025-06-13T17:23:47.220424+0800 ERROR write command N115 G1 F2400 X216.625 Y196.26 E88.19046*3
2025-06-13T17:23:47.220424+0800 ERROR second command N115 G1 F2400 X216.625 Y196.26 E88.19046*3
2025-06-13T17:23:47.221801+0800 ERROR finish command N115 G1 F2400 X216.625 Y196.26 E88.19046*3
2025-06-13T17:23:47.225606+0800 ERROR readline echo: cold extrusion prevented

2025-06-13T17:23:47.484588+0800 ERROR empty readline 0
2025-06-13T17:23:47.749741+0800 ERROR empty readline 1
2025-06-13T17:23:47.934805+0800 ERROR readline X:251.1080 Y:230.7430 Z:0.2000 E:88.1905 Count X:87888 Y:80760 Z:400 STA: 5251839

2025-06-13T17:23:47.936316+0800 ERROR readline 

2025-06-13T17:23:48.172731+0800 INFO M105

2025-06-13T17:23:48.204419+0800 ERROR empty readline 0
2025-06-13T17:23:48.297010+0800 ERROR readline ok

2025-06-13T17:23:48.298010+0800 ERROR SENT: M105

2025-06-13T17:23:48.299010+0800 ERROR write command M105

2025-06-13T17:23:48.299519+0800 ERROR second command M105

2025-06-13T17:23:48.300528+0800 ERROR finish command M105

2025-06-13T17:23:48.300528+0800 ERROR readline ok

2025-06-13T17:23:48.304541+0800 ERROR readline  T:44.3080 /10 B:41.6250 /10 @:0 B@:0 VER: 1.3.2

2025-06-13T17:23:48.313592+0800 ERROR SENT: N116 G0 F3600 X215.776 Y196.26*119
2025-06-13T17:23:48.314601+0800 ERROR write command N116 G0 F3600 X215.776 Y196.26*119
2025-06-13T17:23:48.314601+0800 ERROR second command N116 G0 F3600 X215.776 Y196.26*119
2025-06-13T17:23:48.315614+0800 ERROR finish command N116 G0 F3600 X215.776 Y196.26*119
2025-06-13T17:23:48.317125+0800 ERROR readline ok

2025-06-13T17:23:48.318139+0800 ERROR SENT: N117 G1 F2400 X251.108 Y231.592 E90.80797*60
2025-06-13T17:23:48.318139+0800 ERROR write command N117 G1 F2400 X251.108 Y231.592 E90.80797*60
2025-06-13T17:23:48.319139+0800 ERROR second command N117 G1 F2400 X251.108 Y231.592 E90.80797*60
2025-06-13T17:23:48.319647+0800 ERROR finish command N117 G1 F2400 X251.108 Y231.592 E90.80797*60
2025-06-13T17:23:48.324174+0800 ERROR readline echo: cold extrusion prevented

2025-06-13T17:23:48.577733+0800 ERROR empty readline 0
2025-06-13T17:23:48.842297+0800 ERROR empty readline 1
2025-06-13T17:23:48.934330+0800 ERROR readline X:215.7760 Y:196.2600 Z:0.2000 E:90.8080 Count X:75522 Y:68691 Z:400 STA: 5251839

2025-06-13T17:23:48.935839+0800 ERROR readline 

2025-06-13T17:23:49.199390+0800 ERROR empty readline 0
2025-06-13T17:23:49.425543+0800 ERROR readline ok

2025-06-13T17:23:49.433092+0800 ERROR SENT: N118 G0 F3600 X251.108 Y232.44*127
2025-06-13T17:23:49.434101+0800 ERROR write command N118 G0 F3600 X251.108 Y232.44*127
2025-06-13T17:23:49.434614+0800 ERROR second command N118 G0 F3600 X251.108 Y232.44*127
2025-06-13T17:23:49.434614+0800 ERROR finish command N118 G0 F3600 X251.108 Y232.44*127
2025-06-13T17:23:49.442980+0800 ERROR readline ok

2025-06-13T17:23:49.448254+0800 ERROR SENT: N119 G1 F2400 X214.928 Y196.26 E93.4883*56
2025-06-13T17:23:49.449484+0800 ERROR write command N119 G1 F2400 X214.928 Y196.26 E93.4883*56
2025-06-13T17:23:49.451505+0800 ERROR second command N119 G1 F2400 X214.928 Y196.26 E93.4883*56
2025-06-13T17:23:49.453523+0800 ERROR finish command N119 G1 F2400 X214.928 Y196.26 E93.4883*56
2025-06-13T17:23:49.456389+0800 ERROR readline echo: cold extrusion prevented

2025-06-13T17:23:49.716062+0800 ERROR empty readline 0
2025-06-13T17:23:49.937466+0800 ERROR readline X:251.1080 Y:232.4400 Z:0.2000 E:93.4883 Count X:87888 Y:81354 Z:400 STA: 5251839

2025-06-13T17:23:49.939467+0800 ERROR readline 

2025-06-13T17:23:50.195919+0800 ERROR empty readline 0
2025-06-13T17:23:50.463080+0800 ERROR empty readline 1
2025-06-13T17:23:50.583302+0800 ERROR readline ok

2025-06-13T17:23:50.587609+0800 ERROR SENT: N120 G0 F3600 X214.079 Y196.26*123
2025-06-13T17:23:50.587609+0800 ERROR write command N120 G0 F3600 X214.079 Y196.26*123
2025-06-13T17:23:50.589122+0800 ERROR second command N120 G0 F3600 X214.079 Y196.26*123
2025-06-13T17:23:50.589122+0800 ERROR finish command N120 G0 F3600 X214.079 Y196.26*123
2025-06-13T17:23:50.603309+0800 ERROR readline ok

2025-06-13T17:23:50.619020+0800 ERROR SENT: N121 G1 F2400 X251.108 Y233.289 E96.23152*54
2025-06-13T17:23:50.619020+0800 ERROR write command N121 G1 F2400 X251.108 Y233.289 E96.23152*54
2025-06-13T17:23:50.620033+0800 ERROR second command N121 G1 F2400 X251.108 Y233.289 E96.23152*54
2025-06-13T17:23:50.621033+0800 ERROR finish command N121 G1 F2400 X251.108 Y233.289 E96.23152*54
2025-06-13T17:23:50.624695+0800 ERROR readline echo: cold extrusion prevented

2025-06-13T17:23:50.883049+0800 ERROR empty readline 0
2025-06-13T17:23:50.935208+0800 ERROR readline X:214.0790 Y:196.2600 Z:0.2000 E:96.2315 Count X:74928 Y:68691 Z:400 STA: 5251839

2025-06-13T17:23:50.936202+0800 ERROR readline 

2025-06-13T17:23:51.196265+0800 ERROR empty readline 0
2025-06-13T17:23:51.459885+0800 ERROR empty readline 1
2025-06-13T17:23:51.720361+0800 ERROR empty readline 2
2025-06-13T17:23:51.771508+0800 ERROR readline ok

2025-06-13T17:23:51.782156+0800 ERROR SENT: N122 G0 F3600 X251.108 Y234.137*69
2025-06-13T17:23:51.782156+0800 ERROR write command N122 G0 F3600 X251.108 Y234.137*69
2025-06-13T17:23:51.783136+0800 ERROR second command N122 G0 F3600 X251.108 Y234.137*69
2025-06-13T17:23:51.783136+0800 ERROR finish command N122 G0 F3600 X251.108 Y234.137*69
2025-06-13T17:23:51.791208+0800 ERROR readline ok

2025-06-13T17:23:51.797962+0800 ERROR SENT: N123 G1 F2400 X213.231 Y196.26 E99.03757*14
2025-06-13T17:23:51.799483+0800 ERROR write command N123 G1 F2400 X213.231 Y196.26 E99.03757*14
2025-06-13T17:23:51.801500+0800 ERROR second command N123 G1 F2400 X213.231 Y196.26 E99.03757*14
2025-06-13T17:23:51.802500+0800 ERROR finish command N123 G1 F2400 X213.231 Y196.26 E99.03757*14
2025-06-13T17:23:51.806231+0800 ERROR readline echo: cold extrusion prevented

2025-06-13T17:23:51.934216+0800 ERROR readline X:251.1080 Y:234.1370 Z:0.2000 E:99.0376 Count X:87888 Y:81948 Z:400 STA: 5251839

2025-06-13T17:23:51.937630+0800 ERROR readline 

2025-06-13T17:23:52.203481+0800 ERROR empty readline 0
2025-06-13T17:23:52.468237+0800 ERROR empty readline 1
2025-06-13T17:23:52.729810+0800 ERROR empty readline 2
2025-06-13T17:23:52.934201+0800 ERROR readline X:251.1080 Y:234.1370 Z:0.2000 E:99.0376 Count X:87888 Y:81948 Z:400 STA: 5251839

2025-06-13T17:23:52.935539+0800 ERROR readline 

2025-06-13T17:23:52.990863+0800 ERROR readline ok

2025-06-13T17:23:52.992880+0800 ERROR SENT: N124 G0 F3600 X212.382 Y196.26*126
2025-06-13T17:23:52.993757+0800 ERROR write command N124 G0 F3600 X212.382 Y196.26*126
2025-06-13T17:23:52.994782+0800 ERROR second command N124 G0 F3600 X212.382 Y196.26*126
2025-06-13T17:23:52.994782+0800 ERROR finish command N124 G0 F3600 X212.382 Y196.26*126
2025-06-13T17:23:53.010627+0800 ERROR readline ok

2025-06-13T17:23:53.024270+0800 ERROR SENT: N125 G1 F2400 X251.108 Y234.986 E101.90652*1
2025-06-13T17:23:53.024779+0800 ERROR write command N125 G1 F2400 X251.108 Y234.986 E101.90652*1
2025-06-13T17:23:53.024779+0800 ERROR second command N125 G1 F2400 X251.108 Y234.986 E101.90652*1
2025-06-13T17:23:53.029425+0800 ERROR finish command N125 G1 F2400 X251.108 Y234.986 E101.90652*1
2025-06-13T17:23:53.029425+0800 ERROR readline echo: cold extrusion prevented

2025-06-13T17:23:53.285752+0800 ERROR empty readline 0
2025-06-13T17:23:53.546752+0800 ERROR empty readline 1
2025-06-13T17:23:53.809534+0800 ERROR empty readline 2
2025-06-13T17:23:53.936520+0800 ERROR readline X:212.3820 Y:196.2600 Z:0.2000 E:101.9065 Count X:74334 Y:68691 Z:400 STA: 5251839

2025-06-13T17:23:53.940072+0800 ERROR readline 

2025-06-13T17:23:54.197390+0800 ERROR empty readline 0
2025-06-13T17:23:54.238246+0800 ERROR readline ok

2025-06-13T17:23:54.242292+0800 ERROR SENT: N126 G0 F3600 X251.108 Y235.834*74
2025-06-13T17:23:54.242292+0800 ERROR write command N126 G0 F3600 X251.108 Y235.834*74
2025-06-13T17:23:54.243294+0800 ERROR second command N126 G0 F3600 X251.108 Y235.834*74
2025-06-13T17:23:54.244293+0800 ERROR finish command N126 G0 F3600 X251.108 Y235.834*74
2025-06-13T17:23:54.257909+0800 ERROR readline ok

2025-06-13T17:23:54.274027+0800 ERROR SENT: N127 G1 F2400 X211.534 Y196.26 E104.83829*49
2025-06-13T17:23:54.274027+0800 ERROR write command N127 G1 F2400 X211.534 Y196.26 E104.83829*49
2025-06-13T17:23:54.276039+0800 ERROR second command N127 G1 F2400 X211.534 Y196.26 E104.83829*49
2025-06-13T17:23:54.276551+0800 ERROR finish command N127 G1 F2400 X211.534 Y196.26 E104.83829*49
2025-06-13T17:23:54.280081+0800 ERROR readline echo: cold extrusion prevented

2025-06-13T17:23:54.539229+0800 ERROR empty readline 0
2025-06-13T17:23:54.802818+0800 ERROR empty readline 1
2025-06-13T17:23:54.933060+0800 ERROR readline X:251.1080 Y:235.8340 Z:0.2000 E:104.8383 Count X:87888 Y:82542 Z:400 STA: 5251839

2025-06-13T17:23:54.934588+0800 ERROR readline 

2025-06-13T17:23:55.191224+0800 ERROR empty readline 0
2025-06-13T17:23:55.454185+0800 ERROR empty readline 1
2025-06-13T17:23:55.516633+0800 ERROR readline ok

2025-06-13T17:23:55.530478+0800 ERROR SENT: N128 G0 F3600 X210.685 Y196.26*114
2025-06-13T17:23:55.530478+0800 ERROR write command N128 G0 F3600 X210.685 Y196.26*114
2025-06-13T17:23:55.531470+0800 ERROR second command N128 G0 F3600 X210.685 Y196.26*114
2025-06-13T17:23:55.531470+0800 ERROR finish command N128 G0 F3600 X210.685 Y196.26*114
2025-06-13T17:23:55.536889+0800 ERROR readline ok

2025-06-13T17:23:55.545512+0800 ERROR SENT: N129 G1 F2400 X251.108 Y236.683 E107.83295*14
2025-06-13T17:23:55.546508+0800 ERROR write command N129 G1 F2400 X251.108 Y236.683 E107.83295*14
2025-06-13T17:23:55.546508+0800 ERROR second command N129 G1 F2400 X251.108 Y236.683 E107.83295*14
2025-06-13T17:23:55.547575+0800 ERROR finish command N129 G1 F2400 X251.108 Y236.683 E107.83295*14
2025-06-13T17:23:55.550653+0800 ERROR readline echo: cold extrusion prevented

2025-06-13T17:23:55.808623+0800 ERROR empty readline 0
2025-06-13T17:23:55.932837+0800 ERROR readline X:210.6850 Y:196.2600 Z:0.2000 E:107.8329 Count X:73740 Y:68691 Z:400 STA: 5251839

2025-06-13T17:23:55.935544+0800 ERROR readline 

2025-06-13T17:23:56.197620+0800 ERROR empty readline 0
2025-06-13T17:23:56.462143+0800 ERROR empty readline 1
2025-06-13T17:23:56.726945+0800 ERROR empty readline 2
2025-06-13T17:23:56.826337+0800 ERROR readline ok

2025-06-13T17:23:56.835935+0800 ERROR SENT: N130 G0 F3600 X251.108 Y237.531*71
2025-06-13T17:23:56.835935+0800 ERROR write command N130 G0 F3600 X251.108 Y237.531*71
2025-06-13T17:23:56.836946+0800 ERROR second command N130 G0 F3600 X251.108 Y237.531*71
2025-06-13T17:23:56.836946+0800 ERROR finish command N130 G0 F3600 X251.108 Y237.531*71
2025-06-13T17:23:56.846532+0800 ERROR readline ok

2025-06-13T17:23:56.851064+0800 ERROR SENT: N131 G1 F2400 X209.837 Y196.26 E110.89044*61
2025-06-13T17:23:56.851064+0800 ERROR write command N131 G1 F2400 X209.837 Y196.26 E110.89044*61
2025-06-13T17:23:56.852428+0800 ERROR second command N131 G1 F2400 X209.837 Y196.26 E110.89044*61
2025-06-13T17:23:56.853445+0800 ERROR finish command N131 G1 F2400 X209.837 Y196.26 E110.89044*61
2025-06-13T17:23:56.856458+0800 ERROR readline echo: cold extrusion prevented

2025-06-13T17:23:56.933017+0800 ERROR readline X:251.1080 Y:237.5310 Z:0.2000 E:110.8904 Count X:87888 Y:83136 Z:400 STA: 5251839

2025-06-13T17:23:56.933017+0800 ERROR readline 

2025-06-13T17:23:57.194630+0800 ERROR empty readline 0
2025-06-13T17:23:57.458318+0800 ERROR empty readline 1
2025-06-13T17:23:57.597658+0800 INFO M105

2025-06-13T17:23:57.722243+0800 ERROR empty readline 2
2025-06-13T17:23:57.935247+0800 ERROR readline X:251.1080 Y:237.5310 Z:0.2000 E:110.8904 Count X:87888 Y:83136 Z:400 STA: 5251839

2025-06-13T17:23:57.936772+0800 ERROR readline 

2025-06-13T17:23:58.165311+0800 ERROR readline ok

2025-06-13T17:23:58.171487+0800 ERROR SENT: M105

2025-06-13T17:23:58.171487+0800 ERROR write command M105

2025-06-13T17:23:58.172730+0800 ERROR second command M105

2025-06-13T17:23:58.172730+0800 ERROR finish command M105

2025-06-13T17:23:58.174112+0800 ERROR readline ok

2025-06-13T17:23:58.179339+0800 ERROR readline  T:44.3080 /10 B:41.4750 /10 @:0 B@:0 VER: 1.3.2

2025-06-13T17:23:58.186968+0800 ERROR SENT: N132 G0 F3600 X208.988 Y196.26*114
2025-06-13T17:23:58.188205+0800 ERROR write command N132 G0 F3600 X208.988 Y196.26*114
2025-06-13T17:23:58.188719+0800 ERROR second command N132 G0 F3600 X208.988 Y196.26*114
2025-06-13T17:23:58.189232+0800 ERROR finish command N132 G0 F3600 X208.988 Y196.26*114
2025-06-13T17:23:58.190840+0800 ERROR readline ok

2025-06-13T17:23:58.202485+0800 ERROR SENT: N133 G1 F2400 X251.108 Y238.38 E114.01082*49
2025-06-13T17:23:58.203430+0800 ERROR write command N133 G1 F2400 X251.108 Y238.38 E114.01082*49
2025-06-13T17:23:58.203430+0800 ERROR second command N133 G1 F2400 X251.108 Y238.38 E114.01082*49
2025-06-13T17:23:58.205562+0800 ERROR finish command N133 G1 F2400 X251.108 Y238.38 E114.01082*49
2025-06-13T17:23:58.210420+0800 ERROR readline echo: cold extrusion prevented

2025-06-13T17:23:58.469643+0800 ERROR empty readline 0
2025-06-13T17:23:58.732949+0800 ERROR empty readline 1
2025-06-13T17:23:58.932000+0800 ERROR readline X:208.9880 Y:196.2600 Z:0.2000 E:114.0108 Count X:73146 Y:68691 Z:400 STA: 5251839

2025-06-13T17:23:58.933001+0800 ERROR readline 

2025-06-13T17:23:59.185857+0800 ERROR empty readline 0
2025-06-13T17:23:59.447782+0800 ERROR empty readline 1
2025-06-13T17:23:59.534869+0800 ERROR readline ok

2025-06-13T17:23:59.542324+0800 ERROR SENT: N134 G0 F3600 X251.108 Y239.228*66
2025-06-13T17:23:59.542324+0800 ERROR write command N134 G0 F3600 X251.108 Y239.228*66
2025-06-13T17:23:59.542324+0800 ERROR second command N134 G0 F3600 X251.108 Y239.228*66
2025-06-13T17:23:59.543771+0800 ERROR finish command N134 G0 F3600 X251.108 Y239.228*66
2025-06-13T17:23:59.559297+0800 ERROR readline ok

2025-06-13T17:23:59.574220+0800 ERROR SENT: N135 G1 F2400 X208.14 Y196.26 E117.19402*9
2025-06-13T17:23:59.574220+0800 ERROR write command N135 G1 F2400 X208.14 Y196.26 E117.19402*9
2025-06-13T17:23:59.574220+0800 ERROR second command N135 G1 F2400 X208.14 Y196.26 E117.19402*9
2025-06-13T17:23:59.576364+0800 ERROR finish command N135 G1 F2400 X208.14 Y196.26 E117.19402*9
2025-06-13T17:23:59.581063+0800 ERROR readline echo: cold extrusion prevented

2025-06-13T17:23:59.839394+0800 ERROR empty readline 0
2025-06-13T17:23:59.931562+0800 ERROR readline X:251.1080 Y:239.2280 Z:0.2000 E:117.1940 Count X:87888 Y:83730 Z:400 STA: 5251839

2025-06-13T17:23:59.932564+0800 ERROR readline 

2025-06-13T17:24:00.197734+0800 ERROR empty readline 0
2025-06-13T17:24:00.460417+0800 ERROR empty readline 1
2025-06-13T17:24:00.725100+0800 ERROR empty readline 2
2025-06-13T17:24:00.932910+0800 ERROR readline X:251.1080 Y:239.2280 Z:0.2000 E:117.1940 Count X:87888 Y:83730 Z:400 STA: 5251839

2025-06-13T17:24:00.934435+0800 ERROR readline 

2025-06-13T17:24:00.935946+0800 ERROR readline ok

2025-06-13T17:24:00.942532+0800 ERROR SENT: N136 G0 F3600 X207.291 Y196.26*122
2025-06-13T17:24:00.943520+0800 ERROR write command N136 G0 F3600 X207.291 Y196.26*122
2025-06-13T17:24:00.944549+0800 ERROR second command N136 G0 F3600 X207.291 Y196.26*122
2025-06-13T17:24:00.945062+0800 ERROR finish command N136 G0 F3600 X207.291 Y196.26*122
2025-06-13T17:24:00.953848+0800 ERROR readline ok

2025-06-13T17:24:00.957672+0800 ERROR SENT: N137 G1 F2400 X251.108 Y240.077 E120.44013*15
2025-06-13T17:24:00.958426+0800 ERROR write command N137 G1 F2400 X251.108 Y240.077 E120.44013*15
2025-06-13T17:24:00.959446+0800 ERROR second command N137 G1 F2400 X251.108 Y240.077 E120.44013*15
2025-06-13T17:24:00.960751+0800 ERROR finish command N137 G1 F2400 X251.108 Y240.077 E120.44013*15
2025-06-13T17:24:00.964517+0800 ERROR readline echo: cold extrusion prevented

2025-06-13T17:24:01.222130+0800 ERROR empty readline 0
2025-06-13T17:24:01.483011+0800 ERROR empty readline 1
2025-06-13T17:24:01.742872+0800 ERROR empty readline 2
2025-06-13T17:24:01.933268+0800 ERROR readline X:207.2910 Y:196.2600 Z:0.2000 E:120.4401 Count X:72552 Y:68691 Z:400 STA: 5251839

2025-06-13T17:24:01.934269+0800 ERROR readline 

2025-06-13T17:24:02.193391+0800 ERROR empty readline 0
2025-06-13T17:24:02.363312+0800 ERROR readline ok

2025-06-13T17:24:02.364314+0800 ERROR SENT: N138 G0 F3600 X251.108 Y240.925*70
2025-06-13T17:24:02.365342+0800 ERROR write command N138 G0 F3600 X251.108 Y240.925*70
2025-06-13T17:24:02.365342+0800 ERROR second command N138 G0 F3600 X251.108 Y240.925*70
2025-06-13T17:24:02.366357+0800 ERROR finish command N138 G0 F3600 X251.108 Y240.925*70
2025-06-13T17:24:02.383434+0800 ERROR readline ok

2025-06-13T17:24:02.395500+0800 ERROR SENT: N139 G1 F2400 X206.443 Y196.26 E123.74905*59
2025-06-13T17:24:02.395500+0800 ERROR write command N139 G1 F2400 X206.443 Y196.26 E123.74905*59
2025-06-13T17:24:02.397007+0800 ERROR second command N139 G1 F2400 X206.443 Y196.26 E123.74905*59
2025-06-13T17:24:02.398027+0800 ERROR finish command N139 G1 F2400 X206.443 Y196.26 E123.74905*59
2025-06-13T17:24:02.401593+0800 ERROR readline echo: cold extrusion prevented

2025-06-13T17:24:02.660758+0800 ERROR empty readline 0
2025-06-13T17:24:02.922160+0800 ERROR empty readline 1
2025-06-13T17:24:02.931074+0800 ERROR readline X:251.1080 Y:240.9250 Z:0.2000 E:123.7490 Count X:87888 Y:84324 Z:400 STA: 5251839

2025-06-13T17:24:02.932075+0800 ERROR readline 

2025-06-13T17:24:03.188372+0800 ERROR empty readline 0
2025-06-13T17:24:03.450224+0800 ERROR empty readline 1
2025-06-13T17:24:03.716087+0800 ERROR empty readline 2
2025-06-13T17:24:03.822374+0800 ERROR readline ok

2025-06-13T17:24:03.824890+0800 ERROR SENT: N140 G0 F3600 X205.594 Y196.26*123
2025-06-13T17:24:03.825511+0800 ERROR write command N140 G0 F3600 X205.594 Y196.26*123
2025-06-13T17:24:03.825511+0800 ERROR second command N140 G0 F3600 X205.594 Y196.26*123
2025-06-13T17:24:03.826258+0800 ERROR finish command N140 G0 F3600 X205.594 Y196.26*123
2025-06-13T17:24:03.842609+0800 ERROR readline ok

2025-06-13T17:24:03.855597+0800 ERROR SENT: N141 G1 F2400 X251.108 Y241.774 E127.12087*2
2025-06-13T17:24:03.856108+0800 ERROR write command N141 G1 F2400 X251.108 Y241.774 E127.12087*2
2025-06-13T17:24:03.856772+0800 ERROR second command N141 G1 F2400 X251.108 Y241.774 E127.12087*2
2025-06-13T17:24:03.859056+0800 ERROR finish command N141 G1 F2400 X251.108 Y241.774 E127.12087*2
2025-06-13T17:24:03.862073+0800 ERROR readline echo: cold extrusion prevented

2025-06-13T17:24:03.932023+0800 ERROR readline X:205.5940 Y:196.2600 Z:0.2000 E:127.1209 Count X:71958 Y:68691 Z:400 STA: 5251839

2025-06-13T17:24:03.933018+0800 ERROR readline 

2025-06-13T17:24:04.195393+0800 ERROR empty readline 0
2025-06-13T17:24:04.460545+0800 ERROR empty readline 1
2025-06-13T17:24:04.724427+0800 ERROR empty readline 2
2025-06-13T17:24:04.933476+0800 ERROR readline X:205.5940 Y:196.2600 Z:0.2000 E:127.1209 Count X:71958 Y:68691 Z:400 STA: 5251839

2025-06-13T17:24:04.934525+0800 ERROR readline 

2025-06-13T17:24:05.189634+0800 ERROR empty readline 0
2025-06-13T17:24:05.312661+0800 ERROR readline ok

2025-06-13T17:24:05.326625+0800 ERROR SENT: N142 G0 F3600 X251.108 Y242.622*65
2025-06-13T17:24:05.326625+0800 ERROR write command N142 G0 F3600 X251.108 Y242.622*65
2025-06-13T17:24:05.327769+0800 ERROR second command N142 G0 F3600 X251.108 Y242.622*65
2025-06-13T17:24:05.327769+0800 ERROR finish command N142 G0 F3600 X251.108 Y242.622*65
2025-06-13T17:24:05.332316+0800 ERROR readline ok

2025-06-13T17:24:05.342397+0800 ERROR SENT: N143 G1 F2400 X204.746 Y196.26 E130.55552*61
2025-06-13T17:24:05.342397+0800 ERROR write command N143 G1 F2400 X204.746 Y196.26 E130.55552*61
2025-06-13T17:24:05.343782+0800 ERROR second command N143 G1 F2400 X204.746 Y196.26 E130.55552*61
2025-06-13T17:24:05.344314+0800 ERROR finish command N143 G1 F2400 X204.746 Y196.26 E130.55552*61
2025-06-13T17:24:05.348251+0800 ERROR readline echo: cold extrusion prevented

2025-06-13T17:24:05.605972+0800 ERROR empty readline 0
2025-06-13T17:24:05.871723+0800 ERROR empty readline 1
2025-06-13T17:24:05.932536+0800 ERROR readline X:251.1080 Y:242.6220 Z:0.2000 E:130.5555 Count X:87888 Y:84918 Z:400 STA: 5251839

2025-06-13T17:24:05.933447+0800 ERROR readline 

2025-06-13T17:24:06.199389+0800 ERROR empty readline 0
2025-06-13T17:24:06.463222+0800 ERROR empty readline 1
2025-06-13T17:24:06.714735+0800 ERROR empty readline 2
2025-06-13T17:24:06.833333+0800 ERROR readline ok

2025-06-13T17:24:06.837892+0800 ERROR SENT: N144 G0 F3600 X203.897 Y196.26*119
2025-06-13T17:24:06.837892+0800 ERROR write command N144 G0 F3600 X203.897 Y196.26*119
2025-06-13T17:24:06.839413+0800 ERROR second command N144 G0 F3600 X203.897 Y196.26*119
2025-06-13T17:24:06.839413+0800 ERROR finish command N144 G0 F3600 X203.897 Y196.26*119
2025-06-13T17:24:06.851784+0800 ERROR readline ok

2025-06-13T17:24:06.854295+0800 ERROR SENT: N145 G1 F2400 X251.108 Y243.471 E134.05306*12
2025-06-13T17:24:06.854295+0800 ERROR write command N145 G1 F2400 X251.108 Y243.471 E134.05306*12
2025-06-13T17:24:06.854295+0800 ERROR second command N145 G1 F2400 X251.108 Y243.471 E134.05306*12
2025-06-13T17:24:06.855808+0800 ERROR finish command N145 G1 F2400 X251.108 Y243.471 E134.05306*12
2025-06-13T17:24:06.859344+0800 ERROR readline echo: cold extrusion prevented

2025-06-13T17:24:06.932131+0800 ERROR readline X:203.8970 Y:196.2600 Z:0.2000 E:134.0531 Count X:71364 Y:68691 Z:400 STA: 5251839

2025-06-13T17:24:06.935144+0800 ERROR readline 

2025-06-13T17:24:07.041616+0800 INFO M105

2025-06-13T17:24:07.197968+0800 ERROR empty readline 0
2025-06-13T17:24:07.462618+0800 ERROR empty readline 1
2025-06-13T17:24:07.725595+0800 ERROR empty readline 2
2025-06-13T17:24:07.932411+0800 ERROR readline X:203.8970 Y:196.2600 Z:0.2000 E:134.0531 Count X:71364 Y:68691 Z:400 STA: 5251839

2025-06-13T17:24:07.934444+0800 ERROR readline 

2025-06-13T17:24:08.192178+0800 ERROR empty readline 0
2025-06-13T17:24:08.382638+0800 ERROR readline ok

2025-06-13T17:24:08.385156+0800 ERROR readline echo:broken has bigen

2025-06-13T17:24:08.394731+0800 ERROR SENT: M105

2025-06-13T17:24:08.394731+0800 ERROR write command M105

2025-06-13T17:24:08.396239+0800 ERROR second command M105

2025-06-13T17:24:08.397250+0800 ERROR finish command M105

2025-06-13T17:24:08.398250+0800 ERROR readline ok

2025-06-13T17:24:08.402283+0800 ERROR readline  T:43.8616 /10 B:41.4750 /10 @:0 B@:0 VER: 1.3.2

2025-06-13T17:24:08.410334+0800 ERROR SENT: N146 G0 F3600 X251.108 Y244.32*116
2025-06-13T17:24:08.410334+0800 ERROR write command N146 G0 F3600 X251.108 Y244.32*116
2025-06-13T17:24:08.411333+0800 ERROR second command N146 G0 F3600 X251.108 Y244.32*116
2025-06-13T17:24:08.412341+0800 ERROR finish command N146 G0 F3600 X251.108 Y244.32*116
2025-06-13T17:24:08.413341+0800 ERROR readline ok

2025-06-13T17:24:08.426427+0800 ERROR SENT: N147 G1 F2400 X203.049 Y196.26 E137.61346*53
2025-06-13T17:24:08.426940+0800 ERROR write command N147 G1 F2400 X203.049 Y196.26 E137.61346*53
2025-06-13T17:24:08.426940+0800 ERROR second command N147 G1 F2400 X203.049 Y196.26 E137.61346*53
2025-06-13T17:24:08.428440+0800 ERROR finish command N147 G1 F2400 X203.049 Y196.26 E137.61346*53
2025-06-13T17:24:08.433016+0800 ERROR readline echo: cold extrusion prevented

2025-06-13T17:24:08.695818+0800 ERROR empty readline 0
2025-06-13T17:24:08.932789+0800 ERROR readline X:251.1080 Y:244.3200 Z:0.2000 E:137.6135 Count X:87888 Y:85512 Z:400 STA: 5252863

2025-06-13T17:24:08.932789+0800 ERROR readline 

2025-06-13T17:24:09.191683+0800 ERROR empty readline 0
2025-06-13T17:24:09.457269+0800 ERROR empty readline 1
2025-06-13T17:24:09.724963+0800 ERROR empty readline 2
2025-06-13T17:24:09.932320+0800 ERROR readline X:251.1080 Y:244.3200 Z:0.2000 E:137.6135 Count X:87888 Y:85512 Z:400 STA: 5252863

2025-06-13T17:24:09.934317+0800 ERROR readline 

2025-06-13T17:24:09.962248+0800 ERROR readline ok

2025-06-13T17:24:09.974301+0800 ERROR SENT: N148 G0 F3600 X202.2 Y196.26*126
2025-06-13T17:24:09.975317+0800 ERROR write command N148 G0 F3600 X202.2 Y196.26*126
2025-06-13T17:24:09.976317+0800 ERROR second command N148 G0 F3600 X202.2 Y196.26*126
2025-06-13T17:24:09.976826+0800 ERROR finish command N148 G0 F3600 X202.2 Y196.26*126
2025-06-13T17:24:09.982363+0800 ERROR readline ok

2025-06-13T17:24:09.989900+0800 ERROR SENT: N149 G1 F2400 X251.108 Y245.168 E141.23672*11
2025-06-13T17:24:09.989900+0800 ERROR write command N149 G1 F2400 X251.108 Y245.168 E141.23672*11
2025-06-13T17:24:09.991410+0800 ERROR second command N149 G1 F2400 X251.108 Y245.168 E141.23672*11
2025-06-13T17:24:09.993421+0800 ERROR finish command N149 G1 F2400 X251.108 Y245.168 E141.23672*11
2025-06-13T17:24:09.996437+0800 ERROR readline echo: cold extrusion prevented

2025-06-13T17:24:10.254583+0800 ERROR empty readline 0
2025-06-13T17:24:10.507845+0800 ERROR empty readline 1
2025-06-13T17:24:10.771898+0800 ERROR empty readline 2
2025-06-13T17:24:10.931832+0800 ERROR readline X:202.2000 Y:196.2600 Z:0.2000 E:141.2367 Count X:70770 Y:68691 Z:400 STA: 5252863

2025-06-13T17:24:10.935849+0800 ERROR readline 

2025-06-13T17:24:11.191434+0800 ERROR empty readline 0
2025-06-13T17:24:11.455328+0800 ERROR empty readline 1
2025-06-13T17:24:11.573219+0800 ERROR readline ok

2025-06-13T17:24:11.579900+0800 ERROR SENT: N150 G0 F3600 X251.108 Y246.017*70
2025-06-13T17:24:11.579900+0800 ERROR write command N150 G0 F3600 X251.108 Y246.017*70
2025-06-13T17:24:11.581193+0800 ERROR second command N150 G0 F3600 X251.108 Y246.017*70
2025-06-13T17:24:11.581193+0800 ERROR finish command N150 G0 F3600 X251.108 Y246.017*70
2025-06-13T17:24:11.592622+0800 ERROR readline ok

2025-06-13T17:24:11.595158+0800 ERROR SENT: N151 G1 F2400 X201.351 Y196.26 E144.92287*62
2025-06-13T17:24:11.595158+0800 ERROR write command N151 G1 F2400 X201.351 Y196.26 E144.92287*62
2025-06-13T17:24:11.596555+0800 ERROR second command N151 G1 F2400 X201.351 Y196.26 E144.92287*62
2025-06-13T17:24:11.598201+0800 ERROR finish command N151 G1 F2400 X201.351 Y196.26 E144.92287*62
2025-06-13T17:24:11.600753+0800 ERROR readline echo: cold extrusion prevented

2025-06-13T17:24:11.858087+0800 ERROR empty readline 0
2025-06-13T17:24:11.931322+0800 ERROR readline X:251.1080 Y:246.0170 Z:0.2000 E:144.9229 Count X:87888 Y:86106 Z:400 STA: 5252863

2025-06-13T17:24:11.934315+0800 ERROR readline 

2025-06-13T17:24:12.201992+0800 ERROR empty readline 0
2025-06-13T17:24:12.466801+0800 ERROR empty readline 1
2025-06-13T17:24:12.730378+0800 ERROR empty readline 2
2025-06-13T17:24:12.930999+0800 ERROR readline X:251.1080 Y:246.0170 Z:0.2000 E:144.9229 Count X:87888 Y:86106 Z:400 STA: 5252863

2025-06-13T17:24:12.933009+0800 ERROR readline 

2025-06-13T17:24:13.184573+0800 ERROR empty readline 0
2025-06-13T17:24:13.212827+0800 ERROR readline ok

2025-06-13T17:24:13.215359+0800 ERROR SENT: N152 G0 F3600 X200.503 Y196.26*115
2025-06-13T17:24:13.216382+0800 ERROR write command N152 G0 F3600 X200.503 Y196.26*115
2025-06-13T17:24:13.216382+0800 ERROR second command N152 G0 F3600 X200.503 Y196.26*115
2025-06-13T17:24:13.217396+0800 ERROR finish command N152 G0 F3600 X200.503 Y196.26*115
2025-06-13T17:24:13.233108+0800 ERROR readline ok

2025-06-13T17:24:13.245497+0800 ERROR SENT: N153 G1 F2400 X251.108 Y246.865 E148.67185*1
2025-06-13T17:24:13.245497+0800 ERROR write command N153 G1 F2400 X251.108 Y246.865 E148.67185*1
2025-06-13T17:24:13.247030+0800 ERROR second command N153 G1 F2400 X251.108 Y246.865 E148.67185*1
2025-06-13T17:24:13.248034+0800 ERROR finish command N153 G1 F2400 X251.108 Y246.865 E148.67185*1
2025-06-13T17:24:13.252425+0800 ERROR readline echo: cold extrusion prevented

2025-06-13T17:24:13.509276+0800 ERROR empty readline 0
2025-06-13T17:24:13.771326+0800 ERROR empty readline 1
2025-06-13T17:24:13.931355+0800 ERROR readline X:200.5030 Y:196.2600 Z:0.2000 E:148.6718 Count X:70176 Y:68691 Z:400 STA: 5252863

2025-06-13T17:24:13.933363+0800 ERROR readline 

2025-06-13T17:24:14.194074+0800 ERROR empty readline 0
2025-06-13T17:24:14.457684+0800 ERROR empty readline 1
2025-06-13T17:24:14.722997+0800 ERROR empty readline 2
2025-06-13T17:24:14.883011+0800 ERROR readline ok

2025-06-13T17:24:14.898587+0800 ERROR SENT: N154 G0 F3600 X251.108 Y247.714*71
2025-06-13T17:24:14.899235+0800 ERROR write command N154 G0 F3600 X251.108 Y247.714*71
2025-06-13T17:24:14.900247+0800 ERROR second command N154 G0 F3600 X251.108 Y247.714*71
2025-06-13T17:24:14.901248+0800 ERROR finish command N154 G0 F3600 X251.108 Y247.714*71
2025-06-13T17:24:14.904264+0800 ERROR readline ok

2025-06-13T17:24:14.914550+0800 ERROR SENT: N155 G1 F2400 X199.654 Y196.26 E152.48373*50
2025-06-13T17:24:14.914550+0800 ERROR write command N155 G1 F2400 X199.654 Y196.26 E152.48373*50
2025-06-13T17:24:14.914550+0800 ERROR second command N155 G1 F2400 X199.654 Y196.26 E152.48373*50
2025-06-13T17:24:14.916058+0800 ERROR finish command N155 G1 F2400 X199.654 Y196.26 E152.48373*50
2025-06-13T17:24:14.920584+0800 ERROR readline echo: cold extrusion prevented

2025-06-13T17:24:14.931213+0800 ERROR readline X:251.1080 Y:247.7140 Z:0.2000 E:152.4837 Count X:87888 Y:86700 Z:400 STA: 5252863

2025-06-13T17:24:14.932228+0800 ERROR readline 

2025-06-13T17:24:15.192859+0800 ERROR empty readline 0
2025-06-13T17:24:15.457409+0800 ERROR empty readline 1
2025-06-13T17:24:15.720809+0800 ERROR empty readline 2
2025-06-13T17:24:15.929346+0800 ERROR readline X:251.1080 Y:247.7140 Z:0.2000 E:152.4837 Count X:87888 Y:86700 Z:400 STA: 5252863

2025-06-13T17:24:15.931361+0800 ERROR readline 

2025-06-13T17:24:16.186817+0800 ERROR empty readline 0
2025-06-13T17:24:16.434974+0800 INFO M105

2025-06-13T17:24:16.450615+0800 ERROR empty readline 1
2025-06-13T17:24:16.585059+0800 ERROR readline ok

2025-06-13T17:24:16.591347+0800 ERROR SENT: M105

2025-06-13T17:24:16.591347+0800 ERROR write command M105

2025-06-13T17:24:16.592734+0800 ERROR second command M105

2025-06-13T17:24:16.592734+0800 ERROR finish command M105

2025-06-13T17:24:16.594246+0800 ERROR readline ok

2025-06-13T17:24:16.597794+0800 ERROR readline  T:43.0804 /10 B:41.4188 /10 @:0 B@:0 VER: 1.3.2

2025-06-13T17:24:16.606988+0800 ERROR SENT: N156 G0 F3600 X198.806 Y196.26*125
2025-06-13T17:24:16.606988+0800 ERROR write command N156 G0 F3600 X198.806 Y196.26*125
2025-06-13T17:24:16.607994+0800 ERROR second command N156 G0 F3600 X198.806 Y196.26*125
2025-06-13T17:24:16.608995+0800 ERROR finish command N156 G0 F3600 X198.806 Y196.26*125
2025-06-13T17:24:16.610525+0800 ERROR readline ok

2025-06-13T17:24:16.622553+0800 ERROR SENT: N157 G1 F2400 X251.108 Y248.562 E156.35843*10
2025-06-13T17:24:16.623546+0800 ERROR write command N157 G1 F2400 X251.108 Y248.562 E156.35843*10
2025-06-13T17:24:16.624544+0800 ERROR second command N157 G1 F2400 X251.108 Y248.562 E156.35843*10
2025-06-13T17:24:16.626429+0800 ERROR finish command N157 G1 F2400 X251.108 Y248.562 E156.35843*10
2025-06-13T17:24:16.629965+0800 ERROR readline echo: cold extrusion prevented

2025-06-13T17:24:16.889432+0800 ERROR empty readline 0
2025-06-13T17:24:16.930266+0800 ERROR readline X:198.8060 Y:196.2600 Z:0.2000 E:156.3584 Count X:69582 Y:68691 Z:400 STA: 5252863

2025-06-13T17:24:16.930777+0800 ERROR readline 

2025-06-13T17:24:17.187268+0800 ERROR empty readline 0
2025-06-13T17:24:17.449254+0800 ERROR empty readline 1
2025-06-13T17:24:17.715781+0800 ERROR empty readline 2
2025-06-13T17:24:17.934701+0800 ERROR readline X:198.8060 Y:196.2600 Z:0.2000 E:156.3584 Count X:69582 Y:68691 Z:400 STA: 5252863

2025-06-13T17:24:17.937222+0800 ERROR readline 

2025-06-13T17:24:18.199327+0800 ERROR empty readline 0
2025-06-13T17:24:18.314788+0800 ERROR readline ok

2025-06-13T17:24:18.326490+0800 ERROR SENT: N158 G0 F3600 X251.108 Y249.411*67
2025-06-13T17:24:18.327001+0800 ERROR write command N158 G0 F3600 X251.108 Y249.411*67
2025-06-13T17:24:18.327001+0800 ERROR second command N158 G0 F3600 X251.108 Y249.411*67
2025-06-13T17:24:18.328260+0800 ERROR finish command N158 G0 F3600 X251.108 Y249.411*67
2025-06-13T17:24:18.335891+0800 ERROR readline ok

2025-06-13T17:24:18.342069+0800 ERROR SENT: N159 G1 F2400 X197.957 Y196.26 E160.29602*57
2025-06-13T17:24:18.342069+0800 ERROR write command N159 G1 F2400 X197.957 Y196.26 E160.29602*57
2025-06-13T17:24:18.343046+0800 ERROR second command N159 G1 F2400 X197.957 Y196.26 E160.29602*57
2025-06-13T17:24:18.343046+0800 ERROR finish command N159 G1 F2400 X197.957 Y196.26 E160.29602*57
2025-06-13T17:24:18.346157+0800 ERROR readline echo: cold extrusion prevented

2025-06-13T17:24:18.607254+0800 ERROR empty readline 0
2025-06-13T17:24:18.872052+0800 ERROR empty readline 1
2025-06-13T17:24:18.932882+0800 ERROR readline X:251.1080 Y:249.4110 Z:0.2000 E:160.2960 Count X:87888 Y:87294 Z:400 STA: 5252863

2025-06-13T17:24:18.934402+0800 ERROR readline 

2025-06-13T17:24:19.199249+0800 ERROR empty readline 0
2025-06-13T17:24:19.463135+0800 ERROR empty readline 1
2025-06-13T17:24:19.727282+0800 ERROR empty readline 2
2025-06-13T17:24:19.932743+0800 ERROR readline X:251.1080 Y:249.4110 Z:0.2000 E:160.2960 Count X:87888 Y:87294 Z:400 STA: 5252863

2025-06-13T17:24:19.932743+0800 ERROR readline 

2025-06-13T17:24:20.076581+0800 ERROR readline ok

2025-06-13T17:24:20.086696+0800 ERROR SENT: N160 G0 F3600 X197.109 Y196.26*113
2025-06-13T17:24:20.086696+0800 ERROR write command N160 G0 F3600 X197.109 Y196.26*113
2025-06-13T17:24:20.087710+0800 ERROR second command N160 G0 F3600 X197.109 Y196.26*113
2025-06-13T17:24:20.087710+0800 ERROR finish command N160 G0 F3600 X197.109 Y196.26*113
2025-06-13T17:24:20.097164+0800 ERROR readline ok

2025-06-13T17:24:20.101690+0800 ERROR SENT: N161 G1 F2400 X251.108 Y250.259 E164.29644*12
2025-06-13T17:24:20.102706+0800 ERROR write command N161 G1 F2400 X251.108 Y250.259 E164.29644*12
2025-06-13T17:24:20.102706+0800 ERROR second command N161 G1 F2400 X251.108 Y250.259 E164.29644*12
2025-06-13T17:24:20.104178+0800 ERROR finish command N161 G1 F2400 X251.108 Y250.259 E164.29644*12
2025-06-13T17:24:20.109079+0800 ERROR readline echo: cold extrusion prevented

2025-06-13T17:24:20.368346+0800 ERROR empty readline 0
2025-06-13T17:24:20.633345+0800 ERROR empty readline 1
2025-06-13T17:24:20.899462+0800 ERROR empty readline 2
2025-06-13T17:24:20.931686+0800 ERROR readline X:197.1090 Y:196.2600 Z:0.2000 E:164.2964 Count X:68988 Y:68691 Z:400 STA: 5252863

2025-06-13T17:24:20.932940+0800 ERROR readline 

2025-06-13T17:24:21.198082+0800 ERROR empty readline 0
2025-06-13T17:24:21.450421+0800 ERROR empty readline 1
2025-06-13T17:24:21.701635+0800 ERROR empty readline 2
2025-06-13T17:24:21.868009+0800 ERROR readline ok

2025-06-13T17:24:21.876070+0800 ERROR SENT: N162 G0 F3600 X251.108 Y251.108*78
2025-06-13T17:24:21.877080+0800 ERROR write command N162 G0 F3600 X251.108 Y251.108*78
2025-06-13T17:24:21.877080+0800 ERROR second command N162 G0 F3600 X251.108 Y251.108*78
2025-06-13T17:24:21.878080+0800 ERROR finish command N162 G0 F3600 X251.108 Y251.108*78
2025-06-13T17:24:21.887646+0800 ERROR readline ok

2025-06-13T17:24:21.892175+0800 ERROR SENT: N163 G1 F2400 X196.26 Y196.26 E168.35975*4
2025-06-13T17:24:21.892175+0800 ERROR write command N163 G1 F2400 X196.26 Y196.26 E168.35975*4
2025-06-13T17:24:21.893182+0800 ERROR second command N163 G1 F2400 X196.26 Y196.26 E168.35975*4
2025-06-13T17:24:21.894179+0800 ERROR finish command N163 G1 F2400 X196.26 Y196.26 E168.35975*4
2025-06-13T17:24:21.897711+0800 ERROR readline echo: cold extrusion prevented

2025-06-13T17:24:21.932385+0800 ERROR readline X:251.1080 Y:251.1080 Z:0.2000 E:168.3598 Count X:87888 Y:87888 Z:400 STA: 5252863

2025-06-13T17:24:21.933385+0800 ERROR readline 

2025-06-13T17:24:22.187435+0800 ERROR empty readline 0
2025-06-13T17:24:22.441504+0800 ERROR empty readline 1
2025-06-13T17:24:22.694309+0800 ERROR empty readline 2
2025-06-13T17:24:22.933282+0800 ERROR readline X:251.1080 Y:251.1080 Z:0.2000 E:168.3598 Count X:87888 Y:87888 Z:400 STA: 5252863

2025-06-13T17:24:22.934285+0800 ERROR readline 

2025-06-13T17:24:23.195155+0800 ERROR empty readline 0
2025-06-13T17:24:23.460721+0800 ERROR empty readline 1
2025-06-13T17:24:23.689432+0800 ERROR readline ok

2025-06-13T17:24:23.697685+0800 ERROR SENT: N164 G0 F3600 X195.412 Y196.26*120
2025-06-13T17:24:23.698779+0800 ERROR write command N164 G0 F3600 X195.412 Y196.26*120
2025-06-13T17:24:23.699691+0800 ERROR second command N164 G0 F3600 X195.412 Y196.26*120
2025-06-13T17:24:23.700715+0800 ERROR finish command N164 G0 F3600 X195.412 Y196.26*120
2025-06-13T17:24:23.709334+0800 ERROR readline ok

2025-06-13T17:24:23.712415+0800 ERROR SENT: N165 G1 F2400 X251.108 Y251.956 E172.48589*15
2025-06-13T17:24:23.713924+0800 ERROR write command N165 G1 F2400 X251.108 Y251.956 E172.48589*15
2025-06-13T17:24:23.716702+0800 ERROR second command N165 G1 F2400 X251.108 Y251.956 E172.48589*15
2025-06-13T17:24:23.716702+0800 ERROR finish command N165 G1 F2400 X251.108 Y251.956 E172.48589*15
2025-06-13T17:24:23.721486+0800 ERROR readline echo: cold extrusion prevented

2025-06-13T17:24:23.931629+0800 ERROR readline X:195.4120 Y:196.2600 Z:0.2000 E:172.4859 Count X:68394 Y:68691 Z:400 STA: 5252863

2025-06-13T17:24:23.934150+0800 ERROR readline 

2025-06-13T17:24:24.197359+0800 ERROR empty readline 0
2025-06-13T17:24:24.449778+0800 ERROR empty readline 1
2025-06-13T17:24:24.715343+0800 ERROR empty readline 2
2025-06-13T17:24:24.932304+0800 ERROR readline X:195.4120 Y:196.2600 Z:0.2000 E:172.4859 Count X:68394 Y:68691 Z:400 STA: 5252863

2025-06-13T17:24:24.933306+0800 ERROR readline 

2025-06-13T17:24:25.199023+0800 ERROR empty readline 0
2025-06-13T17:24:25.461799+0800 ERROR empty readline 1
2025-06-13T17:24:25.541011+0800 ERROR readline ok

2025-06-13T17:24:25.555152+0800 ERROR SENT: N166 G0 F3600 X251.023 Y252.72*125
2025-06-13T17:24:25.556160+0800 ERROR write command N166 G0 F3600 X251.023 Y252.72*125
2025-06-13T17:24:25.557685+0800 ERROR second command N166 G0 F3600 X251.023 Y252.72*125
2025-06-13T17:24:25.557685+0800 ERROR finish command N166 G0 F3600 X251.023 Y252.72*125
2025-06-13T17:24:25.560209+0800 ERROR readline ok

2025-06-13T17:24:25.570792+0800 ERROR SENT: N167 G1 F2400 X194.648 Y196.345 E176.66233*10
2025-06-13T17:24:25.571792+0800 ERROR write command N167 G1 F2400 X194.648 Y196.345 E176.66233*10
2025-06-13T17:24:25.572802+0800 ERROR second command N167 G1 F2400 X194.648 Y196.345 E176.66233*10
2025-06-13T17:24:25.575497+0800 ERROR finish command N167 G1 F2400 X194.648 Y196.345 E176.66233*10
2025-06-13T17:24:25.580273+0800 ERROR readline echo: cold extrusion prevented

2025-06-13T17:24:25.756445+0800 INFO M105

2025-06-13T17:24:25.834388+0800 ERROR empty readline 0
2025-06-13T17:24:25.930365+0800 ERROR readline X:251.0230 Y:252.7200 Z:0.2000 E:176.6623 Count X:87858 Y:88452 Z:400 STA: 5252863

2025-06-13T17:24:25.932879+0800 ERROR readline 

2025-06-13T17:24:26.192919+0800 ERROR empty readline 0
2025-06-13T17:24:26.456848+0800 ERROR empty readline 1
2025-06-13T17:24:26.722056+0800 ERROR empty readline 2
2025-06-13T17:24:26.933035+0800 ERROR readline X:251.0230 Y:252.7200 Z:0.2000 E:176.6623 Count X:87858 Y:88452 Z:400 STA: 5252863

2025-06-13T17:24:26.933035+0800 ERROR readline 

2025-06-13T17:24:27.189141+0800 ERROR empty readline 0
2025-06-13T17:24:27.421460+0800 ERROR readline ok

2025-06-13T17:24:27.427504+0800 ERROR SENT: M105

2025-06-13T17:24:27.428486+0800 ERROR write command M105

2025-06-13T17:24:27.428486+0800 ERROR second command M105

2025-06-13T17:24:27.429483+0800 ERROR finish command M105

2025-06-13T17:24:27.429991+0800 ERROR readline ok

2025-06-13T17:24:27.433008+0800 ERROR readline  T:43.1920 /10 B:41.3812 /10 @:0 B@:0 VER: 1.3.2

2025-06-13T17:24:27.443083+0800 ERROR SENT: N168 G0 F3600 X194.648 Y197.194*65
2025-06-13T17:24:27.443083+0800 ERROR write command N168 G0 F3600 X194.648 Y197.194*65
2025-06-13T17:24:27.444596+0800 ERROR second command N168 G0 F3600 X194.648 Y197.194*65
2025-06-13T17:24:27.444596+0800 ERROR finish command N168 G0 F3600 X194.648 Y197.194*65
2025-06-13T17:24:27.446112+0800 ERROR readline ok

2025-06-13T17:24:27.459289+0800 ERROR SENT: N169 G1 F2400 X250.174 Y252.72 E180.77587*58
2025-06-13T17:24:27.459289+0800 ERROR write command N169 G1 F2400 X250.174 Y252.72 E180.77587*58
2025-06-13T17:24:27.460521+0800 ERROR second command N169 G1 F2400 X250.174 Y252.72 E180.77587*58
2025-06-13T17:24:27.461538+0800 ERROR finish command N169 G1 F2400 X250.174 Y252.72 E180.77587*58
2025-06-13T17:24:27.465903+0800 ERROR readline echo: cold extrusion prevented

2025-06-13T17:24:27.724199+0800 ERROR empty readline 0
2025-06-13T17:24:27.930416+0800 ERROR readline X:194.6480 Y:197.1940 Z:0.2000 E:180.7759 Count X:68127 Y:69018 Z:400 STA: 5252863

2025-06-13T17:24:27.931434+0800 ERROR readline 

2025-06-13T17:24:28.186911+0800 ERROR empty readline 0
2025-06-13T17:24:28.448385+0800 ERROR empty readline 1
2025-06-13T17:24:28.713129+0800 ERROR empty readline 2
2025-06-13T17:24:28.934352+0800 ERROR readline X:194.6480 Y:197.1940 Z:0.2000 E:180.7759 Count X:68127 Y:69018 Z:400 STA: 5252863

2025-06-13T17:24:28.937930+0800 ERROR readline 

2025-06-13T17:24:29.198136+0800 ERROR empty readline 0
2025-06-13T17:24:29.333217+0800 ERROR readline ok

2025-06-13T17:24:29.339308+0800 ERROR SENT: N170 G0 F3600 X249.326 Y252.72*117
2025-06-13T17:24:29.340322+0800 ERROR write command N170 G0 F3600 X249.326 Y252.72*117
2025-06-13T17:24:29.341321+0800 ERROR second command N170 G0 F3600 X249.326 Y252.72*117
2025-06-13T17:24:29.341321+0800 ERROR finish command N170 G0 F3600 X249.326 Y252.72*117
2025-06-13T17:24:29.353507+0800 ERROR readline ok

2025-06-13T17:24:29.354480+0800 ERROR SENT: N171 G1 F2400 X194.648 Y198.042 E184.82659*8
2025-06-13T17:24:29.355006+0800 ERROR write command N171 G1 F2400 X194.648 Y198.042 E184.82659*8
2025-06-13T17:24:29.355006+0800 ERROR second command N171 G1 F2400 X194.648 Y198.042 E184.82659*8
2025-06-13T17:24:29.356718+0800 ERROR finish command N171 G1 F2400 X194.648 Y198.042 E184.82659*8
2025-06-13T17:24:29.360277+0800 ERROR readline echo: cold extrusion prevented

2025-06-13T17:24:29.620807+0800 ERROR empty readline 0
2025-06-13T17:24:29.872511+0800 ERROR empty readline 1
2025-06-13T17:24:29.929315+0800 ERROR readline X:249.3260 Y:252.7200 Z:0.2000 E:184.8266 Count X:87264 Y:88452 Z:400 STA: 5252863

2025-06-13T17:24:29.932332+0800 ERROR readline 

2025-06-13T17:24:30.187996+0800 ERROR empty readline 0
2025-06-13T17:24:30.442500+0800 ERROR empty readline 1
2025-06-13T17:24:30.695195+0800 ERROR empty readline 2
2025-06-13T17:24:30.932817+0800 ERROR readline X:249.3260 Y:252.7200 Z:0.2000 E:184.8266 Count X:87264 Y:88452 Z:400 STA: 5252863

2025-06-13T17:24:30.934329+0800 ERROR readline 

2025-06-13T17:24:31.192802+0800 ERROR empty readline 0
2025-06-13T17:24:31.275574+0800 ERROR readline ok

2025-06-13T17:24:31.285247+0800 ERROR SENT: N172 G0 F3600 X194.648 Y198.891*73
2025-06-13T17:24:31.286745+0800 ERROR write command N172 G0 F3600 X194.648 Y198.891*73
2025-06-13T17:24:31.287767+0800 ERROR second command N172 G0 F3600 X194.648 Y198.891*73
2025-06-13T17:24:31.287767+0800 ERROR finish command N172 G0 F3600 X194.648 Y198.891*73
2025-06-13T17:24:31.295314+0800 ERROR readline ok

2025-06-13T17:24:31.301179+0800 ERROR SENT: N173 G1 F2400 X248.477 Y252.72 E188.81441*52
2025-06-13T17:24:31.301179+0800 ERROR write command N173 G1 F2400 X248.477 Y252.72 E188.81441*52
2025-06-13T17:24:31.302229+0800 ERROR second command N173 G1 F2400 X248.477 Y252.72 E188.81441*52
2025-06-13T17:24:31.302229+0800 ERROR finish command N173 G1 F2400 X248.477 Y252.72 E188.81441*52
2025-06-13T17:24:31.306540+0800 ERROR readline echo: cold extrusion prevented

2025-06-13T17:24:31.570985+0800 ERROR empty readline 0
2025-06-13T17:24:31.835002+0800 ERROR empty readline 1
2025-06-13T17:24:31.930903+0800 ERROR readline X:194.6480 Y:198.8910 Z:0.2000 E:188.8144 Count X:68127 Y:69612 Z:400 STA: 5252863

2025-06-13T17:24:31.932915+0800 ERROR readline 

2025-06-13T17:24:32.194567+0800 ERROR empty readline 0
2025-06-13T17:24:32.461350+0800 ERROR empty readline 1
2025-06-13T17:24:32.725876+0800 ERROR empty readline 2
2025-06-13T17:24:32.931205+0800 ERROR readline X:194.6480 Y:198.8910 Z:0.2000 E:188.8144 Count X:68127 Y:69612 Z:400 STA: 5252863

2025-06-13T17:24:32.932195+0800 ERROR readline 

2025-06-13T17:24:33.191292+0800 ERROR empty readline 0
2025-06-13T17:24:33.247976+0800 ERROR readline ok

2025-06-13T17:24:33.254204+0800 ERROR SENT: N174 G0 F3600 X247.629 Y252.72*117
2025-06-13T17:24:33.255220+0800 ERROR write command N174 G0 F3600 X247.629 Y252.72*117
2025-06-13T17:24:33.256216+0800 ERROR second command N174 G0 F3600 X247.629 Y252.72*117
2025-06-13T17:24:33.256727+0800 ERROR finish command N174 G0 F3600 X247.629 Y252.72*117
2025-06-13T17:24:33.267585+0800 ERROR readline ok

2025-06-13T17:24:33.270141+0800 ERROR SENT: N175 G1 F2400 X194.648 Y199.739 E192.73941*9
2025-06-13T17:24:33.271126+0800 ERROR write command N175 G1 F2400 X194.648 Y199.739 E192.73941*9
2025-06-13T17:24:33.272146+0800 ERROR second command N175 G1 F2400 X194.648 Y199.739 E192.73941*9
2025-06-13T17:24:33.273143+0800 ERROR finish command N175 G1 F2400 X194.648 Y199.739 E192.73941*9
2025-06-13T17:24:33.278194+0800 ERROR readline echo: cold extrusion prevented

2025-06-13T17:24:33.534749+0800 ERROR empty readline 0
2025-06-13T17:24:33.800200+0800 ERROR empty readline 1
2025-06-13T17:24:33.931922+0800 ERROR readline X:247.6290 Y:252.7200 Z:0.2000 E:192.7394 Count X:86670 Y:88452 Z:400 STA: 5252863

2025-06-13T17:24:33.932921+0800 ERROR readline 

2025-06-13T17:24:34.189614+0800 ERROR empty readline 0
2025-06-13T17:24:34.450466+0800 ERROR empty readline 1
2025-06-13T17:24:34.713133+0800 ERROR empty readline 2
2025-06-13T17:24:34.930899+0800 ERROR readline X:247.6290 Y:252.7200 Z:0.2000 E:192.7394 Count X:86670 Y:88452 Z:400 STA: 5252863

2025-06-13T17:24:34.932903+0800 ERROR readline 

2025-06-13T17:24:35.104672+0800 INFO M105

2025-06-13T17:24:35.199319+0800 ERROR empty readline 0
2025-06-13T17:24:35.256207+0800 ERROR readline ok

2025-06-13T17:24:35.261234+0800 ERROR SENT: M105

2025-06-13T17:24:35.262241+0800 ERROR write command M105

2025-06-13T17:24:35.262241+0800 ERROR second command M105

2025-06-13T17:24:35.263241+0800 ERROR finish command M105

2025-06-13T17:24:35.270547+0800 ERROR readline ok

2025-06-13T17:24:35.273544+0800 ERROR readline  T:43.5268 /10 B:41.3625 /10 @:0 B@:0 VER: 1.3.2

2025-06-13T17:24:35.280967+0800 ERROR SENT: N176 G0 F3600 X194.648 Y200.588*74
2025-06-13T17:24:35.281983+0800 ERROR write command N176 G0 F3600 X194.648 Y200.588*74
2025-06-13T17:24:35.282985+0800 ERROR second command N176 G0 F3600 X194.648 Y200.588*74
2025-06-13T17:24:35.282985+0800 ERROR finish command N176 G0 F3600 X194.648 Y200.588*74
2025-06-13T17:24:35.284498+0800 ERROR readline ok

2025-06-13T17:24:35.292574+0800 ERROR SENT: N177 G1 F2400 X246.78 Y252.72 E196.60152*2
2025-06-13T17:24:35.292574+0800 ERROR write command N177 G1 F2400 X246.78 Y252.72 E196.60152*2
2025-06-13T17:24:35.293550+0800 ERROR second command N177 G1 F2400 X246.78 Y252.72 E196.60152*2
2025-06-13T17:24:35.294561+0800 ERROR finish command N177 G1 F2400 X246.78 Y252.72 E196.60152*2
2025-06-13T17:24:35.299279+0800 ERROR readline echo: cold extrusion prevented

2025-06-13T17:24:35.559372+0800 ERROR empty readline 0
2025-06-13T17:24:35.822272+0800 ERROR empty readline 1
2025-06-13T17:24:35.929015+0800 ERROR readline X:194.6480 Y:200.5880 Z:0.2000 E:196.6015 Count X:68127 Y:70206 Z:400 STA: 5252863

2025-06-13T17:24:35.931555+0800 ERROR readline 

2025-06-13T17:24:36.182795+0800 ERROR empty readline 0
2025-06-13T17:24:36.435319+0800 ERROR empty readline 1
2025-06-13T17:24:36.699327+0800 ERROR empty readline 2
2025-06-13T17:24:36.930396+0800 ERROR readline X:194.6480 Y:200.5880 Z:0.2000 E:196.6015 Count X:68127 Y:70206 Z:400 STA: 5252863

2025-06-13T17:24:36.931918+0800 ERROR readline 

2025-06-13T17:24:37.196240+0800 ERROR empty readline 0
2025-06-13T17:24:37.276395+0800 ERROR readline ok

2025-06-13T17:24:37.287880+0800 ERROR SENT: N178 G0 F3600 X245.932 Y252.72*126
2025-06-13T17:24:37.287880+0800 ERROR write command N178 G0 F3600 X245.932 Y252.72*126
2025-06-13T17:24:37.290402+0800 ERROR second command N178 G0 F3600 X245.932 Y252.72*126
2025-06-13T17:24:37.290402+0800 ERROR finish command N178 G0 F3600 X245.932 Y252.72*126
2025-06-13T17:24:37.302962+0800 ERROR readline ok

2025-06-13T17:24:37.319418+0800 ERROR SENT: N179 G1 F2400 X194.648 Y201.436 E200.4008*55
2025-06-13T17:24:37.319418+0800 ERROR write command N179 G1 F2400 X194.648 Y201.436 E200.4008*55
2025-06-13T17:24:37.320432+0800 ERROR second command N179 G1 F2400 X194.648 Y201.436 E200.4008*55
2025-06-13T17:24:37.321792+0800 ERROR finish command N179 G1 F2400 X194.648 Y201.436 E200.4008*55
2025-06-13T17:24:37.325356+0800 ERROR readline echo: cold extrusion prevented

2025-06-13T17:24:37.583488+0800 ERROR empty readline 0
2025-06-13T17:24:37.844449+0800 ERROR empty readline 1
2025-06-13T17:24:37.930531+0800 ERROR readline X:245.9320 Y:252.7200 Z:0.2000 E:200.4008 Count X:86076 Y:88452 Z:400 STA: 5252863

2025-06-13T17:24:37.932530+0800 ERROR readline 

2025-06-13T17:24:38.185257+0800 ERROR empty readline 0
2025-06-13T17:24:38.437801+0800 ERROR empty readline 1
2025-06-13T17:24:38.701897+0800 ERROR empty readline 2
2025-06-13T17:24:38.931863+0800 ERROR readline X:245.9320 Y:252.7200 Z:0.2000 E:200.4008 Count X:86076 Y:88452 Z:400 STA: 5252863

2025-06-13T17:24:38.932864+0800 ERROR readline 

2025-06-13T17:24:39.198175+0800 ERROR empty readline 0
2025-06-13T17:24:39.272724+0800 ERROR readline ok

2025-06-13T17:24:39.276253+0800 ERROR SENT: N180 G0 F3600 X194.648 Y202.285*75
2025-06-13T17:24:39.276765+0800 ERROR write command N180 G0 F3600 X194.648 Y202.285*75
2025-06-13T17:24:39.276765+0800 ERROR second command N180 G0 F3600 X194.648 Y202.285*75
2025-06-13T17:24:39.277274+0800 ERROR finish command N180 G0 F3600 X194.648 Y202.285*75
2025-06-13T17:24:39.292754+0800 ERROR readline ok

2025-06-13T17:24:39.306878+0800 ERROR SENT: N181 G1 F2400 X245.083 Y252.72 E204.13718*56
2025-06-13T17:24:39.306878+0800 ERROR write command N181 G1 F2400 X245.083 Y252.72 E204.13718*56
2025-06-13T17:24:39.307894+0800 ERROR second command N181 G1 F2400 X245.083 Y252.72 E204.13718*56
2025-06-13T17:24:39.309406+0800 ERROR finish command N181 G1 F2400 X245.083 Y252.72 E204.13718*56
2025-06-13T17:24:39.312976+0800 ERROR readline echo: cold extrusion prevented

2025-06-13T17:24:39.571127+0800 ERROR empty readline 0
2025-06-13T17:24:39.836723+0800 ERROR empty readline 1
2025-06-13T17:24:39.930412+0800 ERROR readline X:194.6480 Y:202.2850 Z:0.2000 E:204.1372 Count X:68127 Y:70800 Z:400 STA: 5252863

2025-06-13T17:24:39.934450+0800 ERROR readline 

2025-06-13T17:24:40.196544+0800 ERROR empty readline 0
2025-06-13T17:24:40.459416+0800 ERROR empty readline 1
2025-06-13T17:24:40.711569+0800 ERROR empty readline 2
2025-06-13T17:24:40.929026+0800 ERROR readline X:194.6480 Y:202.2850 Z:0.2000 E:204.1372 Count X:68127 Y:70800 Z:400 STA: 5252863

2025-06-13T17:24:40.931209+0800 ERROR readline 

2025-06-13T17:24:41.194126+0800 ERROR empty readline 0
2025-06-13T17:24:41.236936+0800 ERROR readline ok

2025-06-13T17:24:41.240992+0800 ERROR SENT: N182 G0 F3600 X244.235 Y252.72*118
2025-06-13T17:24:41.240992+0800 ERROR write command N182 G0 F3600 X244.235 Y252.72*118
2025-06-13T17:24:41.242005+0800 ERROR second command N182 G0 F3600 X244.235 Y252.72*118
2025-06-13T17:24:41.242005+0800 ERROR finish command N182 G0 F3600 X244.235 Y252.72*118
2025-06-13T17:24:41.259186+0800 ERROR readline ok

2025-06-13T17:24:41.272792+0800 ERROR SENT: N183 G1 F2400 X194.648 Y203.133 E207.81074*1
2025-06-13T17:24:41.274312+0800 ERROR write command N183 G1 F2400 X194.648 Y203.133 E207.81074*1
2025-06-13T17:24:41.274312+0800 ERROR second command N183 G1 F2400 X194.648 Y203.133 E207.81074*1
2025-06-13T17:24:41.276855+0800 ERROR finish command N183 G1 F2400 X194.648 Y203.133 E207.81074*1
2025-06-13T17:24:41.279374+0800 ERROR readline echo: cold extrusion prevented

2025-06-13T17:24:41.535999+0800 ERROR empty readline 0
2025-06-13T17:24:41.787645+0800 ERROR empty readline 1
2025-06-13T17:24:41.929274+0800 ERROR readline X:244.2350 Y:252.7200 Z:0.2000 E:207.8107 Count X:85482 Y:88452 Z:400 STA: 5252863

2025-06-13T17:24:41.931285+0800 ERROR readline 

2025-06-13T17:24:42.194169+0800 ERROR empty readline 0
2025-06-13T17:24:42.458945+0800 ERROR empty readline 1
2025-06-13T17:24:42.720993+0800 ERROR empty readline 2
2025-06-13T17:24:42.929708+0800 ERROR readline X:244.2350 Y:252.7200 Z:0.2000 E:207.8107 Count X:85482 Y:88452 Z:400 STA: 5252863

2025-06-13T17:24:42.931735+0800 ERROR readline 

2025-06-13T17:24:43.174161+0800 ERROR readline ok

2025-06-13T17:24:43.189075+0800 ERROR SENT: N184 G0 F3600 X194.648 Y203.982*66
2025-06-13T17:24:43.189583+0800 ERROR write command N184 G0 F3600 X194.648 Y203.982*66
2025-06-13T17:24:43.190593+0800 ERROR second command N184 G0 F3600 X194.648 Y203.982*66
2025-06-13T17:24:43.190593+0800 ERROR finish command N184 G0 F3600 X194.648 Y203.982*66
2025-06-13T17:24:43.194111+0800 ERROR readline ok

2025-06-13T17:24:43.204374+0800 ERROR SENT: N185 G1 F2400 X243.386 Y252.72 E211.42141*54
2025-06-13T17:24:43.204374+0800 ERROR write command N185 G1 F2400 X243.386 Y252.72 E211.42141*54
2025-06-13T17:24:43.205384+0800 ERROR second command N185 G1 F2400 X243.386 Y252.72 E211.42141*54
2025-06-13T17:24:43.206384+0800 ERROR finish command N185 G1 F2400 X243.386 Y252.72 E211.42141*54
2025-06-13T17:24:43.209407+0800 ERROR readline echo: cold extrusion prevented

2025-06-13T17:24:43.467292+0800 ERROR empty readline 0
2025-06-13T17:24:43.731886+0800 ERROR empty readline 1
2025-06-13T17:24:43.927885+0800 ERROR readline X:194.6480 Y:203.9820 Z:0.2000 E:211.4214 Count X:68127 Y:71394 Z:400 STA: 5252863

2025-06-13T17:24:43.927885+0800 ERROR readline 

2025-06-13T17:24:44.184225+0800 ERROR empty readline 0
2025-06-13T17:24:44.450247+0800 ERROR empty readline 1
2025-06-13T17:24:44.544268+0800 INFO M105

2025-06-13T17:24:44.717735+0800 ERROR empty readline 2
2025-06-13T17:24:44.929159+0800 ERROR readline X:194.6480 Y:203.9820 Z:0.2000 E:211.4214 Count X:68127 Y:71394 Z:400 STA: 5252863

2025-06-13T17:24:44.931174+0800 ERROR readline 

2025-06-13T17:24:45.079071+0800 ERROR readline ok

2025-06-13T17:24:45.091710+0800 ERROR SENT: M105

2025-06-13T17:24:45.091710+0800 ERROR write command M105

2025-06-13T17:24:45.093064+0800 ERROR second command M105

2025-06-13T17:24:45.093852+0800 ERROR finish command M105

2025-06-13T17:24:45.093852+0800 ERROR readline ok

2025-06-13T17:24:45.096377+0800 ERROR readline  T:42.9688 /10 B:41.3438 /10 @:0 B@:0 VER: 1.3.2

2025-06-13T17:24:45.106927+0800 ERROR SENT: N186 G0 F3600 X242.538 Y252.72*126
2025-06-13T17:24:45.106927+0800 ERROR write command N186 G0 F3600 X242.538 Y252.72*126
2025-06-13T17:24:45.107981+0800 ERROR second command N186 G0 F3600 X242.538 Y252.72*126
2025-06-13T17:24:45.107981+0800 ERROR finish command N186 G0 F3600 X242.538 Y252.72*126
2025-06-13T17:24:45.107981+0800 ERROR readline ok

2025-06-13T17:24:45.122204+0800 ERROR SENT: N187 G1 F2400 X194.648 Y204.83 E214.96925*49
2025-06-13T17:24:45.123229+0800 ERROR write command N187 G1 F2400 X194.648 Y204.83 E214.96925*49
2025-06-13T17:24:45.123229+0800 ERROR second command N187 G1 F2400 X194.648 Y204.83 E214.96925*49
2025-06-13T17:24:45.124226+0800 ERROR finish command N187 G1 F2400 X194.648 Y204.83 E214.96925*49
2025-06-13T17:24:45.127501+0800 ERROR readline echo: cold extrusion prevented

2025-06-13T17:24:45.388404+0800 ERROR empty readline 0
2025-06-13T17:24:45.654141+0800 ERROR empty readline 1
2025-06-13T17:24:45.916368+0800 ERROR empty readline 2
2025-06-13T17:24:45.927854+0800 ERROR readline X:242.5380 Y:252.7200 Z:0.2000 E:214.9693 Count X:84888 Y:88452 Z:400 STA: 5252863

2025-06-13T17:24:45.929361+0800 ERROR readline 

2025-06-13T17:24:46.196244+0800 ERROR empty readline 0
2025-06-13T17:24:46.457995+0800 ERROR empty readline 1
2025-06-13T17:24:46.722878+0800 ERROR empty readline 2
2025-06-13T17:24:46.930191+0800 ERROR readline X:242.5380 Y:252.7200 Z:0.2000 E:214.9693 Count X:84888 Y:88452 Z:400 STA: 5252863

2025-06-13T17:24:46.932681+0800 ERROR readline 

2025-06-13T17:24:46.952891+0800 ERROR readline ok

2025-06-13T17:24:46.959467+0800 ERROR SENT: N188 G0 F3600 X194.648 Y205.679*67
2025-06-13T17:24:46.960156+0800 ERROR write command N188 G0 F3600 X194.648 Y205.679*67
2025-06-13T17:24:46.960692+0800 ERROR second command N188 G0 F3600 X194.648 Y205.679*67
2025-06-13T17:24:46.960692+0800 ERROR finish command N188 G0 F3600 X194.648 Y205.679*67
2025-06-13T17:24:46.974705+0800 ERROR readline ok

2025-06-13T17:24:46.990222+0800 ERROR SENT: N189 G1 F2400 X241.689 Y252.72 E218.4542*14
2025-06-13T17:24:46.990733+0800 ERROR write command N189 G1 F2400 X241.689 Y252.72 E218.4542*14
2025-06-13T17:24:46.990733+0800 ERROR second command N189 G1 F2400 X241.689 Y252.72 E218.4542*14
2025-06-13T17:24:46.991779+0800 ERROR finish command N189 G1 F2400 X241.689 Y252.72 E218.4542*14
2025-06-13T17:24:46.995787+0800 ERROR readline echo: cold extrusion prevented

2025-06-13T17:24:47.257581+0800 ERROR empty readline 0
2025-06-13T17:24:47.523497+0800 ERROR empty readline 1
2025-06-13T17:24:47.789389+0800 ERROR empty readline 2
2025-06-13T17:24:47.930658+0800 ERROR readline X:194.6480 Y:205.6790 Z:0.2000 E:218.4542 Count X:68127 Y:71988 Z:400 STA: 5252863

2025-06-13T17:24:47.934645+0800 ERROR readline 

2025-06-13T17:24:48.191528+0800 ERROR empty readline 0
2025-06-13T17:24:48.452433+0800 ERROR empty readline 1
2025-06-13T17:24:48.717686+0800 ERROR empty readline 2
2025-06-13T17:24:48.799336+0800 ERROR readline ok

2025-06-13T17:24:48.810275+0800 ERROR SENT: N190 G0 F3600 X240.841 Y252.72*120
2025-06-13T17:24:48.811276+0800 ERROR write command N190 G0 F3600 X240.841 Y252.72*120
2025-06-13T17:24:48.812296+0800 ERROR second command N190 G0 F3600 X240.841 Y252.72*120
2025-06-13T17:24:48.812296+0800 ERROR finish command N190 G0 F3600 X240.841 Y252.72*120
2025-06-13T17:24:48.819533+0800 ERROR readline ok

2025-06-13T17:24:48.825455+0800 ERROR SENT: N191 G1 F2400 X194.648 Y206.528 E221.87629*5
2025-06-13T17:24:48.825455+0800 ERROR write command N191 G1 F2400 X194.648 Y206.528 E221.87629*5
2025-06-13T17:24:48.826442+0800 ERROR second command N191 G1 F2400 X194.648 Y206.528 E221.87629*5
2025-06-13T17:24:48.827976+0800 ERROR finish command N191 G1 F2400 X194.648 Y206.528 E221.87629*5
2025-06-13T17:24:48.830518+0800 ERROR readline echo: cold extrusion prevented

2025-06-13T17:24:48.929127+0800 ERROR readline X:240.8410 Y:252.7200 Z:0.2000 E:221.8763 Count X:84294 Y:88452 Z:400 STA: 5252863

2025-06-13T17:24:48.932157+0800 ERROR readline 

2025-06-13T17:24:49.184245+0800 ERROR empty readline 0
2025-06-13T17:24:49.449660+0800 ERROR empty readline 1
2025-06-13T17:24:49.716266+0800 ERROR empty readline 2
2025-06-13T17:24:49.929051+0800 ERROR readline X:240.8410 Y:252.7200 Z:0.2000 E:221.8763 Count X:84294 Y:88452 Z:400 STA: 5252863

2025-06-13T17:24:49.930525+0800 ERROR readline 

2025-06-13T17:24:50.185254+0800 ERROR empty readline 0
2025-06-13T17:24:50.449284+0800 ERROR empty readline 1
2025-06-13T17:24:50.614450+0800 ERROR readline ok

2025-06-13T17:24:50.619489+0800 ERROR SENT: N192 G0 F3600 X194.648 Y207.376*64
2025-06-13T17:24:50.619489+0800 ERROR write command N192 G0 F3600 X194.648 Y207.376*64
2025-06-13T17:24:50.620500+0800 ERROR second command N192 G0 F3600 X194.648 Y207.376*64
2025-06-13T17:24:50.620500+0800 ERROR finish command N192 G0 F3600 X194.648 Y207.376*64
2025-06-13T17:24:50.634478+0800 ERROR readline ok

2025-06-13T17:24:50.634990+0800 ERROR SENT: N193 G1 F2400 X239.992 Y252.72 E225.23551*54
2025-06-13T17:24:50.636501+0800 ERROR write command N193 G1 F2400 X239.992 Y252.72 E225.23551*54
2025-06-13T17:24:50.636501+0800 ERROR second command N193 G1 F2400 X239.992 Y252.72 E225.23551*54
2025-06-13T17:24:50.638390+0800 ERROR finish command N193 G1 F2400 X239.992 Y252.72 E225.23551*54
2025-06-13T17:24:50.641982+0800 ERROR readline echo: cold extrusion prevented

2025-06-13T17:24:50.900707+0800 ERROR empty readline 0
2025-06-13T17:24:50.928434+0800 ERROR readline X:194.6480 Y:207.3760 Z:0.2000 E:225.2355 Count X:68127 Y:72582 Z:400 STA: 5252863

2025-06-13T17:24:50.929940+0800 ERROR readline 

2025-06-13T17:24:51.195388+0800 ERROR empty readline 0
2025-06-13T17:24:51.461514+0800 ERROR empty readline 1
2025-06-13T17:24:51.712795+0800 ERROR empty readline 2
2025-06-13T17:24:51.928213+0800 ERROR readline X:194.6480 Y:207.3760 Z:0.2000 E:225.2355 Count X:68127 Y:72582 Z:400 STA: 5252863

2025-06-13T17:24:51.930240+0800 ERROR readline 

2025-06-13T17:24:52.194367+0800 ERROR empty readline 0
2025-06-13T17:24:52.397794+0800 ERROR readline ok

2025-06-13T17:24:52.409497+0800 ERROR SENT: N194 G0 F3600 X239.144 Y252.72*126
2025-06-13T17:24:52.410511+0800 ERROR write command N194 G0 F3600 X239.144 Y252.72*126
2025-06-13T17:24:52.411517+0800 ERROR second command N194 G0 F3600 X239.144 Y252.72*126
2025-06-13T17:24:52.412551+0800 ERROR finish command N194 G0 F3600 X239.144 Y252.72*126
2025-06-13T17:24:52.419473+0800 ERROR readline ok

2025-06-13T17:24:52.425546+0800 ERROR SENT: N195 G1 F2400 X194.648 Y208.225 E228.53188*9
2025-06-13T17:24:52.425546+0800 ERROR write command N195 G1 F2400 X194.648 Y208.225 E228.53188*9
2025-06-13T17:24:52.427061+0800 ERROR second command N195 G1 F2400 X194.648 Y208.225 E228.53188*9
2025-06-13T17:24:52.429083+0800 ERROR finish command N195 G1 F2400 X194.648 Y208.225 E228.53188*9
2025-06-13T17:24:52.433106+0800 ERROR readline echo: cold extrusion prevented

2025-06-13T17:24:52.689716+0800 ERROR empty readline 0
2025-06-13T17:24:52.929011+0800 ERROR readline X:239.1440 Y:252.7200 Z:0.2000 E:228.5319 Count X:83700 Y:88452 Z:400 STA: 5252863

2025-06-13T17:24:52.929523+0800 ERROR readline 

2025-06-13T17:24:53.185202+0800 ERROR empty readline 0
2025-06-13T17:24:53.450398+0800 ERROR empty readline 1
2025-06-13T17:24:53.714537+0800 ERROR empty readline 2
2025-06-13T17:24:53.927507+0800 ERROR readline X:239.1440 Y:252.7200 Z:0.2000 E:228.5319 Count X:83700 Y:88452 Z:400 STA: 5252863

2025-06-13T17:24:53.930919+0800 ERROR readline 

2025-06-13T17:24:53.947256+0800 INFO M105

2025-06-13T17:24:54.153212+0800 ERROR readline ok

2025-06-13T17:24:54.167807+0800 ERROR SENT: M105

2025-06-13T17:24:54.167807+0800 ERROR write command M105

2025-06-13T17:24:54.170333+0800 ERROR second command M105

2025-06-13T17:24:54.170333+0800 ERROR finish command M105

2025-06-13T17:24:54.171336+0800 ERROR readline ok

2025-06-13T17:24:54.177381+0800 ERROR readline  T:42.7455 /10 B:41.4000 /10 @:0 B@:0 VER: 1.3.2

2025-06-13T17:24:54.184430+0800 ERROR SENT: N196 G0 F3600 X194.648 Y209.073*76
2025-06-13T17:24:54.184430+0800 ERROR write command N196 G0 F3600 X194.648 Y209.073*76
2025-06-13T17:24:54.185447+0800 ERROR second command N196 G0 F3600 X194.648 Y209.073*76
2025-06-13T17:24:54.185447+0800 ERROR finish command N196 G0 F3600 X194.648 Y209.073*76
2025-06-13T17:24:54.186956+0800 ERROR readline ok

2025-06-13T17:24:54.200561+0800 ERROR SENT: N197 G1 F2400 X238.295 Y252.72 E231.76539*52
2025-06-13T17:24:54.200561+0800 ERROR write command N197 G1 F2400 X238.295 Y252.72 E231.76539*52
2025-06-13T17:24:54.202409+0800 ERROR second command N197 G1 F2400 X238.295 Y252.72 E231.76539*52
2025-06-13T17:24:54.205096+0800 ERROR readline echo: cold extrusion prevented

2025-06-13T17:24:54.206504+0800 ERROR finish command N197 G1 F2400 X238.295 Y252.72 E231.76539*52
2025-06-13T17:24:54.465288+0800 ERROR empty readline 0
2025-06-13T17:24:54.730261+0800 ERROR empty readline 1
2025-06-13T17:24:54.928279+0800 ERROR readline X:194.6480 Y:209.0730 Z:0.2000 E:231.7654 Count X:68127 Y:73176 Z:400 STA: 5252863

2025-06-13T17:24:54.933152+0800 ERROR readline 

2025-06-13T17:24:55.199423+0800 ERROR empty readline 0
2025-06-13T17:24:55.464586+0800 ERROR empty readline 1
2025-06-13T17:24:55.715913+0800 ERROR empty readline 2
2025-06-13T17:24:55.877350+0800 ERROR readline ok

2025-06-13T17:24:55.886133+0800 ERROR SENT: N198 G0 F3600 X237.446 Y252.72*123
2025-06-13T17:24:55.886133+0800 ERROR write command N198 G0 F3600 X237.446 Y252.72*123
2025-06-13T17:24:55.887632+0800 ERROR second command N198 G0 F3600 X237.446 Y252.72*123
2025-06-13T17:24:55.887632+0800 ERROR finish command N198 G0 F3600 X237.446 Y252.72*123
2025-06-13T17:24:55.898305+0800 ERROR readline ok

2025-06-13T17:24:55.901579+0800 ERROR SENT: N199 G1 F2400 X194.648 Y209.922 E234.936*14
2025-06-13T17:24:55.901579+0800 ERROR write command N199 G1 F2400 X194.648 Y209.922 E234.936*14
2025-06-13T17:24:55.901579+0800 ERROR second command N199 G1 F2400 X194.648 Y209.922 E234.936*14
2025-06-13T17:24:55.902573+0800 ERROR finish command N199 G1 F2400 X194.648 Y209.922 E234.936*14
2025-06-13T17:24:55.906173+0800 ERROR readline echo: cold extrusion prevented

2025-06-13T17:24:55.926633+0800 ERROR readline X:237.4460 Y:252.7200 Z:0.2000 E:234.9360 Count X:83106 Y:88452 Z:400 STA: 5252863

2025-06-13T17:24:55.930190+0800 ERROR readline 

2025-06-13T17:24:56.194335+0800 ERROR empty readline 0
2025-06-13T17:24:56.460145+0800 ERROR empty readline 1
2025-06-13T17:24:56.722430+0800 ERROR empty readline 2
2025-06-13T17:24:56.929150+0800 ERROR readline X:237.4460 Y:252.7200 Z:0.2000 E:234.9360 Count X:83106 Y:88452 Z:400 STA: 5252863

2025-06-13T17:24:56.930668+0800 ERROR readline 

2025-06-13T17:24:57.187013+0800 ERROR empty readline 0
2025-06-13T17:24:57.450298+0800 ERROR empty readline 1
2025-06-13T17:24:57.571288+0800 ERROR readline ok

2025-06-13T17:24:57.574302+0800 ERROR SENT: N200 G0 F3600 X194.648 Y210.77*124
2025-06-13T17:24:57.575314+0800 ERROR write command N200 G0 F3600 X194.648 Y210.77*124
2025-06-13T17:24:57.575314+0800 ERROR second command N200 G0 F3600 X194.648 Y210.77*124
2025-06-13T17:24:57.576313+0800 ERROR finish command N200 G0 F3600 X194.648 Y210.77*124
2025-06-13T17:24:57.592848+0800 ERROR readline ok

2025-06-13T17:24:57.605245+0800 ERROR SENT: N201 G1 F2400 X236.598 Y252.72 E238.04379*50
2025-06-13T17:24:57.606236+0800 ERROR write command N201 G1 F2400 X236.598 Y252.72 E238.04379*50
2025-06-13T17:24:57.606747+0800 ERROR second command N201 G1 F2400 X236.598 Y252.72 E238.04379*50
2025-06-13T17:24:57.606747+0800 ERROR finish command N201 G1 F2400 X236.598 Y252.72 E238.04379*50
2025-06-13T17:24:57.611016+0800 ERROR readline echo: cold extrusion prevented

2025-06-13T17:24:57.870818+0800 ERROR empty readline 0
2025-06-13T17:24:57.926989+0800 ERROR readline X:194.6480 Y:210.7700 Z:0.2000 E:238.0438 Count X:68127 Y:73770 Z:400 STA: 5252863

2025-06-13T17:24:57.929001+0800 ERROR readline 

2025-06-13T17:24:58.182028+0800 ERROR empty readline 0
2025-06-13T17:24:58.447434+0800 ERROR empty readline 1
2025-06-13T17:24:58.711563+0800 ERROR empty readline 2
2025-06-13T17:24:58.931911+0800 ERROR readline X:194.6480 Y:210.7700 Z:0.2000 E:238.0438 Count X:68127 Y:73770 Z:400 STA: 5252863

2025-06-13T17:24:58.932914+0800 ERROR readline 

2025-06-13T17:24:59.196705+0800 ERROR empty readline 0
2025-06-13T17:24:59.236124+0800 ERROR readline ok

2025-06-13T17:24:59.242683+0800 ERROR SENT: N202 G0 F3600 X235.749 Y252.72*117
2025-06-13T17:24:59.242683+0800 ERROR write command N202 G0 F3600 X235.749 Y252.72*117
2025-06-13T17:24:59.244194+0800 ERROR second command N202 G0 F3600 X235.749 Y252.72*117
2025-06-13T17:24:59.244194+0800 ERROR finish command N202 G0 F3600 X235.749 Y252.72*117
2025-06-13T17:24:59.256922+0800 ERROR readline ok

2025-06-13T17:24:59.257922+0800 ERROR SENT: N203 G1 F2400 X194.648 Y211.619 E241.08868*0
2025-06-13T17:24:59.257922+0800 ERROR write command N203 G1 F2400 X194.648 Y211.619 E241.08868*0
2025-06-13T17:24:59.257922+0800 ERROR second command N203 G1 F2400 X194.648 Y211.619 E241.08868*0
2025-06-13T17:24:59.259456+0800 ERROR finish command N203 G1 F2400 X194.648 Y211.619 E241.08868*0
2025-06-13T17:24:59.263482+0800 ERROR readline echo: cold extrusion prevented

2025-06-13T17:24:59.524219+0800 ERROR empty readline 0
2025-06-13T17:24:59.791265+0800 ERROR empty readline 1
2025-06-13T17:24:59.926976+0800 ERROR readline X:235.7490 Y:252.7200 Z:0.2000 E:241.0887 Count X:82512 Y:88452 Z:400 STA: 5252863

2025-06-13T17:24:59.927967+0800 ERROR readline 

2025-06-13T17:25:00.193260+0800 ERROR empty readline 0
2025-06-13T17:25:00.458934+0800 ERROR empty readline 1
2025-06-13T17:25:00.711226+0800 ERROR empty readline 2
2025-06-13T17:25:00.870131+0800 ERROR readline ok

2025-06-13T17:25:00.884178+0800 ERROR SENT: N204 G0 F3600 X194.648 Y212.467*79
2025-06-13T17:25:00.884178+0800 ERROR write command N204 G0 F3600 X194.648 Y212.467*79
2025-06-13T17:25:00.885193+0800 ERROR second command N204 G0 F3600 X194.648 Y212.467*79
2025-06-13T17:25:00.886711+0800 ERROR finish command N204 G0 F3600 X194.648 Y212.467*79
2025-06-13T17:25:00.890260+0800 ERROR readline ok

2025-06-13T17:25:00.900105+0800 ERROR SENT: N205 G1 F2400 X234.901 Y252.72 E244.07075*63
2025-06-13T17:25:00.900105+0800 ERROR write command N205 G1 F2400 X234.901 Y252.72 E244.07075*63
2025-06-13T17:25:00.901374+0800 ERROR second command N205 G1 F2400 X234.901 Y252.72 E244.07075*63
2025-06-13T17:25:00.902518+0800 ERROR finish command N205 G1 F2400 X234.901 Y252.72 E244.07075*63
2025-06-13T17:25:00.906143+0800 ERROR readline echo: cold extrusion prevented

2025-06-13T17:25:00.926282+0800 ERROR readline X:194.6480 Y:212.4670 Z:0.2000 E:244.0708 Count X:68127 Y:74363 Z:400 STA: 5252863

2025-06-13T17:25:00.927304+0800 ERROR readline 

2025-06-13T17:25:01.179851+0800 ERROR empty readline 0
2025-06-13T17:25:01.442017+0800 ERROR empty readline 1
2025-06-13T17:25:01.709060+0800 ERROR empty readline 2
2025-06-13T17:25:01.926138+0800 ERROR readline X:194.6480 Y:212.4670 Z:0.2000 E:244.0708 Count X:68127 Y:74363 Z:400 STA: 5252863

2025-06-13T17:25:01.927658+0800 ERROR readline 

2025-06-13T17:25:02.179031+0800 ERROR empty readline 0
2025-06-13T17:25:02.442700+0800 ERROR empty readline 1
2025-06-13T17:25:02.473229+0800 ERROR readline ok

2025-06-13T17:25:02.474254+0800 ERROR SENT: N206 G0 F3600 X234.052 Y252.72*125
2025-06-13T17:25:02.474790+0800 ERROR write command N206 G0 F3600 X234.052 Y252.72*125
2025-06-13T17:25:02.475801+0800 ERROR second command N206 G0 F3600 X234.052 Y252.72*125
2025-06-13T17:25:02.475801+0800 ERROR finish command N206 G0 F3600 X234.052 Y252.72*125
2025-06-13T17:25:02.494450+0800 ERROR readline ok

2025-06-13T17:25:02.504546+0800 ERROR SENT: N207 G1 F2400 X194.648 Y213.316 E246.98993*7
2025-06-13T17:25:02.504546+0800 ERROR write command N207 G1 F2400 X194.648 Y213.316 E246.98993*7
2025-06-13T17:25:02.505560+0800 ERROR second command N207 G1 F2400 X194.648 Y213.316 E246.98993*7
2025-06-13T17:25:02.506558+0800 ERROR finish command N207 G1 F2400 X194.648 Y213.316 E246.98993*7
2025-06-13T17:25:02.510373+0800 ERROR readline echo: cold extrusion prevented

2025-06-13T17:25:02.770276+0800 ERROR empty readline 0
2025-06-13T17:25:02.928481+0800 ERROR readline X:234.0520 Y:252.7200 Z:0.2000 E:246.9899 Count X:81918 Y:88452 Z:400 STA: 5252863

2025-06-13T17:25:02.929460+0800 ERROR readline 

2025-06-13T17:25:03.187614+0800 ERROR empty readline 0
2025-06-13T17:25:03.374453+0800 INFO M105

2025-06-13T17:25:03.451604+0800 ERROR empty readline 1
2025-06-13T17:25:03.717243+0800 ERROR empty readline 2
2025-06-13T17:25:03.927801+0800 ERROR readline X:234.0520 Y:252.7200 Z:0.2000 E:246.9899 Count X:81918 Y:88452 Z:400 STA: 5252863

2025-06-13T17:25:03.927801+0800 ERROR readline 

2025-06-13T17:25:04.047271+0800 ERROR readline ok

2025-06-13T17:25:04.061703+0800 ERROR SENT: M105

2025-06-13T17:25:04.061703+0800 ERROR write command M105

2025-06-13T17:25:04.063876+0800 ERROR second command M105

2025-06-13T17:25:04.064390+0800 ERROR finish command M105

2025-06-13T17:25:04.064390+0800 ERROR readline ok

2025-06-13T17:25:04.066908+0800 ERROR readline  T:42.2991 /10 B:41.4000 /10 @:0 B@:0 VER: 1.3.2

2025-06-13T17:25:04.077509+0800 ERROR SENT: N208 G0 F3600 X194.648 Y214.164*67
2025-06-13T17:25:04.077509+0800 ERROR write command N208 G0 F3600 X194.648 Y214.164*67
2025-06-13T17:25:04.079018+0800 ERROR second command N208 G0 F3600 X194.648 Y214.164*67
2025-06-13T17:25:04.079018+0800 ERROR finish command N208 G0 F3600 X194.648 Y214.164*67
2025-06-13T17:25:04.081565+0800 ERROR readline ok

2025-06-13T17:25:04.093102+0800 ERROR SENT: N209 G1 F2400 X233.204 Y252.72 E249.84628*50
2025-06-13T17:25:04.093102+0800 ERROR write command N209 G1 F2400 X233.204 Y252.72 E249.84628*50
2025-06-13T17:25:04.093102+0800 ERROR second command N209 G1 F2400 X233.204 Y252.72 E249.84628*50
2025-06-13T17:25:04.094610+0800 ERROR finish command N209 G1 F2400 X233.204 Y252.72 E249.84628*50
2025-06-13T17:25:04.100657+0800 ERROR readline echo: cold extrusion prevented

2025-06-13T17:25:04.356772+0800 ERROR empty readline 0
2025-06-13T17:25:04.609242+0800 ERROR empty readline 1
2025-06-13T17:25:04.875236+0800 ERROR empty readline 2
2025-06-13T17:25:04.926477+0800 ERROR readline X:194.6480 Y:214.1640 Z:0.2000 E:249.8463 Count X:68127 Y:74957 Z:400 STA: 5252863

2025-06-13T17:25:04.932161+0800 ERROR readline 

2025-06-13T17:25:05.187965+0800 ERROR empty readline 0
2025-06-13T17:25:05.451398+0800 ERROR empty readline 1
2025-06-13T17:25:05.590265+0800 ERROR readline ok

2025-06-13T17:25:05.605523+0800 ERROR SENT: N210 G0 F3600 X232.355 Y252.72*120
2025-06-13T17:25:05.607040+0800 ERROR write command N210 G0 F3600 X232.355 Y252.72*120
2025-06-13T17:25:05.608070+0800 ERROR second command N210 G0 F3600 X232.355 Y252.72*120
2025-06-13T17:25:05.608070+0800 ERROR finish command N210 G0 F3600 X232.355 Y252.72*120
2025-06-13T17:25:05.611615+0800 ERROR readline ok

2025-06-13T17:25:05.621556+0800 ERROR SENT: N211 G1 F2400 X194.648 Y215.013 E252.63973*15
2025-06-13T17:25:05.622768+0800 ERROR write command N211 G1 F2400 X194.648 Y215.013 E252.63973*15
2025-06-13T17:25:05.623411+0800 ERROR second command N211 G1 F2400 X194.648 Y215.013 E252.63973*15
2025-06-13T17:25:05.625495+0800 ERROR finish command N211 G1 F2400 X194.648 Y215.013 E252.63973*15
2025-06-13T17:25:05.631096+0800 ERROR readline echo: cold extrusion prevented

2025-06-13T17:25:05.888156+0800 ERROR empty readline 0
2025-06-13T17:25:05.927776+0800 ERROR readline X:232.3550 Y:252.7200 Z:0.2000 E:252.6397 Count X:81324 Y:88452 Z:400 STA: 5252863

2025-06-13T17:25:05.929283+0800 ERROR readline 

2025-06-13T17:25:06.182754+0800 ERROR empty readline 0
2025-06-13T17:25:06.448954+0800 ERROR empty readline 1
2025-06-13T17:25:06.699550+0800 ERROR empty readline 2
2025-06-13T17:25:06.928499+0800 ERROR readline X:232.3550 Y:252.7200 Z:0.2000 E:252.6397 Count X:81324 Y:88452 Z:400 STA: 5252863

2025-06-13T17:25:06.930016+0800 ERROR readline 

2025-06-13T17:25:07.104668+0800 ERROR readline ok

2025-06-13T17:25:07.107200+0800 ERROR SENT: N212 G0 F3600 X194.648 Y215.861*69
2025-06-13T17:25:07.107200+0800 ERROR write command N212 G0 F3600 X194.648 Y215.861*69
2025-06-13T17:25:07.109175+0800 ERROR second command N212 G0 F3600 X194.648 Y215.861*69
2025-06-13T17:25:07.109175+0800 ERROR finish command N212 G0 F3600 X194.648 Y215.861*69
2025-06-13T17:25:07.124756+0800 ERROR readline ok

2025-06-13T17:25:07.139071+0800 ERROR SENT: N213 G1 F2400 X231.507 Y252.72 E255.37036*51
2025-06-13T17:25:07.140085+0800 ERROR write command N213 G1 F2400 X231.507 Y252.72 E255.37036*51
2025-06-13T17:25:07.141103+0800 ERROR second command N213 G1 F2400 X231.507 Y252.72 E255.37036*51
2025-06-13T17:25:07.142085+0800 ERROR finish command N213 G1 F2400 X231.507 Y252.72 E255.37036*51
2025-06-13T17:25:07.145614+0800 ERROR readline echo: cold extrusion prevented

2025-06-13T17:25:07.406917+0800 ERROR empty readline 0
2025-06-13T17:25:07.672679+0800 ERROR empty readline 1
2025-06-13T17:25:07.928196+0800 ERROR readline X:194.6480 Y:215.8610 Z:0.2000 E:255.3704 Count X:68127 Y:75551 Z:400 STA: 5252863

2025-06-13T17:25:07.931741+0800 ERROR readline 

2025-06-13T17:25:08.186986+0800 ERROR empty readline 0
2025-06-13T17:25:08.451212+0800 ERROR empty readline 1
2025-06-13T17:25:08.588557+0800 ERROR readline ok

2025-06-13T17:25:08.592689+0800 INFO 断料信号
2025-06-13T17:25:08.592689+0800 ERROR SENT: N214 G0 F3600 X230.658 Y252.72*118
2025-06-13T17:25:08.595242+0800 ERROR write command N214 G0 F3600 X230.658 Y252.72*118
2025-06-13T17:25:08.596241+0800 ERROR second command N214 G0 F3600 X230.658 Y252.72*118
2025-06-13T17:25:08.596241+0800 ERROR finish command N214 G0 F3600 X230.658 Y252.72*118
2025-06-13T17:25:08.597267+0800 ERROR readline echo:filament error, broken

2025-06-13T17:25:08.600437+0800 INFO 断料信号
2025-06-13T17:25:08.601430+0800 ERROR readline echo:filament error, broken

2025-06-13T17:25:08.603421+0800 INFO 断料信号
2025-06-13T17:25:08.604419+0800 ERROR readline echo:filament error, broken

2025-06-13T17:25:08.606632+0800 INFO 断料信号
2025-06-13T17:25:08.606632+0800 ERROR readline echo:filament error, broken

2025-06-13T17:25:08.608096+0800 ERROR SENT: N215 G1 F2400 X194.648 Y216.71 E258.0381*4
2025-06-13T17:25:08.609090+0800 ERROR write command N215 G1 F2400 X194.648 Y216.71 E258.0381*4
2025-06-13T17:25:08.609090+0800 ERROR second command N215 G1 F2400 X194.648 Y216.71 E258.0381*4
2025-06-13T17:25:08.610514+0800 ERROR finish command N215 G1 F2400 X194.648 Y216.71 E258.0381*4
2025-06-13T17:25:08.613513+0800 INFO 断料信号
2025-06-13T17:25:08.614515+0800 ERROR readline echo:filament error, broken

2025-06-13T17:25:08.616038+0800 INFO 断料信号
2025-06-13T17:25:08.617071+0800 ERROR readline echo:filament error, broken

2025-06-13T17:25:08.619064+0800 INFO 断料信号
2025-06-13T17:25:08.619064+0800 ERROR readline echo:filament error, broken

2025-06-13T17:25:08.620501+0800 ERROR readline ok

2025-06-13T17:25:08.622498+0800 INFO 断料信号
2025-06-13T17:25:08.622498+0800 ERROR readline echo:filament error, broken

2025-06-13T17:25:08.623553+0800 ERROR SENT: N216 G0 F3600 X194.648 Y217.558*68
2025-06-13T17:25:08.625037+0800 ERROR write command N216 G0 F3600 X194.648 Y217.558*68
2025-06-13T17:25:08.625037+0800 ERROR second command N216 G0 F3600 X194.648 Y217.558*68
2025-06-13T17:25:08.625037+0800 ERROR finish command N216 G0 F3600 X194.648 Y217.558*68
2025-06-13T17:25:08.625037+0800 ERROR SENT: N217 G1 F2400 X229.81 Y252.72 E260.64301*2
2025-06-13T17:25:08.625037+0800 ERROR write command N217 G1 F2400 X229.81 Y252.72 E260.64301*2
2025-06-13T17:25:08.626550+0800 ERROR second command N217 G1 F2400 X229.81 Y252.72 E260.64301*2
2025-06-13T17:25:08.626550+0800 ERROR finish command N217 G1 F2400 X229.81 Y252.72 E260.64301*2
2025-06-13T17:25:08.634636+0800 INFO 断料信号
2025-06-13T17:25:08.635657+0800 ERROR readline echo:filament error, broken

2025-06-13T17:25:08.639211+0800 ERROR SENT: N218 G0 F3600 X228.961 Y252.72*118
2025-06-13T17:25:08.639723+0800 ERROR write command N218 G0 F3600 X228.961 Y252.72*118
2025-06-13T17:25:08.640259+0800 ERROR second command N218 G0 F3600 X228.961 Y252.72*118
2025-06-13T17:25:08.640259+0800 ERROR finish command N218 G0 F3600 X228.961 Y252.72*118
2025-06-13T17:25:08.641795+0800 INFO 断料信号
2025-06-13T17:25:08.641795+0800 ERROR readline echo:filament error, broken

2025-06-13T17:25:08.647581+0800 INFO 断料信号
2025-06-13T17:25:08.647581+0800 ERROR readline echo:filament error, broken

2025-06-13T17:25:08.654750+0800 ERROR SENT: N219 G1 F2400 X194.648 Y218.407 E263.18503*14
2025-06-13T17:25:08.654750+0800 ERROR write command N219 G1 F2400 X194.648 Y218.407 E263.18503*14
2025-06-13T17:25:08.657471+0800 ERROR second command N219 G1 F2400 X194.648 Y218.407 E263.18503*14
2025-06-13T17:25:08.659511+0800 ERROR finish command N219 G1 F2400 X194.648 Y218.407 E263.18503*14
2025-06-13T17:25:08.660753+0800 ERROR readline echo: cold extrusion prevented

2025-06-13T17:25:08.661755+0800 ERROR SENT: G91
2025-06-13T17:25:08.662761+0800 ERROR write command G91
2025-06-13T17:25:08.662761+0800 ERROR second command G91
2025-06-13T17:25:08.662761+0800 ERROR finish command G91
2025-06-13T17:25:08.662761+0800 ERROR SENT: G1 Z50 F1800
2025-06-13T17:25:08.664274+0800 ERROR write command G1 Z50 F1800
2025-06-13T17:25:08.665357+0800 ERROR second command G1 Z50 F1800
2025-06-13T17:25:08.665357+0800 ERROR finish command G1 Z50 F1800
2025-06-13T17:25:08.665357+0800 ERROR SENT: G90
2025-06-13T17:25:08.665357+0800 ERROR write command G90
2025-06-13T17:25:08.666299+0800 ERROR second command G90
2025-06-13T17:25:08.666299+0800 ERROR finish command G90
2025-06-13T17:25:08.666299+0800 ERROR SENT: G1 X600 Y10 F3000
2025-06-13T17:25:08.667808+0800 ERROR write command G1 X600 Y10 F3000
2025-06-13T17:25:08.669328+0800 ERROR second command G1 X600 Y10 F3000
2025-06-13T17:25:08.669328+0800 ERROR finish command G1 X600 Y10 F3000
2025-06-13T17:25:08.669328+0800 INFO G250 S889

2025-06-13T17:25:08.670880+0800 INFO M257 S0
2025-06-13T17:25:08.671949+0800 ERROR SENT: G250 S889

2025-06-13T17:25:08.754828+0800 ERROR write command G250 S889

2025-06-13T17:25:08.756344+0800 ERROR second command G250 S889

2025-06-13T17:25:08.757369+0800 ERROR finish command G250 S889

2025-06-13T17:25:08.758367+0800 ERROR SENT: M257 S0
2025-06-13T17:25:08.759887+0800 ERROR write command M257 S0
2025-06-13T17:25:08.760908+0800 ERROR second command M257 S0
2025-06-13T17:25:08.761932+0800 ERROR finish command M257 S0
2025-06-13T17:25:08.884467+0800 INFO M107

2025-06-13T17:25:08.884467+0800 ERROR SENT: M107

2025-06-13T17:25:08.884467+0800 ERROR write command M107

2025-06-13T17:25:08.885980+0800 ERROR second command M107

2025-06-13T17:25:08.885980+0800 ERROR finish command M107

2025-06-13T17:25:08.920004+0800 ERROR empty readline 0
2025-06-13T17:25:08.937010+0800 ERROR readline X:230.6580 Y:252.7200 Z:0.2000 E:258.0381 Count X:80730 Y:88452 Z:400 STA: 5252863

2025-06-13T17:25:08.938003+0800 ERROR readline 

2025-06-13T17:25:09.198263+0800 ERROR empty readline 0
2025-06-13T17:25:09.449442+0800 ERROR empty readline 1
2025-06-13T17:25:09.710775+0800 ERROR empty readline 2
2025-06-13T17:25:09.711941+0800 INFO M107

2025-06-13T17:25:09.713076+0800 ERROR SENT: M107

2025-06-13T17:25:09.713076+0800 ERROR write command M107

2025-06-13T17:25:09.714099+0800 ERROR second command M107

2025-06-13T17:25:09.715117+0800 ERROR finish command M107

2025-06-13T17:25:09.930461+0800 ERROR readline X:230.6580 Y:252.7200 Z:0.2000 E:258.0381 Count X:80730 Y:88452 Z:400 STA: 5252863

2025-06-13T17:25:09.931473+0800 ERROR readline 

2025-06-13T17:25:10.040596+0800 ERROR readline ok

2025-06-13T17:25:10.061292+0800 ERROR readline ok

2025-06-13T17:25:10.064309+0800 ERROR readline echo: cold extrusion prevented

2025-06-13T17:25:10.315497+0800 ERROR empty readline 0
2025-06-13T17:25:10.582466+0800 ERROR empty readline 1
2025-06-13T17:25:10.722688+0800 INFO M107

2025-06-13T17:25:10.723453+0800 ERROR SENT: M107

2025-06-13T17:25:10.724482+0800 ERROR write command M107

2025-06-13T17:25:10.725343+0800 ERROR second command M107

2025-06-13T17:25:10.725879+0800 ERROR finish command M107

2025-06-13T17:25:10.849137+0800 ERROR empty readline 0
2025-06-13T17:25:10.930266+0800 ERROR readline X:194.6480 Y:217.5580 Z:0.2000 E:260.6430 Count X:68127 Y:76145 Z:400 STA: 5252863

2025-06-13T17:25:10.931538+0800 ERROR readline 

2025-06-13T17:25:11.192705+0800 ERROR empty readline 0
2025-06-13T17:25:11.458268+0800 ERROR empty readline 1
2025-06-13T17:25:11.464316+0800 ERROR readline ok

2025-06-13T17:25:11.485414+0800 ERROR readline ok

2025-06-13T17:25:11.486411+0800 ERROR readline echo: cold extrusion prevented

2025-06-13T17:25:11.712119+0800 INFO M107

2025-06-13T17:25:11.713142+0800 ERROR SENT: M107

2025-06-13T17:25:11.714136+0800 ERROR write command M107

2025-06-13T17:25:11.715151+0800 ERROR second command M107

2025-06-13T17:25:11.715151+0800 ERROR finish command M107

2025-06-13T17:25:11.742337+0800 ERROR empty readline 0
2025-06-13T17:25:11.928374+0800 ERROR readline X:228.9610 Y:252.7200 Z:0.2000 E:263.1850 Count X:80136 Y:88452 Z:400 STA: 5252863

2025-06-13T17:25:11.930903+0800 ERROR readline 

2025-06-13T17:25:12.195208+0800 ERROR empty readline 0
2025-06-13T17:25:12.461641+0800 ERROR empty readline 1
2025-06-13T17:25:12.711560+0800 INFO M107

2025-06-13T17:25:12.712700+0800 ERROR SENT: M107

2025-06-13T17:25:12.714213+0800 ERROR write command M107

2025-06-13T17:25:12.715236+0800 ERROR second command M107

2025-06-13T17:25:12.716235+0800 ERROR finish command M107

2025-06-13T17:25:12.726923+0800 ERROR empty readline 0
2025-06-13T17:25:12.757886+0800 INFO M105

2025-06-13T17:25:12.757886+0800 ERROR SENT: M105

2025-06-13T17:25:12.759396+0800 ERROR write command M105

2025-06-13T17:25:12.759396+0800 ERROR second command M105

2025-06-13T17:25:12.760444+0800 ERROR finish command M105

2025-06-13T17:25:12.856726+0800 ERROR readline ok

2025-06-13T17:25:12.857758+0800 ERROR readline ok

2025-06-13T17:25:12.877318+0800 ERROR readline ok

2025-06-13T17:25:12.878359+0800 ERROR readline ok

2025-06-13T17:25:12.879354+0800 ERROR readline ok

2025-06-13T17:25:12.881750+0800 ERROR readline LOBOTICS SAFETY UNLOCKED

2025-06-13T17:25:12.882770+0800 ERROR readline ok

2025-06-13T17:25:12.882770+0800 ERROR readline ok

2025-06-13T17:25:12.884282+0800 ERROR readline ok

2025-06-13T17:25:12.884282+0800 ERROR readline ok

2025-06-13T17:25:12.885802+0800 ERROR readline ok

2025-06-13T17:25:12.886833+0800 ERROR readline ok

2025-06-13T17:25:12.887817+0800 ERROR readline ok

2025-06-13T17:25:12.887817+0800 ERROR readline ok

2025-06-13T17:25:12.892343+0800 ERROR readline  T:42.6339 /10 B:41.1375 /10 @:0 B@:0 VER: 1.3.2

2025-06-13T17:25:12.929799+0800 ERROR readline X:600.0000 Y:10.0000 Z:50.2000 E:263.1850 Count X:210000 Y:3500 Z:100400 STA: 1058559

2025-06-13T17:25:12.932824+0800 ERROR readline 

2025-06-13T17:25:13.191723+0800 ERROR empty readline 0
2025-06-13T17:25:13.456474+0800 ERROR empty readline 1
2025-06-13T17:25:13.722204+0800 INFO M107

2025-06-13T17:25:13.722204+0800 ERROR empty readline 2
2025-06-13T17:25:13.723207+0800 ERROR SENT: M107

2025-06-13T17:25:13.724724+0800 ERROR write command M107

2025-06-13T17:25:13.725234+0800 ERROR second command M107

2025-06-13T17:25:13.725234+0800 ERROR finish command M107

2025-06-13T17:25:13.726252+0800 ERROR readline ok

2025-06-13T17:25:13.927687+0800 ERROR readline X:600.0000 Y:10.0000 Z:50.2000 E:263.1850 Count X:210000 Y:3500 Z:100400 STA: 1058559

2025-06-13T17:25:13.929219+0800 ERROR readline 

2025-06-13T17:25:14.191839+0800 ERROR empty readline 0
2025-06-13T17:25:14.456728+0800 ERROR empty readline 1
2025-06-13T17:25:14.709511+0800 INFO M107

2025-06-13T17:25:14.710605+0800 ERROR SENT: M107

2025-06-13T17:25:14.710605+0800 ERROR write command M107

2025-06-13T17:25:14.712118+0800 ERROR second command M107

2025-06-13T17:25:14.712118+0800 ERROR finish command M107

2025-06-13T17:25:14.713129+0800 ERROR readline ok

2025-06-13T17:25:14.929253+0800 ERROR readline X:600.0000 Y:10.0000 Z:50.2000 E:263.1850 Count X:210000 Y:3500 Z:100400 STA: 1058559

2025-06-13T17:25:14.930441+0800 ERROR readline 

2025-06-13T17:25:15.184744+0800 ERROR empty readline 0
2025-06-13T17:25:15.435649+0800 ERROR empty readline 1
2025-06-13T17:25:15.686792+0800 ERROR empty readline 2
2025-06-13T17:25:15.711186+0800 INFO M107

2025-06-13T17:25:15.712185+0800 ERROR SENT: M107

2025-06-13T17:25:15.713183+0800 ERROR write command M107

2025-06-13T17:25:15.713721+0800 ERROR second command M107

2025-06-13T17:25:15.713721+0800 ERROR finish command M107

2025-06-13T17:25:15.714926+0800 ERROR readline ok

2025-06-13T17:25:15.929031+0800 ERROR readline X:600.0000 Y:10.0000 Z:50.2000 E:263.1850 Count X:210000 Y:3500 Z:100400 STA: 1058559

2025-06-13T17:25:15.930041+0800 ERROR readline 

2025-06-13T17:25:16.181235+0800 ERROR empty readline 0
2025-06-13T17:25:16.447246+0800 ERROR empty readline 1
2025-06-13T17:25:16.501440+0800 INFO M104 S300
2025-06-13T17:25:16.501440+0800 ERROR SENT: M104 S300
2025-06-13T17:25:16.502417+0800 ERROR write command M104 S300
2025-06-13T17:25:16.502417+0800 ERROR second command M104 S300
2025-06-13T17:25:16.503430+0800 ERROR finish command M104 S300
2025-06-13T17:25:16.504447+0800 INFO G250 S110
2025-06-13T17:25:16.505592+0800 INFO M259
2025-06-13T17:25:16.505592+0800 ERROR readline ok

2025-06-13T17:25:16.506604+0800 INFO M259
2025-06-13T17:25:16.506604+0800 INFO M259
2025-06-13T17:25:16.508151+0800 INFO M259
2025-06-13T17:25:16.508151+0800 INFO M259
2025-06-13T17:25:16.506604+0800 ERROR SENT: G250 S110
2025-06-13T17:25:16.508151+0800 INFO M259
2025-06-13T17:25:16.509666+0800 ERROR write command G250 S110
2025-06-13T17:25:16.510688+0800 INFO M259
2025-06-13T17:25:16.511710+0800 INFO M259
2025-06-13T17:25:16.511710+0800 ERROR second command G250 S110
2025-06-13T17:25:16.512717+0800 INFO M259
2025-06-13T17:25:16.513712+0800 ERROR readline ok

2025-06-13T17:25:16.513712+0800 ERROR finish command G250 S110
2025-06-13T17:25:16.513712+0800 INFO M259
2025-06-13T17:25:16.516050+0800 ERROR SENT: M259
2025-06-13T17:25:16.516050+0800 ERROR write command M259
2025-06-13T17:25:16.516050+0800 ERROR second command M259
2025-06-13T17:25:16.517569+0800 ERROR finish command M259
2025-06-13T17:25:16.517569+0800 ERROR SENT: M259
2025-06-13T17:25:16.519100+0800 ERROR write command M259
2025-06-13T17:25:16.519100+0800 ERROR second command M259
2025-06-13T17:25:16.519100+0800 ERROR finish command M259
2025-06-13T17:25:16.520128+0800 ERROR SENT: M259
2025-06-13T17:25:16.521152+0800 ERROR write command M259
2025-06-13T17:25:16.521152+0800 ERROR second command M259
2025-06-13T17:25:16.522164+0800 ERROR finish command M259
2025-06-13T17:25:16.524121+0800 ERROR SENT: M259
2025-06-13T17:25:16.524638+0800 ERROR write command M259
2025-06-13T17:25:16.524638+0800 ERROR second command M259
2025-06-13T17:25:16.526654+0800 ERROR finish command M259
2025-06-13T17:25:16.526654+0800 ERROR SENT: M259
2025-06-13T17:25:16.527734+0800 ERROR write command M259
2025-06-13T17:25:16.529250+0800 ERROR second command M259
2025-06-13T17:25:16.531267+0800 ERROR finish command M259
2025-06-13T17:25:16.531267+0800 ERROR SENT: M259
2025-06-13T17:25:16.531267+0800 ERROR write command M259
2025-06-13T17:25:16.532739+0800 ERROR second command M259
2025-06-13T17:25:16.534251+0800 ERROR finish command M259
2025-06-13T17:25:16.534251+0800 ERROR readline echo:filament exchange fail, broken

2025-06-13T17:25:16.535417+0800 ERROR SENT: M259
2025-06-13T17:25:16.537478+0800 ERROR readline ok

2025-06-13T17:25:16.537478+0800 ERROR write command M259
2025-06-13T17:25:16.538994+0800 ERROR second command M259
2025-06-13T17:25:16.540778+0800 ERROR finish command M259
2025-06-13T17:25:16.542800+0800 ERROR SENT: M259
2025-06-13T17:25:16.542800+0800 ERROR write command M259
2025-06-13T17:25:16.544376+0800 ERROR second command M259
2025-06-13T17:25:16.545419+0800 ERROR finish command M259
2025-06-13T17:25:16.546442+0800 ERROR SENT: M259
2025-06-13T17:25:16.547455+0800 ERROR write command M259
2025-06-13T17:25:16.549985+0800 ERROR second command M259
2025-06-13T17:25:16.549985+0800 ERROR readline echo:filament exchange fail, broken

2025-06-13T17:25:16.551226+0800 ERROR finish command M259
2025-06-13T17:25:16.552249+0800 ERROR readline ok

2025-06-13T17:25:16.553416+0800 ERROR SENT: M259
2025-06-13T17:25:16.555491+0800 ERROR write command M259
2025-06-13T17:25:16.556452+0800 ERROR second command M259
2025-06-13T17:25:16.556452+0800 ERROR finish command M259
2025-06-13T17:25:16.562364+0800 ERROR readline echo:filament exchange fail, broken

2025-06-13T17:25:16.563366+0800 ERROR readline ok

2025-06-13T17:25:16.564367+0800 ERROR readline echo:filament exchange fail, broken

2025-06-13T17:25:16.565887+0800 ERROR readline ok

2025-06-13T17:25:16.567901+0800 ERROR readline echo:filament exchange fail, broken

2025-06-13T17:25:16.567901+0800 ERROR readline ok

2025-06-13T17:25:16.571433+0800 ERROR readline echo:filament exchange fail, broken

2025-06-13T17:25:16.571433+0800 ERROR readline ok

2025-06-13T17:25:16.573469+0800 ERROR readline echo:filament exchange fail, broken

2025-06-13T17:25:16.574487+0800 ERROR readline ok

2025-06-13T17:25:16.576560+0800 ERROR readline echo:filament exchange fail, broken

2025-06-13T17:25:16.577081+0800 ERROR readline ok

2025-06-13T17:25:16.579082+0800 ERROR readline echo:filament exchange fail, broken

2025-06-13T17:25:16.579082+0800 ERROR readline ok

2025-06-13T17:25:16.582274+0800 ERROR readline echo:filament exchange fail, broken

2025-06-13T17:25:16.582274+0800 ERROR readline ok

2025-06-13T17:25:16.711285+0800 INFO M107

2025-06-13T17:25:16.712279+0800 ERROR SENT: M107

2025-06-13T17:25:16.712279+0800 ERROR write command M107

2025-06-13T17:25:16.713657+0800 ERROR second command M107

2025-06-13T17:25:16.714235+0800 ERROR finish command M107

2025-06-13T17:25:16.714235+0800 ERROR readline ok

2025-06-13T17:25:16.927193+0800 ERROR readline X:600.0000 Y:10.0000 Z:50.2000 E:263.1850 Count X:210000 Y:3500 Z:100400 STA: 1058559

2025-06-13T17:25:16.928194+0800 ERROR readline 

2025-06-13T17:25:17.181542+0800 ERROR empty readline 0
2025-06-13T17:25:17.445443+0800 ERROR empty readline 1
2025-06-13T17:25:17.709780+0800 ERROR empty readline 2
2025-06-13T17:25:17.712371+0800 INFO M107

2025-06-13T17:25:17.713388+0800 ERROR SENT: M107

2025-06-13T17:25:17.714421+0800 ERROR write command M107

2025-06-13T17:25:17.714421+0800 ERROR second command M107

2025-06-13T17:25:17.714421+0800 ERROR finish command M107

2025-06-13T17:25:17.716420+0800 ERROR readline ok

2025-06-13T17:25:17.928108+0800 ERROR readline X:600.0000 Y:10.0000 Z:50.2000 E:263.1850 Count X:210000 Y:3500 Z:100400 STA: 1058559

2025-06-13T17:25:17.930711+0800 ERROR readline 

2025-06-13T17:25:18.181180+0800 ERROR empty readline 0
2025-06-13T17:25:18.434262+0800 ERROR empty readline 1
2025-06-13T17:25:18.698110+0800 ERROR empty readline 2
2025-06-13T17:25:18.714547+0800 INFO M107

2025-06-13T17:25:18.715058+0800 ERROR SENT: M107

2025-06-13T17:25:18.715058+0800 ERROR write command M107

2025-06-13T17:25:18.715058+0800 ERROR second command M107

2025-06-13T17:25:18.716569+0800 ERROR finish command M107

2025-06-13T17:25:18.717587+0800 ERROR readline ok

2025-06-13T17:25:18.929311+0800 ERROR readline X:600.0000 Y:10.0000 Z:50.2000 E:263.1850 Count X:210000 Y:3500 Z:100400 STA: 1058559

2025-06-13T17:25:18.930517+0800 ERROR readline 

2025-06-13T17:25:19.182893+0800 ERROR empty readline 0
2025-06-13T17:25:19.434578+0800 ERROR empty readline 1
2025-06-13T17:25:19.698218+0800 ERROR empty readline 2
2025-06-13T17:25:19.927578+0800 ERROR readline X:600.0000 Y:10.0000 Z:50.2000 E:263.1850 Count X:210000 Y:3500 Z:100400 STA: 1058559

2025-06-13T17:25:19.929091+0800 ERROR readline 

2025-06-13T17:25:20.180259+0800 ERROR empty readline 0
2025-06-13T17:25:20.454109+0800 ERROR empty readline 1
2025-06-13T17:25:20.724190+0800 ERROR empty readline 2
2025-06-13T17:25:20.952098+0800 ERROR readline X:600.0000 Y:10.0000 Z:50.2000 E:263.1850 Count X:210000 Y:3500 Z:100400 STA: 1058559

2025-06-13T17:25:20.954097+0800 ERROR readline 

2025-06-13T17:25:21.206776+0800 ERROR empty readline 0
2025-06-13T17:25:21.472177+0800 ERROR empty readline 1
