2025-06-13T16:58:59.644351+0800 INFO 设备已成功连接
2025-06-13T16:58:59.644882+0800 ERROR SENT: M105
2025-06-13T16:58:59.646420+0800 ERROR write command M105
2025-06-13T16:58:59.649013+0800 ERROR second command M105
2025-06-13T16:58:59.649562+0800 ERROR finish command M105
2025-06-13T16:58:59.649562+0800 ERROR SENT: G250 S21
2025-06-13T16:58:59.649562+0800 ERROR write command G250 S21
2025-06-13T16:58:59.650592+0800 ERROR second command G250 S21
2025-06-13T16:58:59.650592+0800 ERROR finish command G250 S21
2025-06-13T16:58:59.651625+0800 ERROR SENT: G250 S800
2025-06-13T16:58:59.651625+0800 ERROR write command G250 S800
2025-06-13T16:58:59.652603+0800 ERROR second command G250 S800
2025-06-13T16:58:59.652603+0800 ERROR finish command G250 S800
2025-06-13T16:58:59.652603+0800 ERROR SENT: M154 S1
2025-06-13T16:58:59.652603+0800 ERROR write command M154 S1
2025-06-13T16:58:59.654198+0800 ERROR second command M154 S1
2025-06-13T16:58:59.654198+0800 ERROR finish command M154 S1
2025-06-13T16:58:59.659139+0800 ERROR readline  T:65.7452 /10 B:51.7750 /10 @:0 B@:0 VER: 1.3.2

2025-06-13T16:58:59.659139+0800 ERROR readline ok

2025-06-13T16:58:59.660221+0800 ERROR readline LOBOTICS SAFETY UNLOCKED

2025-06-13T16:58:59.660221+0800 ERROR readline ok

2025-06-13T16:58:59.660221+0800 ERROR readline ok

2025-06-13T16:58:59.912261+0800 ERROR empty readline 0
2025-06-13T16:59:00.176476+0800 ERROR empty readline 1
2025-06-13T16:59:00.440465+0800 ERROR empty readline 2
2025-06-13T16:59:00.656251+0800 ERROR readline X:600.0000 Y:10.0000 Z:50.2000 E:76.0460 Count X:210000 Y:3500 Z:100400 STA: 1082111

2025-06-13T16:59:00.657272+0800 ERROR readline 

2025-06-13T16:59:00.922211+0800 ERROR empty readline 0
2025-06-13T16:59:01.173063+0800 ERROR empty readline 1
2025-06-13T16:59:01.436439+0800 ERROR empty readline 2
2025-06-13T16:59:01.657207+0800 ERROR readline X:600.0000 Y:10.0000 Z:50.2000 E:76.0460 Count X:210000 Y:3500 Z:100400 STA: 1082111

2025-06-13T16:59:01.659224+0800 ERROR readline 

2025-06-13T16:59:01.917606+0800 ERROR empty readline 0
2025-06-13T16:59:02.181133+0800 ERROR empty readline 1
2025-06-13T16:59:02.446446+0800 ERROR empty readline 2
2025-06-13T16:59:02.656372+0800 ERROR readline X:600.0000 Y:10.0000 Z:50.2000 E:76.0460 Count X:210000 Y:3500 Z:100400 STA: 1082111

2025-06-13T16:59:02.657066+0800 ERROR readline 

2025-06-13T16:59:02.804608+0800 INFO M105

2025-06-13T16:59:02.807160+0800 ERROR SENT: M105

2025-06-13T16:59:02.808144+0800 ERROR write command M105

2025-06-13T16:59:02.809148+0800 ERROR second command M105

2025-06-13T16:59:02.810684+0800 ERROR finish command M105

2025-06-13T16:59:02.810684+0800 ERROR readline ok

2025-06-13T16:59:02.815252+0800 ERROR readline  T:65.5048 /10 B:51.8000 /10 @:0 B@:0 VER: 1.3.2

2025-06-13T16:59:03.070093+0800 ERROR empty readline 0
2025-06-13T16:59:03.333183+0800 ERROR empty readline 1
2025-06-13T16:59:03.597473+0800 ERROR empty readline 2
2025-06-13T16:59:03.656779+0800 ERROR readline X:600.0000 Y:10.0000 Z:50.2000 E:76.0460 Count X:210000 Y:3500 Z:100400 STA: 1082111

2025-06-13T16:59:03.657788+0800 ERROR readline 

2025-06-13T16:59:03.922731+0800 ERROR empty readline 0
2025-06-13T16:59:04.189481+0800 ERROR empty readline 1
2025-06-13T16:59:04.455858+0800 ERROR empty readline 2
2025-06-13T16:59:04.657286+0800 ERROR readline X:600.0000 Y:10.0000 Z:50.2000 E:76.0460 Count X:210000 Y:3500 Z:100400 STA: 1082111

2025-06-13T16:59:04.658940+0800 ERROR readline 

2025-06-13T16:59:04.923466+0800 ERROR empty readline 0
2025-06-13T16:59:05.177663+0800 ERROR empty readline 1
2025-06-13T16:59:05.442683+0800 ERROR empty readline 2
2025-06-13T16:59:05.655183+0800 ERROR readline X:600.0000 Y:10.0000 Z:50.2000 E:76.0460 Count X:210000 Y:3500 Z:100400 STA: 1082111

2025-06-13T16:59:05.656181+0800 ERROR readline 

2025-06-13T16:59:05.923050+0800 ERROR empty readline 0
2025-06-13T16:59:06.187434+0800 ERROR empty readline 1
2025-06-13T16:59:06.452758+0800 ERROR empty readline 2
2025-06-13T16:59:06.655008+0800 ERROR readline X:600.0000 Y:10.0000 Z:50.2000 E:76.0460 Count X:210000 Y:3500 Z:100400 STA: 1082111

2025-06-13T16:59:06.655008+0800 ERROR readline 

2025-06-13T16:59:06.908384+0800 ERROR empty readline 0
2025-06-13T16:59:07.172310+0800 ERROR empty readline 1
2025-06-13T16:59:07.437216+0800 ERROR empty readline 2
2025-06-13T16:59:07.656127+0800 ERROR readline X:600.0000 Y:10.0000 Z:50.2000 E:76.0460 Count X:210000 Y:3500 Z:100400 STA: 1082111

2025-06-13T16:59:07.658159+0800 ERROR readline 

2025-06-13T16:59:09.457851+0800 ERROR empty readline 0
2025-06-13T16:59:09.475769+0800 ERROR readline X:600.0000 Y:10.0000 Z:50.2000 E:76.0460 Count X:210000 Y:3500 Z:100400 STA: 1082111

2025-06-13T16:59:09.476801+0800 ERROR readline 

2025-06-13T16:59:09.656231+0800 ERROR readline X:600.0000 Y:10.0000 Z:50.2000 E:76.0460 Count X:210000 Y:3500 Z:100400 STA: 1082111

2025-06-13T16:59:09.657598+0800 ERROR readline 

2025-06-13T16:59:10.001647+0800 ERROR empty readline 0
2025-06-13T16:59:10.266565+0800 ERROR empty readline 1
2025-06-13T16:59:10.518120+0800 ERROR empty readline 2
2025-06-13T16:59:10.656568+0800 ERROR readline X:600.0000 Y:10.0000 Z:50.2000 E:76.0460 Count X:210000 Y:3500 Z:100400 STA: 1082111

2025-06-13T16:59:10.660174+0800 ERROR readline 

2025-06-13T16:59:10.920678+0800 ERROR empty readline 0
2025-06-13T16:59:11.172326+0800 ERROR empty readline 1
2025-06-13T16:59:11.424231+0800 ERROR empty readline 2
2025-06-13T16:59:11.654509+0800 ERROR readline X:600.0000 Y:10.0000 Z:50.2000 E:76.0460 Count X:210000 Y:3500 Z:100400 STA: 1082111

2025-06-13T16:59:11.656073+0800 ERROR readline 

2025-06-13T16:59:11.913428+0800 ERROR empty readline 0
2025-06-13T16:59:12.178139+0800 ERROR empty readline 1
2025-06-13T16:59:12.444930+0800 ERROR empty readline 2
2025-06-13T16:59:12.655195+0800 ERROR readline X:600.0000 Y:10.0000 Z:50.2000 E:76.0460 Count X:210000 Y:3500 Z:100400 STA: 1082111

2025-06-13T16:59:12.656710+0800 ERROR readline 

2025-06-13T16:59:12.899342+0800 INFO M105

2025-06-13T16:59:12.899342+0800 ERROR SENT: M105

2025-06-13T16:59:12.900452+0800 ERROR write command M105

2025-06-13T16:59:12.900452+0800 ERROR second command M105

2025-06-13T16:59:12.901474+0800 ERROR finish command M105

2025-06-13T16:59:12.903182+0800 ERROR readline ok

2025-06-13T16:59:12.906466+0800 ERROR readline  T:64.4231 /10 B:51.6500 /10 @:0 B@:0 VER: 1.3.2

2025-06-13T16:59:13.166409+0800 ERROR empty readline 0
2025-06-13T16:59:13.431089+0800 ERROR empty readline 1
2025-06-13T16:59:13.655452+0800 ERROR readline X:600.0000 Y:10.0000 Z:50.2000 E:76.0460 Count X:210000 Y:3500 Z:100400 STA: 1082111

2025-06-13T16:59:13.656454+0800 ERROR readline 

2025-06-13T16:59:13.914967+0800 ERROR empty readline 0
2025-06-13T16:59:14.179971+0800 ERROR empty readline 1
2025-06-13T16:59:14.444879+0800 ERROR empty readline 2
2025-06-13T16:59:14.654493+0800 ERROR readline X:600.0000 Y:10.0000 Z:50.2000 E:76.0460 Count X:210000 Y:3500 Z:100400 STA: 1082111

2025-06-13T16:59:14.657595+0800 ERROR readline 

2025-06-13T16:59:14.908450+0800 ERROR empty readline 0
2025-06-13T16:59:15.160083+0800 ERROR empty readline 1
2025-06-13T16:59:15.410272+0800 ERROR empty readline 2
2025-06-13T16:59:15.653328+0800 ERROR readline X:600.0000 Y:10.0000 Z:50.2000 E:76.0460 Count X:210000 Y:3500 Z:100400 STA: 1082111

2025-06-13T16:59:15.654327+0800 ERROR readline 

2025-06-13T16:59:15.914470+0800 ERROR empty readline 0
2025-06-13T16:59:16.175927+0800 ERROR empty readline 1
2025-06-13T16:59:16.440999+0800 ERROR empty readline 2
2025-06-13T16:59:16.654463+0800 ERROR readline X:600.0000 Y:10.0000 Z:50.2000 E:76.0460 Count X:210000 Y:3500 Z:100400 STA: 1082111

2025-06-13T16:59:16.656426+0800 ERROR readline 

2025-06-13T16:59:16.908556+0800 ERROR empty readline 0
2025-06-13T16:59:17.171417+0800 ERROR empty readline 1
2025-06-13T16:59:17.433094+0800 ERROR empty readline 2
2025-06-13T16:59:17.599598+0800 INFO L110 S60
2025-06-13T16:59:17.599598+0800 INFO L110 S60
2025-06-13T16:59:17.600685+0800 INFO L110 S60
2025-06-13T16:59:17.601237+0800 ERROR SENT: L110 S60
2025-06-13T16:59:17.602249+0800 ERROR write command L110 S60
2025-06-13T16:59:17.603242+0800 ERROR second command L110 S60
2025-06-13T16:59:17.603242+0800 ERROR finish command L110 S60
2025-06-13T16:59:17.603242+0800 ERROR SENT: L110 S60
2025-06-13T16:59:17.603242+0800 ERROR write command L110 S60
2025-06-13T16:59:17.604256+0800 ERROR second command L110 S60
2025-06-13T16:59:17.604256+0800 ERROR finish command L110 S60
2025-06-13T16:59:17.604256+0800 ERROR readline ok

2025-06-13T16:59:17.605297+0800 ERROR SENT: L110 S60
2025-06-13T16:59:17.606795+0800 ERROR write command L110 S60
2025-06-13T16:59:17.607819+0800 ERROR second command L110 S60
2025-06-13T16:59:17.607819+0800 ERROR finish command L110 S60
2025-06-13T16:59:17.607819+0800 ERROR readline ok

2025-06-13T16:59:17.607819+0800 ERROR readline ok

2025-06-13T16:59:17.654522+0800 ERROR readline X:600.0000 Y:10.0000 Z:50.2000 E:76.0460 Count X:210000 Y:3500 Z:100400 STA: 1082111

2025-06-13T16:59:17.657062+0800 ERROR readline 

2025-06-13T16:59:17.914617+0800 ERROR empty readline 0
2025-06-13T16:59:18.166857+0800 ERROR empty readline 1
2025-06-13T16:59:18.260470+0800 INFO L110 S61
2025-06-13T16:59:18.260470+0800 INFO L110 S61
2025-06-13T16:59:18.261445+0800 INFO L110 S61
2025-06-13T16:59:18.261445+0800 ERROR SENT: L110 S61
2025-06-13T16:59:18.262494+0800 ERROR write command L110 S61
2025-06-13T16:59:18.263518+0800 ERROR second command L110 S61
2025-06-13T16:59:18.263518+0800 ERROR finish command L110 S61
2025-06-13T16:59:18.264469+0800 ERROR SENT: L110 S61
2025-06-13T16:59:18.264469+0800 ERROR write command L110 S61
2025-06-13T16:59:18.264469+0800 ERROR second command L110 S61
2025-06-13T16:59:18.264469+0800 ERROR finish command L110 S61
2025-06-13T16:59:18.265806+0800 ERROR SENT: L110 S61
2025-06-13T16:59:18.265806+0800 ERROR write command L110 S61
2025-06-13T16:59:18.266336+0800 ERROR second command L110 S61
2025-06-13T16:59:18.266336+0800 ERROR finish command L110 S61
2025-06-13T16:59:18.267369+0800 ERROR readline ok

2025-06-13T16:59:18.268362+0800 ERROR readline ok

2025-06-13T16:59:18.269366+0800 ERROR readline ok

2025-06-13T16:59:18.524973+0800 ERROR empty readline 0
2025-06-13T16:59:18.656402+0800 ERROR readline X:600.0000 Y:10.0000 Z:50.2000 E:76.0460 Count X:210000 Y:3500 Z:100400 STA: 33535

2025-06-13T16:59:18.657419+0800 ERROR readline 

2025-06-13T16:59:18.737798+0800 INFO L110 S60
2025-06-13T16:59:18.737798+0800 INFO L110 S60
2025-06-13T16:59:18.737798+0800 INFO L110 S60
2025-06-13T16:59:18.739350+0800 ERROR SENT: L110 S60
2025-06-13T16:59:18.740395+0800 ERROR write command L110 S60
2025-06-13T16:59:18.741374+0800 ERROR second command L110 S60
2025-06-13T16:59:18.741374+0800 ERROR finish command L110 S60
2025-06-13T16:59:18.741374+0800 ERROR SENT: L110 S60
2025-06-13T16:59:18.742449+0800 ERROR write command L110 S60
2025-06-13T16:59:18.742449+0800 ERROR readline ok

2025-06-13T16:59:18.742449+0800 ERROR second command L110 S60
2025-06-13T16:59:18.744376+0800 ERROR finish command L110 S60
2025-06-13T16:59:18.744376+0800 ERROR SENT: L110 S60
2025-06-13T16:59:18.744376+0800 ERROR write command L110 S60
2025-06-13T16:59:18.744941+0800 ERROR second command L110 S60
2025-06-13T16:59:18.744941+0800 ERROR finish command L110 S60
2025-06-13T16:59:18.746510+0800 ERROR readline ok

2025-06-13T16:59:18.747573+0800 ERROR readline ok

2025-06-13T16:59:19.007381+0800 ERROR empty readline 0
2025-06-13T16:59:19.271822+0800 ERROR empty readline 1
2025-06-13T16:59:19.537467+0800 ERROR empty readline 2
2025-06-13T16:59:19.655332+0800 ERROR readline X:600.0000 Y:10.0000 Z:50.2000 E:76.0460 Count X:210000 Y:3500 Z:100400 STA: 1082111

2025-06-13T16:59:19.656853+0800 ERROR readline 

2025-06-13T16:59:19.893125+0800 INFO L110 S60
2025-06-13T16:59:19.893125+0800 INFO L110 S60
2025-06-13T16:59:19.893125+0800 INFO L110 S60
2025-06-13T16:59:19.894642+0800 ERROR SENT: L110 S60
2025-06-13T16:59:19.894642+0800 ERROR write command L110 S60
2025-06-13T16:59:19.895660+0800 ERROR second command L110 S60
2025-06-13T16:59:19.896660+0800 ERROR finish command L110 S60
2025-06-13T16:59:19.896660+0800 ERROR SENT: L110 S60
2025-06-13T16:59:19.897189+0800 ERROR write command L110 S60
2025-06-13T16:59:19.897189+0800 ERROR second command L110 S60
2025-06-13T16:59:19.898198+0800 ERROR finish command L110 S60
2025-06-13T16:59:19.898198+0800 ERROR SENT: L110 S60
2025-06-13T16:59:19.898198+0800 ERROR write command L110 S60
2025-06-13T16:59:19.899705+0800 ERROR readline ok

2025-06-13T16:59:19.899705+0800 ERROR second command L110 S60
2025-06-13T16:59:19.900722+0800 ERROR finish command L110 S60
2025-06-13T16:59:19.900722+0800 ERROR readline ok

2025-06-13T16:59:19.902731+0800 ERROR readline ok

2025-06-13T16:59:20.161174+0800 ERROR empty readline 0
2025-06-13T16:59:20.425712+0800 ERROR empty readline 1
2025-06-13T16:59:20.653062+0800 ERROR readline X:600.0000 Y:10.0000 Z:50.2000 E:76.0460 Count X:210000 Y:3500 Z:100400 STA: 1082111

2025-06-13T16:59:20.654576+0800 ERROR readline 

2025-06-13T16:59:20.911475+0800 ERROR empty readline 0
2025-06-13T16:59:21.175233+0800 ERROR empty readline 1
2025-06-13T16:59:21.442146+0800 ERROR empty readline 2
2025-06-13T16:59:21.652769+0800 ERROR readline X:600.0000 Y:10.0000 Z:50.2000 E:76.0460 Count X:210000 Y:3500 Z:100400 STA: 1082111

2025-06-13T16:59:21.654303+0800 ERROR readline 

2025-06-13T16:59:21.906221+0800 ERROR empty readline 0
2025-06-13T16:59:22.169572+0800 ERROR empty readline 1
2025-06-13T16:59:22.231606+0800 INFO M105

2025-06-13T16:59:22.232602+0800 ERROR SENT: M105

2025-06-13T16:59:22.233115+0800 ERROR write command M105

2025-06-13T16:59:22.234133+0800 ERROR second command M105

2025-06-13T16:59:22.234651+0800 ERROR finish command M105

2025-06-13T16:59:22.237939+0800 ERROR readline ok

2025-06-13T16:59:22.241005+0800 ERROR readline  T:63.5817 /10 B:51.5375 /10 @:0 B@:0 VER: 1.3.2

2025-06-13T16:59:22.494280+0800 ERROR empty readline 0
2025-06-13T16:59:22.654340+0800 ERROR readline X:600.0000 Y:10.0000 Z:50.2000 E:76.0460 Count X:210000 Y:3500 Z:100400 STA: 1082111

2025-06-13T16:59:22.654870+0800 ERROR readline 

2025-06-13T16:59:22.844565+0800 INFO L109 time:2025/06/13 16:59:22#./GCODE/CFFFP_AA_3分钟.gcode#
2025-06-13T16:59:22.844565+0800 ERROR SENT: L109 time:2025/06/13 16:59:22#./GCODE/CFFFP_AA_3分钟.gcode#
2025-06-13T16:59:22.846095+0800 ERROR write command L109 time:2025/06/13 16:59:22#./GCODE/CFFFP_AA_3分钟.gcode#
2025-06-13T16:59:22.846611+0800 ERROR second command L109 time:2025/06/13 16:59:22#./GCODE/CFFFP_AA_3分钟.gcode#
2025-06-13T16:59:22.847631+0800 ERROR finish command L109 time:2025/06/13 16:59:22#./GCODE/CFFFP_AA_3分钟.gcode#
2025-06-13T16:59:22.929526+0800 ERROR readline ok

2025-06-13T16:59:23.195436+0800 ERROR empty readline 0
2025-06-13T16:59:23.460268+0800 ERROR empty readline 1
2025-06-13T16:59:23.653581+0800 ERROR readline X:600.0000 Y:10.0000 Z:50.2000 E:76.0460 Count X:210000 Y:3500 Z:100400 STA: 1082111

2025-06-13T16:59:23.654595+0800 ERROR readline 

2025-06-13T16:59:23.860848+0800 ERROR SENT: G250 S31
2025-06-13T16:59:23.861851+0800 ERROR write command G250 S31
2025-06-13T16:59:23.861851+0800 ERROR second command G250 S31
2025-06-13T16:59:23.861851+0800 ERROR finish command G250 S31
2025-06-13T16:59:23.862866+0800 ERROR SENT: N-1 M110*15
2025-06-13T16:59:23.862866+0800 ERROR write command N-1 M110*15
2025-06-13T16:59:23.862866+0800 ERROR second command N-1 M110*15
2025-06-13T16:59:23.864446+0800 ERROR finish command N-1 M110*15
2025-06-13T16:59:23.865467+0800 ERROR readline ok

2025-06-13T16:59:23.867039+0800 INFO M257 S1
2025-06-13T16:59:23.868126+0800 INFO L110 S81
2025-06-13T16:59:23.869032+0800 ERROR SENT: M257 S1
2025-06-13T16:59:23.869558+0800 ERROR write command M257 S1
2025-06-13T16:59:23.869558+0800 ERROR readline ok

2025-06-13T16:59:23.871147+0800 ERROR second command M257 S1
2025-06-13T16:59:23.872147+0800 ERROR finish command M257 S1
2025-06-13T16:59:23.872147+0800 ERROR readline ok

2025-06-13T16:59:23.874157+0800 ERROR SENT: L110 S81
2025-06-13T16:59:23.876179+0800 ERROR write command L110 S81
2025-06-13T16:59:23.877554+0800 ERROR second command L110 S81
2025-06-13T16:59:23.877554+0800 ERROR readline ok

2025-06-13T16:59:23.879089+0800 ERROR finish command L110 S81
2025-06-13T16:59:23.882429+0800 ERROR SENT: N0 M140 S10*84
2025-06-13T16:59:23.882429+0800 ERROR write command N0 M140 S10*84
2025-06-13T16:59:23.883430+0800 ERROR second command N0 M140 S10*84
2025-06-13T16:59:23.884427+0800 ERROR finish command N0 M140 S10*84
2025-06-13T16:59:23.885895+0800 ERROR readline ok

2025-06-13T16:59:23.886409+0800 ERROR SENT: N1 M105*38
2025-06-13T16:59:23.886409+0800 ERROR write command N1 M105*38
2025-06-13T16:59:23.889224+0800 ERROR second command N1 M105*38
2025-06-13T16:59:23.890250+0800 ERROR finish command N1 M105*38
2025-06-13T16:59:23.891254+0800 ERROR readline ok

2025-06-13T16:59:23.894277+0800 ERROR SENT: N2 M190 S10*91
2025-06-13T16:59:23.895244+0800 ERROR write command N2 M190 S10*91
2025-06-13T16:59:23.896242+0800 ERROR second command N2 M190 S10*91
2025-06-13T16:59:23.897320+0800 ERROR finish command N2 M190 S10*91
2025-06-13T16:59:23.901904+0800 ERROR readline  T:63.1010 /10 B:51.6625 /10 @:0 B@:0 VER: 1.3.2

2025-06-13T16:59:23.904400+0800 ERROR readline ok

2025-06-13T16:59:23.906459+0800 ERROR SENT: N3 M104 S10*87
2025-06-13T16:59:23.906971+0800 ERROR write command N3 M104 S10*87
2025-06-13T16:59:23.906971+0800 ERROR second command N3 M104 S10*87
2025-06-13T16:59:23.907988+0800 ERROR finish command N3 M104 S10*87
2025-06-13T16:59:23.909502+0800 ERROR readline ok

2025-06-13T16:59:23.910588+0800 ERROR SENT: N4 M105*35
2025-06-13T16:59:23.911605+0800 ERROR write command N4 M105*35
2025-06-13T16:59:23.912576+0800 ERROR second command N4 M105*35
2025-06-13T16:59:23.912576+0800 ERROR finish command N4 M105*35
2025-06-13T16:59:23.914333+0800 ERROR readline ok

2025-06-13T16:59:23.915353+0800 ERROR SENT: N5 M109 S10*92
2025-06-13T16:59:23.915353+0800 ERROR write command N5 M109 S10*92
2025-06-13T16:59:23.916871+0800 ERROR second command N5 M109 S10*92
2025-06-13T16:59:23.916871+0800 ERROR finish command N5 M109 S10*92
2025-06-13T16:59:23.920429+0800 ERROR readline  T:63.1010 /10 B:51.6625 /10 @:0 B@:0 VER: 1.3.2

2025-06-13T16:59:23.921539+0800 ERROR readline ok

2025-06-13T16:59:23.922547+0800 ERROR SENT: N6 M82*31
2025-06-13T16:59:23.922547+0800 ERROR write command N6 M82*31
2025-06-13T16:59:23.924530+0800 ERROR second command N6 M82*31
2025-06-13T16:59:23.924530+0800 ERROR finish command N6 M82*31
2025-06-13T16:59:23.926528+0800 ERROR readline ok

2025-06-13T16:59:23.927554+0800 ERROR SENT: N7 G28*20
2025-06-13T16:59:23.927554+0800 ERROR write command N7 G28*20
2025-06-13T16:59:23.929265+0800 ERROR second command N7 G28*20
2025-06-13T16:59:23.929265+0800 ERROR finish command N7 G28*20
2025-06-13T16:59:24.177637+0800 ERROR empty readline 0
2025-06-13T16:59:24.440567+0800 ERROR empty readline 1
2025-06-13T16:59:24.653345+0800 ERROR readline X:600.0000 Y:10.0000 Z:50.2000 E:76.0460 Count X:-630000 Y:3500 Z:100400 STA: 5251839

2025-06-13T16:59:24.654857+0800 ERROR readline 

2025-06-13T16:59:24.908001+0800 ERROR empty readline 0
2025-06-13T16:59:25.172141+0800 ERROR empty readline 1
2025-06-13T16:59:25.436423+0800 ERROR empty readline 2
2025-06-13T16:59:25.655343+0800 ERROR readline X:600.0000 Y:10.0000 Z:50.2000 E:76.0460 Count X:-630000 Y:3500 Z:100400 STA: 5251839

2025-06-13T16:59:25.656331+0800 ERROR readline 

2025-06-13T16:59:25.923506+0800 ERROR empty readline 0
2025-06-13T16:59:25.930268+0800 ERROR readline echo:busy: processing

2025-06-13T16:59:26.186815+0800 ERROR empty readline 0
2025-06-13T16:59:26.450109+0800 ERROR empty readline 1
2025-06-13T16:59:26.654985+0800 ERROR readline X:600.0000 Y:10.0000 Z:50.2000 E:76.0460 Count X:-630000 Y:3500 Z:100400 STA: 5251839

2025-06-13T16:59:26.656482+0800 ERROR readline 

2025-06-13T16:59:26.917891+0800 ERROR empty readline 0
2025-06-13T16:59:27.181256+0800 ERROR empty readline 1
2025-06-13T16:59:27.446767+0800 ERROR empty readline 2
2025-06-13T16:59:27.654648+0800 ERROR readline X:600.0000 Y:10.0000 Z:50.2000 E:76.0460 Count X:-630000 Y:3500 Z:100400 STA: 5251839

2025-06-13T16:59:27.656167+0800 ERROR readline 

2025-06-13T16:59:27.912962+0800 ERROR empty readline 0
2025-06-13T16:59:27.929393+0800 ERROR readline echo:busy: processing

2025-06-13T16:59:28.190651+0800 ERROR empty readline 0
2025-06-13T16:59:28.456068+0800 ERROR empty readline 1
2025-06-13T16:59:28.654547+0800 ERROR readline X:600.0000 Y:10.0000 Z:50.2000 E:76.0460 Count X:-630000 Y:3500 Z:100400 STA: 5251839

2025-06-13T16:59:28.656059+0800 ERROR readline 

2025-06-13T16:59:28.907958+0800 ERROR empty readline 0
2025-06-13T16:59:29.172926+0800 ERROR empty readline 1
2025-06-13T16:59:29.436377+0800 ERROR empty readline 2
2025-06-13T16:59:29.655440+0800 ERROR readline X:600.0000 Y:10.0000 Z:50.2000 E:76.0460 Count X:-630000 Y:3500 Z:100400 STA: 5251839

2025-06-13T16:59:29.655440+0800 ERROR readline 

2025-06-13T16:59:29.915381+0800 ERROR empty readline 0
2025-06-13T16:59:29.929199+0800 ERROR readline echo:busy: processing

2025-06-13T16:59:30.181359+0800 ERROR empty readline 0
2025-06-13T16:59:30.444891+0800 ERROR empty readline 1
2025-06-13T16:59:30.654455+0800 ERROR readline X:600.0000 Y:10.0000 Z:50.2000 E:76.0460 Count X:-630000 Y:3500 Z:100400 STA: 5251839

2025-06-13T16:59:30.657564+0800 ERROR readline 

2025-06-13T16:59:30.916693+0800 ERROR empty readline 0
2025-06-13T16:59:31.181399+0800 ERROR empty readline 1
2025-06-13T16:59:31.442853+0800 ERROR empty readline 2
2025-06-13T16:59:31.566622+0800 INFO M105

2025-06-13T16:59:31.654281+0800 ERROR readline X:600.0000 Y:10.0000 Z:50.2000 E:76.0460 Count X:-630000 Y:3500 Z:100400 STA: 5251839

2025-06-13T16:59:31.655312+0800 ERROR readline 

2025-06-13T16:59:31.911058+0800 ERROR empty readline 0
2025-06-13T16:59:31.929352+0800 ERROR readline echo:busy: processing

2025-06-13T16:59:32.191391+0800 ERROR empty readline 0
2025-06-13T16:59:32.456003+0800 ERROR empty readline 1
2025-06-13T16:59:32.654718+0800 ERROR readline X:600.0000 Y:10.0000 Z:50.2000 E:76.0460 Count X:-630000 Y:3500 Z:100400 STA: 5251839

2025-06-13T16:59:32.655727+0800 ERROR readline 

2025-06-13T16:59:32.907604+0800 ERROR empty readline 0
2025-06-13T16:59:33.169270+0800 ERROR empty readline 1
2025-06-13T16:59:33.431958+0800 ERROR empty readline 2
2025-06-13T16:59:33.654778+0800 ERROR readline X:600.0000 Y:10.0000 Z:50.2000 E:76.0460 Count X:-630000 Y:3500 Z:100400 STA: 5251839

2025-06-13T16:59:33.656290+0800 ERROR readline 

2025-06-13T16:59:33.914260+0800 ERROR empty readline 0
2025-06-13T16:59:33.927723+0800 ERROR readline echo:busy: processing

2025-06-13T16:59:34.180116+0800 ERROR empty readline 0
2025-06-13T16:59:34.445586+0800 ERROR empty readline 1
2025-06-13T16:59:34.654397+0800 ERROR readline X:600.0000 Y:10.0000 Z:50.2000 E:76.0460 Count X:-630000 Y:3500 Z:100400 STA: 5251839

2025-06-13T16:59:34.657123+0800 ERROR readline 

2025-06-13T16:59:34.914286+0800 ERROR empty readline 0
2025-06-13T16:59:35.177922+0800 ERROR empty readline 1
2025-06-13T16:59:35.442575+0800 ERROR empty readline 2
2025-06-13T16:59:35.653565+0800 ERROR readline X:600.0000 Y:10.0000 Z:50.2000 E:76.0460 Count X:-630000 Y:3500 Z:100400 STA: 5251839

2025-06-13T16:59:35.654581+0800 ERROR readline 

2025-06-13T16:59:35.910887+0800 ERROR empty readline 0
2025-06-13T16:59:35.928232+0800 ERROR readline echo:busy: processing

2025-06-13T16:59:36.191002+0800 ERROR empty readline 0
2025-06-13T16:59:36.452804+0800 ERROR empty readline 1
2025-06-13T16:59:36.653282+0800 ERROR readline X:0.0000 Y:10.0000 Z:50.2000 E:76.0460 Count X:0 Y:-315000 Z:100400 STA: 5251838

2025-06-13T16:59:36.655773+0800 ERROR readline 

2025-06-13T16:59:36.919011+0800 ERROR empty readline 0
2025-06-13T16:59:37.170518+0800 ERROR empty readline 1
2025-06-13T16:59:37.434508+0800 ERROR empty readline 2
2025-06-13T16:59:37.652476+0800 ERROR readline X:0.0000 Y:0.0000 Z:50.2000 E:76.0460 Count X:0 Y:0 Z:-1800000 STA: 5251834

2025-06-13T16:59:37.654484+0800 ERROR readline 

2025-06-13T16:59:37.907148+0800 ERROR empty readline 0
2025-06-13T16:59:37.929228+0800 ERROR readline echo:busy: processing

2025-06-13T16:59:38.187114+0800 ERROR empty readline 0
2025-06-13T16:59:38.447931+0800 ERROR empty readline 1
2025-06-13T16:59:38.650958+0800 ERROR readline X:0.0000 Y:0.0000 Z:50.2000 E:76.0460 Count X:0 Y:0 Z:-1800000 STA: 5251834

2025-06-13T16:59:38.651956+0800 ERROR readline 

2025-06-13T16:59:38.912974+0800 ERROR empty readline 0
2025-06-13T16:59:39.176943+0800 ERROR empty readline 1
2025-06-13T16:59:39.444362+0800 ERROR empty readline 2
2025-06-13T16:59:39.652062+0800 ERROR readline X:0.0000 Y:0.0000 Z:50.2000 E:76.0460 Count X:0 Y:0 Z:-1800000 STA: 5251834

2025-06-13T16:59:39.653057+0800 ERROR readline 

2025-06-13T16:59:39.908051+0800 ERROR empty readline 0
2025-06-13T16:59:39.927828+0800 ERROR readline echo:busy: processing

2025-06-13T16:59:40.191040+0800 ERROR empty readline 0
2025-06-13T16:59:40.455100+0800 ERROR empty readline 1
2025-06-13T16:59:40.653484+0800 ERROR readline X:0.0000 Y:0.0000 Z:50.2000 E:76.0460 Count X:0 Y:0 Z:-1800000 STA: 5251834

2025-06-13T16:59:40.654999+0800 ERROR readline 

2025-06-13T16:59:40.921485+0800 ERROR empty readline 0
2025-06-13T16:59:40.953075+0800 INFO M105

2025-06-13T16:59:41.172016+0800 ERROR empty readline 1
2025-06-13T16:59:41.437091+0800 ERROR empty readline 2
2025-06-13T16:59:41.651328+0800 ERROR readline X:0.0000 Y:0.0000 Z:50.2000 E:76.0460 Count X:0 Y:0 Z:-1800000 STA: 5251834

2025-06-13T16:59:41.652836+0800 ERROR readline 

2025-06-13T16:59:41.918343+0800 ERROR empty readline 0
2025-06-13T16:59:41.927928+0800 ERROR readline echo:busy: processing

2025-06-13T16:59:42.185874+0800 ERROR empty readline 0
2025-06-13T16:59:42.439240+0800 ERROR empty readline 1
2025-06-13T16:59:42.652615+0800 ERROR readline X:0.0000 Y:0.0000 Z:50.2000 E:76.0460 Count X:0 Y:0 Z:-1800000 STA: 5251834

2025-06-13T16:59:42.654721+0800 ERROR readline 

2025-06-13T16:59:42.906933+0800 ERROR empty readline 0
2025-06-13T16:59:43.159157+0800 ERROR empty readline 1
2025-06-13T16:59:43.410632+0800 ERROR empty readline 2
2025-06-13T16:59:43.651807+0800 ERROR readline X:0.0000 Y:0.0000 Z:50.2000 E:76.0460 Count X:0 Y:0 Z:-1800000 STA: 5251834

2025-06-13T16:59:43.652798+0800 ERROR readline 

2025-06-13T16:59:43.911628+0800 ERROR empty readline 0
2025-06-13T16:59:43.928175+0800 ERROR readline echo:busy: processing

2025-06-13T16:59:44.191402+0800 ERROR empty readline 0
2025-06-13T16:59:44.454484+0800 ERROR empty readline 1
2025-06-13T16:59:44.651576+0800 ERROR readline X:0.0000 Y:0.0000 Z:50.2000 E:76.0460 Count X:0 Y:0 Z:-1800000 STA: 5251834

2025-06-13T16:59:44.652579+0800 ERROR readline 

2025-06-13T16:59:44.920317+0800 ERROR empty readline 0
2025-06-13T16:59:45.185370+0800 ERROR empty readline 1
2025-06-13T16:59:45.447025+0800 ERROR empty readline 2
2025-06-13T16:59:45.652848+0800 ERROR readline X:0.0000 Y:0.0000 Z:50.2000 E:76.0460 Count X:0 Y:0 Z:-1800000 STA: 5251834

2025-06-13T16:59:45.655299+0800 ERROR readline 

2025-06-13T16:59:45.916341+0800 ERROR empty readline 0
2025-06-13T16:59:45.927905+0800 ERROR readline echo:busy: processing

2025-06-13T16:59:46.180430+0800 ERROR empty readline 0
2025-06-13T16:59:46.446164+0800 ERROR empty readline 1
2025-06-13T16:59:46.652568+0800 ERROR readline X:0.0000 Y:0.0000 Z:50.2000 E:76.0460 Count X:0 Y:0 Z:-1800000 STA: 5251834

2025-06-13T16:59:46.655100+0800 ERROR readline 

2025-06-13T16:59:46.914465+0800 ERROR empty readline 0
2025-06-13T16:59:47.179462+0800 ERROR empty readline 1
2025-06-13T16:59:47.440735+0800 ERROR empty readline 2
2025-06-13T16:59:47.650354+0800 ERROR readline X:0.0000 Y:0.0000 Z:50.2000 E:76.0460 Count X:0 Y:0 Z:-1800000 STA: 5251834

2025-06-13T16:59:47.651429+0800 ERROR readline 

2025-06-13T16:59:47.907825+0800 ERROR empty readline 0
2025-06-13T16:59:47.928147+0800 ERROR readline echo:busy: processing

2025-06-13T16:59:48.187693+0800 ERROR empty readline 0
2025-06-13T16:59:48.453356+0800 ERROR empty readline 1
2025-06-13T16:59:48.650285+0800 ERROR readline X:0.0000 Y:0.0000 Z:50.2000 E:76.0460 Count X:0 Y:0 Z:-1800000 STA: 5251834

2025-06-13T16:59:48.651669+0800 ERROR readline 

2025-06-13T16:59:48.906711+0800 ERROR empty readline 0
2025-06-13T16:59:49.158434+0800 ERROR empty readline 1
2025-06-13T16:59:49.420596+0800 ERROR empty readline 2
2025-06-13T16:59:49.651019+0800 ERROR readline X:0.0000 Y:0.0000 Z:50.2000 E:76.0460 Count X:0 Y:0 Z:-1800000 STA: 5251834

2025-06-13T16:59:49.652017+0800 ERROR readline 

2025-06-13T16:59:49.914381+0800 ERROR empty readline 0
2025-06-13T16:59:49.927467+0800 ERROR readline echo:busy: processing

2025-06-13T16:59:50.179555+0800 ERROR empty readline 0
2025-06-13T16:59:50.351717+0800 INFO M105

2025-06-13T16:59:50.431718+0800 ERROR empty readline 1
2025-06-13T16:59:50.650735+0800 ERROR readline X:0.0000 Y:0.0000 Z:50.2000 E:76.0460 Count X:0 Y:0 Z:4000 STA: 5251834

2025-06-13T16:59:50.652769+0800 ERROR readline 

2025-06-13T16:59:50.916224+0800 ERROR empty readline 0
2025-06-13T16:59:51.181486+0800 ERROR empty readline 1
2025-06-13T16:59:51.446116+0800 ERROR empty readline 2
2025-06-13T16:59:51.650313+0800 ERROR readline X:0.0000 Y:0.0000 Z:50.2000 E:76.0460 Count X:0 Y:0 Z:-8000 STA: 5251834

2025-06-13T16:59:51.651673+0800 ERROR readline 

2025-06-13T16:59:51.914375+0800 ERROR empty readline 0
2025-06-13T16:59:51.927107+0800 ERROR readline echo:busy: processing

2025-06-13T16:59:52.179400+0800 ERROR empty readline 0
2025-06-13T16:59:52.431481+0800 ERROR empty readline 1
2025-06-13T16:59:52.650325+0800 ERROR readline X:0.0000 Y:0.0000 Z:50.2000 E:76.0460 Count X:0 Y:0 Z:-8000 STA: 5251834

2025-06-13T16:59:52.651335+0800 ERROR readline 

2025-06-13T16:59:52.902190+0800 ERROR readline X:0.0000 Y:0.0000 Z:0.0000 E:76.0460 Count X:0 Y:0 Z:0 STA: 5251832

2025-06-13T16:59:52.903196+0800 ERROR readline 

2025-06-13T16:59:52.908023+0800 ERROR readline ok

2025-06-13T16:59:52.909535+0800 ERROR readline msgdone

2025-06-13T16:59:52.919207+0800 ERROR SENT: M105

2025-06-13T16:59:52.919722+0800 ERROR write command M105

2025-06-13T16:59:52.921166+0800 ERROR second command M105

2025-06-13T16:59:52.922418+0800 ERROR finish command M105

2025-06-13T16:59:52.923437+0800 ERROR readline ok

2025-06-13T16:59:52.928466+0800 ERROR readline  T:61.5385 /10 B:51.3750 /10 @:0 B@:0 VER: 1.3.2

2025-06-13T16:59:52.939639+0800 ERROR SENT: M105

2025-06-13T16:59:52.940651+0800 ERROR write command M105

2025-06-13T16:59:52.940651+0800 ERROR second command M105

2025-06-13T16:59:52.941679+0800 ERROR finish command M105

2025-06-13T16:59:52.942677+0800 ERROR readline ok

2025-06-13T16:59:52.946723+0800 ERROR readline  T:61.7788 /10 B:51.4375 /10 @:0 B@:0 VER: 1.3.2

2025-06-13T16:59:52.950300+0800 ERROR SENT: M105

2025-06-13T16:59:52.950300+0800 ERROR write command M105

2025-06-13T16:59:52.951298+0800 ERROR second command M105

2025-06-13T16:59:52.952314+0800 ERROR finish command M105

2025-06-13T16:59:52.952314+0800 ERROR readline ok

2025-06-13T16:59:52.956470+0800 ERROR readline  T:61.7788 /10 B:51.4375 /10 @:0 B@:0 VER: 1.3.2

2025-06-13T16:59:52.966134+0800 ERROR SENT: N8 G1 Z15.0 F6000*32
2025-06-13T16:59:52.966645+0800 ERROR write command N8 G1 Z15.0 F6000*32
2025-06-13T16:59:52.967824+0800 ERROR second command N8 G1 Z15.0 F6000*32
2025-06-13T16:59:52.967824+0800 ERROR finish command N8 G1 Z15.0 F6000*32
2025-06-13T16:59:52.967824+0800 ERROR readline ok

2025-06-13T16:59:52.969338+0800 ERROR SENT: N9 G92 E0*78
2025-06-13T16:59:52.970354+0800 ERROR write command N9 G92 E0*78
2025-06-13T16:59:52.971557+0800 ERROR second command N9 G92 E0*78
2025-06-13T16:59:52.971557+0800 ERROR finish command N9 G92 E0*78
2025-06-13T16:59:52.976464+0800 ERROR readline X:0.0000 Y:0.0000 Z:15.0000 E:0.0000 Count X:0 Y:0 Z:0 STA: 5251832

2025-06-13T16:59:52.976464+0800 ERROR readline 

2025-06-13T16:59:52.979999+0800 ERROR readline ok

2025-06-13T16:59:52.982036+0800 ERROR SENT: N10 G1 F200 E3*27
2025-06-13T16:59:52.983037+0800 ERROR write command N10 G1 F200 E3*27
2025-06-13T16:59:52.983619+0800 ERROR second command N10 G1 F200 E3*27
2025-06-13T16:59:52.984636+0800 ERROR finish command N10 G1 F200 E3*27
2025-06-13T16:59:52.996130+0800 ERROR readline echo: cold extrusion prevented

2025-06-13T16:59:52.996130+0800 ERROR readline ok

2025-06-13T16:59:52.997432+0800 ERROR SENT: N11 G92 E0*119
2025-06-13T16:59:52.998432+0800 ERROR write command N11 G92 E0*119
2025-06-13T16:59:52.998432+0800 ERROR second command N11 G92 E0*119
2025-06-13T16:59:52.998432+0800 ERROR finish command N11 G92 E0*119
2025-06-13T16:59:53.010165+0800 ERROR readline X:0.0000 Y:0.0000 Z:15.0000 E:0.0000 Count X:0 Y:0 Z:1 STA: 5251832

2025-06-13T16:59:53.011165+0800 ERROR readline 

2025-06-13T16:59:53.015211+0800 ERROR readline ok

2025-06-13T16:59:53.029383+0800 ERROR SENT: N12 G92 E0*116
2025-06-13T16:59:53.030469+0800 ERROR write command N12 G92 E0*116
2025-06-13T16:59:53.031488+0800 ERROR second command N12 G92 E0*116
2025-06-13T16:59:53.031488+0800 ERROR finish command N12 G92 E0*116
2025-06-13T16:59:53.037308+0800 ERROR readline X:0.0000 Y:0.0000 Z:15.0000 E:0.0000 Count X:0 Y:0 Z:197 STA: 5251832

2025-06-13T16:59:53.039365+0800 ERROR readline 

2025-06-13T16:59:53.042214+0800 ERROR readline ok

2025-06-13T16:59:53.045237+0800 ERROR SENT: N13 G92 E0*117
2025-06-13T16:59:53.046217+0800 ERROR write command N13 G92 E0*117
2025-06-13T16:59:53.047398+0800 ERROR second command N13 G92 E0*117
2025-06-13T16:59:53.048380+0800 ERROR finish command N13 G92 E0*117
2025-06-13T16:59:53.053615+0800 ERROR readline X:0.0000 Y:0.0000 Z:15.0000 E:0.0000 Count X:0 Y:0 Z:354 STA: 5251834

2025-06-13T16:59:53.053615+0800 ERROR readline 

2025-06-13T16:59:53.055875+0800 ERROR readline ok

2025-06-13T16:59:53.060917+0800 ERROR SENT: N14 G1 F3600 E-2.5*31
2025-06-13T16:59:53.060917+0800 ERROR write command N14 G1 F3600 E-2.5*31
2025-06-13T16:59:53.062113+0800 ERROR second command N14 G1 F3600 E-2.5*31
2025-06-13T16:59:53.063185+0800 ERROR finish command N14 G1 F3600 E-2.5*31
2025-06-13T16:59:53.068268+0800 ERROR readline echo: cold extrusion prevented

2025-06-13T16:59:53.068268+0800 ERROR readline ok

2025-06-13T16:59:53.077987+0800 ERROR SENT: N15 M107*17
2025-06-13T16:59:53.077987+0800 ERROR write command N15 M107*17
2025-06-13T16:59:53.079076+0800 ERROR second command N15 M107*17
2025-06-13T16:59:53.079076+0800 ERROR finish command N15 M107*17
2025-06-13T16:59:53.081091+0800 ERROR readline ok

2025-06-13T16:59:53.094190+0800 ERROR SENT: N16 G0 X251.98 Y253.592 Z0.2*116
2025-06-13T16:59:53.095223+0800 ERROR write command N16 G0 X251.98 Y253.592 Z0.2*116
2025-06-13T16:59:53.096738+0800 ERROR second command N16 G0 X251.98 Y253.592 Z0.2*116
2025-06-13T16:59:53.096738+0800 ERROR finish command N16 G0 X251.98 Y253.592 Z0.2*116
2025-06-13T16:59:53.097763+0800 ERROR readline ok

2025-06-13T16:59:53.108378+0800 ERROR SENT: N17 G1 F3600 E0.12473*53
2025-06-13T16:59:53.109892+0800 ERROR write command N17 G1 F3600 E0.12473*53
2025-06-13T16:59:53.109892+0800 ERROR second command N17 G1 F3600 E0.12473*53
2025-06-13T16:59:53.110911+0800 ERROR finish command N17 G1 F3600 E0.12473*53
2025-06-13T16:59:53.115461+0800 ERROR readline echo: cold extrusion prevented

2025-06-13T16:59:53.116459+0800 ERROR readline ok

2025-06-13T16:59:53.124533+0800 ERROR SENT: N18 G1 F2400 X251.98 Y195.392 E2.9601*53
2025-06-13T16:59:53.124533+0800 ERROR write command N18 G1 F2400 X251.98 Y195.392 E2.9601*53
2025-06-13T16:59:53.126053+0800 ERROR second command N18 G1 F2400 X251.98 Y195.392 E2.9601*53
2025-06-13T16:59:53.127258+0800 ERROR finish command N18 G1 F2400 X251.98 Y195.392 E2.9601*53
2025-06-13T16:59:53.131203+0800 ERROR readline echo: cold extrusion prevented

2025-06-13T16:59:53.132273+0800 ERROR readline ok

2025-06-13T16:59:53.140868+0800 ERROR SENT: N19 G1 X193.78 Y195.392 E5.79548*105
2025-06-13T16:59:53.141779+0800 ERROR write command N19 G1 X193.78 Y195.392 E5.79548*105
2025-06-13T16:59:53.141779+0800 ERROR second command N19 G1 X193.78 Y195.392 E5.79548*105
2025-06-13T16:59:53.142856+0800 ERROR finish command N19 G1 X193.78 Y195.392 E5.79548*105
2025-06-13T16:59:53.146901+0800 ERROR readline echo: cold extrusion prevented

2025-06-13T16:59:53.147914+0800 ERROR readline ok

2025-06-13T16:59:53.156027+0800 ERROR SENT: N20 G1 X193.78 Y253.592 E8.63085*110
2025-06-13T16:59:53.156027+0800 ERROR write command N20 G1 X193.78 Y253.592 E8.63085*110
2025-06-13T16:59:53.157043+0800 ERROR second command N20 G1 X193.78 Y253.592 E8.63085*110
2025-06-13T16:59:53.158064+0800 ERROR finish command N20 G1 X193.78 Y253.592 E8.63085*110
2025-06-13T16:59:53.161551+0800 ERROR readline echo: cold extrusion prevented

2025-06-13T16:59:53.162553+0800 ERROR readline ok

2025-06-13T16:59:53.171679+0800 ERROR SENT: N21 G1 X251.98 Y253.592 E11.46623*89
2025-06-13T16:59:53.171679+0800 ERROR write command N21 G1 X251.98 Y253.592 E11.46623*89
2025-06-13T16:59:53.172685+0800 ERROR second command N21 G1 X251.98 Y253.592 E11.46623*89
2025-06-13T16:59:53.174688+0800 ERROR finish command N21 G1 X251.98 Y253.592 E11.46623*89
2025-06-13T16:59:53.177228+0800 ERROR readline echo: cold extrusion prevented

2025-06-13T16:59:53.178240+0800 ERROR readline ok

2025-06-13T16:59:53.187491+0800 ERROR SENT: N22 G0 F3600 X252.58 Y254.192*74
2025-06-13T16:59:53.187491+0800 ERROR write command N22 G0 F3600 X252.58 Y254.192*74
2025-06-13T16:59:53.188502+0800 ERROR second command N22 G0 F3600 X252.58 Y254.192*74
2025-06-13T16:59:53.188502+0800 ERROR finish command N22 G0 F3600 X252.58 Y254.192*74
2025-06-13T16:59:53.439415+0800 ERROR empty readline 0
2025-06-13T16:59:53.650639+0800 ERROR readline X:251.9800 Y:253.5920 Z:0.2000 E:11.4662 Count X:88193 Y:88757 Z:400 STA: 5251834

2025-06-13T16:59:53.651658+0800 ERROR readline 

2025-06-13T16:59:53.910251+0800 ERROR empty readline 0
2025-06-13T16:59:54.174286+0800 ERROR empty readline 1
2025-06-13T16:59:54.440587+0800 ERROR empty readline 2
2025-06-13T16:59:54.650515+0800 ERROR readline X:251.9800 Y:253.5920 Z:0.2000 E:11.4662 Count X:88193 Y:88757 Z:400 STA: 5251834

2025-06-13T16:59:54.651531+0800 ERROR readline 

2025-06-13T16:59:54.909690+0800 ERROR empty readline 0
2025-06-13T16:59:55.173400+0800 ERROR empty readline 1
2025-06-13T16:59:55.189513+0800 ERROR readline echo:busy: processing

2025-06-13T16:59:55.453306+0800 ERROR empty readline 0
2025-06-13T16:59:55.651481+0800 ERROR readline X:251.9800 Y:253.5920 Z:0.2000 E:11.4662 Count X:88193 Y:88757 Z:400 STA: 5251834

2025-06-13T16:59:55.652490+0800 ERROR readline 

2025-06-13T16:59:55.910009+0800 ERROR empty readline 0
2025-06-13T16:59:56.029459+0800 ERROR readline ok

2025-06-13T16:59:56.033015+0800 ERROR SENT: N23 G1 F2400 X252.58 Y194.792 E14.36006*61
2025-06-13T16:59:56.034325+0800 ERROR write command N23 G1 F2400 X252.58 Y194.792 E14.36006*61
2025-06-13T16:59:56.035843+0800 ERROR second command N23 G1 F2400 X252.58 Y194.792 E14.36006*61
2025-06-13T16:59:56.036858+0800 ERROR finish command N23 G1 F2400 X252.58 Y194.792 E14.36006*61
2025-06-13T16:59:56.040392+0800 ERROR readline echo: cold extrusion prevented

2025-06-13T16:59:56.041383+0800 ERROR readline ok

2025-06-13T16:59:56.048437+0800 ERROR SENT: N24 G1 X193.18 Y194.792 E17.2539*109
2025-06-13T16:59:56.048437+0800 ERROR write command N24 G1 X193.18 Y194.792 E17.2539*109
2025-06-13T16:59:56.049446+0800 ERROR second command N24 G1 X193.18 Y194.792 E17.2539*109
2025-06-13T16:59:56.049961+0800 ERROR finish command N24 G1 X193.18 Y194.792 E17.2539*109
2025-06-13T16:59:56.054406+0800 ERROR readline echo: cold extrusion prevented

2025-06-13T16:59:56.055932+0800 ERROR readline ok

2025-06-13T16:59:56.064504+0800 ERROR SENT: N25 G1 X193.18 Y254.192 E20.14773*90
2025-06-13T16:59:56.065015+0800 ERROR write command N25 G1 X193.18 Y254.192 E20.14773*90
2025-06-13T16:59:56.065588+0800 ERROR second command N25 G1 X193.18 Y254.192 E20.14773*90
2025-06-13T16:59:56.066612+0800 ERROR finish command N25 G1 X193.18 Y254.192 E20.14773*90
2025-06-13T16:59:56.071109+0800 ERROR readline echo: cold extrusion prevented

2025-06-13T16:59:56.329387+0800 ERROR empty readline 0
2025-06-13T16:59:56.594619+0800 ERROR empty readline 1
2025-06-13T16:59:56.649400+0800 ERROR readline X:193.1800 Y:194.7920 Z:0.2000 E:20.1477 Count X:67613 Y:68177 Z:400 STA: 5251839

2025-06-13T16:59:56.653082+0800 ERROR readline 

2025-06-13T16:59:56.906893+0800 ERROR empty readline 0
2025-06-13T16:59:57.172434+0800 ERROR empty readline 1
2025-06-13T16:59:57.436701+0800 ERROR empty readline 2
2025-06-13T16:59:57.652249+0800 ERROR readline X:193.1800 Y:194.7920 Z:0.2000 E:20.1477 Count X:67613 Y:68177 Z:400 STA: 5251839

2025-06-13T16:59:57.654267+0800 ERROR readline 

2025-06-13T16:59:57.916620+0800 ERROR empty readline 0
2025-06-13T16:59:58.066425+0800 ERROR readline echo:busy: processing

2025-06-13T16:59:58.319200+0800 ERROR empty readline 0
2025-06-13T16:59:58.585605+0800 ERROR empty readline 1
2025-06-13T16:59:58.651789+0800 ERROR readline X:193.1800 Y:194.7920 Z:0.2000 E:20.1477 Count X:67613 Y:68177 Z:400 STA: 5251839

2025-06-13T16:59:58.652771+0800 ERROR readline 

2025-06-13T16:59:58.913306+0800 ERROR empty readline 0
2025-06-13T16:59:59.178486+0800 ERROR empty readline 1
2025-06-13T16:59:59.442635+0800 ERROR empty readline 2
2025-06-13T16:59:59.649679+0800 ERROR readline X:193.1800 Y:194.7920 Z:0.2000 E:20.1477 Count X:67613 Y:68177 Z:400 STA: 5251839

2025-06-13T16:59:59.650696+0800 ERROR readline 

2025-06-13T16:59:59.740894+0800 INFO M105

2025-06-13T16:59:59.911465+0800 ERROR empty readline 0
2025-06-13T17:00:00.066330+0800 ERROR readline echo:busy: processing

2025-06-13T17:00:00.330358+0800 ERROR empty readline 0
2025-06-13T17:00:00.595298+0800 ERROR empty readline 1
2025-06-13T17:00:00.650289+0800 ERROR readline X:193.1800 Y:194.7920 Z:0.2000 E:20.1477 Count X:67613 Y:68177 Z:400 STA: 5251839

2025-06-13T17:00:00.651284+0800 ERROR readline 

2025-06-13T17:00:00.905381+0800 ERROR empty readline 0
2025-06-13T17:00:01.169892+0800 ERROR empty readline 1
2025-06-13T17:00:01.421404+0800 ERROR empty readline 2
2025-06-13T17:00:01.648207+0800 ERROR readline X:193.1800 Y:194.7920 Z:0.2000 E:20.1477 Count X:67613 Y:68177 Z:400 STA: 5251839

2025-06-13T17:00:01.650729+0800 ERROR readline 

2025-06-13T17:00:01.903421+0800 ERROR empty readline 0
2025-06-13T17:00:02.029304+0800 ERROR readline ok

2025-06-13T17:00:02.043496+0800 ERROR SENT: M105

2025-06-13T17:00:02.044429+0800 ERROR write command M105

2025-06-13T17:00:02.044943+0800 ERROR second command M105

2025-06-13T17:00:02.044943+0800 ERROR finish command M105

2025-06-13T17:00:02.046456+0800 ERROR readline ok

2025-06-13T17:00:02.050671+0800 ERROR readline  T:60.9375 /10 B:51.3875 /10 @:0 B@:0 VER: 1.3.2

2025-06-13T17:00:02.059262+0800 ERROR SENT: N26 G1 X252.58 Y254.192 E23.04157*81
2025-06-13T17:00:02.060316+0800 ERROR write command N26 G1 X252.58 Y254.192 E23.04157*81
2025-06-13T17:00:02.061378+0800 ERROR second command N26 G1 X252.58 Y254.192 E23.04157*81
2025-06-13T17:00:02.062580+0800 ERROR finish command N26 G1 X252.58 Y254.192 E23.04157*81
2025-06-13T17:00:02.067374+0800 ERROR readline echo: cold extrusion prevented

2025-06-13T17:00:02.324203+0800 ERROR empty readline 0
2025-06-13T17:00:02.576536+0800 ERROR empty readline 1
2025-06-13T17:00:02.647948+0800 ERROR readline X:193.1800 Y:254.1920 Z:0.2000 E:23.0416 Count X:67613 Y:88967 Z:400 STA: 5251839

2025-06-13T17:00:02.649457+0800 ERROR readline 

2025-06-13T17:00:02.902682+0800 ERROR empty readline 0
2025-06-13T17:00:03.154539+0800 ERROR empty readline 1
2025-06-13T17:00:03.407280+0800 ERROR empty readline 2
2025-06-13T17:00:03.491511+0800 ERROR readline ok

2025-06-13T17:00:03.500830+0800 ERROR SENT: N27 G0 F3600 X252.58 Y253.892*65
2025-06-13T17:00:03.500830+0800 ERROR write command N27 G0 F3600 X252.58 Y253.892*65
2025-06-13T17:00:03.501806+0800 ERROR second command N27 G0 F3600 X252.58 Y253.892*65
2025-06-13T17:00:03.502809+0800 ERROR finish command N27 G0 F3600 X252.58 Y253.892*65
2025-06-13T17:00:03.502809+0800 ERROR readline ok

2025-06-13T17:00:03.516189+0800 ERROR SENT: N28 G0 X251.602 Y253.212*21
2025-06-13T17:00:03.517193+0800 ERROR write command N28 G0 X251.602 Y253.212*21
2025-06-13T17:00:03.517706+0800 ERROR second command N28 G0 X251.602 Y253.212*21
2025-06-13T17:00:03.517706+0800 ERROR finish command N28 G0 X251.602 Y253.212*21
2025-06-13T17:00:03.647823+0800 ERROR readline X:252.5800 Y:253.8920 Z:0.2000 E:23.0416 Count X:88403 Y:88862 Z:400 STA: 5251839

2025-06-13T17:00:03.649333+0800 ERROR readline 

2025-06-13T17:00:03.902501+0800 ERROR empty readline 0
2025-06-13T17:00:04.165837+0800 ERROR empty readline 1
2025-06-13T17:00:04.431118+0800 ERROR empty readline 2
2025-06-13T17:00:04.649450+0800 ERROR readline X:252.5800 Y:253.8920 Z:0.2000 E:23.0416 Count X:88403 Y:88862 Z:400 STA: 5251839

2025-06-13T17:00:04.650469+0800 ERROR readline 

2025-06-13T17:00:04.915184+0800 ERROR empty readline 0
2025-06-13T17:00:04.950531+0800 ERROR readline ok

2025-06-13T17:00:04.962302+0800 ERROR SENT: N29 G0 X251.408 Y253.02*47
2025-06-13T17:00:04.963293+0800 ERROR write command N29 G0 X251.408 Y253.02*47
2025-06-13T17:00:04.964291+0800 ERROR second command N29 G0 X251.408 Y253.02*47
2025-06-13T17:00:04.964291+0800 ERROR finish command N29 G0 X251.408 Y253.02*47
2025-06-13T17:00:04.965328+0800 ERROR readline ok

2025-06-13T17:00:04.977476+0800 ERROR SENT: N30 G1 F2400 X194.348 Y253.02 E26.03064*49
2025-06-13T17:00:04.978884+0800 ERROR write command N30 G1 F2400 X194.348 Y253.02 E26.03064*49
2025-06-13T17:00:04.979397+0800 ERROR second command N30 G1 F2400 X194.348 Y253.02 E26.03064*49
2025-06-13T17:00:04.980420+0800 ERROR finish command N30 G1 F2400 X194.348 Y253.02 E26.03064*49
2025-06-13T17:00:04.985338+0800 ERROR readline echo: cold extrusion prevented

2025-06-13T17:00:05.240615+0800 ERROR empty readline 0
2025-06-13T17:00:05.502254+0800 ERROR empty readline 1
2025-06-13T17:00:05.648291+0800 ERROR readline X:251.4080 Y:253.0200 Z:0.2000 E:26.0306 Count X:87993 Y:88557 Z:400 STA: 5251839

2025-06-13T17:00:05.650558+0800 ERROR readline 

2025-06-13T17:00:05.906557+0800 ERROR empty readline 0
2025-06-13T17:00:06.171464+0800 ERROR empty readline 1
2025-06-13T17:00:06.411763+0800 ERROR readline ok

2025-06-13T17:00:06.421244+0800 ERROR SENT: N31 G1 X194.348 Y195.96 E29.01971*84
2025-06-13T17:00:06.421244+0800 ERROR write command N31 G1 X194.348 Y195.96 E29.01971*84
2025-06-13T17:00:06.422329+0800 ERROR second command N31 G1 X194.348 Y195.96 E29.01971*84
2025-06-13T17:00:06.423227+0800 ERROR finish command N31 G1 X194.348 Y195.96 E29.01971*84
2025-06-13T17:00:06.427628+0800 ERROR readline echo: cold extrusion prevented

2025-06-13T17:00:06.647740+0800 ERROR readline X:194.3480 Y:253.0200 Z:0.2000 E:29.0197 Count X:68022 Y:88557 Z:400 STA: 5251839

2025-06-13T17:00:06.649247+0800 ERROR readline 

2025-06-13T17:00:06.900607+0800 ERROR empty readline 0
2025-06-13T17:00:07.164924+0800 ERROR empty readline 1
2025-06-13T17:00:07.429429+0800 ERROR empty readline 2
2025-06-13T17:00:07.649299+0800 ERROR readline X:194.3480 Y:253.0200 Z:0.2000 E:29.0197 Count X:68022 Y:88557 Z:400 STA: 5251839

2025-06-13T17:00:07.651705+0800 ERROR readline 

2025-06-13T17:00:07.890578+0800 ERROR readline ok

2025-06-13T17:00:07.896093+0800 ERROR SENT: N32 G1 X251.408 Y195.96 E32.00879*92
2025-06-13T17:00:07.896093+0800 ERROR write command N32 G1 X251.408 Y195.96 E32.00879*92
2025-06-13T17:00:07.897101+0800 ERROR second command N32 G1 X251.408 Y195.96 E32.00879*92
2025-06-13T17:00:07.898102+0800 ERROR finish command N32 G1 X251.408 Y195.96 E32.00879*92
2025-06-13T17:00:07.900619+0800 ERROR readline echo: cold extrusion prevented

2025-06-13T17:00:08.160338+0800 ERROR empty readline 0
2025-06-13T17:00:08.411617+0800 ERROR empty readline 1
2025-06-13T17:00:08.647920+0800 ERROR readline X:194.3480 Y:195.9600 Z:0.2000 E:32.0088 Count X:68022 Y:68586 Z:400 STA: 5251839

2025-06-13T17:00:08.649124+0800 ERROR readline 

2025-06-13T17:00:08.910171+0800 ERROR empty readline 0
2025-06-13T17:00:09.160171+0800 INFO M105

2025-06-13T17:00:09.176167+0800 ERROR empty readline 1
2025-06-13T17:00:09.380982+0800 ERROR readline ok

2025-06-13T17:00:09.394630+0800 ERROR SENT: M105

2025-06-13T17:00:09.394630+0800 ERROR write command M105

2025-06-13T17:00:09.394630+0800 ERROR second command M105

2025-06-13T17:00:09.396268+0800 ERROR finish command M105

2025-06-13T17:00:09.397286+0800 ERROR readline ok

2025-06-13T17:00:09.399298+0800 ERROR readline  T:59.9760 /10 B:51.3375 /10 @:0 B@:0 VER: 1.3.2

2025-06-13T17:00:09.410890+0800 ERROR SENT: N33 G1 X251.408 Y253.02 E34.99786*80
2025-06-13T17:00:09.411887+0800 ERROR write command N33 G1 X251.408 Y253.02 E34.99786*80
2025-06-13T17:00:09.412887+0800 ERROR second command N33 G1 X251.408 Y253.02 E34.99786*80
2025-06-13T17:00:09.412887+0800 ERROR finish command N33 G1 X251.408 Y253.02 E34.99786*80
2025-06-13T17:00:09.417625+0800 ERROR readline echo: cold extrusion prevented

2025-06-13T17:00:09.648150+0800 ERROR readline X:251.4080 Y:195.9600 Z:0.2000 E:34.9979 Count X:87993 Y:68586 Z:400 STA: 5251839

2025-06-13T17:00:09.649674+0800 ERROR readline 

2025-06-13T17:00:09.906778+0800 ERROR empty readline 0
2025-06-13T17:00:10.171429+0800 ERROR empty readline 1
2025-06-13T17:00:10.434173+0800 ERROR empty readline 2
2025-06-13T17:00:10.647765+0800 ERROR readline X:251.4080 Y:195.9600 Z:0.2000 E:34.9979 Count X:87993 Y:68586 Z:400 STA: 5251839

2025-06-13T17:00:10.649273+0800 ERROR readline 

2025-06-13T17:00:10.870345+0800 ERROR readline ok

2025-06-13T17:00:10.872349+0800 ERROR SENT: N34 G0 F3600 X251.108 Y196.802*119
2025-06-13T17:00:10.873359+0800 ERROR write command N34 G0 F3600 X251.108 Y196.802*119
2025-06-13T17:00:10.874401+0800 ERROR second command N34 G0 F3600 X251.108 Y196.802*119
2025-06-13T17:00:10.875023+0800 ERROR finish command N34 G0 F3600 X251.108 Y196.802*119
2025-06-13T17:00:10.875023+0800 ERROR readline ok

2025-06-13T17:00:10.887679+0800 ERROR SENT: N35 G1 F2400 X250.566 Y196.26 E35.03801*48
2025-06-13T17:00:10.888452+0800 ERROR write command N35 G1 F2400 X250.566 Y196.26 E35.03801*48
2025-06-13T17:00:10.888452+0800 ERROR second command N35 G1 F2400 X250.566 Y196.26 E35.03801*48
2025-06-13T17:00:10.889468+0800 ERROR finish command N35 G1 F2400 X250.566 Y196.26 E35.03801*48
2025-06-13T17:00:10.892487+0800 ERROR readline echo: cold extrusion prevented

2025-06-13T17:00:11.152927+0800 ERROR empty readline 0
2025-06-13T17:00:11.415873+0800 ERROR empty readline 1
2025-06-13T17:00:11.648308+0800 ERROR readline X:251.1080 Y:196.8020 Z:0.2000 E:35.0380 Count X:87888 Y:68881 Z:400 STA: 5251839

2025-06-13T17:00:11.649821+0800 ERROR readline 

2025-06-13T17:00:11.912493+0800 ERROR empty readline 0
2025-06-13T17:00:12.178334+0800 ERROR empty readline 1
2025-06-13T17:00:12.360569+0800 ERROR readline ok

2025-06-13T17:00:12.366801+0800 ERROR SENT: N36 G0 F3600 X249.718 Y196.26*69
2025-06-13T17:00:12.366801+0800 ERROR write command N36 G0 F3600 X249.718 Y196.26*69
2025-06-13T17:00:12.367822+0800 ERROR second command N36 G0 F3600 X249.718 Y196.26*69
2025-06-13T17:00:12.367822+0800 ERROR finish command N36 G0 F3600 X249.718 Y196.26*69
2025-06-13T17:00:12.615821+0800 ERROR empty readline 0
2025-06-13T17:00:12.647885+0800 ERROR readline X:250.5660 Y:196.2600 Z:0.2000 E:35.0380 Count X:87698 Y:68691 Z:400 STA: 5251839

2025-06-13T17:00:12.650435+0800 ERROR readline 

2025-06-13T17:00:12.911081+0800 ERROR empty readline 0
2025-06-13T17:00:13.174102+0800 ERROR empty readline 1
2025-06-13T17:00:13.438096+0800 ERROR empty readline 2
2025-06-13T17:00:13.646217+0800 ERROR readline X:250.5660 Y:196.2600 Z:0.2000 E:35.0380 Count X:87698 Y:68691 Z:400 STA: 5251839

2025-06-13T17:00:13.647236+0800 ERROR readline 

2025-06-13T17:00:13.850558+0800 ERROR readline ok

2025-06-13T17:00:13.859629+0800 ERROR SENT: N37 G1 F2400 X251.108 Y197.65 E35.14099*54
2025-06-13T17:00:13.860142+0800 ERROR write command N37 G1 F2400 X251.108 Y197.65 E35.14099*54
2025-06-13T17:00:13.861318+0800 ERROR second command N37 G1 F2400 X251.108 Y197.65 E35.14099*54
2025-06-13T17:00:13.862338+0800 ERROR finish command N37 G1 F2400 X251.108 Y197.65 E35.14099*54
2025-06-13T17:00:13.866581+0800 ERROR readline echo: cold extrusion prevented

2025-06-13T17:00:13.883277+0800 ERROR readline ok

2025-06-13T17:00:13.890873+0800 ERROR SENT: N38 G0 F3600 X251.108 Y198.499*123
2025-06-13T17:00:13.890873+0800 ERROR write command N38 G0 F3600 X251.108 Y198.499*123
2025-06-13T17:00:13.892207+0800 ERROR second command N38 G0 F3600 X251.108 Y198.499*123
2025-06-13T17:00:13.893229+0800 ERROR finish command N38 G0 F3600 X251.108 Y198.499*123
2025-06-13T17:00:13.895248+0800 ERROR readline ok

2025-06-13T17:00:13.906410+0800 ERROR SENT: N39 G1 F2400 X248.869 Y196.26 E35.30686*54
2025-06-13T17:00:13.906410+0800 ERROR write command N39 G1 F2400 X248.869 Y196.26 E35.30686*54
2025-06-13T17:00:13.907430+0800 ERROR second command N39 G1 F2400 X248.869 Y196.26 E35.30686*54
2025-06-13T17:00:13.909426+0800 ERROR finish command N39 G1 F2400 X248.869 Y196.26 E35.30686*54
2025-06-13T17:00:13.913468+0800 ERROR readline echo: cold extrusion prevented

2025-06-13T17:00:14.171296+0800 ERROR empty readline 0
2025-06-13T17:00:14.437314+0800 ERROR empty readline 1
2025-06-13T17:00:14.646820+0800 ERROR readline X:251.1080 Y:198.4990 Z:0.2000 E:35.3069 Count X:87888 Y:69475 Z:400 STA: 5251839

2025-06-13T17:00:14.647830+0800 ERROR readline 

2025-06-13T17:00:14.904178+0800 ERROR empty readline 0
2025-06-13T17:00:15.169210+0800 ERROR empty readline 1
2025-06-13T17:00:15.319098+0800 ERROR readline ok

2025-06-13T17:00:15.324163+0800 ERROR SENT: N40 G0 F3600 X248.021 Y196.26*72
2025-06-13T17:00:15.325324+0800 ERROR write command N40 G0 F3600 X248.021 Y196.26*72
2025-06-13T17:00:15.326713+0800 ERROR second command N40 G0 F3600 X248.021 Y196.26*72
2025-06-13T17:00:15.327829+0800 ERROR finish command N40 G0 F3600 X248.021 Y196.26*72
2025-06-13T17:00:15.329346+0800 ERROR readline ok

2025-06-13T17:00:15.339425+0800 ERROR SENT: N41 G1 F2400 X251.108 Y199.348 E35.53559*15
2025-06-13T17:00:15.339939+0800 ERROR write command N41 G1 F2400 X251.108 Y199.348 E35.53559*15
2025-06-13T17:00:15.340958+0800 ERROR second command N41 G1 F2400 X251.108 Y199.348 E35.53559*15
2025-06-13T17:00:15.341970+0800 ERROR finish command N41 G1 F2400 X251.108 Y199.348 E35.53559*15
2025-06-13T17:00:15.347012+0800 ERROR readline echo: cold extrusion prevented

2025-06-13T17:00:15.604397+0800 ERROR empty readline 0
2025-06-13T17:00:15.652628+0800 ERROR readline X:248.0210 Y:196.2600 Z:0.2000 E:35.5356 Count X:86807 Y:68691 Z:400 STA: 5251839

2025-06-13T17:00:15.654139+0800 ERROR readline 

2025-06-13T17:00:15.917898+0800 ERROR empty readline 0
2025-06-13T17:00:16.182009+0800 ERROR empty readline 1
2025-06-13T17:00:16.434205+0800 ERROR empty readline 2
2025-06-13T17:00:16.652561+0800 ERROR readline X:248.0210 Y:196.2600 Z:0.2000 E:35.5356 Count X:86807 Y:68691 Z:400 STA: 5251839

2025-06-13T17:00:16.655074+0800 ERROR readline 

2025-06-13T17:00:16.750784+0800 ERROR readline ok

2025-06-13T17:00:16.761530+0800 ERROR SENT: N42 G0 F3600 X251.108 Y200.196*126
2025-06-13T17:00:16.762750+0800 ERROR write command N42 G0 F3600 X251.108 Y200.196*126
2025-06-13T17:00:16.764143+0800 ERROR second command N42 G0 F3600 X251.108 Y200.196*126
2025-06-13T17:00:16.765203+0800 ERROR finish command N42 G0 F3600 X251.108 Y200.196*126
2025-06-13T17:00:17.012068+0800 ERROR empty readline 0
2025-06-13T17:00:17.275778+0800 ERROR empty readline 1
2025-06-13T17:00:17.541626+0800 ERROR empty readline 2
2025-06-13T17:00:17.651983+0800 ERROR readline X:251.1080 Y:199.3480 Z:0.2000 E:35.5356 Count X:87888 Y:69772 Z:400 STA: 5251839

2025-06-13T17:00:17.653588+0800 ERROR readline 

2025-06-13T17:00:17.913425+0800 ERROR empty readline 0
2025-06-13T17:00:18.164530+0800 ERROR empty readline 1
2025-06-13T17:00:18.181126+0800 ERROR readline ok

2025-06-13T17:00:18.196171+0800 ERROR SENT: N43 G1 F2400 X247.172 Y196.26 E35.82718*56
2025-06-13T17:00:18.197231+0800 ERROR write command N43 G1 F2400 X247.172 Y196.26 E35.82718*56
2025-06-13T17:00:18.197231+0800 ERROR second command N43 G1 F2400 X247.172 Y196.26 E35.82718*56
2025-06-13T17:00:18.199113+0800 ERROR finish command N43 G1 F2400 X247.172 Y196.26 E35.82718*56
2025-06-13T17:00:18.203137+0800 ERROR readline echo: cold extrusion prevented

2025-06-13T17:00:18.460571+0800 ERROR empty readline 0
2025-06-13T17:00:18.569492+0800 INFO M105

2025-06-13T17:00:18.651200+0800 ERROR readline X:251.1080 Y:200.1960 Z:0.2000 E:35.8272 Count X:87888 Y:70069 Z:400 STA: 5251839

2025-06-13T17:00:18.652231+0800 ERROR readline 

2025-06-13T17:00:18.915798+0800 ERROR empty readline 0
2025-06-13T17:00:19.179481+0800 ERROR empty readline 1
2025-06-13T17:00:19.444525+0800 ERROR empty readline 2
2025-06-13T17:00:19.613242+0800 ERROR readline ok

2025-06-13T17:00:19.614746+0800 ERROR SENT: M105

2025-06-13T17:00:19.614746+0800 ERROR write command M105

2025-06-13T17:00:19.616510+0800 ERROR second command M105

2025-06-13T17:00:19.616510+0800 ERROR finish command M105

2025-06-13T17:00:19.617526+0800 ERROR readline ok

2025-06-13T17:00:19.619104+0800 ERROR readline  T:59.6154 /10 B:51.0625 /10 @:0 B@:0 VER: 1.3.2

2025-06-13T17:00:19.629683+0800 ERROR SENT: N44 G0 F3600 X246.323 Y196.26*67
2025-06-13T17:00:19.630196+0800 ERROR write command N44 G0 F3600 X246.323 Y196.26*67
2025-06-13T17:00:19.631214+0800 ERROR second command N44 G0 F3600 X246.323 Y196.26*67
2025-06-13T17:00:19.631214+0800 ERROR finish command N44 G0 F3600 X246.323 Y196.26*67
2025-06-13T17:00:19.650086+0800 ERROR readline X:247.1720 Y:196.2600 Z:0.2000 E:35.8272 Count X:86510 Y:68691 Z:400 STA: 5251839

2025-06-13T17:00:19.650086+0800 ERROR readline 

2025-06-13T17:00:19.911081+0800 ERROR empty readline 0
2025-06-13T17:00:20.173366+0800 ERROR empty readline 1
2025-06-13T17:00:20.424539+0800 ERROR empty readline 2
2025-06-13T17:00:20.574539+0800 ERROR readline ok

2025-06-13T17:00:20.580178+0800 ERROR SENT: N45 G1 F2400 X251.108 Y201.045 E36.18167*2
2025-06-13T17:00:20.581341+0800 ERROR write command N45 G1 F2400 X251.108 Y201.045 E36.18167*2
2025-06-13T17:00:20.582371+0800 ERROR second command N45 G1 F2400 X251.108 Y201.045 E36.18167*2
2025-06-13T17:00:20.583520+0800 ERROR finish command N45 G1 F2400 X251.108 Y201.045 E36.18167*2
2025-06-13T17:00:20.589099+0800 ERROR readline echo: cold extrusion prevented

2025-06-13T17:00:20.594244+0800 ERROR readline ok

2025-06-13T17:00:20.596267+0800 ERROR SENT: N46 G0 F3600 X251.108 Y201.893*119
2025-06-13T17:00:20.596781+0800 ERROR write command N46 G0 F3600 X251.108 Y201.893*119
2025-06-13T17:00:20.596781+0800 ERROR second command N46 G0 F3600 X251.108 Y201.893*119
2025-06-13T17:00:20.596781+0800 ERROR finish command N46 G0 F3600 X251.108 Y201.893*119
2025-06-13T17:00:20.614410+0800 ERROR readline ok

2025-06-13T17:00:20.627744+0800 ERROR SENT: N47 G1 F2400 X245.475 Y196.26 E36.59898*62
2025-06-13T17:00:20.627744+0800 ERROR write command N47 G1 F2400 X245.475 Y196.26 E36.59898*62
2025-06-13T17:00:20.627744+0800 ERROR second command N47 G1 F2400 X245.475 Y196.26 E36.59898*62
2025-06-13T17:00:20.629295+0800 ERROR finish command N47 G1 F2400 X245.475 Y196.26 E36.59898*62
2025-06-13T17:00:20.633346+0800 ERROR readline echo: cold extrusion prevented

2025-06-13T17:00:20.650371+0800 ERROR readline X:251.1080 Y:201.8930 Z:0.2000 E:36.5990 Count X:87888 Y:70663 Z:400 STA: 5251839

2025-06-13T17:00:20.650371+0800 ERROR readline 

2025-06-13T17:00:20.667576+0800 ERROR readline ok

2025-06-13T17:00:20.673185+0800 ERROR SENT: N48 G0 F3600 X244.626 Y196.26*77
2025-06-13T17:00:20.674223+0800 ERROR write command N48 G0 F3600 X244.626 Y196.26*77
2025-06-13T17:00:20.675273+0800 ERROR second command N48 G0 F3600 X244.626 Y196.26*77
2025-06-13T17:00:20.675273+0800 ERROR finish command N48 G0 F3600 X244.626 Y196.26*77
2025-06-13T17:00:20.687315+0800 ERROR readline ok

2025-06-13T17:00:20.704598+0800 ERROR SENT: N49 G1 F2400 X251.108 Y202.742 E37.07919*3
2025-06-13T17:00:20.705444+0800 ERROR write command N49 G1 F2400 X251.108 Y202.742 E37.07919*3
2025-06-13T17:00:20.706493+0800 ERROR second command N49 G1 F2400 X251.108 Y202.742 E37.07919*3
2025-06-13T17:00:20.707510+0800 ERROR finish command N49 G1 F2400 X251.108 Y202.742 E37.07919*3
2025-06-13T17:00:20.710459+0800 ERROR readline echo: cold extrusion prevented

2025-06-13T17:00:20.771189+0800 ERROR readline ok

2025-06-13T17:00:20.782125+0800 ERROR SENT: N50 G0 F3600 X251.108 Y203.59*76
2025-06-13T17:00:20.782125+0800 ERROR write command N50 G0 F3600 X251.108 Y203.59*76
2025-06-13T17:00:20.783127+0800 ERROR second command N50 G0 F3600 X251.108 Y203.59*76
2025-06-13T17:00:20.783127+0800 ERROR finish command N50 G0 F3600 X251.108 Y203.59*76
2025-06-13T17:00:20.790759+0800 ERROR readline ok

2025-06-13T17:00:20.796792+0800 ERROR SENT: N51 G1 F2400 X243.778 Y196.26 E37.62222*51
2025-06-13T17:00:20.796792+0800 ERROR write command N51 G1 F2400 X243.778 Y196.26 E37.62222*51
2025-06-13T17:00:20.797550+0800 ERROR second command N51 G1 F2400 X243.778 Y196.26 E37.62222*51
2025-06-13T17:00:20.798058+0800 ERROR finish command N51 G1 F2400 X243.778 Y196.26 E37.62222*51
2025-06-13T17:00:20.801091+0800 ERROR readline echo: cold extrusion prevented

2025-06-13T17:00:20.904451+0800 ERROR readline ok

2025-06-13T17:00:20.905498+0800 ERROR SENT: N52 G0 F3600 X242.929 Y196.26*64
2025-06-13T17:00:20.905498+0800 ERROR write command N52 G0 F3600 X242.929 Y196.26*64
2025-06-13T17:00:20.906472+0800 ERROR second command N52 G0 F3600 X242.929 Y196.26*64
2025-06-13T17:00:20.906472+0800 ERROR finish command N52 G0 F3600 X242.929 Y196.26*64
2025-06-13T17:00:20.924972+0800 ERROR readline ok

2025-06-13T17:00:20.937632+0800 ERROR SENT: N53 G1 F2400 X251.108 Y204.439 E38.22814*5
2025-06-13T17:00:20.939064+0800 ERROR write command N53 G1 F2400 X251.108 Y204.439 E38.22814*5
2025-06-13T17:00:20.940090+0800 ERROR second command N53 G1 F2400 X251.108 Y204.439 E38.22814*5
2025-06-13T17:00:20.941109+0800 ERROR finish command N53 G1 F2400 X251.108 Y204.439 E38.22814*5
2025-06-13T17:00:20.945630+0800 ERROR readline echo: cold extrusion prevented

2025-06-13T17:00:21.067884+0800 ERROR readline ok

2025-06-13T17:00:21.078102+0800 ERROR SENT: N54 G0 F3600 X251.108 Y205.287*127
2025-06-13T17:00:21.079089+0800 ERROR write command N54 G0 F3600 X251.108 Y205.287*127
2025-06-13T17:00:21.080330+0800 ERROR second command N54 G0 F3600 X251.108 Y205.287*127
2025-06-13T17:00:21.081329+0800 ERROR finish command N54 G0 F3600 X251.108 Y205.287*127
2025-06-13T17:00:21.087974+0800 ERROR readline ok

2025-06-13T17:00:21.093539+0800 ERROR SENT: N55 G1 F2400 X242.081 Y196.26 E38.89689*56
2025-06-13T17:00:21.094536+0800 ERROR write command N55 G1 F2400 X242.081 Y196.26 E38.89689*56
2025-06-13T17:00:21.094536+0800 ERROR second command N55 G1 F2400 X242.081 Y196.26 E38.89689*56
2025-06-13T17:00:21.096058+0800 ERROR finish command N55 G1 F2400 X242.081 Y196.26 E38.89689*56
2025-06-13T17:00:21.101651+0800 ERROR readline echo: cold extrusion prevented

2025-06-13T17:00:21.261868+0800 ERROR readline ok

2025-06-13T17:00:21.265368+0800 ERROR SENT: N56 G0 F3600 X241.232 Y196.26*70
2025-06-13T17:00:21.266436+0800 ERROR write command N56 G0 F3600 X241.232 Y196.26*70
2025-06-13T17:00:21.266436+0800 ERROR second command N56 G0 F3600 X241.232 Y196.26*70
2025-06-13T17:00:21.267468+0800 ERROR finish command N56 G0 F3600 X241.232 Y196.26*70
2025-06-13T17:00:21.281222+0800 ERROR readline ok

2025-06-13T17:00:21.296383+0800 ERROR SENT: N57 G1 F2400 X251.108 Y206.136 E39.62854*8
2025-06-13T17:00:21.296383+0800 ERROR write command N57 G1 F2400 X251.108 Y206.136 E39.62854*8
2025-06-13T17:00:21.297408+0800 ERROR second command N57 G1 F2400 X251.108 Y206.136 E39.62854*8
2025-06-13T17:00:21.298413+0800 ERROR finish command N57 G1 F2400 X251.108 Y206.136 E39.62854*8
2025-06-13T17:00:21.301959+0800 ERROR readline echo: cold extrusion prevented

2025-06-13T17:00:21.485619+0800 ERROR readline ok

2025-06-13T17:00:21.499488+0800 ERROR SENT: N58 G0 F3600 X251.108 Y206.984*120
2025-06-13T17:00:21.499488+0800 ERROR write command N58 G0 F3600 X251.108 Y206.984*120
2025-06-13T17:00:21.500762+0800 ERROR second command N58 G0 F3600 X251.108 Y206.984*120
2025-06-13T17:00:21.501274+0800 ERROR finish command N58 G0 F3600 X251.108 Y206.984*120
2025-06-13T17:00:21.506375+0800 ERROR readline ok

2025-06-13T17:00:21.514971+0800 ERROR SENT: N59 G1 F2400 X240.384 Y196.26 E40.42301*61
2025-06-13T17:00:21.514971+0800 ERROR write command N59 G1 F2400 X240.384 Y196.26 E40.42301*61
2025-06-13T17:00:21.516481+0800 ERROR second command N59 G1 F2400 X240.384 Y196.26 E40.42301*61
2025-06-13T17:00:21.517031+0800 ERROR finish command N59 G1 F2400 X240.384 Y196.26 E40.42301*61
2025-06-13T17:00:21.522142+0800 ERROR readline echo: cold extrusion prevented

2025-06-13T17:00:21.652413+0800 ERROR readline X:251.1080 Y:206.9840 Z:0.2000 E:40.4230 Count X:87888 Y:72444 Z:400 STA: 5251839

2025-06-13T17:00:21.655934+0800 ERROR readline 

2025-06-13T17:00:21.739532+0800 ERROR readline ok

2025-06-13T17:00:21.749573+0800 ERROR SENT: N60 G0 F3600 X239.535 Y196.26*76
2025-06-13T17:00:21.750088+0800 ERROR write command N60 G0 F3600 X239.535 Y196.26*76
2025-06-13T17:00:21.750088+0800 ERROR second command N60 G0 F3600 X239.535 Y196.26*76
2025-06-13T17:00:21.751105+0800 ERROR finish command N60 G0 F3600 X239.535 Y196.26*76
2025-06-13T17:00:21.760218+0800 ERROR readline ok

2025-06-13T17:00:21.764234+0800 ERROR SENT: N61 G1 F2400 X251.108 Y207.833 E41.28037*12
2025-06-13T17:00:21.764234+0800 ERROR write command N61 G1 F2400 X251.108 Y207.833 E41.28037*12
2025-06-13T17:00:21.764234+0800 ERROR second command N61 G1 F2400 X251.108 Y207.833 E41.28037*12
2025-06-13T17:00:21.766858+0800 ERROR finish command N61 G1 F2400 X251.108 Y207.833 E41.28037*12
2025-06-13T17:00:21.778474+0800 ERROR readline echo: cold extrusion prevented

2025-06-13T17:00:22.024455+0800 ERROR readline ok

2025-06-13T17:00:22.029667+0800 ERROR SENT: N62 G0 F3600 X251.108 Y208.681*117
2025-06-13T17:00:22.030695+0800 ERROR write command N62 G0 F3600 X251.108 Y208.681*117
2025-06-13T17:00:22.032207+0800 ERROR second command N62 G0 F3600 X251.108 Y208.681*117
2025-06-13T17:00:22.033427+0800 ERROR finish command N62 G0 F3600 X251.108 Y208.681*117
2025-06-13T17:00:22.043531+0800 ERROR readline ok

2025-06-13T17:00:22.058506+0800 ERROR SENT: N63 G1 F2400 X238.687 Y196.26 E42.20056*58
2025-06-13T17:00:22.058506+0800 ERROR write command N63 G1 F2400 X238.687 Y196.26 E42.20056*58
2025-06-13T17:00:22.059429+0800 ERROR second command N63 G1 F2400 X238.687 Y196.26 E42.20056*58
2025-06-13T17:00:22.060465+0800 ERROR finish command N63 G1 F2400 X238.687 Y196.26 E42.20056*58
2025-06-13T17:00:22.064559+0800 ERROR readline echo: cold extrusion prevented

2025-06-13T17:00:22.324454+0800 ERROR empty readline 0
2025-06-13T17:00:22.337844+0800 ERROR readline ok

2025-06-13T17:00:22.340393+0800 ERROR SENT: N64 G0 F3600 X237.838 Y196.26*70
2025-06-13T17:00:22.340393+0800 ERROR write command N64 G0 F3600 X237.838 Y196.26*70
2025-06-13T17:00:22.341817+0800 ERROR second command N64 G0 F3600 X237.838 Y196.26*70
2025-06-13T17:00:22.341817+0800 ERROR finish command N64 G0 F3600 X237.838 Y196.26*70
2025-06-13T17:00:22.357284+0800 ERROR readline ok

2025-06-13T17:00:22.371774+0800 ERROR SENT: N65 G1 F2400 X251.108 Y209.53 E43.18364*60
2025-06-13T17:00:22.371774+0800 ERROR write command N65 G1 F2400 X251.108 Y209.53 E43.18364*60
2025-06-13T17:00:22.374075+0800 ERROR second command N65 G1 F2400 X251.108 Y209.53 E43.18364*60
2025-06-13T17:00:22.374590+0800 ERROR finish command N65 G1 F2400 X251.108 Y209.53 E43.18364*60
2025-06-13T17:00:22.378149+0800 ERROR readline echo: cold extrusion prevented

2025-06-13T17:00:22.636656+0800 ERROR empty readline 0
2025-06-13T17:00:22.651480+0800 ERROR readline X:237.8380 Y:196.2600 Z:0.2000 E:43.1836 Count X:83243 Y:68691 Z:400 STA: 5251839

2025-06-13T17:00:22.654994+0800 ERROR readline 

2025-06-13T17:00:22.681076+0800 ERROR readline ok

2025-06-13T17:00:22.697040+0800 ERROR SENT: N66 G0 F3600 X251.108 Y210.378*123
2025-06-13T17:00:22.697875+0800 ERROR write command N66 G0 F3600 X251.108 Y210.378*123
2025-06-13T17:00:22.698387+0800 ERROR second command N66 G0 F3600 X251.108 Y210.378*123
2025-06-13T17:00:22.698387+0800 ERROR finish command N66 G0 F3600 X251.108 Y210.378*123
2025-06-13T17:00:22.700940+0800 ERROR readline ok

2025-06-13T17:00:22.712501+0800 ERROR SENT: N67 G1 F2400 X236.99 Y196.26 E44.22955*7
2025-06-13T17:00:22.713641+0800 ERROR write command N67 G1 F2400 X236.99 Y196.26 E44.22955*7
2025-06-13T17:00:22.713641+0800 ERROR second command N67 G1 F2400 X236.99 Y196.26 E44.22955*7
2025-06-13T17:00:22.714662+0800 ERROR finish command N67 G1 F2400 X236.99 Y196.26 E44.22955*7
2025-06-13T17:00:22.719236+0800 ERROR readline echo: cold extrusion prevented

2025-06-13T17:00:22.974916+0800 ERROR empty readline 0
2025-06-13T17:00:23.056338+0800 ERROR readline ok

2025-06-13T17:00:23.067949+0800 ERROR SENT: N68 G0 F3600 X236.141 Y196.26*76
2025-06-13T17:00:23.067949+0800 ERROR write command N68 G0 F3600 X236.141 Y196.26*76
2025-06-13T17:00:23.070573+0800 ERROR second command N68 G0 F3600 X236.141 Y196.26*76
2025-06-13T17:00:23.070573+0800 ERROR finish command N68 G0 F3600 X236.141 Y196.26*76
2025-06-13T17:00:23.076088+0800 ERROR readline ok

2025-06-13T17:00:23.084194+0800 ERROR SENT: N69 G1 F2400 X251.108 Y211.227 E45.33835*8
2025-06-13T17:00:23.085214+0800 ERROR write command N69 G1 F2400 X251.108 Y211.227 E45.33835*8
2025-06-13T17:00:23.085214+0800 ERROR second command N69 G1 F2400 X251.108 Y211.227 E45.33835*8
2025-06-13T17:00:23.086730+0800 ERROR finish command N69 G1 F2400 X251.108 Y211.227 E45.33835*8
2025-06-13T17:00:23.091516+0800 ERROR readline echo: cold extrusion prevented

2025-06-13T17:00:23.351994+0800 ERROR empty readline 0
2025-06-13T17:00:23.457725+0800 ERROR readline ok

2025-06-13T17:00:23.462269+0800 ERROR SENT: N70 G0 F3600 X251.108 Y212.075*112
2025-06-13T17:00:23.462269+0800 ERROR write command N70 G0 F3600 X251.108 Y212.075*112
2025-06-13T17:00:23.463702+0800 ERROR second command N70 G0 F3600 X251.108 Y212.075*112
2025-06-13T17:00:23.464214+0800 ERROR finish command N70 G0 F3600 X251.108 Y212.075*112
2025-06-13T17:00:23.478419+0800 ERROR readline ok

2025-06-13T17:00:23.492442+0800 ERROR SENT: N71 G1 F2400 X235.293 Y196.26 E46.50997*50
2025-06-13T17:00:23.492442+0800 ERROR write command N71 G1 F2400 X235.293 Y196.26 E46.50997*50
2025-06-13T17:00:23.493423+0800 ERROR second command N71 G1 F2400 X235.293 Y196.26 E46.50997*50
2025-06-13T17:00:23.494745+0800 ERROR finish command N71 G1 F2400 X235.293 Y196.26 E46.50997*50
2025-06-13T17:00:23.497320+0800 ERROR readline echo: cold extrusion prevented

2025-06-13T17:00:23.655559+0800 ERROR readline X:251.1080 Y:212.0750 Z:0.2000 E:46.5100 Count X:87888 Y:74226 Z:400 STA: 5251839

2025-06-13T17:00:23.657075+0800 ERROR readline 

2025-06-13T17:00:23.893413+0800 ERROR readline ok

2025-06-13T17:00:23.899804+0800 ERROR SENT: N72 G0 F3600 X234.444 Y196.26*69
2025-06-13T17:00:23.900504+0800 ERROR write command N72 G0 F3600 X234.444 Y196.26*69
2025-06-13T17:00:23.900504+0800 ERROR second command N72 G0 F3600 X234.444 Y196.26*69
2025-06-13T17:00:23.901987+0800 ERROR finish command N72 G0 F3600 X234.444 Y196.26*69
2025-06-13T17:00:23.913589+0800 ERROR readline ok

2025-06-13T17:00:23.915097+0800 ERROR SENT: N73 G1 F2400 X251.108 Y212.924 E47.7445*54
2025-06-13T17:00:23.915097+0800 ERROR write command N73 G1 F2400 X251.108 Y212.924 E47.7445*54
2025-06-13T17:00:23.916618+0800 ERROR second command N73 G1 F2400 X251.108 Y212.924 E47.7445*54
2025-06-13T17:00:23.917635+0800 ERROR finish command N73 G1 F2400 X251.108 Y212.924 E47.7445*54
2025-06-13T17:00:23.920699+0800 ERROR readline echo: cold extrusion prevented

2025-06-13T17:00:24.178180+0800 ERROR empty readline 0
2025-06-13T17:00:24.356143+0800 ERROR readline ok

2025-06-13T17:00:24.362502+0800 ERROR SENT: N74 G0 F3600 X251.108 Y213.773*116
2025-06-13T17:00:24.363486+0800 ERROR write command N74 G0 F3600 X251.108 Y213.773*116
2025-06-13T17:00:24.364480+0800 ERROR second command N74 G0 F3600 X251.108 Y213.773*116
2025-06-13T17:00:24.364480+0800 ERROR finish command N74 G0 F3600 X251.108 Y213.773*116
2025-06-13T17:00:24.376036+0800 ERROR readline ok

2025-06-13T17:00:24.378056+0800 ERROR SENT: N75 G1 F2400 X233.596 Y196.26 E49.04188*58
2025-06-13T17:00:24.378056+0800 ERROR write command N75 G1 F2400 X233.596 Y196.26 E49.04188*58
2025-06-13T17:00:24.379051+0800 ERROR second command N75 G1 F2400 X233.596 Y196.26 E49.04188*58
2025-06-13T17:00:24.379051+0800 ERROR finish command N75 G1 F2400 X233.596 Y196.26 E49.04188*58
2025-06-13T17:00:24.383599+0800 ERROR readline echo: cold extrusion prevented

2025-06-13T17:00:24.642054+0800 ERROR empty readline 0
2025-06-13T17:00:24.649124+0800 ERROR readline X:251.1080 Y:213.7730 Z:0.2000 E:49.0419 Count X:87888 Y:74821 Z:400 STA: 5251839

2025-06-13T17:00:24.651982+0800 ERROR readline 

2025-06-13T17:00:24.852250+0800 ERROR readline ok

2025-06-13T17:00:24.863380+0800 ERROR SENT: N76 G0 F3600 X232.747 Y196.26*71
2025-06-13T17:00:24.863380+0800 ERROR write command N76 G0 F3600 X232.747 Y196.26*71
2025-06-13T17:00:24.864383+0800 ERROR second command N76 G0 F3600 X232.747 Y196.26*71
2025-06-13T17:00:24.864383+0800 ERROR finish command N76 G0 F3600 X232.747 Y196.26*71
2025-06-13T17:00:24.871099+0800 ERROR readline ok

2025-06-13T17:00:24.879863+0800 ERROR SENT: N77 G1 F2400 X251.108 Y214.621 E50.40212*15
2025-06-13T17:00:24.881501+0800 ERROR write command N77 G1 F2400 X251.108 Y214.621 E50.40212*15
2025-06-13T17:00:24.882017+0800 ERROR second command N77 G1 F2400 X251.108 Y214.621 E50.40212*15
2025-06-13T17:00:24.883046+0800 ERROR finish command N77 G1 F2400 X251.108 Y214.621 E50.40212*15
2025-06-13T17:00:24.888007+0800 ERROR readline echo: cold extrusion prevented

2025-06-13T17:00:25.145176+0800 ERROR empty readline 0
2025-06-13T17:00:25.376600+0800 ERROR readline ok

2025-06-13T17:00:25.383130+0800 ERROR SENT: N78 G0 F3600 X251.108 Y215.47*78
2025-06-13T17:00:25.383130+0800 ERROR write command N78 G0 F3600 X251.108 Y215.47*78
2025-06-13T17:00:25.384640+0800 ERROR second command N78 G0 F3600 X251.108 Y215.47*78
2025-06-13T17:00:25.384640+0800 ERROR finish command N78 G0 F3600 X251.108 Y215.47*78
2025-06-13T17:00:25.396753+0800 ERROR readline ok

2025-06-13T17:00:25.399273+0800 ERROR SENT: N79 G1 F2400 X231.898 Y196.26 E51.82526*48
2025-06-13T17:00:25.400286+0800 ERROR write command N79 G1 F2400 X231.898 Y196.26 E51.82526*48
2025-06-13T17:00:25.401285+0800 ERROR second command N79 G1 F2400 X231.898 Y196.26 E51.82526*48
2025-06-13T17:00:25.402294+0800 ERROR finish command N79 G1 F2400 X231.898 Y196.26 E51.82526*48
2025-06-13T17:00:25.407325+0800 ERROR readline echo: cold extrusion prevented

2025-06-13T17:00:25.652156+0800 ERROR readline X:251.1080 Y:215.4700 Z:0.2000 E:51.8253 Count X:87888 Y:75415 Z:400 STA: 5251839

2025-06-13T17:00:25.652156+0800 ERROR readline 

2025-06-13T17:00:25.910374+0800 ERROR empty readline 0
2025-06-13T17:00:25.929455+0800 ERROR readline ok

2025-06-13T17:00:25.941097+0800 ERROR SENT: N80 G0 F3600 X231.05 Y196.26*124
2025-06-13T17:00:25.941097+0800 ERROR write command N80 G0 F3600 X231.05 Y196.26*124
2025-06-13T17:00:25.942093+0800 ERROR second command N80 G0 F3600 X231.05 Y196.26*124
2025-06-13T17:00:25.942093+0800 ERROR finish command N80 G0 F3600 X231.05 Y196.26*124
2025-06-13T17:00:25.950076+0800 ERROR readline ok

2025-06-13T17:00:25.956879+0800 ERROR SENT: N81 G1 F2400 X251.108 Y216.318 E53.31122*14
2025-06-13T17:00:25.956879+0800 ERROR write command N81 G1 F2400 X251.108 Y216.318 E53.31122*14
2025-06-13T17:00:25.956879+0800 ERROR second command N81 G1 F2400 X251.108 Y216.318 E53.31122*14
2025-06-13T17:00:25.957894+0800 ERROR finish command N81 G1 F2400 X251.108 Y216.318 E53.31122*14
2025-06-13T17:00:25.961752+0800 ERROR readline echo: cold extrusion prevented

2025-06-13T17:00:26.220340+0800 ERROR empty readline 0
2025-06-13T17:00:26.483146+0800 ERROR empty readline 1
2025-06-13T17:00:26.514574+0800 ERROR readline ok

2025-06-13T17:00:26.530367+0800 ERROR SENT: N82 G0 F3600 X251.108 Y217.167*122
2025-06-13T17:00:26.531399+0800 ERROR write command N82 G0 F3600 X251.108 Y217.167*122
2025-06-13T17:00:26.531399+0800 ERROR second command N82 G0 F3600 X251.108 Y217.167*122
2025-06-13T17:00:26.532411+0800 ERROR finish command N82 G0 F3600 X251.108 Y217.167*122
2025-06-13T17:00:26.534410+0800 ERROR readline ok

2025-06-13T17:00:26.545535+0800 ERROR SENT: N83 G1 F2400 X230.201 Y196.26 E54.86007*57
2025-06-13T17:00:26.545535+0800 ERROR write command N83 G1 F2400 X230.201 Y196.26 E54.86007*57
2025-06-13T17:00:26.546530+0800 ERROR second command N83 G1 F2400 X230.201 Y196.26 E54.86007*57
2025-06-13T17:00:26.546530+0800 ERROR finish command N83 G1 F2400 X230.201 Y196.26 E54.86007*57
2025-06-13T17:00:26.551518+0800 ERROR readline echo: cold extrusion prevented

2025-06-13T17:00:26.649091+0800 ERROR readline X:251.1080 Y:217.1670 Z:0.2000 E:54.8601 Count X:87888 Y:76008 Z:400 STA: 5251839

2025-06-13T17:00:26.650103+0800 ERROR readline 

2025-06-13T17:00:26.901812+0800 ERROR empty readline 0
2025-06-13T17:00:27.127784+0800 ERROR readline ok

2025-06-13T17:00:27.136523+0800 ERROR SENT: N84 G0 F3600 X229.353 Y196.26*65
2025-06-13T17:00:27.137034+0800 ERROR write command N84 G0 F3600 X229.353 Y196.26*65
2025-06-13T17:00:27.138059+0800 ERROR second command N84 G0 F3600 X229.353 Y196.26*65
2025-06-13T17:00:27.138059+0800 ERROR finish command N84 G0 F3600 X229.353 Y196.26*65
2025-06-13T17:00:27.148003+0800 ERROR readline ok

2025-06-13T17:00:27.152628+0800 ERROR SENT: N85 G1 F2400 X251.108 Y218.015 E56.47175*12
2025-06-13T17:00:27.152628+0800 ERROR write command N85 G1 F2400 X251.108 Y218.015 E56.47175*12
2025-06-13T17:00:27.154150+0800 ERROR second command N85 G1 F2400 X251.108 Y218.015 E56.47175*12
2025-06-13T17:00:27.155202+0800 ERROR finish command N85 G1 F2400 X251.108 Y218.015 E56.47175*12
2025-06-13T17:00:27.158486+0800 ERROR readline echo: cold extrusion prevented

2025-06-13T17:00:27.418037+0800 ERROR empty readline 0
2025-06-13T17:00:27.650885+0800 ERROR readline X:229.3530 Y:196.2600 Z:0.2000 E:56.4717 Count X:80274 Y:68691 Z:400 STA: 5251839

2025-06-13T17:00:27.652944+0800 ERROR readline 

2025-06-13T17:00:27.771590+0800 ERROR readline ok

2025-06-13T17:00:27.776355+0800 ERROR SENT: N86 G0 F3600 X251.108 Y218.864*123
2025-06-13T17:00:27.777379+0800 ERROR write command N86 G0 F3600 X251.108 Y218.864*123
2025-06-13T17:00:27.778373+0800 ERROR second command N86 G0 F3600 X251.108 Y218.864*123
2025-06-13T17:00:27.778373+0800 ERROR finish command N86 G0 F3600 X251.108 Y218.864*123
2025-06-13T17:00:27.790788+0800 ERROR readline ok

2025-06-13T17:00:27.791802+0800 ERROR SENT: N87 G1 F2400 X228.504 Y196.26 E58.14633*48
2025-06-13T17:00:27.792800+0800 ERROR write command N87 G1 F2400 X228.504 Y196.26 E58.14633*48
2025-06-13T17:00:27.793346+0800 ERROR second command N87 G1 F2400 X228.504 Y196.26 E58.14633*48
2025-06-13T17:00:27.794389+0800 ERROR finish command N87 G1 F2400 X228.504 Y196.26 E58.14633*48
2025-06-13T17:00:27.796911+0800 ERROR readline echo: cold extrusion prevented

2025-06-13T17:00:27.978429+0800 INFO M105

2025-06-13T17:00:28.056016+0800 ERROR empty readline 0
2025-06-13T17:00:28.320323+0800 ERROR empty readline 1
2025-06-13T17:00:28.443553+0800 ERROR readline ok

2025-06-13T17:00:28.446567+0800 ERROR SENT: M105

2025-06-13T17:00:28.447577+0800 ERROR write command M105

2025-06-13T17:00:28.447577+0800 ERROR second command M105

2025-06-13T17:00:28.448578+0800 ERROR finish command M105

2025-06-13T17:00:28.449578+0800 ERROR readline ok

2025-06-13T17:00:28.456151+0800 ERROR readline  T:59.0144 /10 B:51.1000 /10 @:0 B@:0 VER: 1.3.2

2025-06-13T17:00:28.462687+0800 ERROR SENT: N88 G0 F3600 X227.656 Y196.26*67
2025-06-13T17:00:28.462687+0800 ERROR write command N88 G0 F3600 X227.656 Y196.26*67
2025-06-13T17:00:28.464196+0800 ERROR second command N88 G0 F3600 X227.656 Y196.26*67
2025-06-13T17:00:28.464196+0800 ERROR finish command N88 G0 F3600 X227.656 Y196.26*67
2025-06-13T17:00:28.465226+0800 ERROR readline ok

2025-06-13T17:00:28.478220+0800 ERROR SENT: N89 G1 F2400 X251.108 Y219.712 E59.88373*9
2025-06-13T17:00:28.479221+0800 ERROR write command N89 G1 F2400 X251.108 Y219.712 E59.88373*9
2025-06-13T17:00:28.479751+0800 ERROR second command N89 G1 F2400 X251.108 Y219.712 E59.88373*9
2025-06-13T17:00:28.481262+0800 ERROR finish command N89 G1 F2400 X251.108 Y219.712 E59.88373*9
2025-06-13T17:00:28.485301+0800 ERROR readline echo: cold extrusion prevented

2025-06-13T17:00:28.650278+0800 ERROR readline X:227.6560 Y:196.2600 Z:0.2000 E:59.8837 Count X:79680 Y:68691 Z:400 STA: 5251839

2025-06-13T17:00:28.651280+0800 ERROR readline 

2025-06-13T17:00:28.915928+0800 ERROR empty readline 0
2025-06-13T17:00:29.150027+0800 ERROR readline ok

2025-06-13T17:00:29.164129+0800 ERROR SENT: N90 G0 F3600 X251.108 Y220.561*127
2025-06-13T17:00:29.165147+0800 ERROR write command N90 G0 F3600 X251.108 Y220.561*127
2025-06-13T17:00:29.165147+0800 ERROR second command N90 G0 F3600 X251.108 Y220.561*127
2025-06-13T17:00:29.166660+0800 ERROR finish command N90 G0 F3600 X251.108 Y220.561*127
2025-06-13T17:00:29.170321+0800 ERROR readline ok

2025-06-13T17:00:29.179405+0800 ERROR SENT: N91 G1 F2400 X226.807 Y196.26 E61.68402*54
2025-06-13T17:00:29.179918+0800 ERROR write command N91 G1 F2400 X226.807 Y196.26 E61.68402*54
2025-06-13T17:00:29.180935+0800 ERROR second command N91 G1 F2400 X226.807 Y196.26 E61.68402*54
2025-06-13T17:00:29.181967+0800 ERROR finish command N91 G1 F2400 X226.807 Y196.26 E61.68402*54
2025-06-13T17:00:29.186515+0800 ERROR readline echo: cold extrusion prevented

2025-06-13T17:00:29.446600+0800 ERROR empty readline 0
2025-06-13T17:00:29.649132+0800 ERROR readline X:251.1080 Y:220.5610 Z:0.2000 E:61.6840 Count X:87888 Y:77196 Z:400 STA: 5251839

2025-06-13T17:00:29.650150+0800 ERROR readline 

2025-06-13T17:00:29.886322+0800 ERROR readline ok

2025-06-13T17:00:29.893503+0800 ERROR SENT: N92 G0 F3600 X225.959 Y196.26*74
2025-06-13T17:00:29.894495+0800 ERROR write command N92 G0 F3600 X225.959 Y196.26*74
2025-06-13T17:00:29.894495+0800 ERROR second command N92 G0 F3600 X225.959 Y196.26*74
2025-06-13T17:00:29.894495+0800 ERROR finish command N92 G0 F3600 X225.959 Y196.26*74
2025-06-13T17:00:29.907057+0800 ERROR readline ok

2025-06-13T17:00:29.909571+0800 ERROR SENT: N93 G1 F2400 X251.108 Y221.409 E63.54714*13
2025-06-13T17:00:29.909571+0800 ERROR write command N93 G1 F2400 X251.108 Y221.409 E63.54714*13
2025-06-13T17:00:29.911924+0800 ERROR second command N93 G1 F2400 X251.108 Y221.409 E63.54714*13
2025-06-13T17:00:29.911924+0800 ERROR finish command N93 G1 F2400 X251.108 Y221.409 E63.54714*13
2025-06-13T17:00:29.916273+0800 ERROR readline echo: cold extrusion prevented

2025-06-13T17:00:30.175234+0800 ERROR empty readline 0
2025-06-13T17:00:30.439651+0800 ERROR empty readline 1
2025-06-13T17:00:30.647884+0800 ERROR readline X:225.9590 Y:196.2600 Z:0.2000 E:63.5471 Count X:79086 Y:68691 Z:400 STA: 5251839

2025-06-13T17:00:30.649401+0800 ERROR readline 

2025-06-13T17:00:30.649401+0800 ERROR readline ok

2025-06-13T17:00:30.657286+0800 ERROR SENT: N94 G0 F3600 X251.108 Y222.258*116
2025-06-13T17:00:30.657286+0800 ERROR write command N94 G0 F3600 X251.108 Y222.258*116
2025-06-13T17:00:30.658356+0800 ERROR second command N94 G0 F3600 X251.108 Y222.258*116
2025-06-13T17:00:30.659372+0800 ERROR finish command N94 G0 F3600 X251.108 Y222.258*116
2025-06-13T17:00:30.669393+0800 ERROR readline ok

2025-06-13T17:00:30.672959+0800 ERROR SENT: N95 G1 F2400 X225.11 Y196.26 E65.47316*5
2025-06-13T17:00:30.672959+0800 ERROR write command N95 G1 F2400 X225.11 Y196.26 E65.47316*5
2025-06-13T17:00:30.674471+0800 ERROR second command N95 G1 F2400 X225.11 Y196.26 E65.47316*5
2025-06-13T17:00:30.674471+0800 ERROR finish command N95 G1 F2400 X225.11 Y196.26 E65.47316*5
2025-06-13T17:00:30.676965+0800 ERROR readline echo: cold extrusion prevented

2025-06-13T17:00:30.940562+0800 ERROR empty readline 0
2025-06-13T17:00:31.207050+0800 ERROR empty readline 1
2025-06-13T17:00:31.446017+0800 ERROR readline ok

2025-06-13T17:00:31.458535+0800 ERROR SENT: N96 G0 F3600 X224.262 Y196.26*76
2025-06-13T17:00:31.458535+0800 ERROR write command N96 G0 F3600 X224.262 Y196.26*76
2025-06-13T17:00:31.460050+0800 ERROR second command N96 G0 F3600 X224.262 Y196.26*76
2025-06-13T17:00:31.460050+0800 ERROR finish command N96 G0 F3600 X224.262 Y196.26*76
2025-06-13T17:00:31.465656+0800 ERROR readline ok

2025-06-13T17:00:31.474279+0800 ERROR SENT: N97 G1 F2400 X251.108 Y223.106 E67.46199*5
2025-06-13T17:00:31.475296+0800 ERROR write command N97 G1 F2400 X251.108 Y223.106 E67.46199*5
2025-06-13T17:00:31.475296+0800 ERROR second command N97 G1 F2400 X251.108 Y223.106 E67.46199*5
2025-06-13T17:00:31.476293+0800 ERROR finish command N97 G1 F2400 X251.108 Y223.106 E67.46199*5
2025-06-13T17:00:31.479319+0800 ERROR readline echo: cold extrusion prevented

2025-06-13T17:00:31.650486+0800 ERROR readline X:224.2620 Y:196.2600 Z:0.2000 E:67.4620 Count X:78492 Y:68691 Z:400 STA: 5251839

2025-06-13T17:00:31.652500+0800 ERROR readline 

2025-06-13T17:00:31.909465+0800 ERROR empty readline 0
2025-06-13T17:00:32.171519+0800 ERROR empty readline 1
2025-06-13T17:00:32.269323+0800 ERROR readline ok

2025-06-13T17:00:32.281527+0800 ERROR SENT: N98 G0 F3600 X251.108 Y223.955*127
2025-06-13T17:00:32.281527+0800 ERROR write command N98 G0 F3600 X251.108 Y223.955*127
2025-06-13T17:00:32.282529+0800 ERROR second command N98 G0 F3600 X251.108 Y223.955*127
2025-06-13T17:00:32.283529+0800 ERROR finish command N98 G0 F3600 X251.108 Y223.955*127
2025-06-13T17:00:32.287556+0800 ERROR readline ok

2025-06-13T17:00:32.297106+0800 ERROR SENT: N99 G1 F2400 X223.413 Y196.26 E69.51373*49
2025-06-13T17:00:32.297106+0800 ERROR write command N99 G1 F2400 X223.413 Y196.26 E69.51373*49
2025-06-13T17:00:32.298108+0800 ERROR second command N99 G1 F2400 X223.413 Y196.26 E69.51373*49
2025-06-13T17:00:32.299108+0800 ERROR finish command N99 G1 F2400 X223.413 Y196.26 E69.51373*49
2025-06-13T17:00:32.302634+0800 ERROR readline echo: cold extrusion prevented

2025-06-13T17:00:32.563352+0800 ERROR empty readline 0
2025-06-13T17:00:32.649426+0800 ERROR readline X:251.1080 Y:223.9550 Z:0.2000 E:69.5137 Count X:87888 Y:78384 Z:400 STA: 5251839

2025-06-13T17:00:32.650443+0800 ERROR readline 

2025-06-13T17:00:32.908125+0800 ERROR empty readline 0
2025-06-13T17:00:33.124584+0800 ERROR readline ok

2025-06-13T17:00:33.127121+0800 ERROR SENT: N100 G0 F3600 X222.565 Y196.26*116
2025-06-13T17:00:33.127121+0800 ERROR write command N100 G0 F3600 X222.565 Y196.26*116
2025-06-13T17:00:33.128119+0800 ERROR second command N100 G0 F3600 X222.565 Y196.26*116
2025-06-13T17:00:33.129123+0800 ERROR finish command N100 G0 F3600 X222.565 Y196.26*116
2025-06-13T17:00:33.144378+0800 ERROR readline ok

2025-06-13T17:00:33.158332+0800 ERROR SENT: N101 G1 F2400 X251.108 Y224.803 E71.62828*50
2025-06-13T17:00:33.159835+0800 ERROR write command N101 G1 F2400 X251.108 Y224.803 E71.62828*50
2025-06-13T17:00:33.159835+0800 ERROR second command N101 G1 F2400 X251.108 Y224.803 E71.62828*50
2025-06-13T17:00:33.160852+0800 ERROR finish command N101 G1 F2400 X251.108 Y224.803 E71.62828*50
2025-06-13T17:00:33.165568+0800 ERROR readline echo: cold extrusion prevented

2025-06-13T17:00:33.420537+0800 ERROR empty readline 0
2025-06-13T17:00:33.650122+0800 ERROR readline X:222.5650 Y:196.2600 Z:0.2000 E:71.6283 Count X:77898 Y:68691 Z:400 STA: 5251839

2025-06-13T17:00:33.652280+0800 ERROR readline 

2025-06-13T17:00:33.919971+0800 ERROR empty readline 0
2025-06-13T17:00:34.007700+0800 ERROR readline ok

2025-06-13T17:00:34.012226+0800 ERROR SENT: N102 G0 F3600 X251.108 Y225.652*67
2025-06-13T17:00:34.013226+0800 ERROR write command N102 G0 F3600 X251.108 Y225.652*67
2025-06-13T17:00:34.013226+0800 ERROR second command N102 G0 F3600 X251.108 Y225.652*67
2025-06-13T17:00:34.013226+0800 ERROR finish command N102 G0 F3600 X251.108 Y225.652*67
2025-06-13T17:00:34.030448+0800 ERROR readline ok

2025-06-13T17:00:34.043350+0800 ERROR SENT: N103 G1 F2400 X221.716 Y196.26 E73.80573*6
2025-06-13T17:00:34.043350+0800 ERROR write command N103 G1 F2400 X221.716 Y196.26 E73.80573*6
2025-06-13T17:00:34.044862+0800 ERROR second command N103 G1 F2400 X221.716 Y196.26 E73.80573*6
2025-06-13T17:00:34.045491+0800 ERROR finish command N103 G1 F2400 X221.716 Y196.26 E73.80573*6
2025-06-13T17:00:34.049310+0800 ERROR readline echo: cold extrusion prevented

2025-06-13T17:00:34.307771+0800 ERROR empty readline 0
2025-06-13T17:00:34.562108+0800 ERROR empty readline 1
2025-06-13T17:00:34.649003+0800 ERROR readline X:251.1080 Y:225.6520 Z:0.2000 E:73.8057 Count X:87888 Y:78978 Z:400 STA: 5251839

2025-06-13T17:00:34.649511+0800 ERROR readline 

2025-06-13T17:00:34.900962+0800 ERROR empty readline 0
2025-06-13T17:00:34.924656+0800 ERROR readline ok

2025-06-13T17:00:34.932050+0800 ERROR SENT: N104 G0 F3600 X220.868 Y196.26*114
2025-06-13T17:00:34.932050+0800 ERROR write command N104 G0 F3600 X220.868 Y196.26*114
2025-06-13T17:00:34.933057+0800 ERROR second command N104 G0 F3600 X220.868 Y196.26*114
2025-06-13T17:00:34.934571+0800 ERROR finish command N104 G0 F3600 X220.868 Y196.26*114
2025-06-13T17:00:34.944634+0800 ERROR readline ok

2025-06-13T17:00:34.947826+0800 ERROR SENT: N105 G1 F2400 X251.108 Y226.5 E76.04601*56
2025-06-13T17:00:34.948696+0800 ERROR write command N105 G1 F2400 X251.108 Y226.5 E76.04601*56
2025-06-13T17:00:34.949210+0800 ERROR second command N105 G1 F2400 X251.108 Y226.5 E76.04601*56
2025-06-13T17:00:34.950224+0800 ERROR finish command N105 G1 F2400 X251.108 Y226.5 E76.04601*56
2025-06-13T17:00:34.954259+0800 ERROR readline echo: cold extrusion prevented

2025-06-13T17:00:35.215535+0800 ERROR empty readline 0
2025-06-13T17:00:35.481608+0800 ERROR empty readline 1
2025-06-13T17:00:35.648428+0800 ERROR readline X:220.8680 Y:196.2600 Z:0.2000 E:76.0460 Count X:77304 Y:68691 Z:400 STA: 5251839

2025-06-13T17:00:35.649943+0800 ERROR readline 

2025-06-13T17:00:35.872529+0800 ERROR readline ok

2025-06-13T17:00:35.887281+0800 ERROR SENT: N106 G0 F3600 X251.108 Y227.349*74
2025-06-13T17:00:35.887281+0800 ERROR write command N106 G0 F3600 X251.108 Y227.349*74
2025-06-13T17:00:35.888288+0800 ERROR second command N106 G0 F3600 X251.108 Y227.349*74
2025-06-13T17:00:35.888288+0800 ERROR finish command N106 G0 F3600 X251.108 Y227.349*74
2025-06-13T17:00:35.891828+0800 ERROR readline ok

2025-06-13T17:00:35.903350+0800 ERROR SENT: N107 G1 F2400 X220.019 Y196.26 E78.34918*14
2025-06-13T17:00:35.903350+0800 ERROR write command N107 G1 F2400 X220.019 Y196.26 E78.34918*14
2025-06-13T17:00:35.904349+0800 ERROR second command N107 G1 F2400 X220.019 Y196.26 E78.34918*14
2025-06-13T17:00:35.904865+0800 ERROR finish command N107 G1 F2400 X220.019 Y196.26 E78.34918*14
2025-06-13T17:00:35.909213+0800 ERROR readline echo: cold extrusion prevented

2025-06-13T17:00:36.166739+0800 ERROR empty readline 0
2025-06-13T17:00:36.431775+0800 ERROR empty readline 1
2025-06-13T17:00:36.649469+0800 ERROR readline X:251.1080 Y:227.3490 Z:0.2000 E:78.3492 Count X:87888 Y:79572 Z:400 STA: 5251839

2025-06-13T17:00:36.651007+0800 ERROR readline 

2025-06-13T17:00:36.850091+0800 ERROR readline ok

2025-06-13T17:00:36.854632+0800 ERROR SENT: N108 G0 F3600 X219.171 Y196.26*117
2025-06-13T17:00:36.855845+0800 ERROR write command N108 G0 F3600 X219.171 Y196.26*117
2025-06-13T17:00:36.856868+0800 ERROR second command N108 G0 F3600 X219.171 Y196.26*117
2025-06-13T17:00:36.856868+0800 ERROR finish command N108 G0 F3600 X219.171 Y196.26*117
2025-06-13T17:00:36.869331+0800 ERROR readline ok

2025-06-13T17:00:36.885531+0800 ERROR SENT: N109 G1 F2400 X251.108 Y228.198 E80.71521*53
2025-06-13T17:00:36.886040+0800 ERROR write command N109 G1 F2400 X251.108 Y228.198 E80.71521*53
2025-06-13T17:00:36.886581+0800 ERROR second command N109 G1 F2400 X251.108 Y228.198 E80.71521*53
2025-06-13T17:00:36.888028+0800 ERROR finish command N109 G1 F2400 X251.108 Y228.198 E80.71521*53
2025-06-13T17:00:36.891153+0800 ERROR readline echo: cold extrusion prevented

2025-06-13T17:00:37.146211+0800 ERROR empty readline 0
2025-06-13T17:00:37.351493+0800 INFO M105

2025-06-13T17:00:37.398290+0800 ERROR empty readline 1
2025-06-13T17:00:37.649303+0800 ERROR readline X:219.1710 Y:196.2600 Z:0.2000 E:80.7152 Count X:76710 Y:68691 Z:400 STA: 5251839

2025-06-13T17:00:37.652378+0800 ERROR readline 

2025-06-13T17:00:37.856973+0800 ERROR readline ok

2025-06-13T17:00:37.867587+0800 ERROR SENT: M105

2025-06-13T17:00:37.868511+0800 ERROR write command M105

2025-06-13T17:00:37.869023+0800 ERROR second command M105

2025-06-13T17:00:37.869023+0800 ERROR readline ok

2025-06-13T17:00:37.870248+0800 ERROR finish command M105

2025-06-13T17:00:37.871446+0800 ERROR SENT: N110 G0 F3600 X251.108 Y229.046*79
2025-06-13T17:00:37.871446+0800 ERROR write command N110 G0 F3600 X251.108 Y229.046*79
2025-06-13T17:00:37.872464+0800 ERROR second command N110 G0 F3600 X251.108 Y229.046*79
2025-06-13T17:00:37.873459+0800 ERROR finish command N110 G0 F3600 X251.108 Y229.046*79
2025-06-13T17:00:37.876987+0800 ERROR readline  T:58.7740 /10 B:51.0625 /10 @:0 B@:0 VER: 1.3.2

2025-06-13T17:00:37.879513+0800 ERROR readline ok

2025-06-13T17:00:37.882530+0800 ERROR SENT: N111 G1 F2400 X218.322 Y196.26 E83.1441*58
2025-06-13T17:00:37.883533+0800 ERROR write command N111 G1 F2400 X218.322 Y196.26 E83.1441*58
2025-06-13T17:00:37.884536+0800 ERROR second command N111 G1 F2400 X218.322 Y196.26 E83.1441*58
2025-06-13T17:00:37.885048+0800 ERROR finish command N111 G1 F2400 X218.322 Y196.26 E83.1441*58
2025-06-13T17:00:37.889090+0800 ERROR readline echo: cold extrusion prevented

2025-06-13T17:00:38.146424+0800 ERROR empty readline 0
2025-06-13T17:00:38.412312+0800 ERROR empty readline 1
2025-06-13T17:00:38.647556+0800 ERROR readline X:251.1080 Y:229.0460 Z:0.2000 E:83.1441 Count X:87888 Y:80166 Z:400 STA: 5251839

2025-06-13T17:00:38.650080+0800 ERROR readline 

2025-06-13T17:00:38.894412+0800 ERROR readline ok

2025-06-13T17:00:38.896994+0800 ERROR SENT: N112 G0 F3600 X217.474 Y196.26*112
2025-06-13T17:00:38.897996+0800 ERROR write command N112 G0 F3600 X217.474 Y196.26*112
2025-06-13T17:00:38.899513+0800 ERROR second command N112 G0 F3600 X217.474 Y196.26*112
2025-06-13T17:00:38.899513+0800 ERROR finish command N112 G0 F3600 X217.474 Y196.26*112
2025-06-13T17:00:38.915302+0800 ERROR readline ok

2025-06-13T17:00:38.928365+0800 ERROR SENT: N113 G1 F2400 X251.108 Y229.895 E85.63585*51
2025-06-13T17:00:38.929882+0800 ERROR write command N113 G1 F2400 X251.108 Y229.895 E85.63585*51
2025-06-13T17:00:38.930900+0800 ERROR second command N113 G1 F2400 X251.108 Y229.895 E85.63585*51
2025-06-13T17:00:38.931916+0800 ERROR finish command N113 G1 F2400 X251.108 Y229.895 E85.63585*51
2025-06-13T17:00:38.936706+0800 ERROR readline echo: cold extrusion prevented

2025-06-13T17:00:39.194260+0800 ERROR empty readline 0
2025-06-13T17:00:39.460342+0800 ERROR empty readline 1
2025-06-13T17:00:39.643164+0800 INFO L110 S60
2025-06-13T17:00:39.644252+0800 INFO L110 S60
2025-06-13T17:00:39.644252+0800 INFO L110 S60
2025-06-13T17:00:39.649288+0800 ERROR readline X:217.4740 Y:196.2600 Z:0.2000 E:85.6358 Count X:76116 Y:68691 Z:400 STA: 5251839

2025-06-13T17:00:39.650415+0800 ERROR readline 

2025-06-13T17:00:39.914207+0800 ERROR empty readline 0
2025-06-13T17:00:39.962563+0800 ERROR readline ok

2025-06-13T17:00:39.977752+0800 ERROR SENT: L110 S60
2025-06-13T17:00:39.977752+0800 ERROR write command L110 S60
2025-06-13T17:00:39.980347+0800 ERROR second command L110 S60
2025-06-13T17:00:39.981336+0800 ERROR finish command L110 S60
2025-06-13T17:00:39.982695+0800 ERROR readline ok

2025-06-13T17:00:39.992892+0800 ERROR SENT: L110 S60
2025-06-13T17:00:39.992892+0800 ERROR write command L110 S60
2025-06-13T17:00:39.992892+0800 ERROR second command L110 S60
2025-06-13T17:00:39.994542+0800 ERROR finish command L110 S60
2025-06-13T17:00:39.994542+0800 ERROR readline ok

2025-06-13T17:00:40.008225+0800 ERROR SENT: L110 S60
2025-06-13T17:00:40.008225+0800 ERROR write command L110 S60
2025-06-13T17:00:40.009221+0800 ERROR second command L110 S60
2025-06-13T17:00:40.009221+0800 ERROR finish command L110 S60
2025-06-13T17:00:40.010358+0800 ERROR readline ok

2025-06-13T17:00:40.024321+0800 ERROR SENT: N114 G0 F3600 X251.108 Y230.743*65
2025-06-13T17:00:40.024832+0800 ERROR write command N114 G0 F3600 X251.108 Y230.743*65
2025-06-13T17:00:40.024832+0800 ERROR second command N114 G0 F3600 X251.108 Y230.743*65
2025-06-13T17:00:40.024832+0800 ERROR finish command N114 G0 F3600 X251.108 Y230.743*65
2025-06-13T17:00:40.026447+0800 ERROR readline ok

2025-06-13T17:00:40.040176+0800 ERROR SENT: N115 G1 F2400 X216.625 Y196.26 E88.19046*3
2025-06-13T17:00:40.040176+0800 ERROR write command N115 G1 F2400 X216.625 Y196.26 E88.19046*3
2025-06-13T17:00:40.041585+0800 ERROR second command N115 G1 F2400 X216.625 Y196.26 E88.19046*3
2025-06-13T17:00:40.041585+0800 ERROR finish command N115 G1 F2400 X216.625 Y196.26 E88.19046*3
2025-06-13T17:00:40.046209+0800 ERROR readline echo: cold extrusion prevented

2025-06-13T17:00:40.307007+0800 ERROR empty readline 0
2025-06-13T17:00:40.455342+0800 INFO L110 S60
2025-06-13T17:00:40.455342+0800 INFO L110 S60
2025-06-13T17:00:40.456305+0800 INFO L110 S60
2025-06-13T17:00:40.558366+0800 ERROR empty readline 1
2025-06-13T17:00:40.649613+0800 ERROR readline X:251.1080 Y:230.7430 Z:0.2000 E:88.1905 Count X:87888 Y:80760 Z:400 STA: 5251839

2025-06-13T17:00:40.650627+0800 ERROR readline 

2025-06-13T17:00:40.877727+0800 INFO L110 S60
2025-06-13T17:00:40.879262+0800 INFO L110 S60
2025-06-13T17:00:40.879262+0800 INFO L110 S60
2025-06-13T17:00:40.918106+0800 ERROR empty readline 0
2025-06-13T17:00:41.059787+0800 ERROR readline ok

2025-06-13T17:00:41.071894+0800 ERROR SENT: L110 S60
2025-06-13T17:00:41.072897+0800 ERROR write command L110 S60
2025-06-13T17:00:41.072897+0800 ERROR second command L110 S60
2025-06-13T17:00:41.072897+0800 ERROR finish command L110 S60
2025-06-13T17:00:41.074409+0800 ERROR readline ok

2025-06-13T17:00:41.087517+0800 ERROR SENT: L110 S60
2025-06-13T17:00:41.088517+0800 ERROR write command L110 S60
2025-06-13T17:00:41.090027+0800 ERROR second command L110 S60
2025-06-13T17:00:41.091039+0800 ERROR finish command L110 S60
2025-06-13T17:00:41.091039+0800 ERROR readline ok

2025-06-13T17:00:41.102630+0800 ERROR SENT: L110 S60
2025-06-13T17:00:41.102630+0800 ERROR write command L110 S60
2025-06-13T17:00:41.103632+0800 ERROR second command L110 S60
2025-06-13T17:00:41.104632+0800 ERROR finish command L110 S60
2025-06-13T17:00:41.105140+0800 ERROR readline ok

2025-06-13T17:00:41.118212+0800 ERROR SENT: L110 S60
2025-06-13T17:00:41.118212+0800 ERROR write command L110 S60
2025-06-13T17:00:41.119724+0800 ERROR second command L110 S60
2025-06-13T17:00:41.120233+0800 ERROR finish command L110 S60
2025-06-13T17:00:41.121246+0800 ERROR readline ok

2025-06-13T17:00:41.133298+0800 ERROR SENT: L110 S60
2025-06-13T17:00:41.133298+0800 ERROR write command L110 S60
2025-06-13T17:00:41.134810+0800 ERROR second command L110 S60
2025-06-13T17:00:41.135831+0800 ERROR finish command L110 S60
2025-06-13T17:00:41.136822+0800 ERROR readline ok

2025-06-13T17:00:41.147965+0800 ERROR SENT: L110 S60
2025-06-13T17:00:41.149484+0800 ERROR write command L110 S60
2025-06-13T17:00:41.149484+0800 ERROR second command L110 S60
2025-06-13T17:00:41.151079+0800 ERROR finish command L110 S60
2025-06-13T17:00:41.162574+0800 ERROR readline ok

2025-06-13T17:00:41.164183+0800 ERROR SENT: N116 G0 F3600 X215.776 Y196.26*119
2025-06-13T17:00:41.164183+0800 ERROR write command N116 G0 F3600 X215.776 Y196.26*119
2025-06-13T17:00:41.164183+0800 ERROR second command N116 G0 F3600 X215.776 Y196.26*119
2025-06-13T17:00:41.165631+0800 ERROR finish command N116 G0 F3600 X215.776 Y196.26*119
2025-06-13T17:00:41.169731+0800 ERROR readline ok

2025-06-13T17:00:41.171779+0800 INFO L110 S60
2025-06-13T17:00:41.172760+0800 INFO L110 S60
2025-06-13T17:00:41.172760+0800 INFO L110 S60
2025-06-13T17:00:41.179436+0800 ERROR SENT: L110 S60
2025-06-13T17:00:41.179947+0800 ERROR write command L110 S60
2025-06-13T17:00:41.179947+0800 ERROR second command L110 S60
2025-06-13T17:00:41.181054+0800 ERROR finish command L110 S60
2025-06-13T17:00:41.182157+0800 ERROR readline ok

2025-06-13T17:00:41.194382+0800 ERROR SENT: L110 S60
2025-06-13T17:00:41.195401+0800 ERROR write command L110 S60
2025-06-13T17:00:41.195911+0800 ERROR second command L110 S60
2025-06-13T17:00:41.196464+0800 ERROR finish command L110 S60
2025-06-13T17:00:41.197741+0800 ERROR readline ok

2025-06-13T17:00:41.209770+0800 ERROR SENT: L110 S60
2025-06-13T17:00:41.210775+0800 ERROR write command L110 S60
2025-06-13T17:00:41.210775+0800 ERROR second command L110 S60
2025-06-13T17:00:41.211788+0800 ERROR finish command L110 S60
2025-06-13T17:00:41.212790+0800 ERROR readline ok

2025-06-13T17:00:41.225088+0800 ERROR SENT: N117 G1 F2400 X251.108 Y231.592 E90.80797*60
2025-06-13T17:00:41.225088+0800 ERROR write command N117 G1 F2400 X251.108 Y231.592 E90.80797*60
2025-06-13T17:00:41.226635+0800 ERROR second command N117 G1 F2400 X251.108 Y231.592 E90.80797*60
2025-06-13T17:00:41.227654+0800 ERROR finish command N117 G1 F2400 X251.108 Y231.592 E90.80797*60
2025-06-13T17:00:41.231755+0800 ERROR readline echo: cold extrusion prevented

2025-06-13T17:00:41.358453+0800 INFO L110 S60
2025-06-13T17:00:41.359451+0800 INFO L110 S60
2025-06-13T17:00:41.359451+0800 INFO L110 S60
2025-06-13T17:00:41.490193+0800 ERROR empty readline 0
2025-06-13T17:00:41.531639+0800 INFO L110 S60
2025-06-13T17:00:41.531639+0800 INFO L110 S60
2025-06-13T17:00:41.532684+0800 INFO L110 S60
2025-06-13T17:00:41.648423+0800 ERROR readline X:215.7760 Y:196.2600 Z:0.2000 E:90.8080 Count X:75522 Y:68691 Z:400 STA: 5251839

2025-06-13T17:00:41.650916+0800 ERROR readline 

2025-06-13T17:00:41.690304+0800 INFO L110 S60
2025-06-13T17:00:41.690304+0800 INFO L110 S60
2025-06-13T17:00:41.691316+0800 INFO L110 S60
2025-06-13T17:00:41.911637+0800 ERROR empty readline 0
2025-06-13T17:00:42.174599+0800 ERROR empty readline 1
2025-06-13T17:00:42.189342+0800 ERROR readline ok

2025-06-13T17:00:42.190361+0800 ERROR SENT: L110 S60
2025-06-13T17:00:42.190874+0800 ERROR write command L110 S60
2025-06-13T17:00:42.191894+0800 ERROR second command L110 S60
2025-06-13T17:00:42.191894+0800 ERROR finish command L110 S60
2025-06-13T17:00:42.191894+0800 ERROR readline ok

2025-06-13T17:00:42.205485+0800 ERROR SENT: L110 S60
2025-06-13T17:00:42.205485+0800 ERROR write command L110 S60
2025-06-13T17:00:42.207009+0800 ERROR second command L110 S60
2025-06-13T17:00:42.207009+0800 ERROR finish command L110 S60
2025-06-13T17:00:42.207009+0800 ERROR readline ok

2025-06-13T17:00:42.221250+0800 ERROR SENT: L110 S60
2025-06-13T17:00:42.221250+0800 ERROR write command L110 S60
2025-06-13T17:00:42.222577+0800 ERROR second command L110 S60
2025-06-13T17:00:42.222577+0800 ERROR finish command L110 S60
2025-06-13T17:00:42.223591+0800 ERROR readline ok

2025-06-13T17:00:42.236659+0800 ERROR SENT: L110 S60
2025-06-13T17:00:42.237170+0800 ERROR write command L110 S60
2025-06-13T17:00:42.237170+0800 ERROR second command L110 S60
2025-06-13T17:00:42.238183+0800 ERROR finish command L110 S60
2025-06-13T17:00:42.238183+0800 ERROR readline ok

2025-06-13T17:00:42.252130+0800 ERROR SENT: L110 S60
2025-06-13T17:00:42.252130+0800 ERROR write command L110 S60
2025-06-13T17:00:42.253133+0800 ERROR second command L110 S60
2025-06-13T17:00:42.253133+0800 ERROR finish command L110 S60
2025-06-13T17:00:42.253133+0800 ERROR readline ok

2025-06-13T17:00:42.267775+0800 ERROR SENT: L110 S60
2025-06-13T17:00:42.267775+0800 ERROR write command L110 S60
2025-06-13T17:00:42.267775+0800 ERROR second command L110 S60
2025-06-13T17:00:42.267775+0800 ERROR finish command L110 S60
2025-06-13T17:00:42.269836+0800 ERROR readline ok

2025-06-13T17:00:42.283419+0800 ERROR SENT: L110 S60
2025-06-13T17:00:42.284435+0800 ERROR write command L110 S60
2025-06-13T17:00:42.284956+0800 ERROR second command L110 S60
2025-06-13T17:00:42.284956+0800 ERROR finish command L110 S60
2025-06-13T17:00:42.284956+0800 ERROR readline ok

2025-06-13T17:00:42.299065+0800 ERROR SENT: L110 S60
2025-06-13T17:00:42.299065+0800 ERROR write command L110 S60
2025-06-13T17:00:42.300082+0800 ERROR second command L110 S60
2025-06-13T17:00:42.301081+0800 ERROR finish command L110 S60
2025-06-13T17:00:42.301081+0800 ERROR readline ok

2025-06-13T17:00:42.314693+0800 ERROR SENT: L110 S60
2025-06-13T17:00:42.314693+0800 ERROR write command L110 S60
2025-06-13T17:00:42.315708+0800 ERROR second command L110 S60
2025-06-13T17:00:42.316713+0800 ERROR readline ok

2025-06-13T17:00:42.316713+0800 ERROR finish command L110 S60
2025-06-13T17:00:42.319135+0800 ERROR SENT: N118 G0 F3600 X251.108 Y232.44*127
2025-06-13T17:00:42.319135+0800 ERROR write command N118 G0 F3600 X251.108 Y232.44*127
2025-06-13T17:00:42.319135+0800 ERROR second command N118 G0 F3600 X251.108 Y232.44*127
2025-06-13T17:00:42.320185+0800 ERROR finish command N118 G0 F3600 X251.108 Y232.44*127
2025-06-13T17:00:42.321207+0800 ERROR readline ok

2025-06-13T17:00:42.330456+0800 ERROR SENT: N119 G1 F2400 X214.928 Y196.26 E93.4883*56
2025-06-13T17:00:42.331455+0800 ERROR write command N119 G1 F2400 X214.928 Y196.26 E93.4883*56
2025-06-13T17:00:42.331455+0800 ERROR second command N119 G1 F2400 X214.928 Y196.26 E93.4883*56
2025-06-13T17:00:42.332469+0800 ERROR finish command N119 G1 F2400 X214.928 Y196.26 E93.4883*56
2025-06-13T17:00:42.335645+0800 ERROR readline echo: cold extrusion prevented

2025-06-13T17:00:42.597450+0800 ERROR empty readline 0
2025-06-13T17:00:42.648503+0800 ERROR readline X:251.1080 Y:232.4400 Z:0.2000 E:93.4883 Count X:87888 Y:81354 Z:400 STA: 5251839

2025-06-13T17:00:42.650017+0800 ERROR readline 

2025-06-13T17:00:42.906499+0800 ERROR empty readline 0
2025-06-13T17:00:43.169437+0800 ERROR empty readline 1
2025-06-13T17:00:43.346259+0800 ERROR readline ok

2025-06-13T17:00:43.357905+0800 ERROR SENT: N120 G0 F3600 X214.079 Y196.26*123
2025-06-13T17:00:43.357905+0800 ERROR write command N120 G0 F3600 X214.079 Y196.26*123
2025-06-13T17:00:43.359420+0800 ERROR second command N120 G0 F3600 X214.079 Y196.26*123
2025-06-13T17:00:43.360442+0800 ERROR finish command N120 G0 F3600 X214.079 Y196.26*123
2025-06-13T17:00:43.366849+0800 ERROR readline ok

2025-06-13T17:00:43.373392+0800 ERROR SENT: N121 G1 F2400 X251.108 Y233.289 E96.23152*54
2025-06-13T17:00:43.374375+0800 ERROR write command N121 G1 F2400 X251.108 Y233.289 E96.23152*54
2025-06-13T17:00:43.374375+0800 ERROR second command N121 G1 F2400 X251.108 Y233.289 E96.23152*54
2025-06-13T17:00:43.376313+0800 ERROR finish command N121 G1 F2400 X251.108 Y233.289 E96.23152*54
2025-06-13T17:00:43.380509+0800 ERROR readline echo: cold extrusion prevented

2025-06-13T17:00:43.639572+0800 ERROR empty readline 0
2025-06-13T17:00:43.647639+0800 ERROR readline X:214.0790 Y:196.2600 Z:0.2000 E:96.2315 Count X:74928 Y:68691 Z:400 STA: 5251839

2025-06-13T17:00:43.649149+0800 ERROR readline 

2025-06-13T17:00:43.906394+0800 ERROR empty readline 0
2025-06-13T17:00:44.170616+0800 ERROR empty readline 1
2025-06-13T17:00:44.435225+0800 ERROR empty readline 2
2025-06-13T17:00:44.534395+0800 ERROR readline ok

2025-06-13T17:00:44.544460+0800 ERROR SENT: N122 G0 F3600 X251.108 Y234.137*69
2025-06-13T17:00:44.544975+0800 ERROR write command N122 G0 F3600 X251.108 Y234.137*69
2025-06-13T17:00:44.545903+0800 ERROR second command N122 G0 F3600 X251.108 Y234.137*69
2025-06-13T17:00:44.546421+0800 ERROR finish command N122 G0 F3600 X251.108 Y234.137*69
2025-06-13T17:00:44.554478+0800 ERROR readline ok

2025-06-13T17:00:44.559511+0800 ERROR SENT: N123 G1 F2400 X213.231 Y196.26 E99.03757*14
2025-06-13T17:00:44.560213+0800 ERROR write command N123 G1 F2400 X213.231 Y196.26 E99.03757*14
2025-06-13T17:00:44.560753+0800 ERROR second command N123 G1 F2400 X213.231 Y196.26 E99.03757*14
2025-06-13T17:00:44.561767+0800 ERROR finish command N123 G1 F2400 X213.231 Y196.26 E99.03757*14
2025-06-13T17:00:44.564286+0800 ERROR readline echo: cold extrusion prevented

2025-06-13T17:00:44.647733+0800 ERROR readline X:251.1080 Y:234.1370 Z:0.2000 E:99.0376 Count X:87888 Y:81948 Z:400 STA: 5251839

2025-06-13T17:00:44.649243+0800 ERROR readline 

2025-06-13T17:00:44.903071+0800 ERROR empty readline 0
2025-06-13T17:00:45.170223+0800 ERROR empty readline 1
2025-06-13T17:00:45.434941+0800 ERROR empty readline 2
2025-06-13T17:00:45.647118+0800 ERROR readline X:251.1080 Y:234.1370 Z:0.2000 E:99.0376 Count X:87888 Y:81948 Z:400 STA: 5251839

2025-06-13T17:00:45.648131+0800 ERROR readline 

2025-06-13T17:00:45.752760+0800 ERROR readline ok

2025-06-13T17:00:45.764261+0800 ERROR SENT: N124 G0 F3600 X212.382 Y196.26*126
2025-06-13T17:00:45.765282+0800 ERROR write command N124 G0 F3600 X212.382 Y196.26*126
2025-06-13T17:00:45.766278+0800 ERROR second command N124 G0 F3600 X212.382 Y196.26*126
2025-06-13T17:00:45.766809+0800 ERROR finish command N124 G0 F3600 X212.382 Y196.26*126
2025-06-13T17:00:45.773344+0800 ERROR readline ok

2025-06-13T17:00:45.779724+0800 ERROR SENT: N125 G1 F2400 X251.108 Y234.986 E101.90652*1
2025-06-13T17:00:45.780431+0800 ERROR write command N125 G1 F2400 X251.108 Y234.986 E101.90652*1
2025-06-13T17:00:45.781712+0800 ERROR second command N125 G1 F2400 X251.108 Y234.986 E101.90652*1
2025-06-13T17:00:45.782742+0800 ERROR finish command N125 G1 F2400 X251.108 Y234.986 E101.90652*1
2025-06-13T17:00:45.786328+0800 ERROR readline echo: cold extrusion prevented

2025-06-13T17:00:46.046425+0800 ERROR empty readline 0
2025-06-13T17:00:46.308076+0800 ERROR empty readline 1
2025-06-13T17:00:46.572354+0800 ERROR empty readline 2
2025-06-13T17:00:46.647938+0800 ERROR readline X:212.3820 Y:196.2600 Z:0.2000 E:101.9065 Count X:74334 Y:68691 Z:400 STA: 5251839

2025-06-13T17:00:46.650480+0800 ERROR readline 

2025-06-13T17:00:46.758982+0800 INFO M105

2025-06-13T17:00:46.915173+0800 ERROR empty readline 0
2025-06-13T17:00:47.001373+0800 ERROR readline ok

2025-06-13T17:00:47.008433+0800 ERROR SENT: M105

2025-06-13T17:00:47.008433+0800 ERROR write command M105

2025-06-13T17:00:47.009426+0800 ERROR second command M105

2025-06-13T17:00:47.009933+0800 ERROR finish command M105

2025-06-13T17:00:47.009933+0800 ERROR readline ok

2025-06-13T17:00:47.014472+0800 ERROR readline  T:58.1731 /10 B:51.0625 /10 @:0 B@:0 VER: 1.3.2

2025-06-13T17:00:47.024529+0800 ERROR SENT: N126 G0 F3600 X251.108 Y235.834*74
2025-06-13T17:00:47.025040+0800 ERROR write command N126 G0 F3600 X251.108 Y235.834*74
2025-06-13T17:00:47.025631+0800 ERROR second command N126 G0 F3600 X251.108 Y235.834*74
2025-06-13T17:00:47.026646+0800 ERROR finish command N126 G0 F3600 X251.108 Y235.834*74
2025-06-13T17:00:47.027672+0800 ERROR readline ok

2025-06-13T17:00:47.039253+0800 ERROR SENT: N127 G1 F2400 X211.534 Y196.26 E104.83829*49
2025-06-13T17:00:47.039765+0800 ERROR write command N127 G1 F2400 X211.534 Y196.26 E104.83829*49
2025-06-13T17:00:47.040286+0800 ERROR second command N127 G1 F2400 X211.534 Y196.26 E104.83829*49
2025-06-13T17:00:47.040286+0800 ERROR finish command N127 G1 F2400 X211.534 Y196.26 E104.83829*49
2025-06-13T17:00:47.044306+0800 ERROR readline echo: cold extrusion prevented

2025-06-13T17:00:47.304808+0800 ERROR empty readline 0
2025-06-13T17:00:47.569199+0800 ERROR empty readline 1
2025-06-13T17:00:47.648286+0800 ERROR readline X:251.1080 Y:235.8340 Z:0.2000 E:104.8383 Count X:87888 Y:82542 Z:400 STA: 5251839

2025-06-13T17:00:47.650804+0800 ERROR readline 

2025-06-13T17:00:47.910095+0800 ERROR empty readline 0
2025-06-13T17:00:48.173253+0800 ERROR empty readline 1
2025-06-13T17:00:48.281010+0800 ERROR readline ok

2025-06-13T17:00:48.282033+0800 ERROR SENT: N128 G0 F3600 X210.685 Y196.26*114
2025-06-13T17:00:48.283420+0800 ERROR write command N128 G0 F3600 X210.685 Y196.26*114
2025-06-13T17:00:48.284432+0800 ERROR second command N128 G0 F3600 X210.685 Y196.26*114
2025-06-13T17:00:48.284432+0800 ERROR finish command N128 G0 F3600 X210.685 Y196.26*114
2025-06-13T17:00:48.302586+0800 ERROR readline ok

2025-06-13T17:00:48.314194+0800 ERROR SENT: N129 G1 F2400 X251.108 Y236.683 E107.83295*14
2025-06-13T17:00:48.315229+0800 ERROR write command N129 G1 F2400 X251.108 Y236.683 E107.83295*14
2025-06-13T17:00:48.315229+0800 ERROR second command N129 G1 F2400 X251.108 Y236.683 E107.83295*14
2025-06-13T17:00:48.316752+0800 ERROR finish command N129 G1 F2400 X251.108 Y236.683 E107.83295*14
2025-06-13T17:00:48.321937+0800 ERROR readline echo: cold extrusion prevented

2025-06-13T17:00:48.579990+0800 ERROR empty readline 0
2025-06-13T17:00:48.648061+0800 ERROR readline X:210.6850 Y:196.2600 Z:0.2000 E:107.8329 Count X:73740 Y:68691 Z:400 STA: 5251839

2025-06-13T17:00:48.651408+0800 ERROR readline 

2025-06-13T17:00:48.908130+0800 ERROR empty readline 0
2025-06-13T17:00:49.173054+0800 ERROR empty readline 1
2025-06-13T17:00:49.435582+0800 ERROR empty readline 2
2025-06-13T17:00:49.589310+0800 ERROR readline ok

2025-06-13T17:00:49.592387+0800 ERROR SENT: N130 G0 F3600 X251.108 Y237.531*71
2025-06-13T17:00:49.593329+0800 ERROR write command N130 G0 F3600 X251.108 Y237.531*71
2025-06-13T17:00:49.594328+0800 ERROR second command N130 G0 F3600 X251.108 Y237.531*71
2025-06-13T17:00:49.594843+0800 ERROR finish command N130 G0 F3600 X251.108 Y237.531*71
2025-06-13T17:00:49.609504+0800 ERROR readline ok

2025-06-13T17:00:49.623517+0800 ERROR SENT: N131 G1 F2400 X209.837 Y196.26 E110.89044*61
2025-06-13T17:00:49.625019+0800 ERROR write command N131 G1 F2400 X209.837 Y196.26 E110.89044*61
2025-06-13T17:00:49.625019+0800 ERROR second command N131 G1 F2400 X209.837 Y196.26 E110.89044*61
2025-06-13T17:00:49.626530+0800 ERROR finish command N131 G1 F2400 X209.837 Y196.26 E110.89044*61
2025-06-13T17:00:49.629541+0800 ERROR readline echo: cold extrusion prevented

2025-06-13T17:00:49.647445+0800 ERROR readline X:251.1080 Y:237.5310 Z:0.2000 E:110.8904 Count X:87888 Y:83136 Z:400 STA: 5251839

2025-06-13T17:00:49.648449+0800 ERROR readline 

2025-06-13T17:00:49.906176+0800 ERROR empty readline 0
2025-06-13T17:00:50.157965+0800 ERROR empty readline 1
2025-06-13T17:00:50.421880+0800 ERROR empty readline 2
2025-06-13T17:00:50.646846+0800 ERROR readline X:251.1080 Y:237.5310 Z:0.2000 E:110.8904 Count X:87888 Y:83136 Z:400 STA: 5251839

2025-06-13T17:00:50.647844+0800 ERROR readline 

2025-06-13T17:00:50.903281+0800 ERROR empty readline 0
2025-06-13T17:00:50.927797+0800 ERROR readline ok

2025-06-13T17:00:50.934356+0800 ERROR SENT: N132 G0 F3600 X208.988 Y196.26*114
2025-06-13T17:00:50.934356+0800 ERROR write command N132 G0 F3600 X208.988 Y196.26*114
2025-06-13T17:00:50.936339+0800 ERROR second command N132 G0 F3600 X208.988 Y196.26*114
2025-06-13T17:00:50.936339+0800 ERROR finish command N132 G0 F3600 X208.988 Y196.26*114
2025-06-13T17:00:50.948132+0800 ERROR readline ok

2025-06-13T17:00:50.949653+0800 ERROR SENT: N133 G1 F2400 X251.108 Y238.38 E114.01082*49
2025-06-13T17:00:50.950668+0800 ERROR write command N133 G1 F2400 X251.108 Y238.38 E114.01082*49
2025-06-13T17:00:50.950668+0800 ERROR second command N133 G1 F2400 X251.108 Y238.38 E114.01082*49
2025-06-13T17:00:50.951681+0800 ERROR finish command N133 G1 F2400 X251.108 Y238.38 E114.01082*49
2025-06-13T17:00:50.954192+0800 ERROR readline echo: cold extrusion prevented

2025-06-13T17:00:51.215222+0800 ERROR empty readline 0
2025-06-13T17:00:51.477353+0800 ERROR empty readline 1
2025-06-13T17:00:51.648439+0800 ERROR readline X:208.9880 Y:196.2600 Z:0.2000 E:114.0108 Count X:73146 Y:68691 Z:400 STA: 5251839

2025-06-13T17:00:51.649951+0800 ERROR readline 

2025-06-13T17:00:51.916949+0800 ERROR empty readline 0
2025-06-13T17:00:52.180375+0800 ERROR empty readline 1
2025-06-13T17:00:52.297778+0800 ERROR readline ok

2025-06-13T17:00:52.305372+0800 ERROR SENT: N134 G0 F3600 X251.108 Y239.228*66
2025-06-13T17:00:52.305372+0800 ERROR write command N134 G0 F3600 X251.108 Y239.228*66
2025-06-13T17:00:52.306360+0800 ERROR second command N134 G0 F3600 X251.108 Y239.228*66
2025-06-13T17:00:52.306360+0800 ERROR finish command N134 G0 F3600 X251.108 Y239.228*66
2025-06-13T17:00:52.317394+0800 ERROR readline ok

2025-06-13T17:00:52.320402+0800 ERROR SENT: N135 G1 F2400 X208.14 Y196.26 E117.19402*9
2025-06-13T17:00:52.320402+0800 ERROR write command N135 G1 F2400 X208.14 Y196.26 E117.19402*9
2025-06-13T17:00:52.321409+0800 ERROR second command N135 G1 F2400 X208.14 Y196.26 E117.19402*9
2025-06-13T17:00:52.321409+0800 ERROR finish command N135 G1 F2400 X208.14 Y196.26 E117.19402*9
2025-06-13T17:00:52.324409+0800 ERROR readline echo: cold extrusion prevented

2025-06-13T17:00:52.586257+0800 ERROR empty readline 0
2025-06-13T17:00:52.647176+0800 ERROR readline X:251.1080 Y:239.2280 Z:0.2000 E:117.1940 Count X:87888 Y:83730 Z:400 STA: 5251839

2025-06-13T17:00:52.649177+0800 ERROR readline 

2025-06-13T17:00:52.902007+0800 ERROR empty readline 0
2025-06-13T17:00:53.166522+0800 ERROR empty readline 1
2025-06-13T17:00:53.432664+0800 ERROR empty readline 2
2025-06-13T17:00:53.650309+0800 ERROR readline X:251.1080 Y:239.2280 Z:0.2000 E:117.1940 Count X:87888 Y:83730 Z:400 STA: 5251839

2025-06-13T17:00:53.652394+0800 ERROR readline 

2025-06-13T17:00:53.696682+0800 ERROR readline ok

2025-06-13T17:00:53.697696+0800 ERROR SENT: N136 G0 F3600 X207.291 Y196.26*122
2025-06-13T17:00:53.697696+0800 ERROR write command N136 G0 F3600 X207.291 Y196.26*122
2025-06-13T17:00:53.699209+0800 ERROR second command N136 G0 F3600 X207.291 Y196.26*122
2025-06-13T17:00:53.699681+0800 ERROR finish command N136 G0 F3600 X207.291 Y196.26*122
2025-06-13T17:00:53.717022+0800 ERROR readline ok

2025-06-13T17:00:53.729111+0800 ERROR SENT: N137 G1 F2400 X251.108 Y240.077 E120.44013*15
2025-06-13T17:00:53.729111+0800 ERROR write command N137 G1 F2400 X251.108 Y240.077 E120.44013*15
2025-06-13T17:00:53.730405+0800 ERROR second command N137 G1 F2400 X251.108 Y240.077 E120.44013*15
2025-06-13T17:00:53.731426+0800 ERROR finish command N137 G1 F2400 X251.108 Y240.077 E120.44013*15
2025-06-13T17:00:53.734423+0800 ERROR readline echo: cold extrusion prevented

2025-06-13T17:00:53.994546+0800 ERROR empty readline 0
2025-06-13T17:00:54.259445+0800 ERROR empty readline 1
2025-06-13T17:00:54.524358+0800 ERROR empty readline 2
2025-06-13T17:00:54.647715+0800 ERROR readline X:207.2910 Y:196.2600 Z:0.2000 E:120.4401 Count X:72552 Y:68691 Z:400 STA: 5251839

2025-06-13T17:00:54.649275+0800 ERROR readline 

2025-06-13T17:00:54.915370+0800 ERROR empty readline 0
2025-06-13T17:00:55.126240+0800 ERROR readline ok

2025-06-13T17:00:55.134650+0800 ERROR SENT: N138 G0 F3600 X251.108 Y240.925*70
2025-06-13T17:00:55.135665+0800 ERROR write command N138 G0 F3600 X251.108 Y240.925*70
2025-06-13T17:00:55.136680+0800 ERROR second command N138 G0 F3600 X251.108 Y240.925*70
2025-06-13T17:00:55.136680+0800 ERROR finish command N138 G0 F3600 X251.108 Y240.925*70
2025-06-13T17:00:55.146293+0800 ERROR readline ok

2025-06-13T17:00:55.150367+0800 ERROR SENT: N139 G1 F2400 X206.443 Y196.26 E123.74905*59
2025-06-13T17:00:55.150879+0800 ERROR write command N139 G1 F2400 X206.443 Y196.26 E123.74905*59
2025-06-13T17:00:55.151897+0800 ERROR second command N139 G1 F2400 X206.443 Y196.26 E123.74905*59
2025-06-13T17:00:55.152923+0800 ERROR finish command N139 G1 F2400 X206.443 Y196.26 E123.74905*59
2025-06-13T17:00:55.155951+0800 ERROR readline echo: cold extrusion prevented

2025-06-13T17:00:55.414644+0800 ERROR empty readline 0
2025-06-13T17:00:55.646697+0800 ERROR readline X:251.1080 Y:240.9250 Z:0.2000 E:123.7490 Count X:87888 Y:84324 Z:400 STA: 5251839

2025-06-13T17:00:55.649223+0800 ERROR readline 

2025-06-13T17:00:55.909679+0800 ERROR empty readline 0
2025-06-13T17:00:56.173547+0800 ERROR empty readline 1
2025-06-13T17:00:56.174548+0800 INFO M105

2025-06-13T17:00:56.426492+0800 ERROR empty readline 2
2025-06-13T17:00:56.586512+0800 ERROR readline ok

2025-06-13T17:00:56.596125+0800 ERROR SENT: M105

2025-06-13T17:00:56.596637+0800 ERROR write command M105

2025-06-13T17:00:56.597652+0800 ERROR second command M105

2025-06-13T17:00:56.599163+0800 ERROR finish command M105

2025-06-13T17:00:56.600181+0800 ERROR readline ok

2025-06-13T17:00:56.604699+0800 ERROR readline  T:58.1731 /10 B:50.9250 /10 @:0 B@:0 VER: 1.3.2

2025-06-13T17:00:56.611760+0800 ERROR SENT: N140 G0 F3600 X205.594 Y196.26*123
2025-06-13T17:00:56.612761+0800 ERROR write command N140 G0 F3600 X205.594 Y196.26*123
2025-06-13T17:00:56.612761+0800 ERROR second command N140 G0 F3600 X205.594 Y196.26*123
2025-06-13T17:00:56.614273+0800 ERROR finish command N140 G0 F3600 X205.594 Y196.26*123
2025-06-13T17:00:56.616800+0800 ERROR readline ok

2025-06-13T17:00:56.627390+0800 ERROR SENT: N141 G1 F2400 X251.108 Y241.774 E127.12087*2
2025-06-13T17:00:56.628391+0800 ERROR write command N141 G1 F2400 X251.108 Y241.774 E127.12087*2
2025-06-13T17:00:56.629390+0800 ERROR second command N141 G1 F2400 X251.108 Y241.774 E127.12087*2
2025-06-13T17:00:56.629904+0800 ERROR finish command N141 G1 F2400 X251.108 Y241.774 E127.12087*2
2025-06-13T17:00:56.635452+0800 ERROR readline echo: cold extrusion prevented

2025-06-13T17:00:56.647066+0800 ERROR readline X:205.5940 Y:196.2600 Z:0.2000 E:127.1209 Count X:71958 Y:68691 Z:400 STA: 5251839

2025-06-13T17:00:56.648066+0800 ERROR readline 

2025-06-13T17:00:56.907088+0800 ERROR empty readline 0
2025-06-13T17:00:57.160169+0800 ERROR empty readline 1
2025-06-13T17:00:57.425141+0800 ERROR empty readline 2
2025-06-13T17:00:57.648235+0800 ERROR readline X:205.5940 Y:196.2600 Z:0.2000 E:127.1209 Count X:71958 Y:68691 Z:400 STA: 5251839

2025-06-13T17:00:57.649745+0800 ERROR readline 

2025-06-13T17:00:57.911987+0800 ERROR empty readline 0
2025-06-13T17:00:58.075484+0800 ERROR readline ok

2025-06-13T17:00:58.084596+0800 ERROR SENT: N142 G0 F3600 X251.108 Y242.622*65
2025-06-13T17:00:58.085428+0800 ERROR write command N142 G0 F3600 X251.108 Y242.622*65
2025-06-13T17:00:58.085954+0800 ERROR second command N142 G0 F3600 X251.108 Y242.622*65
2025-06-13T17:00:58.086983+0800 ERROR finish command N142 G0 F3600 X251.108 Y242.622*65
2025-06-13T17:00:58.095019+0800 ERROR readline ok

2025-06-13T17:00:58.100106+0800 ERROR SENT: N143 G1 F2400 X204.746 Y196.26 E130.55552*61
2025-06-13T17:00:58.100106+0800 ERROR write command N143 G1 F2400 X204.746 Y196.26 E130.55552*61
2025-06-13T17:00:58.101556+0800 ERROR second command N143 G1 F2400 X204.746 Y196.26 E130.55552*61
2025-06-13T17:00:58.104597+0800 ERROR readline echo: cold extrusion prevented

2025-06-13T17:00:58.106050+0800 ERROR finish command N143 G1 F2400 X204.746 Y196.26 E130.55552*61
2025-06-13T17:00:58.365008+0800 ERROR empty readline 0
2025-06-13T17:00:58.627265+0800 ERROR empty readline 1
2025-06-13T17:00:58.647476+0800 ERROR readline X:251.1080 Y:242.6220 Z:0.2000 E:130.5555 Count X:87888 Y:84918 Z:400 STA: 5251839

2025-06-13T17:00:58.650669+0800 ERROR readline 

2025-06-13T17:00:58.907113+0800 ERROR empty readline 0
2025-06-13T17:00:59.172927+0800 ERROR empty readline 1
2025-06-13T17:00:59.436586+0800 ERROR empty readline 2
2025-06-13T17:00:59.594905+0800 ERROR readline ok

2025-06-13T17:00:59.606968+0800 ERROR SENT: N144 G0 F3600 X203.897 Y196.26*119
2025-06-13T17:00:59.607971+0800 ERROR write command N144 G0 F3600 X203.897 Y196.26*119
2025-06-13T17:00:59.607971+0800 ERROR second command N144 G0 F3600 X203.897 Y196.26*119
2025-06-13T17:00:59.607971+0800 ERROR finish command N144 G0 F3600 X203.897 Y196.26*119
2025-06-13T17:00:59.615009+0800 ERROR readline ok

2025-06-13T17:00:59.623045+0800 ERROR SENT: N145 G1 F2400 X251.108 Y243.471 E134.05306*12
2025-06-13T17:00:59.623045+0800 ERROR write command N145 G1 F2400 X251.108 Y243.471 E134.05306*12
2025-06-13T17:00:59.624551+0800 ERROR second command N145 G1 F2400 X251.108 Y243.471 E134.05306*12
2025-06-13T17:00:59.624551+0800 ERROR finish command N145 G1 F2400 X251.108 Y243.471 E134.05306*12
2025-06-13T17:00:59.629587+0800 ERROR readline echo: cold extrusion prevented

2025-06-13T17:00:59.645675+0800 ERROR readline X:203.8970 Y:196.2600 Z:0.2000 E:134.0531 Count X:71364 Y:68691 Z:400 STA: 5251839

2025-06-13T17:00:59.647182+0800 ERROR readline 

2025-06-13T17:00:59.904738+0800 ERROR empty readline 0
2025-06-13T17:01:00.170331+0800 ERROR empty readline 1
2025-06-13T17:01:00.436007+0800 ERROR empty readline 2
2025-06-13T17:01:00.646006+0800 ERROR readline X:203.8970 Y:196.2600 Z:0.2000 E:134.0531 Count X:71364 Y:68691 Z:400 STA: 5251839

2025-06-13T17:01:00.647019+0800 ERROR readline 

2025-06-13T17:01:00.904355+0800 ERROR empty readline 0
2025-06-13T17:01:01.145218+0800 ERROR readline ok

2025-06-13T17:01:01.152822+0800 ERROR SENT: N146 G0 F3600 X251.108 Y244.32*116
2025-06-13T17:01:01.153781+0800 ERROR write command N146 G0 F3600 X251.108 Y244.32*116
2025-06-13T17:01:01.154296+0800 ERROR second command N146 G0 F3600 X251.108 Y244.32*116
2025-06-13T17:01:01.154296+0800 ERROR finish command N146 G0 F3600 X251.108 Y244.32*116
2025-06-13T17:01:01.165754+0800 ERROR readline ok

2025-06-13T17:01:01.168284+0800 ERROR SENT: N147 G1 F2400 X203.049 Y196.26 E137.61346*53
2025-06-13T17:01:01.169279+0800 ERROR write command N147 G1 F2400 X203.049 Y196.26 E137.61346*53
2025-06-13T17:01:01.169790+0800 ERROR second command N147 G1 F2400 X203.049 Y196.26 E137.61346*53
2025-06-13T17:01:01.170818+0800 ERROR finish command N147 G1 F2400 X203.049 Y196.26 E137.61346*53
2025-06-13T17:01:01.174356+0800 ERROR readline echo: cold extrusion prevented

2025-06-13T17:01:01.435445+0800 ERROR empty readline 0
2025-06-13T17:01:01.645302+0800 ERROR readline X:251.1080 Y:244.3200 Z:0.2000 E:137.6135 Count X:87888 Y:85512 Z:400 STA: 5251839

2025-06-13T17:01:01.646324+0800 ERROR readline 

2025-06-13T17:01:01.901390+0800 ERROR empty readline 0
2025-06-13T17:01:02.165218+0800 ERROR empty readline 1
2025-06-13T17:01:02.430717+0800 ERROR empty readline 2
2025-06-13T17:01:02.646067+0800 ERROR readline X:251.1080 Y:244.3200 Z:0.2000 E:137.6135 Count X:87888 Y:85512 Z:400 STA: 5251839

2025-06-13T17:01:02.647085+0800 ERROR readline 

2025-06-13T17:01:02.726205+0800 ERROR readline ok

2025-06-13T17:01:02.727784+0800 ERROR SENT: N148 G0 F3600 X202.2 Y196.26*126
2025-06-13T17:01:02.729301+0800 ERROR write command N148 G0 F3600 X202.2 Y196.26*126
2025-06-13T17:01:02.729301+0800 ERROR second command N148 G0 F3600 X202.2 Y196.26*126
2025-06-13T17:01:02.730319+0800 ERROR finish command N148 G0 F3600 X202.2 Y196.26*126
2025-06-13T17:01:02.745691+0800 ERROR readline ok

2025-06-13T17:01:02.759344+0800 ERROR SENT: N149 G1 F2400 X251.108 Y245.168 E141.23672*11
2025-06-13T17:01:02.760366+0800 ERROR write command N149 G1 F2400 X251.108 Y245.168 E141.23672*11
2025-06-13T17:01:02.761369+0800 ERROR second command N149 G1 F2400 X251.108 Y245.168 E141.23672*11
2025-06-13T17:01:02.762387+0800 ERROR finish command N149 G1 F2400 X251.108 Y245.168 E141.23672*11
2025-06-13T17:01:02.767455+0800 ERROR readline echo: cold extrusion prevented

2025-06-13T17:01:03.025447+0800 ERROR empty readline 0
2025-06-13T17:01:03.288554+0800 ERROR empty readline 1
2025-06-13T17:01:03.541703+0800 ERROR empty readline 2
2025-06-13T17:01:03.646367+0800 ERROR readline X:202.2000 Y:196.2600 Z:0.2000 E:141.2367 Count X:70770 Y:68691 Z:400 STA: 5251839

2025-06-13T17:01:03.647390+0800 ERROR readline 

2025-06-13T17:01:03.917011+0800 ERROR empty readline 0
2025-06-13T17:01:04.180002+0800 ERROR empty readline 1
2025-06-13T17:01:04.336222+0800 ERROR readline ok

2025-06-13T17:01:04.351361+0800 ERROR SENT: N150 G0 F3600 X251.108 Y246.017*70
2025-06-13T17:01:04.351361+0800 ERROR write command N150 G0 F3600 X251.108 Y246.017*70
2025-06-13T17:01:04.353218+0800 ERROR second command N150 G0 F3600 X251.108 Y246.017*70
2025-06-13T17:01:04.354234+0800 ERROR finish command N150 G0 F3600 X251.108 Y246.017*70
2025-06-13T17:01:04.356250+0800 ERROR readline ok

2025-06-13T17:01:04.367274+0800 ERROR SENT: N151 G1 F2400 X201.351 Y196.26 E144.92287*62
2025-06-13T17:01:04.368312+0800 ERROR write command N151 G1 F2400 X201.351 Y196.26 E144.92287*62
2025-06-13T17:01:04.368312+0800 ERROR second command N151 G1 F2400 X201.351 Y196.26 E144.92287*62
2025-06-13T17:01:04.369837+0800 ERROR finish command N151 G1 F2400 X201.351 Y196.26 E144.92287*62
2025-06-13T17:01:04.372862+0800 ERROR readline echo: cold extrusion prevented

2025-06-13T17:01:04.631318+0800 ERROR empty readline 0
2025-06-13T17:01:04.646949+0800 ERROR readline X:251.1080 Y:246.0170 Z:0.2000 E:144.9229 Count X:87888 Y:86106 Z:400 STA: 5251839

2025-06-13T17:01:04.647961+0800 ERROR readline 

2025-06-13T17:01:04.912797+0800 ERROR empty readline 0
2025-06-13T17:01:05.176039+0800 ERROR empty readline 1
2025-06-13T17:01:05.442064+0800 ERROR empty readline 2
2025-06-13T17:01:05.551824+0800 INFO M105

2025-06-13T17:01:05.650267+0800 ERROR readline X:251.1080 Y:246.0170 Z:0.2000 E:144.9229 Count X:87888 Y:86106 Z:400 STA: 5251839

2025-06-13T17:01:05.651266+0800 ERROR readline 

2025-06-13T17:01:05.909892+0800 ERROR empty readline 0
2025-06-13T17:01:05.976410+0800 ERROR readline ok

2025-06-13T17:01:05.986470+0800 ERROR SENT: M105

2025-06-13T17:01:05.986978+0800 ERROR write command M105

2025-06-13T17:01:05.987987+0800 ERROR second command M105

2025-06-13T17:01:05.987987+0800 ERROR finish command M105

2025-06-13T17:01:05.989496+0800 ERROR readline ok

2025-06-13T17:01:05.993519+0800 ERROR readline  T:57.3317 /10 B:50.8875 /10 @:0 B@:0 VER: 1.3.2

2025-06-13T17:01:06.001578+0800 ERROR SENT: N152 G0 F3600 X200.503 Y196.26*115
2025-06-13T17:01:06.002591+0800 ERROR write command N152 G0 F3600 X200.503 Y196.26*115
2025-06-13T17:01:06.002591+0800 ERROR second command N152 G0 F3600 X200.503 Y196.26*115
2025-06-13T17:01:06.004589+0800 ERROR finish command N152 G0 F3600 X200.503 Y196.26*115
2025-06-13T17:01:06.006105+0800 ERROR readline ok

2025-06-13T17:01:06.016680+0800 ERROR SENT: N153 G1 F2400 X251.108 Y246.865 E148.67185*1
2025-06-13T17:01:06.016680+0800 ERROR write command N153 G1 F2400 X251.108 Y246.865 E148.67185*1
2025-06-13T17:01:06.017690+0800 ERROR second command N153 G1 F2400 X251.108 Y246.865 E148.67185*1
2025-06-13T17:01:06.019196+0800 ERROR finish command N153 G1 F2400 X251.108 Y246.865 E148.67185*1
2025-06-13T17:01:06.022214+0800 ERROR readline echo: cold extrusion prevented

2025-06-13T17:01:06.282086+0800 ERROR empty readline 0
2025-06-13T17:01:06.547264+0800 ERROR empty readline 1
2025-06-13T17:01:06.659241+0800 ERROR readline X:200.5030 Y:196.2600 Z:0.2000 E:148.6718 Count X:70176 Y:68691 Z:400 STA: 5251839

2025-06-13T17:01:06.660804+0800 ERROR readline 

2025-06-13T17:01:06.920250+0800 ERROR empty readline 0
2025-06-13T17:01:07.183613+0800 ERROR empty readline 1
2025-06-13T17:01:07.447898+0800 ERROR empty readline 2
2025-06-13T17:01:07.648132+0800 ERROR readline ok

2025-06-13T17:01:07.649638+0800 ERROR readline echo:broken has bigen

2025-06-13T17:01:07.651662+0800 ERROR SENT: N154 G0 F3600 X251.108 Y247.714*71
2025-06-13T17:01:07.651662+0800 ERROR write command N154 G0 F3600 X251.108 Y247.714*71
2025-06-13T17:01:07.653605+0800 ERROR second command N154 G0 F3600 X251.108 Y247.714*71
2025-06-13T17:01:07.653605+0800 ERROR finish command N154 G0 F3600 X251.108 Y247.714*71
2025-06-13T17:01:07.659682+0800 ERROR readline X:251.1080 Y:246.8650 Z:0.2000 E:148.6718 Count X:87888 Y:86403 Z:400 STA: 5252863

2025-06-13T17:01:07.659682+0800 ERROR readline 

2025-06-13T17:01:07.667786+0800 ERROR readline ok

2025-06-13T17:01:07.683092+0800 ERROR SENT: N155 G1 F2400 X199.654 Y196.26 E152.48373*50
2025-06-13T17:01:07.683092+0800 ERROR write command N155 G1 F2400 X199.654 Y196.26 E152.48373*50
2025-06-13T17:01:07.684606+0800 ERROR second command N155 G1 F2400 X199.654 Y196.26 E152.48373*50
2025-06-13T17:01:07.685120+0800 ERROR finish command N155 G1 F2400 X199.654 Y196.26 E152.48373*50
2025-06-13T17:01:07.690562+0800 ERROR readline echo: cold extrusion prevented

2025-06-13T17:01:07.947710+0800 ERROR empty readline 0
2025-06-13T17:01:08.210186+0800 ERROR empty readline 1
2025-06-13T17:01:08.462456+0800 ERROR empty readline 2
2025-06-13T17:01:08.654451+0800 ERROR readline X:251.1080 Y:247.7140 Z:0.2000 E:152.4837 Count X:87888 Y:86700 Z:400 STA: 5252863

2025-06-13T17:01:08.656468+0800 ERROR readline 

2025-06-13T17:01:08.916072+0800 ERROR empty readline 0
2025-06-13T17:01:09.169096+0800 ERROR empty readline 1
2025-06-13T17:01:09.348378+0800 ERROR readline ok

2025-06-13T17:01:09.355463+0800 ERROR SENT: N156 G0 F3600 X198.806 Y196.26*125
2025-06-13T17:01:09.356461+0800 ERROR write command N156 G0 F3600 X198.806 Y196.26*125
2025-06-13T17:01:09.356978+0800 ERROR second command N156 G0 F3600 X198.806 Y196.26*125
2025-06-13T17:01:09.356978+0800 ERROR finish command N156 G0 F3600 X198.806 Y196.26*125
2025-06-13T17:01:09.368109+0800 ERROR readline ok

2025-06-13T17:01:09.370629+0800 ERROR SENT: N157 G1 F2400 X251.108 Y248.562 E156.35843*10
2025-06-13T17:01:09.371641+0800 ERROR write command N157 G1 F2400 X251.108 Y248.562 E156.35843*10
2025-06-13T17:01:09.371641+0800 ERROR second command N157 G1 F2400 X251.108 Y248.562 E156.35843*10
2025-06-13T17:01:09.373211+0800 ERROR finish command N157 G1 F2400 X251.108 Y248.562 E156.35843*10
2025-06-13T17:01:09.377808+0800 ERROR readline echo: cold extrusion prevented

2025-06-13T17:01:09.636198+0800 ERROR empty readline 0
2025-06-13T17:01:09.654169+0800 ERROR readline X:198.8060 Y:196.2600 Z:0.2000 E:156.3584 Count X:69582 Y:68691 Z:400 STA: 5252863

2025-06-13T17:01:09.654169+0800 ERROR readline 

2025-06-13T17:01:09.916648+0800 ERROR empty readline 0
2025-06-13T17:01:10.181434+0800 ERROR empty readline 1
2025-06-13T17:01:10.444274+0800 ERROR empty readline 2
2025-06-13T17:01:10.654883+0800 ERROR readline X:198.8060 Y:196.2600 Z:0.2000 E:156.3584 Count X:69582 Y:68691 Z:400 STA: 5252863

2025-06-13T17:01:10.656392+0800 ERROR readline 

2025-06-13T17:01:10.909231+0800 ERROR empty readline 0
2025-06-13T17:01:11.077768+0800 ERROR readline ok

2025-06-13T17:01:11.083283+0800 ERROR SENT: N158 G0 F3600 X251.108 Y249.411*67
2025-06-13T17:01:11.084285+0800 ERROR write command N158 G0 F3600 X251.108 Y249.411*67
2025-06-13T17:01:11.084285+0800 ERROR second command N158 G0 F3600 X251.108 Y249.411*67
2025-06-13T17:01:11.084285+0800 ERROR finish command N158 G0 F3600 X251.108 Y249.411*67
2025-06-13T17:01:11.099002+0800 ERROR readline ok

2025-06-13T17:01:11.115114+0800 ERROR SENT: N159 G1 F2400 X197.957 Y196.26 E160.29602*57
2025-06-13T17:01:11.115114+0800 ERROR write command N159 G1 F2400 X197.957 Y196.26 E160.29602*57
2025-06-13T17:01:11.116777+0800 ERROR second command N159 G1 F2400 X197.957 Y196.26 E160.29602*57
2025-06-13T17:01:11.117784+0800 ERROR finish command N159 G1 F2400 X197.957 Y196.26 E160.29602*57
2025-06-13T17:01:11.122704+0800 ERROR readline echo: cold extrusion prevented

2025-06-13T17:01:11.380381+0800 ERROR empty readline 0
2025-06-13T17:01:11.642381+0800 ERROR empty readline 1
2025-06-13T17:01:11.654571+0800 ERROR readline X:251.1080 Y:249.4110 Z:0.2000 E:160.2960 Count X:87888 Y:87294 Z:400 STA: 5252863

2025-06-13T17:01:11.656097+0800 ERROR readline 

2025-06-13T17:01:11.921587+0800 ERROR empty readline 0
2025-06-13T17:01:12.187527+0800 ERROR empty readline 1
2025-06-13T17:01:12.453172+0800 ERROR empty readline 2
2025-06-13T17:01:12.656502+0800 ERROR readline X:251.1080 Y:249.4110 Z:0.2000 E:160.2960 Count X:87888 Y:87294 Z:400 STA: 5252863

2025-06-13T17:01:12.657792+0800 ERROR readline 

2025-06-13T17:01:12.839538+0800 ERROR readline ok

2025-06-13T17:01:12.844103+0800 ERROR SENT: N160 G0 F3600 X197.109 Y196.26*113
2025-06-13T17:01:12.844616+0800 ERROR write command N160 G0 F3600 X197.109 Y196.26*113
2025-06-13T17:01:12.845640+0800 ERROR second command N160 G0 F3600 X197.109 Y196.26*113
2025-06-13T17:01:12.846634+0800 ERROR finish command N160 G0 F3600 X197.109 Y196.26*113
2025-06-13T17:01:12.859260+0800 ERROR readline ok

2025-06-13T17:01:12.874744+0800 ERROR SENT: N161 G1 F2400 X251.108 Y250.259 E164.29644*12
2025-06-13T17:01:12.875422+0800 ERROR write command N161 G1 F2400 X251.108 Y250.259 E164.29644*12
2025-06-13T17:01:12.876931+0800 ERROR second command N161 G1 F2400 X251.108 Y250.259 E164.29644*12
2025-06-13T17:01:12.876931+0800 ERROR finish command N161 G1 F2400 X251.108 Y250.259 E164.29644*12
2025-06-13T17:01:12.882487+0800 ERROR readline echo: cold extrusion prevented

2025-06-13T17:01:13.140058+0800 ERROR empty readline 0
2025-06-13T17:01:13.406307+0800 ERROR empty readline 1
2025-06-13T17:01:13.656018+0800 ERROR readline X:197.1090 Y:196.2600 Z:0.2000 E:164.2964 Count X:68988 Y:68691 Z:400 STA: 5252863

2025-06-13T17:01:13.657036+0800 ERROR readline 

2025-06-13T17:01:13.910076+0800 ERROR empty readline 0
2025-06-13T17:01:14.172552+0800 ERROR empty readline 1
2025-06-13T17:01:14.437304+0800 ERROR empty readline 2
2025-06-13T17:01:14.630840+0800 ERROR readline ok

2025-06-13T17:01:14.639403+0800 ERROR SENT: N162 G0 F3600 X251.108 Y251.108*78
2025-06-13T17:01:14.639403+0800 ERROR write command N162 G0 F3600 X251.108 Y251.108*78
2025-06-13T17:01:14.641097+0800 ERROR second command N162 G0 F3600 X251.108 Y251.108*78
2025-06-13T17:01:14.641097+0800 ERROR finish command N162 G0 F3600 X251.108 Y251.108*78
2025-06-13T17:01:14.651168+0800 ERROR readline ok

2025-06-13T17:01:14.654702+0800 ERROR SENT: N163 G1 F2400 X196.26 Y196.26 E168.35975*4
2025-06-13T17:01:14.654702+0800 ERROR write command N163 G1 F2400 X196.26 Y196.26 E168.35975*4
2025-06-13T17:01:14.656215+0800 ERROR second command N163 G1 F2400 X196.26 Y196.26 E168.35975*4
2025-06-13T17:01:14.657433+0800 ERROR finish command N163 G1 F2400 X196.26 Y196.26 E168.35975*4
2025-06-13T17:01:14.661709+0800 ERROR readline X:251.1080 Y:251.1080 Z:0.2000 E:164.2964 Count X:87888 Y:87888 Z:400 STA: 5252863

2025-06-13T17:01:14.665254+0800 ERROR readline 

2025-06-13T17:01:14.666786+0800 ERROR readline echo: cold extrusion prevented

2025-06-13T17:01:14.918044+0800 ERROR empty readline 0
2025-06-13T17:01:14.934287+0800 INFO M105

2025-06-13T17:01:15.183439+0800 ERROR empty readline 1
2025-06-13T17:01:15.446844+0800 ERROR empty readline 2
2025-06-13T17:01:15.656304+0800 ERROR readline X:251.1080 Y:251.1080 Z:0.2000 E:168.3598 Count X:87888 Y:87888 Z:400 STA: 5252863

2025-06-13T17:01:15.659345+0800 ERROR readline 

2025-06-13T17:01:15.913227+0800 ERROR empty readline 0
2025-06-13T17:01:16.177385+0800 ERROR empty readline 1
2025-06-13T17:01:16.440468+0800 ERROR empty readline 2
2025-06-13T17:01:16.452203+0800 ERROR readline ok

2025-06-13T17:01:16.456217+0800 ERROR SENT: M105

2025-06-13T17:01:16.456734+0800 ERROR write command M105

2025-06-13T17:01:16.457763+0800 ERROR second command M105

2025-06-13T17:01:16.457763+0800 ERROR finish command M105

2025-06-13T17:01:16.459273+0800 ERROR readline ok

2025-06-13T17:01:16.462286+0800 ERROR readline  T:57.2115 /10 B:50.7562 /10 @:0 B@:0 VER: 1.3.2

2025-06-13T17:01:16.471884+0800 ERROR SENT: N164 G0 F3600 X195.412 Y196.26*120
2025-06-13T17:01:16.471884+0800 ERROR write command N164 G0 F3600 X195.412 Y196.26*120
2025-06-13T17:01:16.473390+0800 ERROR second command N164 G0 F3600 X195.412 Y196.26*120
2025-06-13T17:01:16.473390+0800 ERROR finish command N164 G0 F3600 X195.412 Y196.26*120
2025-06-13T17:01:16.474409+0800 ERROR readline ok

2025-06-13T17:01:16.475425+0800 ERROR SENT: N165 G1 F2400 X251.108 Y251.956 E172.48589*15
2025-06-13T17:01:16.476425+0800 ERROR write command N165 G1 F2400 X251.108 Y251.956 E172.48589*15
2025-06-13T17:01:16.476425+0800 ERROR second command N165 G1 F2400 X251.108 Y251.956 E172.48589*15
2025-06-13T17:01:16.478200+0800 ERROR finish command N165 G1 F2400 X251.108 Y251.956 E172.48589*15
2025-06-13T17:01:16.482759+0800 ERROR readline echo: cold extrusion prevented

2025-06-13T17:01:16.654562+0800 ERROR readline X:195.4120 Y:196.2600 Z:0.2000 E:172.4859 Count X:68394 Y:68691 Z:400 STA: 5252863

2025-06-13T17:01:16.657609+0800 ERROR readline 

2025-06-13T17:01:16.909427+0800 ERROR empty readline 0
2025-06-13T17:01:17.173120+0800 ERROR empty readline 1
2025-06-13T17:01:17.424752+0800 ERROR empty readline 2
2025-06-13T17:01:17.655173+0800 ERROR readline X:195.4120 Y:196.2600 Z:0.2000 E:172.4859 Count X:68394 Y:68691 Z:400 STA: 5252863

2025-06-13T17:01:17.656692+0800 ERROR readline 

2025-06-13T17:01:17.920513+0800 ERROR empty readline 0
2025-06-13T17:01:18.182863+0800 ERROR empty readline 1
2025-06-13T17:01:18.306668+0800 ERROR readline ok

2025-06-13T17:01:18.309266+0800 ERROR SENT: N166 G0 F3600 X251.023 Y252.72*125
2025-06-13T17:01:18.310474+0800 ERROR write command N166 G0 F3600 X251.023 Y252.72*125
2025-06-13T17:01:18.311785+0800 ERROR second command N166 G0 F3600 X251.023 Y252.72*125
2025-06-13T17:01:18.313014+0800 ERROR finish command N166 G0 F3600 X251.023 Y252.72*125
2025-06-13T17:01:18.323162+0800 ERROR readline ok

2025-06-13T17:01:18.339365+0800 ERROR SENT: N167 G1 F2400 X194.648 Y196.345 E176.66233*10
2025-06-13T17:01:18.340396+0800 ERROR write command N167 G1 F2400 X194.648 Y196.345 E176.66233*10
2025-06-13T17:01:18.341418+0800 ERROR second command N167 G1 F2400 X194.648 Y196.345 E176.66233*10
2025-06-13T17:01:18.342426+0800 ERROR finish command N167 G1 F2400 X194.648 Y196.345 E176.66233*10
2025-06-13T17:01:18.347471+0800 ERROR readline echo: cold extrusion prevented

2025-06-13T17:01:18.605106+0800 ERROR empty readline 0
2025-06-13T17:01:18.654385+0800 ERROR readline X:251.0230 Y:252.7200 Z:0.2000 E:176.6623 Count X:87858 Y:88452 Z:400 STA: 5252863

2025-06-13T17:01:18.655396+0800 ERROR readline 

2025-06-13T17:01:18.914426+0800 ERROR empty readline 0
2025-06-13T17:01:19.180723+0800 ERROR empty readline 1
2025-06-13T17:01:19.446939+0800 ERROR empty readline 2
2025-06-13T17:01:19.652736+0800 ERROR readline X:251.0230 Y:252.7200 Z:0.2000 E:176.6623 Count X:87858 Y:88452 Z:400 STA: 5252863

2025-06-13T17:01:19.654258+0800 ERROR readline 

2025-06-13T17:01:19.911478+0800 ERROR empty readline 0
2025-06-13T17:01:20.173418+0800 ERROR empty readline 1
2025-06-13T17:01:20.185489+0800 ERROR readline ok

2025-06-13T17:01:20.189224+0800 ERROR SENT: N168 G0 F3600 X194.648 Y197.194*65
2025-06-13T17:01:20.190243+0800 ERROR write command N168 G0 F3600 X194.648 Y197.194*65
2025-06-13T17:01:20.191500+0800 ERROR second command N168 G0 F3600 X194.648 Y197.194*65
2025-06-13T17:01:20.191500+0800 ERROR finish command N168 G0 F3600 X194.648 Y197.194*65
2025-06-13T17:01:20.205506+0800 ERROR readline ok

2025-06-13T17:01:20.220598+0800 ERROR SENT: N169 G1 F2400 X250.174 Y252.72 E180.77587*58
2025-06-13T17:01:20.221612+0800 ERROR write command N169 G1 F2400 X250.174 Y252.72 E180.77587*58
2025-06-13T17:01:20.221612+0800 ERROR second command N169 G1 F2400 X250.174 Y252.72 E180.77587*58
2025-06-13T17:01:20.222764+0800 ERROR finish command N169 G1 F2400 X250.174 Y252.72 E180.77587*58
2025-06-13T17:01:20.227349+0800 ERROR readline echo: cold extrusion prevented

2025-06-13T17:01:20.487771+0800 ERROR empty readline 0
2025-06-13T17:01:20.653556+0800 ERROR readline X:194.6480 Y:197.1940 Z:0.2000 E:180.7759 Count X:68127 Y:69018 Z:400 STA: 5252863

2025-06-13T17:01:20.655071+0800 ERROR readline 

2025-06-13T17:01:20.906306+0800 ERROR empty readline 0
2025-06-13T17:01:21.157307+0800 ERROR empty readline 1
2025-06-13T17:01:21.420290+0800 ERROR empty readline 2
2025-06-13T17:01:21.652073+0800 ERROR readline X:194.6480 Y:197.1940 Z:0.2000 E:180.7759 Count X:68127 Y:69018 Z:400 STA: 5252863

2025-06-13T17:01:21.653061+0800 ERROR readline 

2025-06-13T17:01:21.919464+0800 ERROR empty readline 0
2025-06-13T17:01:22.096691+0800 ERROR readline ok

2025-06-13T17:01:22.106246+0800 ERROR SENT: N170 G0 F3600 X249.326 Y252.72*117
2025-06-13T17:01:22.107259+0800 ERROR write command N170 G0 F3600 X249.326 Y252.72*117
2025-06-13T17:01:22.108258+0800 ERROR second command N170 G0 F3600 X249.326 Y252.72*117
2025-06-13T17:01:22.108258+0800 ERROR finish command N170 G0 F3600 X249.326 Y252.72*117
2025-06-13T17:01:22.116847+0800 ERROR readline ok

2025-06-13T17:01:22.121374+0800 ERROR SENT: N171 G1 F2400 X194.648 Y198.042 E184.82659*8
2025-06-13T17:01:22.122382+0800 ERROR write command N171 G1 F2400 X194.648 Y198.042 E184.82659*8
2025-06-13T17:01:22.122382+0800 ERROR second command N171 G1 F2400 X194.648 Y198.042 E184.82659*8
2025-06-13T17:01:22.124383+0800 ERROR finish command N171 G1 F2400 X194.648 Y198.042 E184.82659*8
2025-06-13T17:01:22.126399+0800 ERROR readline echo: cold extrusion prevented

2025-06-13T17:01:22.387262+0800 ERROR empty readline 0
2025-06-13T17:01:22.652717+0800 ERROR readline X:249.3260 Y:252.7200 Z:0.2000 E:184.8266 Count X:87264 Y:88452 Z:400 STA: 5252863

2025-06-13T17:01:22.656770+0800 ERROR readline 

2025-06-13T17:01:22.916276+0800 ERROR empty readline 0
2025-06-13T17:01:23.181596+0800 ERROR empty readline 1
2025-06-13T17:01:23.447095+0800 ERROR empty readline 2
2025-06-13T17:01:23.653058+0800 ERROR readline X:249.3260 Y:252.7200 Z:0.2000 E:184.8266 Count X:87264 Y:88452 Z:400 STA: 5252863

2025-06-13T17:01:23.657100+0800 ERROR readline 

2025-06-13T17:01:23.914412+0800 ERROR empty readline 0
2025-06-13T17:01:24.039718+0800 ERROR readline ok

2025-06-13T17:01:24.054558+0800 ERROR SENT: N172 G0 F3600 X194.648 Y198.891*73
2025-06-13T17:01:24.054558+0800 ERROR write command N172 G0 F3600 X194.648 Y198.891*73
2025-06-13T17:01:24.056071+0800 ERROR second command N172 G0 F3600 X194.648 Y198.891*73
2025-06-13T17:01:24.056071+0800 ERROR finish command N172 G0 F3600 X194.648 Y198.891*73
2025-06-13T17:01:24.059036+0800 ERROR readline ok

2025-06-13T17:01:24.069311+0800 ERROR SENT: N173 G1 F2400 X248.477 Y252.72 E188.81441*52
2025-06-13T17:01:24.069311+0800 ERROR write command N173 G1 F2400 X248.477 Y252.72 E188.81441*52
2025-06-13T17:01:24.069311+0800 ERROR second command N173 G1 F2400 X248.477 Y252.72 E188.81441*52
2025-06-13T17:01:24.071906+0800 ERROR finish command N173 G1 F2400 X248.477 Y252.72 E188.81441*52
2025-06-13T17:01:24.074434+0800 ERROR readline echo: cold extrusion prevented

2025-06-13T17:01:24.333436+0800 ERROR empty readline 0
2025-06-13T17:01:24.364791+0800 INFO M105

2025-06-13T17:01:24.596453+0800 ERROR empty readline 1
2025-06-13T17:01:24.653141+0800 ERROR readline X:194.6480 Y:198.8910 Z:0.2000 E:188.8144 Count X:68127 Y:69612 Z:400 STA: 5252863

2025-06-13T17:01:24.653141+0800 ERROR readline 

2025-06-13T17:01:24.909069+0800 ERROR empty readline 0
2025-06-13T17:01:25.171067+0800 ERROR empty readline 1
2025-06-13T17:01:25.437805+0800 ERROR empty readline 2
2025-06-13T17:01:25.653422+0800 ERROR readline X:194.6480 Y:198.8910 Z:0.2000 E:188.8144 Count X:68127 Y:69612 Z:400 STA: 5252863

2025-06-13T17:01:25.654431+0800 ERROR readline 

2025-06-13T17:01:25.906408+0800 ERROR empty readline 0
2025-06-13T17:01:26.012335+0800 ERROR readline ok

2025-06-13T17:01:26.016872+0800 ERROR SENT: M105

2025-06-13T17:01:26.018420+0800 ERROR write command M105

2025-06-13T17:01:26.019942+0800 ERROR second command M105

2025-06-13T17:01:26.020966+0800 ERROR finish command M105

2025-06-13T17:01:26.032117+0800 ERROR readline ok

2025-06-13T17:01:26.035657+0800 ERROR readline  T:56.9712 /10 B:50.6063 /10 @:0 B@:0 VER: 1.3.2

2025-06-13T17:01:26.047728+0800 ERROR SENT: N174 G0 F3600 X247.629 Y252.72*117
2025-06-13T17:01:26.047728+0800 ERROR write command N174 G0 F3600 X247.629 Y252.72*117
2025-06-13T17:01:26.047728+0800 ERROR second command N174 G0 F3600 X247.629 Y252.72*117
2025-06-13T17:01:26.049250+0800 ERROR finish command N174 G0 F3600 X247.629 Y252.72*117
2025-06-13T17:01:26.050282+0800 ERROR readline ok

2025-06-13T17:01:26.063327+0800 ERROR SENT: N175 G1 F2400 X194.648 Y199.739 E192.73941*9
2025-06-13T17:01:26.063327+0800 ERROR write command N175 G1 F2400 X194.648 Y199.739 E192.73941*9
2025-06-13T17:01:26.064334+0800 ERROR second command N175 G1 F2400 X194.648 Y199.739 E192.73941*9
2025-06-13T17:01:26.066372+0800 ERROR finish command N175 G1 F2400 X194.648 Y199.739 E192.73941*9
2025-06-13T17:01:26.067700+0800 ERROR readline echo: cold extrusion prevented

2025-06-13T17:01:26.327880+0800 ERROR empty readline 0
2025-06-13T17:01:26.577883+0800 ERROR empty readline 1
2025-06-13T17:01:26.654995+0800 ERROR readline X:247.6290 Y:252.7200 Z:0.2000 E:192.7394 Count X:86670 Y:88452 Z:400 STA: 5252863

2025-06-13T17:01:26.656511+0800 ERROR readline 

2025-06-13T17:01:26.920145+0800 ERROR empty readline 0
2025-06-13T17:01:27.185222+0800 ERROR empty readline 1
2025-06-13T17:01:27.446898+0800 ERROR empty readline 2
2025-06-13T17:01:27.653379+0800 ERROR readline X:247.6290 Y:252.7200 Z:0.2000 E:192.7394 Count X:86670 Y:88452 Z:400 STA: 5252863

2025-06-13T17:01:27.655402+0800 ERROR readline 

2025-06-13T17:01:27.913024+0800 ERROR empty readline 0
2025-06-13T17:01:28.013346+0800 ERROR readline ok

2025-06-13T17:01:28.022481+0800 ERROR SENT: N176 G0 F3600 X194.648 Y200.588*74
2025-06-13T17:01:28.022481+0800 ERROR write command N176 G0 F3600 X194.648 Y200.588*74
2025-06-13T17:01:28.023475+0800 ERROR second command N176 G0 F3600 X194.648 Y200.588*74
2025-06-13T17:01:28.023475+0800 ERROR finish command N176 G0 F3600 X194.648 Y200.588*74
2025-06-13T17:01:28.032617+0800 ERROR readline ok

2025-06-13T17:01:28.037637+0800 ERROR SENT: N177 G1 F2400 X246.78 Y252.72 E196.60152*2
2025-06-13T17:01:28.037637+0800 ERROR write command N177 G1 F2400 X246.78 Y252.72 E196.60152*2
2025-06-13T17:01:28.037637+0800 ERROR second command N177 G1 F2400 X246.78 Y252.72 E196.60152*2
2025-06-13T17:01:28.040488+0800 ERROR finish command N177 G1 F2400 X246.78 Y252.72 E196.60152*2
2025-06-13T17:01:28.043520+0800 ERROR readline echo: cold extrusion prevented

2025-06-13T17:01:28.302598+0800 ERROR empty readline 0
2025-06-13T17:01:28.565970+0800 ERROR empty readline 1
2025-06-13T17:01:28.652212+0800 ERROR readline X:194.6480 Y:200.5880 Z:0.2000 E:196.6015 Count X:68127 Y:70206 Z:400 STA: 5252863

2025-06-13T17:01:28.654733+0800 ERROR readline 

2025-06-13T17:01:28.909139+0800 ERROR empty readline 0
2025-06-13T17:01:29.170861+0800 ERROR empty readline 1
2025-06-13T17:01:29.434472+0800 ERROR empty readline 2
2025-06-13T17:01:29.655984+0800 ERROR readline X:194.6480 Y:200.5880 Z:0.2000 E:196.6015 Count X:68127 Y:70206 Z:400 STA: 5252863

2025-06-13T17:01:29.657013+0800 ERROR readline 

2025-06-13T17:01:29.918353+0800 ERROR empty readline 0
2025-06-13T17:01:30.039277+0800 ERROR readline echo:busy: processing

2025-06-13T17:01:30.040331+0800 ERROR readline ok

2025-06-13T17:01:30.044298+0800 ERROR SENT: N178 G0 F3600 X245.932 Y252.72*126
2025-06-13T17:01:30.044807+0800 ERROR write command N178 G0 F3600 X245.932 Y252.72*126
2025-06-13T17:01:30.044807+0800 ERROR second command N178 G0 F3600 X245.932 Y252.72*126
2025-06-13T17:01:30.044807+0800 ERROR finish command N178 G0 F3600 X245.932 Y252.72*126
2025-06-13T17:01:30.060596+0800 ERROR readline ok

2025-06-13T17:01:30.074319+0800 ERROR SENT: N179 G1 F2400 X194.648 Y201.436 E200.4008*55
2025-06-13T17:01:30.075497+0800 ERROR write command N179 G1 F2400 X194.648 Y201.436 E200.4008*55
2025-06-13T17:01:30.076538+0800 ERROR second command N179 G1 F2400 X194.648 Y201.436 E200.4008*55
2025-06-13T17:01:30.080967+0800 ERROR readline echo: cold extrusion prevented

2025-06-13T17:01:30.081965+0800 ERROR finish command N179 G1 F2400 X194.648 Y201.436 E200.4008*55
2025-06-13T17:01:30.341959+0800 ERROR empty readline 0
2025-06-13T17:01:30.595227+0800 ERROR empty readline 1
2025-06-13T17:01:30.652318+0800 ERROR readline X:245.9320 Y:252.7200 Z:0.2000 E:200.4008 Count X:86076 Y:88452 Z:400 STA: 5252863

2025-06-13T17:01:30.653322+0800 ERROR readline 

2025-06-13T17:01:30.909466+0800 ERROR empty readline 0
2025-06-13T17:01:31.176053+0800 ERROR empty readline 1
2025-06-13T17:01:31.427673+0800 ERROR empty readline 2
2025-06-13T17:01:31.652397+0800 ERROR readline X:245.9320 Y:252.7200 Z:0.2000 E:200.4008 Count X:86076 Y:88452 Z:400 STA: 5252863

2025-06-13T17:01:31.652397+0800 ERROR readline 

2025-06-13T17:01:31.910199+0800 ERROR empty readline 0
2025-06-13T17:01:32.035462+0800 ERROR readline ok

2025-06-13T17:01:32.049225+0800 ERROR SENT: N180 G0 F3600 X194.648 Y202.285*75
2025-06-13T17:01:32.050246+0800 ERROR write command N180 G0 F3600 X194.648 Y202.285*75
2025-06-13T17:01:32.052266+0800 ERROR second command N180 G0 F3600 X194.648 Y202.285*75
2025-06-13T17:01:32.052266+0800 ERROR finish command N180 G0 F3600 X194.648 Y202.285*75
2025-06-13T17:01:32.056792+0800 ERROR readline ok

2025-06-13T17:01:32.064370+0800 ERROR SENT: N181 G1 F2400 X245.083 Y252.72 E204.13718*56
2025-06-13T17:01:32.065686+0800 ERROR write command N181 G1 F2400 X245.083 Y252.72 E204.13718*56
2025-06-13T17:01:32.065686+0800 ERROR second command N181 G1 F2400 X245.083 Y252.72 E204.13718*56
2025-06-13T17:01:32.065686+0800 ERROR finish command N181 G1 F2400 X245.083 Y252.72 E204.13718*56
2025-06-13T17:01:32.072235+0800 ERROR readline echo: cold extrusion prevented

2025-06-13T17:01:32.196355+0800 INFO L110 S60
2025-06-13T17:01:32.196954+0800 INFO L110 S60
2025-06-13T17:01:32.196954+0800 INFO L110 S60
2025-06-13T17:01:32.330739+0800 ERROR empty readline 0
2025-06-13T17:01:32.595997+0800 ERROR empty readline 1
2025-06-13T17:01:32.651929+0800 ERROR readline X:194.6480 Y:202.2850 Z:0.2000 E:204.1372 Count X:68127 Y:70800 Z:400 STA: 5252863

2025-06-13T17:01:32.652930+0800 ERROR readline 

2025-06-13T17:01:32.910044+0800 ERROR empty readline 0
2025-06-13T17:01:32.960580+0800 INFO L110 S61
2025-06-13T17:01:32.961608+0800 INFO L110 S61
2025-06-13T17:01:32.961608+0800 INFO L110 S61
2025-06-13T17:01:33.177081+0800 ERROR empty readline 1
2025-06-13T17:01:33.396980+0800 INFO L110 S60
2025-06-13T17:01:33.397975+0800 INFO L110 S60
2025-06-13T17:01:33.397975+0800 INFO L110 S60
2025-06-13T17:01:33.436323+0800 ERROR empty readline 2
2025-06-13T17:01:33.652644+0800 ERROR readline X:194.6480 Y:202.2850 Z:0.2000 E:204.1372 Count X:68127 Y:70800 Z:400 STA: 5252863

2025-06-13T17:01:33.655753+0800 ERROR readline 

2025-06-13T17:01:33.716845+0800 INFO M105

2025-06-13T17:01:33.918171+0800 ERROR empty readline 0
2025-06-13T17:01:34.001113+0800 ERROR readline ok

2025-06-13T17:01:34.011679+0800 ERROR SENT: L110 S60
2025-06-13T17:01:34.011679+0800 ERROR write command L110 S60
2025-06-13T17:01:34.013683+0800 ERROR second command L110 S60
2025-06-13T17:01:34.013683+0800 ERROR readline ok

2025-06-13T17:01:34.014700+0800 ERROR finish command L110 S60
2025-06-13T17:01:34.027413+0800 ERROR SENT: L110 S60
2025-06-13T17:01:34.028445+0800 ERROR write command L110 S60
2025-06-13T17:01:34.028445+0800 ERROR second command L110 S60
2025-06-13T17:01:34.029338+0800 ERROR finish command L110 S60
2025-06-13T17:01:34.031455+0800 ERROR readline ok

2025-06-13T17:01:34.042706+0800 ERROR SENT: L110 S60
2025-06-13T17:01:34.042706+0800 ERROR write command L110 S60
2025-06-13T17:01:34.044224+0800 ERROR second command L110 S60
2025-06-13T17:01:34.045253+0800 ERROR finish command L110 S60
2025-06-13T17:01:34.046248+0800 ERROR readline ok

2025-06-13T17:01:34.058126+0800 ERROR SENT: L110 S61
2025-06-13T17:01:34.059127+0800 ERROR write command L110 S61
2025-06-13T17:01:34.060648+0800 ERROR second command L110 S61
2025-06-13T17:01:34.060648+0800 ERROR finish command L110 S61
2025-06-13T17:01:34.061648+0800 ERROR readline ok

2025-06-13T17:01:34.073450+0800 ERROR SENT: L110 S61
2025-06-13T17:01:34.074461+0800 ERROR write command L110 S61
2025-06-13T17:01:34.076480+0800 ERROR second command L110 S61
2025-06-13T17:01:34.076998+0800 ERROR finish command L110 S61
2025-06-13T17:01:34.079541+0800 ERROR readline ok

2025-06-13T17:01:34.089124+0800 ERROR SENT: L110 S61
2025-06-13T17:01:34.089633+0800 ERROR write command L110 S61
2025-06-13T17:01:34.090645+0800 ERROR second command L110 S61
2025-06-13T17:01:34.091644+0800 ERROR finish command L110 S61
2025-06-13T17:01:34.091644+0800 ERROR readline ok

2025-06-13T17:01:34.104726+0800 ERROR SENT: L110 S60
2025-06-13T17:01:34.104726+0800 ERROR write command L110 S60
2025-06-13T17:01:34.106237+0800 ERROR second command L110 S60
2025-06-13T17:01:34.107250+0800 ERROR finish command L110 S60
2025-06-13T17:01:34.108249+0800 ERROR readline ok

2025-06-13T17:01:34.120342+0800 ERROR SENT: L110 S60
2025-06-13T17:01:34.120342+0800 ERROR write command L110 S60
2025-06-13T17:01:34.121342+0800 ERROR second command L110 S60
2025-06-13T17:01:34.122352+0800 ERROR finish command L110 S60
2025-06-13T17:01:34.122352+0800 ERROR readline ok

2025-06-13T17:01:34.135916+0800 ERROR SENT: L110 S60
2025-06-13T17:01:34.135916+0800 ERROR write command L110 S60
2025-06-13T17:01:34.136927+0800 ERROR second command L110 S60
2025-06-13T17:01:34.137929+0800 ERROR finish command L110 S60
2025-06-13T17:01:34.139438+0800 ERROR readline ok

2025-06-13T17:01:34.150989+0800 ERROR SENT: M105

2025-06-13T17:01:34.150989+0800 ERROR write command M105

2025-06-13T17:01:34.151997+0800 ERROR second command M105

2025-06-13T17:01:34.152997+0800 ERROR finish command M105

2025-06-13T17:01:34.152997+0800 ERROR readline ok

2025-06-13T17:01:34.158035+0800 ERROR readline  T:55.8894 /10 B:50.4750 /10 @:0 B@:0 VER: 1.3.2

2025-06-13T17:01:34.166090+0800 ERROR SENT: N182 G0 F3600 X244.235 Y252.72*118
2025-06-13T17:01:34.166090+0800 ERROR write command N182 G0 F3600 X244.235 Y252.72*118
2025-06-13T17:01:34.167101+0800 ERROR second command N182 G0 F3600 X244.235 Y252.72*118
2025-06-13T17:01:34.168102+0800 ERROR finish command N182 G0 F3600 X244.235 Y252.72*118
2025-06-13T17:01:34.169611+0800 ERROR readline ok

2025-06-13T17:01:34.181684+0800 ERROR SENT: N183 G1 F2400 X194.648 Y203.133 E207.81074*1
2025-06-13T17:01:34.182692+0800 ERROR write command N183 G1 F2400 X194.648 Y203.133 E207.81074*1
2025-06-13T17:01:34.182692+0800 ERROR second command N183 G1 F2400 X194.648 Y203.133 E207.81074*1
2025-06-13T17:01:34.184204+0800 ERROR finish command N183 G1 F2400 X194.648 Y203.133 E207.81074*1
2025-06-13T17:01:34.197813+0800 ERROR readline echo: cold extrusion prevented

2025-06-13T17:01:34.449187+0800 ERROR empty readline 0
2025-06-13T17:01:34.651264+0800 ERROR readline X:244.2350 Y:252.7200 Z:0.2000 E:207.8107 Count X:85482 Y:88452 Z:400 STA: 5252863

2025-06-13T17:01:34.652283+0800 ERROR readline 

2025-06-13T17:01:34.916095+0800 ERROR empty readline 0
2025-06-13T17:01:35.179387+0800 ERROR empty readline 1
2025-06-13T17:01:35.430194+0800 ERROR empty readline 2
2025-06-13T17:01:35.651661+0800 ERROR readline X:244.2350 Y:252.7200 Z:0.2000 E:207.8107 Count X:85482 Y:88452 Z:400 STA: 5252863

2025-06-13T17:01:35.652657+0800 ERROR readline 

2025-06-13T17:01:35.914529+0800 ERROR empty readline 0
2025-06-13T17:01:35.936563+0800 ERROR readline ok

2025-06-13T17:01:35.946554+0800 ERROR SENT: N184 G0 F3600 X194.648 Y203.982*66
2025-06-13T17:01:35.947068+0800 ERROR write command N184 G0 F3600 X194.648 Y203.982*66
2025-06-13T17:01:35.947068+0800 ERROR second command N184 G0 F3600 X194.648 Y203.982*66
2025-06-13T17:01:35.948560+0800 ERROR finish command N184 G0 F3600 X194.648 Y203.982*66
2025-06-13T17:01:35.957445+0800 ERROR readline ok

2025-06-13T17:01:35.962125+0800 ERROR SENT: N185 G1 F2400 X243.386 Y252.72 E211.42141*54
2025-06-13T17:01:35.962125+0800 ERROR write command N185 G1 F2400 X243.386 Y252.72 E211.42141*54
2025-06-13T17:01:35.963123+0800 ERROR second command N185 G1 F2400 X243.386 Y252.72 E211.42141*54
2025-06-13T17:01:35.964119+0800 ERROR finish command N185 G1 F2400 X243.386 Y252.72 E211.42141*54
2025-06-13T17:01:35.968234+0800 ERROR readline echo: cold extrusion prevented

2025-06-13T17:01:36.224532+0800 ERROR empty readline 0
2025-06-13T17:01:36.486815+0800 ERROR empty readline 1
2025-06-13T17:01:36.651448+0800 ERROR readline X:194.6480 Y:203.9820 Z:0.2000 E:211.4214 Count X:68127 Y:71394 Z:400 STA: 5252863

2025-06-13T17:01:36.652448+0800 ERROR readline 

2025-06-13T17:01:36.919456+0800 ERROR empty readline 0
2025-06-13T17:01:37.185554+0800 ERROR empty readline 1
2025-06-13T17:01:37.449119+0800 ERROR empty readline 2
2025-06-13T17:01:37.650879+0800 ERROR readline X:194.6480 Y:203.9820 Z:0.2000 E:211.4214 Count X:68127 Y:71394 Z:400 STA: 5252863

2025-06-13T17:01:37.655448+0800 ERROR readline 

2025-06-13T17:01:37.841580+0800 ERROR readline ok

2025-06-13T17:01:37.844125+0800 ERROR SENT: N186 G0 F3600 X242.538 Y252.72*126
2025-06-13T17:01:37.844125+0800 ERROR write command N186 G0 F3600 X242.538 Y252.72*126
2025-06-13T17:01:37.845154+0800 ERROR second command N186 G0 F3600 X242.538 Y252.72*126
2025-06-13T17:01:37.846175+0800 ERROR finish command N186 G0 F3600 X242.538 Y252.72*126
2025-06-13T17:01:37.862574+0800 ERROR readline ok

2025-06-13T17:01:37.875256+0800 ERROR SENT: N187 G1 F2400 X194.648 Y204.83 E214.96925*49
2025-06-13T17:01:37.876238+0800 ERROR write command N187 G1 F2400 X194.648 Y204.83 E214.96925*49
2025-06-13T17:01:37.877780+0800 ERROR second command N187 G1 F2400 X194.648 Y204.83 E214.96925*49
2025-06-13T17:01:37.880336+0800 ERROR readline echo: cold extrusion prevented

2025-06-13T17:01:37.882872+0800 ERROR finish command N187 G1 F2400 X194.648 Y204.83 E214.96925*49
2025-06-13T17:01:38.140581+0800 ERROR empty readline 0
2025-06-13T17:01:38.407194+0800 ERROR empty readline 1
2025-06-13T17:01:38.650009+0800 ERROR readline X:242.5380 Y:252.7200 Z:0.2000 E:214.9693 Count X:84888 Y:88452 Z:400 STA: 5252863

2025-06-13T17:01:38.652008+0800 ERROR readline 

2025-06-13T17:01:38.904524+0800 ERROR empty readline 0
2025-06-13T17:01:39.168221+0800 ERROR empty readline 1
2025-06-13T17:01:39.421415+0800 ERROR empty readline 2
2025-06-13T17:01:39.650035+0800 ERROR readline X:242.5380 Y:252.7200 Z:0.2000 E:214.9693 Count X:84888 Y:88452 Z:400 STA: 5252863

2025-06-13T17:01:39.651064+0800 ERROR readline 

2025-06-13T17:01:39.717232+0800 ERROR readline ok

2025-06-13T17:01:39.729361+0800 ERROR SENT: N188 G0 F3600 X194.648 Y205.679*67
2025-06-13T17:01:39.729866+0800 ERROR write command N188 G0 F3600 X194.648 Y205.679*67
2025-06-13T17:01:39.729866+0800 ERROR second command N188 G0 F3600 X194.648 Y205.679*67
2025-06-13T17:01:39.729866+0800 ERROR finish command N188 G0 F3600 X194.648 Y205.679*67
2025-06-13T17:01:39.737348+0800 ERROR readline ok

2025-06-13T17:01:39.745393+0800 ERROR SENT: N189 G1 F2400 X241.689 Y252.72 E218.4542*14
2025-06-13T17:01:39.746395+0800 ERROR write command N189 G1 F2400 X241.689 Y252.72 E218.4542*14
2025-06-13T17:01:39.746903+0800 ERROR second command N189 G1 F2400 X241.689 Y252.72 E218.4542*14
2025-06-13T17:01:39.747918+0800 ERROR finish command N189 G1 F2400 X241.689 Y252.72 E218.4542*14
2025-06-13T17:01:39.752445+0800 ERROR readline echo: cold extrusion prevented

2025-06-13T17:01:40.010660+0800 ERROR empty readline 0
2025-06-13T17:01:40.277046+0800 ERROR empty readline 1
2025-06-13T17:01:40.541412+0800 ERROR empty readline 2
2025-06-13T17:01:40.652511+0800 ERROR readline X:194.6480 Y:205.6790 Z:0.2000 E:218.4542 Count X:68127 Y:71988 Z:400 STA: 5252863

2025-06-13T17:01:40.654521+0800 ERROR readline 

2025-06-13T17:01:40.912427+0800 ERROR empty readline 0
2025-06-13T17:01:41.175980+0800 ERROR empty readline 1
2025-06-13T17:01:41.440491+0800 ERROR empty readline 2
2025-06-13T17:01:41.562474+0800 ERROR readline ok

2025-06-13T17:01:41.564430+0800 ERROR SENT: N190 G0 F3600 X240.841 Y252.72*120
2025-06-13T17:01:41.564430+0800 ERROR write command N190 G0 F3600 X240.841 Y252.72*120
2025-06-13T17:01:41.564430+0800 ERROR second command N190 G0 F3600 X240.841 Y252.72*120
2025-06-13T17:01:41.565998+0800 ERROR finish command N190 G0 F3600 X240.841 Y252.72*120
2025-06-13T17:01:41.583047+0800 ERROR readline ok

2025-06-13T17:01:41.595301+0800 ERROR SENT: N191 G1 F2400 X194.648 Y206.528 E221.87629*5
2025-06-13T17:01:41.595301+0800 ERROR write command N191 G1 F2400 X194.648 Y206.528 E221.87629*5
2025-06-13T17:01:41.596904+0800 ERROR second command N191 G1 F2400 X194.648 Y206.528 E221.87629*5
2025-06-13T17:01:41.598911+0800 ERROR finish command N191 G1 F2400 X194.648 Y206.528 E221.87629*5
2025-06-13T17:01:41.601029+0800 ERROR readline echo: cold extrusion prevented

2025-06-13T17:01:41.651091+0800 ERROR readline X:240.8410 Y:252.7200 Z:0.2000 E:221.8763 Count X:84294 Y:88452 Z:400 STA: 5252863

2025-06-13T17:01:41.652086+0800 ERROR readline 

2025-06-13T17:01:41.905672+0800 ERROR empty readline 0
2025-06-13T17:01:42.169878+0800 ERROR empty readline 1
2025-06-13T17:01:42.431373+0800 ERROR empty readline 2
2025-06-13T17:01:42.652390+0800 ERROR readline X:240.8410 Y:252.7200 Z:0.2000 E:221.8763 Count X:84294 Y:88452 Z:400 STA: 5252863

2025-06-13T17:01:42.653383+0800 ERROR readline 

2025-06-13T17:01:42.910321+0800 ERROR empty readline 0
2025-06-13T17:01:43.128988+0800 INFO M105

2025-06-13T17:01:43.174338+0800 ERROR empty readline 1
2025-06-13T17:01:43.381909+0800 ERROR readline ok

2025-06-13T17:01:43.389570+0800 ERROR SENT: M105

2025-06-13T17:01:43.389570+0800 ERROR write command M105

2025-06-13T17:01:43.392443+0800 ERROR second command M105

2025-06-13T17:01:43.392443+0800 ERROR finish command M105

2025-06-13T17:01:43.393354+0800 ERROR readline ok

2025-06-13T17:01:43.395369+0800 ERROR readline  T:56.0096 /10 B:50.3438 /10 @:0 B@:0 VER: 1.3.2

2025-06-13T17:01:43.404938+0800 ERROR SENT: N192 G0 F3600 X194.648 Y207.376*64
2025-06-13T17:01:43.404938+0800 ERROR write command N192 G0 F3600 X194.648 Y207.376*64
2025-06-13T17:01:43.406467+0800 ERROR second command N192 G0 F3600 X194.648 Y207.376*64
2025-06-13T17:01:43.406467+0800 ERROR finish command N192 G0 F3600 X194.648 Y207.376*64
2025-06-13T17:01:43.408186+0800 ERROR readline ok

2025-06-13T17:01:43.410224+0800 ERROR SENT: N193 G1 F2400 X239.992 Y252.72 E225.23551*54
2025-06-13T17:01:43.410224+0800 ERROR write command N193 G1 F2400 X239.992 Y252.72 E225.23551*54
2025-06-13T17:01:43.412237+0800 ERROR second command N193 G1 F2400 X239.992 Y252.72 E225.23551*54
2025-06-13T17:01:43.412237+0800 ERROR finish command N193 G1 F2400 X239.992 Y252.72 E225.23551*54
2025-06-13T17:01:43.417843+0800 ERROR readline echo: cold extrusion prevented

2025-06-13T17:01:43.652144+0800 ERROR readline X:194.6480 Y:207.3760 Z:0.2000 E:225.2355 Count X:68127 Y:72582 Z:400 STA: 5252863

2025-06-13T17:01:43.656915+0800 ERROR readline 

2025-06-13T17:01:43.915607+0800 ERROR empty readline 0
2025-06-13T17:01:44.179319+0800 ERROR empty readline 1
2025-06-13T17:01:44.441688+0800 ERROR empty readline 2
2025-06-13T17:01:44.650437+0800 ERROR readline X:194.6480 Y:207.3760 Z:0.2000 E:225.2355 Count X:68127 Y:72582 Z:400 STA: 5252863

2025-06-13T17:01:44.651724+0800 ERROR readline 

2025-06-13T17:01:44.906985+0800 ERROR empty readline 0
2025-06-13T17:01:45.161470+0800 ERROR readline ok

2025-06-13T17:01:45.172014+0800 ERROR SENT: N194 G0 F3600 X239.144 Y252.72*126
2025-06-13T17:01:45.172014+0800 ERROR write command N194 G0 F3600 X239.144 Y252.72*126
2025-06-13T17:01:45.172014+0800 ERROR second command N194 G0 F3600 X239.144 Y252.72*126
2025-06-13T17:01:45.172014+0800 ERROR finish command N194 G0 F3600 X239.144 Y252.72*126
2025-06-13T17:01:45.182482+0800 ERROR readline ok

2025-06-13T17:01:45.187531+0800 ERROR SENT: N195 G1 F2400 X194.648 Y208.225 E228.53188*9
2025-06-13T17:01:45.187531+0800 ERROR write command N195 G1 F2400 X194.648 Y208.225 E228.53188*9
2025-06-13T17:01:45.187531+0800 ERROR second command N195 G1 F2400 X194.648 Y208.225 E228.53188*9
2025-06-13T17:01:45.189042+0800 ERROR finish command N195 G1 F2400 X194.648 Y208.225 E228.53188*9
2025-06-13T17:01:45.192064+0800 ERROR readline echo: cold extrusion prevented

2025-06-13T17:01:45.453221+0800 ERROR empty readline 0
2025-06-13T17:01:45.650344+0800 ERROR readline X:239.1440 Y:252.7200 Z:0.2000 E:228.5319 Count X:83700 Y:88452 Z:400 STA: 5252863

2025-06-13T17:01:45.651344+0800 ERROR readline 

2025-06-13T17:01:45.909076+0800 ERROR empty readline 0
2025-06-13T17:01:46.173182+0800 ERROR empty readline 1
2025-06-13T17:01:46.437858+0800 ERROR empty readline 2
2025-06-13T17:01:46.650384+0800 ERROR readline X:239.1440 Y:252.7200 Z:0.2000 E:228.5319 Count X:83700 Y:88452 Z:400 STA: 5252863

2025-06-13T17:01:46.651394+0800 ERROR readline 

2025-06-13T17:01:46.916773+0800 ERROR readline ok

2025-06-13T17:01:46.932283+0800 ERROR SENT: N196 G0 F3600 X194.648 Y209.073*76
2025-06-13T17:01:46.933286+0800 ERROR write command N196 G0 F3600 X194.648 Y209.073*76
2025-06-13T17:01:46.934808+0800 ERROR second command N196 G0 F3600 X194.648 Y209.073*76
2025-06-13T17:01:46.934808+0800 ERROR finish command N196 G0 F3600 X194.648 Y209.073*76
2025-06-13T17:01:46.936318+0800 ERROR readline ok

2025-06-13T17:01:46.947291+0800 ERROR SENT: N197 G1 F2400 X238.295 Y252.72 E231.76539*52
2025-06-13T17:01:46.948289+0800 ERROR write command N197 G1 F2400 X238.295 Y252.72 E231.76539*52
2025-06-13T17:01:46.949289+0800 ERROR second command N197 G1 F2400 X238.295 Y252.72 E231.76539*52
2025-06-13T17:01:46.950465+0800 ERROR finish command N197 G1 F2400 X238.295 Y252.72 E231.76539*52
2025-06-13T17:01:46.954250+0800 ERROR readline echo: cold extrusion prevented

2025-06-13T17:01:47.212545+0800 ERROR empty readline 0
2025-06-13T17:01:47.476670+0800 ERROR empty readline 1
2025-06-13T17:01:47.652244+0800 ERROR readline X:194.6480 Y:209.0730 Z:0.2000 E:231.7654 Count X:68127 Y:73176 Z:400 STA: 5252863

2025-06-13T17:01:47.656240+0800 ERROR readline 

2025-06-13T17:01:47.914766+0800 ERROR empty readline 0
2025-06-13T17:01:48.180233+0800 ERROR empty readline 1
2025-06-13T17:01:48.446273+0800 ERROR empty readline 2
2025-06-13T17:01:48.640376+0800 ERROR readline ok

2025-06-13T17:01:48.648014+0800 ERROR SENT: N198 G0 F3600 X237.446 Y252.72*123
2025-06-13T17:01:48.649010+0800 ERROR write command N198 G0 F3600 X237.446 Y252.72*123
2025-06-13T17:01:48.649533+0800 ERROR second command N198 G0 F3600 X237.446 Y252.72*123
2025-06-13T17:01:48.649533+0800 ERROR finish command N198 G0 F3600 X237.446 Y252.72*123
2025-06-13T17:01:48.654200+0800 ERROR readline X:238.2950 Y:252.7200 Z:0.2000 E:231.7654 Count X:83403 Y:88452 Z:400 STA: 5252863

2025-06-13T17:01:48.655231+0800 ERROR readline 

2025-06-13T17:01:48.662317+0800 ERROR readline ok

2025-06-13T17:01:48.663239+0800 ERROR SENT: N199 G1 F2400 X194.648 Y209.922 E234.936*14
2025-06-13T17:01:48.664250+0800 ERROR write command N199 G1 F2400 X194.648 Y209.922 E234.936*14
2025-06-13T17:01:48.664792+0800 ERROR second command N199 G1 F2400 X194.648 Y209.922 E234.936*14
2025-06-13T17:01:48.666307+0800 ERROR finish command N199 G1 F2400 X194.648 Y209.922 E234.936*14
2025-06-13T17:01:48.669340+0800 ERROR readline echo: cold extrusion prevented

2025-06-13T17:01:48.929152+0800 ERROR empty readline 0
2025-06-13T17:01:49.190516+0800 ERROR empty readline 1
2025-06-13T17:01:49.458390+0800 ERROR empty readline 2
2025-06-13T17:01:49.649480+0800 ERROR readline X:237.4460 Y:252.7200 Z:0.2000 E:234.9360 Count X:83106 Y:88452 Z:400 STA: 5252863

2025-06-13T17:01:49.663542+0800 ERROR readline 

2025-06-13T17:01:49.921888+0800 ERROR empty readline 0
2025-06-13T17:01:50.184214+0800 ERROR empty readline 1
2025-06-13T17:01:50.334545+0800 ERROR readline ok

2025-06-13T17:01:50.341687+0800 ERROR SENT: N200 G0 F3600 X194.648 Y210.77*124
2025-06-13T17:01:50.342684+0800 ERROR write command N200 G0 F3600 X194.648 Y210.77*124
2025-06-13T17:01:50.343202+0800 ERROR second command N200 G0 F3600 X194.648 Y210.77*124
2025-06-13T17:01:50.344214+0800 ERROR finish command N200 G0 F3600 X194.648 Y210.77*124
2025-06-13T17:01:50.355339+0800 ERROR readline ok

2025-06-13T17:01:50.356845+0800 ERROR SENT: N201 G1 F2400 X236.598 Y252.72 E238.04379*50
2025-06-13T17:01:50.356845+0800 ERROR write command N201 G1 F2400 X236.598 Y252.72 E238.04379*50
2025-06-13T17:01:50.358003+0800 ERROR second command N201 G1 F2400 X236.598 Y252.72 E238.04379*50
2025-06-13T17:01:50.359108+0800 ERROR finish command N201 G1 F2400 X236.598 Y252.72 E238.04379*50
2025-06-13T17:01:50.363137+0800 ERROR readline echo: cold extrusion prevented

2025-06-13T17:01:50.621049+0800 ERROR empty readline 0
2025-06-13T17:01:50.649361+0800 ERROR readline X:194.6480 Y:210.7700 Z:0.2000 E:238.0438 Count X:68127 Y:73770 Z:400 STA: 5252863

2025-06-13T17:01:50.653376+0800 ERROR readline 

2025-06-13T17:01:50.917728+0800 ERROR empty readline 0
2025-06-13T17:01:51.181285+0800 ERROR empty readline 1
2025-06-13T17:01:51.443156+0800 ERROR empty readline 2
2025-06-13T17:01:51.651477+0800 ERROR readline X:194.6480 Y:210.7700 Z:0.2000 E:238.0438 Count X:68127 Y:73770 Z:400 STA: 5252863

2025-06-13T17:01:51.652471+0800 ERROR readline 

2025-06-13T17:01:51.907422+0800 ERROR empty readline 0
2025-06-13T17:01:51.999381+0800 ERROR readline ok

2025-06-13T17:01:52.003457+0800 ERROR SENT: N202 G0 F3600 X235.749 Y252.72*117
2025-06-13T17:01:52.003457+0800 ERROR write command N202 G0 F3600 X235.749 Y252.72*117
2025-06-13T17:01:52.005475+0800 ERROR second command N202 G0 F3600 X235.749 Y252.72*117
2025-06-13T17:01:52.005475+0800 ERROR finish command N202 G0 F3600 X235.749 Y252.72*117
2025-06-13T17:01:52.020447+0800 ERROR readline ok

2025-06-13T17:01:52.034395+0800 ERROR SENT: N203 G1 F2400 X194.648 Y211.619 E241.08868*0
2025-06-13T17:01:52.034395+0800 ERROR write command N203 G1 F2400 X194.648 Y211.619 E241.08868*0
2025-06-13T17:01:52.035946+0800 ERROR second command N203 G1 F2400 X194.648 Y211.619 E241.08868*0
2025-06-13T17:01:52.037960+0800 ERROR finish command N203 G1 F2400 X194.648 Y211.619 E241.08868*0
2025-06-13T17:01:52.040522+0800 ERROR readline echo: cold extrusion prevented

2025-06-13T17:01:52.300231+0800 ERROR empty readline 0
2025-06-13T17:01:52.563136+0800 ERROR empty readline 1
2025-06-13T17:01:52.579351+0800 INFO M105

2025-06-13T17:01:52.649238+0800 ERROR readline X:235.7490 Y:252.7200 Z:0.2000 E:241.0887 Count X:82512 Y:88452 Z:400 STA: 5252863

2025-06-13T17:01:52.650262+0800 ERROR readline 

2025-06-13T17:01:52.907322+0800 ERROR empty readline 0
2025-06-13T17:01:53.161683+0800 ERROR empty readline 1
2025-06-13T17:01:53.426658+0800 ERROR empty readline 2
2025-06-13T17:01:53.632779+0800 ERROR readline ok

2025-06-13T17:01:53.644398+0800 ERROR SENT: M105

2025-06-13T17:01:53.645819+0800 ERROR write command M105

2025-06-13T17:01:53.647706+0800 ERROR second command M105

2025-06-13T17:01:53.648284+0800 ERROR finish command M105

2025-06-13T17:01:53.653356+0800 ERROR readline X:194.6480 Y:211.6190 Z:0.2000 E:241.0887 Count X:68127 Y:74067 Z:400 STA: 5252863

2025-06-13T17:01:53.654358+0800 ERROR readline 

2025-06-13T17:01:53.656904+0800 ERROR readline ok

2025-06-13T17:01:53.659413+0800 ERROR readline  T:55.2885 /10 B:50.3250 /10 @:0 B@:0 VER: 1.3.2

2025-06-13T17:01:53.661427+0800 ERROR SENT: N204 G0 F3600 X194.648 Y212.467*79
2025-06-13T17:01:53.661942+0800 ERROR write command N204 G0 F3600 X194.648 Y212.467*79
2025-06-13T17:01:53.668013+0800 ERROR second command N204 G0 F3600 X194.648 Y212.467*79
2025-06-13T17:01:53.668013+0800 ERROR finish command N204 G0 F3600 X194.648 Y212.467*79
2025-06-13T17:01:53.670552+0800 ERROR readline ok

2025-06-13T17:01:53.676204+0800 ERROR SENT: N205 G1 F2400 X234.901 Y252.72 E244.07075*63
2025-06-13T17:01:53.676717+0800 ERROR write command N205 G1 F2400 X234.901 Y252.72 E244.07075*63
2025-06-13T17:01:53.676717+0800 ERROR second command N205 G1 F2400 X234.901 Y252.72 E244.07075*63
2025-06-13T17:01:53.677729+0800 ERROR finish command N205 G1 F2400 X234.901 Y252.72 E244.07075*63
2025-06-13T17:01:53.681815+0800 ERROR readline echo: cold extrusion prevented

2025-06-13T17:01:53.941269+0800 ERROR empty readline 0
2025-06-13T17:01:54.204577+0800 ERROR empty readline 1
2025-06-13T17:01:54.469605+0800 ERROR empty readline 2
2025-06-13T17:01:54.651581+0800 ERROR readline X:194.6480 Y:212.4670 Z:0.2000 E:244.0708 Count X:68127 Y:74363 Z:400 STA: 5252863

2025-06-13T17:01:54.655103+0800 ERROR readline 

2025-06-13T17:01:54.916656+0800 ERROR empty readline 0
2025-06-13T17:01:55.180226+0800 ERROR empty readline 1
2025-06-13T17:01:55.238139+0800 ERROR readline ok

2025-06-13T17:01:55.242648+0800 ERROR SENT: N206 G0 F3600 X234.052 Y252.72*125
2025-06-13T17:01:55.242648+0800 ERROR write command N206 G0 F3600 X234.052 Y252.72*125
2025-06-13T17:01:55.244746+0800 ERROR second command N206 G0 F3600 X234.052 Y252.72*125
2025-06-13T17:01:55.244746+0800 ERROR finish command N206 G0 F3600 X234.052 Y252.72*125
2025-06-13T17:01:55.258142+0800 ERROR readline ok

2025-06-13T17:01:55.273299+0800 ERROR SENT: N207 G1 F2400 X194.648 Y213.316 E246.98993*7
2025-06-13T17:01:55.274323+0800 ERROR write command N207 G1 F2400 X194.648 Y213.316 E246.98993*7
2025-06-13T17:01:55.274842+0800 ERROR second command N207 G1 F2400 X194.648 Y213.316 E246.98993*7
2025-06-13T17:01:55.274842+0800 ERROR finish command N207 G1 F2400 X194.648 Y213.316 E246.98993*7
2025-06-13T17:01:55.279537+0800 ERROR readline echo: cold extrusion prevented

2025-06-13T17:01:55.539249+0800 ERROR empty readline 0
2025-06-13T17:01:55.651338+0800 ERROR readline X:234.0520 Y:252.7200 Z:0.2000 E:246.9899 Count X:81918 Y:88452 Z:400 STA: 5251839

2025-06-13T17:01:55.652722+0800 ERROR readline 

2025-06-13T17:01:55.913192+0800 ERROR empty readline 0
2025-06-13T17:01:56.179882+0800 ERROR empty readline 1
2025-06-13T17:01:56.446220+0800 ERROR empty readline 2
2025-06-13T17:01:56.649080+0800 ERROR readline X:234.0520 Y:252.7200 Z:0.2000 E:246.9899 Count X:81918 Y:88452 Z:400 STA: 5251839

2025-06-13T17:01:56.649586+0800 ERROR readline 

2025-06-13T17:01:56.810652+0800 ERROR readline ok

2025-06-13T17:01:56.822475+0800 ERROR SENT: N208 G0 F3600 X194.648 Y214.164*67
2025-06-13T17:01:56.823462+0800 ERROR write command N208 G0 F3600 X194.648 Y214.164*67
2025-06-13T17:01:56.823462+0800 ERROR second command N208 G0 F3600 X194.648 Y214.164*67
2025-06-13T17:01:56.824471+0800 ERROR finish command N208 G0 F3600 X194.648 Y214.164*67
2025-06-13T17:01:56.831274+0800 ERROR readline ok

2025-06-13T17:01:56.837848+0800 ERROR SENT: N209 G1 F2400 X233.204 Y252.72 E249.84628*50
2025-06-13T17:01:56.837848+0800 ERROR write command N209 G1 F2400 X233.204 Y252.72 E249.84628*50
2025-06-13T17:01:56.839183+0800 ERROR second command N209 G1 F2400 X233.204 Y252.72 E249.84628*50
2025-06-13T17:01:56.839183+0800 ERROR finish command N209 G1 F2400 X233.204 Y252.72 E249.84628*50
2025-06-13T17:01:56.843242+0800 ERROR readline echo: cold extrusion prevented

2025-06-13T17:01:57.101588+0800 ERROR empty readline 0
2025-06-13T17:01:57.366989+0800 ERROR empty readline 1
2025-06-13T17:01:57.629293+0800 ERROR empty readline 2
2025-06-13T17:01:57.650890+0800 ERROR readline X:194.6480 Y:214.1640 Z:0.2000 E:249.8463 Count X:68127 Y:74957 Z:400 STA: 5251839

2025-06-13T17:01:57.654411+0800 ERROR readline 

2025-06-13T17:01:57.911861+0800 ERROR empty readline 0
2025-06-13T17:01:58.176968+0800 ERROR empty readline 1
2025-06-13T17:01:58.354256+0800 ERROR readline ok

2025-06-13T17:01:58.364327+0800 ERROR SENT: N210 G0 F3600 X232.355 Y252.72*120
2025-06-13T17:01:58.364838+0800 ERROR write command N210 G0 F3600 X232.355 Y252.72*120
2025-06-13T17:01:58.364838+0800 ERROR second command N210 G0 F3600 X232.355 Y252.72*120
2025-06-13T17:01:58.366350+0800 ERROR finish command N210 G0 F3600 X232.355 Y252.72*120
2025-06-13T17:01:58.374425+0800 ERROR readline ok

2025-06-13T17:01:58.379484+0800 ERROR SENT: N211 G1 F2400 X194.648 Y215.013 E252.63973*15
2025-06-13T17:01:58.379484+0800 ERROR write command N211 G1 F2400 X194.648 Y215.013 E252.63973*15
2025-06-13T17:01:58.380771+0800 ERROR second command N211 G1 F2400 X194.648 Y215.013 E252.63973*15
2025-06-13T17:01:58.381791+0800 ERROR finish command N211 G1 F2400 X194.648 Y215.013 E252.63973*15
2025-06-13T17:01:58.385548+0800 ERROR readline echo: cold extrusion prevented

2025-06-13T17:01:58.644564+0800 ERROR empty readline 0
2025-06-13T17:01:58.649549+0800 ERROR readline X:232.3550 Y:252.7200 Z:0.2000 E:252.6397 Count X:81324 Y:88452 Z:400 STA: 5251839

2025-06-13T17:01:58.650553+0800 ERROR readline 

2025-06-13T17:01:58.910971+0800 ERROR empty readline 0
2025-06-13T17:01:59.172925+0800 ERROR empty readline 1
2025-06-13T17:01:59.437600+0800 ERROR empty readline 2
2025-06-13T17:01:59.647786+0800 ERROR readline X:232.3550 Y:252.7200 Z:0.2000 E:252.6397 Count X:81324 Y:88452 Z:400 STA: 5251839

2025-06-13T17:01:59.649302+0800 ERROR readline 

2025-06-13T17:01:59.867688+0800 ERROR readline ok

2025-06-13T17:01:59.876330+0800 ERROR SENT: N212 G0 F3600 X194.648 Y215.861*69
2025-06-13T17:01:59.876842+0800 ERROR write command N212 G0 F3600 X194.648 Y215.861*69
2025-06-13T17:01:59.877861+0800 ERROR second command N212 G0 F3600 X194.648 Y215.861*69
2025-06-13T17:01:59.877861+0800 ERROR finish command N212 G0 F3600 X194.648 Y215.861*69
2025-06-13T17:01:59.887503+0800 ERROR readline ok

2025-06-13T17:01:59.892067+0800 ERROR SENT: N213 G1 F2400 X231.507 Y252.72 E255.37036*51
2025-06-13T17:01:59.892067+0800 ERROR write command N213 G1 F2400 X231.507 Y252.72 E255.37036*51
2025-06-13T17:01:59.893035+0800 ERROR second command N213 G1 F2400 X231.507 Y252.72 E255.37036*51
2025-06-13T17:01:59.894550+0800 ERROR finish command N213 G1 F2400 X231.507 Y252.72 E255.37036*51
2025-06-13T17:01:59.899352+0800 ERROR readline echo: cold extrusion prevented

2025-06-13T17:02:00.156735+0800 ERROR empty readline 0
2025-06-13T17:02:00.408113+0800 ERROR empty readline 1
2025-06-13T17:02:00.649321+0800 ERROR readline X:194.6480 Y:215.8610 Z:0.2000 E:255.3704 Count X:68127 Y:75551 Z:400 STA: 5251839

2025-06-13T17:02:00.650356+0800 ERROR readline 

2025-06-13T17:02:00.906745+0800 ERROR empty readline 0
2025-06-13T17:02:01.173314+0800 ERROR empty readline 1
2025-06-13T17:02:01.351089+0800 ERROR readline ok

2025-06-13T17:02:01.362377+0800 ERROR SENT: N214 G0 F3600 X230.658 Y252.72*118
2025-06-13T17:02:01.363521+0800 ERROR write command N214 G0 F3600 X230.658 Y252.72*118
2025-06-13T17:02:01.364538+0800 ERROR second command N214 G0 F3600 X230.658 Y252.72*118
2025-06-13T17:02:01.365106+0800 ERROR finish command N214 G0 F3600 X230.658 Y252.72*118
2025-06-13T17:02:01.372728+0800 ERROR readline ok

2025-06-13T17:02:01.377764+0800 ERROR SENT: N215 G1 F2400 X194.648 Y216.71 E258.0381*4
2025-06-13T17:02:01.377764+0800 ERROR write command N215 G1 F2400 X194.648 Y216.71 E258.0381*4
2025-06-13T17:02:01.379276+0800 ERROR second command N215 G1 F2400 X194.648 Y216.71 E258.0381*4
2025-06-13T17:02:01.379276+0800 ERROR finish command N215 G1 F2400 X194.648 Y216.71 E258.0381*4
2025-06-13T17:02:01.382643+0800 ERROR readline echo: cold extrusion prevented

2025-06-13T17:02:01.641559+0800 ERROR empty readline 0
2025-06-13T17:02:01.649202+0800 ERROR readline X:230.6580 Y:252.7200 Z:0.2000 E:258.0381 Count X:80730 Y:88452 Z:400 STA: 5251839

2025-06-13T17:02:01.650222+0800 ERROR readline 

2025-06-13T17:02:01.907330+0800 ERROR empty readline 0
2025-06-13T17:02:01.923376+0800 INFO M105

2025-06-13T17:02:02.171262+0800 ERROR empty readline 1
2025-06-13T17:02:02.437445+0800 ERROR empty readline 2
2025-06-13T17:02:02.650262+0800 ERROR readline X:230.6580 Y:252.7200 Z:0.2000 E:258.0381 Count X:80730 Y:88452 Z:400 STA: 5251839

2025-06-13T17:02:02.650262+0800 ERROR readline 

2025-06-13T17:02:02.804438+0800 ERROR readline ok

2025-06-13T17:02:02.809469+0800 ERROR SENT: M105

2025-06-13T17:02:02.810487+0800 ERROR write command M105

2025-06-13T17:02:02.811546+0800 ERROR second command M105

2025-06-13T17:02:02.812585+0800 ERROR finish command M105

2025-06-13T17:02:02.813567+0800 ERROR readline ok

2025-06-13T17:02:02.816597+0800 ERROR readline  T:54.8077 /10 B:50.3063 /10 @:0 B@:0 VER: 1.3.2

2025-06-13T17:02:02.825585+0800 ERROR SENT: N216 G0 F3600 X194.648 Y217.558*68
2025-06-13T17:02:02.826623+0800 ERROR write command N216 G0 F3600 X194.648 Y217.558*68
2025-06-13T17:02:02.827150+0800 ERROR second command N216 G0 F3600 X194.648 Y217.558*68
2025-06-13T17:02:02.828173+0800 ERROR finish command N216 G0 F3600 X194.648 Y217.558*68
2025-06-13T17:02:02.830214+0800 ERROR readline ok

2025-06-13T17:02:02.841243+0800 ERROR SENT: N217 G1 F2400 X229.81 Y252.72 E260.64301*2
2025-06-13T17:02:02.841243+0800 ERROR write command N217 G1 F2400 X229.81 Y252.72 E260.64301*2
2025-06-13T17:02:02.842238+0800 ERROR second command N217 G1 F2400 X229.81 Y252.72 E260.64301*2
2025-06-13T17:02:02.842238+0800 ERROR finish command N217 G1 F2400 X229.81 Y252.72 E260.64301*2
2025-06-13T17:02:02.846661+0800 ERROR readline echo: cold extrusion prevented

2025-06-13T17:02:03.107329+0800 ERROR empty readline 0
2025-06-13T17:02:03.371885+0800 ERROR empty readline 1
2025-06-13T17:02:03.623071+0800 ERROR empty readline 2
2025-06-13T17:02:03.648501+0800 ERROR readline X:194.6480 Y:217.5580 Z:0.2000 E:260.6430 Count X:68127 Y:76145 Z:400 STA: 5251839

2025-06-13T17:02:03.650044+0800 ERROR readline 

2025-06-13T17:02:03.904693+0800 ERROR empty readline 0
2025-06-13T17:02:04.168160+0800 ERROR empty readline 1
2025-06-13T17:02:04.227709+0800 ERROR readline ok

2025-06-13T17:02:04.230243+0800 ERROR SENT: N218 G0 F3600 X228.961 Y252.72*118
2025-06-13T17:02:04.231239+0800 ERROR write command N218 G0 F3600 X228.961 Y252.72*118
2025-06-13T17:02:04.231239+0800 ERROR second command N218 G0 F3600 X228.961 Y252.72*118
2025-06-13T17:02:04.232266+0800 ERROR finish command N218 G0 F3600 X228.961 Y252.72*118
2025-06-13T17:02:04.247908+0800 ERROR readline ok

2025-06-13T17:02:04.262019+0800 ERROR SENT: N219 G1 F2400 X194.648 Y218.407 E263.18503*14
2025-06-13T17:02:04.262019+0800 ERROR write command N219 G1 F2400 X194.648 Y218.407 E263.18503*14
2025-06-13T17:02:04.263358+0800 ERROR second command N219 G1 F2400 X194.648 Y218.407 E263.18503*14
2025-06-13T17:02:04.264375+0800 ERROR finish command N219 G1 F2400 X194.648 Y218.407 E263.18503*14
2025-06-13T17:02:04.266905+0800 ERROR readline echo: cold extrusion prevented

2025-06-13T17:02:04.528479+0800 ERROR empty readline 0
2025-06-13T17:02:04.649581+0800 ERROR readline X:228.9610 Y:252.7200 Z:0.2000 E:263.1850 Count X:80136 Y:88452 Z:400 STA: 5251839

2025-06-13T17:02:04.655115+0800 ERROR readline 

2025-06-13T17:02:04.919440+0800 ERROR empty readline 0
2025-06-13T17:02:05.182981+0800 ERROR empty readline 1
2025-06-13T17:02:05.448079+0800 ERROR empty readline 2
2025-06-13T17:02:05.620623+0800 ERROR readline ok

2025-06-13T17:02:05.632563+0800 ERROR SENT: N220 G0 F3600 X194.648 Y219.255*69
2025-06-13T17:02:05.633622+0800 ERROR write command N220 G0 F3600 X194.648 Y219.255*69
2025-06-13T17:02:05.634712+0800 ERROR second command N220 G0 F3600 X194.648 Y219.255*69
2025-06-13T17:02:05.634712+0800 ERROR finish command N220 G0 F3600 X194.648 Y219.255*69
2025-06-13T17:02:05.640771+0800 ERROR readline ok

2025-06-13T17:02:05.647642+0800 ERROR SENT: N221 G1 F2400 X228.113 Y252.72 E265.66422*61
2025-06-13T17:02:05.649157+0800 ERROR write command N221 G1 F2400 X228.113 Y252.72 E265.66422*61
2025-06-13T17:02:05.650176+0800 ERROR second command N221 G1 F2400 X228.113 Y252.72 E265.66422*61
2025-06-13T17:02:05.652196+0800 ERROR finish command N221 G1 F2400 X228.113 Y252.72 E265.66422*61
2025-06-13T17:02:05.655194+0800 ERROR readline X:194.6480 Y:219.2550 Z:0.2000 E:263.1850 Count X:68127 Y:76739 Z:400 STA: 5251839

2025-06-13T17:02:05.659392+0800 ERROR readline 

2025-06-13T17:02:05.661924+0800 ERROR readline echo: cold extrusion prevented

2025-06-13T17:02:05.927236+0800 ERROR empty readline 0
2025-06-13T17:02:06.192875+0800 ERROR empty readline 1
2025-06-13T17:02:06.455445+0800 ERROR empty readline 2
2025-06-13T17:02:06.647979+0800 ERROR readline X:194.6480 Y:219.2550 Z:0.2000 E:265.6642 Count X:68127 Y:76739 Z:400 STA: 5251839

2025-06-13T17:02:06.649488+0800 ERROR readline 

2025-06-13T17:02:06.909347+0800 ERROR empty readline 0
2025-06-13T17:02:06.982854+0800 ERROR readline ok

2025-06-13T17:02:06.988397+0800 ERROR SENT: N222 G0 F3600 X227.264 Y252.72*126
2025-06-13T17:02:06.988397+0800 ERROR write command N222 G0 F3600 X227.264 Y252.72*126
2025-06-13T17:02:06.989900+0800 ERROR second command N222 G0 F3600 X227.264 Y252.72*126
2025-06-13T17:02:06.990413+0800 ERROR finish command N222 G0 F3600 X227.264 Y252.72*126
2025-06-13T17:02:07.003491+0800 ERROR readline ok

2025-06-13T17:02:07.005013+0800 ERROR SENT: N223 G1 F2400 X194.648 Y220.104 E268.08052*1
2025-06-13T17:02:07.005013+0800 ERROR write command N223 G1 F2400 X194.648 Y220.104 E268.08052*1
2025-06-13T17:02:07.005013+0800 ERROR second command N223 G1 F2400 X194.648 Y220.104 E268.08052*1
2025-06-13T17:02:07.006526+0800 ERROR finish command N223 G1 F2400 X194.648 Y220.104 E268.08052*1
2025-06-13T17:02:07.010335+0800 ERROR readline echo: cold extrusion prevented

2025-06-13T17:02:07.271025+0800 ERROR empty readline 0
2025-06-13T17:02:07.536347+0800 ERROR empty readline 1
2025-06-13T17:02:07.647156+0800 ERROR readline X:227.2640 Y:252.7200 Z:0.2000 E:268.0805 Count X:79542 Y:88452 Z:400 STA: 5251839

2025-06-13T17:02:07.648164+0800 ERROR readline 

2025-06-13T17:02:07.911695+0800 ERROR empty readline 0
2025-06-13T17:02:08.177411+0800 ERROR empty readline 1
2025-06-13T17:02:08.315586+0800 ERROR readline ok

2025-06-13T17:02:08.331760+0800 ERROR SENT: N224 G0 F3600 X194.648 Y220.952*71
2025-06-13T17:02:08.332770+0800 ERROR write command N224 G0 F3600 X194.648 Y220.952*71
2025-06-13T17:02:08.334281+0800 ERROR second command N224 G0 F3600 X194.648 Y220.952*71
2025-06-13T17:02:08.334281+0800 ERROR finish command N224 G0 F3600 X194.648 Y220.952*71
2025-06-13T17:02:08.336809+0800 ERROR readline ok

2025-06-13T17:02:08.347369+0800 ERROR SENT: N225 G1 F2400 X226.416 Y252.72 E270.43399*51
2025-06-13T17:02:08.348371+0800 ERROR write command N225 G1 F2400 X226.416 Y252.72 E270.43399*51
2025-06-13T17:02:08.349369+0800 ERROR second command N225 G1 F2400 X226.416 Y252.72 E270.43399*51
2025-06-13T17:02:08.350387+0800 ERROR finish command N225 G1 F2400 X226.416 Y252.72 E270.43399*51
2025-06-13T17:02:08.354415+0800 ERROR readline echo: cold extrusion prevented

2025-06-13T17:02:08.611389+0800 ERROR empty readline 0
2025-06-13T17:02:08.648233+0800 ERROR readline X:194.6480 Y:220.9520 Z:0.2000 E:270.4340 Count X:68127 Y:77333 Z:400 STA: 5251839

2025-06-13T17:02:08.651767+0800 ERROR readline 

2025-06-13T17:02:08.906279+0800 ERROR empty readline 0
2025-06-13T17:02:09.171724+0800 ERROR empty readline 1
2025-06-13T17:02:09.435076+0800 ERROR empty readline 2
2025-06-13T17:02:09.618073+0800 ERROR readline ok

2025-06-13T17:02:09.623604+0800 ERROR SENT: N226 G0 F3600 X225.567 Y252.72*124
2025-06-13T17:02:09.625114+0800 ERROR write command N226 G0 F3600 X225.567 Y252.72*124
2025-06-13T17:02:09.626331+0800 ERROR second command N226 G0 F3600 X225.567 Y252.72*124
2025-06-13T17:02:09.626331+0800 ERROR finish command N226 G0 F3600 X225.567 Y252.72*124
2025-06-13T17:02:09.639213+0800 ERROR readline ok

2025-06-13T17:02:09.647736+0800 ERROR readline X:225.5670 Y:252.7200 Z:0.2000 E:270.4340 Count X:78948 Y:88452 Z:400 STA: 5251839

2025-06-13T17:02:09.649251+0800 ERROR readline 

2025-06-13T17:02:09.654788+0800 ERROR SENT: N227 G1 F2400 X194.648 Y221.801 E272.72457*15
2025-06-13T17:02:09.654788+0800 ERROR write command N227 G1 F2400 X194.648 Y221.801 E272.72457*15
2025-06-13T17:02:09.655800+0800 ERROR second command N227 G1 F2400 X194.648 Y221.801 E272.72457*15
2025-06-13T17:02:09.656825+0800 ERROR finish command N227 G1 F2400 X194.648 Y221.801 E272.72457*15
2025-06-13T17:02:09.661416+0800 ERROR readline echo: cold extrusion prevented

2025-06-13T17:02:09.922097+0800 ERROR empty readline 0
2025-06-13T17:02:10.185885+0800 ERROR empty readline 1
2025-06-13T17:02:10.449106+0800 ERROR empty readline 2
2025-06-13T17:02:10.648853+0800 ERROR readline X:225.5670 Y:252.7200 Z:0.2000 E:272.7246 Count X:78948 Y:88452 Z:400 STA: 5251839

2025-06-13T17:02:10.650839+0800 ERROR readline 

2025-06-13T17:02:10.890235+0800 ERROR readline ok

2025-06-13T17:02:10.897036+0800 ERROR SENT: N228 G0 F3600 X194.648 Y222.65*116
2025-06-13T17:02:10.897036+0800 ERROR write command N228 G0 F3600 X194.648 Y222.65*116
2025-06-13T17:02:10.898037+0800 ERROR second command N228 G0 F3600 X194.648 Y222.65*116
2025-06-13T17:02:10.898037+0800 ERROR finish command N228 G0 F3600 X194.648 Y222.65*116
2025-06-13T17:02:10.915248+0800 ERROR readline ok

2025-06-13T17:02:10.926899+0800 ERROR SENT: N229 G1 F2400 X224.719 Y252.72 E274.95229*52
2025-06-13T17:02:10.927916+0800 ERROR write command N229 G1 F2400 X224.719 Y252.72 E274.95229*52
2025-06-13T17:02:10.927916+0800 ERROR second command N229 G1 F2400 X224.719 Y252.72 E274.95229*52
2025-06-13T17:02:10.929430+0800 ERROR finish command N229 G1 F2400 X224.719 Y252.72 E274.95229*52
2025-06-13T17:02:10.933006+0800 ERROR readline echo: cold extrusion prevented

2025-06-13T17:02:11.194151+0800 ERROR empty readline 0
2025-06-13T17:02:11.304149+0800 INFO M105

2025-06-13T17:02:11.508777+0800 ERROR empty readline 1
2025-06-13T17:02:11.647866+0800 ERROR readline X:194.6480 Y:222.6500 Z:0.2000 E:274.9523 Count X:68127 Y:77928 Z:400 STA: 5251839

2025-06-13T17:02:11.649380+0800 ERROR readline 

2025-06-13T17:02:11.911151+0800 ERROR empty readline 0
2025-06-13T17:02:12.132589+0800 ERROR readline ok

2025-06-13T17:02:12.145276+0800 ERROR SENT: M105

2025-06-13T17:02:12.146274+0800 ERROR write command M105

2025-06-13T17:02:12.146274+0800 ERROR second command M105

2025-06-13T17:02:12.147803+0800 ERROR finish command M105

2025-06-13T17:02:12.147803+0800 ERROR readline ok

2025-06-13T17:02:12.150345+0800 ERROR readline  T:54.0865 /10 B:50.1000 /10 @:0 B@:0 VER: 1.3.2

2025-06-13T17:02:12.160803+0800 ERROR SENT: N230 G0 F3600 X223.87 Y252.72*70
2025-06-13T17:02:12.161821+0800 ERROR write command N230 G0 F3600 X223.87 Y252.72*70
2025-06-13T17:02:12.161821+0800 ERROR second command N230 G0 F3600 X223.87 Y252.72*70
2025-06-13T17:02:12.162822+0800 ERROR finish command N230 G0 F3600 X223.87 Y252.72*70
2025-06-13T17:02:12.163657+0800 ERROR readline ok

2025-06-13T17:02:12.175679+0800 ERROR SENT: N231 G1 F2400 X194.648 Y223.498 E277.11714*2
2025-06-13T17:02:12.176194+0800 ERROR write command N231 G1 F2400 X194.648 Y223.498 E277.11714*2
2025-06-13T17:02:12.177556+0800 ERROR second command N231 G1 F2400 X194.648 Y223.498 E277.11714*2
2025-06-13T17:02:12.177556+0800 ERROR finish command N231 G1 F2400 X194.648 Y223.498 E277.11714*2
2025-06-13T17:02:12.182102+0800 ERROR readline echo: cold extrusion prevented

2025-06-13T17:02:12.440394+0800 ERROR empty readline 0
2025-06-13T17:02:12.647526+0800 ERROR readline X:223.8700 Y:252.7200 Z:0.2000 E:277.1171 Count X:78355 Y:88452 Z:400 STA: 5251839

2025-06-13T17:02:12.647526+0800 ERROR readline 

2025-06-13T17:02:12.908440+0800 ERROR empty readline 0
2025-06-13T17:02:13.169414+0800 ERROR empty readline 1
2025-06-13T17:02:13.344460+0800 ERROR readline ok

2025-06-13T17:02:13.358324+0800 ERROR SENT: N232 G0 F3600 X194.648 Y224.347*74
2025-06-13T17:02:13.359248+0800 ERROR write command N232 G0 F3600 X194.648 Y224.347*74
2025-06-13T17:02:13.360272+0800 ERROR second command N232 G0 F3600 X194.648 Y224.347*74
2025-06-13T17:02:13.361286+0800 ERROR finish command N232 G0 F3600 X194.648 Y224.347*74
2025-06-13T17:02:13.366311+0800 ERROR readline ok

2025-06-13T17:02:13.374586+0800 ERROR SENT: N233 G1 F2400 X223.021 Y252.72 E279.21911*54
2025-06-13T17:02:13.375641+0800 ERROR write command N233 G1 F2400 X223.021 Y252.72 E279.21911*54
2025-06-13T17:02:13.375641+0800 ERROR second command N233 G1 F2400 X223.021 Y252.72 E279.21911*54
2025-06-13T17:02:13.376628+0800 ERROR finish command N233 G1 F2400 X223.021 Y252.72 E279.21911*54
2025-06-13T17:02:13.380256+0800 ERROR readline echo: cold extrusion prevented

2025-06-13T17:02:13.437823+0800 INFO L110 S60
2025-06-13T17:02:13.439427+0800 INFO L110 S60
2025-06-13T17:02:13.439427+0800 INFO L110 S60
2025-06-13T17:02:13.640390+0800 ERROR empty readline 0
2025-06-13T17:02:13.646423+0800 ERROR readline X:194.6480 Y:224.3470 Z:0.2000 E:279.2191 Count X:68127 Y:78521 Z:400 STA: 5251839

2025-06-13T17:02:13.646423+0800 ERROR readline 

2025-06-13T17:02:13.904237+0800 ERROR empty readline 0
2025-06-13T17:02:14.071624+0800 INFO L110 S61
2025-06-13T17:02:14.072613+0800 INFO L110 S61
2025-06-13T17:02:14.072613+0800 INFO L110 S61
2025-06-13T17:02:14.166297+0800 ERROR empty readline 1
2025-06-13T17:02:14.409402+0800 INFO L110 S60
2025-06-13T17:02:14.409402+0800 INFO L110 S60
2025-06-13T17:02:14.409402+0800 INFO L110 S60
2025-06-13T17:02:14.418597+0800 ERROR empty readline 2
2025-06-13T17:02:14.526320+0800 ERROR readline ok

2025-06-13T17:02:14.528419+0800 ERROR SENT: L110 S60
2025-06-13T17:02:14.528419+0800 ERROR write command L110 S60
2025-06-13T17:02:14.529433+0800 ERROR second command L110 S60
2025-06-13T17:02:14.529433+0800 ERROR finish command L110 S60
2025-06-13T17:02:14.530895+0800 ERROR readline ok

2025-06-13T17:02:14.543025+0800 ERROR SENT: L110 S60
2025-06-13T17:02:14.543025+0800 ERROR write command L110 S60
2025-06-13T17:02:14.544502+0800 ERROR second command L110 S60
2025-06-13T17:02:14.544502+0800 ERROR finish command L110 S60
2025-06-13T17:02:14.545534+0800 ERROR readline ok

2025-06-13T17:02:14.559230+0800 ERROR SENT: L110 S60
2025-06-13T17:02:14.559230+0800 ERROR write command L110 S60
2025-06-13T17:02:14.561006+0800 ERROR second command L110 S60
2025-06-13T17:02:14.561006+0800 ERROR finish command L110 S60
2025-06-13T17:02:14.562032+0800 ERROR readline ok

2025-06-13T17:02:14.574600+0800 ERROR SENT: L110 S61
2025-06-13T17:02:14.575115+0800 ERROR write command L110 S61
2025-06-13T17:02:14.576602+0800 ERROR second command L110 S61
2025-06-13T17:02:14.576602+0800 ERROR finish command L110 S61
2025-06-13T17:02:14.577622+0800 ERROR readline ok

2025-06-13T17:02:14.589896+0800 ERROR SENT: L110 S61
2025-06-13T17:02:14.590410+0800 ERROR write command L110 S61
2025-06-13T17:02:14.591430+0800 ERROR second command L110 S61
2025-06-13T17:02:14.591430+0800 ERROR finish command L110 S61
2025-06-13T17:02:14.592532+0800 ERROR readline ok

2025-06-13T17:02:14.606030+0800 ERROR SENT: L110 S61
2025-06-13T17:02:14.606544+0800 ERROR write command L110 S61
2025-06-13T17:02:14.607588+0800 ERROR second command L110 S61
2025-06-13T17:02:14.607588+0800 ERROR finish command L110 S61
2025-06-13T17:02:14.609104+0800 ERROR readline ok

2025-06-13T17:02:14.621725+0800 ERROR SENT: L110 S60
2025-06-13T17:02:14.621725+0800 ERROR write command L110 S60
2025-06-13T17:02:14.622720+0800 ERROR second command L110 S60
2025-06-13T17:02:14.624234+0800 ERROR finish command L110 S60
2025-06-13T17:02:14.624234+0800 ERROR readline ok

2025-06-13T17:02:14.637424+0800 ERROR SENT: L110 S60
2025-06-13T17:02:14.637935+0800 ERROR write command L110 S60
2025-06-13T17:02:14.637935+0800 ERROR second command L110 S60
2025-06-13T17:02:14.637935+0800 ERROR finish command L110 S60
2025-06-13T17:02:14.639445+0800 ERROR readline ok

2025-06-13T17:02:14.647091+0800 ERROR readline X:223.0210 Y:252.7200 Z:0.2000 E:279.2191 Count X:78057 Y:88452 Z:400 STA: 5251839

2025-06-13T17:02:14.650685+0800 ERROR readline 

2025-06-13T17:02:14.652627+0800 ERROR SENT: L110 S60
2025-06-13T17:02:14.652627+0800 ERROR write command L110 S60
2025-06-13T17:02:14.653574+0800 ERROR second command L110 S60
2025-06-13T17:02:14.653574+0800 ERROR finish command L110 S60
2025-06-13T17:02:14.654572+0800 ERROR readline ok

2025-06-13T17:02:14.667989+0800 ERROR SENT: N234 G0 F3600 X222.173 Y252.72*121
2025-06-13T17:02:14.667989+0800 ERROR write command N234 G0 F3600 X222.173 Y252.72*121
2025-06-13T17:02:14.669504+0800 ERROR second command N234 G0 F3600 X222.173 Y252.72*121
2025-06-13T17:02:14.669504+0800 ERROR finish command N234 G0 F3600 X222.173 Y252.72*121
2025-06-13T17:02:14.670561+0800 ERROR readline ok

2025-06-13T17:02:14.683331+0800 ERROR SENT: N235 G1 F2400 X194.648 Y225.195 E281.25825*11
2025-06-13T17:02:14.683331+0800 ERROR write command N235 G1 F2400 X194.648 Y225.195 E281.25825*11
2025-06-13T17:02:14.684325+0800 ERROR second command N235 G1 F2400 X194.648 Y225.195 E281.25825*11
2025-06-13T17:02:14.685429+0800 ERROR finish command N235 G1 F2400 X194.648 Y225.195 E281.25825*11
2025-06-13T17:02:14.689387+0800 ERROR readline echo: cold extrusion prevented

2025-06-13T17:02:14.949354+0800 ERROR empty readline 0
2025-06-13T17:02:15.212494+0800 ERROR empty readline 1
2025-06-13T17:02:15.464901+0800 ERROR empty readline 2
2025-06-13T17:02:15.647519+0800 ERROR readline X:222.1730 Y:252.7200 Z:0.2000 E:281.2582 Count X:77761 Y:88452 Z:400 STA: 5251839

2025-06-13T17:02:15.651025+0800 ERROR readline 

2025-06-13T17:02:15.678691+0800 ERROR readline ok

2025-06-13T17:02:15.682761+0800 ERROR SENT: N236 G0 F3600 X194.648 Y226.044*76
2025-06-13T17:02:15.682761+0800 ERROR write command N236 G0 F3600 X194.648 Y226.044*76
2025-06-13T17:02:15.684272+0800 ERROR second command N236 G0 F3600 X194.648 Y226.044*76
2025-06-13T17:02:15.684272+0800 ERROR finish command N236 G0 F3600 X194.648 Y226.044*76
2025-06-13T17:02:15.699594+0800 ERROR readline ok

2025-06-13T17:02:15.714423+0800 ERROR SENT: N237 G1 F2400 X221.324 Y252.72 E283.23449*49
2025-06-13T17:02:15.715940+0800 ERROR write command N237 G1 F2400 X221.324 Y252.72 E283.23449*49
2025-06-13T17:02:15.717007+0800 ERROR second command N237 G1 F2400 X221.324 Y252.72 E283.23449*49
2025-06-13T17:02:15.717964+0800 ERROR finish command N237 G1 F2400 X221.324 Y252.72 E283.23449*49
2025-06-13T17:02:15.721515+0800 ERROR readline echo: cold extrusion prevented

2025-06-13T17:02:15.979135+0800 ERROR empty readline 0
2025-06-13T17:02:16.243283+0800 ERROR empty readline 1
2025-06-13T17:02:16.507016+0800 ERROR empty readline 2
2025-06-13T17:02:16.645234+0800 ERROR readline X:194.6480 Y:226.0440 Z:0.2000 E:283.2345 Count X:68127 Y:79115 Z:400 STA: 5251839

2025-06-13T17:02:16.647786+0800 ERROR readline 

2025-06-13T17:02:16.799859+0800 ERROR readline ok

2025-06-13T17:02:16.801876+0800 ERROR SENT: N238 G0 F3600 X220.476 Y252.72*119
2025-06-13T17:02:16.801876+0800 ERROR write command N238 G0 F3600 X220.476 Y252.72*119
2025-06-13T17:02:16.802879+0800 ERROR second command N238 G0 F3600 X220.476 Y252.72*119
2025-06-13T17:02:16.803752+0800 ERROR finish command N238 G0 F3600 X220.476 Y252.72*119
2025-06-13T17:02:16.821573+0800 ERROR readline ok

2025-06-13T17:02:16.832721+0800 ERROR SENT: N239 G1 F2400 X194.648 Y226.892 E285.14791*12
2025-06-13T17:02:16.832721+0800 ERROR write command N239 G1 F2400 X194.648 Y226.892 E285.14791*12
2025-06-13T17:02:16.834233+0800 ERROR second command N239 G1 F2400 X194.648 Y226.892 E285.14791*12
2025-06-13T17:02:16.834233+0800 ERROR finish command N239 G1 F2400 X194.648 Y226.892 E285.14791*12
2025-06-13T17:02:16.839748+0800 ERROR readline echo: cold extrusion prevented

2025-06-13T17:02:17.097017+0800 ERROR empty readline 0
2025-06-13T17:02:17.362266+0800 ERROR empty readline 1
2025-06-13T17:02:17.625309+0800 ERROR empty readline 2
2025-06-13T17:02:17.647040+0800 ERROR readline X:220.4760 Y:252.7200 Z:0.2000 E:285.1479 Count X:77167 Y:88452 Z:400 STA: 5251839

2025-06-13T17:02:17.650569+0800 ERROR readline 

2025-06-13T17:02:17.891840+0800 ERROR readline ok

2025-06-13T17:02:17.906517+0800 ERROR SENT: N240 G0 F3600 X194.648 Y227.741*78
2025-06-13T17:02:17.907029+0800 ERROR write command N240 G0 F3600 X194.648 Y227.741*78
2025-06-13T17:02:17.908051+0800 ERROR second command N240 G0 F3600 X194.648 Y227.741*78
2025-06-13T17:02:17.908051+0800 ERROR finish command N240 G0 F3600 X194.648 Y227.741*78
2025-06-13T17:02:17.912588+0800 ERROR readline ok

2025-06-13T17:02:17.921705+0800 ERROR SENT: N241 G1 F2400 X219.627 Y252.72 E286.99843*63
2025-06-13T17:02:17.921705+0800 ERROR write command N241 G1 F2400 X219.627 Y252.72 E286.99843*63
2025-06-13T17:02:17.922708+0800 ERROR second command N241 G1 F2400 X219.627 Y252.72 E286.99843*63
2025-06-13T17:02:17.922708+0800 ERROR finish command N241 G1 F2400 X219.627 Y252.72 E286.99843*63
2025-06-13T17:02:17.927389+0800 ERROR readline echo: cold extrusion prevented

2025-06-13T17:02:18.186289+0800 ERROR empty readline 0
2025-06-13T17:02:18.451506+0800 ERROR empty readline 1
2025-06-13T17:02:18.645932+0800 ERROR readline X:194.6480 Y:227.7410 Z:0.2000 E:286.9984 Count X:68127 Y:79709 Z:400 STA: 5251839

2025-06-13T17:02:18.647959+0800 ERROR readline 

2025-06-13T17:02:18.900356+0800 ERROR empty readline 0
2025-06-13T17:02:18.952641+0800 ERROR readline ok

2025-06-13T17:02:18.962693+0800 ERROR SENT: N242 G0 F3600 X218.779 Y252.72*125
2025-06-13T17:02:18.962693+0800 ERROR write command N242 G0 F3600 X218.779 Y252.72*125
2025-06-13T17:02:18.962693+0800 ERROR second command N242 G0 F3600 X218.779 Y252.72*125
2025-06-13T17:02:18.964199+0800 ERROR finish command N242 G0 F3600 X218.779 Y252.72*125
2025-06-13T17:02:18.974237+0800 ERROR readline ok

2025-06-13T17:02:18.978113+0800 ERROR SENT: N243 G1 F2400 X194.648 Y228.589 E288.78613*4
2025-06-13T17:02:18.978113+0800 ERROR write command N243 G1 F2400 X194.648 Y228.589 E288.78613*4
2025-06-13T17:02:18.979114+0800 ERROR second command N243 G1 F2400 X194.648 Y228.589 E288.78613*4
2025-06-13T17:02:18.979114+0800 ERROR finish command N243 G1 F2400 X194.648 Y228.589 E288.78613*4
2025-06-13T17:02:18.982182+0800 ERROR readline echo: cold extrusion prevented

2025-06-13T17:02:19.243912+0800 ERROR empty readline 0
2025-06-13T17:02:19.507879+0800 ERROR empty readline 1
2025-06-13T17:02:19.645602+0800 ERROR readline X:218.7790 Y:252.7200 Z:0.2000 E:288.7861 Count X:76573 Y:88452 Z:400 STA: 5251839

2025-06-13T17:02:19.646609+0800 ERROR readline 

2025-06-13T17:02:19.898153+0800 ERROR empty readline 0
2025-06-13T17:02:19.984127+0800 ERROR readline ok

2025-06-13T17:02:19.990292+0800 ERROR SENT: N244 G0 F3600 X194.648 Y229.438*73
2025-06-13T17:02:19.991297+0800 ERROR write command N244 G0 F3600 X194.648 Y229.438*73
2025-06-13T17:02:19.991297+0800 ERROR second command N244 G0 F3600 X194.648 Y229.438*73
2025-06-13T17:02:19.991297+0800 ERROR finish command N244 G0 F3600 X194.648 Y229.438*73
2025-06-13T17:02:20.006099+0800 ERROR readline ok

2025-06-13T17:02:20.021457+0800 ERROR SENT: N245 G1 F2400 X217.93 Y252.72 E290.51094*13
2025-06-13T17:02:20.022458+0800 ERROR write command N245 G1 F2400 X217.93 Y252.72 E290.51094*13
2025-06-13T17:02:20.023459+0800 ERROR second command N245 G1 F2400 X217.93 Y252.72 E290.51094*13
2025-06-13T17:02:20.026492+0800 ERROR finish command N245 G1 F2400 X217.93 Y252.72 E290.51094*13
2025-06-13T17:02:20.029031+0800 ERROR readline echo: cold extrusion prevented

2025-06-13T17:02:20.287109+0800 ERROR empty readline 0
2025-06-13T17:02:20.551207+0800 ERROR empty readline 1
2025-06-13T17:02:20.646727+0800 ERROR readline X:194.6480 Y:229.4380 Z:0.2000 E:290.5109 Count X:68127 Y:80303 Z:400 STA: 5251839

2025-06-13T17:02:20.649121+0800 ERROR readline 

2025-06-13T17:02:20.739013+0800 INFO M105

2025-06-13T17:02:20.909360+0800 ERROR empty readline 0
2025-06-13T17:02:20.985627+0800 ERROR readline ok

2025-06-13T17:02:20.987647+0800 ERROR SENT: M105

2025-06-13T17:02:20.989438+0800 ERROR write command M105

2025-06-13T17:02:20.990976+0800 ERROR second command M105

2025-06-13T17:02:20.992254+0800 ERROR readline ok

2025-06-13T17:02:20.992254+0800 ERROR finish command M105

2025-06-13T17:02:20.994294+0800 ERROR SENT: N246 G0 F3600 X217.082 Y252.72*117
2025-06-13T17:02:20.994294+0800 ERROR write command N246 G0 F3600 X217.082 Y252.72*117
2025-06-13T17:02:20.995286+0800 ERROR second command N246 G0 F3600 X217.082 Y252.72*117
2025-06-13T17:02:20.995286+0800 ERROR finish command N246 G0 F3600 X217.082 Y252.72*117
2025-06-13T17:02:20.999383+0800 ERROR readline  T:54.4471 /10 B:50.0438 /10 @:0 B@:0 VER: 1.3.2

2025-06-13T17:02:21.006297+0800 ERROR readline ok

2025-06-13T17:02:21.017891+0800 ERROR SENT: N247 G1 F2400 X194.648 Y230.286 E292.17292*14
2025-06-13T17:02:21.017891+0800 ERROR write command N247 G1 F2400 X194.648 Y230.286 E292.17292*14
2025-06-13T17:02:21.017891+0800 ERROR second command N247 G1 F2400 X194.648 Y230.286 E292.17292*14
2025-06-13T17:02:21.020788+0800 ERROR finish command N247 G1 F2400 X194.648 Y230.286 E292.17292*14
2025-06-13T17:02:21.024182+0800 ERROR readline echo: cold extrusion prevented

2025-06-13T17:02:21.281453+0800 ERROR empty readline 0
2025-06-13T17:02:21.546302+0800 ERROR empty readline 1
2025-06-13T17:02:21.646328+0800 ERROR readline X:217.0820 Y:252.7200 Z:0.2000 E:292.1729 Count X:75979 Y:88452 Z:400 STA: 5251839

2025-06-13T17:02:21.648346+0800 ERROR readline 

2025-06-13T17:02:21.904782+0800 ERROR empty readline 0
2025-06-13T17:02:21.951985+0800 ERROR readline ok

2025-06-13T17:02:21.954497+0800 ERROR SENT: N248 G0 F3600 X194.648 Y231.135*68
2025-06-13T17:02:21.956015+0800 ERROR write command N248 G0 F3600 X194.648 Y231.135*68
2025-06-13T17:02:21.958030+0800 ERROR second command N248 G0 F3600 X194.648 Y231.135*68
2025-06-13T17:02:21.958030+0800 ERROR finish command N248 G0 F3600 X194.648 Y231.135*68
2025-06-13T17:02:21.973156+0800 ERROR readline ok

2025-06-13T17:02:21.982751+0800 ERROR SENT: N249 G1 F2400 X216.233 Y252.72 E293.772*48
2025-06-13T17:02:21.985284+0800 ERROR write command N249 G1 F2400 X216.233 Y252.72 E293.772*48
2025-06-13T17:02:21.986792+0800 ERROR second command N249 G1 F2400 X216.233 Y252.72 E293.772*48
2025-06-13T17:02:21.987804+0800 ERROR finish command N249 G1 F2400 X216.233 Y252.72 E293.772*48
2025-06-13T17:02:21.993344+0800 ERROR readline echo: cold extrusion prevented

2025-06-13T17:02:22.248421+0800 ERROR empty readline 0
2025-06-13T17:02:22.499509+0800 ERROR empty readline 1
2025-06-13T17:02:22.645663+0800 ERROR readline X:194.6480 Y:231.1350 Z:0.2000 E:293.7720 Count X:68127 Y:80897 Z:400 STA: 5251839

2025-06-13T17:02:22.647166+0800 ERROR readline 

2025-06-13T17:02:22.893444+0800 ERROR readline ok

2025-06-13T17:02:22.902092+0800 ERROR SENT: N250 G0 F3600 X215.385 Y252.72*116
2025-06-13T17:02:22.903080+0800 ERROR write command N250 G0 F3600 X215.385 Y252.72*116
2025-06-13T17:02:22.903080+0800 ERROR second command N250 G0 F3600 X215.385 Y252.72*116
2025-06-13T17:02:22.903080+0800 ERROR finish command N250 G0 F3600 X215.385 Y252.72*116
2025-06-13T17:02:22.914326+0800 ERROR readline ok

2025-06-13T17:02:22.916885+0800 ERROR SENT: N251 G1 F2400 X194.648 Y231.983 E295.30827*0
2025-06-13T17:02:22.916885+0800 ERROR write command N251 G1 F2400 X194.648 Y231.983 E295.30827*0
2025-06-13T17:02:22.918271+0800 ERROR second command N251 G1 F2400 X194.648 Y231.983 E295.30827*0
2025-06-13T17:02:22.918271+0800 ERROR finish command N251 G1 F2400 X194.648 Y231.983 E295.30827*0
2025-06-13T17:02:22.923329+0800 ERROR readline echo: cold extrusion prevented

2025-06-13T17:02:23.180457+0800 ERROR empty readline 0
2025-06-13T17:02:23.444451+0800 ERROR empty readline 1
2025-06-13T17:02:23.646046+0800 ERROR readline X:215.3850 Y:252.7200 Z:0.2000 E:295.3083 Count X:75385 Y:88452 Z:400 STA: 5251839

2025-06-13T17:02:23.646562+0800 ERROR readline 

2025-06-13T17:02:23.799382+0800 ERROR readline ok

2025-06-13T17:02:23.803413+0800 ERROR SENT: N252 G0 F3600 X194.648 Y232.832*66
2025-06-13T17:02:23.804403+0800 ERROR write command N252 G0 F3600 X194.648 Y232.832*66
2025-06-13T17:02:23.804403+0800 ERROR second command N252 G0 F3600 X194.648 Y232.832*66
2025-06-13T17:02:23.805920+0800 ERROR finish command N252 G0 F3600 X194.648 Y232.832*66
2025-06-13T17:02:23.820665+0800 ERROR readline ok

2025-06-13T17:02:23.834217+0800 ERROR SENT: N253 G1 F2400 X214.536 Y252.72 E296.78163*55
2025-06-13T17:02:23.834217+0800 ERROR write command N253 G1 F2400 X214.536 Y252.72 E296.78163*55
2025-06-13T17:02:23.835346+0800 ERROR second command N253 G1 F2400 X214.536 Y252.72 E296.78163*55
2025-06-13T17:02:23.838386+0800 ERROR finish command N253 G1 F2400 X214.536 Y252.72 E296.78163*55
2025-06-13T17:02:23.842513+0800 ERROR readline echo: cold extrusion prevented

2025-06-13T17:02:24.100194+0800 ERROR empty readline 0
2025-06-13T17:02:24.364239+0800 ERROR empty readline 1
2025-06-13T17:02:24.627286+0800 ERROR empty readline 2
2025-06-13T17:02:24.646820+0800 ERROR readline X:194.6480 Y:232.8320 Z:0.2000 E:296.7816 Count X:68127 Y:81491 Z:400 STA: 5251839

2025-06-13T17:02:24.647813+0800 ERROR readline 

2025-06-13T17:02:24.679146+0800 ERROR readline ok

2025-06-13T17:02:24.690320+0800 ERROR SENT: N254 G0 F3600 X213.688 Y252.72*126
2025-06-13T17:02:24.691420+0800 ERROR write command N254 G0 F3600 X213.688 Y252.72*126
2025-06-13T17:02:24.692448+0800 ERROR second command N254 G0 F3600 X213.688 Y252.72*126
2025-06-13T17:02:24.693444+0800 ERROR finish command N254 G0 F3600 X213.688 Y252.72*126
2025-06-13T17:02:24.700970+0800 ERROR readline ok

2025-06-13T17:02:24.705534+0800 ERROR SENT: N255 G1 F2400 X194.648 Y233.68 E298.19218*58
2025-06-13T17:02:24.706514+0800 ERROR write command N255 G1 F2400 X194.648 Y233.68 E298.19218*58
2025-06-13T17:02:24.707032+0800 ERROR second command N255 G1 F2400 X194.648 Y233.68 E298.19218*58
2025-06-13T17:02:24.709052+0800 ERROR finish command N255 G1 F2400 X194.648 Y233.68 E298.19218*58
2025-06-13T17:02:24.712757+0800 ERROR readline echo: cold extrusion prevented

2025-06-13T17:02:24.972426+0800 ERROR empty readline 0
2025-06-13T17:02:25.237064+0800 ERROR empty readline 1
2025-06-13T17:02:25.499531+0800 ERROR empty readline 2
2025-06-13T17:02:25.530231+0800 ERROR readline ok

2025-06-13T17:02:25.532239+0800 ERROR SENT: N256 G0 F3600 X194.648 Y234.529*71
2025-06-13T17:02:25.534754+0800 ERROR write command N256 G0 F3600 X194.648 Y234.529*71
2025-06-13T17:02:25.534754+0800 ERROR second command N256 G0 F3600 X194.648 Y234.529*71
2025-06-13T17:02:25.536264+0800 ERROR finish command N256 G0 F3600 X194.648 Y234.529*71
2025-06-13T17:02:25.551890+0800 ERROR readline ok

2025-06-13T17:02:25.561963+0800 ERROR SENT: N257 G1 F2400 X212.839 Y252.72 E299.53982*54
2025-06-13T17:02:25.562963+0800 ERROR write command N257 G1 F2400 X212.839 Y252.72 E299.53982*54
2025-06-13T17:02:25.562963+0800 ERROR second command N257 G1 F2400 X212.839 Y252.72 E299.53982*54
2025-06-13T17:02:25.564470+0800 ERROR finish command N257 G1 F2400 X212.839 Y252.72 E299.53982*54
2025-06-13T17:02:25.566988+0800 ERROR readline echo: cold extrusion prevented

2025-06-13T17:02:25.646482+0800 ERROR readline X:194.6480 Y:234.5290 Z:0.2000 E:299.5398 Count X:68127 Y:82085 Z:400 STA: 5251839

2025-06-13T17:02:25.648495+0800 ERROR readline 

2025-06-13T17:02:25.904885+0800 ERROR empty readline 0
2025-06-13T17:02:26.206557+0800 ERROR empty readline 1
2025-06-13T17:02:26.364488+0800 ERROR readline ok

2025-06-13T17:02:26.443551+0800 ERROR SENT: N258 G0 F3600 X211.991 Y252.72*119
2025-06-13T17:02:26.445063+0800 ERROR write command N258 G0 F3600 X211.991 Y252.72*119
2025-06-13T17:02:26.445063+0800 ERROR second command N258 G0 F3600 X211.991 Y252.72*119
2025-06-13T17:02:26.451118+0800 ERROR finish command N258 G0 F3600 X211.991 Y252.72*119
2025-06-13T17:02:26.452127+0800 ERROR readline ok

2025-06-13T17:02:26.476243+0800 ERROR SENT: N259 G1 F2400 X194.648 Y235.377 E300.82465*3
2025-06-13T17:02:26.497383+0800 ERROR write command N259 G1 F2400 X194.648 Y235.377 E300.82465*3
2025-06-13T17:02:26.504417+0800 ERROR second command N259 G1 F2400 X194.648 Y235.377 E300.82465*3
2025-06-13T17:02:26.506427+0800 ERROR finish command N259 G1 F2400 X194.648 Y235.377 E300.82465*3
2025-06-13T17:02:26.519531+0800 ERROR readline echo: cold extrusion prevented

2025-06-13T17:02:26.646236+0800 ERROR readline X:211.9910 Y:252.7200 Z:0.2000 E:300.8246 Count X:74197 Y:88452 Z:400 STA: 5251839

2025-06-13T17:02:26.657366+0800 ERROR readline 

2025-06-13T17:02:26.917317+0800 ERROR empty readline 0
2025-06-13T17:02:27.141665+0800 ERROR readline ok

2025-06-13T17:02:27.157059+0800 ERROR SENT: N260 G0 F3600 X194.648 Y236.226*72
2025-06-13T17:02:27.158056+0800 ERROR write command N260 G0 F3600 X194.648 Y236.226*72
2025-06-13T17:02:27.159562+0800 ERROR second command N260 G0 F3600 X194.648 Y236.226*72
2025-06-13T17:02:27.160578+0800 ERROR finish command N260 G0 F3600 X194.648 Y236.226*72
2025-06-13T17:02:27.163101+0800 ERROR readline ok

2025-06-13T17:02:27.166136+0800 ERROR SENT: N261 G1 F2400 X211.142 Y252.72 E302.04658*60
2025-06-13T17:02:27.166136+0800 ERROR write command N261 G1 F2400 X211.142 Y252.72 E302.04658*60
2025-06-13T17:02:27.167154+0800 ERROR second command N261 G1 F2400 X211.142 Y252.72 E302.04658*60
2025-06-13T17:02:27.168155+0800 ERROR finish command N261 G1 F2400 X211.142 Y252.72 E302.04658*60
2025-06-13T17:02:27.172694+0800 ERROR readline echo: cold extrusion prevented

2025-06-13T17:02:27.433329+0800 ERROR empty readline 0
2025-06-13T17:02:27.647304+0800 ERROR readline X:194.6480 Y:236.2260 Z:0.2000 E:302.0466 Count X:68127 Y:82679 Z:400 STA: 5251839

2025-06-13T17:02:27.649813+0800 ERROR readline 

2025-06-13T17:02:27.900246+0800 ERROR readline ok

2025-06-13T17:02:27.904767+0800 ERROR SENT: N262 G0 F3600 X210.294 Y252.72*113
2025-06-13T17:02:27.905780+0800 ERROR write command N262 G0 F3600 X210.294 Y252.72*113
2025-06-13T17:02:27.905780+0800 ERROR second command N262 G0 F3600 X210.294 Y252.72*113
2025-06-13T17:02:27.906792+0800 ERROR finish command N262 G0 F3600 X210.294 Y252.72*113
2025-06-13T17:02:27.921481+0800 ERROR readline ok

2025-06-13T17:02:27.934561+0800 ERROR SENT: N263 G1 F2400 X194.648 Y237.075 E303.20564*2
2025-06-13T17:02:27.935574+0800 ERROR write command N263 G1 F2400 X194.648 Y237.075 E303.20564*2
2025-06-13T17:02:27.936578+0800 ERROR second command N263 G1 F2400 X194.648 Y237.075 E303.20564*2
2025-06-13T17:02:27.937104+0800 ERROR finish command N263 G1 F2400 X194.648 Y237.075 E303.20564*2
2025-06-13T17:02:27.941626+0800 ERROR readline echo: cold extrusion prevented

2025-06-13T17:02:28.197134+0800 ERROR empty readline 0
2025-06-13T17:02:28.463173+0800 ERROR empty readline 1
2025-06-13T17:02:28.630878+0800 ERROR readline ok

2025-06-13T17:02:28.647034+0800 ERROR SENT: N264 G0 F3600 X194.648 Y237.923*67
2025-06-13T17:02:28.649035+0800 ERROR write command N264 G0 F3600 X194.648 Y237.923*67
2025-06-13T17:02:28.649543+0800 ERROR second command N264 G0 F3600 X194.648 Y237.923*67
2025-06-13T17:02:28.650577+0800 ERROR finish command N264 G0 F3600 X194.648 Y237.923*67
2025-06-13T17:02:28.650577+0800 ERROR readline X:194.6480 Y:237.0750 Z:0.2000 E:303.2056 Count X:68127 Y:82976 Z:400 STA: 5251839

2025-06-13T17:02:28.651559+0800 ERROR readline 

2025-06-13T17:02:28.653658+0800 ERROR readline ok

2025-06-13T17:02:28.662814+0800 ERROR SENT: N265 G1 F2400 X209.445 Y252.72 E304.30185*53
2025-06-13T17:02:28.664328+0800 ERROR write command N265 G1 F2400 X209.445 Y252.72 E304.30185*53
2025-06-13T17:02:28.665347+0800 ERROR second command N265 G1 F2400 X209.445 Y252.72 E304.30185*53
2025-06-13T17:02:28.667878+0800 ERROR finish command N265 G1 F2400 X209.445 Y252.72 E304.30185*53
2025-06-13T17:02:28.670412+0800 ERROR readline echo: cold extrusion prevented

2025-06-13T17:02:28.930273+0800 ERROR empty readline 0
2025-06-13T17:02:29.194253+0800 ERROR empty readline 1
2025-06-13T17:02:29.330326+0800 ERROR readline ok

2025-06-13T17:02:29.335847+0800 ERROR SENT: N266 G0 F3600 X208.597 Y252.72*120
2025-06-13T17:02:29.337332+0800 ERROR write command N266 G0 F3600 X208.597 Y252.72*120
2025-06-13T17:02:29.337848+0800 ERROR second command N266 G0 F3600 X208.597 Y252.72*120
2025-06-13T17:02:29.339298+0800 ERROR finish command N266 G0 F3600 X208.597 Y252.72*120
2025-06-13T17:02:29.352495+0800 ERROR readline ok

2025-06-13T17:02:29.367678+0800 ERROR SENT: N267 G1 F2400 X194.648 Y238.772 E305.3352*61
2025-06-13T17:02:29.367678+0800 ERROR write command N267 G1 F2400 X194.648 Y238.772 E305.3352*61
2025-06-13T17:02:29.367678+0800 ERROR second command N267 G1 F2400 X194.648 Y238.772 E305.3352*61
2025-06-13T17:02:29.369224+0800 ERROR finish command N267 G1 F2400 X194.648 Y238.772 E305.3352*61
2025-06-13T17:02:29.374302+0800 ERROR readline echo: cold extrusion prevented

2025-06-13T17:02:29.629687+0800 ERROR empty readline 0
2025-06-13T17:02:29.644646+0800 ERROR readline X:208.5970 Y:252.7200 Z:0.2000 E:305.3352 Count X:73009 Y:88452 Z:400 STA: 5251839

2025-06-13T17:02:29.649488+0800 ERROR readline 

2025-06-13T17:02:29.910443+0800 ERROR empty readline 0
2025-06-13T17:02:30.001528+0800 ERROR readline ok

2025-06-13T17:02:30.004556+0800 ERROR SENT: N268 G0 F3600 X194.648 Y239.62*125
2025-06-13T17:02:30.005882+0800 ERROR write command N268 G0 F3600 X194.648 Y239.62*125
2025-06-13T17:02:30.006904+0800 ERROR second command N268 G0 F3600 X194.648 Y239.62*125
2025-06-13T17:02:30.006904+0800 ERROR finish command N268 G0 F3600 X194.648 Y239.62*125
2025-06-13T17:02:30.021338+0800 ERROR readline ok

2025-06-13T17:02:30.036663+0800 ERROR SENT: N269 G1 F2400 X207.748 Y252.72 E306.30569*61
2025-06-13T17:02:30.037814+0800 ERROR write command N269 G1 F2400 X207.748 Y252.72 E306.30569*61
2025-06-13T17:02:30.039087+0800 ERROR second command N269 G1 F2400 X207.748 Y252.72 E306.30569*61
2025-06-13T17:02:30.042126+0800 ERROR finish command N269 G1 F2400 X207.748 Y252.72 E306.30569*61
2025-06-13T17:02:30.043108+0800 ERROR readline echo: cold extrusion prevented

2025-06-13T17:02:30.050638+0800 INFO M105

2025-06-13T17:02:30.304134+0800 ERROR empty readline 0
2025-06-13T17:02:30.566984+0800 ERROR empty readline 1
2025-06-13T17:02:30.639345+0800 ERROR readline ok

2025-06-13T17:02:30.644425+0800 ERROR readline X:207.7480 Y:252.7200 Z:0.2000 E:306.3057 Count X:72712 Y:88452 Z:400 STA: 5251839

2025-06-13T17:02:30.645945+0800 ERROR SENT: M105

2025-06-13T17:02:30.648207+0800 ERROR write command M105

2025-06-13T17:02:30.648207+0800 ERROR readline 

2025-06-13T17:02:30.649289+0800 ERROR second command M105

2025-06-13T17:02:30.649289+0800 ERROR finish command M105

2025-06-13T17:02:30.651836+0800 ERROR readline ok

2025-06-13T17:02:30.656384+0800 ERROR readline  T:53.7260 /10 B:49.9125 /10 @:0 B@:0 VER: 1.3.2

2025-06-13T17:02:30.661450+0800 ERROR SENT: N270 G0 F3600 X206.899 Y252.72*114
2025-06-13T17:02:30.661450+0800 ERROR write command N270 G0 F3600 X206.899 Y252.72*114
2025-06-13T17:02:30.662823+0800 ERROR second command N270 G0 F3600 X206.899 Y252.72*114
2025-06-13T17:02:30.664326+0800 ERROR finish command N270 G0 F3600 X206.899 Y252.72*114
2025-06-13T17:02:30.665354+0800 ERROR readline ok

2025-06-13T17:02:30.676287+0800 ERROR SENT: N271 G1 F2400 X194.648 Y240.469 E307.21328*3
2025-06-13T17:02:30.676800+0800 ERROR write command N271 G1 F2400 X194.648 Y240.469 E307.21328*3
2025-06-13T17:02:30.678751+0800 ERROR second command N271 G1 F2400 X194.648 Y240.469 E307.21328*3
2025-06-13T17:02:30.680283+0800 ERROR finish command N271 G1 F2400 X194.648 Y240.469 E307.21328*3
2025-06-13T17:02:30.683278+0800 ERROR readline echo: cold extrusion prevented

2025-06-13T17:02:30.943017+0800 ERROR empty readline 0
2025-06-13T17:02:31.206035+0800 ERROR empty readline 1
2025-06-13T17:02:31.249807+0800 ERROR readline ok

2025-06-13T17:02:31.252816+0800 ERROR SENT: N272 G0 F3600 X194.648 Y241.317*72
2025-06-13T17:02:31.254843+0800 ERROR write command N272 G0 F3600 X194.648 Y241.317*72
2025-06-13T17:02:31.256367+0800 ERROR second command N272 G0 F3600 X194.648 Y241.317*72
2025-06-13T17:02:31.256367+0800 ERROR finish command N272 G0 F3600 X194.648 Y241.317*72
2025-06-13T17:02:31.270555+0800 ERROR readline ok

2025-06-13T17:02:31.284238+0800 ERROR SENT: N273 G1 F2400 X206.051 Y252.72 E308.05805*55
2025-06-13T17:02:31.285270+0800 ERROR write command N273 G1 F2400 X206.051 Y252.72 E308.05805*55
2025-06-13T17:02:31.286264+0800 ERROR second command N273 G1 F2400 X206.051 Y252.72 E308.05805*55
2025-06-13T17:02:31.289874+0800 ERROR finish command N273 G1 F2400 X206.051 Y252.72 E308.05805*55
2025-06-13T17:02:31.292752+0800 ERROR readline echo: cold extrusion prevented

2025-06-13T17:02:31.550759+0800 ERROR empty readline 0
2025-06-13T17:02:31.645562+0800 ERROR readline X:194.6480 Y:241.3170 Z:0.2000 E:308.0580 Count X:68127 Y:84461 Z:400 STA: 5251839

2025-06-13T17:02:31.647076+0800 ERROR readline 

2025-06-13T17:02:31.827935+0800 ERROR readline ok

2025-06-13T17:02:31.831470+0800 ERROR SENT: N274 G0 F3600 X205.202 Y252.72*125
2025-06-13T17:02:31.832478+0800 ERROR write command N274 G0 F3600 X205.202 Y252.72*125
2025-06-13T17:02:31.833500+0800 ERROR second command N274 G0 F3600 X205.202 Y252.72*125
2025-06-13T17:02:31.833500+0800 ERROR finish command N274 G0 F3600 X205.202 Y252.72*125
2025-06-13T17:02:31.849378+0800 ERROR readline ok

2025-06-13T17:02:31.861810+0800 ERROR SENT: N275 G1 F2400 X194.648 Y242.166 E308.83993*2
2025-06-13T17:02:31.862814+0800 ERROR write command N275 G1 F2400 X194.648 Y242.166 E308.83993*2
2025-06-13T17:02:31.863327+0800 ERROR second command N275 G1 F2400 X194.648 Y242.166 E308.83993*2
2025-06-13T17:02:31.864338+0800 ERROR finish command N275 G1 F2400 X194.648 Y242.166 E308.83993*2
2025-06-13T17:02:31.868303+0800 ERROR readline echo: cold extrusion prevented

2025-06-13T17:02:32.125432+0800 ERROR empty readline 0
2025-06-13T17:02:32.376420+0800 ERROR readline ok

2025-06-13T17:02:32.390569+0800 ERROR SENT: N276 G0 F3600 X194.648 Y243.014*78
2025-06-13T17:02:32.391484+0800 ERROR write command N276 G0 F3600 X194.648 Y243.014*78
2025-06-13T17:02:32.392494+0800 ERROR second command N276 G0 F3600 X194.648 Y243.014*78
2025-06-13T17:02:32.392494+0800 ERROR finish command N276 G0 F3600 X194.648 Y243.014*78
2025-06-13T17:02:32.397471+0800 ERROR readline ok

2025-06-13T17:02:32.406095+0800 ERROR SENT: N277 G1 F2400 X204.354 Y252.72 E309.55898*55
2025-06-13T17:02:32.406609+0800 ERROR write command N277 G1 F2400 X204.354 Y252.72 E309.55898*55
2025-06-13T17:02:32.407632+0800 ERROR second command N277 G1 F2400 X204.354 Y252.72 E309.55898*55
2025-06-13T17:02:32.407632+0800 ERROR finish command N277 G1 F2400 X204.354 Y252.72 E309.55898*55
2025-06-13T17:02:32.411167+0800 ERROR readline echo: cold extrusion prevented

2025-06-13T17:02:32.645492+0800 ERROR readline X:194.6480 Y:243.0140 Z:0.2000 E:309.5590 Count X:68127 Y:85055 Z:400 STA: 5251839

2025-06-13T17:02:32.649025+0800 ERROR readline 

2025-06-13T17:02:32.895610+0800 ERROR readline ok

2025-06-13T17:02:32.905876+0800 ERROR SENT: N278 G0 F3600 X203.505 Y252.72*119
2025-06-13T17:02:32.907622+0800 ERROR write command N278 G0 F3600 X203.505 Y252.72*119
2025-06-13T17:02:32.909139+0800 ERROR second command N278 G0 F3600 X203.505 Y252.72*119
2025-06-13T17:02:32.910721+0800 ERROR finish command N278 G0 F3600 X203.505 Y252.72*119
2025-06-13T17:02:32.918362+0800 ERROR readline ok

2025-06-13T17:02:32.921836+0800 ERROR SENT: N279 G1 F2400 X194.648 Y243.863 E310.21513*6
2025-06-13T17:02:32.922631+0800 ERROR write command N279 G1 F2400 X194.648 Y243.863 E310.21513*6
2025-06-13T17:02:32.922631+0800 ERROR second command N279 G1 F2400 X194.648 Y243.863 E310.21513*6
2025-06-13T17:02:32.925186+0800 ERROR finish command N279 G1 F2400 X194.648 Y243.863 E310.21513*6
2025-06-13T17:02:32.927664+0800 ERROR readline echo: cold extrusion prevented

2025-06-13T17:02:33.187709+0800 ERROR empty readline 0
2025-06-13T17:02:33.384156+0800 ERROR readline ok

2025-06-13T17:02:33.392987+0800 ERROR SENT: N280 G0 F3600 X194.648 Y244.711*66
2025-06-13T17:02:33.394500+0800 ERROR write command N280 G0 F3600 X194.648 Y244.711*66
2025-06-13T17:02:33.394500+0800 ERROR second command N280 G0 F3600 X194.648 Y244.711*66
2025-06-13T17:02:33.396035+0800 ERROR finish command N280 G0 F3600 X194.648 Y244.711*66
2025-06-13T17:02:33.405082+0800 ERROR readline ok

2025-06-13T17:02:33.408600+0800 ERROR SENT: N281 G1 F2400 X202.657 Y252.72 E310.80847*60
2025-06-13T17:02:33.409605+0800 ERROR write command N281 G1 F2400 X202.657 Y252.72 E310.80847*60
2025-06-13T17:02:33.410118+0800 ERROR second command N281 G1 F2400 X202.657 Y252.72 E310.80847*60
2025-06-13T17:02:33.411160+0800 ERROR finish command N281 G1 F2400 X202.657 Y252.72 E310.80847*60
2025-06-13T17:02:33.414133+0800 ERROR readline echo: cold extrusion prevented

2025-06-13T17:02:33.644547+0800 ERROR readline X:194.6480 Y:244.7110 Z:0.2000 E:310.8085 Count X:68127 Y:85649 Z:400 STA: 5251839

2025-06-13T17:02:33.647597+0800 ERROR readline 

2025-06-13T17:02:33.842844+0800 ERROR readline ok

2025-06-13T17:02:33.846886+0800 ERROR SENT: N282 G0 F3600 X201.808 Y252.72*112
2025-06-13T17:02:33.847900+0800 ERROR write command N282 G0 F3600 X201.808 Y252.72*112
2025-06-13T17:02:33.849410+0800 ERROR second command N282 G0 F3600 X201.808 Y252.72*112
2025-06-13T17:02:33.850424+0800 ERROR finish command N282 G0 F3600 X201.808 Y252.72*112
2025-06-13T17:02:33.864512+0800 ERROR readline ok

2025-06-13T17:02:33.876204+0800 ERROR SENT: N283 G1 F2400 X194.648 Y245.56 E311.3389*15
2025-06-13T17:02:33.876717+0800 ERROR write command N283 G1 F2400 X194.648 Y245.56 E311.3389*15
2025-06-13T17:02:33.877910+0800 ERROR second command N283 G1 F2400 X194.648 Y245.56 E311.3389*15
2025-06-13T17:02:33.877910+0800 ERROR finish command N283 G1 F2400 X194.648 Y245.56 E311.3389*15
2025-06-13T17:02:33.882457+0800 ERROR readline echo: cold extrusion prevented

2025-06-13T17:02:34.139689+0800 ERROR empty readline 0
2025-06-13T17:02:34.271826+0800 ERROR readline ok

2025-06-13T17:02:34.281580+0800 ERROR SENT: N284 G0 F3600 X194.648 Y246.408*79
2025-06-13T17:02:34.282577+0800 ERROR write command N284 G0 F3600 X194.648 Y246.408*79
2025-06-13T17:02:34.284608+0800 ERROR second command N284 G0 F3600 X194.648 Y246.408*79
2025-06-13T17:02:34.284608+0800 ERROR finish command N284 G0 F3600 X194.648 Y246.408*79
2025-06-13T17:02:34.292854+0800 ERROR readline ok

2025-06-13T17:02:34.296875+0800 ERROR SENT: N285 G1 F2400 X200.96 Y252.72 E311.80651*9
2025-06-13T17:02:34.296875+0800 ERROR write command N285 G1 F2400 X200.96 Y252.72 E311.80651*9
2025-06-13T17:02:34.298316+0800 ERROR second command N285 G1 F2400 X200.96 Y252.72 E311.80651*9
2025-06-13T17:02:34.300347+0800 ERROR finish command N285 G1 F2400 X200.96 Y252.72 E311.80651*9
2025-06-13T17:02:34.304870+0800 ERROR readline echo: cold extrusion prevented

2025-06-13T17:02:34.561567+0800 ERROR empty readline 0
2025-06-13T17:02:34.644296+0800 ERROR readline X:194.6480 Y:246.4080 Z:0.2000 E:311.8065 Count X:68127 Y:86243 Z:400 STA: 5251839

2025-06-13T17:02:34.645295+0800 ERROR readline 

2025-06-13T17:02:34.670988+0800 ERROR readline ok

2025-06-13T17:02:34.686976+0800 ERROR SENT: N286 G0 F3600 X200.111 Y252.72*116
2025-06-13T17:02:34.686976+0800 ERROR write command N286 G0 F3600 X200.111 Y252.72*116
2025-06-13T17:02:34.688262+0800 ERROR second command N286 G0 F3600 X200.111 Y252.72*116
2025-06-13T17:02:34.688262+0800 ERROR finish command N286 G0 F3600 X200.111 Y252.72*116
2025-06-13T17:02:34.690866+0800 ERROR readline ok

2025-06-13T17:02:34.702441+0800 ERROR SENT: N287 G1 F2400 X194.648 Y247.257 E312.21123*11
2025-06-13T17:02:34.702441+0800 ERROR write command N287 G1 F2400 X194.648 Y247.257 E312.21123*11
2025-06-13T17:02:34.704109+0800 ERROR second command N287 G1 F2400 X194.648 Y247.257 E312.21123*11
2025-06-13T17:02:34.704646+0800 ERROR finish command N287 G1 F2400 X194.648 Y247.257 E312.21123*11
2025-06-13T17:02:34.709225+0800 ERROR readline echo: cold extrusion prevented

2025-06-13T17:02:34.966871+0800 ERROR empty readline 0
2025-06-13T17:02:35.037668+0800 ERROR readline ok

2025-06-13T17:02:35.046562+0800 ERROR SENT: N288 G0 F3600 X194.648 Y248.105*69
2025-06-13T17:02:35.046562+0800 ERROR write command N288 G0 F3600 X194.648 Y248.105*69
2025-06-13T17:02:35.047579+0800 ERROR second command N288 G0 F3600 X194.648 Y248.105*69
2025-06-13T17:02:35.047579+0800 ERROR finish command N288 G0 F3600 X194.648 Y248.105*69
2025-06-13T17:02:35.059300+0800 ERROR readline ok

2025-06-13T17:02:35.061389+0800 ERROR SENT: N289 G1 F2400 X199.263 Y252.72 E312.55313*54
2025-06-13T17:02:35.061389+0800 ERROR write command N289 G1 F2400 X199.263 Y252.72 E312.55313*54
2025-06-13T17:02:35.062805+0800 ERROR second command N289 G1 F2400 X199.263 Y252.72 E312.55313*54
2025-06-13T17:02:35.064316+0800 ERROR finish command N289 G1 F2400 X199.263 Y252.72 E312.55313*54
2025-06-13T17:02:35.066333+0800 ERROR readline echo: cold extrusion prevented

2025-06-13T17:02:35.323529+0800 ERROR empty readline 0
2025-06-13T17:02:35.378023+0800 ERROR readline ok

2025-06-13T17:02:35.387929+0800 ERROR SENT: N290 G0 F3600 X198.414 Y252.72*113
2025-06-13T17:02:35.387929+0800 ERROR write command N290 G0 F3600 X198.414 Y252.72*113
2025-06-13T17:02:35.390009+0800 ERROR second command N290 G0 F3600 X198.414 Y252.72*113
2025-06-13T17:02:35.390530+0800 ERROR finish command N290 G0 F3600 X198.414 Y252.72*113
2025-06-13T17:02:35.399081+0800 ERROR readline ok

2025-06-13T17:02:35.402612+0800 ERROR SENT: N291 G1 F2400 X194.648 Y248.954 E312.83212*2
2025-06-13T17:02:35.403495+0800 ERROR write command N291 G1 F2400 X194.648 Y248.954 E312.83212*2
2025-06-13T17:02:35.405168+0800 ERROR second command N291 G1 F2400 X194.648 Y248.954 E312.83212*2
2025-06-13T17:02:35.406169+0800 ERROR finish command N291 G1 F2400 X194.648 Y248.954 E312.83212*2
2025-06-13T17:02:35.409479+0800 ERROR readline echo: cold extrusion prevented

2025-06-13T17:02:35.644271+0800 ERROR readline X:198.4140 Y:252.7200 Z:0.2000 E:312.8321 Count X:69445 Y:88452 Z:400 STA: 5251839

2025-06-13T17:02:35.645303+0800 ERROR readline 

2025-06-13T17:02:35.684461+0800 ERROR readline ok

2025-06-13T17:02:35.697601+0800 ERROR SENT: N292 G0 F3600 X194.648 Y249.802*65
2025-06-13T17:02:35.698588+0800 ERROR write command N292 G0 F3600 X194.648 Y249.802*65
2025-06-13T17:02:35.699328+0800 ERROR second command N292 G0 F3600 X194.648 Y249.802*65
2025-06-13T17:02:35.700349+0800 ERROR finish command N292 G0 F3600 X194.648 Y249.802*65
2025-06-13T17:02:35.704873+0800 ERROR readline ok

2025-06-13T17:02:35.712865+0800 ERROR SENT: N293 G1 F2400 X197.566 Y252.72 E313.0483*14
2025-06-13T17:02:35.712865+0800 ERROR write command N293 G1 F2400 X197.566 Y252.72 E313.0483*14
2025-06-13T17:02:35.714372+0800 ERROR second command N293 G1 F2400 X197.566 Y252.72 E313.0483*14
2025-06-13T17:02:35.715883+0800 ERROR finish command N293 G1 F2400 X197.566 Y252.72 E313.0483*14
2025-06-13T17:02:35.717893+0800 ERROR readline echo: cold extrusion prevented

2025-06-13T17:02:35.962280+0800 ERROR readline ok

2025-06-13T17:02:35.977901+0800 ERROR SENT: N294 G0 F3600 X196.717 Y252.72*123
2025-06-13T17:02:35.979415+0800 ERROR write command N294 G0 F3600 X196.717 Y252.72*123
2025-06-13T17:02:35.980726+0800 ERROR second command N294 G0 F3600 X196.717 Y252.72*123
2025-06-13T17:02:35.980726+0800 ERROR finish command N294 G0 F3600 X196.717 Y252.72*123
2025-06-13T17:02:35.982760+0800 ERROR readline ok

2025-06-13T17:02:35.992676+0800 ERROR SENT: N295 G1 F2400 X194.648 Y250.651 E313.20158*0
2025-06-13T17:02:35.992676+0800 ERROR write command N295 G1 F2400 X194.648 Y250.651 E313.20158*0
2025-06-13T17:02:35.994756+0800 ERROR second command N295 G1 F2400 X194.648 Y250.651 E313.20158*0
2025-06-13T17:02:35.996270+0800 ERROR finish command N295 G1 F2400 X194.648 Y250.651 E313.20158*0
2025-06-13T17:02:36.000302+0800 ERROR readline echo: cold extrusion prevented

2025-06-13T17:02:36.209057+0800 ERROR readline ok

2025-06-13T17:02:36.226313+0800 ERROR SENT: N296 G0 F3600 X194.648 Y251.499*66
2025-06-13T17:02:36.227591+0800 ERROR write command N296 G0 F3600 X194.648 Y251.499*66
2025-06-13T17:02:36.228611+0800 ERROR second command N296 G0 F3600 X194.648 Y251.499*66
2025-06-13T17:02:36.228611+0800 ERROR finish command N296 G0 F3600 X194.648 Y251.499*66
2025-06-13T17:02:36.230849+0800 ERROR readline ok

2025-06-13T17:02:36.242103+0800 ERROR SENT: N297 G1 F2400 X195.869 Y252.72 E313.29203*63
2025-06-13T17:02:36.243259+0800 ERROR write command N297 G1 F2400 X195.869 Y252.72 E313.29203*63
2025-06-13T17:02:36.244278+0800 ERROR second command N297 G1 F2400 X195.869 Y252.72 E313.29203*63
2025-06-13T17:02:36.246306+0800 ERROR finish command N297 G1 F2400 X195.869 Y252.72 E313.29203*63
2025-06-13T17:02:36.249214+0800 ERROR readline echo: cold extrusion prevented

2025-06-13T17:02:36.427050+0800 ERROR readline ok

2025-06-13T17:02:36.441694+0800 ERROR SENT: N298 G0 F3600 X195.02 Y252.72*71
2025-06-13T17:02:36.442681+0800 ERROR write command N298 G0 F3600 X195.02 Y252.72*71
2025-06-13T17:02:36.444249+0800 ERROR second command N298 G0 F3600 X195.02 Y252.72*71
2025-06-13T17:02:36.444249+0800 ERROR finish command N298 G0 F3600 X195.02 Y252.72*71
2025-06-13T17:02:36.447843+0800 ERROR readline ok

2025-06-13T17:02:36.456973+0800 ERROR SENT: N299 G1 F2400 X194.648 Y252.348 E313.31959*10
2025-06-13T17:02:36.457957+0800 ERROR write command N299 G1 F2400 X194.648 Y252.348 E313.31959*10
2025-06-13T17:02:36.457957+0800 ERROR second command N299 G1 F2400 X194.648 Y252.348 E313.31959*10
2025-06-13T17:02:36.459017+0800 ERROR finish command N299 G1 F2400 X194.648 Y252.348 E313.31959*10
2025-06-13T17:02:36.462653+0800 ERROR readline echo: cold extrusion prevented

2025-06-13T17:02:36.614388+0800 ERROR readline ok

2025-06-13T17:02:36.627737+0800 ERROR SENT: N300 G0 F3600 X194.692 Y252.348*67
2025-06-13T17:02:36.627737+0800 ERROR write command N300 G0 F3600 X194.692 Y252.348*67
2025-06-13T17:02:36.629258+0800 ERROR second command N300 G0 F3600 X194.692 Y252.348*67
2025-06-13T17:02:36.630283+0800 ERROR finish command N300 G0 F3600 X194.692 Y252.348*67
2025-06-13T17:02:36.634807+0800 ERROR readline ok

2025-06-13T17:02:36.643390+0800 ERROR SENT: N301 G1 F3600 E310.81959*12
2025-06-13T17:02:36.644378+0800 ERROR write command N301 G1 F3600 E310.81959*12
2025-06-13T17:02:36.645403+0800 ERROR second command N301 G1 F3600 E310.81959*12
2025-06-13T17:02:36.646430+0800 ERROR finish command N301 G1 F3600 E310.81959*12
2025-06-13T17:02:36.651447+0800 ERROR readline X:194.6920 Y:252.3480 Z:0.2000 E:313.3196 Count X:68142 Y:88322 Z:400 STA: 5251839

2025-06-13T17:02:36.652455+0800 ERROR readline 

2025-06-13T17:02:36.660072+0800 ERROR readline echo: cold extrusion prevented

2025-06-13T17:02:36.771983+0800 ERROR readline ok

2025-06-13T17:02:36.783055+0800 ERROR SENT: N302 M140 S0*100
2025-06-13T17:02:36.784628+0800 ERROR write command N302 M140 S0*100
2025-06-13T17:02:36.785654+0800 ERROR second command N302 M140 S0*100
2025-06-13T17:02:36.786169+0800 ERROR finish command N302 M140 S0*100
2025-06-13T17:02:36.787205+0800 ERROR readline ok

2025-06-13T17:02:36.798307+0800 ERROR SENT: N303 M104 S0*101
2025-06-13T17:02:36.798307+0800 ERROR write command N303 M104 S0*101
2025-06-13T17:02:36.799301+0800 ERROR second command N303 M104 S0*101
2025-06-13T17:02:36.799301+0800 ERROR finish command N303 M104 S0*101
2025-06-13T17:02:36.800845+0800 ERROR readline ok

2025-06-13T17:02:36.813014+0800 ERROR SENT: N304 M140 S0*98
2025-06-13T17:02:36.813014+0800 ERROR write command N304 M140 S0*98
2025-06-13T17:02:36.813014+0800 ERROR second command N304 M140 S0*98
2025-06-13T17:02:36.813014+0800 ERROR finish command N304 M140 S0*98
2025-06-13T17:02:36.815086+0800 ERROR readline ok

2025-06-13T17:02:36.816602+0800 ERROR SENT: N305 G92 E1*64
2025-06-13T17:02:36.818206+0800 ERROR write command N305 G92 E1*64
2025-06-13T17:02:36.819226+0800 ERROR second command N305 G92 E1*64
2025-06-13T17:02:36.820246+0800 ERROR finish command N305 G92 E1*64
2025-06-13T17:02:36.827972+0800 ERROR readline X:194.6920 Y:252.3480 Z:0.2000 E:1.0000 Count X:68394 Y:87698 Z:400 STA: 5251839

2025-06-13T17:02:36.830502+0800 ERROR readline 

2025-06-13T17:02:36.832757+0800 ERROR readline ok

2025-06-13T17:02:36.846779+0800 ERROR SENT: N306 G1 E-1 F300*1
2025-06-13T17:02:36.847804+0800 ERROR write command N306 G1 E-1 F300*1
2025-06-13T17:02:36.849318+0800 ERROR second command N306 G1 E-1 F300*1
2025-06-13T17:02:36.850341+0800 ERROR finish command N306 G1 E-1 F300*1
2025-06-13T17:02:36.854358+0800 ERROR readline echo: cold extrusion prevented

2025-06-13T17:02:36.856382+0800 ERROR readline ok

2025-06-13T17:02:36.861452+0800 ERROR SENT: N307 G28 X0 Y0*22
2025-06-13T17:02:36.862468+0800 ERROR write command N307 G28 X0 Y0*22
2025-06-13T17:02:36.863475+0800 ERROR second command N307 G28 X0 Y0*22
2025-06-13T17:02:36.864469+0800 ERROR finish command N307 G28 X0 Y0*22
2025-06-13T17:02:37.112070+0800 ERROR empty readline 0
2025-06-13T17:02:37.372169+0800 ERROR empty readline 1
2025-06-13T17:02:37.639182+0800 ERROR empty readline 2
2025-06-13T17:02:37.644715+0800 ERROR readline X:194.6920 Y:252.3480 Z:5.0000 E:-1.0000 Count X:68142 Y:88322 Z:10000 STA: 5251839

2025-06-13T17:02:37.648253+0800 ERROR readline 

2025-06-13T17:02:37.902409+0800 ERROR empty readline 0
2025-06-13T17:02:38.166211+0800 ERROR empty readline 1
2025-06-13T17:02:38.430661+0800 ERROR empty readline 2
2025-06-13T17:02:38.645255+0800 ERROR readline X:194.6920 Y:252.3480 Z:5.0000 E:-1.0000 Count X:-630000 Y:88322 Z:10000 STA: 5251839

2025-06-13T17:02:38.646289+0800 ERROR readline 

2025-06-13T17:02:38.864282+0800 ERROR readline echo:busy: processing

2025-06-13T17:02:39.131341+0800 ERROR empty readline 0
2025-06-13T17:02:39.396713+0800 ERROR empty readline 1
2025-06-13T17:02:39.520421+0800 INFO M105

2025-06-13T17:02:39.642785+0800 ERROR readline X:194.6920 Y:252.3480 Z:5.0000 E:-1.0000 Count X:-630000 Y:88322 Z:10000 STA: 5251839

2025-06-13T17:02:39.645311+0800 ERROR readline 

2025-06-13T17:02:39.910510+0800 ERROR empty readline 0
2025-06-13T17:02:40.175274+0800 ERROR empty readline 1
2025-06-13T17:02:40.438982+0800 ERROR empty readline 2
2025-06-13T17:02:40.642306+0800 ERROR readline X:194.6920 Y:252.3480 Z:5.0000 E:-1.0000 Count X:-630000 Y:88322 Z:10000 STA: 5251839

2025-06-13T17:02:40.645250+0800 ERROR readline 

2025-06-13T17:02:40.864606+0800 ERROR readline echo:busy: processing

2025-06-13T17:02:41.125963+0800 ERROR empty readline 0
2025-06-13T17:02:41.392106+0800 ERROR empty readline 1
2025-06-13T17:02:41.642252+0800 ERROR readline X:194.6920 Y:252.3480 Z:5.0000 E:-1.0000 Count X:-630000 Y:88322 Z:10000 STA: 5251839

2025-06-13T17:02:41.644260+0800 ERROR readline 

2025-06-13T17:02:41.904896+0800 ERROR empty readline 0
2025-06-13T17:02:42.155547+0800 ERROR empty readline 1
2025-06-13T17:02:42.419250+0800 ERROR empty readline 2
2025-06-13T17:02:42.644178+0800 ERROR readline X:194.6920 Y:252.3480 Z:5.0000 E:-1.0000 Count X:1750 Y:88322 Z:10000 STA: 5251838

2025-06-13T17:02:42.645199+0800 ERROR readline 

2025-06-13T17:02:42.864157+0800 ERROR readline echo:busy: processing

2025-06-13T17:02:43.116378+0800 ERROR empty readline 0
2025-06-13T17:02:43.381002+0800 ERROR empty readline 1
2025-06-13T17:02:43.643443+0800 ERROR readline X:0.0000 Y:252.3480 Z:5.0000 E:-1.0000 Count X:0 Y:-315000 Z:10000 STA: 5251838

2025-06-13T17:02:43.649413+0800 ERROR readline 

2025-06-13T17:02:43.908247+0800 ERROR empty readline 0
2025-06-13T17:02:44.173097+0800 ERROR empty readline 1
2025-06-13T17:02:44.438257+0800 ERROR empty readline 2
2025-06-13T17:02:44.736635+0800 ERROR readline X:0.0000 Y:252.3480 Z:5.0000 E:-1.0000 Count X:0 Y:-315000 Z:10000 STA: 5251838

2025-06-13T17:02:44.821954+0800 ERROR readline 

2025-06-13T17:02:44.862433+0800 ERROR readline echo:busy: processing

2025-06-13T17:02:45.114468+0800 ERROR empty readline 0
2025-06-13T17:02:45.376443+0800 ERROR empty readline 1
2025-06-13T17:02:45.641541+0800 ERROR readline X:0.0000 Y:252.3480 Z:5.0000 E:-1.0000 Count X:0 Y:-315000 Z:10000 STA: 5251838

2025-06-13T17:02:45.642554+0800 ERROR readline 

2025-06-13T17:02:45.915384+0800 ERROR empty readline 0
2025-06-13T17:02:46.165918+0800 ERROR empty readline 1
2025-06-13T17:02:46.417233+0800 ERROR empty readline 2
2025-06-13T17:02:46.642175+0800 ERROR readline X:0.0000 Y:252.3480 Z:5.0000 E:-1.0000 Count X:0 Y:-315000 Z:10000 STA: 5251838

2025-06-13T17:02:46.643171+0800 ERROR readline 

2025-06-13T17:02:46.862590+0800 ERROR readline echo:busy: processing

2025-06-13T17:02:47.117585+0800 ERROR empty readline 0
2025-06-13T17:02:47.381913+0800 ERROR empty readline 1
2025-06-13T17:02:47.644634+0800 ERROR readline X:0.0000 Y:252.3480 Z:5.0000 E:-1.0000 Count X:0 Y:-315000 Z:10000 STA: 5251838

2025-06-13T17:02:47.646198+0800 ERROR readline 

2025-06-13T17:02:47.896869+0800 ERROR empty readline 0
2025-06-13T17:02:48.160295+0800 ERROR empty readline 1
2025-06-13T17:02:48.421424+0800 ERROR empty readline 2
2025-06-13T17:02:48.651601+0800 ERROR readline X:0.0000 Y:252.3480 Z:5.0000 E:-1.0000 Count X:0 Y:-3500 Z:10000 STA: 5251838

2025-06-13T17:02:48.652609+0800 ERROR readline 

2025-06-13T17:02:48.698416+0800 ERROR readline X:0.0000 Y:0.0000 Z:5.0000 E:-1.0000 Count X:0 Y:0 Z:10000 STA: 5251834

2025-06-13T17:02:48.699413+0800 ERROR readline 

2025-06-13T17:02:48.703015+0800 ERROR readline ok

2025-06-13T17:02:48.703015+0800 ERROR readline msgdone

2025-06-13T17:02:48.717217+0800 ERROR SENT: M105

2025-06-13T17:02:48.717217+0800 ERROR write command M105

2025-06-13T17:02:48.718473+0800 ERROR second command M105

2025-06-13T17:02:48.718473+0800 ERROR finish command M105

2025-06-13T17:02:48.719551+0800 ERROR readline ok

2025-06-13T17:02:48.721791+0800 ERROR readline  T:52.7644 /0 B:49.8375 /0 @:0 B@:0 VER: 1.3.2

2025-06-13T17:02:48.733209+0800 ERROR SENT: N308 M84*20
2025-06-13T17:02:48.734194+0800 ERROR write command N308 M84*20
2025-06-13T17:02:48.734194+0800 ERROR second command N308 M84*20
2025-06-13T17:02:48.735241+0800 ERROR finish command N308 M84*20
2025-06-13T17:02:48.736267+0800 ERROR readline ok

2025-06-13T17:02:48.749488+0800 ERROR SENT: N309 M82*19
2025-06-13T17:02:48.750204+0800 ERROR write command N309 M82*19
2025-06-13T17:02:48.750204+0800 ERROR second command N309 M82*19
2025-06-13T17:02:48.750204+0800 ERROR finish command N309 M82*19
2025-06-13T17:02:48.751200+0800 ERROR readline ok

2025-06-13T17:02:48.752747+0800 ERROR SENT: N310 M104 S0*103
2025-06-13T17:02:48.752747+0800 ERROR write command N310 M104 S0*103
2025-06-13T17:02:48.754205+0800 ERROR second command N310 M104 S0*103
2025-06-13T17:02:48.755224+0800 ERROR readline ok

2025-06-13T17:02:48.755224+0800 ERROR finish command N310 M104 S0*103
2025-06-13T17:02:48.756760+0800 ERROR SENT: N-1 M110*15
2025-06-13T17:02:48.756760+0800 ERROR write command N-1 M110*15
2025-06-13T17:02:48.757865+0800 ERROR second command N-1 M110*15
2025-06-13T17:02:48.757865+0800 ERROR finish command N-1 M110*15
2025-06-13T17:02:48.760401+0800 INFO G250 S891
2025-06-13T17:02:48.760401+0800 INFO G250 S900
2025-06-13T17:02:48.761407+0800 INFO M140 S0
2025-06-13T17:02:48.761407+0800 INFO M257 S0
2025-06-13T17:02:48.775332+0800 ERROR SENT: G250 S891
2025-06-13T17:02:48.837850+0800 ERROR readline ok

2025-06-13T17:02:48.837850+0800 ERROR write command G250 S891
2025-06-13T17:02:48.837850+0800 ERROR second command G250 S891
2025-06-13T17:02:48.837850+0800 ERROR finish command G250 S891
2025-06-13T17:02:48.839440+0800 ERROR SENT: G250 S900
2025-06-13T17:02:48.839440+0800 ERROR write command G250 S900
2025-06-13T17:02:48.839440+0800 ERROR second command G250 S900
2025-06-13T17:02:48.840520+0800 ERROR finish command G250 S900
2025-06-13T17:02:48.841034+0800 ERROR SENT: M140 S0
2025-06-13T17:02:48.842089+0800 ERROR write command M140 S0
2025-06-13T17:02:48.843089+0800 ERROR second command M140 S0
2025-06-13T17:02:48.843089+0800 ERROR finish command M140 S0
2025-06-13T17:02:48.843089+0800 ERROR SENT: M257 S0
2025-06-13T17:02:48.843089+0800 ERROR write command M257 S0
2025-06-13T17:02:48.845540+0800 ERROR second command M257 S0
2025-06-13T17:02:48.845540+0800 ERROR finish command M257 S0
2025-06-13T17:02:48.846553+0800 ERROR readline LOBOTICS SAFETY UNLOCKED

2025-06-13T17:02:48.848567+0800 ERROR readline ok

2025-06-13T17:02:48.849082+0800 ERROR readline ok

2025-06-13T17:02:48.850101+0800 ERROR readline ok

2025-06-13T17:02:48.851154+0800 ERROR readline ok

2025-06-13T17:02:49.022285+0800 INFO G250 S891
2025-06-13T17:02:49.023358+0800 INFO G250 S900
2025-06-13T17:02:49.023358+0800 INFO M140 S0
2025-06-13T17:02:49.023358+0800 ERROR SENT: G250 S891
2025-06-13T17:02:49.023358+0800 INFO M257 S0
2025-06-13T17:02:49.024867+0800 ERROR write command G250 S891
2025-06-13T17:02:49.184668+0800 INFO M105

2025-06-13T17:02:49.185305+0800 ERROR second command G250 S891
2025-06-13T17:02:49.187397+0800 ERROR finish command G250 S891
2025-06-13T17:02:49.187397+0800 ERROR SENT: G250 S900
2025-06-13T17:02:49.188666+0800 ERROR write command G250 S900
2025-06-13T17:02:49.189178+0800 ERROR second command G250 S900
2025-06-13T17:02:49.190609+0800 ERROR finish command G250 S900
2025-06-13T17:02:49.190609+0800 ERROR SENT: M140 S0
2025-06-13T17:02:49.190609+0800 ERROR write command M140 S0
2025-06-13T17:02:49.191642+0800 ERROR second command M140 S0
2025-06-13T17:02:49.191642+0800 ERROR finish command M140 S0
2025-06-13T17:02:49.192629+0800 ERROR SENT: M257 S0
2025-06-13T17:02:49.192629+0800 ERROR write command M257 S0
2025-06-13T17:02:49.195162+0800 ERROR second command M257 S0
2025-06-13T17:02:49.195162+0800 ERROR finish command M257 S0
2025-06-13T17:02:49.195162+0800 ERROR SENT: M105

2025-06-13T17:02:49.196678+0800 ERROR readline LOBOTICS SAFETY UNLOCKED

2025-06-13T17:02:49.196678+0800 ERROR write command M105

2025-06-13T17:02:49.197707+0800 ERROR readline ok

2025-06-13T17:02:49.199225+0800 ERROR second command M105

2025-06-13T17:02:49.199225+0800 ERROR finish command M105

2025-06-13T17:02:49.200758+0800 ERROR readline ok

2025-06-13T17:02:49.201779+0800 ERROR readline ok

2025-06-13T17:02:49.202776+0800 ERROR readline ok

2025-06-13T17:02:49.204134+0800 ERROR readline ok

2025-06-13T17:02:49.207669+0800 ERROR readline  T:53.3654 /0 B:49.8000 /0 @:0 B@:0 VER: 1.3.2

2025-06-13T17:02:49.461325+0800 ERROR empty readline 0
2025-06-13T17:02:49.650900+0800 ERROR readline X:0.0000 Y:0.0000 Z:5.0000 E:-1.0000 Count X:0 Y:0 Z:10000 STA: 1082106

2025-06-13T17:02:49.651913+0800 ERROR readline 

2025-06-13T17:02:49.913107+0800 ERROR empty readline 0
2025-06-13T17:02:50.179499+0800 ERROR empty readline 1
2025-06-13T17:02:50.444939+0800 ERROR empty readline 2
2025-06-13T17:02:50.664914+0800 ERROR readline X:0.0000 Y:0.0000 Z:5.0000 E:-1.0000 Count X:0 Y:0 Z:10000 STA: 1082106

2025-06-13T17:02:50.666449+0800 ERROR readline 

2025-06-13T17:02:50.930930+0800 ERROR empty readline 0
2025-06-13T17:02:51.182210+0800 ERROR empty readline 1
2025-06-13T17:02:51.443137+0800 ERROR empty readline 2
2025-06-13T17:02:51.650599+0800 ERROR readline X:0.0000 Y:0.0000 Z:5.0000 E:-1.0000 Count X:0 Y:0 Z:10000 STA: 1082106

2025-06-13T17:02:51.652609+0800 ERROR readline 

2025-06-13T17:02:51.911601+0800 ERROR empty readline 0
2025-06-13T17:02:52.174400+0800 ERROR empty readline 1
2025-06-13T17:02:52.370822+0800 INFO L109 time:2025/06/13 17:02:52#./GCODE/CFFFP_AA_3分钟.gcode#
2025-06-13T17:02:52.371867+0800 ERROR SENT: L109 time:2025/06/13 17:02:52#./GCODE/CFFFP_AA_3分钟.gcode#
2025-06-13T17:02:52.371867+0800 ERROR write command L109 time:2025/06/13 17:02:52#./GCODE/CFFFP_AA_3分钟.gcode#
2025-06-13T17:02:52.466277+0800 ERROR empty readline 2
2025-06-13T17:02:52.469127+0800 ERROR second command L109 time:2025/06/13 17:02:52#./GCODE/CFFFP_AA_3分钟.gcode#
2025-06-13T17:02:52.470150+0800 ERROR finish command L109 time:2025/06/13 17:02:52#./GCODE/CFFFP_AA_3分钟.gcode#
2025-06-13T17:02:52.471150+0800 ERROR readline ok

2025-06-13T17:02:52.649550+0800 ERROR readline X:0.0000 Y:0.0000 Z:5.0000 E:-1.0000 Count X:0 Y:0 Z:10000 STA: 1082106

2025-06-13T17:02:52.650554+0800 ERROR readline 

2025-06-13T17:02:52.909931+0800 ERROR empty readline 0
2025-06-13T17:02:53.160515+0800 ERROR empty readline 1
2025-06-13T17:02:53.412303+0800 ERROR empty readline 2
2025-06-13T17:02:53.502208+0800 ERROR SENT: G250 S31
2025-06-13T17:02:53.503206+0800 ERROR write command G250 S31
2025-06-13T17:02:53.504200+0800 ERROR readline ok

2025-06-13T17:02:53.505286+0800 ERROR second command G250 S31
2025-06-13T17:02:53.505286+0800 ERROR finish command G250 S31
2025-06-13T17:02:53.506289+0800 ERROR SENT: N-1 M110*15
2025-06-13T17:02:53.506289+0800 ERROR write command N-1 M110*15
2025-06-13T17:02:53.506812+0800 ERROR second command N-1 M110*15
2025-06-13T17:02:53.506812+0800 ERROR finish command N-1 M110*15
2025-06-13T17:02:53.507815+0800 ERROR readline ok

2025-06-13T17:02:53.511546+0800 INFO M257 S1
2025-06-13T17:02:53.512537+0800 INFO L110 S81
2025-06-13T17:02:53.513545+0800 ERROR SENT: M257 S1
2025-06-13T17:02:53.513545+0800 ERROR write command M257 S1
2025-06-13T17:02:53.514543+0800 ERROR second command M257 S1
2025-06-13T17:02:53.514543+0800 ERROR finish command M257 S1
2025-06-13T17:02:53.515856+0800 ERROR SENT: L110 S81
2025-06-13T17:02:53.515856+0800 ERROR write command L110 S81
2025-06-13T17:02:53.516375+0800 ERROR second command L110 S81
2025-06-13T17:02:53.516375+0800 ERROR finish command L110 S81
2025-06-13T17:02:53.516375+0800 ERROR readline ok

2025-06-13T17:02:53.517387+0800 ERROR readline ok

2025-06-13T17:02:53.519901+0800 ERROR SENT: N0 M140 S10*84
2025-06-13T17:02:53.519901+0800 ERROR write command N0 M140 S10*84
2025-06-13T17:02:53.519901+0800 ERROR second command N0 M140 S10*84
2025-06-13T17:02:53.521948+0800 ERROR finish command N0 M140 S10*84
2025-06-13T17:02:53.522969+0800 ERROR readline ok

2025-06-13T17:02:53.524479+0800 ERROR SENT: N1 M105*38
2025-06-13T17:02:53.524479+0800 ERROR write command N1 M105*38
2025-06-13T17:02:53.524479+0800 ERROR second command N1 M105*38
2025-06-13T17:02:53.524479+0800 ERROR finish command N1 M105*38
2025-06-13T17:02:53.527025+0800 ERROR readline ok

2025-06-13T17:02:53.528027+0800 ERROR SENT: N2 M190 S10*91
2025-06-13T17:02:53.528027+0800 ERROR write command N2 M190 S10*91
2025-06-13T17:02:53.529025+0800 ERROR second command N2 M190 S10*91
2025-06-13T17:02:53.530215+0800 ERROR finish command N2 M190 S10*91
2025-06-13T17:02:53.533211+0800 ERROR readline  T:53.0048 /0 B:49.7813 /10 @:0 B@:0 VER: 1.3.2

2025-06-13T17:02:53.535339+0800 ERROR readline ok

2025-06-13T17:02:53.536345+0800 ERROR SENT: N3 M104 S10*87
2025-06-13T17:02:53.536859+0800 ERROR write command N3 M104 S10*87
2025-06-13T17:02:53.537876+0800 ERROR second command N3 M104 S10*87
2025-06-13T17:02:53.537876+0800 ERROR finish command N3 M104 S10*87
2025-06-13T17:02:53.538606+0800 ERROR readline ok

2025-06-13T17:02:53.540631+0800 ERROR SENT: N4 M105*35
2025-06-13T17:02:53.540631+0800 ERROR write command N4 M105*35
2025-06-13T17:02:53.540631+0800 ERROR second command N4 M105*35
2025-06-13T17:02:53.540631+0800 ERROR finish command N4 M105*35
2025-06-13T17:02:53.541645+0800 ERROR readline ok

2025-06-13T17:02:53.544150+0800 ERROR SENT: N5 M109 S10*92
2025-06-13T17:02:53.544150+0800 ERROR write command N5 M109 S10*92
2025-06-13T17:02:53.544150+0800 ERROR second command N5 M109 S10*92
2025-06-13T17:02:53.545159+0800 ERROR finish command N5 M109 S10*92
2025-06-13T17:02:53.546162+0800 ERROR readline  T:53.0048 /10 B:49.7438 /10 @:0 B@:0 VER: 1.3.2

2025-06-13T17:02:53.547460+0800 ERROR readline ok

2025-06-13T17:02:53.549489+0800 ERROR SENT: N6 M82*31
2025-06-13T17:02:53.549489+0800 ERROR write command N6 M82*31
2025-06-13T17:02:53.550514+0800 ERROR second command N6 M82*31
2025-06-13T17:02:53.550514+0800 ERROR finish command N6 M82*31
2025-06-13T17:02:53.551785+0800 ERROR readline ok

2025-06-13T17:02:53.553119+0800 ERROR SENT: N7 G28*20
2025-06-13T17:02:53.553119+0800 ERROR write command N7 G28*20
2025-06-13T17:02:53.553119+0800 ERROR second command N7 G28*20
2025-06-13T17:02:53.554438+0800 ERROR finish command N7 G28*20
2025-06-13T17:02:53.647771+0800 ERROR readline X:0.0000 Y:0.0000 Z:5.0000 E:-1.0000 Count X:-630000 Y:0 Z:10000 STA: 5251834

2025-06-13T17:02:53.649305+0800 ERROR readline 

2025-06-13T17:02:53.911447+0800 ERROR empty readline 0
2025-06-13T17:02:54.162877+0800 ERROR empty readline 1
2025-06-13T17:02:54.424920+0800 ERROR empty readline 2
2025-06-13T17:02:54.650312+0800 ERROR readline X:0.0000 Y:0.0000 Z:5.0000 E:-1.0000 Count X:0 Y:-3500 Z:10000 STA: 5251838

2025-06-13T17:02:54.651310+0800 ERROR readline 

2025-06-13T17:02:54.905018+0800 ERROR empty readline 0
2025-06-13T17:02:55.166728+0800 ERROR empty readline 1
2025-06-13T17:02:55.432429+0800 ERROR empty readline 2
2025-06-13T17:02:55.554366+0800 ERROR readline echo:busy: processing

2025-06-13T17:02:55.649971+0800 ERROR readline X:0.0000 Y:0.0000 Z:5.0000 E:-1.0000 Count X:0 Y:0 Z:-1800000 STA: 5251834

2025-06-13T17:02:55.650984+0800 ERROR readline 

2025-06-13T17:02:55.914986+0800 ERROR empty readline 0
2025-06-13T17:02:56.167651+0800 ERROR empty readline 1
2025-06-13T17:02:56.428183+0800 ERROR empty readline 2
2025-06-13T17:02:56.649187+0800 ERROR readline X:0.0000 Y:0.0000 Z:5.0000 E:-1.0000 Count X:0 Y:0 Z:4000 STA: 5251834

2025-06-13T17:02:56.650196+0800 ERROR readline 

2025-06-13T17:02:56.907320+0800 ERROR empty readline 0
2025-06-13T17:02:57.159351+0800 ERROR empty readline 1
2025-06-13T17:02:57.426002+0800 ERROR empty readline 2
2025-06-13T17:02:57.555448+0800 ERROR readline echo:busy: processing

2025-06-13T17:02:57.650380+0800 ERROR readline X:0.0000 Y:0.0000 Z:5.0000 E:-1.0000 Count X:0 Y:0 Z:-8000 STA: 5251834

2025-06-13T17:02:57.652380+0800 ERROR readline 

2025-06-13T17:02:57.905341+0800 ERROR empty readline 0
2025-06-13T17:02:58.170756+0800 ERROR empty readline 1
2025-06-13T17:02:58.437559+0800 ERROR empty readline 2
2025-06-13T17:02:58.531043+0800 INFO M105

2025-06-13T17:02:58.649410+0800 ERROR readline X:0.0000 Y:0.0000 Z:5.0000 E:-1.0000 Count X:0 Y:0 Z:-8000 STA: 5251834

2025-06-13T17:02:58.650419+0800 ERROR readline 

2025-06-13T17:02:58.906999+0800 ERROR empty readline 0
2025-06-13T17:02:58.930606+0800 ERROR readline X:0.0000 Y:0.0000 Z:0.0000 E:-1.0000 Count X:0 Y:0 Z:0 STA: 5251832

2025-06-13T17:02:58.932602+0800 ERROR readline 

2025-06-13T17:02:58.932602+0800 ERROR readline ok

2025-06-13T17:02:58.937361+0800 ERROR SENT: M105

2025-06-13T17:02:58.938362+0800 ERROR write command M105

2025-06-13T17:02:58.937361+0800 ERROR readline msgdone

2025-06-13T17:02:58.939878+0800 ERROR readline ok

2025-06-13T17:02:58.939878+0800 ERROR second command M105

2025-06-13T17:02:58.939878+0800 ERROR finish command M105

2025-06-13T17:02:58.941335+0800 ERROR SENT: N8 G1 Z15.0 F6000*32
2025-06-13T17:02:58.941335+0800 ERROR write command N8 G1 Z15.0 F6000*32
2025-06-13T17:02:58.942798+0800 ERROR second command N8 G1 Z15.0 F6000*32
2025-06-13T17:02:58.942798+0800 ERROR finish command N8 G1 Z15.0 F6000*32
2025-06-13T17:02:58.950087+0800 ERROR readline  T:52.6442 /10 B:49.8750 /10 @:0 B@:0 VER: 1.3.2

2025-06-13T17:02:58.951088+0800 ERROR readline ok

2025-06-13T17:02:58.953095+0800 ERROR SENT: N9 G92 E0*78
2025-06-13T17:02:58.954608+0800 ERROR write command N9 G92 E0*78
2025-06-13T17:02:58.954608+0800 ERROR second command N9 G92 E0*78
2025-06-13T17:02:58.954608+0800 ERROR finish command N9 G92 E0*78
2025-06-13T17:02:58.960659+0800 ERROR readline X:0.0000 Y:0.0000 Z:15.0000 E:0.0000 Count X:0 Y:0 Z:0 STA: 5251832

2025-06-13T17:02:58.961675+0800 ERROR readline 

2025-06-13T17:02:58.966744+0800 ERROR readline ok

2025-06-13T17:02:58.981803+0800 ERROR SENT: N10 G1 F200 E3*27
2025-06-13T17:02:58.981803+0800 ERROR write command N10 G1 F200 E3*27
2025-06-13T17:02:58.983249+0800 ERROR second command N10 G1 F200 E3*27
2025-06-13T17:02:58.983249+0800 ERROR finish command N10 G1 F200 E3*27
2025-06-13T17:02:58.987815+0800 ERROR readline echo: cold extrusion prevented

2025-06-13T17:02:58.989326+0800 ERROR readline ok

2025-06-13T17:02:58.996946+0800 ERROR SENT: N11 G92 E0*119
2025-06-13T17:02:58.997954+0800 ERROR write command N11 G92 E0*119
2025-06-13T17:02:58.997954+0800 ERROR second command N11 G92 E0*119
2025-06-13T17:02:58.999277+0800 ERROR finish command N11 G92 E0*119
2025-06-13T17:02:59.005002+0800 ERROR readline X:0.0000 Y:0.0000 Z:15.0000 E:0.0000 Count X:0 Y:0 Z:1 STA: 5251832

2025-06-13T17:02:59.006516+0800 ERROR readline 

2025-06-13T17:02:59.007537+0800 ERROR readline ok

2025-06-13T17:02:59.012097+0800 ERROR SENT: N12 G92 E0*116
2025-06-13T17:02:59.012097+0800 ERROR write command N12 G92 E0*116
2025-06-13T17:02:59.013253+0800 ERROR second command N12 G92 E0*116
2025-06-13T17:02:59.014272+0800 ERROR finish command N12 G92 E0*116
2025-06-13T17:02:59.019438+0800 ERROR readline X:0.0000 Y:0.0000 Z:15.0000 E:0.0000 Count X:0 Y:0 Z:131 STA: 5251832

2025-06-13T17:02:59.020447+0800 ERROR readline 

2025-06-13T17:02:59.022451+0800 ERROR readline ok

2025-06-13T17:02:59.027490+0800 ERROR SENT: N13 G92 E0*117
2025-06-13T17:02:59.027490+0800 ERROR write command N13 G92 E0*117
2025-06-13T17:02:59.028490+0800 ERROR second command N13 G92 E0*117
2025-06-13T17:02:59.029499+0800 ERROR finish command N13 G92 E0*117
2025-06-13T17:02:59.035331+0800 ERROR readline X:0.0000 Y:0.0000 Z:15.0000 E:0.0000 Count X:0 Y:0 Z:285 STA: 5251834

2025-06-13T17:02:59.036857+0800 ERROR readline 

2025-06-13T17:02:59.037860+0800 ERROR readline ok

2025-06-13T17:02:59.043786+0800 ERROR SENT: N14 G1 F3600 E-2.5*31
2025-06-13T17:02:59.044297+0800 ERROR write command N14 G1 F3600 E-2.5*31
2025-06-13T17:02:59.044297+0800 ERROR second command N14 G1 F3600 E-2.5*31
2025-06-13T17:02:59.045314+0800 ERROR finish command N14 G1 F3600 E-2.5*31
2025-06-13T17:02:59.049398+0800 ERROR readline echo: cold extrusion prevented

2025-06-13T17:02:59.049398+0800 ERROR readline ok

2025-06-13T17:02:59.059228+0800 ERROR SENT: N15 M107*17
2025-06-13T17:02:59.060240+0800 ERROR write command N15 M107*17
2025-06-13T17:02:59.061242+0800 ERROR second command N15 M107*17
2025-06-13T17:02:59.061242+0800 ERROR finish command N15 M107*17
2025-06-13T17:02:59.062713+0800 ERROR readline ok

2025-06-13T17:02:59.075878+0800 ERROR SENT: N16 G0 X251.98 Y253.592 Z0.2*116
2025-06-13T17:02:59.077450+0800 ERROR write command N16 G0 X251.98 Y253.592 Z0.2*116
2025-06-13T17:02:59.077450+0800 ERROR second command N16 G0 X251.98 Y253.592 Z0.2*116
2025-06-13T17:02:59.079451+0800 ERROR finish command N16 G0 X251.98 Y253.592 Z0.2*116
2025-06-13T17:02:59.079451+0800 ERROR readline ok

2025-06-13T17:02:59.091643+0800 ERROR SENT: N17 G1 F3600 E0.12473*53
2025-06-13T17:02:59.092152+0800 ERROR write command N17 G1 F3600 E0.12473*53
2025-06-13T17:02:59.093163+0800 ERROR second command N17 G1 F3600 E0.12473*53
2025-06-13T17:02:59.094165+0800 ERROR finish command N17 G1 F3600 E0.12473*53
2025-06-13T17:02:59.099360+0800 ERROR readline echo: cold extrusion prevented

2025-06-13T17:02:59.100383+0800 ERROR readline ok

2025-06-13T17:02:59.105204+0800 ERROR SENT: N18 G1 F2400 X251.98 Y195.392 E2.9601*53
2025-06-13T17:02:59.106203+0800 ERROR write command N18 G1 F2400 X251.98 Y195.392 E2.9601*53
2025-06-13T17:02:59.106716+0800 ERROR second command N18 G1 F2400 X251.98 Y195.392 E2.9601*53
2025-06-13T17:02:59.106716+0800 ERROR finish command N18 G1 F2400 X251.98 Y195.392 E2.9601*53
2025-06-13T17:02:59.111821+0800 ERROR readline echo: cold extrusion prevented

2025-06-13T17:02:59.111821+0800 ERROR readline ok

2025-06-13T17:02:59.120929+0800 ERROR SENT: N19 G1 X193.78 Y195.392 E5.79548*105
2025-06-13T17:02:59.120929+0800 ERROR write command N19 G1 X193.78 Y195.392 E5.79548*105
2025-06-13T17:02:59.121942+0800 ERROR second command N19 G1 X193.78 Y195.392 E5.79548*105
2025-06-13T17:02:59.122941+0800 ERROR finish command N19 G1 X193.78 Y195.392 E5.79548*105
2025-06-13T17:02:59.125969+0800 ERROR readline echo: cold extrusion prevented

2025-06-13T17:02:59.126987+0800 ERROR readline ok

2025-06-13T17:02:59.136540+0800 ERROR SENT: N20 G1 X193.78 Y253.592 E8.63085*110
2025-06-13T17:02:59.137555+0800 ERROR write command N20 G1 X193.78 Y253.592 E8.63085*110
2025-06-13T17:02:59.137555+0800 ERROR second command N20 G1 X193.78 Y253.592 E8.63085*110
2025-06-13T17:02:59.138552+0800 ERROR finish command N20 G1 X193.78 Y253.592 E8.63085*110
2025-06-13T17:02:59.142778+0800 ERROR readline echo: cold extrusion prevented

2025-06-13T17:02:59.142778+0800 ERROR readline ok

2025-06-13T17:02:59.151868+0800 ERROR SENT: N21 G1 X251.98 Y253.592 E11.46623*89
2025-06-13T17:02:59.151868+0800 ERROR write command N21 G1 X251.98 Y253.592 E11.46623*89
2025-06-13T17:02:59.153172+0800 ERROR second command N21 G1 X251.98 Y253.592 E11.46623*89
2025-06-13T17:02:59.154197+0800 ERROR finish command N21 G1 X251.98 Y253.592 E11.46623*89
2025-06-13T17:02:59.156731+0800 ERROR readline echo: cold extrusion prevented

2025-06-13T17:02:59.157745+0800 ERROR readline ok

2025-06-13T17:02:59.167303+0800 ERROR SENT: N22 G0 F3600 X252.58 Y254.192*74
2025-06-13T17:02:59.167303+0800 ERROR write command N22 G0 F3600 X252.58 Y254.192*74
2025-06-13T17:02:59.168306+0800 ERROR second command N22 G0 F3600 X252.58 Y254.192*74
2025-06-13T17:02:59.168306+0800 ERROR finish command N22 G0 F3600 X252.58 Y254.192*74
2025-06-13T17:02:59.416427+0800 ERROR empty readline 0
2025-06-13T17:02:59.650026+0800 ERROR readline X:251.9800 Y:253.5920 Z:0.2000 E:11.4662 Count X:88193 Y:88757 Z:400 STA: 5251834

2025-06-13T17:02:59.652073+0800 ERROR readline 

2025-06-13T17:02:59.902131+0800 ERROR empty readline 0
2025-06-13T17:03:00.164574+0800 ERROR empty readline 1
2025-06-13T17:03:00.429266+0800 ERROR empty readline 2
2025-06-13T17:03:00.651096+0800 ERROR readline X:251.9800 Y:253.5920 Z:0.2000 E:11.4662 Count X:88193 Y:88757 Z:400 STA: 5251834

2025-06-13T17:03:00.653109+0800 ERROR readline 

2025-06-13T17:03:00.914332+0800 ERROR empty readline 0
2025-06-13T17:03:01.169197+0800 ERROR readline echo:busy: processing

2025-06-13T17:03:01.426579+0800 ERROR empty readline 0
2025-06-13T17:03:01.649482+0800 ERROR readline X:251.9800 Y:253.5920 Z:0.2000 E:11.4662 Count X:88193 Y:88757 Z:400 STA: 5251834

2025-06-13T17:03:01.649482+0800 ERROR readline 

2025-06-13T17:03:01.908413+0800 ERROR empty readline 0
2025-06-13T17:03:02.017884+0800 ERROR readline ok

2025-06-13T17:03:02.020415+0800 ERROR SENT: N23 G1 F2400 X252.58 Y194.792 E14.36006*61
2025-06-13T17:03:02.020415+0800 ERROR write command N23 G1 F2400 X252.58 Y194.792 E14.36006*61
2025-06-13T17:03:02.021898+0800 ERROR second command N23 G1 F2400 X252.58 Y194.792 E14.36006*61
2025-06-13T17:03:02.021898+0800 ERROR finish command N23 G1 F2400 X252.58 Y194.792 E14.36006*61
2025-06-13T17:03:02.025376+0800 ERROR readline echo: cold extrusion prevented

2025-06-13T17:03:02.026884+0800 ERROR readline ok

2025-06-13T17:03:02.035982+0800 ERROR SENT: N24 G1 X193.18 Y194.792 E17.2539*109
2025-06-13T17:03:02.035982+0800 ERROR write command N24 G1 X193.18 Y194.792 E17.2539*109
2025-06-13T17:03:02.037354+0800 ERROR second command N24 G1 X193.18 Y194.792 E17.2539*109
2025-06-13T17:03:02.038381+0800 ERROR finish command N24 G1 X193.18 Y194.792 E17.2539*109
2025-06-13T17:03:02.040906+0800 ERROR readline echo: cold extrusion prevented

2025-06-13T17:03:02.042414+0800 ERROR readline ok

2025-06-13T17:03:02.051678+0800 ERROR SENT: N25 G1 X193.18 Y254.192 E20.14773*90
2025-06-13T17:03:02.052679+0800 ERROR write command N25 G1 X193.18 Y254.192 E20.14773*90
2025-06-13T17:03:02.054461+0800 ERROR second command N25 G1 X193.18 Y254.192 E20.14773*90
2025-06-13T17:03:02.054461+0800 ERROR finish command N25 G1 X193.18 Y254.192 E20.14773*90
2025-06-13T17:03:02.058146+0800 ERROR readline echo: cold extrusion prevented

2025-06-13T17:03:02.316397+0800 ERROR empty readline 0
2025-06-13T17:03:02.581896+0800 ERROR empty readline 1
2025-06-13T17:03:02.647558+0800 ERROR readline X:193.1800 Y:194.7920 Z:0.2000 E:20.1477 Count X:67613 Y:68177 Z:400 STA: 5251839

2025-06-13T17:03:02.649067+0800 ERROR readline 

2025-06-13T17:03:02.907200+0800 ERROR empty readline 0
2025-06-13T17:03:03.172643+0800 ERROR empty readline 1
2025-06-13T17:03:03.435387+0800 ERROR empty readline 2
2025-06-13T17:03:03.650139+0800 ERROR readline X:193.1800 Y:194.7920 Z:0.2000 E:20.1477 Count X:67613 Y:68177 Z:400 STA: 5251839

2025-06-13T17:03:03.653457+0800 ERROR readline 

2025-06-13T17:03:03.914869+0800 ERROR empty readline 0
2025-06-13T17:03:04.053030+0800 ERROR readline echo:busy: processing

2025-06-13T17:03:04.316811+0800 ERROR empty readline 0
2025-06-13T17:03:04.582132+0800 ERROR empty readline 1
2025-06-13T17:03:04.647986+0800 ERROR readline X:193.1800 Y:194.7920 Z:0.2000 E:20.1477 Count X:67613 Y:68177 Z:400 STA: 5251839

2025-06-13T17:03:04.648999+0800 ERROR readline 

2025-06-13T17:03:04.911687+0800 ERROR empty readline 0
2025-06-13T17:03:05.175871+0800 ERROR empty readline 1
2025-06-13T17:03:05.444632+0800 ERROR empty readline 2
2025-06-13T17:03:05.647953+0800 ERROR readline X:193.1800 Y:194.7920 Z:0.2000 E:20.1477 Count X:67613 Y:68177 Z:400 STA: 5251839

2025-06-13T17:03:05.650490+0800 ERROR readline 

2025-06-13T17:03:05.906987+0800 ERROR empty readline 0
2025-06-13T17:03:06.052993+0800 ERROR readline echo:busy: processing

2025-06-13T17:03:06.316224+0800 ERROR empty readline 0
2025-06-13T17:03:06.577391+0800 ERROR empty readline 1
2025-06-13T17:03:06.647508+0800 ERROR readline X:193.1800 Y:194.7920 Z:0.2000 E:20.1477 Count X:67613 Y:68177 Z:400 STA: 5251839

2025-06-13T17:03:06.649015+0800 ERROR readline 

2025-06-13T17:03:06.904786+0800 ERROR empty readline 0
2025-06-13T17:03:07.170999+0800 ERROR empty readline 1
2025-06-13T17:03:07.431850+0800 ERROR empty readline 2
2025-06-13T17:03:07.650297+0800 ERROR readline X:193.1800 Y:194.7920 Z:0.2000 E:20.1477 Count X:67613 Y:68177 Z:400 STA: 5251839

2025-06-13T17:03:07.651295+0800 ERROR readline 

2025-06-13T17:03:07.900340+0800 INFO M105

2025-06-13T17:03:07.915721+0800 ERROR empty readline 0
2025-06-13T17:03:08.019337+0800 ERROR readline ok

2025-06-13T17:03:08.025417+0800 ERROR SENT: M105

2025-06-13T17:03:08.026444+0800 ERROR write command M105

2025-06-13T17:03:08.027007+0800 ERROR second command M105

2025-06-13T17:03:08.028390+0800 ERROR finish command M105

2025-06-13T17:03:08.030436+0800 ERROR readline ok

2025-06-13T17:03:08.032970+0800 ERROR readline  T:52.2837 /10 B:49.5938 /10 @:0 B@:0 VER: 1.3.2

2025-06-13T17:03:08.041537+0800 ERROR SENT: N26 G1 X252.58 Y254.192 E23.04157*81
2025-06-13T17:03:08.042537+0800 ERROR write command N26 G1 X252.58 Y254.192 E23.04157*81
2025-06-13T17:03:08.043555+0800 ERROR second command N26 G1 X252.58 Y254.192 E23.04157*81
2025-06-13T17:03:08.044592+0800 ERROR finish command N26 G1 X252.58 Y254.192 E23.04157*81
2025-06-13T17:03:08.049200+0800 ERROR readline echo: cold extrusion prevented

2025-06-13T17:03:08.306090+0800 ERROR empty readline 0
2025-06-13T17:03:08.570924+0800 ERROR empty readline 1
2025-06-13T17:03:08.647914+0800 ERROR readline X:193.1800 Y:254.1920 Z:0.2000 E:23.0416 Count X:67613 Y:88967 Z:400 STA: 5251839

2025-06-13T17:03:08.652111+0800 ERROR readline 

2025-06-13T17:03:08.916307+0800 ERROR empty readline 0
2025-06-13T17:03:09.180911+0800 ERROR empty readline 1
2025-06-13T17:03:09.445183+0800 ERROR empty readline 2
2025-06-13T17:03:09.479378+0800 ERROR readline ok

2025-06-13T17:03:09.493724+0800 ERROR SENT: N27 G0 F3600 X252.58 Y253.892*65
2025-06-13T17:03:09.494239+0800 ERROR write command N27 G0 F3600 X252.58 Y253.892*65
2025-06-13T17:03:09.495058+0800 ERROR second command N27 G0 F3600 X252.58 Y253.892*65
2025-06-13T17:03:09.496071+0800 ERROR finish command N27 G0 F3600 X252.58 Y253.892*65
2025-06-13T17:03:09.509008+0800 ERROR readline ok

2025-06-13T17:03:09.510552+0800 ERROR SENT: N28 G0 X251.602 Y253.212*21
2025-06-13T17:03:09.510552+0800 ERROR write command N28 G0 X251.602 Y253.212*21
2025-06-13T17:03:09.510552+0800 ERROR second command N28 G0 X251.602 Y253.212*21
2025-06-13T17:03:09.511568+0800 ERROR finish command N28 G0 X251.602 Y253.212*21
2025-06-13T17:03:09.647545+0800 ERROR readline X:252.5800 Y:253.8920 Z:0.2000 E:23.0416 Count X:88403 Y:88862 Z:400 STA: 5251839

2025-06-13T17:03:09.649055+0800 ERROR readline 

2025-06-13T17:03:09.910779+0800 ERROR empty readline 0
2025-06-13T17:03:10.177051+0800 ERROR empty readline 1
2025-06-13T17:03:10.441358+0800 ERROR empty readline 2
2025-06-13T17:03:10.646172+0800 ERROR readline X:252.5800 Y:253.8920 Z:0.2000 E:23.0416 Count X:88403 Y:88862 Z:400 STA: 5251839

2025-06-13T17:03:10.650607+0800 ERROR readline 

2025-06-13T17:03:10.904445+0800 ERROR empty readline 0
2025-06-13T17:03:10.939290+0800 ERROR readline ok

2025-06-13T17:03:10.951796+0800 ERROR SENT: N29 G0 X251.408 Y253.02*47
2025-06-13T17:03:10.951796+0800 ERROR write command N29 G0 X251.408 Y253.02*47
2025-06-13T17:03:10.953158+0800 ERROR second command N29 G0 X251.408 Y253.02*47
2025-06-13T17:03:10.953158+0800 ERROR finish command N29 G0 X251.408 Y253.02*47
2025-06-13T17:03:10.955191+0800 ERROR readline ok

2025-06-13T17:03:10.966935+0800 ERROR SENT: N30 G1 F2400 X194.348 Y253.02 E26.03064*49
2025-06-13T17:03:10.967950+0800 ERROR write command N30 G1 F2400 X194.348 Y253.02 E26.03064*49
2025-06-13T17:03:10.967950+0800 ERROR second command N30 G1 F2400 X194.348 Y253.02 E26.03064*49
2025-06-13T17:03:10.967950+0800 ERROR finish command N30 G1 F2400 X194.348 Y253.02 E26.03064*49
2025-06-13T17:03:10.972481+0800 ERROR readline echo: cold extrusion prevented

2025-06-13T17:03:11.232542+0800 ERROR empty readline 0
2025-06-13T17:03:11.497447+0800 ERROR empty readline 1
2025-06-13T17:03:11.647737+0800 ERROR readline X:251.4080 Y:253.0200 Z:0.2000 E:26.0306 Count X:87993 Y:88557 Z:400 STA: 5251839

2025-06-13T17:03:11.650267+0800 ERROR readline 

2025-06-13T17:03:11.903458+0800 ERROR empty readline 0
2025-06-13T17:03:12.170928+0800 ERROR empty readline 1
2025-06-13T17:03:12.399112+0800 ERROR readline ok

2025-06-13T17:03:12.404206+0800 ERROR SENT: N31 G1 X194.348 Y195.96 E29.01971*84
2025-06-13T17:03:12.404206+0800 ERROR write command N31 G1 X194.348 Y195.96 E29.01971*84
2025-06-13T17:03:12.406162+0800 ERROR second command N31 G1 X194.348 Y195.96 E29.01971*84
2025-06-13T17:03:12.407399+0800 ERROR finish command N31 G1 X194.348 Y195.96 E29.01971*84
2025-06-13T17:03:12.410560+0800 ERROR readline echo: cold extrusion prevented

2025-06-13T17:03:12.646203+0800 ERROR readline X:194.3480 Y:253.0200 Z:0.2000 E:29.0197 Count X:68022 Y:88557 Z:400 STA: 5251839

2025-06-13T17:03:12.650243+0800 ERROR readline 

2025-06-13T17:03:12.777921+0800 INFO L110 S61
2025-06-13T17:03:12.777921+0800 INFO L110 S61
2025-06-13T17:03:12.777921+0800 INFO L110 S61
2025-06-13T17:03:12.905238+0800 ERROR empty readline 0
2025-06-13T17:03:13.156905+0800 ERROR empty readline 1
2025-06-13T17:03:13.257732+0800 INFO L110 S60
2025-06-13T17:03:13.259241+0800 INFO L110 S60
2025-06-13T17:03:13.259241+0800 INFO L110 S60
2025-06-13T17:03:13.421979+0800 ERROR empty readline 2
2025-06-13T17:03:13.647884+0800 ERROR readline X:194.3480 Y:253.0200 Z:0.2000 E:29.0197 Count X:68022 Y:88557 Z:400 STA: 5251839

2025-06-13T17:03:13.649391+0800 ERROR readline 

2025-06-13T17:03:13.856396+0800 INFO L110 S60
2025-06-13T17:03:13.856396+0800 INFO L110 S60
2025-06-13T17:03:13.857411+0800 INFO L110 S60
2025-06-13T17:03:13.878159+0800 ERROR readline ok

2025-06-13T17:03:13.891702+0800 ERROR SENT: L110 S61
2025-06-13T17:03:13.891702+0800 ERROR write command L110 S61
2025-06-13T17:03:13.892864+0800 ERROR second command L110 S61
2025-06-13T17:03:13.892864+0800 ERROR finish command L110 S61
2025-06-13T17:03:13.894383+0800 ERROR readline ok

2025-06-13T17:03:13.907476+0800 ERROR SENT: L110 S61
2025-06-13T17:03:13.907476+0800 ERROR write command L110 S61
2025-06-13T17:03:13.907476+0800 ERROR second command L110 S61
2025-06-13T17:03:13.908945+0800 ERROR finish command L110 S61
2025-06-13T17:03:13.909455+0800 ERROR readline ok

2025-06-13T17:03:13.922796+0800 ERROR SENT: L110 S61
2025-06-13T17:03:13.923604+0800 ERROR write command L110 S61
2025-06-13T17:03:13.923604+0800 ERROR second command L110 S61
2025-06-13T17:03:13.924617+0800 ERROR finish command L110 S61
2025-06-13T17:03:13.924617+0800 ERROR readline ok

2025-06-13T17:03:13.937804+0800 ERROR SENT: L110 S60
2025-06-13T17:03:13.937804+0800 ERROR write command L110 S60
2025-06-13T17:03:13.937804+0800 ERROR second command L110 S60
2025-06-13T17:03:13.937804+0800 ERROR finish command L110 S60
2025-06-13T17:03:13.940331+0800 ERROR readline ok

2025-06-13T17:03:13.954383+0800 ERROR SENT: L110 S60
2025-06-13T17:03:13.954383+0800 ERROR write command L110 S60
2025-06-13T17:03:13.955912+0800 ERROR second command L110 S60
2025-06-13T17:03:13.956932+0800 ERROR finish command L110 S60
2025-06-13T17:03:13.957926+0800 ERROR readline ok

2025-06-13T17:03:13.969296+0800 ERROR SENT: L110 S60
2025-06-13T17:03:13.969296+0800 ERROR write command L110 S60
2025-06-13T17:03:13.970311+0800 ERROR second command L110 S60
2025-06-13T17:03:13.971309+0800 ERROR finish command L110 S60
2025-06-13T17:03:13.972310+0800 ERROR readline ok

2025-06-13T17:03:13.984385+0800 ERROR SENT: L110 S60
2025-06-13T17:03:13.984893+0800 ERROR write command L110 S60
2025-06-13T17:03:13.984893+0800 ERROR second command L110 S60
2025-06-13T17:03:13.984893+0800 ERROR finish command L110 S60
2025-06-13T17:03:13.986672+0800 ERROR readline ok

2025-06-13T17:03:14.000444+0800 ERROR SENT: L110 S60
2025-06-13T17:03:14.000958+0800 ERROR write command L110 S60
2025-06-13T17:03:14.001983+0800 ERROR second command L110 S60
2025-06-13T17:03:14.001983+0800 ERROR finish command L110 S60
2025-06-13T17:03:14.002974+0800 ERROR readline ok

2025-06-13T17:03:14.015126+0800 ERROR SENT: L110 S60
2025-06-13T17:03:14.015126+0800 ERROR write command L110 S60
2025-06-13T17:03:14.016644+0800 ERROR second command L110 S60
2025-06-13T17:03:14.016644+0800 ERROR finish command L110 S60
2025-06-13T17:03:14.017657+0800 ERROR readline ok

2025-06-13T17:03:14.030289+0800 ERROR SENT: N32 G1 X251.408 Y195.96 E32.00879*92
2025-06-13T17:03:14.030805+0800 ERROR write command N32 G1 X251.408 Y195.96 E32.00879*92
2025-06-13T17:03:14.030805+0800 ERROR second command N32 G1 X251.408 Y195.96 E32.00879*92
2025-06-13T17:03:14.032829+0800 ERROR finish command N32 G1 X251.408 Y195.96 E32.00879*92
2025-06-13T17:03:14.034360+0800 ERROR readline echo: cold extrusion prevented

2025-06-13T17:03:14.066258+0800 INFO L110 S60
2025-06-13T17:03:14.066258+0800 INFO L110 S60
2025-06-13T17:03:14.066258+0800 INFO L110 S60
2025-06-13T17:03:14.235138+0800 INFO L110 S60
2025-06-13T17:03:14.235138+0800 INFO L110 S60
2025-06-13T17:03:14.235138+0800 INFO L110 S60
2025-06-13T17:03:14.296150+0800 ERROR empty readline 0
2025-06-13T17:03:14.423101+0800 INFO L110 S60
2025-06-13T17:03:14.423101+0800 INFO L110 S60
2025-06-13T17:03:14.423101+0800 INFO L110 S60
2025-06-13T17:03:14.561895+0800 ERROR empty readline 1
2025-06-13T17:03:14.599528+0800 INFO L110 S60
2025-06-13T17:03:14.599528+0800 INFO L110 S60
2025-06-13T17:03:14.600545+0800 INFO L110 S60
2025-06-13T17:03:14.647999+0800 ERROR readline X:194.3480 Y:195.9600 Z:0.2000 E:32.0088 Count X:68022 Y:68586 Z:400 STA: 5251839

2025-06-13T17:03:14.647999+0800 ERROR readline 

2025-06-13T17:03:14.905106+0800 ERROR empty readline 0
2025-06-13T17:03:15.166515+0800 ERROR empty readline 1
2025-06-13T17:03:15.369680+0800 ERROR readline ok

2025-06-13T17:03:15.383376+0800 ERROR SENT: L110 S60
2025-06-13T17:03:15.384381+0800 ERROR write command L110 S60
2025-06-13T17:03:15.384900+0800 ERROR second command L110 S60
2025-06-13T17:03:15.386682+0800 ERROR finish command L110 S60
2025-06-13T17:03:15.387702+0800 ERROR readline ok

2025-06-13T17:03:15.399085+0800 ERROR SENT: L110 S60
2025-06-13T17:03:15.399596+0800 ERROR write command L110 S60
2025-06-13T17:03:15.400662+0800 ERROR second command L110 S60
2025-06-13T17:03:15.401618+0800 ERROR finish command L110 S60
2025-06-13T17:03:15.403621+0800 ERROR readline ok

2025-06-13T17:03:15.414179+0800 ERROR SENT: L110 S60
2025-06-13T17:03:15.414179+0800 ERROR write command L110 S60
2025-06-13T17:03:15.415590+0800 ERROR second command L110 S60
2025-06-13T17:03:15.416115+0800 ERROR finish command L110 S60
2025-06-13T17:03:15.416115+0800 ERROR readline ok

2025-06-13T17:03:15.429497+0800 ERROR SENT: L110 S60
2025-06-13T17:03:15.429497+0800 ERROR write command L110 S60
2025-06-13T17:03:15.430515+0800 ERROR second command L110 S60
2025-06-13T17:03:15.431742+0800 ERROR readline ok

2025-06-13T17:03:15.431742+0800 ERROR finish command L110 S60
2025-06-13T17:03:15.432950+0800 ERROR SENT: L110 S60
2025-06-13T17:03:15.433943+0800 ERROR write command L110 S60
2025-06-13T17:03:15.434458+0800 ERROR second command L110 S60
2025-06-13T17:03:15.434458+0800 ERROR finish command L110 S60
2025-06-13T17:03:15.436405+0800 ERROR readline ok

2025-06-13T17:03:15.445244+0800 ERROR SENT: L110 S60
2025-06-13T17:03:15.446239+0800 ERROR write command L110 S60
2025-06-13T17:03:15.446781+0800 ERROR second command L110 S60
2025-06-13T17:03:15.446781+0800 ERROR finish command L110 S60
2025-06-13T17:03:15.447785+0800 ERROR readline ok

2025-06-13T17:03:15.460877+0800 ERROR SENT: L110 S60
2025-06-13T17:03:15.461892+0800 ERROR write command L110 S60
2025-06-13T17:03:15.462943+0800 ERROR second command L110 S60
2025-06-13T17:03:15.462943+0800 ERROR finish command L110 S60
2025-06-13T17:03:15.464457+0800 ERROR readline ok

2025-06-13T17:03:15.484267+0800 ERROR SENT: L110 S60
2025-06-13T17:03:15.484267+0800 ERROR write command L110 S60
2025-06-13T17:03:15.486388+0800 ERROR second command L110 S60
2025-06-13T17:03:15.486388+0800 ERROR finish command L110 S60
2025-06-13T17:03:15.487405+0800 ERROR readline ok

2025-06-13T17:03:15.491716+0800 ERROR SENT: L110 S60
2025-06-13T17:03:15.491716+0800 ERROR write command L110 S60
2025-06-13T17:03:15.492769+0800 ERROR second command L110 S60
2025-06-13T17:03:15.492769+0800 ERROR finish command L110 S60
2025-06-13T17:03:15.492769+0800 ERROR readline ok

2025-06-13T17:03:15.507680+0800 ERROR SENT: L110 S60
2025-06-13T17:03:15.508443+0800 ERROR write command L110 S60
2025-06-13T17:03:15.509587+0800 ERROR second command L110 S60
2025-06-13T17:03:15.510602+0800 ERROR finish command L110 S60
2025-06-13T17:03:15.511641+0800 ERROR readline ok

2025-06-13T17:03:15.522657+0800 ERROR SENT: L110 S60
2025-06-13T17:03:15.523667+0800 ERROR write command L110 S60
2025-06-13T17:03:15.523667+0800 ERROR second command L110 S60
2025-06-13T17:03:15.523667+0800 ERROR finish command L110 S60
2025-06-13T17:03:15.524977+0800 ERROR readline ok

2025-06-13T17:03:15.538060+0800 ERROR SENT: L110 S60
2025-06-13T17:03:15.538060+0800 ERROR write command L110 S60
2025-06-13T17:03:15.539570+0800 ERROR second command L110 S60
2025-06-13T17:03:15.539570+0800 ERROR readline ok

2025-06-13T17:03:15.539570+0800 ERROR finish command L110 S60
2025-06-13T17:03:15.541697+0800 ERROR SENT: N33 G1 X251.408 Y253.02 E34.99786*80
2025-06-13T17:03:15.541697+0800 ERROR write command N33 G1 X251.408 Y253.02 E34.99786*80
2025-06-13T17:03:15.542741+0800 ERROR second command N33 G1 X251.408 Y253.02 E34.99786*80
2025-06-13T17:03:15.542741+0800 ERROR finish command N33 G1 X251.408 Y253.02 E34.99786*80
2025-06-13T17:03:15.546360+0800 ERROR readline echo: cold extrusion prevented

2025-06-13T17:03:15.646215+0800 ERROR readline X:251.4080 Y:195.9600 Z:0.2000 E:34.9979 Count X:87993 Y:68586 Z:400 STA: 5251839

2025-06-13T17:03:15.646743+0800 ERROR readline 

2025-06-13T17:03:15.897813+0800 ERROR empty readline 0
2025-06-13T17:03:16.162471+0800 ERROR empty readline 1
2025-06-13T17:03:16.412498+0800 ERROR empty readline 2
2025-06-13T17:03:16.651472+0800 ERROR readline X:251.4080 Y:195.9600 Z:0.2000 E:34.9979 Count X:87993 Y:68586 Z:400 STA: 5251839

2025-06-13T17:03:16.652472+0800 ERROR readline 

2025-06-13T17:03:16.859547+0800 ERROR readline ok

2025-06-13T17:03:16.863077+0800 ERROR SENT: N34 G0 F3600 X251.108 Y196.802*119
2025-06-13T17:03:16.864074+0800 ERROR write command N34 G0 F3600 X251.108 Y196.802*119
2025-06-13T17:03:16.864594+0800 ERROR second command N34 G0 F3600 X251.108 Y196.802*119
2025-06-13T17:03:16.865684+0800 ERROR finish command N34 G0 F3600 X251.108 Y196.802*119
2025-06-13T17:03:16.866642+0800 ERROR readline ok

2025-06-13T17:03:16.866642+0800 ERROR SENT: N35 G1 F2400 X250.566 Y196.26 E35.03801*48
2025-06-13T17:03:16.868226+0800 ERROR write command N35 G1 F2400 X250.566 Y196.26 E35.03801*48
2025-06-13T17:03:16.869744+0800 ERROR second command N35 G1 F2400 X250.566 Y196.26 E35.03801*48
2025-06-13T17:03:16.870771+0800 ERROR finish command N35 G1 F2400 X250.566 Y196.26 E35.03801*48
2025-06-13T17:03:16.875798+0800 ERROR readline echo: cold extrusion prevented

2025-06-13T17:03:17.139917+0800 ERROR empty readline 0
2025-06-13T17:03:17.340727+0800 INFO M105

2025-06-13T17:03:17.402373+0800 ERROR empty readline 1
2025-06-13T17:03:17.649800+0800 ERROR readline X:251.1080 Y:196.8020 Z:0.2000 E:35.0380 Count X:87888 Y:68881 Z:400 STA: 5251839

2025-06-13T17:03:17.651832+0800 ERROR readline 

2025-06-13T17:03:17.917053+0800 ERROR empty readline 0
2025-06-13T17:03:18.179371+0800 ERROR empty readline 1
2025-06-13T17:03:18.349098+0800 ERROR readline ok

2025-06-13T17:03:18.351680+0800 ERROR SENT: M105

2025-06-13T17:03:18.351680+0800 ERROR write command M105

2025-06-13T17:03:18.352937+0800 ERROR second command M105

2025-06-13T17:03:18.352937+0800 ERROR finish command M105

2025-06-13T17:03:18.354454+0800 ERROR readline ok

2025-06-13T17:03:18.357010+0800 ERROR readline  T:51.3221 /10 B:49.4437 /10 @:0 B@:0 VER: 1.3.2

2025-06-13T17:03:18.367476+0800 ERROR SENT: N36 G0 F3600 X249.718 Y196.26*69
2025-06-13T17:03:18.368477+0800 ERROR write command N36 G0 F3600 X249.718 Y196.26*69
2025-06-13T17:03:18.369990+0800 ERROR second command N36 G0 F3600 X249.718 Y196.26*69
2025-06-13T17:03:18.369990+0800 ERROR finish command N36 G0 F3600 X249.718 Y196.26*69
2025-06-13T17:03:18.612897+0800 ERROR empty readline 0
2025-06-13T17:03:18.649036+0800 ERROR readline X:250.5660 Y:196.2600 Z:0.2000 E:35.0380 Count X:87698 Y:68691 Z:400 STA: 5251839

2025-06-13T17:03:18.650574+0800 ERROR readline 

2025-06-13T17:03:18.907069+0800 ERROR empty readline 0
2025-06-13T17:03:19.168395+0800 ERROR empty readline 1
2025-06-13T17:03:19.432649+0800 ERROR empty readline 2
2025-06-13T17:03:19.650399+0800 ERROR readline X:250.5660 Y:196.2600 Z:0.2000 E:35.0380 Count X:87698 Y:68691 Z:400 STA: 5251839

2025-06-13T17:03:19.651428+0800 ERROR readline 

2025-06-13T17:03:19.839709+0800 ERROR readline ok

2025-06-13T17:03:19.855006+0800 ERROR SENT: N37 G1 F2400 X251.108 Y197.65 E35.14099*54
2025-06-13T17:03:19.855006+0800 ERROR write command N37 G1 F2400 X251.108 Y197.65 E35.14099*54
2025-06-13T17:03:19.856534+0800 ERROR second command N37 G1 F2400 X251.108 Y197.65 E35.14099*54
2025-06-13T17:03:19.857565+0800 ERROR finish command N37 G1 F2400 X251.108 Y197.65 E35.14099*54
2025-06-13T17:03:19.862150+0800 ERROR readline echo: cold extrusion prevented

2025-06-13T17:03:19.872095+0800 ERROR readline ok

2025-06-13T17:03:19.886881+0800 ERROR SENT: N38 G0 F3600 X251.108 Y198.499*123
2025-06-13T17:03:19.887903+0800 ERROR write command N38 G0 F3600 X251.108 Y198.499*123
2025-06-13T17:03:19.889743+0800 ERROR second command N38 G0 F3600 X251.108 Y198.499*123
2025-06-13T17:03:19.890856+0800 ERROR finish command N38 G0 F3600 X251.108 Y198.499*123
2025-06-13T17:03:19.891876+0800 ERROR readline ok

2025-06-13T17:03:19.902986+0800 ERROR SENT: N39 G1 F2400 X248.869 Y196.26 E35.30686*54
2025-06-13T17:03:19.902986+0800 ERROR write command N39 G1 F2400 X248.869 Y196.26 E35.30686*54
2025-06-13T17:03:19.902986+0800 ERROR second command N39 G1 F2400 X248.869 Y196.26 E35.30686*54
2025-06-13T17:03:19.904631+0800 ERROR finish command N39 G1 F2400 X248.869 Y196.26 E35.30686*54
2025-06-13T17:03:19.909057+0800 ERROR readline echo: cold extrusion prevented

2025-06-13T17:03:20.167510+0800 ERROR empty readline 0
2025-06-13T17:03:20.430016+0800 ERROR empty readline 1
2025-06-13T17:03:20.650187+0800 ERROR readline X:251.1080 Y:198.4990 Z:0.2000 E:35.3069 Count X:87888 Y:69475 Z:400 STA: 5251839

2025-06-13T17:03:20.652195+0800 ERROR readline 

2025-06-13T17:03:20.915896+0800 ERROR empty readline 0
2025-06-13T17:03:21.180545+0800 ERROR empty readline 1
2025-06-13T17:03:21.307980+0800 ERROR readline ok

2025-06-13T17:03:21.319497+0800 ERROR SENT: N40 G0 F3600 X248.021 Y196.26*72
2025-06-13T17:03:21.320530+0800 ERROR write command N40 G0 F3600 X248.021 Y196.26*72
2025-06-13T17:03:21.321549+0800 ERROR second command N40 G0 F3600 X248.021 Y196.26*72
2025-06-13T17:03:21.321549+0800 ERROR finish command N40 G0 F3600 X248.021 Y196.26*72
2025-06-13T17:03:21.322547+0800 ERROR readline ok

2025-06-13T17:03:21.335249+0800 ERROR SENT: N41 G1 F2400 X251.108 Y199.348 E35.53559*15
2025-06-13T17:03:21.335249+0800 ERROR write command N41 G1 F2400 X251.108 Y199.348 E35.53559*15
2025-06-13T17:03:21.336742+0800 ERROR second command N41 G1 F2400 X251.108 Y199.348 E35.53559*15
2025-06-13T17:03:21.336742+0800 ERROR finish command N41 G1 F2400 X251.108 Y199.348 E35.53559*15
2025-06-13T17:03:21.339565+0800 ERROR readline echo: cold extrusion prevented

2025-06-13T17:03:21.603490+0800 ERROR empty readline 0
2025-06-13T17:03:21.649265+0800 ERROR readline X:248.0210 Y:196.2600 Z:0.2000 E:35.5356 Count X:86807 Y:68691 Z:400 STA: 5251839

2025-06-13T17:03:21.651324+0800 ERROR readline 

2025-06-13T17:03:21.911373+0800 ERROR empty readline 0
2025-06-13T17:03:22.175074+0800 ERROR empty readline 1
2025-06-13T17:03:22.440663+0800 ERROR empty readline 2
2025-06-13T17:03:22.652499+0800 ERROR readline X:248.0210 Y:196.2600 Z:0.2000 E:35.5356 Count X:86807 Y:68691 Z:400 STA: 5251839

2025-06-13T17:03:22.654501+0800 ERROR readline 

2025-06-13T17:03:22.739812+0800 ERROR readline ok

2025-06-13T17:03:22.750547+0800 ERROR SENT: N42 G0 F3600 X251.108 Y200.196*126
2025-06-13T17:03:22.752069+0800 ERROR write command N42 G0 F3600 X251.108 Y200.196*126
2025-06-13T17:03:22.753097+0800 ERROR second command N42 G0 F3600 X251.108 Y200.196*126
2025-06-13T17:03:22.753097+0800 ERROR finish command N42 G0 F3600 X251.108 Y200.196*126
2025-06-13T17:03:23.000483+0800 ERROR empty readline 0
2025-06-13T17:03:23.264934+0800 ERROR empty readline 1
2025-06-13T17:03:23.531290+0800 ERROR empty readline 2
2025-06-13T17:03:23.649665+0800 ERROR readline X:251.1080 Y:199.3480 Z:0.2000 E:35.5356 Count X:87888 Y:69772 Z:400 STA: 5251839

2025-06-13T17:03:23.650674+0800 ERROR readline 

2025-06-13T17:03:23.905366+0800 ERROR empty readline 0
2025-06-13T17:03:24.170329+0800 ERROR readline ok

2025-06-13T17:03:24.186202+0800 ERROR SENT: N43 G1 F2400 X247.172 Y196.26 E35.82718*56
2025-06-13T17:03:24.188293+0800 ERROR write command N43 G1 F2400 X247.172 Y196.26 E35.82718*56
2025-06-13T17:03:24.189301+0800 ERROR second command N43 G1 F2400 X247.172 Y196.26 E35.82718*56
2025-06-13T17:03:24.191828+0800 ERROR readline echo: cold extrusion prevented

2025-06-13T17:03:24.191828+0800 ERROR finish command N43 G1 F2400 X247.172 Y196.26 E35.82718*56
2025-06-13T17:03:24.449666+0800 ERROR empty readline 0
2025-06-13T17:03:24.648951+0800 ERROR readline X:251.1080 Y:200.1960 Z:0.2000 E:35.8272 Count X:87888 Y:70069 Z:400 STA: 5251839

2025-06-13T17:03:24.650039+0800 ERROR readline 

2025-06-13T17:03:24.901108+0800 ERROR empty readline 0
2025-06-13T17:03:25.164524+0800 ERROR empty readline 1
2025-06-13T17:03:25.474373+0800 ERROR empty readline 2
2025-06-13T17:03:25.603313+0800 ERROR readline ok

2025-06-13T17:03:25.613297+0800 ERROR SENT: N44 G0 F3600 X246.323 Y196.26*67
2025-06-13T17:03:25.614284+0800 ERROR write command N44 G0 F3600 X246.323 Y196.26*67
2025-06-13T17:03:25.614803+0800 ERROR second command N44 G0 F3600 X246.323 Y196.26*67
2025-06-13T17:03:25.614803+0800 ERROR finish command N44 G0 F3600 X246.323 Y196.26*67
2025-06-13T17:03:25.649393+0800 ERROR readline X:247.1720 Y:196.2600 Z:0.2000 E:35.8272 Count X:86510 Y:68691 Z:400 STA: 5251839

2025-06-13T17:03:25.661942+0800 ERROR readline 

2025-06-13T17:03:25.926680+0800 ERROR empty readline 0
2025-06-13T17:03:26.219197+0800 ERROR empty readline 1
2025-06-13T17:03:26.470388+0800 ERROR empty readline 2
2025-06-13T17:03:26.567700+0800 ERROR readline ok

2025-06-13T17:03:26.579426+0800 ERROR SENT: N45 G1 F2400 X251.108 Y201.045 E36.18167*2
2025-06-13T17:03:26.579426+0800 ERROR write command N45 G1 F2400 X251.108 Y201.045 E36.18167*2
2025-06-13T17:03:26.580441+0800 ERROR second command N45 G1 F2400 X251.108 Y201.045 E36.18167*2
2025-06-13T17:03:26.581441+0800 ERROR finish command N45 G1 F2400 X251.108 Y201.045 E36.18167*2
2025-06-13T17:03:26.587479+0800 ERROR readline echo: cold extrusion prevented

2025-06-13T17:03:26.588478+0800 ERROR readline ok

2025-06-13T17:03:26.600626+0800 ERROR SENT: N46 G0 F3600 X251.108 Y201.893*119
2025-06-13T17:03:26.601646+0800 ERROR write command N46 G0 F3600 X251.108 Y201.893*119
2025-06-13T17:03:26.601646+0800 ERROR second command N46 G0 F3600 X251.108 Y201.893*119
2025-06-13T17:03:26.601646+0800 ERROR finish command N46 G0 F3600 X251.108 Y201.893*119
2025-06-13T17:03:26.602642+0800 ERROR readline ok

2025-06-13T17:03:26.611252+0800 ERROR SENT: N47 G1 F2400 X245.475 Y196.26 E36.59898*62
2025-06-13T17:03:26.611252+0800 ERROR write command N47 G1 F2400 X245.475 Y196.26 E36.59898*62
2025-06-13T17:03:26.612256+0800 ERROR second command N47 G1 F2400 X245.475 Y196.26 E36.59898*62
2025-06-13T17:03:26.612256+0800 ERROR finish command N47 G1 F2400 X245.475 Y196.26 E36.59898*62
2025-06-13T17:03:26.614254+0800 ERROR readline echo: cold extrusion prevented

2025-06-13T17:03:26.647990+0800 ERROR readline X:251.1080 Y:201.8930 Z:0.2000 E:36.5990 Count X:87888 Y:70663 Z:400 STA: 5251839

2025-06-13T17:03:26.649518+0800 ERROR readline 

2025-06-13T17:03:26.657582+0800 ERROR readline ok

2025-06-13T17:03:26.664134+0800 ERROR SENT: N48 G0 F3600 X244.626 Y196.26*77
2025-06-13T17:03:26.664662+0800 ERROR write command N48 G0 F3600 X244.626 Y196.26*77
2025-06-13T17:03:26.664662+0800 ERROR second command N48 G0 F3600 X244.626 Y196.26*77
2025-06-13T17:03:26.665666+0800 ERROR finish command N48 G0 F3600 X244.626 Y196.26*77
2025-06-13T17:03:26.675952+0800 ERROR readline ok

2025-06-13T17:03:26.687546+0800 ERROR SENT: N49 G1 F2400 X251.108 Y202.742 E37.07919*3
2025-06-13T17:03:26.689061+0800 ERROR write command N49 G1 F2400 X251.108 Y202.742 E37.07919*3
2025-06-13T17:03:26.690079+0800 ERROR second command N49 G1 F2400 X251.108 Y202.742 E37.07919*3
2025-06-13T17:03:26.690079+0800 ERROR finish command N49 G1 F2400 X251.108 Y202.742 E37.07919*3
2025-06-13T17:03:26.693092+0800 ERROR readline echo: cold extrusion prevented

2025-06-13T17:03:26.760484+0800 ERROR readline ok

2025-06-13T17:03:26.764503+0800 ERROR SENT: N50 G0 F3600 X251.108 Y203.59*76
2025-06-13T17:03:26.764503+0800 ERROR write command N50 G0 F3600 X251.108 Y203.59*76
2025-06-13T17:03:26.764503+0800 ERROR second command N50 G0 F3600 X251.108 Y203.59*76
2025-06-13T17:03:26.765850+0800 ERROR finish command N50 G0 F3600 X251.108 Y203.59*76
2025-06-13T17:03:26.779920+0800 INFO M105

2025-06-13T17:03:26.781951+0800 ERROR readline ok

2025-06-13T17:03:26.782950+0800 ERROR SENT: M105

2025-06-13T17:03:26.791530+0800 ERROR write command M105

2025-06-13T17:03:26.792539+0800 ERROR second command M105

2025-06-13T17:03:26.792539+0800 ERROR finish command M105

2025-06-13T17:03:26.795066+0800 ERROR readline ok

2025-06-13T17:03:26.796877+0800 ERROR readline  T:50.8413 /10 B:49.4813 /10 @:0 B@:0 VER: 1.3.2

2025-06-13T17:03:26.810176+0800 ERROR SENT: N51 G1 F2400 X243.778 Y196.26 E37.62222*51
2025-06-13T17:03:26.811173+0800 ERROR write command N51 G1 F2400 X243.778 Y196.26 E37.62222*51
2025-06-13T17:03:26.811173+0800 ERROR second command N51 G1 F2400 X243.778 Y196.26 E37.62222*51
2025-06-13T17:03:26.812187+0800 ERROR finish command N51 G1 F2400 X243.778 Y196.26 E37.62222*51
2025-06-13T17:03:26.817764+0800 ERROR readline echo: cold extrusion prevented

2025-06-13T17:03:26.897543+0800 ERROR readline ok

2025-06-13T17:03:26.904599+0800 ERROR SENT: N52 G0 F3600 X242.929 Y196.26*64
2025-06-13T17:03:26.909149+0800 ERROR write command N52 G0 F3600 X242.929 Y196.26*64
2025-06-13T17:03:26.910671+0800 ERROR second command N52 G0 F3600 X242.929 Y196.26*64
2025-06-13T17:03:26.911686+0800 ERROR finish command N52 G0 F3600 X242.929 Y196.26*64
2025-06-13T17:03:26.912692+0800 ERROR readline ok

2025-06-13T17:03:26.919420+0800 ERROR SENT: N53 G1 F2400 X251.108 Y204.439 E38.22814*5
2025-06-13T17:03:26.919420+0800 ERROR write command N53 G1 F2400 X251.108 Y204.439 E38.22814*5
2025-06-13T17:03:26.920438+0800 ERROR second command N53 G1 F2400 X251.108 Y204.439 E38.22814*5
2025-06-13T17:03:26.922456+0800 ERROR finish command N53 G1 F2400 X251.108 Y204.439 E38.22814*5
2025-06-13T17:03:26.926487+0800 ERROR readline echo: cold extrusion prevented

2025-06-13T17:03:27.056451+0800 ERROR readline ok

2025-06-13T17:03:27.057469+0800 ERROR SENT: N54 G0 F3600 X251.108 Y205.287*127
2025-06-13T17:03:27.058488+0800 ERROR write command N54 G0 F3600 X251.108 Y205.287*127
2025-06-13T17:03:27.059003+0800 ERROR second command N54 G0 F3600 X251.108 Y205.287*127
2025-06-13T17:03:27.059003+0800 ERROR finish command N54 G0 F3600 X251.108 Y205.287*127
2025-06-13T17:03:27.077100+0800 ERROR readline ok

2025-06-13T17:03:27.088033+0800 ERROR SENT: N55 G1 F2400 X242.081 Y196.26 E38.89689*56
2025-06-13T17:03:27.089029+0800 ERROR write command N55 G1 F2400 X242.081 Y196.26 E38.89689*56
2025-06-13T17:03:27.089543+0800 ERROR second command N55 G1 F2400 X242.081 Y196.26 E38.89689*56
2025-06-13T17:03:27.091601+0800 ERROR finish command N55 G1 F2400 X242.081 Y196.26 E38.89689*56
2025-06-13T17:03:27.094149+0800 ERROR readline echo: cold extrusion prevented

2025-06-13T17:03:27.250907+0800 ERROR readline ok

2025-06-13T17:03:27.260476+0800 ERROR SENT: N56 G0 F3600 X241.232 Y196.26*70
2025-06-13T17:03:27.261876+0800 ERROR write command N56 G0 F3600 X241.232 Y196.26*70
2025-06-13T17:03:27.261876+0800 ERROR second command N56 G0 F3600 X241.232 Y196.26*70
2025-06-13T17:03:27.262898+0800 ERROR finish command N56 G0 F3600 X241.232 Y196.26*70
2025-06-13T17:03:27.271454+0800 ERROR readline ok

2025-06-13T17:03:27.274468+0800 ERROR SENT: N57 G1 F2400 X251.108 Y206.136 E39.62854*8
2025-06-13T17:03:27.274985+0800 ERROR write command N57 G1 F2400 X251.108 Y206.136 E39.62854*8
2025-06-13T17:03:27.274985+0800 ERROR second command N57 G1 F2400 X251.108 Y206.136 E39.62854*8
2025-06-13T17:03:27.276497+0800 ERROR finish command N57 G1 F2400 X251.108 Y206.136 E39.62854*8
2025-06-13T17:03:27.278508+0800 ERROR readline echo: cold extrusion prevented

2025-06-13T17:03:27.490651+0800 ERROR readline ok

2025-06-13T17:03:27.551309+0800 ERROR SENT: N58 G0 F3600 X251.108 Y206.984*120
2025-06-13T17:03:27.552325+0800 ERROR write command N58 G0 F3600 X251.108 Y206.984*120
2025-06-13T17:03:27.553322+0800 ERROR second command N58 G0 F3600 X251.108 Y206.984*120
2025-06-13T17:03:27.558204+0800 ERROR finish command N58 G0 F3600 X251.108 Y206.984*120
2025-06-13T17:03:27.559215+0800 ERROR readline ok

2025-06-13T17:03:27.568973+0800 ERROR SENT: N59 G1 F2400 X240.384 Y196.26 E40.42301*61
2025-06-13T17:03:27.569991+0800 ERROR write command N59 G1 F2400 X240.384 Y196.26 E40.42301*61
2025-06-13T17:03:27.570991+0800 ERROR second command N59 G1 F2400 X240.384 Y196.26 E40.42301*61
2025-06-13T17:03:27.572006+0800 ERROR finish command N59 G1 F2400 X240.384 Y196.26 E40.42301*61
2025-06-13T17:03:27.597324+0800 ERROR readline echo: cold extrusion prevented

2025-06-13T17:03:27.650704+0800 ERROR readline X:251.1080 Y:206.9840 Z:0.2000 E:40.4230 Count X:87888 Y:72444 Z:400 STA: 5251839

2025-06-13T17:03:27.651718+0800 ERROR readline 

2025-06-13T17:03:27.731951+0800 ERROR readline ok

2025-06-13T17:03:27.755156+0800 ERROR SENT: N60 G0 F3600 X239.535 Y196.26*76
2025-06-13T17:03:27.757764+0800 ERROR write command N60 G0 F3600 X239.535 Y196.26*76
2025-06-13T17:03:27.759269+0800 ERROR second command N60 G0 F3600 X239.535 Y196.26*76
2025-06-13T17:03:27.760283+0800 ERROR readline ok

2025-06-13T17:03:27.760797+0800 ERROR finish command N60 G0 F3600 X239.535 Y196.26*76
2025-06-13T17:03:27.762000+0800 ERROR SENT: N61 G1 F2400 X251.108 Y207.833 E41.28037*12
2025-06-13T17:03:27.764532+0800 ERROR write command N61 G1 F2400 X251.108 Y207.833 E41.28037*12
2025-06-13T17:03:27.764532+0800 ERROR second command N61 G1 F2400 X251.108 Y207.833 E41.28037*12
2025-06-13T17:03:27.764532+0800 ERROR finish command N61 G1 F2400 X251.108 Y207.833 E41.28037*12
2025-06-13T17:03:27.774130+0800 ERROR readline echo: cold extrusion prevented

2025-06-13T17:03:28.012464+0800 ERROR readline ok

2025-06-13T17:03:28.018406+0800 ERROR SENT: N62 G0 F3600 X251.108 Y208.681*117
2025-06-13T17:03:28.019405+0800 ERROR write command N62 G0 F3600 X251.108 Y208.681*117
2025-06-13T17:03:28.019917+0800 ERROR second command N62 G0 F3600 X251.108 Y208.681*117
2025-06-13T17:03:28.019917+0800 ERROR finish command N62 G0 F3600 X251.108 Y208.681*117
2025-06-13T17:03:28.032564+0800 ERROR readline ok

2025-06-13T17:03:28.034084+0800 ERROR SENT: N63 G1 F2400 X238.687 Y196.26 E42.20056*58
2025-06-13T17:03:28.034084+0800 ERROR write command N63 G1 F2400 X238.687 Y196.26 E42.20056*58
2025-06-13T17:03:28.035104+0800 ERROR second command N63 G1 F2400 X238.687 Y196.26 E42.20056*58
2025-06-13T17:03:28.035104+0800 ERROR finish command N63 G1 F2400 X238.687 Y196.26 E42.20056*58
2025-06-13T17:03:28.039232+0800 ERROR readline echo: cold extrusion prevented

2025-06-13T17:03:28.297274+0800 ERROR empty readline 0
2025-06-13T17:03:28.327007+0800 ERROR readline ok

2025-06-13T17:03:28.328023+0800 ERROR SENT: N64 G0 F3600 X237.838 Y196.26*70
2025-06-13T17:03:28.328023+0800 ERROR write command N64 G0 F3600 X237.838 Y196.26*70
2025-06-13T17:03:28.329027+0800 ERROR second command N64 G0 F3600 X237.838 Y196.26*70
2025-06-13T17:03:28.330153+0800 ERROR finish command N64 G0 F3600 X237.838 Y196.26*70
2025-06-13T17:03:28.346508+0800 ERROR readline ok

2025-06-13T17:03:28.358957+0800 ERROR SENT: N65 G1 F2400 X251.108 Y209.53 E43.18364*60
2025-06-13T17:03:28.359980+0800 ERROR write command N65 G1 F2400 X251.108 Y209.53 E43.18364*60
2025-06-13T17:03:28.359980+0800 ERROR second command N65 G1 F2400 X251.108 Y209.53 E43.18364*60
2025-06-13T17:03:28.361311+0800 ERROR finish command N65 G1 F2400 X251.108 Y209.53 E43.18364*60
2025-06-13T17:03:28.362835+0800 ERROR readline echo: cold extrusion prevented

2025-06-13T17:03:28.626321+0800 ERROR empty readline 0
2025-06-13T17:03:28.647630+0800 ERROR readline X:237.8380 Y:196.2600 Z:0.2000 E:43.1836 Count X:83243 Y:68691 Z:400 STA: 5251839

2025-06-13T17:03:28.647630+0800 ERROR readline 

2025-06-13T17:03:28.669248+0800 ERROR readline ok

2025-06-13T17:03:28.672805+0800 ERROR SENT: N66 G0 F3600 X251.108 Y210.378*123
2025-06-13T17:03:28.673625+0800 ERROR write command N66 G0 F3600 X251.108 Y210.378*123
2025-06-13T17:03:28.674142+0800 ERROR second command N66 G0 F3600 X251.108 Y210.378*123
2025-06-13T17:03:28.674142+0800 ERROR finish command N66 G0 F3600 X251.108 Y210.378*123
2025-06-13T17:03:28.690191+0800 ERROR readline ok

2025-06-13T17:03:28.704152+0800 ERROR SENT: N67 G1 F2400 X236.99 Y196.26 E44.22955*7
2025-06-13T17:03:28.705206+0800 ERROR write command N67 G1 F2400 X236.99 Y196.26 E44.22955*7
2025-06-13T17:03:28.705206+0800 ERROR second command N67 G1 F2400 X236.99 Y196.26 E44.22955*7
2025-06-13T17:03:28.706747+0800 ERROR finish command N67 G1 F2400 X236.99 Y196.26 E44.22955*7
2025-06-13T17:03:28.709280+0800 ERROR readline echo: cold extrusion prevented

2025-06-13T17:03:28.971139+0800 ERROR empty readline 0
2025-06-13T17:03:29.044432+0800 ERROR readline ok

2025-06-13T17:03:29.046967+0800 ERROR SENT: N68 G0 F3600 X236.141 Y196.26*76
2025-06-13T17:03:29.047963+0800 ERROR write command N68 G0 F3600 X236.141 Y196.26*76
2025-06-13T17:03:29.047963+0800 ERROR second command N68 G0 F3600 X236.141 Y196.26*76
2025-06-13T17:03:29.048959+0800 ERROR finish command N68 G0 F3600 X236.141 Y196.26*76
2025-06-13T17:03:29.064564+0800 ERROR readline ok

2025-06-13T17:03:29.077715+0800 ERROR SENT: N69 G1 F2400 X251.108 Y211.227 E45.33835*8
2025-06-13T17:03:29.077715+0800 ERROR write command N69 G1 F2400 X251.108 Y211.227 E45.33835*8
2025-06-13T17:03:29.080243+0800 ERROR second command N69 G1 F2400 X251.108 Y211.227 E45.33835*8
2025-06-13T17:03:29.082247+0800 ERROR finish command N69 G1 F2400 X251.108 Y211.227 E45.33835*8
2025-06-13T17:03:29.085138+0800 ERROR readline echo: cold extrusion prevented

2025-06-13T17:03:29.340377+0800 ERROR empty readline 0
2025-06-13T17:03:29.446874+0800 ERROR readline ok

2025-06-13T17:03:29.462997+0800 ERROR SENT: N70 G0 F3600 X251.108 Y212.075*112
2025-06-13T17:03:29.464508+0800 ERROR write command N70 G0 F3600 X251.108 Y212.075*112
2025-06-13T17:03:29.464508+0800 ERROR second command N70 G0 F3600 X251.108 Y212.075*112
2025-06-13T17:03:29.465521+0800 ERROR finish command N70 G0 F3600 X251.108 Y212.075*112
2025-06-13T17:03:29.467028+0800 ERROR readline ok

2025-06-13T17:03:29.479143+0800 ERROR SENT: N71 G1 F2400 X235.293 Y196.26 E46.50997*50
2025-06-13T17:03:29.480157+0800 ERROR write command N71 G1 F2400 X235.293 Y196.26 E46.50997*50
2025-06-13T17:03:29.480157+0800 ERROR second command N71 G1 F2400 X235.293 Y196.26 E46.50997*50
2025-06-13T17:03:29.481155+0800 ERROR finish command N71 G1 F2400 X235.293 Y196.26 E46.50997*50
2025-06-13T17:03:29.484676+0800 ERROR readline echo: cold extrusion prevented

2025-06-13T17:03:29.650133+0800 ERROR readline X:251.1080 Y:212.0750 Z:0.2000 E:46.5100 Count X:87888 Y:74226 Z:400 STA: 5251839

2025-06-13T17:03:29.653532+0800 ERROR readline 

2025-06-13T17:03:29.882231+0800 ERROR readline ok

2025-06-13T17:03:29.884233+0800 ERROR SENT: N72 G0 F3600 X234.444 Y196.26*69
2025-06-13T17:03:29.884233+0800 ERROR write command N72 G0 F3600 X234.444 Y196.26*69
2025-06-13T17:03:29.884233+0800 ERROR second command N72 G0 F3600 X234.444 Y196.26*69
2025-06-13T17:03:29.885655+0800 ERROR finish command N72 G0 F3600 X234.444 Y196.26*69
2025-06-13T17:03:29.905306+0800 ERROR readline ok

2025-06-13T17:03:29.914857+0800 ERROR SENT: N73 G1 F2400 X251.108 Y212.924 E47.7445*54
2025-06-13T17:03:29.914857+0800 ERROR write command N73 G1 F2400 X251.108 Y212.924 E47.7445*54
2025-06-13T17:03:29.916366+0800 ERROR second command N73 G1 F2400 X251.108 Y212.924 E47.7445*54
2025-06-13T17:03:29.917912+0800 ERROR finish command N73 G1 F2400 X251.108 Y212.924 E47.7445*54
2025-06-13T17:03:29.926796+0800 ERROR readline echo: cold extrusion prevented

2025-06-13T17:03:30.181421+0800 ERROR empty readline 0
2025-06-13T17:03:30.345067+0800 ERROR readline ok

2025-06-13T17:03:30.351778+0800 ERROR SENT: N74 G0 F3600 X251.108 Y213.773*116
2025-06-13T17:03:30.352775+0800 ERROR write command N74 G0 F3600 X251.108 Y213.773*116
2025-06-13T17:03:30.354332+0800 ERROR second command N74 G0 F3600 X251.108 Y213.773*116
2025-06-13T17:03:30.354332+0800 ERROR finish command N74 G0 F3600 X251.108 Y213.773*116
2025-06-13T17:03:30.364998+0800 ERROR readline ok

2025-06-13T17:03:30.366543+0800 ERROR SENT: N75 G1 F2400 X233.596 Y196.26 E49.04188*58
2025-06-13T17:03:30.367560+0800 ERROR write command N75 G1 F2400 X233.596 Y196.26 E49.04188*58
2025-06-13T17:03:30.368561+0800 ERROR second command N75 G1 F2400 X233.596 Y196.26 E49.04188*58
2025-06-13T17:03:30.372061+0800 ERROR readline echo: cold extrusion prevented

2025-06-13T17:03:30.373075+0800 ERROR finish command N75 G1 F2400 X233.596 Y196.26 E49.04188*58
2025-06-13T17:03:30.629486+0800 ERROR empty readline 0
2025-06-13T17:03:30.649248+0800 ERROR readline X:251.1080 Y:213.7730 Z:0.2000 E:49.0419 Count X:87888 Y:74821 Z:400 STA: 5251839

2025-06-13T17:03:30.652307+0800 ERROR readline 

2025-06-13T17:03:30.840701+0800 ERROR readline ok

2025-06-13T17:03:30.849318+0800 ERROR SENT: N76 G0 F3600 X232.747 Y196.26*71
2025-06-13T17:03:30.850334+0800 ERROR write command N76 G0 F3600 X232.747 Y196.26*71
2025-06-13T17:03:30.850334+0800 ERROR second command N76 G0 F3600 X232.747 Y196.26*71
2025-06-13T17:03:30.851345+0800 ERROR finish command N76 G0 F3600 X232.747 Y196.26*71
2025-06-13T17:03:30.860439+0800 ERROR readline ok

2025-06-13T17:03:30.864444+0800 ERROR SENT: N77 G1 F2400 X251.108 Y214.621 E50.40212*15
2025-06-13T17:03:30.864958+0800 ERROR write command N77 G1 F2400 X251.108 Y214.621 E50.40212*15
2025-06-13T17:03:30.866468+0800 ERROR second command N77 G1 F2400 X251.108 Y214.621 E50.40212*15
2025-06-13T17:03:30.867513+0800 ERROR finish command N77 G1 F2400 X251.108 Y214.621 E50.40212*15
2025-06-13T17:03:30.872064+0800 ERROR readline echo: cold extrusion prevented

2025-06-13T17:03:31.130236+0800 ERROR empty readline 0
2025-06-13T17:03:31.364905+0800 ERROR readline ok

2025-06-13T17:03:31.379078+0800 ERROR SENT: N78 G0 F3600 X251.108 Y215.47*78
2025-06-13T17:03:31.380096+0800 ERROR write command N78 G0 F3600 X251.108 Y215.47*78
2025-06-13T17:03:31.381104+0800 ERROR second command N78 G0 F3600 X251.108 Y215.47*78
2025-06-13T17:03:31.382106+0800 ERROR finish command N78 G0 F3600 X251.108 Y215.47*78
2025-06-13T17:03:31.385590+0800 ERROR readline ok

2025-06-13T17:03:31.394261+0800 ERROR SENT: N79 G1 F2400 X231.898 Y196.26 E51.82526*48
2025-06-13T17:03:31.395277+0800 ERROR write command N79 G1 F2400 X231.898 Y196.26 E51.82526*48
2025-06-13T17:03:31.395277+0800 ERROR second command N79 G1 F2400 X231.898 Y196.26 E51.82526*48
2025-06-13T17:03:31.396787+0800 ERROR finish command N79 G1 F2400 X231.898 Y196.26 E51.82526*48
2025-06-13T17:03:31.401348+0800 ERROR readline echo: cold extrusion prevented

2025-06-13T17:03:31.649960+0800 ERROR readline X:251.1080 Y:215.4700 Z:0.2000 E:51.8253 Count X:87888 Y:75415 Z:400 STA: 5251839

2025-06-13T17:03:31.651986+0800 ERROR readline 

2025-06-13T17:03:31.917719+0800 ERROR empty readline 0
2025-06-13T17:03:31.919771+0800 ERROR readline ok

2025-06-13T17:03:31.933383+0800 ERROR SENT: N80 G0 F3600 X231.05 Y196.26*124
2025-06-13T17:03:31.934893+0800 ERROR write command N80 G0 F3600 X231.05 Y196.26*124
2025-06-13T17:03:31.934893+0800 ERROR second command N80 G0 F3600 X231.05 Y196.26*124
2025-06-13T17:03:31.934893+0800 ERROR finish command N80 G0 F3600 X231.05 Y196.26*124
2025-06-13T17:03:31.938414+0800 ERROR readline ok

2025-06-13T17:03:31.949492+0800 ERROR SENT: N81 G1 F2400 X251.108 Y216.318 E53.31122*14
2025-06-13T17:03:31.950504+0800 ERROR write command N81 G1 F2400 X251.108 Y216.318 E53.31122*14
2025-06-13T17:03:31.951013+0800 ERROR second command N81 G1 F2400 X251.108 Y216.318 E53.31122*14
2025-06-13T17:03:31.952025+0800 ERROR finish command N81 G1 F2400 X251.108 Y216.318 E53.31122*14
2025-06-13T17:03:31.967613+0800 ERROR readline echo: cold extrusion prevented

2025-06-13T17:03:32.231526+0800 ERROR empty readline 0
2025-06-13T17:03:32.495594+0800 ERROR empty readline 1
2025-06-13T17:03:32.502657+0800 ERROR readline ok

2025-06-13T17:03:32.510774+0800 ERROR SENT: N82 G0 F3600 X251.108 Y217.167*122
2025-06-13T17:03:32.511801+0800 ERROR write command N82 G0 F3600 X251.108 Y217.167*122
2025-06-13T17:03:32.511801+0800 ERROR second command N82 G0 F3600 X251.108 Y217.167*122
2025-06-13T17:03:32.512849+0800 ERROR finish command N82 G0 F3600 X251.108 Y217.167*122
2025-06-13T17:03:32.523108+0800 ERROR readline ok

2025-06-13T17:03:32.526448+0800 ERROR SENT: N83 G1 F2400 X230.201 Y196.26 E54.86007*57
2025-06-13T17:03:32.526448+0800 ERROR write command N83 G1 F2400 X230.201 Y196.26 E54.86007*57
2025-06-13T17:03:32.527545+0800 ERROR second command N83 G1 F2400 X230.201 Y196.26 E54.86007*57
2025-06-13T17:03:32.529562+0800 ERROR finish command N83 G1 F2400 X230.201 Y196.26 E54.86007*57
2025-06-13T17:03:32.532981+0800 ERROR readline echo: cold extrusion prevented

2025-06-13T17:03:32.647589+0800 ERROR readline X:251.1080 Y:217.1670 Z:0.2000 E:54.8601 Count X:87888 Y:76008 Z:400 STA: 5251839

2025-06-13T17:03:32.647589+0800 ERROR readline 

2025-06-13T17:03:32.902319+0800 ERROR empty readline 0
2025-06-13T17:03:33.117553+0800 ERROR readline ok

2025-06-13T17:03:33.120958+0800 ERROR SENT: N84 G0 F3600 X229.353 Y196.26*65
2025-06-13T17:03:33.121634+0800 ERROR write command N84 G0 F3600 X229.353 Y196.26*65
2025-06-13T17:03:33.122637+0800 ERROR second command N84 G0 F3600 X229.353 Y196.26*65
2025-06-13T17:03:33.124153+0800 ERROR finish command N84 G0 F3600 X229.353 Y196.26*65
2025-06-13T17:03:33.137026+0800 ERROR readline ok

2025-06-13T17:03:33.151713+0800 ERROR SENT: N85 G1 F2400 X251.108 Y218.015 E56.47175*12
2025-06-13T17:03:33.151713+0800 ERROR write command N85 G1 F2400 X251.108 Y218.015 E56.47175*12
2025-06-13T17:03:33.153167+0800 ERROR second command N85 G1 F2400 X251.108 Y218.015 E56.47175*12
2025-06-13T17:03:33.153680+0800 ERROR finish command N85 G1 F2400 X251.108 Y218.015 E56.47175*12
2025-06-13T17:03:33.157796+0800 ERROR readline echo: cold extrusion prevented

2025-06-13T17:03:33.415729+0800 ERROR empty readline 0
2025-06-13T17:03:33.649303+0800 ERROR readline X:229.3530 Y:196.2600 Z:0.2000 E:56.4717 Count X:80274 Y:68691 Z:400 STA: 5251839

2025-06-13T17:03:33.652340+0800 ERROR readline 

2025-06-13T17:03:33.759399+0800 ERROR readline ok

2025-06-13T17:03:33.773528+0800 ERROR SENT: N86 G0 F3600 X251.108 Y218.864*123
2025-06-13T17:03:33.775048+0800 ERROR write command N86 G0 F3600 X251.108 Y218.864*123
2025-06-13T17:03:33.776562+0800 ERROR second command N86 G0 F3600 X251.108 Y218.864*123
2025-06-13T17:03:33.776562+0800 ERROR finish command N86 G0 F3600 X251.108 Y218.864*123
2025-06-13T17:03:33.779470+0800 ERROR readline ok

2025-06-13T17:03:33.789123+0800 ERROR SENT: N87 G1 F2400 X228.504 Y196.26 E58.14633*48
2025-06-13T17:03:33.790785+0800 ERROR write command N87 G1 F2400 X228.504 Y196.26 E58.14633*48
2025-06-13T17:03:33.791804+0800 ERROR second command N87 G1 F2400 X228.504 Y196.26 E58.14633*48
2025-06-13T17:03:33.791804+0800 ERROR finish command N87 G1 F2400 X228.504 Y196.26 E58.14633*48
2025-06-13T17:03:33.796291+0800 ERROR readline echo: cold extrusion prevented

2025-06-13T17:03:34.055383+0800 ERROR empty readline 0
2025-06-13T17:03:34.319365+0800 ERROR empty readline 1
2025-06-13T17:03:34.433381+0800 ERROR readline ok

2025-06-13T17:03:34.444638+0800 ERROR SENT: N88 G0 F3600 X227.656 Y196.26*67
2025-06-13T17:03:34.445653+0800 ERROR write command N88 G0 F3600 X227.656 Y196.26*67
2025-06-13T17:03:34.445653+0800 ERROR second command N88 G0 F3600 X227.656 Y196.26*67
2025-06-13T17:03:34.446654+0800 ERROR finish command N88 G0 F3600 X227.656 Y196.26*67
2025-06-13T17:03:34.452732+0800 ERROR readline ok

2025-06-13T17:03:34.459819+0800 ERROR SENT: N89 G1 F2400 X251.108 Y219.712 E59.88373*9
2025-06-13T17:03:34.460879+0800 ERROR write command N89 G1 F2400 X251.108 Y219.712 E59.88373*9
2025-06-13T17:03:34.462902+0800 ERROR second command N89 G1 F2400 X251.108 Y219.712 E59.88373*9
2025-06-13T17:03:34.462902+0800 ERROR finish command N89 G1 F2400 X251.108 Y219.712 E59.88373*9
2025-06-13T17:03:34.466962+0800 ERROR readline echo: cold extrusion prevented

2025-06-13T17:03:34.647880+0800 ERROR readline X:227.6560 Y:196.2600 Z:0.2000 E:59.8837 Count X:79680 Y:68691 Z:400 STA: 5251839

2025-06-13T17:03:34.649388+0800 ERROR readline 

2025-06-13T17:03:34.915777+0800 ERROR empty readline 0
2025-06-13T17:03:35.139603+0800 ERROR readline ok

2025-06-13T17:03:35.147707+0800 ERROR SENT: N90 G0 F3600 X251.108 Y220.561*127
2025-06-13T17:03:35.147707+0800 ERROR write command N90 G0 F3600 X251.108 Y220.561*127
2025-06-13T17:03:35.149224+0800 ERROR second command N90 G0 F3600 X251.108 Y220.561*127
2025-06-13T17:03:35.150257+0800 ERROR finish command N90 G0 F3600 X251.108 Y220.561*127
2025-06-13T17:03:35.159371+0800 ERROR readline ok

2025-06-13T17:03:35.163393+0800 ERROR SENT: N91 G1 F2400 X226.807 Y196.26 E61.68402*54
2025-06-13T17:03:35.163393+0800 ERROR write command N91 G1 F2400 X226.807 Y196.26 E61.68402*54
2025-06-13T17:03:35.164402+0800 ERROR second command N91 G1 F2400 X226.807 Y196.26 E61.68402*54
2025-06-13T17:03:35.164402+0800 ERROR finish command N91 G1 F2400 X226.807 Y196.26 E61.68402*54
2025-06-13T17:03:35.170033+0800 ERROR readline echo: cold extrusion prevented

2025-06-13T17:03:35.427442+0800 ERROR empty readline 0
2025-06-13T17:03:35.650279+0800 ERROR readline X:251.1080 Y:220.5610 Z:0.2000 E:61.6840 Count X:87888 Y:77196 Z:400 STA: 5251839

2025-06-13T17:03:35.653288+0800 ERROR readline 

2025-06-13T17:03:35.875812+0800 ERROR readline ok

2025-06-13T17:03:35.878406+0800 ERROR SENT: N92 G0 F3600 X225.959 Y196.26*74
2025-06-13T17:03:35.879400+0800 ERROR write command N92 G0 F3600 X225.959 Y196.26*74
2025-06-13T17:03:35.880858+0800 ERROR second command N92 G0 F3600 X225.959 Y196.26*74
2025-06-13T17:03:35.880858+0800 ERROR finish command N92 G0 F3600 X225.959 Y196.26*74
2025-06-13T17:03:35.895832+0800 ERROR readline ok

2025-06-13T17:03:35.910542+0800 ERROR SENT: N93 G1 F2400 X251.108 Y221.409 E63.54714*13
2025-06-13T17:03:35.910542+0800 ERROR write command N93 G1 F2400 X251.108 Y221.409 E63.54714*13
2025-06-13T17:03:35.912541+0800 ERROR second command N93 G1 F2400 X251.108 Y221.409 E63.54714*13
2025-06-13T17:03:35.915077+0800 ERROR readline echo: cold extrusion prevented

2025-06-13T17:03:35.916590+0800 ERROR finish command N93 G1 F2400 X251.108 Y221.409 E63.54714*13
2025-06-13T17:03:36.179268+0800 ERROR empty readline 0
2025-06-13T17:03:36.258072+0800 INFO M105

2025-06-13T17:03:36.443447+0800 ERROR empty readline 1
2025-06-13T17:03:36.638356+0800 ERROR readline ok

2025-06-13T17:03:36.647174+0800 ERROR SENT: M105

2025-06-13T17:03:36.648331+0800 ERROR write command M105

2025-06-13T17:03:36.649346+0800 ERROR second command M105

2025-06-13T17:03:36.651420+0800 ERROR finish command M105

2025-06-13T17:03:36.656769+0800 ERROR readline X:251.1080 Y:221.4090 Z:0.2000 E:63.5471 Count X:87888 Y:77493 Z:400 STA: 5251839

2025-06-13T17:03:36.657783+0800 ERROR readline 

2025-06-13T17:03:36.661316+0800 ERROR readline ok

2025-06-13T17:03:36.665827+0800 ERROR readline  T:50.2404 /10 B:49.5375 /10 @:0 B@:0 VER: 1.3.2

2025-06-13T17:03:36.677060+0800 ERROR SENT: N94 G0 F3600 X251.108 Y222.258*116
2025-06-13T17:03:36.677060+0800 ERROR write command N94 G0 F3600 X251.108 Y222.258*116
2025-06-13T17:03:36.679480+0800 ERROR second command N94 G0 F3600 X251.108 Y222.258*116
2025-06-13T17:03:36.680040+0800 ERROR finish command N94 G0 F3600 X251.108 Y222.258*116
2025-06-13T17:03:36.682040+0800 ERROR readline ok

2025-06-13T17:03:36.692374+0800 ERROR SENT: N95 G1 F2400 X225.11 Y196.26 E65.47316*5
2025-06-13T17:03:36.694022+0800 ERROR write command N95 G1 F2400 X225.11 Y196.26 E65.47316*5
2025-06-13T17:03:36.694574+0800 ERROR second command N95 G1 F2400 X225.11 Y196.26 E65.47316*5
2025-06-13T17:03:36.697245+0800 ERROR finish command N95 G1 F2400 X225.11 Y196.26 E65.47316*5
2025-06-13T17:03:36.702376+0800 ERROR readline echo: cold extrusion prevented

2025-06-13T17:03:36.956489+0800 ERROR empty readline 0
2025-06-13T17:03:37.221596+0800 ERROR empty readline 1
2025-06-13T17:03:37.434436+0800 ERROR readline ok

2025-06-13T17:03:37.439200+0800 ERROR SENT: N96 G0 F3600 X224.262 Y196.26*76
2025-06-13T17:03:37.439705+0800 ERROR write command N96 G0 F3600 X224.262 Y196.26*76
2025-06-13T17:03:37.441216+0800 ERROR second command N96 G0 F3600 X224.262 Y196.26*76
2025-06-13T17:03:37.441216+0800 ERROR finish command N96 G0 F3600 X224.262 Y196.26*76
2025-06-13T17:03:37.454287+0800 ERROR readline ok

2025-06-13T17:03:37.455500+0800 ERROR SENT: N97 G1 F2400 X251.108 Y223.106 E67.46199*5
2025-06-13T17:03:37.457546+0800 ERROR write command N97 G1 F2400 X251.108 Y223.106 E67.46199*5
2025-06-13T17:03:37.457546+0800 ERROR second command N97 G1 F2400 X251.108 Y223.106 E67.46199*5
2025-06-13T17:03:37.459076+0800 ERROR finish command N97 G1 F2400 X251.108 Y223.106 E67.46199*5
2025-06-13T17:03:37.462107+0800 ERROR readline echo: cold extrusion prevented

2025-06-13T17:03:37.651044+0800 ERROR readline X:224.2620 Y:196.2600 Z:0.2000 E:67.4620 Count X:78492 Y:68691 Z:400 STA: 5251839

2025-06-13T17:03:37.654575+0800 ERROR readline 

2025-06-13T17:03:37.920696+0800 ERROR empty readline 0
2025-06-13T17:03:38.172087+0800 ERROR empty readline 1
2025-06-13T17:03:38.256182+0800 ERROR readline ok

2025-06-13T17:03:38.266603+0800 ERROR SENT: N98 G0 F3600 X251.108 Y223.955*127
2025-06-13T17:03:38.267638+0800 ERROR write command N98 G0 F3600 X251.108 Y223.955*127
2025-06-13T17:03:38.268632+0800 ERROR second command N98 G0 F3600 X251.108 Y223.955*127
2025-06-13T17:03:38.269633+0800 ERROR finish command N98 G0 F3600 X251.108 Y223.955*127
2025-06-13T17:03:38.276625+0800 ERROR readline ok

2025-06-13T17:03:38.281387+0800 ERROR SENT: N99 G1 F2400 X223.413 Y196.26 E69.51373*49
2025-06-13T17:03:38.281387+0800 ERROR write command N99 G1 F2400 X223.413 Y196.26 E69.51373*49
2025-06-13T17:03:38.281387+0800 ERROR second command N99 G1 F2400 X223.413 Y196.26 E69.51373*49
2025-06-13T17:03:38.282380+0800 ERROR finish command N99 G1 F2400 X223.413 Y196.26 E69.51373*49
2025-06-13T17:03:38.287594+0800 ERROR readline echo: cold extrusion prevented

2025-06-13T17:03:38.549831+0800 ERROR empty readline 0
2025-06-13T17:03:38.647610+0800 ERROR readline X:251.1080 Y:223.9550 Z:0.2000 E:69.5137 Count X:87888 Y:78384 Z:400 STA: 5251839

2025-06-13T17:03:38.649117+0800 ERROR readline 

2025-06-13T17:03:38.909737+0800 ERROR empty readline 0
2025-06-13T17:03:39.112787+0800 ERROR readline ok

2025-06-13T17:03:39.126423+0800 ERROR SENT: N100 G0 F3600 X222.565 Y196.26*116
2025-06-13T17:03:39.131434+0800 ERROR write command N100 G0 F3600 X222.565 Y196.26*116
2025-06-13T17:03:39.131947+0800 ERROR second command N100 G0 F3600 X222.565 Y196.26*116
2025-06-13T17:03:39.132456+0800 ERROR finish command N100 G0 F3600 X222.565 Y196.26*116
2025-06-13T17:03:39.133476+0800 ERROR readline ok

2025-06-13T17:03:39.134487+0800 ERROR SENT: N101 G1 F2400 X251.108 Y224.803 E71.62828*50
2025-06-13T17:03:39.134487+0800 ERROR write command N101 G1 F2400 X251.108 Y224.803 E71.62828*50
2025-06-13T17:03:39.139527+0800 ERROR second command N101 G1 F2400 X251.108 Y224.803 E71.62828*50
2025-06-13T17:03:39.140538+0800 ERROR finish command N101 G1 F2400 X251.108 Y224.803 E71.62828*50
2025-06-13T17:03:39.147195+0800 ERROR readline echo: cold extrusion prevented

2025-06-13T17:03:39.405188+0800 ERROR empty readline 0
2025-06-13T17:03:39.648025+0800 ERROR readline X:222.5650 Y:196.2600 Z:0.2000 E:71.6283 Count X:77898 Y:68691 Z:400 STA: 5251839

2025-06-13T17:03:39.649529+0800 ERROR readline 

2025-06-13T17:03:39.903515+0800 ERROR empty readline 0
2025-06-13T17:03:39.998183+0800 ERROR readline ok

2025-06-13T17:03:39.999697+0800 ERROR SENT: N102 G0 F3600 X251.108 Y225.652*67
2025-06-13T17:03:40.000269+0800 ERROR write command N102 G0 F3600 X251.108 Y225.652*67
2025-06-13T17:03:40.002415+0800 ERROR second command N102 G0 F3600 X251.108 Y225.652*67
2025-06-13T17:03:40.002415+0800 ERROR finish command N102 G0 F3600 X251.108 Y225.652*67
2025-06-13T17:03:40.016238+0800 ERROR readline ok

2025-06-13T17:03:40.027299+0800 ERROR SENT: N103 G1 F2400 X221.716 Y196.26 E73.80573*6
2025-06-13T17:03:40.028300+0800 ERROR write command N103 G1 F2400 X221.716 Y196.26 E73.80573*6
2025-06-13T17:03:40.028300+0800 ERROR second command N103 G1 F2400 X221.716 Y196.26 E73.80573*6
2025-06-13T17:03:40.029808+0800 ERROR finish command N103 G1 F2400 X221.716 Y196.26 E73.80573*6
2025-06-13T17:03:40.033335+0800 ERROR readline echo: cold extrusion prevented

2025-06-13T17:03:40.293117+0800 ERROR empty readline 0
2025-06-13T17:03:40.544858+0800 ERROR empty readline 1
2025-06-13T17:03:40.647845+0800 ERROR readline X:251.1080 Y:225.6520 Z:0.2000 E:73.8057 Count X:87888 Y:78978 Z:400 STA: 5251839

2025-06-13T17:03:40.653312+0800 ERROR readline 

2025-06-13T17:03:40.912749+0800 ERROR readline ok

2025-06-13T17:03:40.917953+0800 ERROR SENT: N104 G0 F3600 X220.868 Y196.26*114
2025-06-13T17:03:40.919470+0800 ERROR write command N104 G0 F3600 X220.868 Y196.26*114
2025-06-13T17:03:40.919470+0800 ERROR second command N104 G0 F3600 X220.868 Y196.26*114
2025-06-13T17:03:40.920984+0800 ERROR finish command N104 G0 F3600 X220.868 Y196.26*114
2025-06-13T17:03:40.932805+0800 ERROR readline ok

2025-06-13T17:03:40.950135+0800 ERROR SENT: N105 G1 F2400 X251.108 Y226.5 E76.04601*56
2025-06-13T17:03:40.951138+0800 ERROR write command N105 G1 F2400 X251.108 Y226.5 E76.04601*56
2025-06-13T17:03:40.952152+0800 ERROR second command N105 G1 F2400 X251.108 Y226.5 E76.04601*56
2025-06-13T17:03:40.955780+0800 ERROR readline echo: cold extrusion prevented

2025-06-13T17:03:40.956293+0800 ERROR finish command N105 G1 F2400 X251.108 Y226.5 E76.04601*56
2025-06-13T17:03:41.212635+0800 ERROR empty readline 0
2025-06-13T17:03:41.479507+0800 ERROR empty readline 1
2025-06-13T17:03:41.647216+0800 ERROR readline X:220.8680 Y:196.2600 Z:0.2000 E:76.0460 Count X:77304 Y:68691 Z:400 STA: 5251839

2025-06-13T17:03:41.650415+0800 ERROR readline 

2025-06-13T17:03:41.860354+0800 ERROR readline ok

2025-06-13T17:03:41.862354+0800 ERROR SENT: N106 G0 F3600 X251.108 Y227.349*74
2025-06-13T17:03:41.862354+0800 ERROR write command N106 G0 F3600 X251.108 Y227.349*74
2025-06-13T17:03:41.863803+0800 ERROR second command N106 G0 F3600 X251.108 Y227.349*74
2025-06-13T17:03:41.864312+0800 ERROR finish command N106 G0 F3600 X251.108 Y227.349*74
2025-06-13T17:03:41.880425+0800 ERROR readline ok

2025-06-13T17:03:41.893570+0800 ERROR SENT: N107 G1 F2400 X220.019 Y196.26 E78.34918*14
2025-06-13T17:03:41.894570+0800 ERROR write command N107 G1 F2400 X220.019 Y196.26 E78.34918*14
2025-06-13T17:03:41.894570+0800 ERROR second command N107 G1 F2400 X220.019 Y196.26 E78.34918*14
2025-06-13T17:03:41.896090+0800 ERROR finish command N107 G1 F2400 X220.019 Y196.26 E78.34918*14
2025-06-13T17:03:41.899106+0800 ERROR readline echo: cold extrusion prevented

2025-06-13T17:03:42.156500+0800 ERROR empty readline 0
2025-06-13T17:03:42.422474+0800 ERROR empty readline 1
2025-06-13T17:03:42.647730+0800 ERROR readline X:251.1080 Y:227.3490 Z:0.2000 E:78.3492 Count X:87888 Y:79572 Z:400 STA: 5251839

2025-06-13T17:03:42.652280+0800 ERROR readline 

2025-06-13T17:03:42.837766+0800 ERROR readline ok

2025-06-13T17:03:42.841294+0800 ERROR SENT: N108 G0 F3600 X219.171 Y196.26*117
2025-06-13T17:03:42.841294+0800 ERROR write command N108 G0 F3600 X219.171 Y196.26*117
2025-06-13T17:03:42.842587+0800 ERROR second command N108 G0 F3600 X219.171 Y196.26*117
2025-06-13T17:03:42.842587+0800 ERROR finish command N108 G0 F3600 X219.171 Y196.26*117
2025-06-13T17:03:42.858290+0800 ERROR readline ok

2025-06-13T17:03:42.872643+0800 ERROR SENT: N109 G1 F2400 X251.108 Y228.198 E80.71521*53
2025-06-13T17:03:42.874175+0800 ERROR write command N109 G1 F2400 X251.108 Y228.198 E80.71521*53
2025-06-13T17:03:42.875194+0800 ERROR second command N109 G1 F2400 X251.108 Y228.198 E80.71521*53
2025-06-13T17:03:42.876195+0800 ERROR finish command N109 G1 F2400 X251.108 Y228.198 E80.71521*53
2025-06-13T17:03:42.880761+0800 ERROR readline echo: cold extrusion prevented

2025-06-13T17:03:43.135596+0800 ERROR empty readline 0
2025-06-13T17:03:43.400569+0800 ERROR empty readline 1
2025-06-13T17:03:43.648858+0800 ERROR readline X:219.1710 Y:196.2600 Z:0.2000 E:80.7152 Count X:76710 Y:68691 Z:400 STA: 5251839

2025-06-13T17:03:43.649370+0800 ERROR readline 

2025-06-13T17:03:43.844573+0800 ERROR readline ok

2025-06-13T17:03:43.854177+0800 ERROR SENT: N110 G0 F3600 X251.108 Y229.046*79
2025-06-13T17:03:43.855199+0800 ERROR write command N110 G0 F3600 X251.108 Y229.046*79
2025-06-13T17:03:43.856713+0800 ERROR second command N110 G0 F3600 X251.108 Y229.046*79
2025-06-13T17:03:43.857733+0800 ERROR finish command N110 G0 F3600 X251.108 Y229.046*79
2025-06-13T17:03:43.864793+0800 ERROR readline ok

2025-06-13T17:03:43.869335+0800 ERROR SENT: N111 G1 F2400 X218.322 Y196.26 E83.1441*58
2025-06-13T17:03:43.869846+0800 ERROR write command N111 G1 F2400 X218.322 Y196.26 E83.1441*58
2025-06-13T17:03:43.870857+0800 ERROR second command N111 G1 F2400 X218.322 Y196.26 E83.1441*58
2025-06-13T17:03:43.870857+0800 ERROR finish command N111 G1 F2400 X218.322 Y196.26 E83.1441*58
2025-06-13T17:03:43.876415+0800 ERROR readline echo: cold extrusion prevented

2025-06-13T17:03:44.132708+0800 ERROR empty readline 0
2025-06-13T17:03:44.395611+0800 ERROR empty readline 1
2025-06-13T17:03:44.647909+0800 ERROR readline X:251.1080 Y:229.0460 Z:0.2000 E:83.1441 Count X:87888 Y:80166 Z:400 STA: 5251839

2025-06-13T17:03:44.649421+0800 ERROR readline 

2025-06-13T17:03:44.882418+0800 ERROR readline ok

2025-06-13T17:03:44.897936+0800 ERROR SENT: N112 G0 F3600 X217.474 Y196.26*112
2025-06-13T17:03:44.897936+0800 ERROR write command N112 G0 F3600 X217.474 Y196.26*112
2025-06-13T17:03:44.899448+0800 ERROR second command N112 G0 F3600 X217.474 Y196.26*112
2025-06-13T17:03:44.900468+0800 ERROR finish command N112 G0 F3600 X217.474 Y196.26*112
2025-06-13T17:03:44.903473+0800 ERROR readline ok

2025-06-13T17:03:44.913529+0800 ERROR SENT: N113 G1 F2400 X251.108 Y229.895 E85.63585*51
2025-06-13T17:03:44.913529+0800 ERROR write command N113 G1 F2400 X251.108 Y229.895 E85.63585*51
2025-06-13T17:03:44.914532+0800 ERROR second command N113 G1 F2400 X251.108 Y229.895 E85.63585*51
2025-06-13T17:03:44.915795+0800 ERROR finish command N113 G1 F2400 X251.108 Y229.895 E85.63585*51
2025-06-13T17:03:44.921093+0800 ERROR readline echo: cold extrusion prevented

2025-06-13T17:03:45.176959+0800 ERROR empty readline 0
2025-06-13T17:03:45.442335+0800 ERROR empty readline 1
2025-06-13T17:03:45.648078+0800 ERROR readline X:217.4740 Y:196.2600 Z:0.2000 E:85.6358 Count X:76116 Y:68691 Z:400 STA: 5251839

2025-06-13T17:03:45.649625+0800 ERROR readline 

2025-06-13T17:03:45.742423+0800 INFO M105

2025-06-13T17:03:45.914225+0800 ERROR empty readline 0
2025-06-13T17:03:45.950851+0800 ERROR readline ok

2025-06-13T17:03:45.960425+0800 ERROR SENT: M105

2025-06-13T17:03:45.961429+0800 ERROR write command M105

2025-06-13T17:03:45.962442+0800 ERROR second command M105

2025-06-13T17:03:45.963444+0800 ERROR finish command M105

2025-06-13T17:03:45.964979+0800 ERROR readline ok

2025-06-13T17:03:45.968519+0800 ERROR readline  T:50.6010 /10 B:49.3125 /10 @:0 B@:0 VER: 1.3.2

2025-06-13T17:03:45.976110+0800 ERROR SENT: N114 G0 F3600 X251.108 Y230.743*65
2025-06-13T17:03:45.977303+0800 ERROR write command N114 G0 F3600 X251.108 Y230.743*65
2025-06-13T17:03:45.978325+0800 ERROR second command N114 G0 F3600 X251.108 Y230.743*65
2025-06-13T17:03:45.979318+0800 ERROR finish command N114 G0 F3600 X251.108 Y230.743*65
2025-06-13T17:03:45.979830+0800 ERROR readline ok

2025-06-13T17:03:45.991569+0800 ERROR SENT: N115 G1 F2400 X216.625 Y196.26 E88.19046*3
2025-06-13T17:03:45.992559+0800 ERROR write command N115 G1 F2400 X216.625 Y196.26 E88.19046*3
2025-06-13T17:03:45.993558+0800 ERROR second command N115 G1 F2400 X216.625 Y196.26 E88.19046*3
2025-06-13T17:03:45.994586+0800 ERROR finish command N115 G1 F2400 X216.625 Y196.26 E88.19046*3
2025-06-13T17:03:45.999143+0800 ERROR readline echo: cold extrusion prevented

2025-06-13T17:03:46.257450+0800 ERROR empty readline 0
2025-06-13T17:03:46.519213+0800 ERROR empty readline 1
2025-06-13T17:03:46.648585+0800 ERROR readline X:251.1080 Y:230.7430 Z:0.2000 E:88.1905 Count X:87888 Y:80760 Z:400 STA: 5251839

2025-06-13T17:03:46.652121+0800 ERROR readline 

2025-06-13T17:03:46.909157+0800 ERROR empty readline 0
2025-06-13T17:03:47.048404+0800 ERROR readline ok

2025-06-13T17:03:47.049948+0800 ERROR SENT: N116 G0 F3600 X215.776 Y196.26*119
2025-06-13T17:03:47.051141+0800 ERROR write command N116 G0 F3600 X215.776 Y196.26*119
2025-06-13T17:03:47.052157+0800 ERROR second command N116 G0 F3600 X215.776 Y196.26*119
2025-06-13T17:03:47.053162+0800 ERROR finish command N116 G0 F3600 X215.776 Y196.26*119
2025-06-13T17:03:47.069146+0800 ERROR readline ok

2025-06-13T17:03:47.081572+0800 ERROR SENT: N117 G1 F2400 X251.108 Y231.592 E90.80797*60
2025-06-13T17:03:47.082568+0800 ERROR write command N117 G1 F2400 X251.108 Y231.592 E90.80797*60
2025-06-13T17:03:47.083569+0800 ERROR second command N117 G1 F2400 X251.108 Y231.592 E90.80797*60
2025-06-13T17:03:47.086625+0800 ERROR readline echo: cold extrusion prevented

2025-06-13T17:03:47.087646+0800 ERROR finish command N117 G1 F2400 X251.108 Y231.592 E90.80797*60
2025-06-13T17:03:47.348467+0800 ERROR empty readline 0
2025-06-13T17:03:47.612404+0800 ERROR empty readline 1
2025-06-13T17:03:47.646599+0800 ERROR readline X:215.7760 Y:196.2600 Z:0.2000 E:90.8080 Count X:75522 Y:68691 Z:400 STA: 5251839

2025-06-13T17:03:47.650129+0800 ERROR readline 

2025-06-13T17:03:47.909459+0800 ERROR empty readline 0
2025-06-13T17:03:48.174591+0800 ERROR empty readline 1
2025-06-13T17:03:48.177107+0800 ERROR readline ok

2025-06-13T17:03:48.190767+0800 ERROR SENT: N118 G0 F3600 X251.108 Y232.44*127
2025-06-13T17:03:48.191790+0800 ERROR write command N118 G0 F3600 X251.108 Y232.44*127
2025-06-13T17:03:48.192784+0800 ERROR second command N118 G0 F3600 X251.108 Y232.44*127
2025-06-13T17:03:48.192784+0800 ERROR finish command N118 G0 F3600 X251.108 Y232.44*127
2025-06-13T17:03:48.196314+0800 ERROR readline ok

2025-06-13T17:03:48.206251+0800 ERROR SENT: N119 G1 F2400 X214.928 Y196.26 E93.4883*56
2025-06-13T17:03:48.206251+0800 ERROR write command N119 G1 F2400 X214.928 Y196.26 E93.4883*56
2025-06-13T17:03:48.207265+0800 ERROR second command N119 G1 F2400 X214.928 Y196.26 E93.4883*56
2025-06-13T17:03:48.207265+0800 ERROR finish command N119 G1 F2400 X214.928 Y196.26 E93.4883*56
2025-06-13T17:03:48.212787+0800 ERROR readline echo: cold extrusion prevented

2025-06-13T17:03:48.472093+0800 ERROR empty readline 0
2025-06-13T17:03:48.646283+0800 ERROR readline X:251.1080 Y:232.4400 Z:0.2000 E:93.4883 Count X:87888 Y:81354 Z:400 STA: 5251839

2025-06-13T17:03:48.647475+0800 ERROR readline 

2025-06-13T17:03:48.907653+0800 ERROR empty readline 0
2025-06-13T17:03:49.171925+0800 ERROR empty readline 1
2025-06-13T17:03:49.334530+0800 ERROR readline ok

2025-06-13T17:03:49.341547+0800 ERROR SENT: N120 G0 F3600 X214.079 Y196.26*123
2025-06-13T17:03:49.342545+0800 ERROR write command N120 G0 F3600 X214.079 Y196.26*123
2025-06-13T17:03:49.342545+0800 ERROR second command N120 G0 F3600 X214.079 Y196.26*123
2025-06-13T17:03:49.343545+0800 ERROR finish command N120 G0 F3600 X214.079 Y196.26*123
2025-06-13T17:03:49.355601+0800 ERROR readline ok

2025-06-13T17:03:49.358066+0800 ERROR SENT: N121 G1 F2400 X251.108 Y233.289 E96.23152*54
2025-06-13T17:03:49.359581+0800 ERROR write command N121 G1 F2400 X251.108 Y233.289 E96.23152*54
2025-06-13T17:03:49.360603+0800 ERROR second command N121 G1 F2400 X251.108 Y233.289 E96.23152*54
2025-06-13T17:03:49.361120+0800 ERROR finish command N121 G1 F2400 X251.108 Y233.289 E96.23152*54
2025-06-13T17:03:49.366232+0800 ERROR readline echo: cold extrusion prevented

2025-06-13T17:03:49.623086+0800 ERROR empty readline 0
2025-06-13T17:03:49.646565+0800 ERROR readline X:214.0790 Y:196.2600 Z:0.2000 E:96.2315 Count X:74928 Y:68691 Z:400 STA: 5251839

2025-06-13T17:03:49.647586+0800 ERROR readline 

2025-06-13T17:03:49.906735+0800 ERROR empty readline 0
2025-06-13T17:03:50.170374+0800 ERROR empty readline 1
2025-06-13T17:03:50.434699+0800 ERROR empty readline 2
2025-06-13T17:03:50.522702+0800 ERROR readline ok

2025-06-13T17:03:50.528548+0800 ERROR SENT: N122 G0 F3600 X251.108 Y234.137*69
2025-06-13T17:03:50.529541+0800 ERROR write command N122 G0 F3600 X251.108 Y234.137*69
2025-06-13T17:03:50.530051+0800 ERROR second command N122 G0 F3600 X251.108 Y234.137*69
2025-06-13T17:03:50.531069+0800 ERROR finish command N122 G0 F3600 X251.108 Y234.137*69
2025-06-13T17:03:50.542673+0800 ERROR readline ok

2025-06-13T17:03:50.545200+0800 ERROR SENT: N123 G1 F2400 X213.231 Y196.26 E99.03757*14
2025-06-13T17:03:50.545200+0800 ERROR write command N123 G1 F2400 X213.231 Y196.26 E99.03757*14
2025-06-13T17:03:50.546709+0800 ERROR second command N123 G1 F2400 X213.231 Y196.26 E99.03757*14
2025-06-13T17:03:50.547724+0800 ERROR finish command N123 G1 F2400 X213.231 Y196.26 E99.03757*14
2025-06-13T17:03:50.551266+0800 ERROR readline echo: cold extrusion prevented

2025-06-13T17:03:50.646814+0800 ERROR readline X:251.1080 Y:234.1370 Z:0.2000 E:99.0376 Count X:87888 Y:81948 Z:400 STA: 5251839

2025-06-13T17:03:50.649337+0800 ERROR readline 

2025-06-13T17:03:50.901585+0800 ERROR empty readline 0
2025-06-13T17:03:51.164330+0800 ERROR empty readline 1
2025-06-13T17:03:51.428672+0800 ERROR empty readline 2
2025-06-13T17:03:51.646664+0800 ERROR readline X:251.1080 Y:234.1370 Z:0.2000 E:99.0376 Count X:87888 Y:81948 Z:400 STA: 5251839

2025-06-13T17:03:51.650221+0800 ERROR readline 

2025-06-13T17:03:51.742354+0800 ERROR readline ok

2025-06-13T17:03:51.754454+0800 ERROR SENT: N124 G0 F3600 X212.382 Y196.26*126
2025-06-13T17:03:51.754968+0800 ERROR write command N124 G0 F3600 X212.382 Y196.26*126
2025-06-13T17:03:51.757474+0800 ERROR second command N124 G0 F3600 X212.382 Y196.26*126
2025-06-13T17:03:51.758615+0800 ERROR finish command N124 G0 F3600 X212.382 Y196.26*126
2025-06-13T17:03:51.761686+0800 ERROR readline ok

2025-06-13T17:03:51.769283+0800 ERROR SENT: N125 G1 F2400 X251.108 Y234.986 E101.90652*1
2025-06-13T17:03:51.769283+0800 ERROR write command N125 G1 F2400 X251.108 Y234.986 E101.90652*1
2025-06-13T17:03:51.770300+0800 ERROR second command N125 G1 F2400 X251.108 Y234.986 E101.90652*1
2025-06-13T17:03:51.771296+0800 ERROR finish command N125 G1 F2400 X251.108 Y234.986 E101.90652*1
2025-06-13T17:03:51.774886+0800 ERROR readline echo: cold extrusion prevented

2025-06-13T17:03:52.035191+0800 ERROR empty readline 0
2025-06-13T17:03:52.300330+0800 ERROR empty readline 1
2025-06-13T17:03:52.562232+0800 ERROR empty readline 2
2025-06-13T17:03:52.646692+0800 ERROR readline X:212.3820 Y:196.2600 Z:0.2000 E:101.9065 Count X:74334 Y:68691 Z:400 STA: 5251839

2025-06-13T17:03:52.648187+0800 ERROR readline 

2025-06-13T17:03:52.917139+0800 ERROR empty readline 0
2025-06-13T17:03:52.990394+0800 ERROR readline ok

2025-06-13T17:03:52.996918+0800 ERROR SENT: N126 G0 F3600 X251.108 Y235.834*74
2025-06-13T17:03:52.997919+0800 ERROR write command N126 G0 F3600 X251.108 Y235.834*74
2025-06-13T17:03:52.999220+0800 ERROR second command N126 G0 F3600 X251.108 Y235.834*74
2025-06-13T17:03:53.000240+0800 ERROR finish command N126 G0 F3600 X251.108 Y235.834*74
2025-06-13T17:03:53.010568+0800 ERROR readline ok

2025-06-13T17:03:53.012593+0800 ERROR SENT: N127 G1 F2400 X211.534 Y196.26 E104.83829*49
2025-06-13T17:03:53.012593+0800 ERROR write command N127 G1 F2400 X211.534 Y196.26 E104.83829*49
2025-06-13T17:03:53.015482+0800 ERROR second command N127 G1 F2400 X211.534 Y196.26 E104.83829*49
2025-06-13T17:03:53.015998+0800 ERROR finish command N127 G1 F2400 X211.534 Y196.26 E104.83829*49
2025-06-13T17:03:53.020182+0800 ERROR readline echo: cold extrusion prevented

2025-06-13T17:03:53.274601+0800 ERROR empty readline 0
2025-06-13T17:03:53.536837+0800 ERROR empty readline 1
2025-06-13T17:03:53.647545+0800 ERROR readline X:251.1080 Y:235.8340 Z:0.2000 E:104.8383 Count X:87888 Y:82542 Z:400 STA: 5251839

2025-06-13T17:03:53.651434+0800 ERROR readline 

2025-06-13T17:03:53.907796+0800 ERROR empty readline 0
2025-06-13T17:03:54.169642+0800 ERROR empty readline 1
2025-06-13T17:03:54.269005+0800 ERROR readline ok

2025-06-13T17:03:54.277073+0800 ERROR SENT: N128 G0 F3600 X210.685 Y196.26*114
2025-06-13T17:03:54.277073+0800 ERROR write command N128 G0 F3600 X210.685 Y196.26*114
2025-06-13T17:03:54.278073+0800 ERROR second command N128 G0 F3600 X210.685 Y196.26*114
2025-06-13T17:03:54.279074+0800 ERROR finish command N128 G0 F3600 X210.685 Y196.26*114
2025-06-13T17:03:54.289336+0800 ERROR readline ok

2025-06-13T17:03:54.292354+0800 ERROR SENT: N129 G1 F2400 X251.108 Y236.683 E107.83295*14
2025-06-13T17:03:54.292354+0800 ERROR write command N129 G1 F2400 X251.108 Y236.683 E107.83295*14
2025-06-13T17:03:54.293843+0800 ERROR second command N129 G1 F2400 X251.108 Y236.683 E107.83295*14
2025-06-13T17:03:54.293843+0800 ERROR finish command N129 G1 F2400 X251.108 Y236.683 E107.83295*14
2025-06-13T17:03:54.297986+0800 ERROR readline echo: cold extrusion prevented

2025-06-13T17:03:54.552579+0800 ERROR empty readline 0
2025-06-13T17:03:54.646877+0800 ERROR readline X:210.6850 Y:196.2600 Z:0.2000 E:107.8329 Count X:73740 Y:68691 Z:400 STA: 5251839

2025-06-13T17:03:54.649011+0800 ERROR readline 

2025-06-13T17:03:54.906447+0800 ERROR empty readline 0
2025-06-13T17:03:55.167028+0800 ERROR empty readline 1
2025-06-13T17:03:55.196930+0800 INFO M105

2025-06-13T17:03:55.428187+0800 ERROR empty readline 2
2025-06-13T17:03:55.577959+0800 ERROR readline ok

2025-06-13T17:03:55.581502+0800 ERROR SENT: M105

2025-06-13T17:03:55.582505+0800 ERROR write command M105

2025-06-13T17:03:55.583488+0800 ERROR second command M105

2025-06-13T17:03:55.583488+0800 ERROR finish command M105

2025-06-13T17:03:55.585012+0800 ERROR readline ok

2025-06-13T17:03:55.590427+0800 ERROR readline  T:49.8884 /10 B:49.2750 /10 @:0 B@:0 VER: 1.3.2

2025-06-13T17:03:55.596499+0800 ERROR SENT: N130 G0 F3600 X251.108 Y237.531*71
2025-06-13T17:03:55.596499+0800 ERROR write command N130 G0 F3600 X251.108 Y237.531*71
2025-06-13T17:03:55.597647+0800 ERROR second command N130 G0 F3600 X251.108 Y237.531*71
2025-06-13T17:03:55.599184+0800 ERROR finish command N130 G0 F3600 X251.108 Y237.531*71
2025-06-13T17:03:55.600203+0800 ERROR readline ok

2025-06-13T17:03:55.602468+0800 ERROR SENT: N131 G1 F2400 X209.837 Y196.26 E110.89044*61
2025-06-13T17:03:55.603495+0800 ERROR write command N131 G1 F2400 X209.837 Y196.26 E110.89044*61
2025-06-13T17:03:55.603495+0800 ERROR second command N131 G1 F2400 X209.837 Y196.26 E110.89044*61
2025-06-13T17:03:55.604492+0800 ERROR finish command N131 G1 F2400 X209.837 Y196.26 E110.89044*61
2025-06-13T17:03:55.612290+0800 ERROR readline echo: cold extrusion prevented

2025-06-13T17:03:55.645733+0800 ERROR readline X:251.1080 Y:237.5310 Z:0.2000 E:110.8904 Count X:87888 Y:83136 Z:400 STA: 5251839

2025-06-13T17:03:55.648292+0800 ERROR readline 

2025-06-13T17:03:55.909487+0800 ERROR empty readline 0
2025-06-13T17:03:56.173376+0800 ERROR empty readline 1
2025-06-13T17:03:56.439305+0800 ERROR empty readline 2
2025-06-13T17:03:56.646128+0800 ERROR readline X:251.1080 Y:237.5310 Z:0.2000 E:110.8904 Count X:87888 Y:83136 Z:400 STA: 5251839

2025-06-13T17:03:56.649152+0800 ERROR readline 

2025-06-13T17:03:56.902266+0800 ERROR empty readline 0
2025-06-13T17:03:56.916905+0800 ERROR readline ok

2025-06-13T17:03:56.933006+0800 ERROR SENT: N132 G0 F3600 X208.988 Y196.26*114
2025-06-13T17:03:56.933006+0800 ERROR write command N132 G0 F3600 X208.988 Y196.26*114
2025-06-13T17:03:56.934526+0800 ERROR second command N132 G0 F3600 X208.988 Y196.26*114
2025-06-13T17:03:56.934526+0800 ERROR finish command N132 G0 F3600 X208.988 Y196.26*114
2025-06-13T17:03:56.936591+0800 ERROR readline ok

2025-06-13T17:03:56.949116+0800 ERROR SENT: N133 G1 F2400 X251.108 Y238.38 E114.01082*49
2025-06-13T17:03:56.950141+0800 ERROR write command N133 G1 F2400 X251.108 Y238.38 E114.01082*49
2025-06-13T17:03:56.952179+0800 ERROR second command N133 G1 F2400 X251.108 Y238.38 E114.01082*49
2025-06-13T17:03:56.952179+0800 ERROR finish command N133 G1 F2400 X251.108 Y238.38 E114.01082*49
2025-06-13T17:03:56.956398+0800 ERROR readline echo: cold extrusion prevented

2025-06-13T17:03:57.212515+0800 ERROR empty readline 0
2025-06-13T17:03:57.477925+0800 ERROR empty readline 1
2025-06-13T17:03:57.646427+0800 ERROR readline X:208.9880 Y:196.2600 Z:0.2000 E:114.0108 Count X:73146 Y:68691 Z:400 STA: 5251839

2025-06-13T17:03:57.648445+0800 ERROR readline 

2025-06-13T17:03:57.902518+0800 ERROR empty readline 0
2025-06-13T17:03:58.164313+0800 ERROR empty readline 1
2025-06-13T17:03:58.286298+0800 ERROR readline ok

2025-06-13T17:03:58.303417+0800 ERROR SENT: N134 G0 F3600 X251.108 Y239.228*66
2025-06-13T17:03:58.304420+0800 ERROR write command N134 G0 F3600 X251.108 Y239.228*66
2025-06-13T17:03:58.304930+0800 ERROR second command N134 G0 F3600 X251.108 Y239.228*66
2025-06-13T17:03:58.304930+0800 ERROR finish command N134 G0 F3600 X251.108 Y239.228*66
2025-06-13T17:03:58.308452+0800 ERROR readline ok

2025-06-13T17:03:58.319512+0800 ERROR SENT: N135 G1 F2400 X208.14 Y196.26 E117.19402*9
2025-06-13T17:03:58.320523+0800 ERROR write command N135 G1 F2400 X208.14 Y196.26 E117.19402*9
2025-06-13T17:03:58.320523+0800 ERROR second command N135 G1 F2400 X208.14 Y196.26 E117.19402*9
2025-06-13T17:03:58.321938+0800 ERROR finish command N135 G1 F2400 X208.14 Y196.26 E117.19402*9
2025-06-13T17:03:58.324413+0800 ERROR readline echo: cold extrusion prevented

2025-06-13T17:03:58.581324+0800 ERROR empty readline 0
2025-06-13T17:03:58.645198+0800 ERROR readline X:251.1080 Y:239.2280 Z:0.2000 E:117.1940 Count X:87888 Y:83730 Z:400 STA: 5251839

2025-06-13T17:03:58.646201+0800 ERROR readline 

2025-06-13T17:03:58.907652+0800 ERROR empty readline 0
2025-06-13T17:03:59.172552+0800 ERROR empty readline 1
2025-06-13T17:03:59.436697+0800 ERROR empty readline 2
2025-06-13T17:03:59.644870+0800 ERROR readline X:251.1080 Y:239.2280 Z:0.2000 E:117.1940 Count X:87888 Y:83730 Z:400 STA: 5251839

2025-06-13T17:03:59.647391+0800 ERROR readline 

2025-06-13T17:03:59.684549+0800 ERROR readline ok

2025-06-13T17:03:59.702151+0800 ERROR SENT: N136 G0 F3600 X207.291 Y196.26*122
2025-06-13T17:03:59.703326+0800 ERROR write command N136 G0 F3600 X207.291 Y196.26*122
2025-06-13T17:03:59.703326+0800 ERROR second command N136 G0 F3600 X207.291 Y196.26*122
2025-06-13T17:03:59.704344+0800 ERROR finish command N136 G0 F3600 X207.291 Y196.26*122
2025-06-13T17:03:59.705481+0800 ERROR readline ok

2025-06-13T17:03:59.718021+0800 ERROR SENT: N137 G1 F2400 X251.108 Y240.077 E120.44013*15
2025-06-13T17:03:59.719025+0800 ERROR write command N137 G1 F2400 X251.108 Y240.077 E120.44013*15
2025-06-13T17:03:59.719539+0800 ERROR second command N137 G1 F2400 X251.108 Y240.077 E120.44013*15
2025-06-13T17:03:59.720556+0800 ERROR finish command N137 G1 F2400 X251.108 Y240.077 E120.44013*15
2025-06-13T17:03:59.724596+0800 ERROR readline echo: cold extrusion prevented

2025-06-13T17:03:59.982527+0800 ERROR empty readline 0
2025-06-13T17:04:00.247722+0800 ERROR empty readline 1
2025-06-13T17:04:00.510233+0800 ERROR empty readline 2
2025-06-13T17:04:00.644375+0800 ERROR readline X:207.2910 Y:196.2600 Z:0.2000 E:120.4401 Count X:72552 Y:68691 Z:400 STA: 5251839

2025-06-13T17:04:00.646916+0800 ERROR readline 

2025-06-13T17:04:00.909141+0800 ERROR empty readline 0
2025-06-13T17:04:01.115246+0800 ERROR readline ok

2025-06-13T17:04:01.126176+0800 ERROR SENT: N138 G0 F3600 X251.108 Y240.925*70
2025-06-13T17:04:01.127199+0800 ERROR write command N138 G0 F3600 X251.108 Y240.925*70
2025-06-13T17:04:01.128240+0800 ERROR second command N138 G0 F3600 X251.108 Y240.925*70
2025-06-13T17:04:01.128240+0800 ERROR finish command N138 G0 F3600 X251.108 Y240.925*70
2025-06-13T17:04:01.135127+0800 ERROR readline ok

2025-06-13T17:04:01.141162+0800 ERROR SENT: N139 G1 F2400 X206.443 Y196.26 E123.74905*59
2025-06-13T17:04:01.142173+0800 ERROR write command N139 G1 F2400 X206.443 Y196.26 E123.74905*59
2025-06-13T17:04:01.142173+0800 ERROR second command N139 G1 F2400 X206.443 Y196.26 E123.74905*59
2025-06-13T17:04:01.144175+0800 ERROR finish command N139 G1 F2400 X206.443 Y196.26 E123.74905*59
2025-06-13T17:04:01.147213+0800 ERROR readline echo: cold extrusion prevented

2025-06-13T17:04:01.406302+0800 ERROR empty readline 0
2025-06-13T17:04:01.645592+0800 ERROR readline X:251.1080 Y:240.9250 Z:0.2000 E:123.7490 Count X:87888 Y:84324 Z:400 STA: 5251839

2025-06-13T17:04:01.647119+0800 ERROR readline 

2025-06-13T17:04:01.906271+0800 ERROR empty readline 0
2025-06-13T17:04:02.167711+0800 ERROR empty readline 1
2025-06-13T17:04:02.433053+0800 ERROR empty readline 2
2025-06-13T17:04:02.574150+0800 ERROR readline ok

2025-06-13T17:04:02.587362+0800 ERROR SENT: N140 G0 F3600 X205.594 Y196.26*123
2025-06-13T17:04:02.589362+0800 ERROR write command N140 G0 F3600 X205.594 Y196.26*123
2025-06-13T17:04:02.589875+0800 ERROR second command N140 G0 F3600 X205.594 Y196.26*123
2025-06-13T17:04:02.589875+0800 ERROR finish command N140 G0 F3600 X205.594 Y196.26*123
2025-06-13T17:04:02.594831+0800 ERROR readline ok

2025-06-13T17:04:02.602458+0800 ERROR SENT: N141 G1 F2400 X251.108 Y241.774 E127.12087*2
2025-06-13T17:04:02.603453+0800 ERROR write command N141 G1 F2400 X251.108 Y241.774 E127.12087*2
2025-06-13T17:04:02.604449+0800 ERROR second command N141 G1 F2400 X251.108 Y241.774 E127.12087*2
2025-06-13T17:04:02.604964+0800 ERROR finish command N141 G1 F2400 X251.108 Y241.774 E127.12087*2
2025-06-13T17:04:02.609004+0800 ERROR readline echo: cold extrusion prevented

2025-06-13T17:04:02.645845+0800 ERROR readline X:205.5940 Y:196.2600 Z:0.2000 E:127.1209 Count X:71958 Y:68691 Z:400 STA: 5251839

2025-06-13T17:04:02.646965+0800 ERROR readline 

2025-06-13T17:04:02.911207+0800 ERROR empty readline 0
2025-06-13T17:04:03.174303+0800 ERROR empty readline 1
2025-06-13T17:04:03.426492+0800 ERROR empty readline 2
2025-06-13T17:04:03.645086+0800 ERROR readline X:205.5940 Y:196.2600 Z:0.2000 E:127.1209 Count X:71958 Y:68691 Z:400 STA: 5251839

2025-06-13T17:04:03.646608+0800 ERROR readline 

2025-06-13T17:04:03.908551+0800 ERROR empty readline 0
2025-06-13T17:04:04.064623+0800 ERROR readline ok

2025-06-13T17:04:04.078284+0800 ERROR SENT: N142 G0 F3600 X251.108 Y242.622*65
2025-06-13T17:04:04.080322+0800 ERROR write command N142 G0 F3600 X251.108 Y242.622*65
2025-06-13T17:04:04.081348+0800 ERROR second command N142 G0 F3600 X251.108 Y242.622*65
2025-06-13T17:04:04.082345+0800 ERROR finish command N142 G0 F3600 X251.108 Y242.622*65
2025-06-13T17:04:04.084864+0800 ERROR readline ok

2025-06-13T17:04:04.093472+0800 ERROR SENT: N143 G1 F2400 X204.746 Y196.26 E130.55552*61
2025-06-13T17:04:04.094979+0800 ERROR write command N143 G1 F2400 X204.746 Y196.26 E130.55552*61
2025-06-13T17:04:04.095573+0800 ERROR second command N143 G1 F2400 X204.746 Y196.26 E130.55552*61
2025-06-13T17:04:04.096589+0800 ERROR finish command N143 G1 F2400 X204.746 Y196.26 E130.55552*61
2025-06-13T17:04:04.101308+0800 ERROR readline echo: cold extrusion prevented

2025-06-13T17:04:04.357105+0800 ERROR empty readline 0
2025-06-13T17:04:04.606477+0800 INFO M105

2025-06-13T17:04:04.622542+0800 ERROR empty readline 1
2025-06-13T17:04:04.647033+0800 ERROR readline X:251.1080 Y:242.6220 Z:0.2000 E:130.5555 Count X:87888 Y:84918 Z:400 STA: 5251839

2025-06-13T17:04:04.648018+0800 ERROR readline 

2025-06-13T17:04:04.904360+0800 ERROR empty readline 0
2025-06-13T17:04:05.168362+0800 ERROR empty readline 1
2025-06-13T17:04:05.420226+0800 ERROR empty readline 2
2025-06-13T17:04:05.584396+0800 ERROR readline ok

2025-06-13T17:04:05.591458+0800 ERROR SENT: M105

2025-06-13T17:04:05.591458+0800 ERROR write command M105

2025-06-13T17:04:05.592469+0800 ERROR second command M105

2025-06-13T17:04:05.593467+0800 ERROR finish command M105

2025-06-13T17:04:05.594982+0800 ERROR readline ok

2025-06-13T17:04:05.598505+0800 ERROR readline  T:50.3606 /10 B:49.2375 /10 @:0 B@:0 VER: 1.3.2

2025-06-13T17:04:05.606831+0800 ERROR SENT: N144 G0 F3600 X203.897 Y196.26*119
2025-06-13T17:04:05.606831+0800 ERROR write command N144 G0 F3600 X203.897 Y196.26*119
2025-06-13T17:04:05.608181+0800 ERROR second command N144 G0 F3600 X203.897 Y196.26*119
2025-06-13T17:04:05.609193+0800 ERROR finish command N144 G0 F3600 X203.897 Y196.26*119
2025-06-13T17:04:05.620782+0800 ERROR readline ok

2025-06-13T17:04:05.636938+0800 ERROR SENT: N145 G1 F2400 X251.108 Y243.471 E134.05306*12
2025-06-13T17:04:05.637940+0800 ERROR write command N145 G1 F2400 X251.108 Y243.471 E134.05306*12
2025-06-13T17:04:05.639455+0800 ERROR second command N145 G1 F2400 X251.108 Y243.471 E134.05306*12
2025-06-13T17:04:05.639455+0800 ERROR finish command N145 G1 F2400 X251.108 Y243.471 E134.05306*12
2025-06-13T17:04:05.643547+0800 ERROR readline echo: cold extrusion prevented

2025-06-13T17:04:05.652546+0800 ERROR readline X:203.8970 Y:196.2600 Z:0.2000 E:134.0531 Count X:71364 Y:68691 Z:400 STA: 5251839

2025-06-13T17:04:05.653568+0800 ERROR readline 

2025-06-13T17:04:05.916427+0800 ERROR empty readline 0
2025-06-13T17:04:06.180975+0800 ERROR empty readline 1
2025-06-13T17:04:06.446482+0800 ERROR empty readline 2
2025-06-13T17:04:06.647765+0800 ERROR readline X:203.8970 Y:196.2600 Z:0.2000 E:134.0531 Count X:71364 Y:68691 Z:400 STA: 5251839

2025-06-13T17:04:06.647765+0800 ERROR readline 

2025-06-13T17:04:06.916056+0800 ERROR empty readline 0
2025-06-13T17:04:07.134178+0800 ERROR readline ok

2025-06-13T17:04:07.149293+0800 ERROR SENT: N146 G0 F3600 X251.108 Y244.32*116
2025-06-13T17:04:07.150015+0800 ERROR write command N146 G0 F3600 X251.108 Y244.32*116
2025-06-13T17:04:07.150015+0800 ERROR second command N146 G0 F3600 X251.108 Y244.32*116
2025-06-13T17:04:07.151032+0800 ERROR finish command N146 G0 F3600 X251.108 Y244.32*116
2025-06-13T17:04:07.153037+0800 ERROR readline ok

2025-06-13T17:04:07.166801+0800 ERROR SENT: N147 G1 F2400 X203.049 Y196.26 E137.61346*53
2025-06-13T17:04:07.166801+0800 ERROR write command N147 G1 F2400 X203.049 Y196.26 E137.61346*53
2025-06-13T17:04:07.206077+0800 ERROR second command N147 G1 F2400 X203.049 Y196.26 E137.61346*53
2025-06-13T17:04:07.207636+0800 ERROR finish command N147 G1 F2400 X203.049 Y196.26 E137.61346*53
2025-06-13T17:04:07.212174+0800 ERROR readline echo: cold extrusion prevented

2025-06-13T17:04:07.474370+0800 ERROR empty readline 0
2025-06-13T17:04:07.650671+0800 ERROR readline X:251.1080 Y:244.3200 Z:0.2000 E:137.6135 Count X:87888 Y:85512 Z:400 STA: 5251839

2025-06-13T17:04:07.652683+0800 ERROR readline 

2025-06-13T17:04:07.907433+0800 ERROR empty readline 0
2025-06-13T17:04:08.171052+0800 ERROR empty readline 1
2025-06-13T17:04:08.435846+0800 ERROR empty readline 2
2025-06-13T17:04:08.651515+0800 ERROR readline X:251.1080 Y:244.3200 Z:0.2000 E:137.6135 Count X:87888 Y:85512 Z:400 STA: 5251839

2025-06-13T17:04:08.653646+0800 ERROR readline 

2025-06-13T17:04:08.714379+0800 ERROR readline ok

2025-06-13T17:04:08.729513+0800 ERROR SENT: N148 G0 F3600 X202.2 Y196.26*126
2025-06-13T17:04:08.730526+0800 ERROR write command N148 G0 F3600 X202.2 Y196.26*126
2025-06-13T17:04:08.731523+0800 ERROR second command N148 G0 F3600 X202.2 Y196.26*126
2025-06-13T17:04:08.732533+0800 ERROR finish command N148 G0 F3600 X202.2 Y196.26*126
2025-06-13T17:04:08.735040+0800 ERROR readline ok

2025-06-13T17:04:08.745618+0800 ERROR SENT: N149 G1 F2400 X251.108 Y245.168 E141.23672*11
2025-06-13T17:04:08.746619+0800 ERROR write command N149 G1 F2400 X251.108 Y245.168 E141.23672*11
2025-06-13T17:04:08.747127+0800 ERROR second command N149 G1 F2400 X251.108 Y245.168 E141.23672*11
2025-06-13T17:04:08.748141+0800 ERROR finish command N149 G1 F2400 X251.108 Y245.168 E141.23672*11
2025-06-13T17:04:08.752664+0800 ERROR readline echo: cold extrusion prevented

2025-06-13T17:04:09.011441+0800 ERROR empty readline 0
2025-06-13T17:04:09.276675+0800 ERROR empty readline 1
2025-06-13T17:04:09.541979+0800 ERROR empty readline 2
2025-06-13T17:04:09.655213+0800 ERROR readline X:202.2000 Y:196.2600 Z:0.2000 E:141.2367 Count X:70770 Y:68691 Z:400 STA: 5251839

2025-06-13T17:04:09.659257+0800 ERROR readline 

2025-06-13T17:04:09.916321+0800 ERROR empty readline 0
2025-06-13T17:04:10.181757+0800 ERROR empty readline 1
2025-06-13T17:04:10.325319+0800 ERROR readline ok

2025-06-13T17:04:10.338185+0800 ERROR SENT: N150 G0 F3600 X251.108 Y246.017*70
2025-06-13T17:04:10.339185+0800 ERROR write command N150 G0 F3600 X251.108 Y246.017*70
2025-06-13T17:04:10.339697+0800 ERROR second command N150 G0 F3600 X251.108 Y246.017*70
2025-06-13T17:04:10.340721+0800 ERROR finish command N150 G0 F3600 X251.108 Y246.017*70
2025-06-13T17:04:10.344581+0800 ERROR readline ok

2025-06-13T17:04:10.354224+0800 ERROR SENT: N151 G1 F2400 X201.351 Y196.26 E144.92287*62
2025-06-13T17:04:10.355237+0800 ERROR write command N151 G1 F2400 X201.351 Y196.26 E144.92287*62
2025-06-13T17:04:10.355237+0800 ERROR second command N151 G1 F2400 X201.351 Y196.26 E144.92287*62
2025-06-13T17:04:10.356239+0800 ERROR finish command N151 G1 F2400 X201.351 Y196.26 E144.92287*62
2025-06-13T17:04:10.359994+0800 ERROR readline echo: cold extrusion prevented

2025-06-13T17:04:10.619154+0800 ERROR empty readline 0
2025-06-13T17:04:10.650418+0800 ERROR readline X:251.1080 Y:246.0170 Z:0.2000 E:144.9229 Count X:87888 Y:86106 Z:400 STA: 5251839

2025-06-13T17:04:10.651792+0800 ERROR readline 

2025-06-13T17:04:10.912818+0800 ERROR empty readline 0
2025-06-13T17:04:11.179480+0800 ERROR empty readline 1
2025-06-13T17:04:11.446082+0800 ERROR empty readline 2
2025-06-13T17:04:11.649001+0800 ERROR readline X:251.1080 Y:246.0170 Z:0.2000 E:144.9229 Count X:87888 Y:86106 Z:400 STA: 5251839

2025-06-13T17:04:11.651018+0800 ERROR readline 

2025-06-13T17:04:11.913531+0800 ERROR empty readline 0
2025-06-13T17:04:11.964708+0800 ERROR readline ok

2025-06-13T17:04:11.975316+0800 ERROR SENT: N152 G0 F3600 X200.503 Y196.26*115
2025-06-13T17:04:11.976316+0800 ERROR write command N152 G0 F3600 X200.503 Y196.26*115
2025-06-13T17:04:11.977812+0800 ERROR second command N152 G0 F3600 X200.503 Y196.26*115
2025-06-13T17:04:11.978921+0800 ERROR finish command N152 G0 F3600 X200.503 Y196.26*115
2025-06-13T17:04:11.985263+0800 ERROR readline ok

2025-06-13T17:04:11.990960+0800 ERROR SENT: N153 G1 F2400 X251.108 Y246.865 E148.67185*1
2025-06-13T17:04:11.991974+0800 ERROR write command N153 G1 F2400 X251.108 Y246.865 E148.67185*1
2025-06-13T17:04:11.991974+0800 ERROR second command N153 G1 F2400 X251.108 Y246.865 E148.67185*1
2025-06-13T17:04:11.992981+0800 ERROR finish command N153 G1 F2400 X251.108 Y246.865 E148.67185*1
2025-06-13T17:04:11.997655+0800 ERROR readline echo: cold extrusion prevented

2025-06-13T17:04:12.253190+0800 ERROR empty readline 0
2025-06-13T17:04:12.518046+0800 ERROR empty readline 1
2025-06-13T17:04:12.650128+0800 ERROR readline X:200.5030 Y:196.2600 Z:0.2000 E:148.6718 Count X:70176 Y:68691 Z:400 STA: 5251839

2025-06-13T17:04:12.654661+0800 ERROR readline 

2025-06-13T17:04:12.919245+0800 ERROR empty readline 0
2025-06-13T17:04:13.183572+0800 ERROR empty readline 1
2025-06-13T17:04:13.447782+0800 ERROR empty readline 2
2025-06-13T17:04:13.636092+0800 ERROR readline ok

2025-06-13T17:04:13.647518+0800 ERROR SENT: N154 G0 F3600 X251.108 Y247.714*71
2025-06-13T17:04:13.650054+0800 ERROR write command N154 G0 F3600 X251.108 Y247.714*71
2025-06-13T17:04:13.650054+0800 ERROR second command N154 G0 F3600 X251.108 Y247.714*71
2025-06-13T17:04:13.651048+0800 ERROR finish command N154 G0 F3600 X251.108 Y247.714*71
2025-06-13T17:04:13.658100+0800 ERROR readline X:251.1080 Y:246.8650 Z:0.2000 E:148.6718 Count X:87888 Y:86403 Z:400 STA: 5251839

2025-06-13T17:04:13.659107+0800 ERROR readline 

2025-06-13T17:04:13.664407+0800 ERROR readline ok

2025-06-13T17:04:13.679511+0800 ERROR SENT: N155 G1 F2400 X199.654 Y196.26 E152.48373*50
2025-06-13T17:04:13.681052+0800 ERROR write command N155 G1 F2400 X199.654 Y196.26 E152.48373*50
2025-06-13T17:04:13.682080+0800 ERROR second command N155 G1 F2400 X199.654 Y196.26 E152.48373*50
2025-06-13T17:04:13.683079+0800 ERROR finish command N155 G1 F2400 X199.654 Y196.26 E152.48373*50
2025-06-13T17:04:13.688133+0800 ERROR readline echo: cold extrusion prevented

2025-06-13T17:04:13.943446+0800 ERROR empty readline 0
2025-06-13T17:04:14.066710+0800 INFO M105

2025-06-13T17:04:14.206933+0800 ERROR empty readline 1
2025-06-13T17:04:14.468390+0800 ERROR empty readline 2
2025-06-13T17:04:14.650053+0800 ERROR readline X:251.1080 Y:247.7140 Z:0.2000 E:152.4837 Count X:87888 Y:86700 Z:400 STA: 5251839

2025-06-13T17:04:14.652070+0800 ERROR readline 

2025-06-13T17:04:14.907715+0800 ERROR empty readline 0
2025-06-13T17:04:15.171892+0800 ERROR empty readline 1
2025-06-13T17:04:15.335915+0800 ERROR readline ok

2025-06-13T17:04:15.341551+0800 ERROR SENT: M105

2025-06-13T17:04:15.342587+0800 ERROR write command M105

2025-06-13T17:04:15.344568+0800 ERROR second command M105

2025-06-13T17:04:15.345084+0800 ERROR finish command M105

2025-06-13T17:04:15.347666+0800 ERROR readline ok

2025-06-13T17:04:15.350199+0800 ERROR readline  T:50.1202 /10 B:49.1250 /10 @:0 B@:0 VER: 1.3.2

2025-06-13T17:04:15.357237+0800 ERROR SENT: N156 G0 F3600 X198.806 Y196.26*125
2025-06-13T17:04:15.357237+0800 ERROR write command N156 G0 F3600 X198.806 Y196.26*125
2025-06-13T17:04:15.358239+0800 ERROR second command N156 G0 F3600 X198.806 Y196.26*125
2025-06-13T17:04:15.360263+0800 ERROR readline ok

2025-06-13T17:04:15.360263+0800 ERROR finish command N156 G0 F3600 X198.806 Y196.26*125
2025-06-13T17:04:15.362285+0800 ERROR SENT: N157 G1 F2400 X251.108 Y248.562 E156.35843*10
2025-06-13T17:04:15.363286+0800 ERROR write command N157 G1 F2400 X251.108 Y248.562 E156.35843*10
2025-06-13T17:04:15.363286+0800 ERROR second command N157 G1 F2400 X251.108 Y248.562 E156.35843*10
2025-06-13T17:04:15.364285+0800 ERROR finish command N157 G1 F2400 X251.108 Y248.562 E156.35843*10
2025-06-13T17:04:15.371329+0800 ERROR readline echo: cold extrusion prevented

2025-06-13T17:04:15.635213+0800 ERROR empty readline 0
2025-06-13T17:04:15.649356+0800 ERROR readline X:198.8060 Y:196.2600 Z:0.2000 E:156.3584 Count X:69582 Y:68691 Z:400 STA: 5251839

2025-06-13T17:04:15.651369+0800 ERROR readline 

2025-06-13T17:04:15.916382+0800 ERROR empty readline 0
2025-06-13T17:04:16.179259+0800 ERROR empty readline 1
2025-06-13T17:04:16.431491+0800 ERROR empty readline 2
2025-06-13T17:04:16.649074+0800 ERROR readline X:198.8060 Y:196.2600 Z:0.2000 E:156.3584 Count X:69582 Y:68691 Z:400 STA: 5251839

2025-06-13T17:04:16.650093+0800 ERROR readline 

2025-06-13T17:04:16.903140+0800 ERROR empty readline 0
2025-06-13T17:04:17.067790+0800 ERROR readline ok

2025-06-13T17:04:17.072868+0800 ERROR SENT: N158 G0 F3600 X251.108 Y249.411*67
2025-06-13T17:04:17.074384+0800 ERROR write command N158 G0 F3600 X251.108 Y249.411*67
2025-06-13T17:04:17.075212+0800 ERROR second command N158 G0 F3600 X251.108 Y249.411*67
2025-06-13T17:04:17.077322+0800 ERROR finish command N158 G0 F3600 X251.108 Y249.411*67
2025-06-13T17:04:17.087556+0800 ERROR readline ok

2025-06-13T17:04:17.103115+0800 ERROR SENT: N159 G1 F2400 X197.957 Y196.26 E160.29602*57
2025-06-13T17:04:17.104136+0800 ERROR write command N159 G1 F2400 X197.957 Y196.26 E160.29602*57
2025-06-13T17:04:17.106152+0800 ERROR second command N159 G1 F2400 X197.957 Y196.26 E160.29602*57
2025-06-13T17:04:17.107182+0800 ERROR finish command N159 G1 F2400 X197.957 Y196.26 E160.29602*57
2025-06-13T17:04:17.111731+0800 ERROR readline echo: cold extrusion prevented

2025-06-13T17:04:17.370536+0800 ERROR empty readline 0
2025-06-13T17:04:17.623382+0800 ERROR empty readline 1
2025-06-13T17:04:17.650097+0800 ERROR readline X:251.1080 Y:249.4110 Z:0.2000 E:160.2960 Count X:87888 Y:87294 Z:400 STA: 5251839

2025-06-13T17:04:17.651089+0800 ERROR readline 

2025-06-13T17:04:17.905503+0800 ERROR empty readline 0
2025-06-13T17:04:18.156637+0800 ERROR empty readline 1
2025-06-13T17:04:18.407789+0800 ERROR empty readline 2
2025-06-13T17:04:18.646814+0800 ERROR readline X:251.1080 Y:249.4110 Z:0.2000 E:160.2960 Count X:87888 Y:87294 Z:400 STA: 5251839

2025-06-13T17:04:18.648068+0800 ERROR readline 

2025-06-13T17:04:18.828208+0800 ERROR readline ok

2025-06-13T17:04:18.844700+0800 ERROR SENT: N160 G0 F3600 X197.109 Y196.26*113
2025-06-13T17:04:18.845278+0800 ERROR write command N160 G0 F3600 X197.109 Y196.26*113
2025-06-13T17:04:18.845278+0800 ERROR second command N160 G0 F3600 X197.109 Y196.26*113
2025-06-13T17:04:18.846794+0800 ERROR finish command N160 G0 F3600 X197.109 Y196.26*113
2025-06-13T17:04:18.847809+0800 ERROR readline ok

2025-06-13T17:04:18.860399+0800 ERROR SENT: N161 G1 F2400 X251.108 Y250.259 E164.29644*12
2025-06-13T17:04:18.861471+0800 ERROR write command N161 G1 F2400 X251.108 Y250.259 E164.29644*12
2025-06-13T17:04:18.861471+0800 ERROR second command N161 G1 F2400 X251.108 Y250.259 E164.29644*12
2025-06-13T17:04:18.862910+0800 ERROR finish command N161 G1 F2400 X251.108 Y250.259 E164.29644*12
2025-06-13T17:04:18.875591+0800 ERROR readline echo: cold extrusion prevented

2025-06-13T17:04:19.139441+0800 ERROR empty readline 0
2025-06-13T17:04:19.403342+0800 ERROR empty readline 1
2025-06-13T17:04:19.648171+0800 ERROR readline X:197.1090 Y:196.2600 Z:0.2000 E:164.2964 Count X:68988 Y:68691 Z:400 STA: 5251839

2025-06-13T17:04:19.652737+0800 ERROR readline 

2025-06-13T17:04:19.905648+0800 ERROR empty readline 0
2025-06-13T17:04:20.168948+0800 ERROR empty readline 1
2025-06-13T17:04:20.434630+0800 ERROR empty readline 2
2025-06-13T17:04:20.619338+0800 ERROR readline ok

2025-06-13T17:04:20.621357+0800 ERROR SENT: N162 G0 F3600 X251.108 Y251.108*78
2025-06-13T17:04:20.623371+0800 ERROR write command N162 G0 F3600 X251.108 Y251.108*78
2025-06-13T17:04:20.624387+0800 ERROR second command N162 G0 F3600 X251.108 Y251.108*78
2025-06-13T17:04:20.625440+0800 ERROR finish command N162 G0 F3600 X251.108 Y251.108*78
2025-06-13T17:04:20.640068+0800 ERROR readline ok

2025-06-13T17:04:20.649279+0800 ERROR readline X:251.1080 Y:251.1080 Z:0.2000 E:164.2964 Count X:87888 Y:87888 Z:400 STA: 5251839

2025-06-13T17:04:20.650808+0800 ERROR readline 

2025-06-13T17:04:20.651804+0800 ERROR SENT: N163 G1 F2400 X196.26 Y196.26 E168.35975*4
2025-06-13T17:04:20.655341+0800 ERROR write command N163 G1 F2400 X196.26 Y196.26 E168.35975*4
2025-06-13T17:04:20.656342+0800 ERROR second command N163 G1 F2400 X196.26 Y196.26 E168.35975*4
2025-06-13T17:04:20.657874+0800 ERROR finish command N163 G1 F2400 X196.26 Y196.26 E168.35975*4
2025-06-13T17:04:20.660401+0800 ERROR readline echo: cold extrusion prevented

2025-06-13T17:04:20.915908+0800 ERROR empty readline 0
2025-06-13T17:04:21.179071+0800 ERROR empty readline 1
2025-06-13T17:04:21.442851+0800 ERROR empty readline 2
2025-06-13T17:04:21.649321+0800 ERROR readline X:251.1080 Y:251.1080 Z:0.2000 E:168.3598 Count X:87888 Y:87888 Z:400 STA: 5251839

2025-06-13T17:04:21.650339+0800 ERROR readline 

2025-06-13T17:04:21.910814+0800 ERROR empty readline 0
2025-06-13T17:04:22.177560+0800 ERROR empty readline 1
2025-06-13T17:04:22.440459+0800 ERROR readline ok

2025-06-13T17:04:22.442468+0800 ERROR SENT: N164 G0 F3600 X195.412 Y196.26*120
2025-06-13T17:04:22.443481+0800 ERROR write command N164 G0 F3600 X195.412 Y196.26*120
2025-06-13T17:04:22.444474+0800 ERROR second command N164 G0 F3600 X195.412 Y196.26*120
2025-06-13T17:04:22.444474+0800 ERROR finish command N164 G0 F3600 X195.412 Y196.26*120
2025-06-13T17:04:22.460297+0800 ERROR readline ok

2025-06-13T17:04:22.473331+0800 ERROR SENT: N165 G1 F2400 X251.108 Y251.956 E172.48589*15
2025-06-13T17:04:22.474851+0800 ERROR write command N165 G1 F2400 X251.108 Y251.956 E172.48589*15
2025-06-13T17:04:22.475361+0800 ERROR second command N165 G1 F2400 X251.108 Y251.956 E172.48589*15
2025-06-13T17:04:22.476375+0800 ERROR finish command N165 G1 F2400 X251.108 Y251.956 E172.48589*15
2025-06-13T17:04:22.480995+0800 ERROR readline echo: cold extrusion prevented

2025-06-13T17:04:22.648334+0800 ERROR readline X:195.4120 Y:196.2600 Z:0.2000 E:172.4859 Count X:68394 Y:68691 Z:400 STA: 5251839

2025-06-13T17:04:22.649849+0800 ERROR readline 

2025-06-13T17:04:22.911643+0800 ERROR empty readline 0
2025-06-13T17:04:23.177524+0800 ERROR empty readline 1
2025-06-13T17:04:23.443175+0800 ERROR empty readline 2
2025-06-13T17:04:23.458348+0800 INFO M105

2025-06-13T17:04:23.650352+0800 ERROR readline X:195.4120 Y:196.2600 Z:0.2000 E:172.4859 Count X:68394 Y:68691 Z:400 STA: 5251839

2025-06-13T17:04:23.651373+0800 ERROR readline 

2025-06-13T17:04:23.911457+0800 ERROR empty readline 0
2025-06-13T17:04:24.176925+0800 ERROR empty readline 1
2025-06-13T17:04:24.292178+0800 ERROR readline ok

2025-06-13T17:04:24.299923+0800 ERROR SENT: M105

2025-06-13T17:04:24.301115+0800 ERROR write command M105

2025-06-13T17:04:24.302132+0800 ERROR second command M105

2025-06-13T17:04:24.303132+0800 ERROR finish command M105

2025-06-13T17:04:24.305667+0800 ERROR readline ok

2025-06-13T17:04:24.310446+0800 ERROR readline  T:49.8884 /10 B:48.9750 /10 @:0 B@:0 VER: 1.3.2

2025-06-13T17:04:24.315523+0800 ERROR SENT: N166 G0 F3600 X251.023 Y252.72*125
2025-06-13T17:04:24.315523+0800 ERROR write command N166 G0 F3600 X251.023 Y252.72*125
2025-06-13T17:04:24.317028+0800 ERROR second command N166 G0 F3600 X251.023 Y252.72*125
2025-06-13T17:04:24.317028+0800 ERROR finish command N166 G0 F3600 X251.023 Y252.72*125
2025-06-13T17:04:24.318046+0800 ERROR readline ok

2025-06-13T17:04:24.331212+0800 ERROR SENT: N167 G1 F2400 X194.648 Y196.345 E176.66233*10
2025-06-13T17:04:24.331212+0800 ERROR write command N167 G1 F2400 X194.648 Y196.345 E176.66233*10
2025-06-13T17:04:24.332228+0800 ERROR second command N167 G1 F2400 X194.648 Y196.345 E176.66233*10
2025-06-13T17:04:24.333222+0800 ERROR finish command N167 G1 F2400 X194.648 Y196.345 E176.66233*10
2025-06-13T17:04:24.337983+0800 ERROR readline echo: cold extrusion prevented

2025-06-13T17:04:24.596546+0800 ERROR empty readline 0
2025-06-13T17:04:24.649109+0800 ERROR readline X:251.0230 Y:252.7200 Z:0.2000 E:176.6623 Count X:87858 Y:88452 Z:400 STA: 5251839

2025-06-13T17:04:24.653492+0800 ERROR readline 

2025-06-13T17:04:24.907165+0800 ERROR empty readline 0
2025-06-13T17:04:25.172417+0800 ERROR empty readline 1
2025-06-13T17:04:25.426874+0800 ERROR empty readline 2
2025-06-13T17:04:25.648169+0800 ERROR readline X:251.0230 Y:252.7200 Z:0.2000 E:176.6623 Count X:87858 Y:88452 Z:400 STA: 5251839

2025-06-13T17:04:25.649683+0800 ERROR readline 

2025-06-13T17:04:25.912261+0800 ERROR empty readline 0
2025-06-13T17:04:26.173103+0800 ERROR readline ok

2025-06-13T17:04:26.190160+0800 ERROR SENT: N168 G0 F3600 X194.648 Y197.194*65
2025-06-13T17:04:26.191697+0800 ERROR write command N168 G0 F3600 X194.648 Y197.194*65
2025-06-13T17:04:26.192709+0800 ERROR second command N168 G0 F3600 X194.648 Y197.194*65
2025-06-13T17:04:26.192709+0800 ERROR finish command N168 G0 F3600 X194.648 Y197.194*65
2025-06-13T17:04:26.194230+0800 ERROR readline ok

2025-06-13T17:04:26.195244+0800 ERROR SENT: N169 G1 F2400 X250.174 Y252.72 E180.77587*58
2025-06-13T17:04:26.195244+0800 ERROR write command N169 G1 F2400 X250.174 Y252.72 E180.77587*58
2025-06-13T17:04:26.196322+0800 ERROR second command N169 G1 F2400 X250.174 Y252.72 E180.77587*58
2025-06-13T17:04:26.197451+0800 ERROR finish command N169 G1 F2400 X250.174 Y252.72 E180.77587*58
2025-06-13T17:04:26.202679+0800 ERROR readline echo: cold extrusion prevented

2025-06-13T17:04:26.457419+0800 ERROR empty readline 0
2025-06-13T17:04:26.647915+0800 ERROR readline X:194.6480 Y:197.1940 Z:0.2000 E:180.7759 Count X:68127 Y:69018 Z:400 STA: 5251839

2025-06-13T17:04:26.649427+0800 ERROR readline 

2025-06-13T17:04:26.904482+0800 ERROR empty readline 0
2025-06-13T17:04:27.167120+0800 ERROR empty readline 1
2025-06-13T17:04:27.433248+0800 ERROR empty readline 2
2025-06-13T17:04:27.647631+0800 ERROR readline X:194.6480 Y:197.1940 Z:0.2000 E:180.7759 Count X:68127 Y:69018 Z:400 STA: 5251839

2025-06-13T17:04:27.649218+0800 ERROR readline 

2025-06-13T17:04:27.901220+0800 ERROR empty readline 0
2025-06-13T17:04:28.085406+0800 ERROR readline ok

2025-06-13T17:04:28.087507+0800 ERROR SENT: N170 G0 F3600 X249.326 Y252.72*117
2025-06-13T17:04:28.087507+0800 ERROR write command N170 G0 F3600 X249.326 Y252.72*117
2025-06-13T17:04:28.089022+0800 ERROR second command N170 G0 F3600 X249.326 Y252.72*117
2025-06-13T17:04:28.090041+0800 ERROR finish command N170 G0 F3600 X249.326 Y252.72*117
2025-06-13T17:04:28.105611+0800 ERROR readline ok

2025-06-13T17:04:28.119338+0800 ERROR SENT: N171 G1 F2400 X194.648 Y198.042 E184.82659*8
2025-06-13T17:04:28.121354+0800 ERROR write command N171 G1 F2400 X194.648 Y198.042 E184.82659*8
2025-06-13T17:04:28.122633+0800 ERROR second command N171 G1 F2400 X194.648 Y198.042 E184.82659*8
2025-06-13T17:04:28.122633+0800 ERROR finish command N171 G1 F2400 X194.648 Y198.042 E184.82659*8
2025-06-13T17:04:28.127193+0800 ERROR readline echo: cold extrusion prevented

2025-06-13T17:04:28.383371+0800 ERROR empty readline 0
2025-06-13T17:04:28.647761+0800 ERROR readline X:249.3260 Y:252.7200 Z:0.2000 E:184.8266 Count X:87264 Y:88452 Z:400 STA: 5251839

2025-06-13T17:04:28.651263+0800 ERROR readline 

2025-06-13T17:04:28.911850+0800 ERROR empty readline 0
2025-06-13T17:04:29.176614+0800 ERROR empty readline 1
2025-06-13T17:04:29.430055+0800 ERROR empty readline 2
2025-06-13T17:04:29.648092+0800 ERROR readline X:249.3260 Y:252.7200 Z:0.2000 E:184.8266 Count X:87264 Y:88452 Z:400 STA: 5251839

2025-06-13T17:04:29.649102+0800 ERROR readline 

2025-06-13T17:04:29.908992+0800 ERROR empty readline 0
2025-06-13T17:04:30.027879+0800 ERROR readline ok

2025-06-13T17:04:30.031937+0800 ERROR SENT: N172 G0 F3600 X194.648 Y198.891*73
2025-06-13T17:04:30.032940+0800 ERROR write command N172 G0 F3600 X194.648 Y198.891*73
2025-06-13T17:04:30.032940+0800 ERROR second command N172 G0 F3600 X194.648 Y198.891*73
2025-06-13T17:04:30.034466+0800 ERROR finish command N172 G0 F3600 X194.648 Y198.891*73
2025-06-13T17:04:30.048435+0800 ERROR readline ok

2025-06-13T17:04:30.062849+0800 ERROR SENT: N173 G1 F2400 X248.477 Y252.72 E188.81441*52
2025-06-13T17:04:30.062849+0800 ERROR write command N173 G1 F2400 X248.477 Y252.72 E188.81441*52
2025-06-13T17:04:30.064363+0800 ERROR second command N173 G1 F2400 X248.477 Y252.72 E188.81441*52
2025-06-13T17:04:30.065387+0800 ERROR finish command N173 G1 F2400 X248.477 Y252.72 E188.81441*52
2025-06-13T17:04:30.071262+0800 ERROR readline echo: cold extrusion prevented

2025-06-13T17:04:30.326098+0800 ERROR empty readline 0
2025-06-13T17:04:30.592210+0800 ERROR empty readline 1
2025-06-13T17:04:30.646071+0800 ERROR readline X:194.6480 Y:198.8910 Z:0.2000 E:188.8144 Count X:68127 Y:69612 Z:400 STA: 5251839

2025-06-13T17:04:30.647449+0800 ERROR readline 

2025-06-13T17:04:30.906340+0800 ERROR empty readline 0
2025-06-13T17:04:31.169137+0800 ERROR empty readline 1
2025-06-13T17:04:31.433416+0800 ERROR empty readline 2
2025-06-13T17:04:31.647227+0800 ERROR readline X:194.6480 Y:198.8910 Z:0.2000 E:188.8144 Count X:68127 Y:69612 Z:400 STA: 5251839

2025-06-13T17:04:31.649226+0800 ERROR readline 

2025-06-13T17:04:31.914772+0800 ERROR empty readline 0
2025-06-13T17:04:31.999602+0800 ERROR readline ok

2025-06-13T17:04:32.007747+0800 ERROR SENT: N174 G0 F3600 X247.629 Y252.72*117
2025-06-13T17:04:32.007747+0800 ERROR write command N174 G0 F3600 X247.629 Y252.72*117
2025-06-13T17:04:32.009319+0800 ERROR second command N174 G0 F3600 X247.629 Y252.72*117
2025-06-13T17:04:32.009319+0800 ERROR finish command N174 G0 F3600 X247.629 Y252.72*117
2025-06-13T17:04:32.019149+0800 ERROR readline ok

2025-06-13T17:04:32.024193+0800 ERROR SENT: N175 G1 F2400 X194.648 Y199.739 E192.73941*9
2025-06-13T17:04:32.025208+0800 ERROR write command N175 G1 F2400 X194.648 Y199.739 E192.73941*9
2025-06-13T17:04:32.025208+0800 ERROR second command N175 G1 F2400 X194.648 Y199.739 E192.73941*9
2025-06-13T17:04:32.026729+0800 ERROR finish command N175 G1 F2400 X194.648 Y199.739 E192.73941*9
2025-06-13T17:04:32.030787+0800 ERROR readline echo: cold extrusion prevented

2025-06-13T17:04:32.290053+0800 ERROR empty readline 0
2025-06-13T17:04:32.552959+0800 ERROR empty readline 1
2025-06-13T17:04:32.647501+0800 ERROR readline X:247.6290 Y:252.7200 Z:0.2000 E:192.7394 Count X:86670 Y:88452 Z:400 STA: 5251839

2025-06-13T17:04:32.649018+0800 ERROR readline 

2025-06-13T17:04:32.829555+0800 INFO M105

2025-06-13T17:04:32.909101+0800 ERROR empty readline 0
2025-06-13T17:04:33.172535+0800 ERROR empty readline 1
2025-06-13T17:04:33.436641+0800 ERROR empty readline 2
2025-06-13T17:04:33.647365+0800 ERROR readline X:247.6290 Y:252.7200 Z:0.2000 E:192.7394 Count X:86670 Y:88452 Z:400 STA: 5251839

2025-06-13T17:04:33.648365+0800 ERROR readline 

2025-06-13T17:04:33.907479+0800 ERROR empty readline 0
2025-06-13T17:04:34.001256+0800 ERROR readline ok

2025-06-13T17:04:34.015634+0800 ERROR SENT: M105

2025-06-13T17:04:34.016624+0800 ERROR write command M105

2025-06-13T17:04:34.017939+0800 ERROR second command M105

2025-06-13T17:04:34.017939+0800 ERROR finish command M105

2025-06-13T17:04:34.020536+0800 ERROR readline ok

2025-06-13T17:04:34.024056+0800 ERROR readline  T:48.8839 /10 B:48.9375 /10 @:0 B@:0 VER: 1.3.2

2025-06-13T17:04:34.030648+0800 ERROR SENT: N176 G0 F3600 X194.648 Y200.588*74
2025-06-13T17:04:34.030648+0800 ERROR write command N176 G0 F3600 X194.648 Y200.588*74
2025-06-13T17:04:34.031661+0800 ERROR second command N176 G0 F3600 X194.648 Y200.588*74
2025-06-13T17:04:34.032665+0800 ERROR finish command N176 G0 F3600 X194.648 Y200.588*74
2025-06-13T17:04:34.032665+0800 ERROR readline ok

2025-06-13T17:04:34.045564+0800 ERROR SENT: N177 G1 F2400 X246.78 Y252.72 E196.60152*2
2025-06-13T17:04:34.046582+0800 ERROR write command N177 G1 F2400 X246.78 Y252.72 E196.60152*2
2025-06-13T17:04:34.047111+0800 ERROR second command N177 G1 F2400 X246.78 Y252.72 E196.60152*2
2025-06-13T17:04:34.049111+0800 ERROR finish command N177 G1 F2400 X246.78 Y252.72 E196.60152*2
2025-06-13T17:04:34.052660+0800 ERROR readline echo: cold extrusion prevented

2025-06-13T17:04:34.306621+0800 ERROR empty readline 0
2025-06-13T17:04:34.557970+0800 ERROR empty readline 1
2025-06-13T17:04:34.645892+0800 ERROR readline X:194.6480 Y:200.5880 Z:0.2000 E:196.6015 Count X:68127 Y:70206 Z:400 STA: 5251839

2025-06-13T17:04:34.646911+0800 ERROR readline 

2025-06-13T17:04:34.903519+0800 ERROR empty readline 0
2025-06-13T17:04:35.165554+0800 ERROR empty readline 1
2025-06-13T17:04:35.431253+0800 ERROR empty readline 2
2025-06-13T17:04:35.646534+0800 ERROR readline X:194.6480 Y:200.5880 Z:0.2000 E:196.6015 Count X:68127 Y:70206 Z:400 STA: 5251839

2025-06-13T17:04:35.649058+0800 ERROR readline 

2025-06-13T17:04:35.909775+0800 ERROR empty readline 0
2025-06-13T17:04:36.028447+0800 ERROR readline ok

2025-06-13T17:04:36.033031+0800 ERROR SENT: N178 G0 F3600 X245.932 Y252.72*126
2025-06-13T17:04:36.034544+0800 ERROR write command N178 G0 F3600 X245.932 Y252.72*126
2025-06-13T17:04:36.035577+0800 ERROR second command N178 G0 F3600 X245.932 Y252.72*126
2025-06-13T17:04:36.035577+0800 ERROR finish command N178 G0 F3600 X245.932 Y252.72*126
2025-06-13T17:04:36.049132+0800 ERROR readline ok

2025-06-13T17:04:36.064608+0800 ERROR SENT: N179 G1 F2400 X194.648 Y201.436 E200.4008*55
2025-06-13T17:04:36.065635+0800 ERROR write command N179 G1 F2400 X194.648 Y201.436 E200.4008*55
2025-06-13T17:04:36.066624+0800 ERROR second command N179 G1 F2400 X194.648 Y201.436 E200.4008*55
2025-06-13T17:04:36.066624+0800 ERROR finish command N179 G1 F2400 X194.648 Y201.436 E200.4008*55
2025-06-13T17:04:36.072704+0800 ERROR readline echo: cold extrusion prevented

2025-06-13T17:04:36.329467+0800 ERROR empty readline 0
2025-06-13T17:04:36.589865+0800 ERROR empty readline 1
2025-06-13T17:04:36.646017+0800 ERROR readline X:245.9320 Y:252.7200 Z:0.2000 E:200.4008 Count X:86076 Y:88452 Z:400 STA: 5251839

2025-06-13T17:04:36.648040+0800 ERROR readline 

2025-06-13T17:04:36.904613+0800 ERROR empty readline 0
2025-06-13T17:04:37.169143+0800 ERROR empty readline 1
2025-06-13T17:04:37.434243+0800 ERROR empty readline 2
2025-06-13T17:04:37.646497+0800 ERROR readline X:245.9320 Y:252.7200 Z:0.2000 E:200.4008 Count X:86076 Y:88452 Z:400 STA: 5251839

2025-06-13T17:04:37.648512+0800 ERROR readline 

2025-06-13T17:04:37.901672+0800 ERROR empty readline 0
2025-06-13T17:04:38.024506+0800 ERROR readline ok

2025-06-13T17:04:38.039497+0800 ERROR SENT: N180 G0 F3600 X194.648 Y202.285*75
2025-06-13T17:04:38.041030+0800 ERROR write command N180 G0 F3600 X194.648 Y202.285*75
2025-06-13T17:04:38.041030+0800 ERROR second command N180 G0 F3600 X194.648 Y202.285*75
2025-06-13T17:04:38.041030+0800 ERROR finish command N180 G0 F3600 X194.648 Y202.285*75
2025-06-13T17:04:38.044454+0800 ERROR readline ok

2025-06-13T17:04:38.055525+0800 ERROR SENT: N181 G1 F2400 X245.083 Y252.72 E204.13718*56
2025-06-13T17:04:38.057042+0800 ERROR write command N181 G1 F2400 X245.083 Y252.72 E204.13718*56
2025-06-13T17:04:38.058066+0800 ERROR second command N181 G1 F2400 X245.083 Y252.72 E204.13718*56
2025-06-13T17:04:38.059078+0800 ERROR finish command N181 G1 F2400 X245.083 Y252.72 E204.13718*56
2025-06-13T17:04:38.064009+0800 ERROR readline echo: cold extrusion prevented

2025-06-13T17:04:38.319331+0800 ERROR empty readline 0
2025-06-13T17:04:38.582010+0800 ERROR empty readline 1
2025-06-13T17:04:38.646835+0800 ERROR readline X:194.6480 Y:202.2850 Z:0.2000 E:204.1372 Count X:68127 Y:70800 Z:400 STA: 5251839

2025-06-13T17:04:38.647848+0800 ERROR readline 

2025-06-13T17:04:38.912773+0800 ERROR empty readline 0
2025-06-13T17:04:39.174451+0800 ERROR empty readline 1
2025-06-13T17:04:39.439310+0800 ERROR empty readline 2
2025-06-13T17:04:39.646308+0800 ERROR readline X:194.6480 Y:202.2850 Z:0.2000 E:204.1372 Count X:68127 Y:70800 Z:400 STA: 5251839

2025-06-13T17:04:39.648758+0800 ERROR readline 

2025-06-13T17:04:39.907548+0800 ERROR empty readline 0
2025-06-13T17:04:39.990544+0800 ERROR readline ok

2025-06-13T17:04:40.001622+0800 ERROR SENT: N182 G0 F3600 X244.235 Y252.72*118
2025-06-13T17:04:40.002636+0800 ERROR write command N182 G0 F3600 X244.235 Y252.72*118
2025-06-13T17:04:40.005186+0800 ERROR second command N182 G0 F3600 X244.235 Y252.72*118
2025-06-13T17:04:40.006240+0800 ERROR finish command N182 G0 F3600 X244.235 Y252.72*118
2025-06-13T17:04:40.011096+0800 ERROR readline ok

2025-06-13T17:04:40.018529+0800 ERROR SENT: N183 G1 F2400 X194.648 Y203.133 E207.81074*1
2025-06-13T17:04:40.019530+0800 ERROR write command N183 G1 F2400 X194.648 Y203.133 E207.81074*1
2025-06-13T17:04:40.019530+0800 ERROR second command N183 G1 F2400 X194.648 Y203.133 E207.81074*1
2025-06-13T17:04:40.022044+0800 ERROR finish command N183 G1 F2400 X194.648 Y203.133 E207.81074*1
2025-06-13T17:04:40.026592+0800 ERROR readline echo: cold extrusion prevented

2025-06-13T17:04:40.285049+0800 ERROR empty readline 0
2025-06-13T17:04:40.546465+0800 ERROR empty readline 1
2025-06-13T17:04:40.645184+0800 ERROR readline X:244.2350 Y:252.7200 Z:0.2000 E:207.8107 Count X:85482 Y:88452 Z:400 STA: 5251839

2025-06-13T17:04:40.646702+0800 ERROR readline 

2025-06-13T17:04:40.903487+0800 ERROR empty readline 0
2025-06-13T17:04:41.168325+0800 ERROR empty readline 1
2025-06-13T17:04:41.420650+0800 ERROR empty readline 2
2025-06-13T17:04:41.646444+0800 ERROR readline X:244.2350 Y:252.7200 Z:0.2000 E:207.8107 Count X:85482 Y:88452 Z:400 STA: 5251839

2025-06-13T17:04:41.647971+0800 ERROR readline 

2025-06-13T17:04:41.903229+0800 ERROR empty readline 0
2025-06-13T17:04:41.925259+0800 ERROR readline ok

2025-06-13T17:04:41.934358+0800 ERROR SENT: N184 G0 F3600 X194.648 Y203.982*66
2025-06-13T17:04:41.935388+0800 ERROR write command N184 G0 F3600 X194.648 Y203.982*66
2025-06-13T17:04:41.936910+0800 ERROR second command N184 G0 F3600 X194.648 Y203.982*66
2025-06-13T17:04:41.936910+0800 ERROR finish command N184 G0 F3600 X194.648 Y203.982*66
2025-06-13T17:04:41.945998+0800 ERROR readline ok

2025-06-13T17:04:41.950080+0800 ERROR SENT: N185 G1 F2400 X243.386 Y252.72 E211.42141*54
2025-06-13T17:04:41.950593+0800 ERROR write command N185 G1 F2400 X243.386 Y252.72 E211.42141*54
2025-06-13T17:04:41.951617+0800 ERROR second command N185 G1 F2400 X243.386 Y252.72 E211.42141*54
2025-06-13T17:04:41.954304+0800 ERROR finish command N185 G1 F2400 X243.386 Y252.72 E211.42141*54
2025-06-13T17:04:41.957868+0800 ERROR readline echo: cold extrusion prevented

2025-06-13T17:04:42.213283+0800 ERROR empty readline 0
2025-06-13T17:04:42.259907+0800 INFO M105

2025-06-13T17:04:42.479310+0800 ERROR empty readline 1
2025-06-13T17:04:42.642831+0800 ERROR readline X:194.6480 Y:203.9820 Z:0.2000 E:211.4214 Count X:68127 Y:71394 Z:400 STA: 5251839

2025-06-13T17:04:42.644345+0800 ERROR readline 

2025-06-13T17:04:42.897454+0800 ERROR empty readline 0
2025-06-13T17:04:43.161256+0800 ERROR empty readline 1
2025-06-13T17:04:43.426528+0800 ERROR empty readline 2
2025-06-13T17:04:43.646326+0800 ERROR readline X:194.6480 Y:203.9820 Z:0.2000 E:211.4214 Count X:68127 Y:71394 Z:400 STA: 5251839

2025-06-13T17:04:43.647340+0800 ERROR readline 

2025-06-13T17:04:43.830041+0800 ERROR readline ok

2025-06-13T17:04:43.832052+0800 ERROR SENT: M105

2025-06-13T17:04:43.833052+0800 ERROR write command M105

2025-06-13T17:04:43.833052+0800 ERROR second command M105

2025-06-13T17:04:43.833052+0800 ERROR finish command M105

2025-06-13T17:04:43.835552+0800 ERROR readline ok

2025-06-13T17:04:43.840435+0800 ERROR readline  T:48.7723 /10 B:48.7313 /10 @:0 B@:0 VER: 1.3.2

2025-06-13T17:04:43.847997+0800 ERROR SENT: N186 G0 F3600 X242.538 Y252.72*126
2025-06-13T17:04:43.849016+0800 ERROR write command N186 G0 F3600 X242.538 Y252.72*126
2025-06-13T17:04:43.850081+0800 ERROR second command N186 G0 F3600 X242.538 Y252.72*126
2025-06-13T17:04:43.850081+0800 ERROR finish command N186 G0 F3600 X242.538 Y252.72*126
2025-06-13T17:04:43.851597+0800 ERROR readline ok

2025-06-13T17:04:43.863180+0800 ERROR SENT: N187 G1 F2400 X194.648 Y204.83 E214.96925*49
2025-06-13T17:04:43.863180+0800 ERROR write command N187 G1 F2400 X194.648 Y204.83 E214.96925*49
2025-06-13T17:04:43.864693+0800 ERROR second command N187 G1 F2400 X194.648 Y204.83 E214.96925*49
2025-06-13T17:04:43.864693+0800 ERROR finish command N187 G1 F2400 X194.648 Y204.83 E214.96925*49
2025-06-13T17:04:43.870241+0800 ERROR readline echo: cold extrusion prevented

2025-06-13T17:04:44.129083+0800 ERROR empty readline 0
2025-06-13T17:04:44.394996+0800 ERROR empty readline 1
2025-06-13T17:04:44.645356+0800 ERROR readline X:242.5380 Y:252.7200 Z:0.2000 E:214.9693 Count X:84888 Y:88452 Z:400 STA: 5251839

2025-06-13T17:04:44.646352+0800 ERROR readline 

2025-06-13T17:04:44.907625+0800 ERROR empty readline 0
2025-06-13T17:04:45.159580+0800 ERROR empty readline 1
2025-06-13T17:04:45.421999+0800 ERROR empty readline 2
2025-06-13T17:04:45.645185+0800 ERROR readline X:242.5380 Y:252.7200 Z:0.2000 E:214.9693 Count X:84888 Y:88452 Z:400 STA: 5251839

2025-06-13T17:04:45.646696+0800 ERROR readline 

2025-06-13T17:04:45.706298+0800 ERROR readline ok

2025-06-13T17:04:45.715986+0800 ERROR SENT: N188 G0 F3600 X194.648 Y205.679*67
2025-06-13T17:04:45.717003+0800 ERROR write command N188 G0 F3600 X194.648 Y205.679*67
2025-06-13T17:04:45.718006+0800 ERROR second command N188 G0 F3600 X194.648 Y205.679*67
2025-06-13T17:04:45.718006+0800 ERROR finish command N188 G0 F3600 X194.648 Y205.679*67
2025-06-13T17:04:45.726592+0800 ERROR readline ok

2025-06-13T17:04:45.731153+0800 ERROR SENT: N189 G1 F2400 X241.689 Y252.72 E218.4542*14
2025-06-13T17:04:45.732151+0800 ERROR write command N189 G1 F2400 X241.689 Y252.72 E218.4542*14
2025-06-13T17:04:45.732151+0800 ERROR second command N189 G1 F2400 X241.689 Y252.72 E218.4542*14
2025-06-13T17:04:45.734149+0800 ERROR finish command N189 G1 F2400 X241.689 Y252.72 E218.4542*14
2025-06-13T17:04:45.738211+0800 ERROR readline echo: cold extrusion prevented

2025-06-13T17:04:45.996547+0800 ERROR empty readline 0
2025-06-13T17:04:46.261228+0800 ERROR empty readline 1
2025-06-13T17:04:46.524550+0800 ERROR empty readline 2
2025-06-13T17:04:46.644461+0800 ERROR readline X:194.6480 Y:205.6790 Z:0.2000 E:218.4542 Count X:68127 Y:71988 Z:400 STA: 5251839

2025-06-13T17:04:46.645977+0800 ERROR readline 

2025-06-13T17:04:46.902960+0800 ERROR empty readline 0
2025-06-13T17:04:47.166323+0800 ERROR empty readline 1
2025-06-13T17:04:47.430344+0800 ERROR empty readline 2
2025-06-13T17:04:47.550753+0800 ERROR readline ok

2025-06-13T17:04:47.555305+0800 ERROR SENT: N190 G0 F3600 X240.841 Y252.72*120
2025-06-13T17:04:47.556309+0800 ERROR write command N190 G0 F3600 X240.841 Y252.72*120
2025-06-13T17:04:47.556309+0800 ERROR second command N190 G0 F3600 X240.841 Y252.72*120
2025-06-13T17:04:47.557356+0800 ERROR finish command N190 G0 F3600 X240.841 Y252.72*120
2025-06-13T17:04:47.573540+0800 ERROR readline ok

2025-06-13T17:04:47.586702+0800 ERROR SENT: N191 G1 F2400 X194.648 Y206.528 E221.87629*5
2025-06-13T17:04:47.587808+0800 ERROR write command N191 G1 F2400 X194.648 Y206.528 E221.87629*5
2025-06-13T17:04:47.588319+0800 ERROR second command N191 G1 F2400 X194.648 Y206.528 E221.87629*5
2025-06-13T17:04:47.589328+0800 ERROR finish command N191 G1 F2400 X194.648 Y206.528 E221.87629*5
2025-06-13T17:04:47.592351+0800 ERROR readline echo: cold extrusion prevented

2025-06-13T17:04:47.644556+0800 ERROR readline X:240.8410 Y:252.7200 Z:0.2000 E:221.8763 Count X:84294 Y:88452 Z:400 STA: 5251839

2025-06-13T17:04:47.647624+0800 ERROR readline 

2025-06-13T17:04:47.914609+0800 ERROR empty readline 0
2025-06-13T17:04:48.177593+0800 ERROR empty readline 1
2025-06-13T17:04:48.442238+0800 ERROR empty readline 2
2025-06-13T17:04:48.644952+0800 ERROR readline X:240.8410 Y:252.7200 Z:0.2000 E:221.8763 Count X:84294 Y:88452 Z:400 STA: 5251839

2025-06-13T17:04:48.647978+0800 ERROR readline 

2025-06-13T17:04:48.906719+0800 ERROR empty readline 0
2025-06-13T17:04:49.170961+0800 ERROR empty readline 1
2025-06-13T17:04:49.364472+0800 ERROR readline ok

2025-06-13T17:04:49.373349+0800 ERROR SENT: N192 G0 F3600 X194.648 Y207.376*64
2025-06-13T17:04:49.373349+0800 ERROR write command N192 G0 F3600 X194.648 Y207.376*64
2025-06-13T17:04:49.374864+0800 ERROR second command N192 G0 F3600 X194.648 Y207.376*64
2025-06-13T17:04:49.374864+0800 ERROR finish command N192 G0 F3600 X194.648 Y207.376*64
2025-06-13T17:04:49.386458+0800 ERROR readline ok

2025-06-13T17:04:49.389126+0800 ERROR SENT: N193 G1 F2400 X239.992 Y252.72 E225.23551*54
2025-06-13T17:04:49.389126+0800 ERROR write command N193 G1 F2400 X239.992 Y252.72 E225.23551*54
2025-06-13T17:04:49.390825+0800 ERROR second command N193 G1 F2400 X239.992 Y252.72 E225.23551*54
2025-06-13T17:04:49.391849+0800 ERROR finish command N193 G1 F2400 X239.992 Y252.72 E225.23551*54
2025-06-13T17:04:49.395883+0800 ERROR readline echo: cold extrusion prevented

2025-06-13T17:04:49.645161+0800 ERROR readline X:194.6480 Y:207.3760 Z:0.2000 E:225.2355 Count X:68127 Y:72582 Z:400 STA: 5251839

2025-06-13T17:04:49.646672+0800 ERROR readline 

2025-06-13T17:04:49.902537+0800 ERROR empty readline 0
2025-06-13T17:04:50.166220+0800 ERROR empty readline 1
2025-06-13T17:04:50.433244+0800 ERROR empty readline 2
2025-06-13T17:04:50.646164+0800 ERROR readline X:194.6480 Y:207.3760 Z:0.2000 E:225.2355 Count X:68127 Y:72582 Z:400 STA: 5251839

2025-06-13T17:04:50.647205+0800 ERROR readline 

2025-06-13T17:04:50.903333+0800 ERROR empty readline 0
2025-06-13T17:04:51.150365+0800 ERROR readline ok

2025-06-13T17:04:51.154392+0800 ERROR SENT: N194 G0 F3600 X239.144 Y252.72*126
2025-06-13T17:04:51.155357+0800 ERROR write command N194 G0 F3600 X239.144 Y252.72*126
2025-06-13T17:04:51.155875+0800 ERROR second command N194 G0 F3600 X239.144 Y252.72*126
2025-06-13T17:04:51.155875+0800 ERROR finish command N194 G0 F3600 X239.144 Y252.72*126
2025-06-13T17:04:51.171156+0800 ERROR readline ok

2025-06-13T17:04:51.186388+0800 ERROR SENT: N195 G1 F2400 X194.648 Y208.225 E228.53188*9
2025-06-13T17:04:51.187480+0800 ERROR write command N195 G1 F2400 X194.648 Y208.225 E228.53188*9
2025-06-13T17:04:51.188406+0800 ERROR second command N195 G1 F2400 X194.648 Y208.225 E228.53188*9
2025-06-13T17:04:51.189417+0800 ERROR finish command N195 G1 F2400 X194.648 Y208.225 E228.53188*9
2025-06-13T17:04:51.192663+0800 ERROR readline echo: cold extrusion prevented

2025-06-13T17:04:51.450493+0800 ERROR empty readline 0
2025-06-13T17:04:51.644453+0800 ERROR readline X:239.1440 Y:252.7200 Z:0.2000 E:228.5319 Count X:83700 Y:88452 Z:400 STA: 5251839

2025-06-13T17:04:51.647991+0800 ERROR readline 

2025-06-13T17:04:51.734349+0800 INFO M105

2025-06-13T17:04:51.914589+0800 ERROR empty readline 0
2025-06-13T17:04:52.180607+0800 ERROR empty readline 1
2025-06-13T17:04:52.442584+0800 ERROR empty readline 2
2025-06-13T17:04:52.644701+0800 ERROR readline X:239.1440 Y:252.7200 Z:0.2000 E:228.5319 Count X:83700 Y:88452 Z:400 STA: 5251839

2025-06-13T17:04:52.644701+0800 ERROR readline 

2025-06-13T17:04:52.904767+0800 ERROR readline ok

2025-06-13T17:04:52.909308+0800 ERROR SENT: M105

2025-06-13T17:04:52.910340+0800 ERROR write command M105

2025-06-13T17:04:52.911371+0800 ERROR second command M105

2025-06-13T17:04:52.912357+0800 ERROR finish command M105

2025-06-13T17:04:52.914363+0800 ERROR readline ok

2025-06-13T17:04:52.917865+0800 ERROR readline  T:48.3259 /10 B:48.5438 /10 @:0 B@:0 VER: 1.3.2

2025-06-13T17:04:52.924445+0800 ERROR SENT: N196 G0 F3600 X194.648 Y209.073*76
2025-06-13T17:04:52.924445+0800 ERROR write command N196 G0 F3600 X194.648 Y209.073*76
2025-06-13T17:04:52.925463+0800 ERROR second command N196 G0 F3600 X194.648 Y209.073*76
2025-06-13T17:04:52.926703+0800 ERROR finish command N196 G0 F3600 X194.648 Y209.073*76
2025-06-13T17:04:52.927727+0800 ERROR readline ok

2025-06-13T17:04:52.939271+0800 ERROR SENT: N197 G1 F2400 X238.295 Y252.72 E231.76539*52
2025-06-13T17:04:52.939271+0800 ERROR write command N197 G1 F2400 X238.295 Y252.72 E231.76539*52
2025-06-13T17:04:52.940288+0800 ERROR second command N197 G1 F2400 X238.295 Y252.72 E231.76539*52
2025-06-13T17:04:52.942344+0800 ERROR finish command N197 G1 F2400 X238.295 Y252.72 E231.76539*52
2025-06-13T17:04:52.944289+0800 ERROR readline echo: cold extrusion prevented

2025-06-13T17:04:53.204140+0800 ERROR empty readline 0
2025-06-13T17:04:53.470369+0800 ERROR empty readline 1
2025-06-13T17:04:53.644207+0800 ERROR readline X:194.6480 Y:209.0730 Z:0.2000 E:231.7654 Count X:68127 Y:73176 Z:400 STA: 5251839

2025-06-13T17:04:53.644912+0800 ERROR readline 

2025-06-13T17:04:53.906614+0800 ERROR empty readline 0
2025-06-13T17:04:54.169548+0800 ERROR empty readline 1
2025-06-13T17:04:54.434390+0800 ERROR empty readline 2
2025-06-13T17:04:54.628999+0800 ERROR readline ok

2025-06-13T17:04:54.639101+0800 ERROR SENT: N198 G0 F3600 X237.446 Y252.72*123
2025-06-13T17:04:54.639101+0800 ERROR write command N198 G0 F3600 X237.446 Y252.72*123
2025-06-13T17:04:54.640754+0800 ERROR second command N198 G0 F3600 X237.446 Y252.72*123
2025-06-13T17:04:54.641767+0800 ERROR finish command N198 G0 F3600 X237.446 Y252.72*123
2025-06-13T17:04:54.646813+0800 ERROR readline X:238.2950 Y:252.7200 Z:0.2000 E:231.7654 Count X:83403 Y:88452 Z:400 STA: 5251839

2025-06-13T17:04:54.647810+0800 ERROR readline 

2025-06-13T17:04:54.650331+0800 ERROR readline ok

2025-06-13T17:04:54.653341+0800 ERROR SENT: N199 G1 F2400 X194.648 Y209.922 E234.936*14
2025-06-13T17:04:54.653341+0800 ERROR write command N199 G1 F2400 X194.648 Y209.922 E234.936*14
2025-06-13T17:04:54.654347+0800 ERROR second command N199 G1 F2400 X194.648 Y209.922 E234.936*14
2025-06-13T17:04:54.655660+0800 ERROR finish command N199 G1 F2400 X194.648 Y209.922 E234.936*14
2025-06-13T17:04:54.659700+0800 ERROR readline echo: cold extrusion prevented

2025-06-13T17:04:54.916362+0800 ERROR empty readline 0
2025-06-13T17:04:55.180398+0800 ERROR empty readline 1
2025-06-13T17:04:55.445969+0800 ERROR empty readline 2
2025-06-13T17:04:55.643806+0800 ERROR readline X:237.4460 Y:252.7200 Z:0.2000 E:234.9360 Count X:83106 Y:88452 Z:400 STA: 5251839

2025-06-13T17:04:55.645347+0800 ERROR readline 

2025-06-13T17:04:55.897917+0800 ERROR empty readline 0
2025-06-13T17:04:56.161769+0800 ERROR empty readline 1
2025-06-13T17:04:56.322598+0800 ERROR readline ok

2025-06-13T17:04:56.332781+0800 ERROR SENT: N200 G0 F3600 X194.648 Y210.77*124
2025-06-13T17:04:56.334304+0800 ERROR write command N200 G0 F3600 X194.648 Y210.77*124
2025-06-13T17:04:56.334304+0800 ERROR second command N200 G0 F3600 X194.648 Y210.77*124
2025-06-13T17:04:56.335320+0800 ERROR finish command N200 G0 F3600 X194.648 Y210.77*124
2025-06-13T17:04:56.344386+0800 ERROR readline ok

2025-06-13T17:04:56.348421+0800 ERROR SENT: N201 G1 F2400 X236.598 Y252.72 E238.04379*50
2025-06-13T17:04:56.349424+0800 ERROR write command N201 G1 F2400 X236.598 Y252.72 E238.04379*50
2025-06-13T17:04:56.350627+0800 ERROR second command N201 G1 F2400 X236.598 Y252.72 E238.04379*50
2025-06-13T17:04:56.352192+0800 ERROR finish command N201 G1 F2400 X236.598 Y252.72 E238.04379*50
2025-06-13T17:04:56.356023+0800 ERROR readline echo: cold extrusion prevented

2025-06-13T17:04:56.616009+0800 ERROR empty readline 0
2025-06-13T17:04:56.644196+0800 ERROR readline X:194.6480 Y:210.7700 Z:0.2000 E:238.0438 Count X:68127 Y:73770 Z:400 STA: 5251839

2025-06-13T17:04:56.645216+0800 ERROR readline 

2025-06-13T17:04:56.897185+0800 ERROR empty readline 0
2025-06-13T17:04:57.161378+0800 ERROR empty readline 1
2025-06-13T17:04:57.427817+0800 ERROR empty readline 2
2025-06-13T17:04:57.643481+0800 ERROR readline X:194.6480 Y:210.7700 Z:0.2000 E:238.0438 Count X:68127 Y:73770 Z:400 STA: 5251839

2025-06-13T17:04:57.644996+0800 ERROR readline 

2025-06-13T17:04:57.908019+0800 ERROR empty readline 0
2025-06-13T17:04:57.986898+0800 ERROR readline ok

2025-06-13T17:04:58.000508+0800 ERROR SENT: N202 G0 F3600 X235.749 Y252.72*117
2025-06-13T17:04:58.001661+0800 ERROR write command N202 G0 F3600 X235.749 Y252.72*117
2025-06-13T17:04:58.001661+0800 ERROR second command N202 G0 F3600 X235.749 Y252.72*117
2025-06-13T17:04:58.003078+0800 ERROR finish command N202 G0 F3600 X235.749 Y252.72*117
2025-06-13T17:04:58.008275+0800 ERROR readline ok

2025-06-13T17:04:58.016323+0800 ERROR SENT: N203 G1 F2400 X194.648 Y211.619 E241.08868*0
2025-06-13T17:04:58.016834+0800 ERROR write command N203 G1 F2400 X194.648 Y211.619 E241.08868*0
2025-06-13T17:04:58.017850+0800 ERROR second command N203 G1 F2400 X194.648 Y211.619 E241.08868*0
2025-06-13T17:04:58.019361+0800 ERROR finish command N203 G1 F2400 X194.648 Y211.619 E241.08868*0
2025-06-13T17:04:58.024726+0800 ERROR readline echo: cold extrusion prevented

2025-06-13T17:04:58.280162+0800 ERROR empty readline 0
2025-06-13T17:04:58.542429+0800 ERROR empty readline 1
2025-06-13T17:04:58.645281+0800 ERROR readline X:235.7490 Y:252.7200 Z:0.2000 E:241.0887 Count X:82512 Y:88452 Z:400 STA: 5251839

2025-06-13T17:04:58.646801+0800 ERROR readline 

2025-06-13T17:04:58.899296+0800 ERROR empty readline 0
2025-06-13T17:04:59.162229+0800 ERROR empty readline 1
2025-06-13T17:04:59.426325+0800 ERROR empty readline 2
2025-06-13T17:04:59.622177+0800 ERROR readline ok

2025-06-13T17:04:59.627253+0800 ERROR SENT: N204 G0 F3600 X194.648 Y212.467*79
2025-06-13T17:04:59.628256+0800 ERROR write command N204 G0 F3600 X194.648 Y212.467*79
2025-06-13T17:04:59.629260+0800 ERROR second command N204 G0 F3600 X194.648 Y212.467*79
2025-06-13T17:04:59.629775+0800 ERROR finish command N204 G0 F3600 X194.648 Y212.467*79
2025-06-13T17:04:59.645780+0800 ERROR readline X:194.6480 Y:211.6190 Z:0.2000 E:241.0887 Count X:68127 Y:74067 Z:400 STA: 5251839

2025-06-13T17:04:59.646316+0800 ERROR readline 

2025-06-13T17:04:59.646316+0800 ERROR readline ok

2025-06-13T17:04:59.659578+0800 ERROR SENT: N205 G1 F2400 X234.901 Y252.72 E244.07075*63
2025-06-13T17:04:59.659578+0800 ERROR write command N205 G1 F2400 X234.901 Y252.72 E244.07075*63
2025-06-13T17:04:59.660708+0800 ERROR second command N205 G1 F2400 X234.901 Y252.72 E244.07075*63
2025-06-13T17:04:59.662592+0800 ERROR finish command N205 G1 F2400 X234.901 Y252.72 E244.07075*63
2025-06-13T17:04:59.673179+0800 ERROR readline echo: cold extrusion prevented

2025-06-13T17:04:59.938306+0800 ERROR empty readline 0
2025-06-13T17:05:00.189511+0800 ERROR empty readline 1
2025-06-13T17:05:00.454357+0800 ERROR empty readline 2
2025-06-13T17:05:00.645911+0800 ERROR readline X:194.6480 Y:212.4670 Z:0.2000 E:244.0708 Count X:68127 Y:74363 Z:400 STA: 5251839

2025-06-13T17:05:00.647422+0800 ERROR readline 

2025-06-13T17:05:00.908116+0800 ERROR empty readline 0
2025-06-13T17:05:01.157876+0800 INFO M105

2025-06-13T17:05:01.174283+0800 ERROR empty readline 1
2025-06-13T17:05:01.225614+0800 ERROR readline ok

2025-06-13T17:05:01.236248+0800 ERROR SENT: M105

2025-06-13T17:05:01.236761+0800 ERROR write command M105

2025-06-13T17:05:01.237777+0800 ERROR second command M105

2025-06-13T17:05:01.237777+0800 ERROR finish command M105

2025-06-13T17:05:01.239295+0800 ERROR readline ok

2025-06-13T17:05:01.243309+0800 ERROR readline  T:48.4375 /10 B:48.6750 /10 @:0 B@:0 VER: 1.3.2

2025-06-13T17:05:01.251525+0800 ERROR SENT: N206 G0 F3600 X234.052 Y252.72*125
2025-06-13T17:05:01.251525+0800 ERROR write command N206 G0 F3600 X234.052 Y252.72*125
2025-06-13T17:05:01.252796+0800 ERROR second command N206 G0 F3600 X234.052 Y252.72*125
2025-06-13T17:05:01.254315+0800 ERROR finish command N206 G0 F3600 X234.052 Y252.72*125
2025-06-13T17:05:01.255335+0800 ERROR readline ok

2025-06-13T17:05:01.256335+0800 ERROR SENT: N207 G1 F2400 X194.648 Y213.316 E246.98993*7
2025-06-13T17:05:01.256335+0800 ERROR write command N207 G1 F2400 X194.648 Y213.316 E246.98993*7
2025-06-13T17:05:01.257391+0800 ERROR second command N207 G1 F2400 X194.648 Y213.316 E246.98993*7
2025-06-13T17:05:01.258390+0800 ERROR finish command N207 G1 F2400 X194.648 Y213.316 E246.98993*7
2025-06-13T17:05:01.262615+0800 ERROR readline echo: cold extrusion prevented

2025-06-13T17:05:01.515509+0800 ERROR empty readline 0
2025-06-13T17:05:01.645280+0800 ERROR readline X:234.0520 Y:252.7200 Z:0.2000 E:246.9899 Count X:81918 Y:88452 Z:400 STA: 5251839

2025-06-13T17:05:01.646797+0800 ERROR readline 

2025-06-13T17:05:01.905713+0800 ERROR empty readline 0
2025-06-13T17:05:02.172333+0800 ERROR empty readline 1
2025-06-13T17:05:02.436940+0800 ERROR empty readline 2
2025-06-13T17:05:02.645248+0800 ERROR readline X:234.0520 Y:252.7200 Z:0.2000 E:246.9899 Count X:81918 Y:88452 Z:400 STA: 5251839

2025-06-13T17:05:02.646769+0800 ERROR readline 

2025-06-13T17:05:02.799349+0800 ERROR readline ok

2025-06-13T17:05:02.806918+0800 ERROR SENT: N208 G0 F3600 X194.648 Y214.164*67
2025-06-13T17:05:02.807922+0800 ERROR write command N208 G0 F3600 X194.648 Y214.164*67
2025-06-13T17:05:02.809438+0800 ERROR second command N208 G0 F3600 X194.648 Y214.164*67
2025-06-13T17:05:02.810456+0800 ERROR finish command N208 G0 F3600 X194.648 Y214.164*67
2025-06-13T17:05:02.820019+0800 ERROR readline ok

2025-06-13T17:05:02.822033+0800 ERROR SENT: N209 G1 F2400 X233.204 Y252.72 E249.84628*50
2025-06-13T17:05:02.823507+0800 ERROR write command N209 G1 F2400 X233.204 Y252.72 E249.84628*50
2025-06-13T17:05:02.823507+0800 ERROR second command N209 G1 F2400 X233.204 Y252.72 E249.84628*50
2025-06-13T17:05:02.825056+0800 ERROR finish command N209 G1 F2400 X233.204 Y252.72 E249.84628*50
2025-06-13T17:05:02.828279+0800 ERROR readline echo: cold extrusion prevented

2025-06-13T17:05:03.087765+0800 ERROR empty readline 0
2025-06-13T17:05:03.349031+0800 ERROR empty readline 1
2025-06-13T17:05:03.611093+0800 ERROR empty readline 2
2025-06-13T17:05:03.644271+0800 ERROR readline X:194.6480 Y:214.1640 Z:0.2000 E:249.8463 Count X:68127 Y:74957 Z:400 STA: 5251839

2025-06-13T17:05:03.646288+0800 ERROR readline 

2025-06-13T17:05:03.907709+0800 ERROR empty readline 0
2025-06-13T17:05:04.173290+0800 ERROR empty readline 1
2025-06-13T17:05:04.343188+0800 ERROR readline ok

2025-06-13T17:05:04.344709+0800 ERROR SENT: N210 G0 F3600 X232.355 Y252.72*120
2025-06-13T17:05:04.345752+0800 ERROR write command N210 G0 F3600 X232.355 Y252.72*120
2025-06-13T17:05:04.346741+0800 ERROR second command N210 G0 F3600 X232.355 Y252.72*120
2025-06-13T17:05:04.347981+0800 ERROR finish command N210 G0 F3600 X232.355 Y252.72*120
2025-06-13T17:05:04.364130+0800 ERROR readline ok

2025-06-13T17:05:04.375284+0800 ERROR SENT: N211 G1 F2400 X194.648 Y215.013 E252.63973*15
2025-06-13T17:05:04.376281+0800 ERROR write command N211 G1 F2400 X194.648 Y215.013 E252.63973*15
2025-06-13T17:05:04.376281+0800 ERROR second command N211 G1 F2400 X194.648 Y215.013 E252.63973*15
2025-06-13T17:05:04.377781+0800 ERROR finish command N211 G1 F2400 X194.648 Y215.013 E252.63973*15
2025-06-13T17:05:04.383314+0800 ERROR readline echo: cold extrusion prevented

2025-06-13T17:05:04.635739+0800 ERROR empty readline 0
2025-06-13T17:05:04.644086+0800 ERROR readline X:232.3550 Y:252.7200 Z:0.2000 E:252.6397 Count X:81324 Y:88452 Z:400 STA: 5251839

2025-06-13T17:05:04.647526+0800 ERROR readline 

2025-06-13T17:05:04.897781+0800 ERROR empty readline 0
2025-06-13T17:05:05.159807+0800 ERROR empty readline 1
2025-06-13T17:05:05.411983+0800 ERROR empty readline 2
2025-06-13T17:05:05.644188+0800 ERROR readline X:232.3550 Y:252.7200 Z:0.2000 E:252.6397 Count X:81324 Y:88452 Z:400 STA: 5251839

2025-06-13T17:05:05.646216+0800 ERROR readline 

2025-06-13T17:05:05.856457+0800 ERROR readline ok

2025-06-13T17:05:05.862724+0800 ERROR SENT: N212 G0 F3600 X194.648 Y215.861*69
2025-06-13T17:05:05.864555+0800 ERROR write command N212 G0 F3600 X194.648 Y215.861*69
2025-06-13T17:05:05.864555+0800 ERROR second command N212 G0 F3600 X194.648 Y215.861*69
2025-06-13T17:05:05.865582+0800 ERROR finish command N212 G0 F3600 X194.648 Y215.861*69
2025-06-13T17:05:05.877818+0800 ERROR readline ok

2025-06-13T17:05:05.879352+0800 ERROR SENT: N213 G1 F2400 X231.507 Y252.72 E255.37036*51
2025-06-13T17:05:05.879352+0800 ERROR write command N213 G1 F2400 X231.507 Y252.72 E255.37036*51
2025-06-13T17:05:05.880633+0800 ERROR second command N213 G1 F2400 X231.507 Y252.72 E255.37036*51
2025-06-13T17:05:05.881148+0800 ERROR finish command N213 G1 F2400 X231.507 Y252.72 E255.37036*51
2025-06-13T17:05:05.884173+0800 ERROR readline echo: cold extrusion prevented

2025-06-13T17:05:06.145555+0800 ERROR empty readline 0
2025-06-13T17:05:06.410537+0800 ERROR empty readline 1
2025-06-13T17:05:06.646227+0800 ERROR readline X:194.6480 Y:215.8610 Z:0.2000 E:255.3704 Count X:68127 Y:75551 Z:400 STA: 5251839

2025-06-13T17:05:06.648173+0800 ERROR readline 

2025-06-13T17:05:06.909045+0800 ERROR empty readline 0
2025-06-13T17:05:07.173599+0800 ERROR empty readline 1
2025-06-13T17:05:07.339352+0800 ERROR readline ok

2025-06-13T17:05:07.346395+0800 ERROR SENT: N214 G0 F3600 X230.658 Y252.72*118
2025-06-13T17:05:07.347439+0800 ERROR write command N214 G0 F3600 X230.658 Y252.72*118
2025-06-13T17:05:07.348501+0800 ERROR second command N214 G0 F3600 X230.658 Y252.72*118
2025-06-13T17:05:07.348501+0800 ERROR finish command N214 G0 F3600 X230.658 Y252.72*118
2025-06-13T17:05:07.360841+0800 ERROR readline ok

2025-06-13T17:05:07.361852+0800 ERROR SENT: N215 G1 F2400 X194.648 Y216.71 E258.0381*4
2025-06-13T17:05:07.362858+0800 ERROR write command N215 G1 F2400 X194.648 Y216.71 E258.0381*4
2025-06-13T17:05:07.364326+0800 ERROR second command N215 G1 F2400 X194.648 Y216.71 E258.0381*4
2025-06-13T17:05:07.365323+0800 ERROR finish command N215 G1 F2400 X194.648 Y216.71 E258.0381*4
2025-06-13T17:05:07.371355+0800 ERROR readline echo: cold extrusion prevented

2025-06-13T17:05:07.623560+0800 ERROR empty readline 0
2025-06-13T17:05:07.642841+0800 ERROR readline X:230.6580 Y:252.7200 Z:0.2000 E:258.0381 Count X:80730 Y:88452 Z:400 STA: 5251839

2025-06-13T17:05:07.645374+0800 ERROR readline 

2025-06-13T17:05:07.908265+0800 ERROR empty readline 0
2025-06-13T17:05:08.172496+0800 ERROR empty readline 1
2025-06-13T17:05:08.438012+0800 ERROR empty readline 2
2025-06-13T17:05:08.644072+0800 ERROR readline X:230.6580 Y:252.7200 Z:0.2000 E:258.0381 Count X:80730 Y:88452 Z:400 STA: 5251839

2025-06-13T17:05:08.644583+0800 ERROR readline 

2025-06-13T17:05:08.792433+0800 ERROR readline ok

2025-06-13T17:05:08.794950+0800 ERROR SENT: N216 G0 F3600 X194.648 Y217.558*68
2025-06-13T17:05:08.795655+0800 ERROR write command N216 G0 F3600 X194.648 Y217.558*68
2025-06-13T17:05:08.796674+0800 ERROR second command N216 G0 F3600 X194.648 Y217.558*68
2025-06-13T17:05:08.797184+0800 ERROR finish command N216 G0 F3600 X194.648 Y217.558*68
2025-06-13T17:05:08.814061+0800 ERROR readline ok

2025-06-13T17:05:08.825185+0800 ERROR SENT: N217 G1 F2400 X229.81 Y252.72 E260.64301*2
2025-06-13T17:05:08.826178+0800 ERROR write command N217 G1 F2400 X229.81 Y252.72 E260.64301*2
2025-06-13T17:05:08.827245+0800 ERROR second command N217 G1 F2400 X229.81 Y252.72 E260.64301*2
2025-06-13T17:05:08.828495+0800 ERROR finish command N217 G1 F2400 X229.81 Y252.72 E260.64301*2
2025-06-13T17:05:08.832295+0800 ERROR readline echo: cold extrusion prevented

2025-06-13T17:05:09.091832+0800 ERROR empty readline 0
2025-06-13T17:05:09.357733+0800 ERROR empty readline 1
2025-06-13T17:05:09.617459+0800 ERROR empty readline 2
2025-06-13T17:05:09.644672+0800 ERROR readline X:194.6480 Y:217.5580 Z:0.2000 E:260.6430 Count X:68127 Y:76145 Z:400 STA: 5251839

2025-06-13T17:05:09.646189+0800 ERROR readline 

2025-06-13T17:05:09.897893+0800 ERROR empty readline 0
2025-06-13T17:05:10.163357+0800 ERROR empty readline 1
2025-06-13T17:05:10.215270+0800 ERROR readline ok

2025-06-13T17:05:10.226374+0800 ERROR SENT: N218 G0 F3600 X228.961 Y252.72*118
2025-06-13T17:05:10.227387+0800 ERROR write command N218 G0 F3600 X228.961 Y252.72*118
2025-06-13T17:05:10.229390+0800 ERROR second command N218 G0 F3600 X228.961 Y252.72*118
2025-06-13T17:05:10.230524+0800 ERROR finish command N218 G0 F3600 X228.961 Y252.72*118
2025-06-13T17:05:10.236852+0800 ERROR readline ok

2025-06-13T17:05:10.241937+0800 ERROR SENT: N219 G1 F2400 X194.648 Y218.407 E263.18503*14
2025-06-13T17:05:10.243576+0800 ERROR write command N219 G1 F2400 X194.648 Y218.407 E263.18503*14
2025-06-13T17:05:10.245435+0800 ERROR second command N219 G1 F2400 X194.648 Y218.407 E263.18503*14
2025-06-13T17:05:10.245947+0800 ERROR finish command N219 G1 F2400 X194.648 Y218.407 E263.18503*14
2025-06-13T17:05:10.250005+0800 ERROR readline echo: cold extrusion prevented

2025-06-13T17:05:10.507997+0800 ERROR empty readline 0
2025-06-13T17:05:10.554147+0800 INFO M105

2025-06-13T17:05:10.644407+0800 ERROR readline X:228.9610 Y:252.7200 Z:0.2000 E:263.1850 Count X:80136 Y:88452 Z:400 STA: 5251839

2025-06-13T17:05:10.646474+0800 ERROR readline 

2025-06-13T17:05:10.910866+0800 ERROR empty readline 0
2025-06-13T17:05:11.162154+0800 ERROR empty readline 1
2025-06-13T17:05:11.427471+0800 ERROR empty readline 2
2025-06-13T17:05:11.609276+0800 ERROR readline ok

2025-06-13T17:05:11.614312+0800 ERROR SENT: M105

2025-06-13T17:05:11.615331+0800 ERROR write command M105

2025-06-13T17:05:11.616893+0800 ERROR second command M105

2025-06-13T17:05:11.616893+0800 ERROR finish command M105

2025-06-13T17:05:11.617908+0800 ERROR readline ok

2025-06-13T17:05:11.622449+0800 ERROR readline  T:48.1027 /10 B:48.6000 /10 @:0 B@:0 VER: 1.3.2

2025-06-13T17:05:11.629491+0800 ERROR SENT: N220 G0 F3600 X194.648 Y219.255*69
2025-06-13T17:05:11.630516+0800 ERROR write command N220 G0 F3600 X194.648 Y219.255*69
2025-06-13T17:05:11.631898+0800 ERROR second command N220 G0 F3600 X194.648 Y219.255*69
2025-06-13T17:05:11.631898+0800 ERROR finish command N220 G0 F3600 X194.648 Y219.255*69
2025-06-13T17:05:11.632897+0800 ERROR readline ok

2025-06-13T17:05:11.642437+0800 ERROR readline X:194.6480 Y:219.2550 Z:0.2000 E:263.1850 Count X:68127 Y:76739 Z:400 STA: 5251839

2025-06-13T17:05:11.644296+0800 ERROR readline 

2025-06-13T17:05:11.646312+0800 ERROR SENT: N221 G1 F2400 X228.113 Y252.72 E265.66422*61
2025-06-13T17:05:11.650430+0800 ERROR write command N221 G1 F2400 X228.113 Y252.72 E265.66422*61
2025-06-13T17:05:11.651427+0800 ERROR second command N221 G1 F2400 X228.113 Y252.72 E265.66422*61
2025-06-13T17:05:11.652443+0800 ERROR finish command N221 G1 F2400 X228.113 Y252.72 E265.66422*61
2025-06-13T17:05:11.656969+0800 ERROR readline echo: cold extrusion prevented

2025-06-13T17:05:11.909056+0800 ERROR empty readline 0
2025-06-13T17:05:12.170069+0800 ERROR empty readline 1
2025-06-13T17:05:12.435819+0800 ERROR empty readline 2
2025-06-13T17:05:12.642646+0800 ERROR readline X:194.6480 Y:219.2550 Z:0.2000 E:265.6642 Count X:68127 Y:76739 Z:400 STA: 5251839

2025-06-13T17:05:12.644174+0800 ERROR readline 

2025-06-13T17:05:12.902918+0800 ERROR empty readline 0
2025-06-13T17:05:12.971087+0800 ERROR readline ok

2025-06-13T17:05:12.980825+0800 ERROR SENT: N222 G0 F3600 X227.264 Y252.72*126
2025-06-13T17:05:12.981818+0800 ERROR write command N222 G0 F3600 X227.264 Y252.72*126
2025-06-13T17:05:12.982816+0800 ERROR second command N222 G0 F3600 X227.264 Y252.72*126
2025-06-13T17:05:12.982816+0800 ERROR finish command N222 G0 F3600 X227.264 Y252.72*126
2025-06-13T17:05:12.992510+0800 ERROR readline ok

2025-06-13T17:05:12.996037+0800 ERROR SENT: N223 G1 F2400 X194.648 Y220.104 E268.08052*1
2025-06-13T17:05:12.997055+0800 ERROR write command N223 G1 F2400 X194.648 Y220.104 E268.08052*1
2025-06-13T17:05:12.998051+0800 ERROR second command N223 G1 F2400 X194.648 Y220.104 E268.08052*1
2025-06-13T17:05:12.998051+0800 ERROR finish command N223 G1 F2400 X194.648 Y220.104 E268.08052*1
2025-06-13T17:05:13.002649+0800 ERROR readline echo: cold extrusion prevented

2025-06-13T17:05:13.261297+0800 ERROR empty readline 0
2025-06-13T17:05:13.527007+0800 ERROR empty readline 1
2025-06-13T17:05:13.642787+0800 ERROR readline X:227.2640 Y:252.7200 Z:0.2000 E:268.0805 Count X:79542 Y:88452 Z:400 STA: 5251839

2025-06-13T17:05:13.644305+0800 ERROR readline 

2025-06-13T17:05:13.900131+0800 ERROR empty readline 0
2025-06-13T17:05:14.164339+0800 ERROR empty readline 1
2025-06-13T17:05:14.304168+0800 ERROR readline ok

2025-06-13T17:05:14.319338+0800 ERROR SENT: N224 G0 F3600 X194.648 Y220.952*71
2025-06-13T17:05:14.320356+0800 ERROR write command N224 G0 F3600 X194.648 Y220.952*71
2025-06-13T17:05:14.320866+0800 ERROR second command N224 G0 F3600 X194.648 Y220.952*71
2025-06-13T17:05:14.320866+0800 ERROR finish command N224 G0 F3600 X194.648 Y220.952*71
2025-06-13T17:05:14.325888+0800 ERROR readline ok

2025-06-13T17:05:14.334196+0800 ERROR SENT: N225 G1 F2400 X226.416 Y252.72 E270.43399*51
2025-06-13T17:05:14.334710+0800 ERROR write command N225 G1 F2400 X226.416 Y252.72 E270.43399*51
2025-06-13T17:05:14.334710+0800 ERROR second command N225 G1 F2400 X226.416 Y252.72 E270.43399*51
2025-06-13T17:05:14.336366+0800 ERROR finish command N225 G1 F2400 X226.416 Y252.72 E270.43399*51
2025-06-13T17:05:14.338403+0800 ERROR readline echo: cold extrusion prevented

2025-06-13T17:05:14.594364+0800 ERROR empty readline 0
2025-06-13T17:05:14.641009+0800 ERROR readline X:194.6480 Y:220.9520 Z:0.2000 E:270.4340 Count X:68127 Y:77333 Z:400 STA: 5251839

2025-06-13T17:05:14.644548+0800 ERROR readline 

2025-06-13T17:05:14.906302+0800 ERROR empty readline 0
2025-06-13T17:05:15.169178+0800 ERROR empty readline 1
2025-06-13T17:05:15.431772+0800 ERROR empty readline 2
2025-06-13T17:05:15.606113+0800 ERROR readline ok

2025-06-13T17:05:15.617116+0800 ERROR SENT: N226 G0 F3600 X225.567 Y252.72*124
2025-06-13T17:05:15.617116+0800 ERROR write command N226 G0 F3600 X225.567 Y252.72*124
2025-06-13T17:05:15.618445+0800 ERROR second command N226 G0 F3600 X225.567 Y252.72*124
2025-06-13T17:05:15.618445+0800 ERROR finish command N226 G0 F3600 X225.567 Y252.72*124
2025-06-13T17:05:15.627609+0800 ERROR readline ok

2025-06-13T17:05:15.632701+0800 ERROR SENT: N227 G1 F2400 X194.648 Y221.801 E272.72457*15
2025-06-13T17:05:15.632701+0800 ERROR write command N227 G1 F2400 X194.648 Y221.801 E272.72457*15
2025-06-13T17:05:15.632701+0800 ERROR second command N227 G1 F2400 X194.648 Y221.801 E272.72457*15
2025-06-13T17:05:15.634214+0800 ERROR finish command N227 G1 F2400 X194.648 Y221.801 E272.72457*15
2025-06-13T17:05:15.637866+0800 ERROR readline echo: cold extrusion prevented

2025-06-13T17:05:15.642395+0800 ERROR readline X:225.5670 Y:252.7200 Z:0.2000 E:272.7246 Count X:78948 Y:88452 Z:400 STA: 5251839

2025-06-13T17:05:15.644425+0800 ERROR readline 

2025-06-13T17:05:15.899469+0800 ERROR empty readline 0
2025-06-13T17:05:16.150838+0800 ERROR empty readline 1
2025-06-13T17:05:16.416690+0800 ERROR empty readline 2
2025-06-13T17:05:16.642748+0800 ERROR readline X:225.5670 Y:252.7200 Z:0.2000 E:272.7246 Count X:78948 Y:88452 Z:400 STA: 5251839

2025-06-13T17:05:16.645289+0800 ERROR readline 

2025-06-13T17:05:16.879823+0800 ERROR readline ok

2025-06-13T17:05:16.893485+0800 ERROR SENT: N228 G0 F3600 X194.648 Y222.65*116
2025-06-13T17:05:16.894489+0800 ERROR write command N228 G0 F3600 X194.648 Y222.65*116
2025-06-13T17:05:16.895659+0800 ERROR second command N228 G0 F3600 X194.648 Y222.65*116
2025-06-13T17:05:16.896177+0800 ERROR finish command N228 G0 F3600 X194.648 Y222.65*116
2025-06-13T17:05:16.900166+0800 ERROR readline ok

2025-06-13T17:05:16.909239+0800 ERROR SENT: N229 G1 F2400 X224.719 Y252.72 E274.95229*52
2025-06-13T17:05:16.909749+0800 ERROR write command N229 G1 F2400 X224.719 Y252.72 E274.95229*52
2025-06-13T17:05:16.910758+0800 ERROR second command N229 G1 F2400 X224.719 Y252.72 E274.95229*52
2025-06-13T17:05:16.911771+0800 ERROR finish command N229 G1 F2400 X224.719 Y252.72 E274.95229*52
2025-06-13T17:05:16.914281+0800 ERROR readline echo: cold extrusion prevented

2025-06-13T17:05:17.174167+0800 ERROR empty readline 0
2025-06-13T17:05:17.438269+0800 ERROR empty readline 1
2025-06-13T17:05:17.642209+0800 ERROR readline X:194.6480 Y:222.6500 Z:0.2000 E:274.9523 Count X:68127 Y:77928 Z:400 STA: 5251839

2025-06-13T17:05:17.645390+0800 ERROR readline 

2025-06-13T17:05:17.918374+0800 ERROR empty readline 0
2025-06-13T17:05:18.121207+0800 ERROR readline ok

2025-06-13T17:05:18.127228+0800 ERROR SENT: N230 G0 F3600 X223.87 Y252.72*70
2025-06-13T17:05:18.128227+0800 ERROR write command N230 G0 F3600 X223.87 Y252.72*70
2025-06-13T17:05:18.128227+0800 ERROR second command N230 G0 F3600 X223.87 Y252.72*70
2025-06-13T17:05:18.128227+0800 ERROR finish command N230 G0 F3600 X223.87 Y252.72*70
2025-06-13T17:05:18.142296+0800 ERROR readline ok

2025-06-13T17:05:18.143296+0800 ERROR SENT: N231 G1 F2400 X194.648 Y223.498 E277.11714*2
2025-06-13T17:05:18.143296+0800 ERROR write command N231 G1 F2400 X194.648 Y223.498 E277.11714*2
2025-06-13T17:05:18.144297+0800 ERROR second command N231 G1 F2400 X194.648 Y223.498 E277.11714*2
2025-06-13T17:05:18.144297+0800 ERROR finish command N231 G1 F2400 X194.648 Y223.498 E277.11714*2
2025-06-13T17:05:18.146307+0800 ERROR readline echo: cold extrusion prevented

2025-06-13T17:05:18.406931+0800 ERROR empty readline 0
2025-06-13T17:05:18.642388+0800 ERROR readline X:223.8700 Y:252.7200 Z:0.2000 E:277.1171 Count X:78355 Y:88452 Z:400 STA: 5251839

2025-06-13T17:05:18.642388+0800 ERROR readline 

2025-06-13T17:05:18.904461+0800 ERROR empty readline 0
2025-06-13T17:05:19.170178+0800 ERROR empty readline 1
2025-06-13T17:05:19.333550+0800 ERROR readline ok

2025-06-13T17:05:19.340602+0800 ERROR SENT: N232 G0 F3600 X194.648 Y224.347*74
2025-06-13T17:05:19.340602+0800 ERROR write command N232 G0 F3600 X194.648 Y224.347*74
2025-06-13T17:05:19.342616+0800 ERROR second command N232 G0 F3600 X194.648 Y224.347*74
2025-06-13T17:05:19.342616+0800 ERROR finish command N232 G0 F3600 X194.648 Y224.347*74
2025-06-13T17:05:19.354331+0800 ERROR readline ok

2025-06-13T17:05:19.356349+0800 ERROR SENT: N233 G1 F2400 X223.021 Y252.72 E279.21911*54
2025-06-13T17:05:19.356861+0800 ERROR write command N233 G1 F2400 X223.021 Y252.72 E279.21911*54
2025-06-13T17:05:19.356861+0800 ERROR second command N233 G1 F2400 X223.021 Y252.72 E279.21911*54
2025-06-13T17:05:19.357973+0800 ERROR finish command N233 G1 F2400 X223.021 Y252.72 E279.21911*54
2025-06-13T17:05:19.362033+0800 ERROR readline echo: cold extrusion prevented

2025-06-13T17:05:19.620844+0800 ERROR empty readline 0
2025-06-13T17:05:19.641200+0800 ERROR readline X:194.6480 Y:224.3470 Z:0.2000 E:279.2191 Count X:68127 Y:78521 Z:400 STA: 5251839

2025-06-13T17:05:19.643350+0800 ERROR readline 

2025-06-13T17:05:19.903080+0800 ERROR empty readline 0
2025-06-13T17:05:19.980509+0800 INFO M105

2025-06-13T17:05:20.166957+0800 ERROR empty readline 1
2025-06-13T17:05:20.430909+0800 ERROR empty readline 2
2025-06-13T17:05:20.515264+0800 ERROR readline ok

2025-06-13T17:05:20.524833+0800 ERROR SENT: M105

2025-06-13T17:05:20.524833+0800 ERROR write command M105

2025-06-13T17:05:20.526309+0800 ERROR second command M105

2025-06-13T17:05:20.526825+0800 ERROR finish command M105

2025-06-13T17:05:20.528229+0800 ERROR readline ok

2025-06-13T17:05:20.532275+0800 ERROR readline  T:47.7679 /10 B:48.5625 /10 @:0 B@:0 VER: 1.3.2

2025-06-13T17:05:20.539332+0800 ERROR SENT: N234 G0 F3600 X222.173 Y252.72*121
2025-06-13T17:05:20.540505+0800 ERROR write command N234 G0 F3600 X222.173 Y252.72*121
2025-06-13T17:05:20.540505+0800 ERROR second command N234 G0 F3600 X222.173 Y252.72*121
2025-06-13T17:05:20.540505+0800 ERROR finish command N234 G0 F3600 X222.173 Y252.72*121
2025-06-13T17:05:20.541744+0800 ERROR readline ok

2025-06-13T17:05:20.555354+0800 ERROR SENT: N235 G1 F2400 X194.648 Y225.195 E281.25825*11
2025-06-13T17:05:20.555354+0800 ERROR write command N235 G1 F2400 X194.648 Y225.195 E281.25825*11
2025-06-13T17:05:20.556366+0800 ERROR second command N235 G1 F2400 X194.648 Y225.195 E281.25825*11
2025-06-13T17:05:20.557381+0800 ERROR finish command N235 G1 F2400 X194.648 Y225.195 E281.25825*11
2025-06-13T17:05:20.560965+0800 ERROR readline echo: cold extrusion prevented

2025-06-13T17:05:20.641023+0800 ERROR readline X:222.1730 Y:252.7200 Z:0.2000 E:281.2582 Count X:77761 Y:88452 Z:400 STA: 5251839

2025-06-13T17:05:20.643038+0800 ERROR readline 

2025-06-13T17:05:20.750281+0800 INFO L110 S60
2025-06-13T17:05:20.751300+0800 INFO L110 S60
2025-06-13T17:05:20.751300+0800 INFO L110 S60
2025-06-13T17:05:20.897983+0800 ERROR empty readline 0
2025-06-13T17:05:21.149219+0800 ERROR empty readline 1
2025-06-13T17:05:21.414496+0800 ERROR empty readline 2
2025-06-13T17:05:21.641847+0800 ERROR readline X:222.1730 Y:252.7200 Z:0.2000 E:281.2582 Count X:77761 Y:88452 Z:400 STA: 5251839

2025-06-13T17:05:21.642852+0800 ERROR readline 

2025-06-13T17:05:21.666574+0800 ERROR readline ok

2025-06-13T17:05:21.675242+0800 ERROR SENT: L110 S60
2025-06-13T17:05:21.676237+0800 ERROR write command L110 S60
2025-06-13T17:05:21.676237+0800 ERROR second command L110 S60
2025-06-13T17:05:21.676237+0800 ERROR finish command L110 S60
2025-06-13T17:05:21.677487+0800 ERROR readline ok

2025-06-13T17:05:21.691281+0800 ERROR SENT: L110 S60
2025-06-13T17:05:21.691281+0800 ERROR write command L110 S60
2025-06-13T17:05:21.692277+0800 ERROR second command L110 S60
2025-06-13T17:05:21.693263+0800 ERROR finish command L110 S60
2025-06-13T17:05:21.693263+0800 ERROR readline ok

2025-06-13T17:05:21.706247+0800 ERROR SENT: L110 S60
2025-06-13T17:05:21.706760+0800 ERROR write command L110 S60
2025-06-13T17:05:21.707779+0800 ERROR second command L110 S60
2025-06-13T17:05:21.707779+0800 ERROR finish command L110 S60
2025-06-13T17:05:21.707779+0800 ERROR readline ok

2025-06-13T17:05:21.721444+0800 ERROR SENT: N236 G0 F3600 X194.648 Y226.044*76
2025-06-13T17:05:21.721444+0800 ERROR write command N236 G0 F3600 X194.648 Y226.044*76
2025-06-13T17:05:21.722445+0800 ERROR second command N236 G0 F3600 X194.648 Y226.044*76
2025-06-13T17:05:21.723449+0800 ERROR finish command N236 G0 F3600 X194.648 Y226.044*76
2025-06-13T17:05:21.724963+0800 ERROR readline ok

2025-06-13T17:05:21.736982+0800 ERROR SENT: N237 G1 F2400 X221.324 Y252.72 E283.23449*49
2025-06-13T17:05:21.736982+0800 ERROR write command N237 G1 F2400 X221.324 Y252.72 E283.23449*49
2025-06-13T17:05:21.737973+0800 ERROR second command N237 G1 F2400 X221.324 Y252.72 E283.23449*49
2025-06-13T17:05:21.737973+0800 ERROR finish command N237 G1 F2400 X221.324 Y252.72 E283.23449*49
2025-06-13T17:05:21.742211+0800 ERROR readline echo: cold extrusion prevented

2025-06-13T17:05:22.001036+0800 ERROR empty readline 0
2025-06-13T17:05:22.265153+0800 ERROR empty readline 1
2025-06-13T17:05:22.525581+0800 ERROR empty readline 2
2025-06-13T17:05:22.641633+0800 ERROR readline X:194.6480 Y:226.0440 Z:0.2000 E:283.2345 Count X:68127 Y:79115 Z:400 STA: 5251839

2025-06-13T17:05:22.642632+0800 ERROR readline 

2025-06-13T17:05:22.790765+0800 ERROR readline ok

2025-06-13T17:05:22.794288+0800 ERROR SENT: N238 G0 F3600 X220.476 Y252.72*119
2025-06-13T17:05:22.795304+0800 ERROR write command N238 G0 F3600 X220.476 Y252.72*119
2025-06-13T17:05:22.796538+0800 ERROR second command N238 G0 F3600 X220.476 Y252.72*119
2025-06-13T17:05:22.797552+0800 ERROR finish command N238 G0 F3600 X220.476 Y252.72*119
2025-06-13T17:05:22.810150+0800 ERROR readline ok

2025-06-13T17:05:22.824216+0800 ERROR SENT: N239 G1 F2400 X194.648 Y226.892 E285.14791*12
2025-06-13T17:05:22.825230+0800 ERROR write command N239 G1 F2400 X194.648 Y226.892 E285.14791*12
2025-06-13T17:05:22.825230+0800 ERROR second command N239 G1 F2400 X194.648 Y226.892 E285.14791*12
2025-06-13T17:05:22.826740+0800 ERROR finish command N239 G1 F2400 X194.648 Y226.892 E285.14791*12
2025-06-13T17:05:22.830784+0800 ERROR readline echo: cold extrusion prevented

2025-06-13T17:05:23.095417+0800 ERROR empty readline 0
2025-06-13T17:05:23.359425+0800 ERROR empty readline 1
2025-06-13T17:05:23.623103+0800 ERROR empty readline 2
2025-06-13T17:05:23.641933+0800 ERROR readline X:220.4760 Y:252.7200 Z:0.2000 E:285.1479 Count X:77167 Y:88452 Z:400 STA: 5251839

2025-06-13T17:05:23.644429+0800 ERROR readline 

2025-06-13T17:05:23.880868+0800 ERROR readline ok

2025-06-13T17:05:23.887875+0800 ERROR SENT: N240 G0 F3600 X194.648 Y227.741*78
2025-06-13T17:05:23.887875+0800 ERROR write command N240 G0 F3600 X194.648 Y227.741*78
2025-06-13T17:05:23.889388+0800 ERROR second command N240 G0 F3600 X194.648 Y227.741*78
2025-06-13T17:05:23.889388+0800 ERROR finish command N240 G0 F3600 X194.648 Y227.741*78
2025-06-13T17:05:23.902200+0800 ERROR readline ok

2025-06-13T17:05:23.903203+0800 ERROR SENT: N241 G1 F2400 X219.627 Y252.72 E286.99843*63
2025-06-13T17:05:23.904196+0800 ERROR write command N241 G1 F2400 X219.627 Y252.72 E286.99843*63
2025-06-13T17:05:23.904719+0800 ERROR second command N241 G1 F2400 X219.627 Y252.72 E286.99843*63
2025-06-13T17:05:23.904719+0800 ERROR finish command N241 G1 F2400 X219.627 Y252.72 E286.99843*63
2025-06-13T17:05:23.910791+0800 ERROR readline echo: cold extrusion prevented

2025-06-13T17:05:24.167012+0800 ERROR empty readline 0
2025-06-13T17:05:24.430747+0800 ERROR empty readline 1
2025-06-13T17:05:24.642886+0800 ERROR readline X:194.6480 Y:227.7410 Z:0.2000 E:286.9984 Count X:68127 Y:79709 Z:400 STA: 5251839

2025-06-13T17:05:24.645906+0800 ERROR readline 

2025-06-13T17:05:24.900362+0800 ERROR empty readline 0
2025-06-13T17:05:24.942643+0800 ERROR readline ok

2025-06-13T17:05:24.946853+0800 ERROR SENT: N242 G0 F3600 X218.779 Y252.72*125
2025-06-13T17:05:24.946853+0800 ERROR write command N242 G0 F3600 X218.779 Y252.72*125
2025-06-13T17:05:24.947871+0800 ERROR second command N242 G0 F3600 X218.779 Y252.72*125
2025-06-13T17:05:24.947871+0800 ERROR finish command N242 G0 F3600 X218.779 Y252.72*125
2025-06-13T17:05:24.963144+0800 ERROR readline ok

2025-06-13T17:05:24.977251+0800 ERROR SENT: N243 G1 F2400 X194.648 Y228.589 E288.78613*4
2025-06-13T17:05:24.977251+0800 ERROR write command N243 G1 F2400 X194.648 Y228.589 E288.78613*4
2025-06-13T17:05:24.978243+0800 ERROR second command N243 G1 F2400 X194.648 Y228.589 E288.78613*4
2025-06-13T17:05:24.978243+0800 ERROR finish command N243 G1 F2400 X194.648 Y228.589 E288.78613*4
2025-06-13T17:05:24.982806+0800 ERROR readline echo: cold extrusion prevented

2025-06-13T17:05:25.241409+0800 ERROR empty readline 0
2025-06-13T17:05:25.506404+0800 ERROR empty readline 1
2025-06-13T17:05:25.641615+0800 ERROR readline X:218.7790 Y:252.7200 Z:0.2000 E:288.7861 Count X:76573 Y:88452 Z:400 STA: 5251839

2025-06-13T17:05:25.642623+0800 ERROR readline 

2025-06-13T17:05:25.897780+0800 ERROR empty readline 0
2025-06-13T17:05:25.974321+0800 ERROR readline ok

2025-06-13T17:05:25.976369+0800 ERROR SENT: N244 G0 F3600 X194.648 Y229.438*73
2025-06-13T17:05:25.976369+0800 ERROR write command N244 G0 F3600 X194.648 Y229.438*73
2025-06-13T17:05:25.977442+0800 ERROR second command N244 G0 F3600 X194.648 Y229.438*73
2025-06-13T17:05:25.978399+0800 ERROR finish command N244 G0 F3600 X194.648 Y229.438*73
2025-06-13T17:05:25.994616+0800 ERROR readline ok

2025-06-13T17:05:26.006696+0800 ERROR SENT: N245 G1 F2400 X217.93 Y252.72 E290.51094*13
2025-06-13T17:05:26.006696+0800 ERROR write command N245 G1 F2400 X217.93 Y252.72 E290.51094*13
2025-06-13T17:05:26.007715+0800 ERROR second command N245 G1 F2400 X217.93 Y252.72 E290.51094*13
2025-06-13T17:05:26.009233+0800 ERROR finish command N245 G1 F2400 X217.93 Y252.72 E290.51094*13
2025-06-13T17:05:26.014261+0800 ERROR readline echo: cold extrusion prevented

2025-06-13T17:05:26.272468+0800 ERROR empty readline 0
2025-06-13T17:05:26.536707+0800 ERROR empty readline 1
2025-06-13T17:05:26.642834+0800 ERROR readline X:194.6480 Y:229.4380 Z:0.2000 E:290.5109 Count X:68127 Y:80303 Z:400 STA: 5251839

2025-06-13T17:05:26.644343+0800 ERROR readline 

2025-06-13T17:05:26.908244+0800 ERROR empty readline 0
2025-06-13T17:05:26.974535+0800 ERROR readline ok

2025-06-13T17:05:26.986404+0800 ERROR SENT: N246 G0 F3600 X217.082 Y252.72*117
2025-06-13T17:05:26.986915+0800 ERROR write command N246 G0 F3600 X217.082 Y252.72*117
2025-06-13T17:05:26.987933+0800 ERROR second command N246 G0 F3600 X217.082 Y252.72*117
2025-06-13T17:05:26.987933+0800 ERROR finish command N246 G0 F3600 X217.082 Y252.72*117
2025-06-13T17:05:26.994547+0800 ERROR readline ok

2025-06-13T17:05:27.001605+0800 ERROR SENT: N247 G1 F2400 X194.648 Y230.286 E292.17292*14
2025-06-13T17:05:27.002672+0800 ERROR write command N247 G1 F2400 X194.648 Y230.286 E292.17292*14
2025-06-13T17:05:27.002672+0800 ERROR second command N247 G1 F2400 X194.648 Y230.286 E292.17292*14
2025-06-13T17:05:27.002672+0800 ERROR finish command N247 G1 F2400 X194.648 Y230.286 E292.17292*14
2025-06-13T17:05:27.008003+0800 ERROR readline echo: cold extrusion prevented

2025-06-13T17:05:27.265531+0800 ERROR empty readline 0
2025-06-13T17:05:27.531306+0800 ERROR empty readline 1
2025-06-13T17:05:27.642493+0800 ERROR readline X:217.0820 Y:252.7200 Z:0.2000 E:292.1729 Count X:75979 Y:88452 Z:400 STA: 5251839

2025-06-13T17:05:27.644507+0800 ERROR readline 

2025-06-13T17:05:27.906151+0800 ERROR empty readline 0
2025-06-13T17:05:27.940347+0800 ERROR readline ok

2025-06-13T17:05:27.950764+0800 ERROR SENT: N248 G0 F3600 X194.648 Y231.135*68
2025-06-13T17:05:27.951778+0800 ERROR write command N248 G0 F3600 X194.648 Y231.135*68
2025-06-13T17:05:27.952777+0800 ERROR second command N248 G0 F3600 X194.648 Y231.135*68
2025-06-13T17:05:27.952777+0800 ERROR finish command N248 G0 F3600 X194.648 Y231.135*68
2025-06-13T17:05:27.961376+0800 ERROR readline ok

2025-06-13T17:05:27.966465+0800 ERROR SENT: N249 G1 F2400 X216.233 Y252.72 E293.772*48
2025-06-13T17:05:27.966978+0800 ERROR write command N249 G1 F2400 X216.233 Y252.72 E293.772*48
2025-06-13T17:05:27.966978+0800 ERROR second command N249 G1 F2400 X216.233 Y252.72 E293.772*48
2025-06-13T17:05:27.968062+0800 ERROR finish command N249 G1 F2400 X216.233 Y252.72 E293.772*48
2025-06-13T17:05:27.972478+0800 ERROR readline echo: cold extrusion prevented

2025-06-13T17:05:28.236725+0800 ERROR empty readline 0
2025-06-13T17:05:28.488001+0800 ERROR empty readline 1
2025-06-13T17:05:28.640875+0800 ERROR readline X:194.6480 Y:231.1350 Z:0.2000 E:293.7720 Count X:68127 Y:80897 Z:400 STA: 5252863

2025-06-13T17:05:28.644411+0800 ERROR readline 

2025-06-13T17:05:28.881847+0800 ERROR readline ok

2025-06-13T17:05:28.884364+0800 ERROR readline echo:broken has bigen

2025-06-13T17:05:28.895384+0800 ERROR SENT: N250 G0 F3600 X215.385 Y252.72*116
2025-06-13T17:05:28.895384+0800 ERROR write command N250 G0 F3600 X215.385 Y252.72*116
2025-06-13T17:05:28.895384+0800 ERROR second command N250 G0 F3600 X215.385 Y252.72*116
2025-06-13T17:05:28.897158+0800 ERROR finish command N250 G0 F3600 X215.385 Y252.72*116
2025-06-13T17:05:28.902608+0800 ERROR readline ok

2025-06-13T17:05:28.911488+0800 ERROR SENT: N251 G1 F2400 X194.648 Y231.983 E295.30827*0
2025-06-13T17:05:28.911488+0800 ERROR write command N251 G1 F2400 X194.648 Y231.983 E295.30827*0
2025-06-13T17:05:28.913485+0800 ERROR second command N251 G1 F2400 X194.648 Y231.983 E295.30827*0
2025-06-13T17:05:28.913485+0800 ERROR finish command N251 G1 F2400 X194.648 Y231.983 E295.30827*0
2025-06-13T17:05:28.917026+0800 ERROR readline echo: cold extrusion prevented

2025-06-13T17:05:29.176186+0800 ERROR empty readline 0
2025-06-13T17:05:29.392018+0800 INFO M105

2025-06-13T17:05:29.439219+0800 ERROR empty readline 1
2025-06-13T17:05:29.639766+0800 ERROR readline X:215.3850 Y:252.7200 Z:0.2000 E:295.3083 Count X:75385 Y:88452 Z:400 STA: 5252863

2025-06-13T17:05:29.642487+0800 ERROR readline 

2025-06-13T17:05:29.788350+0800 ERROR readline ok

2025-06-13T17:05:29.793523+0800 ERROR SENT: M105

2025-06-13T17:05:29.793523+0800 ERROR write command M105

2025-06-13T17:05:29.794509+0800 ERROR second command M105

2025-06-13T17:05:29.795102+0800 ERROR finish command M105

2025-06-13T17:05:29.795102+0800 ERROR readline ok

2025-06-13T17:05:29.797664+0800 ERROR readline  T:47.2098 /10 B:48.4688 /10 @:0 B@:0 VER: 1.3.2

2025-06-13T17:05:29.809246+0800 ERROR SENT: N252 G0 F3600 X194.648 Y232.832*66
2025-06-13T17:05:29.809773+0800 ERROR write command N252 G0 F3600 X194.648 Y232.832*66
2025-06-13T17:05:29.810802+0800 ERROR second command N252 G0 F3600 X194.648 Y232.832*66
2025-06-13T17:05:29.811795+0800 ERROR finish command N252 G0 F3600 X194.648 Y232.832*66
2025-06-13T17:05:29.812809+0800 ERROR readline ok

2025-06-13T17:05:29.824984+0800 ERROR SENT: N253 G1 F2400 X214.536 Y252.72 E296.78163*55
2025-06-13T17:05:29.825662+0800 ERROR write command N253 G1 F2400 X214.536 Y252.72 E296.78163*55
2025-06-13T17:05:29.826660+0800 ERROR second command N253 G1 F2400 X214.536 Y252.72 E296.78163*55
2025-06-13T17:05:29.827763+0800 ERROR finish command N253 G1 F2400 X214.536 Y252.72 E296.78163*55
2025-06-13T17:05:29.832314+0800 ERROR readline echo: cold extrusion prevented

2025-06-13T17:05:30.087775+0800 ERROR empty readline 0
2025-06-13T17:05:30.349399+0800 ERROR empty readline 1
2025-06-13T17:05:30.612515+0800 ERROR empty readline 2
2025-06-13T17:05:30.639494+0800 ERROR readline X:194.6480 Y:232.8320 Z:0.2000 E:296.7816 Count X:68127 Y:81491 Z:400 STA: 5252863

2025-06-13T17:05:30.641020+0800 ERROR readline 

2025-06-13T17:05:30.668146+0800 ERROR readline ok

2025-06-13T17:05:30.675859+0800 ERROR SENT: N254 G0 F3600 X213.688 Y252.72*126
2025-06-13T17:05:30.676874+0800 ERROR write command N254 G0 F3600 X213.688 Y252.72*126
2025-06-13T17:05:30.677878+0800 ERROR second command N254 G0 F3600 X213.688 Y252.72*126
2025-06-13T17:05:30.677878+0800 ERROR finish command N254 G0 F3600 X213.688 Y252.72*126
2025-06-13T17:05:30.689148+0800 ERROR readline ok

2025-06-13T17:05:30.690501+0800 ERROR SENT: N255 G1 F2400 X194.648 Y233.68 E298.19218*58
2025-06-13T17:05:30.691492+0800 ERROR write command N255 G1 F2400 X194.648 Y233.68 E298.19218*58
2025-06-13T17:05:30.692508+0800 ERROR second command N255 G1 F2400 X194.648 Y233.68 E298.19218*58
2025-06-13T17:05:30.693509+0800 ERROR finish command N255 G1 F2400 X194.648 Y233.68 E298.19218*58
2025-06-13T17:05:30.698049+0800 ERROR readline echo: cold extrusion prevented

2025-06-13T17:05:30.952057+0800 ERROR empty readline 0
2025-06-13T17:05:31.218974+0800 ERROR empty readline 1
2025-06-13T17:05:31.483286+0800 ERROR empty readline 2
2025-06-13T17:05:31.519345+0800 ERROR readline ok

2025-06-13T17:05:31.531419+0800 ERROR SENT: N256 G0 F3600 X194.648 Y234.529*71
2025-06-13T17:05:31.531419+0800 ERROR write command N256 G0 F3600 X194.648 Y234.529*71
2025-06-13T17:05:31.532413+0800 ERROR second command N256 G0 F3600 X194.648 Y234.529*71
2025-06-13T17:05:31.532413+0800 ERROR finish command N256 G0 F3600 X194.648 Y234.529*71
2025-06-13T17:05:31.540872+0800 ERROR readline ok

2025-06-13T17:05:31.546398+0800 ERROR SENT: N257 G1 F2400 X212.839 Y252.72 E299.53982*54
2025-06-13T17:05:31.546909+0800 ERROR write command N257 G1 F2400 X212.839 Y252.72 E299.53982*54
2025-06-13T17:05:31.547780+0800 ERROR second command N257 G1 F2400 X212.839 Y252.72 E299.53982*54
2025-06-13T17:05:31.547780+0800 ERROR finish command N257 G1 F2400 X212.839 Y252.72 E299.53982*54
2025-06-13T17:05:31.552808+0800 ERROR readline echo: cold extrusion prevented

2025-06-13T17:05:31.642389+0800 ERROR readline X:194.6480 Y:234.5290 Z:0.2000 E:299.5398 Count X:68127 Y:82085 Z:400 STA: 5252863

2025-06-13T17:05:31.644898+0800 ERROR readline 

2025-06-13T17:05:31.905408+0800 ERROR empty readline 0
2025-06-13T17:05:32.169213+0800 ERROR empty readline 1
2025-06-13T17:05:32.339281+0800 ERROR readline ok

2025-06-13T17:05:32.356237+0800 ERROR SENT: N258 G0 F3600 X211.991 Y252.72*119
2025-06-13T17:05:32.357255+0800 ERROR write command N258 G0 F3600 X211.991 Y252.72*119
2025-06-13T17:05:32.358253+0800 ERROR second command N258 G0 F3600 X211.991 Y252.72*119
2025-06-13T17:05:32.358253+0800 ERROR finish command N258 G0 F3600 X211.991 Y252.72*119
2025-06-13T17:05:32.359267+0800 ERROR readline ok

2025-06-13T17:05:32.372329+0800 ERROR SENT: N259 G1 F2400 X194.648 Y235.377 E300.82465*3
2025-06-13T17:05:32.372329+0800 ERROR write command N259 G1 F2400 X194.648 Y235.377 E300.82465*3
2025-06-13T17:05:32.373335+0800 ERROR second command N259 G1 F2400 X194.648 Y235.377 E300.82465*3
2025-06-13T17:05:32.374846+0800 ERROR finish command N259 G1 F2400 X194.648 Y235.377 E300.82465*3
2025-06-13T17:05:32.377378+0800 ERROR readline echo: cold extrusion prevented

2025-06-13T17:05:32.640457+0800 ERROR readline X:211.9910 Y:252.7200 Z:0.2000 E:300.8246 Count X:74197 Y:88452 Z:400 STA: 5252863

2025-06-13T17:05:32.642648+0800 ERROR readline 

2025-06-13T17:05:32.902856+0800 ERROR empty readline 0
2025-06-13T17:05:33.129455+0800 ERROR readline ok

2025-06-13T17:05:33.141064+0800 ERROR SENT: N260 G0 F3600 X194.648 Y236.226*72
2025-06-13T17:05:33.142079+0800 ERROR write command N260 G0 F3600 X194.648 Y236.226*72
2025-06-13T17:05:33.143076+0800 ERROR second command N260 G0 F3600 X194.648 Y236.226*72
2025-06-13T17:05:33.144587+0800 ERROR finish command N260 G0 F3600 X194.648 Y236.226*72
2025-06-13T17:05:33.150313+0800 ERROR readline ok

2025-06-13T17:05:33.156372+0800 ERROR SENT: N261 G1 F2400 X211.142 Y252.72 E302.04658*60
2025-06-13T17:05:33.156885+0800 ERROR write command N261 G1 F2400 X211.142 Y252.72 E302.04658*60
2025-06-13T17:05:33.157903+0800 ERROR second command N261 G1 F2400 X211.142 Y252.72 E302.04658*60
2025-06-13T17:05:33.157903+0800 ERROR finish command N261 G1 F2400 X211.142 Y252.72 E302.04658*60
2025-06-13T17:05:33.163496+0800 ERROR readline echo: cold extrusion prevented

2025-06-13T17:05:33.417886+0800 ERROR empty readline 0
2025-06-13T17:05:33.637830+0800 ERROR readline X:194.6480 Y:236.2260 Z:0.2000 E:302.0466 Count X:68127 Y:82679 Z:400 STA: 5252863

2025-06-13T17:05:33.639342+0800 ERROR readline 

2025-06-13T17:05:33.889261+0800 ERROR readline ok

2025-06-13T17:05:33.897909+0800 ERROR SENT: N262 G0 F3600 X210.294 Y252.72*113
2025-06-13T17:05:33.897909+0800 ERROR write command N262 G0 F3600 X210.294 Y252.72*113
2025-06-13T17:05:33.900438+0800 ERROR second command N262 G0 F3600 X210.294 Y252.72*113
2025-06-13T17:05:33.900438+0800 ERROR finish command N262 G0 F3600 X210.294 Y252.72*113
2025-06-13T17:05:33.910004+0800 ERROR readline ok

2025-06-13T17:05:33.913003+0800 ERROR SENT: N263 G1 F2400 X194.648 Y237.075 E303.20564*2
2025-06-13T17:05:33.913003+0800 ERROR write command N263 G1 F2400 X194.648 Y237.075 E303.20564*2
2025-06-13T17:05:33.914517+0800 ERROR second command N263 G1 F2400 X194.648 Y237.075 E303.20564*2
2025-06-13T17:05:33.915538+0800 ERROR finish command N263 G1 F2400 X194.648 Y237.075 E303.20564*2
2025-06-13T17:05:33.917065+0800 ERROR readline echo: cold extrusion prevented

2025-06-13T17:05:34.177973+0800 ERROR empty readline 0
2025-06-13T17:05:34.441550+0800 ERROR empty readline 1
2025-06-13T17:05:34.619227+0800 ERROR readline ok

2025-06-13T17:05:34.629268+0800 ERROR SENT: N264 G0 F3600 X194.648 Y237.923*67
2025-06-13T17:05:34.629779+0800 ERROR write command N264 G0 F3600 X194.648 Y237.923*67
2025-06-13T17:05:34.630793+0800 ERROR second command N264 G0 F3600 X194.648 Y237.923*67
2025-06-13T17:05:34.631795+0800 ERROR finish command N264 G0 F3600 X194.648 Y237.923*67
2025-06-13T17:05:34.640688+0800 ERROR readline X:194.6480 Y:237.0750 Z:0.2000 E:303.2056 Count X:68127 Y:82976 Z:400 STA: 5252863

2025-06-13T17:05:34.644285+0800 ERROR readline 

2025-06-13T17:05:34.646301+0800 ERROR readline ok

2025-06-13T17:05:34.660955+0800 ERROR SENT: N265 G1 F2400 X209.445 Y252.72 E304.30185*53
2025-06-13T17:05:34.661966+0800 ERROR write command N265 G1 F2400 X209.445 Y252.72 E304.30185*53
2025-06-13T17:05:34.662966+0800 ERROR second command N265 G1 F2400 X209.445 Y252.72 E304.30185*53
2025-06-13T17:05:34.662966+0800 ERROR finish command N265 G1 F2400 X209.445 Y252.72 E304.30185*53
2025-06-13T17:05:34.667575+0800 ERROR readline echo: cold extrusion prevented

2025-06-13T17:05:34.924874+0800 ERROR empty readline 0
2025-06-13T17:05:35.188143+0800 ERROR empty readline 1
2025-06-13T17:05:35.317921+0800 ERROR readline ok

2025-06-13T17:05:35.327486+0800 ERROR SENT: N266 G0 F3600 X208.597 Y252.72*120
2025-06-13T17:05:35.328492+0800 ERROR write command N266 G0 F3600 X208.597 Y252.72*120
2025-06-13T17:05:35.328492+0800 ERROR second command N266 G0 F3600 X208.597 Y252.72*120
2025-06-13T17:05:35.328492+0800 ERROR finish command N266 G0 F3600 X208.597 Y252.72*120
2025-06-13T17:05:35.339088+0800 ERROR readline ok

2025-06-13T17:05:35.342596+0800 ERROR SENT: N267 G1 F2400 X194.648 Y238.772 E305.3352*61
2025-06-13T17:05:35.342596+0800 ERROR write command N267 G1 F2400 X194.648 Y238.772 E305.3352*61
2025-06-13T17:05:35.344109+0800 ERROR second command N267 G1 F2400 X194.648 Y238.772 E305.3352*61
2025-06-13T17:05:35.345133+0800 ERROR finish command N267 G1 F2400 X194.648 Y238.772 E305.3352*61
2025-06-13T17:05:35.347671+0800 ERROR readline echo: cold extrusion prevented

2025-06-13T17:05:35.606413+0800 ERROR empty readline 0
2025-06-13T17:05:35.639286+0800 ERROR readline X:208.5970 Y:252.7200 Z:0.2000 E:305.3352 Count X:73009 Y:88452 Z:400 STA: 5252863

2025-06-13T17:05:35.641302+0800 ERROR readline 

2025-06-13T17:05:35.900324+0800 ERROR empty readline 0
2025-06-13T17:05:35.989403+0800 ERROR readline ok

2025-06-13T17:05:35.994208+0800 ERROR SENT: N268 G0 F3600 X194.648 Y239.62*125
2025-06-13T17:05:35.995338+0800 ERROR write command N268 G0 F3600 X194.648 Y239.62*125
2025-06-13T17:05:35.995338+0800 ERROR second command N268 G0 F3600 X194.648 Y239.62*125
2025-06-13T17:05:35.995338+0800 ERROR finish command N268 G0 F3600 X194.648 Y239.62*125
2025-06-13T17:05:36.010380+0800 ERROR readline ok

2025-06-13T17:05:36.026290+0800 ERROR SENT: N269 G1 F2400 X207.748 Y252.72 E306.30569*61
2025-06-13T17:05:36.026801+0800 ERROR write command N269 G1 F2400 X207.748 Y252.72 E306.30569*61
2025-06-13T17:05:36.027817+0800 ERROR second command N269 G1 F2400 X207.748 Y252.72 E306.30569*61
2025-06-13T17:05:36.029475+0800 ERROR finish command N269 G1 F2400 X207.748 Y252.72 E306.30569*61
2025-06-13T17:05:36.031924+0800 ERROR readline echo: cold extrusion prevented

2025-06-13T17:05:36.290081+0800 ERROR empty readline 0
2025-06-13T17:05:36.542334+0800 ERROR empty readline 1
2025-06-13T17:05:36.627753+0800 ERROR readline ok

2025-06-13T17:05:36.635484+0800 ERROR SENT: N270 G0 F3600 X206.899 Y252.72*114
2025-06-13T17:05:36.636474+0800 ERROR write command N270 G0 F3600 X206.899 Y252.72*114
2025-06-13T17:05:36.636995+0800 ERROR second command N270 G0 F3600 X206.899 Y252.72*114
2025-06-13T17:05:36.638188+0800 ERROR finish command N270 G0 F3600 X206.899 Y252.72*114
2025-06-13T17:05:36.642756+0800 ERROR readline X:207.7480 Y:252.7200 Z:0.2000 E:306.3057 Count X:72712 Y:88452 Z:400 STA: 5252863

2025-06-13T17:05:36.642756+0800 ERROR readline 

2025-06-13T17:05:36.649311+0800 ERROR readline ok

2025-06-13T17:05:36.651335+0800 ERROR SENT: N271 G1 F2400 X194.648 Y240.469 E307.21328*3
2025-06-13T17:05:36.652535+0800 ERROR write command N271 G1 F2400 X194.648 Y240.469 E307.21328*3
2025-06-13T17:05:36.652535+0800 ERROR second command N271 G1 F2400 X194.648 Y240.469 E307.21328*3
2025-06-13T17:05:36.653559+0800 ERROR finish command N271 G1 F2400 X194.648 Y240.469 E307.21328*3
2025-06-13T17:05:36.657455+0800 ERROR readline echo: cold extrusion prevented

2025-06-13T17:05:36.916335+0800 ERROR empty readline 0
2025-06-13T17:05:37.179719+0800 ERROR empty readline 1
2025-06-13T17:05:37.237014+0800 ERROR readline ok

2025-06-13T17:05:37.241534+0800 ERROR SENT: N272 G0 F3600 X194.648 Y241.317*72
2025-06-13T17:05:37.242533+0800 ERROR write command N272 G0 F3600 X194.648 Y241.317*72
2025-06-13T17:05:37.242533+0800 ERROR second command N272 G0 F3600 X194.648 Y241.317*72
2025-06-13T17:05:37.243533+0800 ERROR finish command N272 G0 F3600 X194.648 Y241.317*72
2025-06-13T17:05:37.257646+0800 ERROR readline ok

2025-06-13T17:05:37.273535+0800 ERROR SENT: N273 G1 F2400 X206.051 Y252.72 E308.05805*55
2025-06-13T17:05:37.273535+0800 ERROR write command N273 G1 F2400 X206.051 Y252.72 E308.05805*55
2025-06-13T17:05:37.274535+0800 ERROR second command N273 G1 F2400 X206.051 Y252.72 E308.05805*55
2025-06-13T17:05:37.274535+0800 ERROR finish command N273 G1 F2400 X206.051 Y252.72 E308.05805*55
2025-06-13T17:05:37.279076+0800 ERROR readline echo: cold extrusion prevented

2025-06-13T17:05:37.540609+0800 ERROR empty readline 0
2025-06-13T17:05:37.639344+0800 ERROR readline X:194.6480 Y:241.3170 Z:0.2000 E:308.0580 Count X:68127 Y:84461 Z:400 STA: 5252863

2025-06-13T17:05:37.641886+0800 ERROR readline 

2025-06-13T17:05:37.816984+0800 ERROR readline ok

2025-06-13T17:05:37.821498+0800 ERROR SENT: N274 G0 F3600 X205.202 Y252.72*125
2025-06-13T17:05:37.822691+0800 ERROR write command N274 G0 F3600 X205.202 Y252.72*125
2025-06-13T17:05:37.822691+0800 ERROR second command N274 G0 F3600 X205.202 Y252.72*125
2025-06-13T17:05:37.824222+0800 ERROR finish command N274 G0 F3600 X205.202 Y252.72*125
2025-06-13T17:05:37.838145+0800 ERROR readline ok

2025-06-13T17:05:37.852489+0800 ERROR SENT: N275 G1 F2400 X194.648 Y242.166 E308.83993*2
2025-06-13T17:05:37.853275+0800 ERROR write command N275 G1 F2400 X194.648 Y242.166 E308.83993*2
2025-06-13T17:05:37.854310+0800 ERROR second command N275 G1 F2400 X194.648 Y242.166 E308.83993*2
2025-06-13T17:05:37.855507+0800 ERROR finish command N275 G1 F2400 X194.648 Y242.166 E308.83993*2
2025-06-13T17:05:37.860865+0800 ERROR readline echo: cold extrusion prevented

2025-06-13T17:05:38.116397+0800 ERROR empty readline 0
2025-06-13T17:05:38.377205+0800 ERROR readline ok

2025-06-13T17:05:38.379760+0800 ERROR SENT: N276 G0 F3600 X194.648 Y243.014*78
2025-06-13T17:05:38.380820+0800 ERROR write command N276 G0 F3600 X194.648 Y243.014*78
2025-06-13T17:05:38.380820+0800 ERROR second command N276 G0 F3600 X194.648 Y243.014*78
2025-06-13T17:05:38.381820+0800 ERROR finish command N276 G0 F3600 X194.648 Y243.014*78
2025-06-13T17:05:38.387103+0800 ERROR readline ok

2025-06-13T17:05:38.395560+0800 ERROR SENT: N277 G1 F2400 X204.354 Y252.72 E309.55898*55
2025-06-13T17:05:38.396478+0800 ERROR write command N277 G1 F2400 X204.354 Y252.72 E309.55898*55
2025-06-13T17:05:38.396478+0800 ERROR second command N277 G1 F2400 X204.354 Y252.72 E309.55898*55
2025-06-13T17:05:38.396478+0800 ERROR finish command N277 G1 F2400 X204.354 Y252.72 E309.55898*55
2025-06-13T17:05:38.399029+0800 ERROR readline echo: cold extrusion prevented

2025-06-13T17:05:38.639419+0800 ERROR readline X:194.6480 Y:243.0140 Z:0.2000 E:309.5590 Count X:68127 Y:85055 Z:400 STA: 5252863

2025-06-13T17:05:38.642001+0800 ERROR readline 

2025-06-13T17:05:38.784808+0800 INFO M105

2025-06-13T17:05:38.884263+0800 ERROR readline ok

2025-06-13T17:05:38.892264+0800 ERROR SENT: M105

2025-06-13T17:05:38.892264+0800 ERROR write command M105

2025-06-13T17:05:38.894129+0800 ERROR second command M105

2025-06-13T17:05:38.894644+0800 ERROR finish command M105

2025-06-13T17:05:38.896668+0800 ERROR readline ok

2025-06-13T17:05:38.900742+0800 ERROR readline  T:47.4330 /10 B:48.3000 /10 @:0 B@:0 VER: 1.3.2

2025-06-13T17:05:38.908172+0800 ERROR SENT: N278 G0 F3600 X203.505 Y252.72*119
2025-06-13T17:05:38.908172+0800 ERROR write command N278 G0 F3600 X203.505 Y252.72*119
2025-06-13T17:05:38.909677+0800 ERROR second command N278 G0 F3600 X203.505 Y252.72*119
2025-06-13T17:05:38.909677+0800 ERROR finish command N278 G0 F3600 X203.505 Y252.72*119
2025-06-13T17:05:38.910691+0800 ERROR readline ok

2025-06-13T17:05:38.923430+0800 ERROR SENT: N279 G1 F2400 X194.648 Y243.863 E310.21513*6
2025-06-13T17:05:38.924451+0800 ERROR write command N279 G1 F2400 X194.648 Y243.863 E310.21513*6
2025-06-13T17:05:38.924451+0800 ERROR second command N279 G1 F2400 X194.648 Y243.863 E310.21513*6
2025-06-13T17:05:38.924451+0800 ERROR finish command N279 G1 F2400 X194.648 Y243.863 E310.21513*6
2025-06-13T17:05:38.929047+0800 ERROR readline echo: cold extrusion prevented

2025-06-13T17:05:39.187789+0800 ERROR empty readline 0
2025-06-13T17:05:39.373530+0800 ERROR readline ok

2025-06-13T17:05:39.376638+0800 ERROR SENT: N280 G0 F3600 X194.648 Y244.711*66
2025-06-13T17:05:39.377657+0800 ERROR write command N280 G0 F3600 X194.648 Y244.711*66
2025-06-13T17:05:39.377657+0800 ERROR second command N280 G0 F3600 X194.648 Y244.711*66
2025-06-13T17:05:39.377657+0800 ERROR finish command N280 G0 F3600 X194.648 Y244.711*66
2025-06-13T17:05:39.394219+0800 ERROR readline ok

2025-06-13T17:05:39.408019+0800 ERROR SENT: N281 G1 F2400 X202.657 Y252.72 E310.80847*60
2025-06-13T17:05:39.409088+0800 ERROR write command N281 G1 F2400 X202.657 Y252.72 E310.80847*60
2025-06-13T17:05:39.409088+0800 ERROR second command N281 G1 F2400 X202.657 Y252.72 E310.80847*60
2025-06-13T17:05:39.410141+0800 ERROR finish command N281 G1 F2400 X202.657 Y252.72 E310.80847*60
2025-06-13T17:05:39.413594+0800 ERROR readline echo: cold extrusion prevented

2025-06-13T17:05:39.638003+0800 ERROR readline X:194.6480 Y:244.7110 Z:0.2000 E:310.8085 Count X:68127 Y:85649 Z:400 STA: 5252863

2025-06-13T17:05:39.638003+0800 ERROR readline 

2025-06-13T17:05:39.832110+0800 ERROR readline ok

2025-06-13T17:05:39.845198+0800 ERROR SENT: N282 G0 F3600 X201.808 Y252.72*112
2025-06-13T17:05:39.846201+0800 ERROR write command N282 G0 F3600 X201.808 Y252.72*112
2025-06-13T17:05:39.846714+0800 ERROR second command N282 G0 F3600 X201.808 Y252.72*112
2025-06-13T17:05:39.847726+0800 ERROR finish command N282 G0 F3600 X201.808 Y252.72*112
2025-06-13T17:05:39.853261+0800 ERROR readline ok

2025-06-13T17:05:39.861310+0800 ERROR SENT: N283 G1 F2400 X194.648 Y245.56 E311.3389*15
2025-06-13T17:05:39.861310+0800 ERROR write command N283 G1 F2400 X194.648 Y245.56 E311.3389*15
2025-06-13T17:05:39.862319+0800 ERROR second command N283 G1 F2400 X194.648 Y245.56 E311.3389*15
2025-06-13T17:05:39.863319+0800 ERROR finish command N283 G1 F2400 X194.648 Y245.56 E311.3389*15
2025-06-13T17:05:39.867354+0800 ERROR readline echo: cold extrusion prevented

2025-06-13T17:05:40.126601+0800 ERROR empty readline 0
2025-06-13T17:05:40.260642+0800 ERROR readline ok

2025-06-13T17:05:40.267220+0800 ERROR SENT: N284 G0 F3600 X194.648 Y246.408*79
2025-06-13T17:05:40.267220+0800 ERROR write command N284 G0 F3600 X194.648 Y246.408*79
2025-06-13T17:05:40.268249+0800 ERROR second command N284 G0 F3600 X194.648 Y246.408*79
2025-06-13T17:05:40.269759+0800 ERROR finish command N284 G0 F3600 X194.648 Y246.408*79
2025-06-13T17:05:40.281342+0800 ERROR readline ok

2025-06-13T17:05:40.282354+0800 ERROR SENT: N285 G1 F2400 X200.96 Y252.72 E311.80651*9
2025-06-13T17:05:40.282354+0800 ERROR write command N285 G1 F2400 X200.96 Y252.72 E311.80651*9
2025-06-13T17:05:40.283829+0800 ERROR second command N285 G1 F2400 X200.96 Y252.72 E311.80651*9
2025-06-13T17:05:40.284344+0800 ERROR finish command N285 G1 F2400 X200.96 Y252.72 E311.80651*9
2025-06-13T17:05:40.289331+0800 ERROR readline echo: cold extrusion prevented

2025-06-13T17:05:40.545522+0800 ERROR empty readline 0
2025-06-13T17:05:40.637512+0800 ERROR readline X:194.6480 Y:246.4080 Z:0.2000 E:311.8065 Count X:68127 Y:86243 Z:400 STA: 5252863

2025-06-13T17:05:40.639041+0800 ERROR readline 

2025-06-13T17:05:40.657800+0800 ERROR readline ok

2025-06-13T17:05:40.669389+0800 ERROR SENT: N286 G0 F3600 X200.111 Y252.72*116
2025-06-13T17:05:40.670401+0800 ERROR write command N286 G0 F3600 X200.111 Y252.72*116
2025-06-13T17:05:40.670401+0800 ERROR second command N286 G0 F3600 X200.111 Y252.72*116
2025-06-13T17:05:40.671579+0800 ERROR finish command N286 G0 F3600 X200.111 Y252.72*116
2025-06-13T17:05:40.680004+0800 ERROR readline ok

2025-06-13T17:05:40.685653+0800 ERROR SENT: N287 G1 F2400 X194.648 Y247.257 E312.21123*11
2025-06-13T17:05:40.686654+0800 ERROR write command N287 G1 F2400 X194.648 Y247.257 E312.21123*11
2025-06-13T17:05:40.687166+0800 ERROR second command N287 G1 F2400 X194.648 Y247.257 E312.21123*11
2025-06-13T17:05:40.688180+0800 ERROR finish command N287 G1 F2400 X194.648 Y247.257 E312.21123*11
2025-06-13T17:05:40.690438+0800 ERROR readline echo: cold extrusion prevented

2025-06-13T17:05:40.951470+0800 ERROR empty readline 0
2025-06-13T17:05:41.026656+0800 ERROR readline ok

2025-06-13T17:05:41.030187+0800 ERROR SENT: N288 G0 F3600 X194.648 Y248.105*69
2025-06-13T17:05:41.031187+0800 ERROR write command N288 G0 F3600 X194.648 Y248.105*69
2025-06-13T17:05:41.031187+0800 ERROR second command N288 G0 F3600 X194.648 Y248.105*69
2025-06-13T17:05:41.031187+0800 ERROR finish command N288 G0 F3600 X194.648 Y248.105*69
2025-06-13T17:05:41.047863+0800 ERROR readline ok

2025-06-13T17:05:41.061063+0800 ERROR SENT: N289 G1 F2400 X199.263 Y252.72 E312.55313*54
2025-06-13T17:05:41.061063+0800 ERROR write command N289 G1 F2400 X199.263 Y252.72 E312.55313*54
2025-06-13T17:05:41.062581+0800 ERROR second command N289 G1 F2400 X199.263 Y252.72 E312.55313*54
2025-06-13T17:05:41.063594+0800 ERROR readline echo: cold extrusion prevented

2025-06-13T17:05:41.065115+0800 ERROR finish command N289 G1 F2400 X199.263 Y252.72 E312.55313*54
2025-06-13T17:05:41.324907+0800 ERROR empty readline 0
2025-06-13T17:05:41.364557+0800 ERROR readline ok

2025-06-13T17:05:41.371733+0800 ERROR SENT: N290 G0 F3600 X198.414 Y252.72*113
2025-06-13T17:05:41.373087+0800 ERROR write command N290 G0 F3600 X198.414 Y252.72*113
2025-06-13T17:05:41.373087+0800 ERROR second command N290 G0 F3600 X198.414 Y252.72*113
2025-06-13T17:05:41.373087+0800 ERROR finish command N290 G0 F3600 X198.414 Y252.72*113
2025-06-13T17:05:41.386302+0800 ERROR readline ok

2025-06-13T17:05:41.386849+0800 ERROR SENT: N291 G1 F2400 X194.648 Y248.954 E312.83212*2
2025-06-13T17:05:41.386849+0800 ERROR write command N291 G1 F2400 X194.648 Y248.954 E312.83212*2
2025-06-13T17:05:41.388214+0800 ERROR second command N291 G1 F2400 X194.648 Y248.954 E312.83212*2
2025-06-13T17:05:41.390364+0800 ERROR finish command N291 G1 F2400 X194.648 Y248.954 E312.83212*2
2025-06-13T17:05:41.392965+0800 ERROR readline echo: cold extrusion prevented

2025-06-13T17:05:41.640663+0800 ERROR readline X:198.4140 Y:252.7200 Z:0.2000 E:312.8321 Count X:69445 Y:88452 Z:400 STA: 5252863

2025-06-13T17:05:41.642748+0800 ERROR readline 

2025-06-13T17:05:41.673169+0800 ERROR readline ok

2025-06-13T17:05:41.681877+0800 ERROR SENT: N292 G0 F3600 X194.648 Y249.802*65
2025-06-13T17:05:41.681877+0800 ERROR write command N292 G0 F3600 X194.648 Y249.802*65
2025-06-13T17:05:41.682787+0800 ERROR second command N292 G0 F3600 X194.648 Y249.802*65
2025-06-13T17:05:41.682787+0800 ERROR finish command N292 G0 F3600 X194.648 Y249.802*65
2025-06-13T17:05:41.693358+0800 ERROR readline ok

2025-06-13T17:05:41.697608+0800 ERROR SENT: N293 G1 F2400 X197.566 Y252.72 E313.0483*14
2025-06-13T17:05:41.698120+0800 ERROR write command N293 G1 F2400 X197.566 Y252.72 E313.0483*14
2025-06-13T17:05:41.699138+0800 ERROR second command N293 G1 F2400 X197.566 Y252.72 E313.0483*14
2025-06-13T17:05:41.699701+0800 ERROR finish command N293 G1 F2400 X197.566 Y252.72 E313.0483*14
2025-06-13T17:05:41.706251+0800 ERROR readline echo: cold extrusion prevented

2025-06-13T17:05:41.951071+0800 ERROR readline ok

2025-06-13T17:05:41.961377+0800 ERROR SENT: N294 G0 F3600 X196.717 Y252.72*123
2025-06-13T17:05:41.962370+0800 ERROR write command N294 G0 F3600 X196.717 Y252.72*123
2025-06-13T17:05:41.962370+0800 ERROR second command N294 G0 F3600 X196.717 Y252.72*123
2025-06-13T17:05:41.963525+0800 ERROR finish command N294 G0 F3600 X196.717 Y252.72*123
2025-06-13T17:05:41.971363+0800 ERROR readline ok

2025-06-13T17:05:41.976349+0800 ERROR SENT: N295 G1 F2400 X194.648 Y250.651 E313.20158*0
2025-06-13T17:05:41.976858+0800 ERROR write command N295 G1 F2400 X194.648 Y250.651 E313.20158*0
2025-06-13T17:05:41.976858+0800 ERROR second command N295 G1 F2400 X194.648 Y250.651 E313.20158*0
2025-06-13T17:05:41.977833+0800 ERROR finish command N295 G1 F2400 X194.648 Y250.651 E313.20158*0
2025-06-13T17:05:41.981496+0800 ERROR readline echo: cold extrusion prevented

2025-06-13T17:05:42.197818+0800 ERROR readline ok

2025-06-13T17:05:42.209180+0800 ERROR SENT: N296 G0 F3600 X194.648 Y251.499*66
2025-06-13T17:05:42.209729+0800 ERROR write command N296 G0 F3600 X194.648 Y251.499*66
2025-06-13T17:05:42.210757+0800 ERROR second command N296 G0 F3600 X194.648 Y251.499*66
2025-06-13T17:05:42.210757+0800 ERROR finish command N296 G0 F3600 X194.648 Y251.499*66
2025-06-13T17:05:42.217973+0800 ERROR readline ok

2025-06-13T17:05:42.224527+0800 ERROR SENT: N297 G1 F2400 X195.869 Y252.72 E313.29203*63
2025-06-13T17:05:42.225982+0800 ERROR write command N297 G1 F2400 X195.869 Y252.72 E313.29203*63
2025-06-13T17:05:42.226499+0800 ERROR second command N297 G1 F2400 X195.869 Y252.72 E313.29203*63
2025-06-13T17:05:42.229031+0800 ERROR finish command N297 G1 F2400 X195.869 Y252.72 E313.29203*63
2025-06-13T17:05:42.232385+0800 ERROR readline echo: cold extrusion prevented

2025-06-13T17:05:42.415467+0800 ERROR readline ok

2025-06-13T17:05:42.426730+0800 ERROR SENT: N298 G0 F3600 X195.02 Y252.72*71
2025-06-13T17:05:42.427504+0800 ERROR write command N298 G0 F3600 X195.02 Y252.72*71
2025-06-13T17:05:42.428446+0800 ERROR second command N298 G0 F3600 X195.02 Y252.72*71
2025-06-13T17:05:42.429446+0800 ERROR finish command N298 G0 F3600 X195.02 Y252.72*71
2025-06-13T17:05:42.436751+0800 ERROR readline ok

2025-06-13T17:05:42.441830+0800 ERROR SENT: N299 G1 F2400 X194.648 Y252.348 E313.31959*10
2025-06-13T17:05:42.442832+0800 ERROR write command N299 G1 F2400 X194.648 Y252.348 E313.31959*10
2025-06-13T17:05:42.442832+0800 ERROR second command N299 G1 F2400 X194.648 Y252.348 E313.31959*10
2025-06-13T17:05:42.442832+0800 ERROR finish command N299 G1 F2400 X194.648 Y252.348 E313.31959*10
2025-06-13T17:05:42.447756+0800 ERROR readline echo: cold extrusion prevented

2025-06-13T17:05:42.603263+0800 ERROR readline ok

2025-06-13T17:05:42.612111+0800 ERROR SENT: N300 G0 F3600 X194.692 Y252.348*67
2025-06-13T17:05:42.613353+0800 ERROR write command N300 G0 F3600 X194.692 Y252.348*67
2025-06-13T17:05:42.613353+0800 ERROR second command N300 G0 F3600 X194.692 Y252.348*67
2025-06-13T17:05:42.614573+0800 ERROR finish command N300 G0 F3600 X194.692 Y252.348*67
2025-06-13T17:05:42.624296+0800 ERROR readline ok

2025-06-13T17:05:42.627859+0800 ERROR SENT: N301 G1 F3600 E310.81959*12
2025-06-13T17:05:42.629375+0800 ERROR write command N301 G1 F3600 E310.81959*12
2025-06-13T17:05:42.630409+0800 ERROR second command N301 G1 F3600 E310.81959*12
2025-06-13T17:05:42.630409+0800 ERROR finish command N301 G1 F3600 E310.81959*12
2025-06-13T17:05:42.637239+0800 ERROR readline echo: cold extrusion prevented

2025-06-13T17:05:42.642643+0800 ERROR readline X:194.6920 Y:252.3480 Z:0.2000 E:310.8196 Count X:68142 Y:88322 Z:400 STA: 5252863

2025-06-13T17:05:42.642643+0800 ERROR readline 

2025-06-13T17:05:42.760663+0800 ERROR readline ok

2025-06-13T17:05:42.769259+0800 ERROR SENT: N302 M140 S0*100
2025-06-13T17:05:42.770282+0800 ERROR write command N302 M140 S0*100
2025-06-13T17:05:42.771316+0800 ERROR second command N302 M140 S0*100
2025-06-13T17:05:42.771316+0800 ERROR finish command N302 M140 S0*100
2025-06-13T17:05:42.772288+0800 ERROR readline ok

2025-06-13T17:05:42.784226+0800 ERROR SENT: N303 M104 S0*101
2025-06-13T17:05:42.784742+0800 ERROR write command N303 M104 S0*101
2025-06-13T17:05:42.785893+0800 ERROR second command N303 M104 S0*101
2025-06-13T17:05:42.786440+0800 ERROR finish command N303 M104 S0*101
2025-06-13T17:05:42.787473+0800 ERROR readline ok

2025-06-13T17:05:42.800829+0800 ERROR SENT: N304 M140 S0*98
2025-06-13T17:05:42.800829+0800 ERROR write command N304 M140 S0*98
2025-06-13T17:05:42.802016+0800 ERROR second command N304 M140 S0*98
2025-06-13T17:05:42.802016+0800 ERROR finish command N304 M140 S0*98
2025-06-13T17:05:42.803360+0800 ERROR readline ok

2025-06-13T17:05:42.817112+0800 ERROR SENT: N305 G92 E1*64
2025-06-13T17:05:42.817112+0800 ERROR write command N305 G92 E1*64
2025-06-13T17:05:42.818131+0800 ERROR second command N305 G92 E1*64
2025-06-13T17:05:42.819700+0800 ERROR finish command N305 G92 E1*64
2025-06-13T17:05:42.825323+0800 ERROR readline X:194.6920 Y:252.3480 Z:0.2000 E:1.0000 Count X:68502 Y:87806 Z:400 STA: 5252863

2025-06-13T17:05:42.827707+0800 ERROR readline 

2025-06-13T17:05:42.827707+0800 ERROR readline ok

2025-06-13T17:05:42.831865+0800 ERROR SENT: N306 G1 E-1 F300*1
2025-06-13T17:05:42.831865+0800 ERROR write command N306 G1 E-1 F300*1
2025-06-13T17:05:42.832868+0800 ERROR second command N306 G1 E-1 F300*1
2025-06-13T17:05:42.832868+0800 ERROR finish command N306 G1 E-1 F300*1
2025-06-13T17:05:42.836466+0800 ERROR readline echo: cold extrusion prevented

2025-06-13T17:05:42.836466+0800 ERROR readline ok

2025-06-13T17:05:42.846511+0800 ERROR SENT: N307 G28 X0 Y0*22
2025-06-13T17:05:42.847554+0800 ERROR write command N307 G28 X0 Y0*22
2025-06-13T17:05:42.847554+0800 ERROR second command N307 G28 X0 Y0*22
2025-06-13T17:05:42.848569+0800 ERROR finish command N307 G28 X0 Y0*22
2025-06-13T17:05:43.096772+0800 ERROR empty readline 0
2025-06-13T17:05:43.362593+0800 ERROR empty readline 1
2025-06-13T17:05:43.627981+0800 ERROR empty readline 2
2025-06-13T17:05:43.639665+0800 ERROR readline X:194.6920 Y:252.3480 Z:5.0000 E:-1.0000 Count X:68142 Y:88322 Z:10000 STA: 5252863

2025-06-13T17:05:43.641686+0800 ERROR readline 

2025-06-13T17:05:43.892895+0800 ERROR empty readline 0
2025-06-13T17:05:44.158151+0800 ERROR empty readline 1
2025-06-13T17:05:44.421078+0800 ERROR empty readline 2
2025-06-13T17:05:44.637097+0800 ERROR readline X:194.6920 Y:252.3480 Z:5.0000 E:-1.0000 Count X:-630000 Y:88322 Z:10000 STA: 5252863

2025-06-13T17:05:44.638122+0800 ERROR readline 

2025-06-13T17:05:44.849385+0800 ERROR readline echo:busy: processing

2025-06-13T17:05:45.100416+0800 ERROR empty readline 0
2025-06-13T17:05:45.365240+0800 ERROR empty readline 1
2025-06-13T17:05:45.629701+0800 ERROR empty readline 2
2025-06-13T17:05:45.639311+0800 ERROR readline X:194.6920 Y:252.3480 Z:5.0000 E:-1.0000 Count X:-630000 Y:88322 Z:10000 STA: 5252863

2025-06-13T17:05:45.639311+0800 ERROR readline 

2025-06-13T17:05:45.892078+0800 ERROR empty readline 0
2025-06-13T17:05:46.155275+0800 ERROR empty readline 1
2025-06-13T17:05:46.408094+0800 ERROR empty readline 2
2025-06-13T17:05:46.638500+0800 ERROR readline X:194.6920 Y:252.3480 Z:5.0000 E:-1.0000 Count X:-630000 Y:88322 Z:10000 STA: 5252863

2025-06-13T17:05:46.640811+0800 ERROR readline 

2025-06-13T17:05:46.850409+0800 ERROR readline echo:busy: processing

2025-06-13T17:05:47.107693+0800 ERROR empty readline 0
2025-06-13T17:05:47.373123+0800 ERROR empty readline 1
2025-06-13T17:05:47.637129+0800 ERROR readline X:194.6920 Y:252.3480 Z:5.0000 E:-1.0000 Count X:-630000 Y:88322 Z:10000 STA: 5252863

2025-06-13T17:05:47.638100+0800 ERROR readline 

2025-06-13T17:05:47.902178+0800 ERROR empty readline 0
2025-06-13T17:05:48.166828+0800 ERROR empty readline 1
2025-06-13T17:05:48.199543+0800 INFO M105

2025-06-13T17:05:48.430847+0800 ERROR empty readline 2
2025-06-13T17:05:48.639510+0800 ERROR readline X:194.6920 Y:252.3480 Z:5.0000 E:-1.0000 Count X:1750 Y:88322 Z:10000 STA: 5252862

2025-06-13T17:05:48.642093+0800 ERROR readline 

2025-06-13T17:05:48.847992+0800 ERROR readline echo:busy: processing

2025-06-13T17:05:49.114697+0800 ERROR empty readline 0
2025-06-13T17:05:49.378062+0800 ERROR empty readline 1
2025-06-13T17:05:49.629682+0800 ERROR empty readline 2
2025-06-13T17:05:49.649416+0800 ERROR readline X:0.0000 Y:252.3480 Z:5.0000 E:-1.0000 Count X:0 Y:-315000 Z:10000 STA: 5252862

2025-06-13T17:05:49.652936+0800 ERROR readline 

2025-06-13T17:05:49.908235+0800 ERROR empty readline 0
2025-06-13T17:05:50.172153+0800 ERROR empty readline 1
2025-06-13T17:05:50.436149+0800 ERROR empty readline 2
2025-06-13T17:05:50.646089+0800 ERROR readline X:0.0000 Y:252.3480 Z:5.0000 E:-1.0000 Count X:0 Y:-315000 Z:10000 STA: 5252862

2025-06-13T17:05:50.648335+0800 ERROR readline 

2025-06-13T17:05:50.848742+0800 ERROR readline echo:busy: processing

2025-06-13T17:05:51.105076+0800 ERROR empty readline 0
2025-06-13T17:05:51.367120+0800 ERROR empty readline 1
2025-06-13T17:05:51.631923+0800 ERROR empty readline 2
2025-06-13T17:05:51.644436+0800 ERROR readline X:0.0000 Y:252.3480 Z:5.0000 E:-1.0000 Count X:0 Y:-315000 Z:10000 STA: 5252862

2025-06-13T17:05:51.645641+0800 ERROR readline 

2025-06-13T17:05:51.900295+0800 ERROR empty readline 0
2025-06-13T17:05:52.166452+0800 ERROR empty readline 1
2025-06-13T17:05:52.429349+0800 ERROR empty readline 2
2025-06-13T17:05:52.645961+0800 ERROR readline X:0.0000 Y:252.3480 Z:5.0000 E:-1.0000 Count X:0 Y:-315000 Z:10000 STA: 5252862

2025-06-13T17:05:52.646979+0800 ERROR readline 

2025-06-13T17:05:52.847900+0800 ERROR readline echo:busy: processing

2025-06-13T17:05:53.100048+0800 ERROR empty readline 0
2025-06-13T17:05:53.361755+0800 ERROR empty readline 1
2025-06-13T17:05:53.625688+0800 ERROR empty readline 2
2025-06-13T17:05:53.646419+0800 ERROR readline X:0.0000 Y:252.3480 Z:5.0000 E:-1.0000 Count X:0 Y:-315000 Z:10000 STA: 5252862

2025-06-13T17:05:53.647683+0800 ERROR readline 

2025-06-13T17:05:53.907431+0800 ERROR empty readline 0
2025-06-13T17:05:54.171170+0800 ERROR empty readline 1
2025-06-13T17:05:54.423044+0800 ERROR empty readline 2
2025-06-13T17:05:54.646294+0800 ERROR readline X:0.0000 Y:252.3480 Z:5.0000 E:-1.0000 Count X:0 Y:-3500 Z:10000 STA: 5252862

2025-06-13T17:05:54.647666+0800 ERROR readline 

2025-06-13T17:05:54.687834+0800 ERROR readline X:0.0000 Y:0.0000 Z:5.0000 E:-1.0000 Count X:0 Y:0 Z:10000 STA: 5252858

2025-06-13T17:05:54.690370+0800 ERROR readline 

2025-06-13T17:05:54.692376+0800 ERROR readline ok

2025-06-13T17:05:54.694372+0800 ERROR readline msgdone

2025-06-13T17:05:54.706634+0800 ERROR SENT: M105

2025-06-13T17:05:54.707701+0800 ERROR write command M105

2025-06-13T17:05:54.707701+0800 ERROR second command M105

2025-06-13T17:05:54.709244+0800 ERROR finish command M105

2025-06-13T17:05:54.710260+0800 ERROR readline ok

2025-06-13T17:05:54.713267+0800 ERROR readline  T:47.0982 /0 B:48.2250 /0 @:0 B@:0 VER: 1.3.2

2025-06-13T17:05:54.721847+0800 ERROR SENT: N308 M84*20
2025-06-13T17:05:54.721847+0800 ERROR write command N308 M84*20
2025-06-13T17:05:54.722854+0800 ERROR second command N308 M84*20
2025-06-13T17:05:54.722854+0800 ERROR finish command N308 M84*20
2025-06-13T17:05:54.725678+0800 ERROR readline ok

2025-06-13T17:05:54.736783+0800 ERROR SENT: N309 M82*19
2025-06-13T17:05:54.736783+0800 ERROR write command N309 M82*19
2025-06-13T17:05:54.737805+0800 ERROR second command N309 M82*19
2025-06-13T17:05:54.737805+0800 ERROR finish command N309 M82*19
2025-06-13T17:05:54.747400+0800 ERROR readline ok

2025-06-13T17:05:54.752481+0800 ERROR SENT: N310 M104 S0*103
2025-06-13T17:05:54.753478+0800 ERROR write command N310 M104 S0*103
2025-06-13T17:05:54.754498+0800 ERROR second command N310 M104 S0*103
2025-06-13T17:05:54.754498+0800 ERROR finish command N310 M104 S0*103
2025-06-13T17:05:54.759559+0800 ERROR readline ok

2025-06-13T17:05:54.767726+0800 ERROR SENT: N-1 M110*15
2025-06-13T17:05:54.767726+0800 ERROR write command N-1 M110*15
2025-06-13T17:05:54.769237+0800 ERROR second command N-1 M110*15
2025-06-13T17:05:54.770251+0800 ERROR finish command N-1 M110*15
2025-06-13T17:05:54.772264+0800 INFO G250 S891
2025-06-13T17:05:54.773266+0800 ERROR readline ok

2025-06-13T17:05:54.774273+0800 INFO G250 S900
2025-06-13T17:05:54.775284+0800 ERROR SENT: G250 S891
2025-06-13T17:05:54.776287+0800 INFO M140 S0
2025-06-13T17:05:54.777636+0800 ERROR write command G250 S891
2025-06-13T17:05:54.777636+0800 INFO M257 S0
2025-06-13T17:05:54.779149+0800 ERROR second command G250 S891
2025-06-13T17:05:54.796741+0800 ERROR finish command G250 S891
2025-06-13T17:05:54.796741+0800 ERROR SENT: G250 S900
2025-06-13T17:05:54.797753+0800 ERROR write command G250 S900
2025-06-13T17:05:54.847432+0800 ERROR second command G250 S900
2025-06-13T17:05:54.849313+0800 ERROR finish command G250 S900
2025-06-13T17:05:54.849861+0800 ERROR SENT: M140 S0
2025-06-13T17:05:54.850882+0800 ERROR write command M140 S0
2025-06-13T17:05:54.852332+0800 ERROR second command M140 S0
2025-06-13T17:05:54.853353+0800 ERROR finish command M140 S0
2025-06-13T17:05:54.853353+0800 ERROR SENT: M257 S0
2025-06-13T17:05:54.854563+0800 ERROR write command M257 S0
2025-06-13T17:05:54.854563+0800 ERROR second command M257 S0
2025-06-13T17:05:54.856152+0800 ERROR finish command M257 S0
2025-06-13T17:05:54.859681+0800 ERROR readline LOBOTICS SAFETY UNLOCKED

2025-06-13T17:05:54.860190+0800 ERROR readline ok

2025-06-13T17:05:54.862286+0800 ERROR readline ok

2025-06-13T17:05:54.863392+0800 ERROR readline ok

2025-06-13T17:05:54.864403+0800 ERROR readline ok

2025-06-13T17:05:54.902641+0800 INFO G250 S891
2025-06-13T17:05:54.902641+0800 INFO G250 S900
2025-06-13T17:05:54.904155+0800 INFO M140 S0
2025-06-13T17:05:54.905172+0800 ERROR SENT: G250 S891
2025-06-13T17:05:54.905172+0800 INFO M257 S0
2025-06-13T17:05:54.906686+0800 ERROR write command G250 S891
2025-06-13T17:05:54.936392+0800 ERROR second command G250 S891
2025-06-13T17:05:55.051529+0800 ERROR finish command G250 S891
2025-06-13T17:05:55.052517+0800 ERROR SENT: G250 S900
2025-06-13T17:05:55.052517+0800 ERROR write command G250 S900
2025-06-13T17:05:55.053537+0800 ERROR second command G250 S900
2025-06-13T17:05:55.054507+0800 ERROR finish command G250 S900
2025-06-13T17:05:55.055903+0800 ERROR SENT: M140 S0
2025-06-13T17:05:55.056465+0800 ERROR write command M140 S0
2025-06-13T17:05:55.057512+0800 ERROR second command M140 S0
2025-06-13T17:05:55.057512+0800 ERROR finish command M140 S0
2025-06-13T17:05:55.059071+0800 ERROR SENT: M257 S0
2025-06-13T17:05:55.059071+0800 ERROR write command M257 S0
2025-06-13T17:05:55.059071+0800 ERROR second command M257 S0
2025-06-13T17:05:55.060144+0800 ERROR finish command M257 S0
2025-06-13T17:05:55.063114+0800 ERROR readline LOBOTICS SAFETY UNLOCKED

2025-06-13T17:05:55.065178+0800 ERROR readline ok

2025-06-13T17:05:55.066802+0800 ERROR readline ok

2025-06-13T17:05:55.067875+0800 ERROR readline ok

2025-06-13T17:05:55.070488+0800 ERROR readline ok

2025-06-13T17:05:55.324627+0800 ERROR empty readline 0
2025-06-13T17:05:55.587132+0800 ERROR empty readline 1
2025-06-13T17:05:55.646369+0800 ERROR readline X:0.0000 Y:0.0000 Z:5.0000 E:-1.0000 Count X:0 Y:0 Z:10000 STA: 1083130

2025-06-13T17:05:55.647714+0800 ERROR readline 

2025-06-13T17:05:55.912080+0800 ERROR empty readline 0
2025-06-13T17:05:56.176660+0800 ERROR empty readline 1
2025-06-13T17:05:56.440328+0800 ERROR empty readline 2
2025-06-13T17:05:56.646315+0800 ERROR readline X:0.0000 Y:0.0000 Z:5.0000 E:-1.0000 Count X:0 Y:0 Z:10000 STA: 1083130

2025-06-13T17:05:56.649039+0800 ERROR readline 

2025-06-13T17:05:56.904236+0800 ERROR empty readline 0
2025-06-13T17:05:57.169546+0800 ERROR empty readline 1
2025-06-13T17:05:57.434106+0800 ERROR empty readline 2
2025-06-13T17:05:57.645667+0800 ERROR readline X:0.0000 Y:0.0000 Z:5.0000 E:-1.0000 Count X:0 Y:0 Z:10000 STA: 1083130

2025-06-13T17:05:57.647181+0800 ERROR readline 

2025-06-13T17:05:57.654242+0800 INFO M105

2025-06-13T17:05:57.656151+0800 ERROR SENT: M105

2025-06-13T17:05:57.656151+0800 ERROR write command M105

2025-06-13T17:05:57.657168+0800 ERROR second command M105

2025-06-13T17:05:57.657168+0800 ERROR finish command M105

2025-06-13T17:05:57.659167+0800 ERROR readline ok

2025-06-13T17:05:57.663480+0800 ERROR readline  T:46.8750 /0 B:48.1312 /0 @:0 B@:0 VER: 1.3.2

2025-06-13T17:05:57.920661+0800 ERROR empty readline 0
2025-06-13T17:05:58.185583+0800 ERROR empty readline 1
2025-06-13T17:05:58.452116+0800 ERROR empty readline 2
2025-06-13T17:05:58.648085+0800 ERROR readline X:0.0000 Y:0.0000 Z:5.0000 E:-1.0000 Count X:0 Y:0 Z:10000 STA: 1083130

2025-06-13T17:05:58.650363+0800 ERROR readline 

2025-06-13T17:05:58.916764+0800 ERROR empty readline 0
2025-06-13T17:05:59.182395+0800 ERROR empty readline 1
2025-06-13T17:05:59.446891+0800 ERROR empty readline 2
2025-06-13T17:05:59.646355+0800 ERROR readline X:0.0000 Y:0.0000 Z:5.0000 E:-1.0000 Count X:0 Y:0 Z:10000 STA: 1083130

2025-06-13T17:05:59.649384+0800 ERROR readline 

2025-06-13T17:05:59.916547+0800 ERROR empty readline 0
2025-06-13T17:06:00.182290+0800 ERROR empty readline 1
2025-06-13T17:06:00.446798+0800 ERROR empty readline 2
2025-06-13T17:06:00.645294+0800 ERROR readline X:0.0000 Y:0.0000 Z:5.0000 E:-1.0000 Count X:0 Y:0 Z:10000 STA: 1083130

2025-06-13T17:06:00.647827+0800 ERROR readline 

2025-06-13T17:06:00.911751+0800 ERROR empty readline 0
2025-06-13T17:06:01.174359+0800 ERROR empty readline 1
2025-06-13T17:06:01.438513+0800 ERROR empty readline 2
2025-06-13T17:06:01.642837+0800 ERROR readline X:0.0000 Y:0.0000 Z:5.0000 E:-1.0000 Count X:0 Y:0 Z:10000 STA: 1083130

2025-06-13T17:06:01.645369+0800 ERROR readline 

2025-06-13T17:06:01.906304+0800 ERROR empty readline 0
2025-06-13T17:06:02.169282+0800 ERROR empty readline 1
2025-06-13T17:06:02.436323+0800 ERROR empty readline 2
2025-06-13T17:06:02.644387+0800 ERROR readline X:0.0000 Y:0.0000 Z:5.0000 E:-1.0000 Count X:0 Y:0 Z:10000 STA: 1083130

2025-06-13T17:06:02.646452+0800 ERROR readline 

2025-06-13T17:06:02.900263+0800 ERROR empty readline 0
2025-06-13T17:06:03.163523+0800 ERROR empty readline 1
2025-06-13T17:06:03.427561+0800 ERROR empty readline 2
2025-06-13T17:06:03.644644+0800 ERROR readline X:0.0000 Y:0.0000 Z:5.0000 E:-1.0000 Count X:0 Y:0 Z:10000 STA: 1083130

2025-06-13T17:06:03.646616+0800 ERROR readline 

2025-06-13T17:06:03.907668+0800 ERROR empty readline 0
2025-06-13T17:06:04.173437+0800 ERROR empty readline 1
2025-06-13T17:06:04.436946+0800 ERROR empty readline 2
2025-06-13T17:06:04.646276+0800 ERROR readline X:0.0000 Y:0.0000 Z:5.0000 E:-1.0000 Count X:0 Y:0 Z:10000 STA: 1083130

2025-06-13T17:06:04.647809+0800 ERROR readline 

2025-06-13T17:06:04.904725+0800 ERROR empty readline 0
2025-06-13T17:06:05.169885+0800 ERROR empty readline 1
2025-06-13T17:06:05.433045+0800 ERROR empty readline 2
2025-06-13T17:06:05.645151+0800 ERROR readline X:0.0000 Y:0.0000 Z:5.0000 E:-1.0000 Count X:0 Y:0 Z:10000 STA: 1083130

2025-06-13T17:06:05.648063+0800 ERROR readline 

2025-06-13T17:06:05.912153+0800 ERROR empty readline 0
2025-06-13T17:06:06.166692+0800 ERROR empty readline 1
2025-06-13T17:06:06.429682+0800 ERROR empty readline 2
2025-06-13T17:06:06.647396+0800 ERROR readline X:0.0000 Y:0.0000 Z:5.0000 E:-1.0000 Count X:0 Y:0 Z:10000 STA: 1083130

2025-06-13T17:06:06.650689+0800 ERROR readline 

2025-06-13T17:06:06.915302+0800 ERROR empty readline 0
2025-06-13T17:06:07.103401+0800 INFO M105

2025-06-13T17:06:07.104399+0800 ERROR SENT: M105

2025-06-13T17:06:07.105594+0800 ERROR write command M105

2025-06-13T17:06:07.106592+0800 ERROR second command M105

2025-06-13T17:06:07.107102+0800 ERROR finish command M105

2025-06-13T17:06:07.108114+0800 ERROR readline ok

2025-06-13T17:06:07.111648+0800 ERROR readline  T:46.4286 /0 B:48.0000 /0 @:0 B@:0 VER: 1.3.2

2025-06-13T17:06:07.371266+0800 ERROR empty readline 0
2025-06-13T17:06:07.636432+0800 ERROR empty readline 1
2025-06-13T17:06:07.648436+0800 ERROR readline X:0.0000 Y:0.0000 Z:5.0000 E:-1.0000 Count X:0 Y:0 Z:10000 STA: 1083130

2025-06-13T17:06:07.651407+0800 ERROR readline 

2025-06-13T17:06:07.915486+0800 ERROR empty readline 0
2025-06-13T17:06:08.179520+0800 ERROR empty readline 1
2025-06-13T17:06:08.445124+0800 ERROR empty readline 2
2025-06-13T17:06:08.644228+0800 ERROR readline X:0.0000 Y:0.0000 Z:5.0000 E:-1.0000 Count X:0 Y:0 Z:10000 STA: 1083130

2025-06-13T17:06:08.647775+0800 ERROR readline 

2025-06-13T17:06:08.907734+0800 ERROR empty readline 0
2025-06-13T17:06:09.172823+0800 ERROR empty readline 1
2025-06-13T17:06:09.436765+0800 ERROR empty readline 2
2025-06-13T17:06:09.642363+0800 ERROR readline X:0.0000 Y:0.0000 Z:5.0000 E:-1.0000 Count X:0 Y:0 Z:10000 STA: 1083130

2025-06-13T17:06:09.643358+0800 ERROR readline 

2025-06-13T17:06:09.906333+0800 ERROR empty readline 0
2025-06-13T17:06:10.167943+0800 ERROR empty readline 1
2025-06-13T17:06:10.431691+0800 ERROR empty readline 2
2025-06-13T17:06:10.645167+0800 ERROR readline X:0.0000 Y:0.0000 Z:5.0000 E:-1.0000 Count X:0 Y:0 Z:10000 STA: 1083130

2025-06-13T17:06:10.646681+0800 ERROR readline 

2025-06-13T17:06:10.913451+0800 ERROR empty readline 0
2025-06-13T17:06:11.179407+0800 ERROR empty readline 1
2025-06-13T17:06:11.441036+0800 ERROR empty readline 2
2025-06-13T17:06:11.642798+0800 ERROR readline X:0.0000 Y:0.0000 Z:5.0000 E:-1.0000 Count X:0 Y:0 Z:10000 STA: 1083130

2025-06-13T17:06:11.645325+0800 ERROR readline 

2025-06-13T17:06:11.909330+0800 ERROR empty readline 0
2025-06-13T17:06:12.173462+0800 ERROR empty readline 1
2025-06-13T17:06:12.436024+0800 ERROR empty readline 2
2025-06-13T17:06:12.642017+0800 ERROR readline X:0.0000 Y:0.0000 Z:5.0000 E:-1.0000 Count X:0 Y:0 Z:10000 STA: 1083130

2025-06-13T17:06:12.643019+0800 ERROR readline 

2025-06-13T17:06:12.900611+0800 ERROR empty readline 0
2025-06-13T17:06:13.165016+0800 ERROR empty readline 1
2025-06-13T17:06:13.429652+0800 ERROR empty readline 2
2025-06-13T17:06:13.644912+0800 ERROR readline X:0.0000 Y:0.0000 Z:5.0000 E:-1.0000 Count X:0 Y:0 Z:10000 STA: 1083130

2025-06-13T17:06:13.646421+0800 ERROR readline 

2025-06-13T17:06:13.908276+0800 ERROR empty readline 0
2025-06-13T17:06:14.161831+0800 ERROR empty readline 1
2025-06-13T17:06:14.426894+0800 ERROR empty readline 2
2025-06-13T17:06:14.646024+0800 ERROR readline X:0.0000 Y:0.0000 Z:5.0000 E:-1.0000 Count X:0 Y:0 Z:10000 STA: 1083130

2025-06-13T17:06:14.648038+0800 ERROR readline 

2025-06-13T17:06:14.908071+0800 ERROR empty readline 0
2025-06-13T17:06:15.171570+0800 ERROR empty readline 1
2025-06-13T17:06:15.434494+0800 ERROR empty readline 2
2025-06-13T17:06:15.644455+0800 ERROR readline X:0.0000 Y:0.0000 Z:5.0000 E:-1.0000 Count X:0 Y:0 Z:10000 STA: 1083130

2025-06-13T17:06:15.646483+0800 ERROR readline 

2025-06-13T17:06:15.899311+0800 ERROR empty readline 0
2025-06-13T17:06:16.161855+0800 ERROR empty readline 1
2025-06-13T17:06:16.423184+0800 ERROR empty readline 2
2025-06-13T17:06:16.578282+0800 INFO M105

2025-06-13T17:06:16.579276+0800 ERROR SENT: M105

2025-06-13T17:06:16.580786+0800 ERROR write command M105

2025-06-13T17:06:16.581790+0800 ERROR second command M105

2025-06-13T17:06:16.582792+0800 ERROR finish command M105

2025-06-13T17:06:16.582792+0800 ERROR readline ok

2025-06-13T17:06:16.588960+0800 ERROR readline  T:46.6518 /0 B:48.0938 /0 @:0 B@:0 VER: 1.3.2

2025-06-13T17:06:16.644362+0800 ERROR readline X:0.0000 Y:0.0000 Z:5.0000 E:-1.0000 Count X:0 Y:0 Z:10000 STA: 1083130

2025-06-13T17:06:16.645382+0800 ERROR readline 

2025-06-13T17:06:16.904858+0800 ERROR empty readline 0
2025-06-13T17:06:17.167901+0800 ERROR empty readline 1
2025-06-13T17:06:17.432638+0800 ERROR empty readline 2
2025-06-13T17:06:17.642957+0800 ERROR readline X:0.0000 Y:0.0000 Z:5.0000 E:-1.0000 Count X:0 Y:0 Z:10000 STA: 1083130

2025-06-13T17:06:17.645499+0800 ERROR readline 

2025-06-13T17:06:17.899250+0800 ERROR empty readline 0
2025-06-13T17:06:18.163451+0800 ERROR empty readline 1
2025-06-13T17:06:18.427448+0800 ERROR empty readline 2
2025-06-13T17:06:18.642012+0800 ERROR readline X:0.0000 Y:0.0000 Z:5.0000 E:-1.0000 Count X:0 Y:0 Z:10000 STA: 1083130

2025-06-13T17:06:18.646112+0800 ERROR readline 

2025-06-13T17:06:18.900080+0800 ERROR empty readline 0
2025-06-13T17:06:19.164802+0800 ERROR empty readline 1
2025-06-13T17:06:19.428300+0800 ERROR empty readline 2
2025-06-13T17:06:19.642607+0800 ERROR readline X:0.0000 Y:0.0000 Z:5.0000 E:-1.0000 Count X:0 Y:0 Z:10000 STA: 1083130

2025-06-13T17:06:19.645130+0800 ERROR readline 

2025-06-13T17:06:19.911699+0800 ERROR empty readline 0
2025-06-13T17:06:20.175120+0800 ERROR empty readline 1
2025-06-13T17:06:20.437936+0800 ERROR empty readline 2
2025-06-13T17:06:20.642441+0800 ERROR readline X:0.0000 Y:0.0000 Z:5.0000 E:-1.0000 Count X:0 Y:0 Z:10000 STA: 1083130

2025-06-13T17:06:20.644486+0800 ERROR readline 

2025-06-13T17:06:20.905324+0800 ERROR empty readline 0
2025-06-13T17:06:21.170389+0800 ERROR empty readline 1
2025-06-13T17:06:21.431656+0800 ERROR empty readline 2
2025-06-13T17:06:21.644230+0800 ERROR readline X:0.0000 Y:0.0000 Z:5.0000 E:-1.0000 Count X:0 Y:0 Z:10000 STA: 1083130

2025-06-13T17:06:21.645758+0800 ERROR readline 

2025-06-13T17:06:21.901447+0800 ERROR empty readline 0
2025-06-13T17:06:22.162670+0800 ERROR empty readline 1
2025-06-13T17:06:22.425848+0800 ERROR empty readline 2
2025-06-13T17:06:22.644388+0800 ERROR readline X:0.0000 Y:0.0000 Z:5.0000 E:-1.0000 Count X:0 Y:0 Z:10000 STA: 1083130

2025-06-13T17:06:22.645917+0800 ERROR readline 

2025-06-13T17:06:22.907996+0800 ERROR empty readline 0
2025-06-13T17:06:23.160241+0800 ERROR empty readline 1
2025-06-13T17:06:23.422611+0800 ERROR empty readline 2
2025-06-13T17:06:23.640851+0800 ERROR readline X:0.0000 Y:0.0000 Z:5.0000 E:-1.0000 Count X:0 Y:0 Z:10000 STA: 1083130

2025-06-13T17:06:23.642853+0800 ERROR readline 

2025-06-13T17:06:23.897662+0800 ERROR empty readline 0
2025-06-13T17:06:24.162587+0800 ERROR empty readline 1
2025-06-13T17:06:24.427564+0800 ERROR empty readline 2
2025-06-13T17:06:24.642700+0800 ERROR readline X:0.0000 Y:0.0000 Z:5.0000 E:-1.0000 Count X:0 Y:0 Z:10000 STA: 1083130

2025-06-13T17:06:24.644233+0800 ERROR readline 

2025-06-13T17:06:24.908214+0800 ERROR empty readline 0
2025-06-13T17:06:25.175192+0800 ERROR empty readline 1
2025-06-13T17:06:25.438092+0800 ERROR empty readline 2
2025-06-13T17:06:25.641694+0800 ERROR readline X:0.0000 Y:0.0000 Z:5.0000 E:-1.0000 Count X:0 Y:0 Z:10000 STA: 1083130

2025-06-13T17:06:25.642717+0800 ERROR readline 

2025-06-13T17:06:25.904195+0800 ERROR empty readline 0
2025-06-13T17:06:26.006607+0800 INFO M105

2025-06-13T17:06:26.007621+0800 ERROR SENT: M105

2025-06-13T17:06:26.009140+0800 ERROR write command M105

2025-06-13T17:06:26.010676+0800 ERROR second command M105

2025-06-13T17:06:26.010676+0800 ERROR finish command M105

2025-06-13T17:06:26.054053+0800 ERROR readline ok

2025-06-13T17:06:26.056577+0800 ERROR readline  T:46.5402 /0 B:47.9250 /0 @:0 B@:0 VER: 1.3.2

2025-06-13T17:06:26.320155+0800 ERROR empty readline 0
2025-06-13T17:06:26.582771+0800 ERROR empty readline 1
2025-06-13T17:06:26.641546+0800 ERROR readline X:0.0000 Y:0.0000 Z:5.0000 E:-1.0000 Count X:0 Y:0 Z:10000 STA: 1083130

2025-06-13T17:06:26.643772+0800 ERROR readline 

2025-06-13T17:06:26.906600+0800 ERROR empty readline 0
2025-06-13T17:06:27.170303+0800 ERROR empty readline 1
2025-06-13T17:06:27.433451+0800 ERROR empty readline 2
2025-06-13T17:06:27.639327+0800 ERROR readline X:0.0000 Y:0.0000 Z:5.0000 E:-1.0000 Count X:0 Y:0 Z:10000 STA: 1083130

2025-06-13T17:06:27.641625+0800 ERROR readline 

2025-06-13T17:06:27.902055+0800 ERROR empty readline 0
2025-06-13T17:06:28.167009+0800 ERROR empty readline 1
2025-06-13T17:06:28.430170+0800 ERROR empty readline 2
2025-06-13T17:06:28.640632+0800 ERROR readline X:0.0000 Y:0.0000 Z:5.0000 E:-1.0000 Count X:0 Y:0 Z:10000 STA: 1083130

2025-06-13T17:06:28.642742+0800 ERROR readline 

2025-06-13T17:06:28.896443+0800 ERROR empty readline 0
2025-06-13T17:06:29.162267+0800 ERROR empty readline 1
2025-06-13T17:06:29.427535+0800 ERROR empty readline 2
2025-06-13T17:06:29.641145+0800 ERROR readline X:0.0000 Y:0.0000 Z:5.0000 E:-1.0000 Count X:0 Y:0 Z:10000 STA: 1083130

2025-06-13T17:06:29.644116+0800 ERROR readline 

2025-06-13T17:06:29.909257+0800 ERROR empty readline 0
2025-06-13T17:06:30.172299+0800 ERROR empty readline 1
2025-06-13T17:06:30.435377+0800 ERROR empty readline 2
2025-06-13T17:06:30.639243+0800 ERROR readline X:0.0000 Y:0.0000 Z:5.0000 E:-1.0000 Count X:0 Y:0 Z:10000 STA: 1083130

2025-06-13T17:06:30.642831+0800 ERROR readline 

2025-06-13T17:06:30.901050+0800 ERROR empty readline 0
2025-06-13T17:06:31.161352+0800 ERROR empty readline 1
2025-06-13T17:06:31.426416+0800 ERROR empty readline 2
2025-06-13T17:06:31.640328+0800 ERROR readline X:0.0000 Y:0.0000 Z:5.0000 E:-1.0000 Count X:0 Y:0 Z:10000 STA: 1083130

2025-06-13T17:06:31.642371+0800 ERROR readline 

2025-06-13T17:06:31.906380+0800 ERROR empty readline 0
2025-06-13T17:06:32.169456+0800 ERROR empty readline 1
2025-06-13T17:06:32.434463+0800 ERROR empty readline 2
2025-06-13T17:06:32.641330+0800 ERROR readline X:0.0000 Y:0.0000 Z:5.0000 E:-1.0000 Count X:0 Y:0 Z:10000 STA: 1083130

2025-06-13T17:06:32.642342+0800 ERROR readline 

2025-06-13T17:06:32.901470+0800 ERROR empty readline 0
2025-06-13T17:06:33.167347+0800 ERROR empty readline 1
2025-06-13T17:06:33.432935+0800 ERROR empty readline 2
2025-06-13T17:06:33.640479+0800 ERROR readline X:0.0000 Y:0.0000 Z:5.0000 E:-1.0000 Count X:0 Y:0 Z:10000 STA: 1083130

2025-06-13T17:06:33.642556+0800 ERROR readline 

2025-06-13T17:06:33.901442+0800 ERROR empty readline 0
2025-06-13T17:06:34.165160+0800 ERROR empty readline 1
2025-06-13T17:06:34.428301+0800 ERROR empty readline 2
2025-06-13T17:06:34.640269+0800 ERROR readline X:0.0000 Y:0.0000 Z:5.0000 E:-1.0000 Count X:0 Y:0 Z:10000 STA: 1083130

2025-06-13T17:06:34.640781+0800 ERROR readline 

2025-06-13T17:06:34.907748+0800 ERROR empty readline 0
2025-06-13T17:06:35.170391+0800 ERROR empty readline 1
2025-06-13T17:06:35.436290+0800 ERROR empty readline 2
2025-06-13T17:06:35.452304+0800 INFO M105

2025-06-13T17:06:35.454817+0800 ERROR SENT: M105

2025-06-13T17:06:35.456330+0800 ERROR write command M105

2025-06-13T17:06:35.456330+0800 ERROR second command M105

2025-06-13T17:06:35.457349+0800 ERROR finish command M105

2025-06-13T17:06:35.465405+0800 ERROR readline ok

2025-06-13T17:06:35.467926+0800 ERROR readline  T:45.4241 /0 B:47.9437 /0 @:0 B@:0 VER: 1.3.2

2025-06-13T17:06:35.638644+0800 ERROR readline X:0.0000 Y:0.0000 Z:5.0000 E:-1.0000 Count X:0 Y:0 Z:10000 STA: 1083130

2025-06-13T17:06:35.641416+0800 ERROR readline 

2025-06-13T17:06:35.897893+0800 ERROR empty readline 0
2025-06-13T17:06:36.164134+0800 ERROR empty readline 1
2025-06-13T17:06:36.427053+0800 ERROR empty readline 2
2025-06-13T17:06:36.640116+0800 ERROR readline X:0.0000 Y:0.0000 Z:5.0000 E:-1.0000 Count X:0 Y:0 Z:10000 STA: 1083130

2025-06-13T17:06:36.642623+0800 ERROR readline 

2025-06-13T17:06:36.905512+0800 ERROR empty readline 0
2025-06-13T17:06:37.167147+0800 ERROR empty readline 1
2025-06-13T17:06:37.426827+0800 ERROR empty readline 2
2025-06-13T17:06:37.640589+0800 ERROR readline X:0.0000 Y:0.0000 Z:5.0000 E:-1.0000 Count X:0 Y:0 Z:10000 STA: 1083130

2025-06-13T17:06:37.641597+0800 ERROR readline 

2025-06-13T17:06:37.907330+0800 ERROR empty readline 0
2025-06-13T17:06:38.169550+0800 ERROR empty readline 1
2025-06-13T17:06:38.435123+0800 ERROR empty readline 2
2025-06-13T17:06:38.639152+0800 ERROR readline X:0.0000 Y:0.0000 Z:5.0000 E:-1.0000 Count X:0 Y:0 Z:10000 STA: 1083130

2025-06-13T17:06:38.640676+0800 ERROR readline 

2025-06-13T17:06:38.901143+0800 ERROR empty readline 0
2025-06-13T17:06:39.166703+0800 ERROR empty readline 1
2025-06-13T17:06:39.430909+0800 ERROR empty readline 2
2025-06-13T17:06:39.640626+0800 ERROR readline X:0.0000 Y:0.0000 Z:5.0000 E:-1.0000 Count X:0 Y:0 Z:10000 STA: 1083130

2025-06-13T17:06:39.642633+0800 ERROR readline 

2025-06-13T17:06:39.894309+0800 ERROR empty readline 0
2025-06-13T17:06:40.159121+0800 ERROR empty readline 1
2025-06-13T17:06:40.410310+0800 ERROR empty readline 2
2025-06-13T17:06:40.639703+0800 ERROR readline X:0.0000 Y:0.0000 Z:5.0000 E:-1.0000 Count X:0 Y:0 Z:10000 STA: 1083130

2025-06-13T17:06:40.642737+0800 ERROR readline 

2025-06-13T17:06:40.894674+0800 ERROR empty readline 0
2025-06-13T17:06:41.156883+0800 ERROR empty readline 1
2025-06-13T17:06:41.420161+0800 ERROR empty readline 2
2025-06-13T17:06:41.638188+0800 ERROR readline X:0.0000 Y:0.0000 Z:5.0000 E:-1.0000 Count X:0 Y:0 Z:10000 STA: 1083130

2025-06-13T17:06:41.639700+0800 ERROR readline 

2025-06-13T17:06:41.897050+0800 ERROR empty readline 0
2025-06-13T17:06:42.158129+0800 ERROR empty readline 1
2025-06-13T17:06:42.422048+0800 ERROR empty readline 2
2025-06-13T17:06:42.639127+0800 ERROR readline X:0.0000 Y:0.0000 Z:5.0000 E:-1.0000 Count X:0 Y:0 Z:10000 STA: 1083130

2025-06-13T17:06:42.642682+0800 ERROR readline 

2025-06-13T17:06:42.905501+0800 ERROR empty readline 0
2025-06-13T17:06:43.168113+0800 ERROR empty readline 1
2025-06-13T17:06:43.429136+0800 ERROR empty readline 2
2025-06-13T17:06:43.637592+0800 ERROR readline X:0.0000 Y:0.0000 Z:5.0000 E:-1.0000 Count X:0 Y:0 Z:10000 STA: 1083130

2025-06-13T17:06:43.640113+0800 ERROR readline 

2025-06-13T17:06:43.897022+0800 ERROR empty readline 0
2025-06-13T17:06:44.159120+0800 ERROR empty readline 1
2025-06-13T17:06:44.425279+0800 ERROR empty readline 2
2025-06-13T17:06:44.638307+0800 ERROR readline X:0.0000 Y:0.0000 Z:5.0000 E:-1.0000 Count X:0 Y:0 Z:10000 STA: 1083130

2025-06-13T17:06:44.641709+0800 ERROR readline 

2025-06-13T17:06:44.892298+0800 ERROR empty readline 0
2025-06-13T17:06:44.893301+0800 INFO M105

2025-06-13T17:06:44.894813+0800 ERROR SENT: M105

2025-06-13T17:06:44.894813+0800 ERROR write command M105

2025-06-13T17:06:44.896322+0800 ERROR second command M105

2025-06-13T17:06:44.897334+0800 ERROR finish command M105

2025-06-13T17:06:44.898336+0800 ERROR readline ok

2025-06-13T17:06:44.902867+0800 ERROR readline  T:45.5357 /0 B:47.9250 /0 @:0 B@:0 VER: 1.3.2

2025-06-13T17:06:45.157578+0800 ERROR empty readline 0
2025-06-13T17:06:45.408224+0800 ERROR empty readline 1
2025-06-13T17:06:45.640573+0800 ERROR readline X:0.0000 Y:0.0000 Z:5.0000 E:-1.0000 Count X:0 Y:0 Z:10000 STA: 1083130

2025-06-13T17:06:45.642603+0800 ERROR readline 

2025-06-13T17:06:45.902392+0800 ERROR empty readline 0
2025-06-13T17:06:46.166864+0800 ERROR empty readline 1
2025-06-13T17:06:46.430108+0800 ERROR empty readline 2
2025-06-13T17:06:46.639576+0800 ERROR readline X:0.0000 Y:0.0000 Z:5.0000 E:-1.0000 Count X:0 Y:0 Z:10000 STA: 1083130

2025-06-13T17:06:46.642108+0800 ERROR readline 

2025-06-13T17:06:46.896741+0800 ERROR empty readline 0
2025-06-13T17:06:47.160941+0800 ERROR empty readline 1
2025-06-13T17:06:47.424864+0800 ERROR empty readline 2
2025-06-13T17:06:47.639217+0800 ERROR readline X:0.0000 Y:0.0000 Z:5.0000 E:-1.0000 Count X:0 Y:0 Z:10000 STA: 1083130

2025-06-13T17:06:47.640233+0800 ERROR readline 

2025-06-13T17:06:47.906344+0800 ERROR empty readline 0
2025-06-13T17:06:48.171484+0800 ERROR empty readline 1
2025-06-13T17:06:48.434267+0800 ERROR empty readline 2
2025-06-13T17:06:48.639337+0800 ERROR readline X:0.0000 Y:0.0000 Z:5.0000 E:-1.0000 Count X:0 Y:0 Z:10000 STA: 1083130

2025-06-13T17:06:48.641956+0800 ERROR readline 

2025-06-13T17:06:48.905205+0800 ERROR empty readline 0
2025-06-13T17:06:49.168236+0800 ERROR empty readline 1
2025-06-13T17:06:49.433192+0800 ERROR empty readline 2
2025-06-13T17:06:49.637923+0800 ERROR readline X:0.0000 Y:0.0000 Z:5.0000 E:-1.0000 Count X:0 Y:0 Z:10000 STA: 1083130

2025-06-13T17:06:49.637923+0800 ERROR readline 

2025-06-13T17:06:49.898956+0800 ERROR empty readline 0
2025-06-13T17:06:50.162415+0800 ERROR empty readline 1
2025-06-13T17:06:50.426494+0800 ERROR empty readline 2
2025-06-13T17:06:50.639039+0800 ERROR readline X:0.0000 Y:0.0000 Z:5.0000 E:-1.0000 Count X:0 Y:0 Z:10000 STA: 1083130

2025-06-13T17:06:50.641595+0800 ERROR readline 

2025-06-13T17:06:50.907061+0800 ERROR empty readline 0
2025-06-13T17:06:51.171219+0800 ERROR empty readline 1
2025-06-13T17:06:51.436501+0800 ERROR empty readline 2
2025-06-13T17:06:51.639109+0800 ERROR readline X:0.0000 Y:0.0000 Z:5.0000 E:-1.0000 Count X:0 Y:0 Z:10000 STA: 1083130

2025-06-13T17:06:51.641350+0800 ERROR readline 

2025-06-13T17:06:51.903430+0800 ERROR empty readline 0
2025-06-13T17:06:52.167462+0800 ERROR empty readline 1
2025-06-13T17:06:52.430557+0800 ERROR empty readline 2
2025-06-13T17:06:52.636943+0800 ERROR readline X:0.0000 Y:0.0000 Z:5.0000 E:-1.0000 Count X:0 Y:0 Z:10000 STA: 1083130

2025-06-13T17:06:52.639094+0800 ERROR readline 

2025-06-13T17:06:52.900401+0800 ERROR empty readline 0
2025-06-13T17:06:53.165480+0800 ERROR empty readline 1
2025-06-13T17:06:53.428056+0800 ERROR empty readline 2
2025-06-13T17:06:53.637942+0800 ERROR readline X:0.0000 Y:0.0000 Z:5.0000 E:-1.0000 Count X:0 Y:0 Z:10000 STA: 1083130

2025-06-13T17:06:53.640464+0800 ERROR readline 

2025-06-13T17:06:53.896123+0800 ERROR empty readline 0
2025-06-13T17:06:54.161983+0800 ERROR empty readline 1
2025-06-13T17:06:54.316748+0800 INFO M105

2025-06-13T17:06:54.318705+0800 ERROR SENT: M105

2025-06-13T17:06:54.319220+0800 ERROR write command M105

2025-06-13T17:06:54.320504+0800 ERROR second command M105

2025-06-13T17:06:54.321526+0800 ERROR readline ok

2025-06-13T17:06:54.321526+0800 ERROR finish command M105

2025-06-13T17:06:54.327977+0800 ERROR readline  T:46.2054 /0 B:47.7000 /0 @:0 B@:0 VER: 1.3.2

2025-06-13T17:06:54.582317+0800 ERROR empty readline 0
2025-06-13T17:06:54.637543+0800 ERROR readline X:0.0000 Y:0.0000 Z:5.0000 E:-1.0000 Count X:0 Y:0 Z:10000 STA: 1083130

2025-06-13T17:06:54.639084+0800 ERROR readline 

2025-06-13T17:06:54.894178+0800 ERROR empty readline 0
2025-06-13T17:06:55.157696+0800 ERROR empty readline 1
2025-06-13T17:06:55.422411+0800 ERROR empty readline 2
2025-06-13T17:06:55.638165+0800 ERROR readline X:0.0000 Y:0.0000 Z:5.0000 E:-1.0000 Count X:0 Y:0 Z:10000 STA: 1083130

2025-06-13T17:06:55.640545+0800 ERROR readline 

2025-06-13T17:06:55.904544+0800 ERROR empty readline 0
2025-06-13T17:06:56.165553+0800 ERROR empty readline 1
2025-06-13T17:06:56.419466+0800 ERROR empty readline 2
2025-06-13T17:06:56.639229+0800 ERROR readline X:0.0000 Y:0.0000 Z:5.0000 E:-1.0000 Count X:0 Y:0 Z:10000 STA: 1083130

2025-06-13T17:06:56.641767+0800 ERROR readline 

2025-06-13T17:06:56.903930+0800 ERROR empty readline 0
2025-06-13T17:06:57.166550+0800 ERROR empty readline 1
2025-06-13T17:06:57.419163+0800 ERROR empty readline 2
2025-06-13T17:06:57.637736+0800 ERROR readline X:0.0000 Y:0.0000 Z:5.0000 E:-1.0000 Count X:0 Y:0 Z:10000 STA: 1083130

2025-06-13T17:06:57.639248+0800 ERROR readline 

2025-06-13T17:06:57.900676+0800 ERROR empty readline 0
2025-06-13T17:06:58.165965+0800 ERROR empty readline 1
2025-06-13T17:06:58.429338+0800 ERROR empty readline 2
2025-06-13T17:06:58.638202+0800 ERROR readline X:0.0000 Y:0.0000 Z:5.0000 E:-1.0000 Count X:0 Y:0 Z:10000 STA: 1083130

2025-06-13T17:06:58.641879+0800 ERROR readline 

2025-06-13T17:06:58.894604+0800 ERROR empty readline 0
2025-06-13T17:06:59.160327+0800 ERROR empty readline 1
2025-06-13T17:06:59.411921+0800 ERROR empty readline 2
2025-06-13T17:06:59.636749+0800 ERROR readline X:0.0000 Y:0.0000 Z:5.0000 E:-1.0000 Count X:0 Y:0 Z:10000 STA: 1083130

2025-06-13T17:06:59.637755+0800 ERROR readline 

2025-06-13T17:06:59.894276+0800 ERROR empty readline 0
2025-06-13T17:07:00.159227+0800 ERROR empty readline 1
2025-06-13T17:07:00.420165+0800 ERROR empty readline 2
2025-06-13T17:07:00.637877+0800 ERROR readline X:0.0000 Y:0.0000 Z:5.0000 E:-1.0000 Count X:0 Y:0 Z:10000 STA: 1083130

2025-06-13T17:07:00.640219+0800 ERROR readline 

2025-06-13T17:07:00.904134+0800 ERROR empty readline 0
2025-06-13T17:07:01.166187+0800 ERROR empty readline 1
2025-06-13T17:07:01.430412+0800 ERROR empty readline 2
2025-06-13T17:07:01.637790+0800 ERROR readline X:0.0000 Y:0.0000 Z:5.0000 E:-1.0000 Count X:0 Y:0 Z:10000 STA: 1083130

2025-06-13T17:07:01.640318+0800 ERROR readline 

2025-06-13T17:07:01.908296+0800 ERROR empty readline 0
2025-06-13T17:07:02.171235+0800 ERROR empty readline 1
2025-06-13T17:07:02.436315+0800 ERROR empty readline 2
2025-06-13T17:07:02.637926+0800 ERROR readline X:0.0000 Y:0.0000 Z:5.0000 E:-1.0000 Count X:0 Y:0 Z:10000 STA: 1083130

2025-06-13T17:07:02.640470+0800 ERROR readline 

2025-06-13T17:07:02.906441+0800 ERROR empty readline 0
2025-06-13T17:07:03.169492+0800 ERROR empty readline 1
2025-06-13T17:07:03.434549+0800 ERROR empty readline 2
2025-06-13T17:07:03.637101+0800 ERROR readline X:0.0000 Y:0.0000 Z:5.0000 E:-1.0000 Count X:0 Y:0 Z:10000 STA: 1083130

2025-06-13T17:07:03.639107+0800 ERROR readline 

2025-06-13T17:07:03.762302+0800 INFO M105

2025-06-13T17:07:03.763449+0800 ERROR SENT: M105

2025-06-13T17:07:03.765119+0800 ERROR write command M105

2025-06-13T17:07:03.766135+0800 ERROR second command M105

2025-06-13T17:07:03.767158+0800 ERROR finish command M105

2025-06-13T17:07:03.768171+0800 ERROR readline ok

2025-06-13T17:07:03.771668+0800 ERROR readline  T:45.0893 /0 B:47.5687 /0 @:0 B@:0 VER: 1.3.2

2025-06-13T17:07:04.027926+0800 ERROR empty readline 0
2025-06-13T17:07:04.290582+0800 ERROR empty readline 1
2025-06-13T17:07:04.552711+0800 ERROR empty readline 2
2025-06-13T17:07:04.637833+0800 ERROR readline X:0.0000 Y:0.0000 Z:5.0000 E:-1.0000 Count X:0 Y:0 Z:10000 STA: 1083130

2025-06-13T17:07:04.640855+0800 ERROR readline 

2025-06-13T17:07:04.897664+0800 ERROR empty readline 0
2025-06-13T17:07:05.162530+0800 ERROR empty readline 1
2025-06-13T17:07:05.426516+0800 ERROR empty readline 2
2025-06-13T17:07:05.636648+0800 ERROR readline X:0.0000 Y:0.0000 Z:5.0000 E:-1.0000 Count X:0 Y:0 Z:10000 STA: 1083130

2025-06-13T17:07:05.637658+0800 ERROR readline 

2025-06-13T17:07:05.894098+0800 ERROR empty readline 0
2025-06-13T17:07:06.145263+0800 ERROR empty readline 1
2025-06-13T17:07:06.411242+0800 ERROR empty readline 2
2025-06-13T17:07:06.636181+0800 ERROR readline X:0.0000 Y:0.0000 Z:5.0000 E:-1.0000 Count X:0 Y:0 Z:10000 STA: 1083130

2025-06-13T17:07:06.638199+0800 ERROR readline 

2025-06-13T17:07:06.893145+0800 ERROR empty readline 0
2025-06-13T17:07:07.146867+0800 ERROR empty readline 1
2025-06-13T17:07:07.409467+0800 ERROR empty readline 2
2025-06-13T17:07:07.637624+0800 ERROR readline X:0.0000 Y:0.0000 Z:5.0000 E:-1.0000 Count X:0 Y:0 Z:10000 STA: 1083130

2025-06-13T17:07:07.639426+0800 ERROR readline 

2025-06-13T17:07:07.891036+0800 ERROR empty readline 0
2025-06-13T17:07:08.154548+0800 ERROR empty readline 1
2025-06-13T17:07:08.419854+0800 ERROR empty readline 2
2025-06-13T17:07:08.636641+0800 ERROR readline X:0.0000 Y:0.0000 Z:5.0000 E:-1.0000 Count X:0 Y:0 Z:10000 STA: 1083130

2025-06-13T17:07:08.639661+0800 ERROR readline 

2025-06-13T17:07:08.903628+0800 ERROR empty readline 0
2025-06-13T17:07:09.169188+0800 ERROR empty readline 1
2025-06-13T17:07:09.435970+0800 ERROR empty readline 2
2025-06-13T17:07:09.638449+0800 ERROR readline X:0.0000 Y:0.0000 Z:5.0000 E:-1.0000 Count X:0 Y:0 Z:10000 STA: 1083130

2025-06-13T17:07:09.639465+0800 ERROR readline 

2025-06-13T17:07:09.900317+0800 ERROR empty readline 0
2025-06-13T17:07:10.151328+0800 ERROR empty readline 1
2025-06-13T17:07:10.413426+0800 ERROR empty readline 2
2025-06-13T17:07:10.638285+0800 ERROR readline X:0.0000 Y:0.0000 Z:5.0000 E:-1.0000 Count X:0 Y:0 Z:10000 STA: 1083130

2025-06-13T17:07:10.639294+0800 ERROR readline 

2025-06-13T17:07:10.897794+0800 ERROR empty readline 0
2025-06-13T17:07:11.161569+0800 ERROR empty readline 1
2025-06-13T17:07:11.426500+0800 ERROR empty readline 2
2025-06-13T17:07:11.635306+0800 ERROR readline X:0.0000 Y:0.0000 Z:5.0000 E:-1.0000 Count X:0 Y:0 Z:10000 STA: 1083130

2025-06-13T17:07:11.636303+0800 ERROR readline 

2025-06-13T17:07:11.892032+0800 ERROR empty readline 0
2025-06-13T17:07:12.157073+0800 ERROR empty readline 1
2025-06-13T17:07:12.422602+0800 ERROR empty readline 2
2025-06-13T17:07:12.634372+0800 ERROR readline X:0.0000 Y:0.0000 Z:5.0000 E:-1.0000 Count X:0 Y:0 Z:10000 STA: 1083130

2025-06-13T17:07:12.636377+0800 ERROR readline 

2025-06-13T17:07:12.890997+0800 ERROR empty readline 0
2025-06-13T17:07:13.156948+0800 ERROR empty readline 1
2025-06-13T17:07:13.218574+0800 INFO M105

2025-06-13T17:07:13.219560+0800 ERROR SENT: M105

2025-06-13T17:07:13.220638+0800 ERROR write command M105

2025-06-13T17:07:13.221863+0800 ERROR second command M105

2025-06-13T17:07:13.221863+0800 ERROR finish command M105

2025-06-13T17:07:13.222662+0800 ERROR readline ok

2025-06-13T17:07:13.228314+0800 ERROR readline  T:44.7545 /0 B:47.4750 /0 @:0 B@:0 VER: 1.3.2

2025-06-13T17:07:13.485679+0800 ERROR empty readline 0
2025-06-13T17:07:13.635443+0800 ERROR readline X:0.0000 Y:0.0000 Z:5.0000 E:-1.0000 Count X:0 Y:0 Z:10000 STA: 1083130

2025-06-13T17:07:13.638975+0800 ERROR readline 

2025-06-13T17:07:13.906530+0800 ERROR empty readline 0
2025-06-13T17:07:14.170519+0800 ERROR empty readline 1
2025-06-13T17:07:14.435154+0800 ERROR empty readline 2
2025-06-13T17:07:14.635969+0800 ERROR readline X:0.0000 Y:0.0000 Z:5.0000 E:-1.0000 Count X:0 Y:0 Z:10000 STA: 1083130

2025-06-13T17:07:14.636481+0800 ERROR readline 

2025-06-13T17:07:14.899825+0800 ERROR empty readline 0
2025-06-13T17:07:15.164698+0800 ERROR empty readline 1
2025-06-13T17:07:15.429252+0800 ERROR empty readline 2
2025-06-13T17:07:15.634120+0800 ERROR readline X:0.0000 Y:0.0000 Z:5.0000 E:-1.0000 Count X:0 Y:0 Z:10000 STA: 1083130

2025-06-13T17:07:15.637285+0800 ERROR readline 

2025-06-13T17:07:15.894295+0800 ERROR empty readline 0
2025-06-13T17:07:16.159716+0800 ERROR empty readline 1
2025-06-13T17:07:16.424301+0800 ERROR empty readline 2
2025-06-13T17:07:16.634569+0800 ERROR readline X:0.0000 Y:0.0000 Z:5.0000 E:-1.0000 Count X:0 Y:0 Z:10000 STA: 1083130

2025-06-13T17:07:16.636577+0800 ERROR readline 

2025-06-13T17:07:16.892248+0800 ERROR empty readline 0
2025-06-13T17:07:17.154101+0800 ERROR empty readline 1
2025-06-13T17:07:17.419934+0800 ERROR empty readline 2
2025-06-13T17:07:17.634207+0800 ERROR readline X:0.0000 Y:0.0000 Z:5.0000 E:-1.0000 Count X:0 Y:0 Z:10000 STA: 1083130

2025-06-13T17:07:17.636290+0800 ERROR readline 

2025-06-13T17:07:17.899285+0800 ERROR empty readline 0
2025-06-13T17:07:18.150758+0800 ERROR empty readline 1
2025-06-13T17:07:18.402926+0800 ERROR empty readline 2
2025-06-13T17:07:18.634438+0800 ERROR readline X:0.0000 Y:0.0000 Z:5.0000 E:-1.0000 Count X:0 Y:0 Z:10000 STA: 1083130

2025-06-13T17:07:18.636453+0800 ERROR readline 

2025-06-13T17:07:18.892940+0800 ERROR empty readline 0
2025-06-13T17:07:19.145070+0800 ERROR empty readline 1
2025-06-13T17:07:19.406583+0800 ERROR empty readline 2
2025-06-13T17:07:19.634955+0800 ERROR readline X:0.0000 Y:0.0000 Z:5.0000 E:-1.0000 Count X:0 Y:0 Z:10000 STA: 1083130

2025-06-13T17:07:19.637389+0800 ERROR readline 

2025-06-13T17:07:19.903264+0800 ERROR empty readline 0
2025-06-13T17:07:20.166669+0800 ERROR empty readline 1
2025-06-13T17:07:20.431118+0800 ERROR empty readline 2
2025-06-13T17:07:20.637376+0800 ERROR readline X:0.0000 Y:0.0000 Z:5.0000 E:-1.0000 Count X:0 Y:0 Z:10000 STA: 1083130

2025-06-13T17:07:20.639366+0800 ERROR readline 

2025-06-13T17:07:20.899196+0800 ERROR empty readline 0
2025-06-13T17:07:21.162473+0800 ERROR empty readline 1
2025-06-13T17:07:21.427520+0800 ERROR empty readline 2
2025-06-13T17:07:21.634170+0800 ERROR readline X:0.0000 Y:0.0000 Z:5.0000 E:-1.0000 Count X:0 Y:0 Z:10000 STA: 1083130

2025-06-13T17:07:21.634684+0800 ERROR readline 

2025-06-13T17:07:21.894391+0800 ERROR empty readline 0
2025-06-13T17:07:22.157871+0800 ERROR empty readline 1
2025-06-13T17:07:22.422900+0800 ERROR empty readline 2
2025-06-13T17:07:22.609792+0800 INFO M105

2025-06-13T17:07:22.609792+0800 ERROR SENT: M105

2025-06-13T17:07:22.610962+0800 ERROR write command M105

2025-06-13T17:07:22.610962+0800 ERROR second command M105

2025-06-13T17:07:22.611944+0800 ERROR finish command M105

2025-06-13T17:07:22.611944+0800 ERROR readline ok

2025-06-13T17:07:22.615979+0800 ERROR readline  T:44.7545 /0 B:47.3438 /0 @:0 B@:0 VER: 1.3.2

2025-06-13T17:07:22.632868+0800 ERROR readline X:0.0000 Y:0.0000 Z:5.0000 E:-1.0000 Count X:0 Y:0 Z:10000 STA: 1083130

2025-06-13T17:07:22.634389+0800 ERROR readline 

2025-06-13T17:07:22.890518+0800 ERROR empty readline 0
2025-06-13T17:07:23.154397+0800 ERROR empty readline 1
2025-06-13T17:07:23.417663+0800 ERROR empty readline 2
2025-06-13T17:07:23.632239+0800 ERROR readline X:0.0000 Y:0.0000 Z:5.0000 E:-1.0000 Count X:0 Y:0 Z:10000 STA: 1083130

2025-06-13T17:07:23.634235+0800 ERROR readline 

2025-06-13T17:07:23.900202+0800 ERROR empty readline 0
2025-06-13T17:07:24.163393+0800 ERROR empty readline 1
2025-06-13T17:07:24.429363+0800 ERROR empty readline 2
2025-06-13T17:07:24.633250+0800 ERROR readline X:0.0000 Y:0.0000 Z:5.0000 E:-1.0000 Count X:0 Y:0 Z:10000 STA: 1083130

2025-06-13T17:07:24.635276+0800 ERROR readline 

2025-06-13T17:07:24.894103+0800 ERROR empty readline 0
2025-06-13T17:07:25.159487+0800 ERROR empty readline 1
2025-06-13T17:07:25.411382+0800 ERROR empty readline 2
2025-06-13T17:07:25.634173+0800 ERROR readline X:0.0000 Y:0.0000 Z:5.0000 E:-1.0000 Count X:0 Y:0 Z:10000 STA: 1083130

2025-06-13T17:07:25.637720+0800 ERROR readline 

2025-06-13T17:07:25.898259+0800 ERROR empty readline 0
2025-06-13T17:07:26.162107+0800 ERROR empty readline 1
2025-06-13T17:07:26.426670+0800 ERROR empty readline 2
2025-06-13T17:07:26.634211+0800 ERROR readline X:0.0000 Y:0.0000 Z:5.0000 E:-1.0000 Count X:0 Y:0 Z:10000 STA: 1083130

2025-06-13T17:07:26.636744+0800 ERROR readline 

2025-06-13T17:07:26.892980+0800 ERROR empty readline 0
2025-06-13T17:07:27.155760+0800 ERROR empty readline 1
2025-06-13T17:07:27.419164+0800 ERROR empty readline 2
2025-06-13T17:07:27.634270+0800 ERROR readline X:0.0000 Y:0.0000 Z:5.0000 E:-1.0000 Count X:0 Y:0 Z:10000 STA: 1083130

2025-06-13T17:07:27.635292+0800 ERROR readline 

2025-06-13T17:07:27.887458+0800 ERROR empty readline 0
2025-06-13T17:07:28.151999+0800 ERROR empty readline 1
2025-06-13T17:07:28.402663+0800 ERROR empty readline 2
2025-06-13T17:07:28.632737+0800 ERROR readline X:0.0000 Y:0.0000 Z:5.0000 E:-1.0000 Count X:0 Y:0 Z:10000 STA: 1083130

2025-06-13T17:07:28.635267+0800 ERROR readline 

2025-06-13T17:07:28.900816+0800 ERROR empty readline 0
2025-06-13T17:07:29.165177+0800 ERROR empty readline 1
2025-06-13T17:07:29.424121+0800 ERROR empty readline 2
2025-06-13T17:07:29.633427+0800 ERROR readline X:0.0000 Y:0.0000 Z:5.0000 E:-1.0000 Count X:0 Y:0 Z:10000 STA: 1083130

2025-06-13T17:07:29.634431+0800 ERROR readline 

2025-06-13T17:07:29.890555+0800 ERROR empty readline 0
2025-06-13T17:07:30.156791+0800 ERROR empty readline 1
2025-06-13T17:07:30.422241+0800 ERROR empty readline 2
2025-06-13T17:07:30.632731+0800 ERROR readline X:0.0000 Y:0.0000 Z:5.0000 E:-1.0000 Count X:0 Y:0 Z:10000 STA: 1083130

2025-06-13T17:07:30.634243+0800 ERROR readline 

2025-06-13T17:07:30.891114+0800 ERROR empty readline 0
2025-06-13T17:07:31.153333+0800 ERROR empty readline 1
2025-06-13T17:07:31.405000+0800 ERROR empty readline 2
2025-06-13T17:07:31.632373+0800 ERROR readline X:0.0000 Y:0.0000 Z:5.0000 E:-1.0000 Count X:0 Y:0 Z:10000 STA: 1083130

2025-06-13T17:07:31.634360+0800 ERROR readline 

2025-06-13T17:07:31.886429+0800 ERROR empty readline 0
2025-06-13T17:07:32.057849+0800 INFO M105

2025-06-13T17:07:32.059380+0800 ERROR SENT: M105

2025-06-13T17:07:32.060400+0800 ERROR write command M105

2025-06-13T17:07:32.061404+0800 ERROR second command M105

2025-06-13T17:07:32.061404+0800 ERROR finish command M105

2025-06-13T17:07:32.064135+0800 ERROR readline ok

2025-06-13T17:07:32.066658+0800 ERROR readline  T:44.0848 /0 B:47.4000 /0 @:0 B@:0 VER: 1.3.2

2025-06-13T17:07:32.322056+0800 ERROR empty readline 0
2025-06-13T17:07:32.587711+0800 ERROR empty readline 1
2025-06-13T17:07:32.633266+0800 ERROR readline X:0.0000 Y:0.0000 Z:5.0000 E:-1.0000 Count X:0 Y:0 Z:10000 STA: 1083130

2025-06-13T17:07:32.635737+0800 ERROR readline 

2025-06-13T17:07:32.896212+0800 ERROR empty readline 0
2025-06-13T17:07:33.161283+0800 ERROR empty readline 1
2025-06-13T17:07:33.426615+0800 ERROR empty readline 2
2025-06-13T17:07:33.633070+0800 ERROR readline X:0.0000 Y:0.0000 Z:5.0000 E:-1.0000 Count X:0 Y:0 Z:10000 STA: 1083130

2025-06-13T17:07:33.637132+0800 ERROR readline 

2025-06-13T17:07:33.890604+0800 ERROR empty readline 0
2025-06-13T17:07:34.154593+0800 ERROR empty readline 1
2025-06-13T17:07:34.406592+0800 ERROR empty readline 2
2025-06-13T17:07:34.632428+0800 ERROR readline X:0.0000 Y:0.0000 Z:5.0000 E:-1.0000 Count X:0 Y:0 Z:10000 STA: 1083130

2025-06-13T17:07:34.634956+0800 ERROR readline 

2025-06-13T17:07:34.899527+0800 ERROR empty readline 0
2025-06-13T17:07:35.165022+0800 ERROR empty readline 1
2025-06-13T17:07:35.430217+0800 ERROR empty readline 2
2025-06-13T17:07:35.632698+0800 ERROR readline X:0.0000 Y:0.0000 Z:5.0000 E:-1.0000 Count X:0 Y:0 Z:10000 STA: 1083130

2025-06-13T17:07:35.635760+0800 ERROR readline 

2025-06-13T17:07:35.897017+0800 ERROR empty readline 0
2025-06-13T17:07:36.161664+0800 ERROR empty readline 1
2025-06-13T17:07:36.427975+0800 ERROR empty readline 2
2025-06-13T17:07:36.631067+0800 ERROR readline X:0.0000 Y:0.0000 Z:5.0000 E:-1.0000 Count X:0 Y:0 Z:10000 STA: 1083130

2025-06-13T17:07:36.632106+0800 ERROR readline 

2025-06-13T17:07:36.893568+0800 ERROR empty readline 0
2025-06-13T17:07:37.158208+0800 ERROR empty readline 1
2025-06-13T17:07:37.420621+0800 ERROR empty readline 2
2025-06-13T17:07:37.631438+0800 ERROR readline X:0.0000 Y:0.0000 Z:5.0000 E:-1.0000 Count X:0 Y:0 Z:10000 STA: 1083130

2025-06-13T17:07:37.633453+0800 ERROR readline 

2025-06-13T17:07:37.891208+0800 ERROR empty readline 0
2025-06-13T17:07:38.154229+0800 ERROR empty readline 1
2025-06-13T17:07:38.405975+0800 ERROR empty readline 2
2025-06-13T17:07:38.630140+0800 ERROR readline X:0.0000 Y:0.0000 Z:5.0000 E:-1.0000 Count X:0 Y:0 Z:10000 STA: 1083130

2025-06-13T17:07:38.632611+0800 ERROR readline 

2025-06-13T17:07:38.885858+0800 ERROR empty readline 0
2025-06-13T17:07:39.149205+0800 ERROR empty readline 1
2025-06-13T17:07:39.416098+0800 ERROR empty readline 2
2025-06-13T17:07:39.630138+0800 ERROR readline X:0.0000 Y:0.0000 Z:5.0000 E:-1.0000 Count X:0 Y:0 Z:10000 STA: 1083130

2025-06-13T17:07:39.631163+0800 ERROR readline 

2025-06-13T17:07:39.896891+0800 ERROR empty readline 0
2025-06-13T17:07:40.161728+0800 ERROR empty readline 1
2025-06-13T17:07:40.425527+0800 ERROR empty readline 2
2025-06-13T17:07:40.632368+0800 ERROR readline X:0.0000 Y:0.0000 Z:5.0000 E:-1.0000 Count X:0 Y:0 Z:10000 STA: 1083130

2025-06-13T17:07:40.633359+0800 ERROR readline 

2025-06-13T17:07:40.891481+0800 ERROR empty readline 0
2025-06-13T17:07:41.156977+0800 ERROR empty readline 1
2025-06-13T17:07:41.421579+0800 ERROR empty readline 2
2025-06-13T17:07:41.514330+0800 INFO M105

2025-06-13T17:07:41.514842+0800 ERROR SENT: M105

2025-06-13T17:07:41.514842+0800 ERROR write command M105

2025-06-13T17:07:41.516638+0800 ERROR second command M105

2025-06-13T17:07:41.517801+0800 ERROR finish command M105

2025-06-13T17:07:41.517801+0800 ERROR readline ok

2025-06-13T17:07:41.522705+0800 ERROR readline  T:44.3080 /0 B:47.4000 /0 @:0 B@:0 VER: 1.3.2

2025-06-13T17:07:41.632846+0800 ERROR readline X:0.0000 Y:0.0000 Z:5.0000 E:-1.0000 Count X:0 Y:0 Z:10000 STA: 1083130

2025-06-13T17:07:41.632846+0800 ERROR readline 

2025-06-13T17:07:41.890347+0800 ERROR empty readline 0
2025-06-13T17:07:42.155645+0800 ERROR empty readline 1
2025-06-13T17:07:42.421948+0800 ERROR empty readline 2
2025-06-13T17:07:42.634986+0800 ERROR readline X:0.0000 Y:0.0000 Z:5.0000 E:-1.0000 Count X:0 Y:0 Z:10000 STA: 1083130

2025-06-13T17:07:42.638519+0800 ERROR readline 

2025-06-13T17:07:42.899931+0800 ERROR empty readline 0
2025-06-13T17:07:43.166420+0800 ERROR empty readline 1
2025-06-13T17:07:43.433066+0800 ERROR empty readline 2
2025-06-13T17:07:43.640436+0800 ERROR readline X:0.0000 Y:0.0000 Z:5.0000 E:-1.0000 Count X:0 Y:0 Z:10000 STA: 1083130

2025-06-13T17:07:43.641442+0800 ERROR readline 

2025-06-13T17:07:43.903254+0800 ERROR empty readline 0
2025-06-13T17:07:44.169467+0800 ERROR empty readline 1
2025-06-13T17:07:44.421856+0800 ERROR empty readline 2
2025-06-13T17:07:44.642389+0800 ERROR readline X:0.0000 Y:0.0000 Z:5.0000 E:-1.0000 Count X:0 Y:0 Z:10000 STA: 1083130

2025-06-13T17:07:44.643391+0800 ERROR readline 

2025-06-13T17:07:44.900139+0800 ERROR empty readline 0
2025-06-13T17:07:45.165307+0800 ERROR empty readline 1
2025-06-13T17:07:45.431654+0800 ERROR empty readline 2
2025-06-13T17:07:45.640035+0800 ERROR readline X:0.0000 Y:0.0000 Z:5.0000 E:-1.0000 Count X:0 Y:0 Z:10000 STA: 1083130

2025-06-13T17:07:45.641045+0800 ERROR readline 

2025-06-13T17:07:45.899651+0800 ERROR empty readline 0
2025-06-13T17:07:46.164189+0800 ERROR empty readline 1
2025-06-13T17:07:46.426463+0800 ERROR empty readline 2
2025-06-13T17:07:46.642195+0800 ERROR readline X:0.0000 Y:0.0000 Z:5.0000 E:-1.0000 Count X:0 Y:0 Z:10000 STA: 1083130

2025-06-13T17:07:46.643185+0800 ERROR readline 

2025-06-13T17:07:46.896576+0800 ERROR empty readline 0
2025-06-13T17:07:47.160497+0800 ERROR empty readline 1
2025-06-13T17:07:47.424912+0800 ERROR empty readline 2
2025-06-13T17:07:47.640228+0800 ERROR readline X:0.0000 Y:0.0000 Z:5.0000 E:-1.0000 Count X:0 Y:0 Z:10000 STA: 1083130

2025-06-13T17:07:47.642243+0800 ERROR readline 

2025-06-13T17:07:47.906377+0800 ERROR empty readline 0
2025-06-13T17:07:48.171447+0800 ERROR empty readline 1
2025-06-13T17:07:48.436711+0800 ERROR empty readline 2
2025-06-13T17:07:48.639135+0800 ERROR readline X:0.0000 Y:0.0000 Z:5.0000 E:-1.0000 Count X:0 Y:0 Z:10000 STA: 1083130

2025-06-13T17:07:48.641695+0800 ERROR readline 

2025-06-13T17:07:48.902567+0800 ERROR empty readline 0
2025-06-13T17:07:49.164263+0800 ERROR empty readline 1
2025-06-13T17:07:49.427639+0800 ERROR empty readline 2
2025-06-13T17:07:49.639271+0800 ERROR readline X:0.0000 Y:0.0000 Z:5.0000 E:-1.0000 Count X:0 Y:0 Z:10000 STA: 1083130

2025-06-13T17:07:49.641281+0800 ERROR readline 

2025-06-13T17:07:49.895270+0800 ERROR empty readline 0
2025-06-13T17:07:50.157440+0800 ERROR empty readline 1
2025-06-13T17:07:50.409123+0800 ERROR empty readline 2
2025-06-13T17:07:50.639675+0800 ERROR readline X:0.0000 Y:0.0000 Z:5.0000 E:-1.0000 Count X:0 Y:0 Z:10000 STA: 1083130

2025-06-13T17:07:50.643436+0800 ERROR readline 

2025-06-13T17:07:50.908026+0800 ERROR empty readline 0
2025-06-13T17:07:50.954130+0800 INFO M105

2025-06-13T17:07:50.955661+0800 ERROR SENT: M105

2025-06-13T17:07:50.956656+0800 ERROR write command M105

2025-06-13T17:07:50.957182+0800 ERROR second command M105

2025-06-13T17:07:50.958188+0800 ERROR finish command M105

2025-06-13T17:07:50.959184+0800 ERROR readline ok

2025-06-13T17:07:50.962872+0800 ERROR readline  T:43.9732 /0 B:47.2875 /0 @:0 B@:0 VER: 1.3.2

2025-06-13T17:07:51.217817+0800 ERROR empty readline 0
2025-06-13T17:07:51.469585+0800 ERROR empty readline 1
2025-06-13T17:07:51.639910+0800 ERROR readline X:0.0000 Y:0.0000 Z:5.0000 E:-1.0000 Count X:0 Y:0 Z:10000 STA: 1083130

2025-06-13T17:07:51.642941+0800 ERROR readline 

2025-06-13T17:07:51.907768+0800 ERROR empty readline 0
2025-06-13T17:07:52.172175+0800 ERROR empty readline 1
2025-06-13T17:07:52.435996+0800 ERROR empty readline 2
2025-06-13T17:07:52.639121+0800 ERROR readline X:0.0000 Y:0.0000 Z:5.0000 E:-1.0000 Count X:0 Y:0 Z:10000 STA: 1083130

2025-06-13T17:07:52.640479+0800 ERROR readline 

2025-06-13T17:07:52.902261+0800 ERROR empty readline 0
2025-06-13T17:07:53.164731+0800 ERROR empty readline 1
2025-06-13T17:07:53.429187+0800 ERROR empty readline 2
2025-06-13T17:07:53.639741+0800 ERROR readline X:0.0000 Y:0.0000 Z:5.0000 E:-1.0000 Count X:0 Y:0 Z:10000 STA: 1083130

2025-06-13T17:07:53.641754+0800 ERROR readline 

2025-06-13T17:07:53.897153+0800 ERROR empty readline 0
2025-06-13T17:07:54.152047+0800 ERROR empty readline 1
2025-06-13T17:07:54.417908+0800 ERROR empty readline 2
2025-06-13T17:07:54.639117+0800 ERROR readline X:0.0000 Y:0.0000 Z:5.0000 E:-1.0000 Count X:0 Y:0 Z:10000 STA: 1083130

2025-06-13T17:07:54.640644+0800 ERROR readline 

2025-06-13T17:07:54.898523+0800 ERROR empty readline 0
2025-06-13T17:07:55.163222+0800 ERROR empty readline 1
2025-06-13T17:07:55.427194+0800 ERROR empty readline 2
2025-06-13T17:07:55.637514+0800 ERROR readline X:0.0000 Y:0.0000 Z:5.0000 E:-1.0000 Count X:0 Y:0 Z:10000 STA: 1083130

2025-06-13T17:07:55.640042+0800 ERROR readline 

2025-06-13T17:07:55.896944+0800 ERROR empty readline 0
2025-06-13T17:07:56.159321+0800 ERROR empty readline 1
2025-06-13T17:07:56.425501+0800 ERROR empty readline 2
2025-06-13T17:07:56.638449+0800 ERROR readline X:0.0000 Y:0.0000 Z:5.0000 E:-1.0000 Count X:0 Y:0 Z:10000 STA: 1083130

2025-06-13T17:07:56.639448+0800 ERROR readline 

2025-06-13T17:07:56.891086+0800 ERROR empty readline 0
2025-06-13T17:07:57.155229+0800 ERROR empty readline 1
2025-06-13T17:07:57.407151+0800 ERROR empty readline 2
2025-06-13T17:07:57.637501+0800 ERROR readline X:0.0000 Y:0.0000 Z:5.0000 E:-1.0000 Count X:0 Y:0 Z:10000 STA: 1083130

2025-06-13T17:07:57.640219+0800 ERROR readline 

2025-06-13T17:07:57.891722+0800 ERROR empty readline 0
2025-06-13T17:07:58.157421+0800 ERROR empty readline 1
2025-06-13T17:07:58.409617+0800 ERROR empty readline 2
2025-06-13T17:07:58.637977+0800 ERROR readline X:0.0000 Y:0.0000 Z:5.0000 E:-1.0000 Count X:0 Y:0 Z:10000 STA: 1083130

2025-06-13T17:07:58.639337+0800 ERROR readline 

2025-06-13T17:07:58.905445+0800 ERROR empty readline 0
2025-06-13T17:07:59.171342+0800 ERROR empty readline 1
2025-06-13T17:07:59.433200+0800 ERROR empty readline 2
2025-06-13T17:07:59.638279+0800 ERROR readline X:0.0000 Y:0.0000 Z:5.0000 E:-1.0000 Count X:0 Y:0 Z:10000 STA: 1083130

2025-06-13T17:07:59.639802+0800 ERROR readline 

2025-06-13T17:07:59.905452+0800 ERROR empty readline 0
2025-06-13T17:08:00.170818+0800 ERROR empty readline 1
2025-06-13T17:08:00.342940+0800 INFO M105

2025-06-13T17:08:00.344460+0800 ERROR SENT: M105

2025-06-13T17:08:00.344460+0800 ERROR write command M105

2025-06-13T17:08:00.345482+0800 ERROR second command M105

2025-06-13T17:08:00.346473+0800 ERROR finish command M105

2025-06-13T17:08:00.348245+0800 ERROR readline ok

2025-06-13T17:08:00.352393+0800 ERROR readline  T:43.5268 /0 B:47.0812 /0 @:0 B@:0 VER: 1.3.2

2025-06-13T17:08:00.609270+0800 ERROR empty readline 0
2025-06-13T17:08:00.637347+0800 ERROR readline X:0.0000 Y:0.0000 Z:5.0000 E:-1.0000 Count X:0 Y:0 Z:10000 STA: 1083130

2025-06-13T17:08:00.639354+0800 ERROR readline 

2025-06-13T17:08:00.891400+0800 ERROR empty readline 0
2025-06-13T17:08:01.154148+0800 ERROR empty readline 1
2025-06-13T17:08:01.414101+0800 ERROR empty readline 2
2025-06-13T17:08:01.637460+0800 ERROR readline X:0.0000 Y:0.0000 Z:5.0000 E:-1.0000 Count X:0 Y:0 Z:10000 STA: 1083130

2025-06-13T17:08:01.639343+0800 ERROR readline 

2025-06-13T17:08:01.893006+0800 ERROR empty readline 0
2025-06-13T17:08:02.155280+0800 ERROR empty readline 1
2025-06-13T17:08:02.416129+0800 ERROR empty readline 2
2025-06-13T17:08:02.637284+0800 ERROR readline X:0.0000 Y:0.0000 Z:5.0000 E:-1.0000 Count X:0 Y:0 Z:10000 STA: 1083130

2025-06-13T17:08:02.639112+0800 ERROR readline 

2025-06-13T17:08:02.902280+0800 ERROR empty readline 0
2025-06-13T17:08:03.166554+0800 ERROR empty readline 1
2025-06-13T17:08:03.431449+0800 ERROR empty readline 2
2025-06-13T17:08:03.637204+0800 ERROR readline X:0.0000 Y:0.0000 Z:5.0000 E:-1.0000 Count X:0 Y:0 Z:10000 STA: 1083130

2025-06-13T17:08:03.639725+0800 ERROR readline 

2025-06-13T17:08:03.895350+0800 ERROR empty readline 0
2025-06-13T17:08:04.161429+0800 ERROR empty readline 1
2025-06-13T17:08:04.429119+0800 ERROR empty readline 2
2025-06-13T17:08:04.636421+0800 ERROR readline X:0.0000 Y:0.0000 Z:5.0000 E:-1.0000 Count X:0 Y:0 Z:10000 STA: 1083130

2025-06-13T17:08:04.638980+0800 ERROR readline 

2025-06-13T17:08:04.897838+0800 ERROR empty readline 0
2025-06-13T17:08:05.160312+0800 ERROR empty readline 1
2025-06-13T17:08:05.426279+0800 ERROR empty readline 2
2025-06-13T17:08:05.637715+0800 ERROR readline X:0.0000 Y:0.0000 Z:5.0000 E:-1.0000 Count X:0 Y:0 Z:10000 STA: 1083130

2025-06-13T17:08:05.637715+0800 ERROR readline 

2025-06-13T17:08:05.893513+0800 ERROR empty readline 0
2025-06-13T17:08:06.157456+0800 ERROR empty readline 1
2025-06-13T17:08:06.420706+0800 ERROR empty readline 2
2025-06-13T17:08:06.636852+0800 ERROR readline X:0.0000 Y:0.0000 Z:5.0000 E:-1.0000 Count X:0 Y:0 Z:10000 STA: 1083130

2025-06-13T17:08:06.639379+0800 ERROR readline 

2025-06-13T17:08:06.901534+0800 ERROR empty readline 0
2025-06-13T17:08:07.168323+0800 ERROR empty readline 1
2025-06-13T17:08:07.431653+0800 ERROR empty readline 2
2025-06-13T17:08:07.637976+0800 ERROR readline X:0.0000 Y:0.0000 Z:5.0000 E:-1.0000 Count X:0 Y:0 Z:10000 STA: 1083130

2025-06-13T17:08:07.640142+0800 ERROR readline 

2025-06-13T17:08:07.897940+0800 ERROR empty readline 0
2025-06-13T17:08:08.164169+0800 ERROR empty readline 1
2025-06-13T17:08:08.428364+0800 ERROR empty readline 2
2025-06-13T17:08:08.636906+0800 ERROR readline X:0.0000 Y:0.0000 Z:5.0000 E:-1.0000 Count X:0 Y:0 Z:10000 STA: 1083130

2025-06-13T17:08:08.637922+0800 ERROR readline 

2025-06-13T17:08:08.893250+0800 ERROR empty readline 0
2025-06-13T17:08:09.159011+0800 ERROR empty readline 1
2025-06-13T17:08:09.422249+0800 ERROR empty readline 2
2025-06-13T17:08:09.637045+0800 ERROR readline X:0.0000 Y:0.0000 Z:5.0000 E:-1.0000 Count X:0 Y:0 Z:10000 STA: 1083130

2025-06-13T17:08:09.638046+0800 ERROR readline 

2025-06-13T17:08:09.765095+0800 INFO M105

2025-06-13T17:08:09.766101+0800 ERROR SENT: M105

2025-06-13T17:08:09.766649+0800 ERROR write command M105

2025-06-13T17:08:09.767936+0800 ERROR second command M105

2025-06-13T17:08:09.767936+0800 ERROR finish command M105

2025-06-13T17:08:09.768947+0800 ERROR readline ok

2025-06-13T17:08:09.774166+0800 ERROR readline  T:43.8616 /0 B:47.0625 /0 @:0 B@:0 VER: 1.3.2

2025-06-13T17:08:10.029210+0800 ERROR empty readline 0
2025-06-13T17:08:10.292530+0800 ERROR empty readline 1
2025-06-13T17:08:10.555181+0800 ERROR empty readline 2
2025-06-13T17:08:10.635725+0800 ERROR readline X:0.0000 Y:0.0000 Z:5.0000 E:-1.0000 Count X:0 Y:0 Z:10000 STA: 1083130

2025-06-13T17:08:10.637749+0800 ERROR readline 

2025-06-13T17:08:10.897229+0800 ERROR empty readline 0
2025-06-13T17:08:11.162615+0800 ERROR empty readline 1
2025-06-13T17:08:11.429308+0800 ERROR empty readline 2
2025-06-13T17:08:11.635922+0800 ERROR readline X:0.0000 Y:0.0000 Z:5.0000 E:-1.0000 Count X:0 Y:0 Z:10000 STA: 1083130

2025-06-13T17:08:11.637940+0800 ERROR readline 

2025-06-13T17:08:11.895741+0800 ERROR empty readline 0
2025-06-13T17:08:12.159491+0800 ERROR empty readline 1
2025-06-13T17:08:12.425566+0800 ERROR empty readline 2
2025-06-13T17:08:12.637304+0800 ERROR readline X:0.0000 Y:0.0000 Z:5.0000 E:-1.0000 Count X:0 Y:0 Z:10000 STA: 1083130

2025-06-13T17:08:12.639300+0800 ERROR readline 

2025-06-13T17:08:12.890904+0800 ERROR empty readline 0
2025-06-13T17:08:13.142130+0800 ERROR empty readline 1
2025-06-13T17:08:13.406680+0800 ERROR empty readline 2
2025-06-13T17:08:13.637843+0800 ERROR readline X:0.0000 Y:0.0000 Z:5.0000 E:-1.0000 Count X:0 Y:0 Z:10000 STA: 1083130

2025-06-13T17:08:13.639446+0800 ERROR readline 

2025-06-13T17:08:13.890545+0800 ERROR empty readline 0
2025-06-13T17:08:14.153633+0800 ERROR empty readline 1
2025-06-13T17:08:14.416415+0800 ERROR empty readline 2
2025-06-13T17:08:14.636582+0800 ERROR readline X:0.0000 Y:0.0000 Z:5.0000 E:-1.0000 Count X:0 Y:0 Z:10000 STA: 1083130

2025-06-13T17:08:14.639110+0800 ERROR readline 

2025-06-13T17:08:14.898181+0800 ERROR empty readline 0
2025-06-13T17:08:15.162322+0800 ERROR empty readline 1
2025-06-13T17:08:15.428129+0800 ERROR empty readline 2
2025-06-13T17:08:15.636112+0800 ERROR readline X:0.0000 Y:0.0000 Z:5.0000 E:-1.0000 Count X:0 Y:0 Z:10000 STA: 1083130

2025-06-13T17:08:15.637627+0800 ERROR readline 

2025-06-13T17:08:15.895748+0800 ERROR empty readline 0
2025-06-13T17:08:16.160937+0800 ERROR empty readline 1
2025-06-13T17:08:16.425384+0800 ERROR empty readline 2
2025-06-13T17:08:16.634541+0800 ERROR readline X:0.0000 Y:0.0000 Z:5.0000 E:-1.0000 Count X:0 Y:0 Z:10000 STA: 1083130

2025-06-13T17:08:16.636556+0800 ERROR readline 

2025-06-13T17:08:16.891253+0800 ERROR empty readline 0
2025-06-13T17:08:17.155828+0800 ERROR empty readline 1
2025-06-13T17:08:17.420621+0800 ERROR empty readline 2
2025-06-13T17:08:17.634403+0800 ERROR readline X:0.0000 Y:0.0000 Z:5.0000 E:-1.0000 Count X:0 Y:0 Z:10000 STA: 1083130

2025-06-13T17:08:17.636938+0800 ERROR readline 

2025-06-13T17:08:17.888394+0800 ERROR empty readline 0
2025-06-13T17:08:18.152534+0800 ERROR empty readline 1
2025-06-13T17:08:18.416423+0800 ERROR empty readline 2
2025-06-13T17:08:18.635417+0800 ERROR readline X:0.0000 Y:0.0000 Z:5.0000 E:-1.0000 Count X:0 Y:0 Z:10000 STA: 1083130

2025-06-13T17:08:18.637909+0800 ERROR readline 

2025-06-13T17:08:18.897487+0800 ERROR empty readline 0
2025-06-13T17:08:19.161216+0800 ERROR empty readline 1
2025-06-13T17:08:19.191551+0800 INFO M105

2025-06-13T17:08:19.192567+0800 ERROR SENT: M105

2025-06-13T17:08:19.194083+0800 ERROR write command M105

2025-06-13T17:08:19.194083+0800 ERROR second command M105

2025-06-13T17:08:19.195389+0800 ERROR finish command M105

2025-06-13T17:08:19.196403+0800 ERROR readline ok

2025-06-13T17:08:19.200443+0800 ERROR readline  T:42.9688 /0 B:46.8750 /0 @:0 B@:0 VER: 1.3.2

2025-06-13T17:08:19.455565+0800 ERROR empty readline 0
2025-06-13T17:08:19.634269+0800 ERROR readline X:0.0000 Y:0.0000 Z:5.0000 E:-1.0000 Count X:0 Y:0 Z:10000 STA: 1083130

2025-06-13T17:08:19.636800+0800 ERROR readline 

2025-06-13T17:08:19.889648+0800 ERROR empty readline 0
2025-06-13T17:08:20.153382+0800 ERROR empty readline 1
2025-06-13T17:08:20.418809+0800 ERROR empty readline 2
2025-06-13T17:08:20.635011+0800 ERROR readline X:0.0000 Y:0.0000 Z:5.0000 E:-1.0000 Count X:0 Y:0 Z:10000 STA: 1083130

2025-06-13T17:08:20.637538+0800 ERROR readline 

2025-06-13T17:08:20.900147+0800 ERROR empty readline 0
2025-06-13T17:08:21.166983+0800 ERROR empty readline 1
2025-06-13T17:08:21.431639+0800 ERROR empty readline 2
2025-06-13T17:08:21.634482+0800 ERROR readline X:0.0000 Y:0.0000 Z:5.0000 E:-1.0000 Count X:0 Y:0 Z:10000 STA: 1083130

2025-06-13T17:08:21.637020+0800 ERROR readline 

2025-06-13T17:08:21.899405+0800 ERROR empty readline 0
2025-06-13T17:08:22.162739+0800 ERROR empty readline 1
2025-06-13T17:08:22.428118+0800 ERROR empty readline 2
2025-06-13T17:08:22.634343+0800 ERROR readline X:0.0000 Y:0.0000 Z:5.0000 E:-1.0000 Count X:0 Y:0 Z:10000 STA: 1083130

2025-06-13T17:08:22.636362+0800 ERROR readline 

2025-06-13T17:08:22.892398+0800 ERROR empty readline 0
2025-06-13T17:08:23.158979+0800 ERROR empty readline 1
2025-06-13T17:08:23.419298+0800 ERROR empty readline 2
2025-06-13T17:08:23.634222+0800 ERROR readline X:0.0000 Y:0.0000 Z:5.0000 E:-1.0000 Count X:0 Y:0 Z:10000 STA: 1083130

2025-06-13T17:08:23.635756+0800 ERROR readline 

2025-06-13T17:08:23.900488+0800 ERROR empty readline 0
2025-06-13T17:08:24.152104+0800 ERROR empty readline 1
2025-06-13T17:08:24.416143+0800 ERROR empty readline 2
2025-06-13T17:08:24.634884+0800 ERROR readline X:0.0000 Y:0.0000 Z:5.0000 E:-1.0000 Count X:0 Y:0 Z:10000 STA: 1083130

2025-06-13T17:08:24.637688+0800 ERROR readline 

2025-06-13T17:08:24.893253+0800 ERROR empty readline 0
2025-06-13T17:08:25.157681+0800 ERROR empty readline 1
2025-06-13T17:08:25.424398+0800 ERROR empty readline 2
2025-06-13T17:08:25.633152+0800 ERROR readline X:0.0000 Y:0.0000 Z:5.0000 E:-1.0000 Count X:0 Y:0 Z:10000 STA: 1083130

2025-06-13T17:08:25.636667+0800 ERROR readline 

2025-06-13T17:08:25.893325+0800 ERROR empty readline 0
2025-06-13T17:08:26.157481+0800 ERROR empty readline 1
2025-06-13T17:08:26.422947+0800 ERROR empty readline 2
2025-06-13T17:08:26.633353+0800 ERROR readline X:0.0000 Y:0.0000 Z:5.0000 E:-1.0000 Count X:0 Y:0 Z:10000 STA: 1083130

2025-06-13T17:08:26.637379+0800 ERROR readline 

2025-06-13T17:08:26.904170+0800 ERROR empty readline 0
2025-06-13T17:08:27.170029+0800 ERROR empty readline 1
2025-06-13T17:08:27.422293+0800 ERROR empty readline 2
2025-06-13T17:08:27.632862+0800 ERROR readline X:0.0000 Y:0.0000 Z:5.0000 E:-1.0000 Count X:0 Y:0 Z:10000 STA: 1083130

2025-06-13T17:08:27.637431+0800 ERROR readline 

2025-06-13T17:08:27.889717+0800 ERROR empty readline 0
2025-06-13T17:08:28.154842+0800 ERROR empty readline 1
2025-06-13T17:08:28.419724+0800 ERROR empty readline 2
2025-06-13T17:08:28.620557+0800 INFO M105

2025-06-13T17:08:28.621553+0800 ERROR SENT: M105

2025-06-13T17:08:28.622565+0800 ERROR write command M105

2025-06-13T17:08:28.624014+0800 ERROR second command M105

2025-06-13T17:08:28.624524+0800 ERROR finish command M105

2025-06-13T17:08:28.626224+0800 ERROR readline ok

2025-06-13T17:08:28.630788+0800 ERROR readline  T:42.9688 /0 B:46.8937 /0 @:0 B@:0 VER: 1.3.2

2025-06-13T17:08:28.638364+0800 ERROR readline X:0.0000 Y:0.0000 Z:5.0000 E:-1.0000 Count X:0 Y:0 Z:10000 STA: 1083130

2025-06-13T17:08:28.640902+0800 ERROR readline 

2025-06-13T17:08:28.900302+0800 ERROR empty readline 0
2025-06-13T17:08:29.166220+0800 ERROR empty readline 1
2025-06-13T17:08:29.432501+0800 ERROR empty readline 2
2025-06-13T17:08:29.632851+0800 ERROR readline X:0.0000 Y:0.0000 Z:5.0000 E:-1.0000 Count X:0 Y:0 Z:10000 STA: 1083130

2025-06-13T17:08:29.632851+0800 ERROR readline 

2025-06-13T17:08:29.887553+0800 ERROR empty readline 0
2025-06-13T17:08:30.153222+0800 ERROR empty readline 1
2025-06-13T17:08:30.417742+0800 ERROR empty readline 2
2025-06-13T17:08:30.633417+0800 ERROR readline X:0.0000 Y:0.0000 Z:5.0000 E:-1.0000 Count X:0 Y:0 Z:10000 STA: 1083130

2025-06-13T17:08:30.634436+0800 ERROR readline 

2025-06-13T17:08:30.898294+0800 ERROR empty readline 0
2025-06-13T17:08:31.163514+0800 ERROR empty readline 1
2025-06-13T17:08:31.430790+0800 ERROR empty readline 2
2025-06-13T17:08:31.632568+0800 ERROR readline X:0.0000 Y:0.0000 Z:5.0000 E:-1.0000 Count X:0 Y:0 Z:10000 STA: 1083130

2025-06-13T17:08:31.634630+0800 ERROR readline 

2025-06-13T17:08:31.899120+0800 ERROR empty readline 0
2025-06-13T17:08:32.164494+0800 ERROR empty readline 1
2025-06-13T17:08:32.429424+0800 ERROR empty readline 2
2025-06-13T17:08:32.632853+0800 ERROR readline X:0.0000 Y:0.0000 Z:5.0000 E:-1.0000 Count X:0 Y:0 Z:10000 STA: 1083130

2025-06-13T17:08:32.636410+0800 ERROR readline 

2025-06-13T17:08:32.892574+0800 ERROR empty readline 0
2025-06-13T17:08:33.156462+0800 ERROR empty readline 1
2025-06-13T17:08:33.407901+0800 ERROR empty readline 2
2025-06-13T17:08:33.633220+0800 ERROR readline X:0.0000 Y:0.0000 Z:5.0000 E:-1.0000 Count X:0 Y:0 Z:10000 STA: 1083130

2025-06-13T17:08:33.636292+0800 ERROR readline 

2025-06-13T17:08:33.889673+0800 ERROR empty readline 0
2025-06-13T17:08:34.156225+0800 ERROR empty readline 1
2025-06-13T17:08:34.420309+0800 ERROR empty readline 2
2025-06-13T17:08:34.634138+0800 ERROR readline X:0.0000 Y:0.0000 Z:5.0000 E:-1.0000 Count X:0 Y:0 Z:10000 STA: 1083130

2025-06-13T17:08:34.637670+0800 ERROR readline 

2025-06-13T17:08:34.900222+0800 ERROR empty readline 0
2025-06-13T17:08:35.164138+0800 ERROR empty readline 1
2025-06-13T17:08:35.417035+0800 ERROR empty readline 2
2025-06-13T17:08:35.633016+0800 ERROR readline X:0.0000 Y:0.0000 Z:5.0000 E:-1.0000 Count X:0 Y:0 Z:10000 STA: 1083130

2025-06-13T17:08:35.634528+0800 ERROR readline 

2025-06-13T17:08:35.900133+0800 ERROR empty readline 0
2025-06-13T17:08:36.164559+0800 ERROR empty readline 1
2025-06-13T17:08:36.431062+0800 ERROR empty readline 2
2025-06-13T17:08:36.634105+0800 ERROR readline X:0.0000 Y:0.0000 Z:5.0000 E:-1.0000 Count X:0 Y:0 Z:10000 STA: 1083130

2025-06-13T17:08:36.635635+0800 ERROR readline 

2025-06-13T17:08:36.894120+0800 ERROR empty readline 0
2025-06-13T17:08:37.159122+0800 ERROR empty readline 1
2025-06-13T17:08:37.411906+0800 ERROR empty readline 2
2025-06-13T17:08:37.631997+0800 ERROR readline X:0.0000 Y:0.0000 Z:5.0000 E:-1.0000 Count X:0 Y:0 Z:10000 STA: 1083130

2025-06-13T17:08:37.634589+0800 ERROR readline 

2025-06-13T17:08:37.891760+0800 ERROR empty readline 0
2025-06-13T17:08:37.985368+0800 INFO M105

2025-06-13T17:08:37.986886+0800 ERROR SENT: M105

2025-06-13T17:08:37.986886+0800 ERROR write command M105

2025-06-13T17:08:37.988122+0800 ERROR second command M105

2025-06-13T17:08:37.989134+0800 ERROR finish command M105

2025-06-13T17:08:37.990144+0800 ERROR readline ok

2025-06-13T17:08:37.994707+0800 ERROR readline  T:43.0804 /0 B:46.9500 /0 @:0 B@:0 VER: 1.3.2

2025-06-13T17:08:38.263325+0800 ERROR empty readline 0
2025-06-13T17:08:38.528328+0800 ERROR empty readline 1
2025-06-13T17:08:38.632920+0800 ERROR readline X:0.0000 Y:0.0000 Z:5.0000 E:-1.0000 Count X:0 Y:0 Z:10000 STA: 1083130

2025-06-13T17:08:38.636771+0800 ERROR readline 

2025-06-13T17:08:38.904631+0800 ERROR empty readline 0
2025-06-13T17:08:39.156715+0800 ERROR empty readline 1
2025-06-13T17:08:39.420066+0800 ERROR empty readline 2
2025-06-13T17:08:39.632154+0800 ERROR readline X:0.0000 Y:0.0000 Z:5.0000 E:-1.0000 Count X:0 Y:0 Z:10000 STA: 1083130

2025-06-13T17:08:39.633166+0800 ERROR readline 

2025-06-13T17:08:39.897841+0800 ERROR empty readline 0
2025-06-13T17:08:40.164143+0800 ERROR empty readline 1
2025-06-13T17:08:40.431807+0800 ERROR empty readline 2
2025-06-13T17:08:40.638066+0800 ERROR readline X:0.0000 Y:0.0000 Z:5.0000 E:-1.0000 Count X:0 Y:0 Z:10000 STA: 1083130

2025-06-13T17:08:40.640606+0800 ERROR readline 

2025-06-13T17:08:40.895608+0800 ERROR empty readline 0
2025-06-13T17:08:41.159337+0800 ERROR empty readline 1
2025-06-13T17:08:41.410720+0800 ERROR empty readline 2
2025-06-13T17:08:41.637892+0800 ERROR readline X:0.0000 Y:0.0000 Z:5.0000 E:-1.0000 Count X:0 Y:0 Z:10000 STA: 1083130

2025-06-13T17:08:41.639263+0800 ERROR readline 

2025-06-13T17:08:41.896106+0800 ERROR empty readline 0
2025-06-13T17:08:42.160722+0800 ERROR empty readline 1
2025-06-13T17:08:42.423105+0800 ERROR empty readline 2
2025-06-13T17:08:42.637706+0800 ERROR readline X:0.0000 Y:0.0000 Z:5.0000 E:-1.0000 Count X:0 Y:0 Z:10000 STA: 1083130

2025-06-13T17:08:42.640229+0800 ERROR readline 

2025-06-13T17:08:42.904161+0800 ERROR empty readline 0
2025-06-13T17:08:43.169401+0800 ERROR empty readline 1
2025-06-13T17:08:43.433217+0800 ERROR empty readline 2
2025-06-13T17:08:43.637518+0800 ERROR readline X:0.0000 Y:0.0000 Z:5.0000 E:-1.0000 Count X:0 Y:0 Z:10000 STA: 1083130

2025-06-13T17:08:43.641054+0800 ERROR readline 

2025-06-13T17:08:43.896919+0800 ERROR empty readline 0
2025-06-13T17:08:44.161745+0800 ERROR empty readline 1
2025-06-13T17:08:44.428133+0800 ERROR empty readline 2
2025-06-13T17:08:44.637559+0800 ERROR readline X:0.0000 Y:0.0000 Z:5.0000 E:-1.0000 Count X:0 Y:0 Z:10000 STA: 1083130

2025-06-13T17:08:44.639069+0800 ERROR readline 

2025-06-13T17:08:44.894403+0800 ERROR empty readline 0
2025-06-13T17:08:45.156894+0800 ERROR empty readline 1
2025-06-13T17:08:45.419561+0800 ERROR empty readline 2
2025-06-13T17:08:45.639803+0800 ERROR readline X:0.0000 Y:0.0000 Z:5.0000 E:-1.0000 Count X:0 Y:0 Z:10000 STA: 1083130

2025-06-13T17:08:45.642841+0800 ERROR readline 

2025-06-13T17:08:45.900422+0800 ERROR empty readline 0
2025-06-13T17:08:46.164230+0800 ERROR empty readline 1
2025-06-13T17:08:46.424475+0800 ERROR empty readline 2
2025-06-13T17:08:46.638324+0800 ERROR readline X:0.0000 Y:0.0000 Z:5.0000 E:-1.0000 Count X:0 Y:0 Z:10000 STA: 1083130

2025-06-13T17:08:46.639327+0800 ERROR readline 

2025-06-13T17:08:46.904854+0800 ERROR empty readline 0
2025-06-13T17:08:47.171451+0800 ERROR empty readline 1
2025-06-13T17:08:47.435228+0800 ERROR empty readline 2
2025-06-13T17:08:47.436212+0800 INFO M105

2025-06-13T17:08:47.436728+0800 ERROR SENT: M105

2025-06-13T17:08:47.437807+0800 ERROR write command M105

2025-06-13T17:08:47.437807+0800 ERROR second command M105

2025-06-13T17:08:47.437807+0800 ERROR finish command M105

2025-06-13T17:08:47.439394+0800 ERROR readline ok

2025-06-13T17:08:47.442994+0800 ERROR readline  T:42.8571 /0 B:46.8375 /0 @:0 B@:0 VER: 1.3.2

2025-06-13T17:08:47.637935+0800 ERROR readline X:0.0000 Y:0.0000 Z:5.0000 E:-1.0000 Count X:0 Y:0 Z:10000 STA: 1083130

2025-06-13T17:08:47.640460+0800 ERROR readline 

2025-06-13T17:08:47.897913+0800 ERROR empty readline 0
2025-06-13T17:08:48.161782+0800 ERROR empty readline 1
2025-06-13T17:08:48.426587+0800 ERROR empty readline 2
2025-06-13T17:08:48.636423+0800 ERROR readline X:0.0000 Y:0.0000 Z:5.0000 E:-1.0000 Count X:0 Y:0 Z:10000 STA: 1083130

2025-06-13T17:08:48.638438+0800 ERROR readline 

2025-06-13T17:08:48.894823+0800 ERROR empty readline 0
2025-06-13T17:08:49.146237+0800 ERROR empty readline 1
2025-06-13T17:08:49.411184+0800 ERROR empty readline 2
2025-06-13T17:08:49.637935+0800 ERROR readline X:0.0000 Y:0.0000 Z:5.0000 E:-1.0000 Count X:0 Y:0 Z:10000 STA: 1083130

2025-06-13T17:08:49.639473+0800 ERROR readline 

2025-06-13T17:08:49.892989+0800 ERROR empty readline 0
2025-06-13T17:08:50.157045+0800 ERROR empty readline 1
2025-06-13T17:08:50.421167+0800 ERROR empty readline 2
2025-06-13T17:08:50.636436+0800 ERROR readline X:0.0000 Y:0.0000 Z:5.0000 E:-1.0000 Count X:0 Y:0 Z:10000 STA: 1083130

2025-06-13T17:08:50.637459+0800 ERROR readline 

2025-06-13T17:08:50.889404+0800 ERROR empty readline 0
2025-06-13T17:08:51.156044+0800 ERROR empty readline 1
2025-06-13T17:08:51.408255+0800 ERROR empty readline 2
2025-06-13T17:08:51.636979+0800 ERROR readline X:0.0000 Y:0.0000 Z:5.0000 E:-1.0000 Count X:0 Y:0 Z:10000 STA: 1083130

2025-06-13T17:08:51.637990+0800 ERROR readline 

2025-06-13T17:08:51.890718+0800 ERROR empty readline 0
2025-06-13T17:08:52.142767+0800 ERROR empty readline 1
2025-06-13T17:08:52.406461+0800 ERROR empty readline 2
2025-06-13T17:08:52.637526+0800 ERROR readline X:0.0000 Y:0.0000 Z:5.0000 E:-1.0000 Count X:0 Y:0 Z:10000 STA: 1083130

2025-06-13T17:08:52.639506+0800 ERROR readline 

2025-06-13T17:08:52.901862+0800 ERROR empty readline 0
2025-06-13T17:08:53.167070+0800 ERROR empty readline 1
2025-06-13T17:08:53.427493+0800 ERROR empty readline 2
2025-06-13T17:08:53.636374+0800 ERROR readline X:0.0000 Y:0.0000 Z:5.0000 E:-1.0000 Count X:0 Y:0 Z:10000 STA: 1083130

2025-06-13T17:08:53.639240+0800 ERROR readline 

2025-06-13T17:08:53.894346+0800 ERROR empty readline 0
2025-06-13T17:08:54.159557+0800 ERROR empty readline 1
2025-06-13T17:08:54.423259+0800 ERROR empty readline 2
2025-06-13T17:08:54.634792+0800 ERROR readline X:0.0000 Y:0.0000 Z:5.0000 E:-1.0000 Count X:0 Y:0 Z:10000 STA: 1083130

2025-06-13T17:08:54.638335+0800 ERROR readline 

2025-06-13T17:08:54.892193+0800 ERROR empty readline 0
2025-06-13T17:08:55.156304+0800 ERROR empty readline 1
2025-06-13T17:08:55.420187+0800 ERROR empty readline 2
2025-06-13T17:08:55.636123+0800 ERROR readline X:0.0000 Y:0.0000 Z:5.0000 E:-1.0000 Count X:0 Y:0 Z:10000 STA: 1083130

2025-06-13T17:08:55.636639+0800 ERROR readline 

2025-06-13T17:08:55.897994+0800 ERROR empty readline 0
2025-06-13T17:08:56.161565+0800 ERROR empty readline 1
2025-06-13T17:08:56.422792+0800 ERROR empty readline 2
2025-06-13T17:08:56.634914+0800 ERROR readline X:0.0000 Y:0.0000 Z:5.0000 E:-1.0000 Count X:0 Y:0 Z:10000 STA: 1083130

2025-06-13T17:08:56.636439+0800 ERROR readline 

2025-06-13T17:08:56.871895+0800 INFO M105

2025-06-13T17:08:56.872889+0800 ERROR SENT: M105

2025-06-13T17:08:56.874413+0800 ERROR write command M105

2025-06-13T17:08:56.874413+0800 ERROR second command M105

2025-06-13T17:08:56.875442+0800 ERROR finish command M105

2025-06-13T17:08:56.876443+0800 ERROR readline ok

2025-06-13T17:08:56.880516+0800 ERROR readline  T:42.5223 /0 B:46.8563 /0 @:0 B@:0 VER: 1.3.2

2025-06-13T17:08:57.136706+0800 ERROR empty readline 0
2025-06-13T17:08:57.399516+0800 ERROR empty readline 1
2025-06-13T17:08:57.636199+0800 ERROR readline X:0.0000 Y:0.0000 Z:5.0000 E:-1.0000 Count X:0 Y:0 Z:10000 STA: 1083130

2025-06-13T17:08:57.637311+0800 ERROR readline 

2025-06-13T17:08:57.894534+0800 ERROR empty readline 0
2025-06-13T17:08:58.157612+0800 ERROR empty readline 1
2025-06-13T17:08:58.418152+0800 ERROR empty readline 2
2025-06-13T17:08:58.637103+0800 ERROR readline X:0.0000 Y:0.0000 Z:5.0000 E:-1.0000 Count X:0 Y:0 Z:10000 STA: 1083130

2025-06-13T17:08:58.639369+0800 ERROR readline 

2025-06-13T17:08:58.898395+0800 ERROR empty readline 0
2025-06-13T17:08:59.161455+0800 ERROR empty readline 1
2025-06-13T17:08:59.426371+0800 ERROR empty readline 2
2025-06-13T17:08:59.635309+0800 ERROR readline X:0.0000 Y:0.0000 Z:5.0000 E:-1.0000 Count X:0 Y:0 Z:10000 STA: 1083130

2025-06-13T17:08:59.637313+0800 ERROR readline 

2025-06-13T17:08:59.890321+0800 ERROR empty readline 0
2025-06-13T17:09:00.150206+0800 ERROR empty readline 1
2025-06-13T17:09:00.413405+0800 ERROR empty readline 2
2025-06-13T17:09:00.635333+0800 ERROR readline X:0.0000 Y:0.0000 Z:5.0000 E:-1.0000 Count X:0 Y:0 Z:10000 STA: 1083130

2025-06-13T17:09:00.636844+0800 ERROR readline 

2025-06-13T17:09:00.904267+0800 ERROR empty readline 0
2025-06-13T17:09:01.166551+0800 ERROR empty readline 1
2025-06-13T17:09:01.429153+0800 ERROR empty readline 2
2025-06-13T17:09:01.634502+0800 ERROR readline X:0.0000 Y:0.0000 Z:5.0000 E:-1.0000 Count X:0 Y:0 Z:10000 STA: 1083130

2025-06-13T17:09:01.636019+0800 ERROR readline 

2025-06-13T17:09:01.894212+0800 ERROR empty readline 0
2025-06-13T17:09:02.157984+0800 ERROR empty readline 1
2025-06-13T17:09:02.422026+0800 ERROR empty readline 2
2025-06-13T17:09:02.635235+0800 ERROR readline X:0.0000 Y:0.0000 Z:5.0000 E:-1.0000 Count X:0 Y:0 Z:10000 STA: 1083130

2025-06-13T17:09:02.636744+0800 ERROR readline 

2025-06-13T17:09:02.903110+0800 ERROR empty readline 0
2025-06-13T17:09:03.166017+0800 ERROR empty readline 1
2025-06-13T17:09:03.429377+0800 ERROR empty readline 2
2025-06-13T17:09:03.634330+0800 ERROR readline X:0.0000 Y:0.0000 Z:5.0000 E:-1.0000 Count X:0 Y:0 Z:10000 STA: 1083130

2025-06-13T17:09:03.635859+0800 ERROR readline 

2025-06-13T17:09:03.894350+0800 ERROR empty readline 0
2025-06-13T17:09:04.159552+0800 ERROR empty readline 1
2025-06-13T17:09:04.421870+0800 ERROR empty readline 2
2025-06-13T17:09:04.635363+0800 ERROR readline X:0.0000 Y:0.0000 Z:5.0000 E:-1.0000 Count X:0 Y:0 Z:10000 STA: 1083130

2025-06-13T17:09:04.637416+0800 ERROR readline 

2025-06-13T17:09:04.891448+0800 ERROR empty readline 0
2025-06-13T17:09:05.157684+0800 ERROR empty readline 1
2025-06-13T17:09:05.420546+0800 ERROR empty readline 2
2025-06-13T17:09:05.634423+0800 ERROR readline X:0.0000 Y:0.0000 Z:5.0000 E:-1.0000 Count X:0 Y:0 Z:10000 STA: 1083130

2025-06-13T17:09:05.635943+0800 ERROR readline 

2025-06-13T17:09:05.901669+0800 ERROR empty readline 0
2025-06-13T17:09:06.164431+0800 ERROR empty readline 1
2025-06-13T17:09:06.321398+0800 INFO M105

2025-06-13T17:09:06.322376+0800 ERROR SENT: M105

2025-06-13T17:09:06.323396+0800 ERROR write command M105

2025-06-13T17:09:06.324389+0800 ERROR second command M105

2025-06-13T17:09:06.325425+0800 ERROR finish command M105

2025-06-13T17:09:06.326393+0800 ERROR readline ok

2025-06-13T17:09:06.330241+0800 ERROR readline  T:41.9643 /0 B:46.8000 /0 @:0 B@:0 VER: 1.3.2

2025-06-13T17:09:06.590005+0800 ERROR empty readline 0
2025-06-13T17:09:06.634248+0800 ERROR readline X:0.0000 Y:0.0000 Z:5.0000 E:-1.0000 Count X:0 Y:0 Z:10000 STA: 1083130

2025-06-13T17:09:06.635294+0800 ERROR readline 

2025-06-13T17:09:06.897728+0800 ERROR empty readline 0
2025-06-13T17:09:07.161420+0800 ERROR empty readline 1
2025-06-13T17:09:07.427688+0800 ERROR empty readline 2
2025-06-13T17:09:07.635288+0800 ERROR readline X:0.0000 Y:0.0000 Z:5.0000 E:-1.0000 Count X:0 Y:0 Z:10000 STA: 1083130

2025-06-13T17:09:07.636292+0800 ERROR readline 

2025-06-13T17:09:07.891208+0800 ERROR empty readline 0
2025-06-13T17:09:08.157161+0800 ERROR empty readline 1
2025-06-13T17:09:08.421652+0800 ERROR empty readline 2
2025-06-13T17:09:08.634646+0800 ERROR readline X:0.0000 Y:0.0000 Z:5.0000 E:-1.0000 Count X:0 Y:0 Z:10000 STA: 1083130

2025-06-13T17:09:08.635668+0800 ERROR readline 

2025-06-13T17:09:08.900261+0800 ERROR empty readline 0
2025-06-13T17:09:09.160810+0800 ERROR empty readline 1
2025-06-13T17:09:09.423434+0800 ERROR empty readline 2
2025-06-13T17:09:09.633211+0800 ERROR readline X:0.0000 Y:0.0000 Z:5.0000 E:-1.0000 Count X:0 Y:0 Z:10000 STA: 1083130

2025-06-13T17:09:09.635203+0800 ERROR readline 

2025-06-13T17:09:09.889570+0800 ERROR empty readline 0
2025-06-13T17:09:10.141495+0800 ERROR empty readline 1
2025-06-13T17:09:10.407387+0800 ERROR empty readline 2
2025-06-13T17:09:10.636401+0800 ERROR readline X:0.0000 Y:0.0000 Z:5.0000 E:-1.0000 Count X:0 Y:0 Z:10000 STA: 1083130

2025-06-13T17:09:10.639261+0800 ERROR readline 

2025-06-13T17:09:10.906597+0800 ERROR empty readline 0
2025-06-13T17:09:11.166663+0800 ERROR empty readline 1
2025-06-13T17:09:11.428154+0800 ERROR empty readline 2
2025-06-13T17:09:11.634361+0800 ERROR readline X:0.0000 Y:0.0000 Z:5.0000 E:-1.0000 Count X:0 Y:0 Z:10000 STA: 1083130

2025-06-13T17:09:11.635874+0800 ERROR readline 

2025-06-13T17:09:11.895345+0800 ERROR empty readline 0
2025-06-13T17:09:12.159567+0800 ERROR empty readline 1
2025-06-13T17:09:12.411544+0800 ERROR empty readline 2
2025-06-13T17:09:12.634659+0800 ERROR readline X:0.0000 Y:0.0000 Z:5.0000 E:-1.0000 Count X:0 Y:0 Z:10000 STA: 1083130

2025-06-13T17:09:12.636683+0800 ERROR readline 

2025-06-13T17:09:12.897415+0800 ERROR empty readline 0
2025-06-13T17:09:13.160258+0800 ERROR empty readline 1
2025-06-13T17:09:13.426026+0800 ERROR empty readline 2
2025-06-13T17:09:13.634539+0800 ERROR readline X:0.0000 Y:0.0000 Z:5.0000 E:-1.0000 Count X:0 Y:0 Z:10000 STA: 1083130

2025-06-13T17:09:13.635561+0800 ERROR readline 

2025-06-13T17:09:13.895944+0800 ERROR empty readline 0
2025-06-13T17:09:14.161801+0800 ERROR empty readline 1
2025-06-13T17:09:14.425470+0800 ERROR empty readline 2
2025-06-13T17:09:14.632686+0800 ERROR readline X:0.0000 Y:0.0000 Z:5.0000 E:-1.0000 Count X:0 Y:0 Z:10000 STA: 1083130

2025-06-13T17:09:14.635207+0800 ERROR readline 

2025-06-13T17:09:14.901414+0800 ERROR empty readline 0
2025-06-13T17:09:15.164855+0800 ERROR empty readline 1
2025-06-13T17:09:15.429358+0800 ERROR empty readline 2
2025-06-13T17:09:15.634259+0800 ERROR readline X:0.0000 Y:0.0000 Z:5.0000 E:-1.0000 Count X:0 Y:0 Z:10000 STA: 1083130

2025-06-13T17:09:15.636275+0800 ERROR readline 

2025-06-13T17:09:15.740312+0800 INFO M105

2025-06-13T17:09:15.741315+0800 ERROR SENT: M105

2025-06-13T17:09:15.742313+0800 ERROR write command M105

2025-06-13T17:09:15.743318+0800 ERROR second command M105

2025-06-13T17:09:15.743318+0800 ERROR finish command M105

2025-06-13T17:09:15.744316+0800 ERROR readline ok

2025-06-13T17:09:15.748381+0800 ERROR readline  T:42.1875 /0 B:46.8375 /0 @:0 B@:0 VER: 1.3.2

2025-06-13T17:09:16.005193+0800 ERROR empty readline 0
2025-06-13T17:09:16.270346+0800 ERROR empty readline 1
2025-06-13T17:09:16.536801+0800 ERROR empty readline 2
2025-06-13T17:09:16.634232+0800 ERROR readline X:0.0000 Y:0.0000 Z:5.0000 E:-1.0000 Count X:0 Y:0 Z:10000 STA: 1083130

2025-06-13T17:09:16.636769+0800 ERROR readline 

2025-06-13T17:09:16.897728+0800 ERROR empty readline 0
2025-06-13T17:09:17.158108+0800 ERROR empty readline 1
2025-06-13T17:09:17.421442+0800 ERROR empty readline 2
2025-06-13T17:09:17.634260+0800 ERROR readline X:0.0000 Y:0.0000 Z:5.0000 E:-1.0000 Count X:0 Y:0 Z:10000 STA: 1083130

2025-06-13T17:09:17.635280+0800 ERROR readline 

2025-06-13T17:09:17.890152+0800 ERROR empty readline 0
2025-06-13T17:09:18.154864+0800 ERROR empty readline 1
2025-06-13T17:09:18.419799+0800 ERROR empty readline 2
2025-06-13T17:09:18.632711+0800 ERROR readline X:0.0000 Y:0.0000 Z:5.0000 E:-1.0000 Count X:0 Y:0 Z:10000 STA: 1083130

2025-06-13T17:09:18.635238+0800 ERROR readline 

2025-06-13T17:09:18.900808+0800 ERROR empty readline 0
2025-06-13T17:09:19.164593+0800 ERROR empty readline 1
2025-06-13T17:09:19.430596+0800 ERROR empty readline 2
2025-06-13T17:09:19.632616+0800 ERROR readline X:0.0000 Y:0.0000 Z:5.0000 E:-1.0000 Count X:0 Y:0 Z:10000 STA: 1083130

2025-06-13T17:09:19.634130+0800 ERROR readline 

2025-06-13T17:09:19.896945+0800 ERROR empty readline 0
2025-06-13T17:09:20.148255+0800 ERROR empty readline 1
2025-06-13T17:09:20.399321+0800 ERROR empty readline 2
2025-06-13T17:09:20.634335+0800 ERROR readline X:0.0000 Y:0.0000 Z:5.0000 E:-1.0000 Count X:0 Y:0 Z:10000 STA: 1083130

2025-06-13T17:09:20.637904+0800 ERROR readline 

2025-06-13T17:09:20.891294+0800 ERROR empty readline 0
2025-06-13T17:09:21.156265+0800 ERROR empty readline 1
2025-06-13T17:09:21.422149+0800 ERROR empty readline 2
2025-06-13T17:09:21.632758+0800 ERROR readline X:0.0000 Y:0.0000 Z:5.0000 E:-1.0000 Count X:0 Y:0 Z:10000 STA: 1083130

2025-06-13T17:09:21.632758+0800 ERROR readline 

2025-06-13T17:09:21.889528+0800 ERROR empty readline 0
2025-06-13T17:09:22.154851+0800 ERROR empty readline 1
2025-06-13T17:09:22.420106+0800 ERROR empty readline 2
2025-06-13T17:09:22.633106+0800 ERROR readline X:0.0000 Y:0.0000 Z:5.0000 E:-1.0000 Count X:0 Y:0 Z:10000 STA: 1083130

2025-06-13T17:09:22.635622+0800 ERROR readline 

2025-06-13T17:09:22.890513+0800 ERROR empty readline 0
2025-06-13T17:09:23.155884+0800 ERROR empty readline 1
2025-06-13T17:09:23.421201+0800 ERROR empty readline 2
2025-06-13T17:09:23.630941+0800 ERROR readline X:0.0000 Y:0.0000 Z:5.0000 E:-1.0000 Count X:0 Y:0 Z:10000 STA: 1083130

2025-06-13T17:09:23.632047+0800 ERROR readline 

2025-06-13T17:09:23.889518+0800 ERROR empty readline 0
2025-06-13T17:09:24.140122+0800 ERROR empty readline 1
2025-06-13T17:09:24.402990+0800 ERROR empty readline 2
2025-06-13T17:09:24.632388+0800 ERROR readline X:0.0000 Y:0.0000 Z:5.0000 E:-1.0000 Count X:0 Y:0 Z:10000 STA: 1083130

2025-06-13T17:09:24.633384+0800 ERROR readline 

2025-06-13T17:09:24.885921+0800 ERROR empty readline 0
2025-06-13T17:09:25.151783+0800 ERROR empty readline 1
2025-06-13T17:09:25.214608+0800 INFO M105

2025-06-13T17:09:25.215625+0800 ERROR SENT: M105

2025-06-13T17:09:25.215625+0800 ERROR write command M105

2025-06-13T17:09:25.216624+0800 ERROR second command M105

2025-06-13T17:09:25.216624+0800 ERROR finish command M105

2025-06-13T17:09:25.218127+0800 ERROR readline ok

2025-06-13T17:09:25.222208+0800 ERROR readline  T:41.9643 /0 B:46.7062 /0 @:0 B@:0 VER: 1.3.2

2025-06-13T17:09:25.476478+0800 ERROR empty readline 0
2025-06-13T17:09:25.631514+0800 ERROR readline X:0.0000 Y:0.0000 Z:5.0000 E:-1.0000 Count X:0 Y:0 Z:10000 STA: 1083130

2025-06-13T17:09:25.632614+0800 ERROR readline 

2025-06-13T17:09:25.894288+0800 ERROR empty readline 0
2025-06-13T17:09:26.146245+0800 ERROR empty readline 1
2025-06-13T17:09:26.397636+0800 ERROR empty readline 2
2025-06-13T17:09:26.631278+0800 ERROR readline X:0.0000 Y:0.0000 Z:5.0000 E:-1.0000 Count X:0 Y:0 Z:10000 STA: 1083130

2025-06-13T17:09:26.634295+0800 ERROR readline 

2025-06-13T17:09:26.900351+0800 ERROR empty readline 0
2025-06-13T17:09:27.164332+0800 ERROR empty readline 1
2025-06-13T17:09:27.429519+0800 ERROR empty readline 2
2025-06-13T17:09:27.632067+0800 ERROR readline X:0.0000 Y:0.0000 Z:5.0000 E:-1.0000 Count X:0 Y:0 Z:10000 STA: 1083130

2025-06-13T17:09:27.633081+0800 ERROR readline 

2025-06-13T17:09:27.895910+0800 ERROR empty readline 0
2025-06-13T17:09:28.161686+0800 ERROR empty readline 1
2025-06-13T17:09:28.425618+0800 ERROR empty readline 2
2025-06-13T17:09:28.621171+0800 INFO L110 S61
2025-06-13T17:09:28.622181+0800 INFO L110 S61
2025-06-13T17:09:28.622181+0800 INFO L110 S61
2025-06-13T17:09:28.623210+0800 ERROR SENT: L110 S61
2025-06-13T17:09:28.623210+0800 ERROR write command L110 S61
2025-06-13T17:09:28.624165+0800 ERROR second command L110 S61
2025-06-13T17:09:28.624165+0800 ERROR finish command L110 S61
2025-06-13T17:09:28.625322+0800 ERROR SENT: L110 S61
2025-06-13T17:09:28.625322+0800 ERROR write command L110 S61
2025-06-13T17:09:28.626299+0800 ERROR readline ok

2025-06-13T17:09:28.626299+0800 ERROR second command L110 S61
2025-06-13T17:09:28.626299+0800 ERROR finish command L110 S61
2025-06-13T17:09:28.626299+0800 ERROR SENT: L110 S61
2025-06-13T17:09:28.627577+0800 ERROR write command L110 S61
2025-06-13T17:09:28.628481+0800 ERROR second command L110 S61
2025-06-13T17:09:28.628481+0800 ERROR readline ok

2025-06-13T17:09:28.629478+0800 ERROR finish command L110 S61
2025-06-13T17:09:28.636369+0800 ERROR readline X:0.0000 Y:0.0000 Z:5.0000 E:-1.0000 Count X:0 Y:0 Z:10000 STA: 34554

2025-06-13T17:09:28.637708+0800 ERROR readline 

2025-06-13T17:09:28.637708+0800 ERROR readline ok

2025-06-13T17:09:28.890560+0800 ERROR empty readline 0
2025-06-13T17:09:29.154387+0800 ERROR empty readline 1
2025-06-13T17:09:29.406221+0800 ERROR empty readline 2
2025-06-13T17:09:29.630678+0800 ERROR readline X:0.0000 Y:0.0000 Z:5.0000 E:-1.0000 Count X:0 Y:0 Z:10000 STA: 34554

2025-06-13T17:09:29.631695+0800 ERROR readline 

2025-06-13T17:09:29.889534+0800 ERROR empty readline 0
2025-06-13T17:09:30.140153+0800 ERROR empty readline 1
2025-06-13T17:09:30.405988+0800 ERROR empty readline 2
2025-06-13T17:09:30.630840+0800 ERROR readline X:0.0000 Y:0.0000 Z:5.0000 E:-1.0000 Count X:0 Y:0 Z:10000 STA: 34554

2025-06-13T17:09:30.635214+0800 ERROR readline 

2025-06-13T17:09:30.897875+0800 ERROR empty readline 0
2025-06-13T17:09:31.163366+0800 ERROR empty readline 1
2025-06-13T17:09:31.427731+0800 ERROR empty readline 2
2025-06-13T17:09:31.630846+0800 ERROR readline X:0.0000 Y:0.0000 Z:5.0000 E:-1.0000 Count X:0 Y:0 Z:10000 STA: 34554

2025-06-13T17:09:31.632849+0800 ERROR readline 

2025-06-13T17:09:31.657010+0800 INFO L110 S61
2025-06-13T17:09:31.657010+0800 INFO L110 S61
2025-06-13T17:09:31.658027+0800 INFO L110 S61
2025-06-13T17:09:31.658027+0800 ERROR SENT: L110 S61
2025-06-13T17:09:31.658027+0800 ERROR write command L110 S61
2025-06-13T17:09:31.659025+0800 ERROR second command L110 S61
2025-06-13T17:09:31.659025+0800 ERROR finish command L110 S61
2025-06-13T17:09:31.659025+0800 ERROR SENT: L110 S61
2025-06-13T17:09:31.659025+0800 ERROR write command L110 S61
2025-06-13T17:09:31.659025+0800 ERROR second command L110 S61
2025-06-13T17:09:31.660513+0800 ERROR finish command L110 S61
2025-06-13T17:09:31.660513+0800 ERROR SENT: L110 S61
2025-06-13T17:09:31.660513+0800 ERROR write command L110 S61
2025-06-13T17:09:31.661518+0800 ERROR readline ok

2025-06-13T17:09:31.662533+0800 ERROR second command L110 S61
2025-06-13T17:09:31.663510+0800 ERROR finish command L110 S61
2025-06-13T17:09:31.665016+0800 ERROR readline ok

2025-06-13T17:09:31.665016+0800 ERROR readline ok

2025-06-13T17:09:31.925961+0800 ERROR empty readline 0
2025-06-13T17:09:32.171319+0800 INFO L110 S60
2025-06-13T17:09:32.172310+0800 INFO L110 S60
2025-06-13T17:09:32.172310+0800 INFO L110 S60
2025-06-13T17:09:32.172310+0800 ERROR SENT: L110 S60
2025-06-13T17:09:32.173435+0800 ERROR write command L110 S60
2025-06-13T17:09:32.174439+0800 ERROR second command L110 S60
2025-06-13T17:09:32.175524+0800 ERROR finish command L110 S60
2025-06-13T17:09:32.175524+0800 ERROR readline ok

2025-06-13T17:09:32.176519+0800 ERROR SENT: L110 S60
2025-06-13T17:09:32.177045+0800 ERROR write command L110 S60
2025-06-13T17:09:32.178053+0800 ERROR second command L110 S60
2025-06-13T17:09:32.178053+0800 ERROR finish command L110 S60
2025-06-13T17:09:32.178053+0800 ERROR SENT: L110 S60
2025-06-13T17:09:32.178053+0800 ERROR write command L110 S60
2025-06-13T17:09:32.178053+0800 ERROR second command L110 S60
2025-06-13T17:09:32.179569+0800 ERROR finish command L110 S60
2025-06-13T17:09:32.179569+0800 ERROR readline ok

2025-06-13T17:09:32.180587+0800 ERROR readline ok

2025-06-13T17:09:32.439627+0800 ERROR empty readline 0
2025-06-13T17:09:32.629532+0800 ERROR readline X:0.0000 Y:0.0000 Z:5.0000 E:-1.0000 Count X:0 Y:0 Z:10000 STA: 1083130

2025-06-13T17:09:32.630039+0800 ERROR readline 

2025-06-13T17:09:32.653442+0800 INFO L110 S61
2025-06-13T17:09:32.654442+0800 INFO L110 S61
2025-06-13T17:09:32.654442+0800 INFO L110 S61
2025-06-13T17:09:32.654952+0800 ERROR SENT: L110 S61
2025-06-13T17:09:32.654952+0800 ERROR write command L110 S61
2025-06-13T17:09:32.656463+0800 ERROR second command L110 S61
2025-06-13T17:09:32.657474+0800 ERROR finish command L110 S61
2025-06-13T17:09:32.658473+0800 ERROR readline ok

2025-06-13T17:09:32.658473+0800 ERROR SENT: L110 S61
2025-06-13T17:09:32.660009+0800 ERROR write command L110 S61
2025-06-13T17:09:32.661029+0800 ERROR second command L110 S61
2025-06-13T17:09:32.661029+0800 ERROR finish command L110 S61
2025-06-13T17:09:32.661029+0800 ERROR SENT: L110 S61
2025-06-13T17:09:32.662040+0800 ERROR write command L110 S61
2025-06-13T17:09:32.663043+0800 ERROR second command L110 S61
2025-06-13T17:09:32.663043+0800 ERROR readline ok

2025-06-13T17:09:32.663043+0800 ERROR finish command L110 S61
2025-06-13T17:09:32.665571+0800 ERROR readline ok

2025-06-13T17:09:32.924325+0800 ERROR empty readline 0
2025-06-13T17:09:33.188518+0800 ERROR empty readline 1
2025-06-13T17:09:33.454395+0800 ERROR empty readline 2
2025-06-13T17:09:33.632667+0800 ERROR readline X:0.0000 Y:0.0000 Z:5.0000 E:-1.0000 Count X:0 Y:0 Z:10000 STA: 34554

2025-06-13T17:09:33.635209+0800 ERROR readline 

2025-06-13T17:09:33.887238+0800 ERROR empty readline 0
2025-06-13T17:09:34.154257+0800 ERROR empty readline 1
2025-06-13T17:09:34.417234+0800 ERROR empty readline 2
2025-06-13T17:09:34.630588+0800 ERROR readline X:0.0000 Y:0.0000 Z:5.0000 E:-1.0000 Count X:0 Y:0 Z:10000 STA: 34554

2025-06-13T17:09:34.632594+0800 ERROR readline 

2025-06-13T17:09:34.651318+0800 INFO M105

2025-06-13T17:09:34.652312+0800 ERROR SENT: M105

2025-06-13T17:09:34.652312+0800 ERROR write command M105

2025-06-13T17:09:34.653313+0800 ERROR second command M105

2025-06-13T17:09:34.654330+0800 ERROR finish command M105

2025-06-13T17:09:34.657388+0800 ERROR readline ok

2025-06-13T17:09:34.661441+0800 ERROR readline  T:42.0759 /0 B:46.5563 /0 @:0 B@:0 VER: 1.3.2

2025-06-13T17:09:34.932627+0800 ERROR empty readline 0
2025-06-13T17:09:35.197756+0800 ERROR empty readline 1
2025-06-13T17:09:35.462759+0800 ERROR empty readline 2
2025-06-13T17:09:35.629108+0800 ERROR readline X:0.0000 Y:0.0000 Z:5.0000 E:-1.0000 Count X:0 Y:0 Z:10000 STA: 34554

2025-06-13T17:09:35.634124+0800 ERROR readline 

2025-06-13T17:09:35.897918+0800 ERROR empty readline 0
2025-06-13T17:09:36.163167+0800 ERROR empty readline 1
2025-06-13T17:09:36.414875+0800 ERROR empty readline 2
2025-06-13T17:09:36.631426+0800 ERROR readline X:0.0000 Y:0.0000 Z:5.0000 E:-1.0000 Count X:0 Y:0 Z:10000 STA: 34554

2025-06-13T17:09:36.637312+0800 ERROR readline 

2025-06-13T17:09:36.900422+0800 ERROR empty readline 0
2025-06-13T17:09:37.165609+0800 ERROR empty readline 1
2025-06-13T17:09:37.430955+0800 ERROR empty readline 2
2025-06-13T17:09:37.633108+0800 ERROR readline X:0.0000 Y:0.0000 Z:5.0000 E:-1.0000 Count X:0 Y:0 Z:10000 STA: 34554

2025-06-13T17:09:37.635101+0800 ERROR readline 

2025-06-13T17:09:37.898073+0800 ERROR empty readline 0
2025-06-13T17:09:38.164542+0800 ERROR empty readline 1
2025-06-13T17:09:38.427754+0800 ERROR empty readline 2
2025-06-13T17:09:38.638338+0800 ERROR readline X:0.0000 Y:0.0000 Z:5.0000 E:-1.0000 Count X:0 Y:0 Z:10000 STA: 34554

2025-06-13T17:09:38.641762+0800 ERROR readline 

2025-06-13T17:09:38.894573+0800 ERROR empty readline 0
2025-06-13T17:09:39.145519+0800 ERROR empty readline 1
2025-06-13T17:09:39.410541+0800 ERROR empty readline 2
2025-06-13T17:09:39.637898+0800 ERROR readline X:0.0000 Y:0.0000 Z:5.0000 E:-1.0000 Count X:0 Y:0 Z:10000 STA: 34554

2025-06-13T17:09:39.639411+0800 ERROR readline 

2025-06-13T17:09:39.904834+0800 ERROR empty readline 0
2025-06-13T17:09:40.170494+0800 ERROR empty readline 1
2025-06-13T17:09:40.437834+0800 ERROR empty readline 2
2025-06-13T17:09:40.639391+0800 ERROR readline X:0.0000 Y:0.0000 Z:5.0000 E:-1.0000 Count X:0 Y:0 Z:10000 STA: 34554

2025-06-13T17:09:40.640964+0800 ERROR readline 

2025-06-13T17:09:40.903465+0800 ERROR empty readline 0
2025-06-13T17:09:41.166395+0800 ERROR empty readline 1
2025-06-13T17:09:41.429134+0800 ERROR empty readline 2
2025-06-13T17:09:41.636229+0800 ERROR readline X:0.0000 Y:0.0000 Z:5.0000 E:-1.0000 Count X:0 Y:0 Z:10000 STA: 33530

2025-06-13T17:09:41.636739+0800 ERROR readline 

2025-06-13T17:09:41.897442+0800 ERROR empty readline 0
2025-06-13T17:09:42.159972+0800 ERROR empty readline 1
2025-06-13T17:09:42.421941+0800 ERROR empty readline 2
2025-06-13T17:09:42.638675+0800 ERROR readline X:0.0000 Y:0.0000 Z:5.0000 E:-1.0000 Count X:0 Y:0 Z:10000 STA: 33530

2025-06-13T17:09:42.640724+0800 ERROR readline 

2025-06-13T17:09:42.906340+0800 ERROR empty readline 0
2025-06-13T17:09:43.172815+0800 ERROR empty readline 1
2025-06-13T17:09:43.438041+0800 ERROR empty readline 2
2025-06-13T17:09:43.637515+0800 ERROR readline X:0.0000 Y:0.0000 Z:5.0000 E:-1.0000 Count X:0 Y:0 Z:10000 STA: 33530

2025-06-13T17:09:43.640052+0800 ERROR readline 

2025-06-13T17:09:43.904859+0800 ERROR empty readline 0
2025-06-13T17:09:44.046651+0800 INFO M105

2025-06-13T17:09:44.047905+0800 ERROR SENT: M105

2025-06-13T17:09:44.047905+0800 ERROR write command M105

2025-06-13T17:09:44.049168+0800 ERROR second command M105

2025-06-13T17:09:44.050186+0800 ERROR finish command M105

2025-06-13T17:09:44.051194+0800 ERROR readline ok

2025-06-13T17:09:44.056731+0800 ERROR readline  T:41.7411 /0 B:46.2938 /0 @:0 B@:0 VER: 1.3.2

2025-06-13T17:09:44.311718+0800 ERROR empty readline 0
2025-06-13T17:09:44.574661+0800 ERROR empty readline 1
2025-06-13T17:09:44.636381+0800 ERROR readline X:0.0000 Y:0.0000 Z:5.0000 E:-1.0000 Count X:0 Y:0 Z:10000 STA: 33530

2025-06-13T17:09:44.637882+0800 ERROR readline 

2025-06-13T17:09:44.902874+0800 ERROR empty readline 0
2025-06-13T17:09:45.156037+0800 ERROR empty readline 1
2025-06-13T17:09:45.420125+0800 ERROR empty readline 2
2025-06-13T17:09:45.637981+0800 ERROR readline X:0.0000 Y:0.0000 Z:5.0000 E:-1.0000 Count X:0 Y:0 Z:10000 STA: 33530

2025-06-13T17:09:45.637981+0800 ERROR readline 

2025-06-13T17:09:45.905217+0800 ERROR empty readline 0
2025-06-13T17:09:46.171348+0800 ERROR empty readline 1
2025-06-13T17:09:46.436150+0800 ERROR empty readline 2
2025-06-13T17:09:46.636178+0800 ERROR readline X:0.0000 Y:0.0000 Z:5.0000 E:-1.0000 Count X:0 Y:0 Z:10000 STA: 33530

2025-06-13T17:09:46.637704+0800 ERROR readline 

2025-06-13T17:09:46.889187+0800 ERROR empty readline 0
2025-06-13T17:09:47.153309+0800 ERROR empty readline 1
2025-06-13T17:09:47.418985+0800 ERROR empty readline 2
2025-06-13T17:09:47.638331+0800 ERROR readline X:0.0000 Y:0.0000 Z:5.0000 E:-1.0000 Count X:0 Y:0 Z:10000 STA: 33530

2025-06-13T17:09:47.639344+0800 ERROR readline 

2025-06-13T17:09:47.901648+0800 ERROR empty readline 0
2025-06-13T17:09:48.166719+0800 ERROR empty readline 1
2025-06-13T17:09:48.431737+0800 ERROR empty readline 2
2025-06-13T17:09:48.637307+0800 ERROR readline X:0.0000 Y:0.0000 Z:5.0000 E:-1.0000 Count X:0 Y:0 Z:10000 STA: 33530

2025-06-13T17:09:48.640337+0800 ERROR readline 

2025-06-13T17:09:48.898345+0800 ERROR empty readline 0
2025-06-13T17:09:49.161445+0800 ERROR empty readline 1
2025-06-13T17:09:49.427101+0800 ERROR empty readline 2
2025-06-13T17:09:49.634475+0800 ERROR readline X:0.0000 Y:0.0000 Z:5.0000 E:-1.0000 Count X:0 Y:0 Z:10000 STA: 33530

2025-06-13T17:09:49.639021+0800 ERROR readline 

2025-06-13T17:09:49.892221+0800 ERROR empty readline 0
2025-06-13T17:09:50.158342+0800 ERROR empty readline 1
2025-06-13T17:09:50.420758+0800 ERROR empty readline 2
2025-06-13T17:09:50.637511+0800 ERROR readline X:0.0000 Y:0.0000 Z:5.0000 E:-1.0000 Count X:0 Y:0 Z:10000 STA: 33530

2025-06-13T17:09:50.639512+0800 ERROR readline 

2025-06-13T17:09:50.902447+0800 ERROR empty readline 0
2025-06-13T17:09:51.167297+0800 ERROR empty readline 1
2025-06-13T17:09:51.429469+0800 ERROR empty readline 2
2025-06-13T17:09:51.636398+0800 ERROR readline X:0.0000 Y:0.0000 Z:5.0000 E:-1.0000 Count X:0 Y:0 Z:10000 STA: 33530

2025-06-13T17:09:51.637718+0800 ERROR readline 

2025-06-13T17:09:51.896718+0800 ERROR empty readline 0
2025-06-13T17:09:52.160521+0800 ERROR empty readline 1
2025-06-13T17:09:52.412950+0800 ERROR empty readline 2
2025-06-13T17:09:52.636444+0800 ERROR readline X:0.0000 Y:0.0000 Z:5.0000 E:-1.0000 Count X:0 Y:0 Z:10000 STA: 33530

2025-06-13T17:09:52.637472+0800 ERROR readline 

2025-06-13T17:09:52.900933+0800 ERROR empty readline 0
2025-06-13T17:09:53.164473+0800 ERROR empty readline 1
2025-06-13T17:09:53.415244+0800 ERROR empty readline 2
2025-06-13T17:09:53.430329+0800 INFO M105

2025-06-13T17:09:53.431331+0800 ERROR SENT: M105

2025-06-13T17:09:53.432359+0800 ERROR write command M105

2025-06-13T17:09:53.433349+0800 ERROR second command M105

2025-06-13T17:09:53.434345+0800 ERROR readline ok

2025-06-13T17:09:53.434345+0800 ERROR finish command M105

2025-06-13T17:09:53.439244+0800 ERROR readline  T:41.7411 /0 B:46.3688 /0 @:0 B@:0 VER: 1.3.2

2025-06-13T17:09:53.636122+0800 ERROR readline X:0.0000 Y:0.0000 Z:5.0000 E:-1.0000 Count X:0 Y:0 Z:10000 STA: 33530

2025-06-13T17:09:53.637147+0800 ERROR readline 

2025-06-13T17:09:53.897749+0800 ERROR empty readline 0
2025-06-13T17:09:54.148068+0800 ERROR empty readline 1
2025-06-13T17:09:54.411436+0800 ERROR empty readline 2
2025-06-13T17:09:54.635540+0800 ERROR readline X:0.0000 Y:0.0000 Z:5.0000 E:-1.0000 Count X:0 Y:0 Z:10000 STA: 33530

2025-06-13T17:09:54.639097+0800 ERROR readline 

2025-06-13T17:09:54.894836+0800 ERROR empty readline 0
2025-06-13T17:09:55.146714+0800 ERROR empty readline 1
2025-06-13T17:09:55.411939+0800 ERROR empty readline 2
2025-06-13T17:09:55.634331+0800 ERROR readline X:0.0000 Y:0.0000 Z:5.0000 E:-1.0000 Count X:0 Y:0 Z:10000 STA: 33530

2025-06-13T17:09:55.637896+0800 ERROR readline 

2025-06-13T17:09:55.895987+0800 ERROR empty readline 0
2025-06-13T17:09:56.160624+0800 ERROR empty readline 1
2025-06-13T17:09:56.422856+0800 ERROR empty readline 2
2025-06-13T17:09:56.636483+0800 ERROR readline X:0.0000 Y:0.0000 Z:5.0000 E:-1.0000 Count X:0 Y:0 Z:10000 STA: 33530

2025-06-13T17:09:56.636483+0800 ERROR readline 

2025-06-13T17:09:56.902382+0800 ERROR empty readline 0
2025-06-13T17:09:57.166651+0800 ERROR empty readline 1
2025-06-13T17:09:57.417711+0800 ERROR empty readline 2
2025-06-13T17:09:57.636616+0800 ERROR readline X:0.0000 Y:0.0000 Z:5.0000 E:-1.0000 Count X:0 Y:0 Z:10000 STA: 33530

2025-06-13T17:09:57.638148+0800 ERROR readline 

2025-06-13T17:09:57.889443+0800 ERROR empty readline 0
2025-06-13T17:09:58.150820+0800 ERROR empty readline 1
2025-06-13T17:09:58.412358+0800 ERROR empty readline 2
2025-06-13T17:09:58.635422+0800 ERROR readline X:0.0000 Y:0.0000 Z:5.0000 E:-1.0000 Count X:0 Y:0 Z:10000 STA: 33530

2025-06-13T17:09:58.636913+0800 ERROR readline 

2025-06-13T17:09:58.898038+0800 ERROR empty readline 0
2025-06-13T17:09:59.164527+0800 ERROR empty readline 1
2025-06-13T17:09:59.430450+0800 ERROR empty readline 2
2025-06-13T17:09:59.632803+0800 ERROR readline X:0.0000 Y:0.0000 Z:5.0000 E:-1.0000 Count X:0 Y:0 Z:10000 STA: 33530

2025-06-13T17:09:59.632803+0800 ERROR readline 

2025-06-13T17:09:59.892943+0800 ERROR empty readline 0
2025-06-13T17:10:00.155669+0800 ERROR empty readline 1
2025-06-13T17:10:00.419884+0800 ERROR empty readline 2
2025-06-13T17:10:00.633422+0800 ERROR readline X:0.0000 Y:0.0000 Z:5.0000 E:-1.0000 Count X:0 Y:0 Z:10000 STA: 33530

2025-06-13T17:10:00.634422+0800 ERROR readline 

2025-06-13T17:10:00.900121+0800 ERROR empty readline 0
2025-06-13T17:10:01.153523+0800 ERROR empty readline 1
2025-06-13T17:10:01.417737+0800 ERROR empty readline 2
2025-06-13T17:10:01.637068+0800 ERROR readline X:0.0000 Y:0.0000 Z:5.0000 E:-1.0000 Count X:0 Y:0 Z:10000 STA: 33530

2025-06-13T17:10:01.639415+0800 ERROR readline 

2025-06-13T17:10:01.899301+0800 ERROR empty readline 0
2025-06-13T17:10:02.166048+0800 ERROR empty readline 1
2025-06-13T17:10:02.430911+0800 ERROR empty readline 2
2025-06-13T17:10:02.634146+0800 ERROR readline X:0.0000 Y:0.0000 Z:5.0000 E:-1.0000 Count X:0 Y:0 Z:10000 STA: 33530

2025-06-13T17:10:02.636194+0800 ERROR readline 

2025-06-13T17:10:02.790844+0800 INFO M105

2025-06-13T17:10:02.791351+0800 ERROR SENT: M105

2025-06-13T17:10:02.792369+0800 ERROR write command M105

2025-06-13T17:10:02.794124+0800 ERROR second command M105

2025-06-13T17:10:02.794124+0800 ERROR finish command M105

2025-06-13T17:10:02.796223+0800 ERROR readline ok

2025-06-13T17:10:02.800344+0800 ERROR readline  T:41.1830 /0 B:46.3125 /0 @:0 B@:0 VER: 1.3.2

2025-06-13T17:10:03.054533+0800 ERROR empty readline 0
2025-06-13T17:10:03.316889+0800 ERROR empty readline 1
2025-06-13T17:10:03.597204+0800 ERROR empty readline 2
2025-06-13T17:10:03.651715+0800 ERROR readline X:0.0000 Y:0.0000 Z:5.0000 E:-1.0000 Count X:0 Y:0 Z:10000 STA: 33530

2025-06-13T17:10:03.655255+0800 ERROR readline 

2025-06-13T17:10:04.029412+0800 ERROR empty readline 0
2025-06-13T17:10:04.295050+0800 ERROR empty readline 1
2025-06-13T17:10:04.562233+0800 ERROR empty readline 2
2025-06-13T17:10:04.667935+0800 ERROR readline X:0.0000 Y:0.0000 Z:5.0000 E:-1.0000 Count X:0 Y:0 Z:10000 STA: 33530

2025-06-13T17:10:04.670225+0800 ERROR readline 

2025-06-13T17:10:04.932555+0800 ERROR empty readline 0
2025-06-13T17:10:05.195157+0800 ERROR empty readline 1
2025-06-13T17:10:05.509984+0800 ERROR empty readline 2
2025-06-13T17:10:05.637705+0800 ERROR readline X:0.0000 Y:0.0000 Z:5.0000 E:-1.0000 Count X:0 Y:0 Z:10000 STA: 33530

2025-06-13T17:10:05.639217+0800 ERROR readline 

2025-06-13T17:10:05.901626+0800 ERROR empty readline 0
2025-06-13T17:10:06.162221+0800 ERROR empty readline 1
2025-06-13T17:10:06.420662+0800 ERROR empty readline 2
2025-06-13T17:10:06.633207+0800 ERROR readline X:0.0000 Y:0.0000 Z:5.0000 E:-1.0000 Count X:0 Y:0 Z:10000 STA: 33530

2025-06-13T17:10:06.634742+0800 ERROR readline 

2025-06-13T17:10:06.901767+0800 ERROR empty readline 0
2025-06-13T17:10:07.166324+0800 ERROR empty readline 1
2025-06-13T17:10:07.431570+0800 ERROR empty readline 2
2025-06-13T17:10:07.632527+0800 ERROR readline X:0.0000 Y:0.0000 Z:5.0000 E:-1.0000 Count X:0 Y:0 Z:10000 STA: 33530

2025-06-13T17:10:07.633069+0800 ERROR readline 

2025-06-13T17:10:07.900547+0800 ERROR empty readline 0
2025-06-13T17:10:08.166973+0800 ERROR empty readline 1
2025-06-13T17:10:08.429613+0800 ERROR empty readline 2
2025-06-13T17:10:08.634159+0800 ERROR readline X:0.0000 Y:0.0000 Z:5.0000 E:-1.0000 Count X:0 Y:0 Z:10000 STA: 33530

2025-06-13T17:10:08.637721+0800 ERROR readline 

2025-06-13T17:10:08.895111+0800 ERROR empty readline 0
2025-06-13T17:10:09.160703+0800 ERROR empty readline 1
2025-06-13T17:10:09.427934+0800 ERROR empty readline 2
2025-06-13T17:10:09.632700+0800 ERROR readline X:0.0000 Y:0.0000 Z:5.0000 E:-1.0000 Count X:0 Y:0 Z:10000 STA: 33530

2025-06-13T17:10:09.635727+0800 ERROR readline 

2025-06-13T17:10:09.896599+0800 ERROR empty readline 0
2025-06-13T17:10:10.162033+0800 ERROR empty readline 1
2025-06-13T17:10:10.414353+0800 ERROR empty readline 2
2025-06-13T17:10:10.632664+0800 ERROR readline X:0.0000 Y:0.0000 Z:5.0000 E:-1.0000 Count X:0 Y:0 Z:10000 STA: 33530

2025-06-13T17:10:10.634172+0800 ERROR readline 

2025-06-13T17:10:10.900248+0800 ERROR empty readline 0
2025-06-13T17:10:11.163378+0800 ERROR empty readline 1
2025-06-13T17:10:11.427673+0800 ERROR empty readline 2
2025-06-13T17:10:11.634159+0800 ERROR readline X:0.0000 Y:0.0000 Z:5.0000 E:-1.0000 Count X:0 Y:0 Z:10000 STA: 33530

2025-06-13T17:10:11.636186+0800 ERROR readline 

2025-06-13T17:10:11.895972+0800 ERROR empty readline 0
2025-06-13T17:10:12.159769+0800 ERROR empty readline 1
2025-06-13T17:10:12.161322+0800 INFO M105

2025-06-13T17:10:12.161322+0800 ERROR SENT: M105

2025-06-13T17:10:12.162457+0800 ERROR write command M105

2025-06-13T17:10:12.164188+0800 ERROR second command M105

2025-06-13T17:10:12.164188+0800 ERROR finish command M105

2025-06-13T17:10:12.165212+0800 ERROR readline ok

2025-06-13T17:10:12.169354+0800 ERROR readline  T:40.9598 /0 B:46.2188 /0 @:0 B@:0 VER: 1.3.2

2025-06-13T17:10:12.426712+0800 ERROR empty readline 0
2025-06-13T17:10:12.633474+0800 ERROR readline X:0.0000 Y:0.0000 Z:5.0000 E:-1.0000 Count X:0 Y:0 Z:10000 STA: 33530

2025-06-13T17:10:12.637297+0800 ERROR readline 

2025-06-13T17:10:12.894505+0800 ERROR empty readline 0
2025-06-13T17:10:13.160197+0800 ERROR empty readline 1
2025-06-13T17:10:13.425725+0800 ERROR empty readline 2
2025-06-13T17:10:13.633375+0800 ERROR readline X:0.0000 Y:0.0000 Z:5.0000 E:-1.0000 Count X:0 Y:0 Z:10000 STA: 33530

2025-06-13T17:10:13.634378+0800 ERROR readline 

2025-06-13T17:10:13.889877+0800 ERROR empty readline 0
