;FLAVOR:Marlin
;TIME:2749
;Filament used: 2.18677m
;Layer height: 0.2
;MINX:115.59
;MINY:119.9
;MINZ:0.2
;MAXX:184.41
;MAXY:179.5
;MAXZ:7.8
;TARGET_MACHINE.NAME:X2 Serial
;ARCWELDERPROCESSED
; Postprocessed by [ArcWelder](https://github.com/FormerLurker/ArcWelderLib)
; Copyright(C) 2021 - Brad Hochgesang
; Version: 1.2.0, Branch: HEAD, BuildDate: 2021-11-21T20:25:43Z
; resolution=0.05mm
; path_tolerance=10.0%
; max_radius=1000.00mm
; firmware_compensation=True
; mm_per_arc_segment=1.00mm
; min_arc_segments=36
; default_xyz_precision=4
; default_e_precision=6
; extrusion_rate_variance_percent=0.0%

;Generated with Cura_SteamEngine 5.9.0
M140 S70
M105
M190 S70
M104 S230
M105
M109 S230
M82 ;absolute extrusion mode
M710 S200
G28
G1 Z5.0 F600
G1 X155 Y155 F4800 ;Move the platform down 15mm
;Prime the extruder
G92 E0
G1 F200 E1
G92 E0
G92 E0
G92 E0
G1 F4200 E-1
;LAYER_COUNT:39
;LAYER:0
M107
G1 F1500 Z0.5
G0 F7680 X164.284 Y133.812 Z0.5
;TYPE:SKIRT
G1 F1500 Z0.2
G1 F2100 E0
G1 F1350 X164.352 Y133.687 E0.00492
G1 X164.4 Y133.188 E0.02224
G1 X164.395 Y129.821 E0.13857
G1 X164.359 Y129.353 E0.15479
G1 X164.32 Y129.24 E0.15892
G1 X164.068 Y129.134 E0.16836
G1 X163.574 Y129.1 E0.18547
G1 X136.313 Y129.104 E1.12736
G1 X135.712 Y129.184 E1.1483
G1 X135.664 Y129.279 E1.15198
G1 X135.6 Y129.901 E1.17358
G1 X135.6 Y133.045 E1.28221
G1 X135.644 Y133.594 E1.30124
G1 X135.685 Y133.761 E1.30718
G1 X135.757 Y133.84 E1.31088
G1 X136.318 Y133.897 E1.33036
G1 X163.613 Y133.9 E2.27342
G1 X164.131 Y133.869 E2.29135
G1 X164.284 Y133.812 E2.29699
G0 F7680 X164.507 Y134.156
G1 F1350 X164.659 Y134.003 E2.30444
G1 X164.745 Y133.78 E2.3127
G1 X164.8 Y133.205 E2.33265
G1 X164.795 Y129.804 E2.45016
G1 X164.755 Y129.28 E2.46832
G1 X164.69 Y129.074 E2.47578
G1 X164.603 Y128.944 E2.48119
G1 X164.383 Y128.809 E2.4901
G1 X164.137 Y128.738 E2.49895
G1 X163.587 Y128.7 E2.518
G1 X136.29 Y128.704 E3.46113
G1 X135.6 Y128.796 E3.48518
G1 X135.436 Y128.889 E3.49169
G1 X135.326 Y129.037 E3.49806
G1 X135.271 Y129.188 E3.50362
G1 X135.2 Y129.879 E3.52762
G1 X135.2 Y133.065 E3.63769
G1 X135.248 Y133.659 E3.65828
G1 X135.32 Y133.953 E3.66874
G1 X135.509 Y134.164 E3.67853
G1 X135.712 Y134.238 E3.686
G1 X136.298 Y134.297 E3.70634
G1 X163.621 Y134.3 E4.65037
G1 X164.214 Y134.264 E4.6709
G1 X164.507 Y134.156 E4.68169
G0 F7680 X164.728 Y134.5
G1 F1350 X165.002 Y134.225 E4.6951
G1 X165.138 Y133.873 E4.70814
G1 X165.2 Y133.222 E4.73073
G1 X165.195 Y129.787 E4.84941
G1 X165.151 Y129.205 E4.86958
G1 X165.054 Y128.9 E4.88064
G1 X164.886 Y128.649 E4.89107
G1 X164.544 Y128.438 E4.90496
G1 X164.209 Y128.342 E4.917
G1 X163.599 Y128.3 E4.93812
G1 X136.276 Y128.304 E5.88215
G1 X135.739 Y128.353 E5.90078
G1 X135.455 Y128.419 E5.91085
G1 X135.166 Y128.583 E5.92233
G1 X134.97 Y128.845 E5.93364
G1 X134.878 Y129.099 E5.94297
G1 X134.8 Y129.857 E5.9693
G1 X134.8 Y133.085 E6.08083
G1 X134.851 Y133.72 E6.10284
G1 X134.946 Y134.106 E6.11658
G1 X135.052 Y134.288 E6.12385
G1 X135.298 Y134.513 E6.13537
G1 X135.621 Y134.631 E6.14725
G1 X136.278 Y134.697 E6.17007
G1 X163.63 Y134.7 E7.1151
G1 X164.297 Y134.659 E7.13818
G1 X164.728 Y134.5 E7.15406
G0 F7680 X164.903 Y135.311
G1 F1350 X164.443 Y135.451 E7.17067
G1 X163.648 Y135.5 E7.19819
G1 X136.238 Y135.497 E8.14522
G1 X135.455 Y135.418 E8.17241
G1 X135.19 Y135.345 E8.18191
G1 X134.915 Y135.221 E8.19233
G1 X134.666 Y135.046 E8.20285
G1 X134.408 Y134.77 E8.2159
G1 X134.198 Y134.412 E8.23024
G1 X134.057 Y133.842 E8.25053
G1 X134 Y133.123 E8.27545
G1 X134 Y129.848 E8.3886
G1 X134.036 Y129.267 E8.40871
G1 X134.102 Y128.895 E8.42177
G1 X134.251 Y128.482 E8.43694
G1 X134.397 Y128.238 E8.44676
G1 X134.609 Y128.001 E8.45775
G1 X134.866 Y127.81 E8.46881
G1 X135.201 Y127.656 E8.48155
G1 X135.603 Y127.563 E8.49581
G1 X136.248 Y127.504 E8.51818
G1 X163.623 Y127.5 E9.46401
G1 X164.353 Y127.55 E9.48929
G1 X164.822 Y127.684 E9.50614
G1 X165.127 Y127.829 E9.51781
G1 X165.438 Y128.063 E9.53126
G1 X165.641 Y128.306 E9.5422
G1 X165.794 Y128.587 E9.55325
G1 X165.943 Y129.054 E9.57019
G1 X165.995 Y129.753 E9.59441
G1 X166 Y133.256 E9.71544
G1 X165.925 Y134.045 E9.74282
G1 X165.836 Y134.346 E9.75366
G1 X165.697 Y134.633 E9.76468
G1 X165.486 Y134.908 E9.77666
G1 X165.18 Y135.166 E9.79049
G1 X164.903 Y135.311 E9.80129
G0 F7680 X164.752 Y134.939
G1 F1350 X164.954 Y134.833 E9.80917
G1 X165.198 Y134.627 E9.8202
G1 X165.354 Y134.424 E9.82905
G1 X165.531 Y133.966 E9.84602
G1 X165.6 Y133.239 E9.87125
G1 X165.595 Y129.77 E9.9911
G1 X165.547 Y129.13 E10.01328
G1 X165.424 Y128.743 E10.02731
G1 X165.309 Y128.532 E10.03561
G1 X165.162 Y128.356 E10.04353
G1 X164.918 Y128.173 E10.05407
G1 X164.683 Y128.061 E10.06307
G1 X164.281 Y127.946 E10.07751
G1 X163.611 Y127.9 E10.10072
G1 X136.262 Y127.904 E11.04564
G1 X135.671 Y127.958 E11.06614
G1 X135.328 Y128.037 E11.07831
G1 X135.074 Y128.154 E11.08797
G1 X134.88 Y128.298 E11.09632
G1 X134.614 Y128.653 E11.11164
G1 X134.49 Y128.997 E11.12428
G1 X134.433 Y129.318 E11.13554
G1 X134.4 Y129.857 E11.1542
G1 X134.4 Y133.104 E11.26638
G1 X134.454 Y133.781 E11.28985
G1 X134.572 Y134.259 E11.30686
G1 X134.73 Y134.53 E11.3177
G1 X134.93 Y134.743 E11.32779
G1 X135.112 Y134.871 E11.33548
G1 X135.53 Y135.024 E11.35086
G1 X136.258 Y135.097 E11.37614
G1 X163.639 Y135.1 E12.32217
G1 X164.37 Y135.055 E12.34747
G1 X164.752 Y134.939 E12.36127
G1 F4200 E11.36127
G1 F1500 Z0.5
G0 F7680 X162.683 Y143.437 Z0.5
G1 F1500 Z0.2
G1 F2100 E12.36127
G1 F1350 X162.551 Y143.706 E12.37162
G1 X162.296 Y144.063 E12.38678
G1 X161.899 Y144.409 E12.40497
G1 X162 Y144.884 E12.42175
G1 X161.988 Y174.862 E13.45751
G1 X161.921 Y175.367 E13.47511
G1 X161.711 Y176.159 E13.50342
G1 X161.362 Y176.932 E13.53273
G1 X160.973 Y177.529 E13.55734
G1 X160.5 Y178.064 E13.58202
G1 X159.845 Y178.606 E13.61139
G1 X159.22 Y178.975 E13.63647
G1 X158.445 Y179.282 E13.66527
G1 X157.785 Y179.436 E13.68868
G1 X157.159 Y179.5 E13.71043
G1 X142.583 Y179.484 E14.21404
G1 X142.087 Y179.413 E14.23135
G1 X141.465 Y179.254 E14.25353
G1 X140.578 Y178.872 E14.2869
G1 X140.082 Y178.555 E14.30724
G1 X139.44 Y178.001 E14.33653
G1 X138.89 Y177.339 E14.36627
G1 X138.55 Y176.772 E14.38911
G1 X138.198 Y175.874 E14.42244
G1 X138.048 Y175.198 E14.44636
G1 X138.008 Y174.841 E14.45877
G1 X138 Y145.006 E15.48959
G1 X138.111 Y144.396 E15.51101
G1 X137.904 Y144.267 E15.51944
G1 X137.563 Y143.896 E15.53685
G1 X137.254 Y143.381 E15.5576
G1 X137.17 Y143.298 E15.56168
G1 X136.961 Y143.192 E15.56978
G1 X136.482 Y143.105 E15.5866
G1 X130.605 Y143.088 E15.78965
G1 X130.027 Y143.012 E15.8098
G1 X129.105 Y142.768 E15.84275
G1 X128.471 Y142.496 E15.86658
G1 X127.632 Y141.97 E15.9008
G1 X127.108 Y141.522 E15.92462
G1 X126.368 Y140.639 E15.96442
G1 X125.93 Y139.871 E15.99497
G1 X125.624 Y139.067 E16.02469
G1 X125.49 Y138.493 E16.04506
G1 X125.4 Y137.693 E16.07287
G1 X125.4 Y128.712 E16.38317
G1 X125.374 Y128.425 E16.39313
G1 X125.311 Y128.21 E16.40087
G1 X125.201 Y128.157 E16.40509
G1 X124.653 Y128.1 E16.42412
G1 X117.48 Y128.095 E16.67196
G1 X116.936 Y127.981 E16.69116
G1 X116.33 Y127.639 E16.7152
G1 X115.848 Y127.076 E16.74081
G1 X115.654 Y126.579 E16.75924
G1 X115.59 Y126.17 E16.77354
G1 X115.599 Y121.768 E16.92564
G1 X115.685 Y121.335 E16.94089
G1 X115.922 Y120.808 E16.96085
G1 X116.442 Y120.271 E16.98668
G1 X116.975 Y120.005 E17.00726
G1 X117.468 Y119.9 E17.02468
G1 X182.449 Y119.9 E19.26981
G1 X183.086 Y120.028 E19.29226
G1 X183.725 Y120.403 E19.31786
G1 X184.005 Y120.728 E19.33268
G1 X184.289 Y121.227 E19.35252
G1 X184.41 Y121.83 E19.37377
G1 X184.406 Y126.21 E19.5251
G1 X184.292 Y126.754 E19.5443
G1 X183.95 Y127.36 E19.56835
G1 X183.387 Y127.842 E19.59395
G1 X182.89 Y128.036 E19.61239
G1 X182.481 Y128.1 E19.62669
G1 X175.312 Y128.102 E19.87438
G1 X174.843 Y128.142 E19.89065
G1 X174.714 Y128.195 E19.89546
G1 X174.623 Y128.526 E19.90733
G1 X174.6 Y128.882 E19.91965
G1 X174.583 Y137.953 E20.23306
G1 X174.494 Y138.567 E20.2545
G1 X174.329 Y139.216 E20.27763
G1 X173.901 Y140.202 E20.31477
G1 X173.423 Y140.931 E20.34489
G1 X172.925 Y141.491 E20.37078
G1 X172.197 Y142.093 E20.40342
G1 X171.38 Y142.567 E20.43606
G1 X170.683 Y142.838 E20.46189
G1 X169.806 Y143.041 E20.493
G1 X169.323 Y143.094 E20.50978
G1 X163.572 Y143.107 E20.70848
G1 X163.143 Y143.169 E20.72346
G1 X162.849 Y143.269 E20.73419
G1 X162.683 Y143.437 E20.74235
G0 F7680 X163.543 Y142.707
G1 F1350 X163.048 Y142.778 E20.75963
G1 X162.667 Y142.908 E20.77354
G1 X162.52 Y143.01 E20.77972
G1 X162.346 Y143.216 E20.78904
G1 X162.192 Y143.529 E20.80109
G1 X161.974 Y143.826 E20.81382
G1 X161.695 Y144.068 E20.82658
G1 X161.378 Y144.232 E20.83891
G1 X161.506 Y144.482 E20.84861
G1 X161.6 Y144.884 E20.86288
G1 X161.591 Y174.809 E21.8968
G1 X161.524 Y175.314 E21.91441
G1 X161.325 Y176.055 E21.94091
G1 X161.027 Y176.714 E21.9659
G1 X160.638 Y177.311 E21.99052
G1 X160.243 Y177.757 E22.01111
G1 X159.639 Y178.263 E22.03833
G1 X159.071 Y178.604 E22.06122
G1 X158.354 Y178.892 E22.08792
G1 X157.694 Y179.046 E22.11133
G1 X157.159 Y179.1 E22.12991
G1 X142.638 Y179.088 E22.63162
G1 X142.186 Y179.025 E22.64739
G1 X141.564 Y178.866 E22.66957
G1 X140.791 Y178.533 E22.69865
G1 X140.341 Y178.25 E22.71702
G1 X139.748 Y177.745 E22.74393
G1 X139.198 Y177.083 E22.77367
G1 X138.895 Y176.569 E22.79428
G1 X138.588 Y175.787 E22.82331
G1 X138.446 Y175.153 E22.84575
G1 X138.406 Y174.796 E22.85817
G1 X138.4 Y145.006 E23.88743
G1 X138.463 Y144.601 E23.90159
G1 X138.539 Y144.384 E23.90953
G1 X138.644 Y144.214 E23.91644
G1 X138.193 Y143.99 E23.93384
G1 X137.906 Y143.69 E23.94818
G1 X137.571 Y143.131 E23.9707
G1 X137.407 Y142.969 E23.97866
G1 X137.089 Y142.808 E23.99098
G1 X136.52 Y142.705 E24.01096
G1 X130.657 Y142.691 E24.21353
G1 X130.079 Y142.615 E24.23367
G1 X129.263 Y142.4 E24.26283
G1 X128.629 Y142.128 E24.28666
G1 X127.892 Y141.666 E24.31671
G1 X127.368 Y141.218 E24.34053
G1 X126.714 Y140.439 E24.37568
G1 X126.303 Y139.728 E24.40405
G1 X126.014 Y138.976 E24.43189
G1 X125.88 Y138.402 E24.45225
G1 X125.8 Y137.693 E24.4769
G1 X125.8 Y128.698 E24.78769
G1 X125.769 Y128.351 E24.79972
G1 X125.671 Y128.015 E24.81182
G1 X125.574 Y127.893 E24.8172
G1 X125.311 Y127.766 E24.82729
G1 X124.675 Y127.7 E24.84938
G1 X117.524 Y127.695 E25.09645
G1 X117.075 Y127.601 E25.1123
G1 X116.589 Y127.327 E25.13158
G1 X116.195 Y126.866 E25.15253
G1 X116.048 Y126.512 E25.16578
G1 X115.99 Y126.17 E25.17776
G1 X115.994 Y121.834 E25.32757
G1 X116.05 Y121.499 E25.33931
G1 X116.258 Y121.036 E25.35685
G1 X116.683 Y120.598 E25.37793
G1 X117.066 Y120.394 E25.39292
G1 X117.468 Y120.3 E25.40719
G1 X182.41 Y120.3 E27.65098
G1 X182.942 Y120.407 E27.66972
G1 X183.465 Y120.714 E27.69068
G1 X183.657 Y120.926 E27.70056
G1 X183.941 Y121.425 E27.7204
G1 X184.01 Y121.83 E27.73459
G1 X184.006 Y126.166 E27.8844
G1 X183.912 Y126.615 E27.90025
G1 X183.638 Y127.101 E27.91953
G1 X183.177 Y127.495 E27.94048
G1 X182.823 Y127.642 E27.95373
G1 X182.481 Y127.7 E27.96571
G1 X175.29 Y127.702 E28.21416
G1 X174.765 Y127.747 E28.23237
G1 X174.529 Y127.821 E28.24092
G1 X174.359 Y127.976 E28.24886
G1 X174.227 Y128.459 E28.26616
G1 X174.2 Y128.871 E28.28043
G1 X174.187 Y137.897 E28.59228
G1 X174.106 Y138.468 E28.61221
G1 X173.941 Y139.117 E28.63535
G1 X173.566 Y139.984 E28.66798
G1 X173.122 Y140.667 E28.69613
G1 X172.668 Y141.184 E28.7199
G1 X171.994 Y141.748 E28.75027
G1 X171.235 Y142.194 E28.78068
G1 X170.538 Y142.465 E28.80652
G1 X169.762 Y142.643 E28.83403
G1 X169.279 Y142.696 E28.85082
G1 X163.543 Y142.707 E29.049
G0 F7680 X163.513 Y142.307
G1 F1350 X162.953 Y142.388 E29.06855
G1 X162.488 Y142.546 E29.08552
G1 X162.247 Y142.712 E29.09563
G1 X162.004 Y143 E29.10865
G1 X161.87 Y143.292 E29.11975
G1 X161.652 Y143.589 E29.13248
G1 X161.444 Y143.757 E29.14171
G1 X161.18 Y143.884 E29.15184
G1 X160.908 Y143.935 E29.1614
G1 X160.433 Y143.893 E29.17787
G1 X160.706 Y144.048 E29.18872
G1 X160.955 Y144.297 E29.20089
G1 X161.12 Y144.586 E29.21238
G1 X161.2 Y144.884 E29.22305
G1 X161.194 Y174.756 E30.25514
G1 X161.127 Y175.261 E30.27274
G1 X160.959 Y175.893 E30.29534
G1 X160.691 Y176.497 E30.31817
G1 X160.336 Y177.048 E30.34081
G1 X159.986 Y177.45 E30.35923
G1 X159.382 Y177.956 E30.38645
G1 X158.868 Y178.259 E30.40707
G1 X158.263 Y178.502 E30.4296
G1 X157.603 Y178.656 E30.45301
G1 X157.159 Y178.7 E30.46843
G1 X142.691 Y178.691 E30.96831
G1 X142.285 Y178.637 E30.98246
G1 X141.663 Y178.478 E31.00464
G1 X141.004 Y178.194 E31.02943
G1 X140.554 Y177.911 E31.0478
G1 X140.054 Y177.488 E31.07043
G1 X139.543 Y176.88 E31.09787
G1 X139.24 Y176.366 E31.11848
G1 X138.978 Y175.699 E31.14324
G1 X138.844 Y175.108 E31.16418
G1 X138.804 Y174.751 E31.17659
G1 X138.8 Y145.006 E32.2043
G1 X138.857 Y144.668 E32.21614
G1 X138.911 Y144.531 E32.22123
G1 X139.185 Y144.135 E32.23787
G1 X139.4 Y143.974 E32.24715
G1 X139.643 Y143.864 E32.25636
G1 X139.336 Y143.92 E32.26715
G1 X138.922 Y143.898 E32.28147
G1 X138.473 Y143.704 E32.29837
G1 X138.249 Y143.485 E32.30919
G1 X137.887 Y142.88 E32.33355
G1 X137.66 Y142.656 E32.34457
G1 X137.483 Y142.54 E32.35188
G1 X137.202 Y142.422 E32.36241
G1 X136.559 Y142.305 E32.38499
G1 X130.709 Y142.294 E32.58712
G1 X130.131 Y142.218 E32.60726
G1 X129.421 Y142.032 E32.63262
G1 X128.787 Y141.76 E32.65645
G1 X128.152 Y141.362 E32.68235
G1 X127.628 Y140.914 E32.70616
G1 X127.059 Y140.237 E32.73672
G1 X126.676 Y139.583 E32.76291
G1 X126.404 Y138.885 E32.78879
G1 X126.27 Y138.311 E32.80915
G1 X126.2 Y137.693 E32.83064
G1 X126.2 Y128.684 E33.14191
G1 X126.163 Y128.276 E33.15606
G1 X126.033 Y127.827 E33.17221
G1 X125.845 Y127.592 E33.18261
G1 X125.637 Y127.459 E33.19114
G1 X125.4 Y127.373 E33.19985
G1 X124.697 Y127.3 E33.22427
G1 X117.59 Y127.3 E33.46982
G1 X117.255 Y127.244 E33.48156
G1 X116.884 Y127.057 E33.49591
G1 X116.56 Y126.702 E33.51252
G1 X116.441 Y126.437 E33.52256
G1 X116.39 Y126.17 E33.53195
G1 X116.389 Y121.9 E33.67948
G1 X116.445 Y121.565 E33.69121
G1 X116.554 Y121.305 E33.70096
G1 X116.881 Y120.945 E33.71776
G1 X117.17 Y120.78 E33.72926
G1 X117.468 Y120.7 E33.73992
G1 X182.41 Y120.7 E35.9837
G1 X182.748 Y120.757 E35.99555
G1 X183.182 Y120.997 E36.01268
G1 X183.309 Y121.124 E36.01889
G1 X183.559 Y121.563 E36.03634
G1 X183.61 Y121.83 E36.04573
G1 X183.611 Y126.1 E36.19327
G1 X183.555 Y126.435 E36.205
G1 X183.368 Y126.806 E36.21935
G1 X183.013 Y127.13 E36.23596
G1 X182.748 Y127.249 E36.246
G1 X182.481 Y127.3 E36.25539
G1 X175.268 Y127.302 E36.5046
G1 X174.691 Y127.351 E36.52461
G1 X174.358 Y127.456 E36.53667
G1 X174.228 Y127.536 E36.54195
G1 X174.033 Y127.738 E36.55165
G1 X173.943 Y127.904 E36.55817
G1 X173.83 Y128.4 E36.57575
G1 X173.8 Y128.861 E36.59171
G1 X173.791 Y137.842 E36.90201
G1 X173.718 Y138.369 E36.92039
G1 X173.553 Y139.018 E36.94353
G1 X173.229 Y139.768 E36.97176
G1 X172.821 Y140.403 E36.99783
G1 X172.367 Y140.92 E37.02161
G1 X171.739 Y141.44 E37.04978
G1 X171.088 Y141.822 E37.07586
G1 X170.447 Y142.075 E37.09967
G1 X169.718 Y142.245 E37.12553
G1 X169.235 Y142.298 E37.14232
G1 X163.513 Y142.307 E37.34002
G1 F4200 E36.34002
G1 F1500 Z0.5
G0 F7680 X159.959 Y143.805 Z0.5
G1 F1500 Z0.2
G1 F2100 E37.34002
G1 F1350 X139.924 Y143.807 E38.03224
G1 X159.959 Y143.805 E38.72446
G0 F7680 X160.4 Y144.936
G1 F1350 X160.397 Y174.706 E39.75303
G1 X160.352 Y175.064 E39.7655
G1 X160.224 Y175.578 E39.7838
G1 X160.015 Y176.07 E39.80227
G1 X159.732 Y176.522 E39.82069
G1 X159.382 Y176.924 E39.83911
G1 X158.973 Y177.268 E39.85758
G1 X158.516 Y177.543 E39.876
G1 X158.021 Y177.742 E39.89444
G1 X157.518 Y177.86 E39.91229
G1 X157.159 Y177.9 E39.92477
G1 X142.794 Y177.897 E40.42109
G1 X142.435 Y177.852 E40.43359
G1 X141.92 Y177.723 E40.45193
G1 X141.427 Y177.514 E40.47043
G1 X141.027 Y177.268 E40.48666
G1 X140.574 Y176.88 E40.50726
G1 X140.231 Y176.471 E40.52571
G1 X139.956 Y176.014 E40.54413
G1 X139.757 Y175.518 E40.5626
G1 X139.64 Y175.018 E40.58034
G1 X139.6 Y174.661 E40.59275
G1 X139.6 Y145.006 E41.61735
G1 X139.64 Y144.833 E41.62349
G1 X139.75 Y144.694 E41.62961
G1 X139.931 Y144.606 E41.63657
G1 X160 Y144.605 E42.32996
G1 X160.173 Y144.644 E42.33609
G1 X160.312 Y144.755 E42.34224
G1 X160.4 Y144.936 E42.34919
G0 F7680 X160.8 Y144.936
G1 F1350 X160.794 Y174.756 E43.37949
G1 X160.74 Y175.161 E43.39361
G1 X160.592 Y175.734 E43.41405
G1 X160.354 Y176.282 E43.43469
G1 X160.034 Y176.785 E43.45529
G1 X159.684 Y177.187 E43.47371
G1 X159.179 Y177.611 E43.49649
G1 X158.665 Y177.914 E43.51711
G1 X158.17 Y178.113 E43.53554
G1 X157.562 Y178.258 E43.55714
G1 X157.159 Y178.3 E43.57113
G1 X142.744 Y178.294 E44.06918
G1 X142.338 Y178.24 E44.08333
G1 X141.764 Y178.091 E44.10382
G1 X141.217 Y177.855 E44.12441
G1 X140.767 Y177.572 E44.14277
G1 X140.314 Y177.184 E44.16338
G1 X139.888 Y176.677 E44.18626
G1 X139.585 Y176.163 E44.20687
G1 X139.368 Y175.609 E44.22743
G1 X139.242 Y175.063 E44.24679
G1 X139.202 Y174.706 E44.2592
G1 X139.2 Y145.006 E45.28536
G1 X139.25 Y144.743 E45.29461
G1 X139.436 Y144.446 E45.30671
G1 X139.575 Y144.334 E45.31288
G1 X139.756 Y144.246 E45.31984
G1 X139.931 Y144.206 E45.32604
G1 X160 Y144.205 E46.01943
G1 X160.261 Y144.254 E46.02861
G1 X160.423 Y144.331 E46.03481
G1 X160.672 Y144.58 E46.04697
G1 X160.76 Y144.761 E46.05393
G1 X160.8 Y144.936 E46.06013
G0 F7680 X161.067 Y143.051
G1 F1350 X160.91 Y143.135 E46.06628
G1 X160.696 Y143.134 E46.07368
G1 X160.362 Y143.039 E46.08567
G1 X159.985 Y143.005 E46.09875
G1 X139.846 Y143.006 E46.79457
G1 X139.25 Y143.128 E46.81559
G1 X139.072 Y143.124 E46.82174
G1 X138.914 Y143.043 E46.82787
G1 X138.8 Y142.888 E46.83452
G1 X138.714 Y142.679 E46.84233
G1 X138.516 Y142.377 E46.85481
G1 X138.166 Y142.031 E46.87181
G1 X137.859 Y141.83 E46.88449
G1 X137.429 Y141.65 E46.90059
G1 X136.768 Y141.529 E46.92381
G1 X136.297 Y141.504 E46.94011
G1 X130.76 Y141.497 E47.13141
G1 X130.326 Y141.442 E47.14653
G1 X129.735 Y141.296 E47.16756
G1 X129.155 Y141.051 E47.18932
G1 X128.672 Y140.754 E47.20891
G1 X128.148 Y140.306 E47.23273
G1 X127.745 Y139.826 E47.25438
G1 X127.419 Y139.286 E47.27617
G1 X127.184 Y138.703 E47.29789
G1 X127.05 Y138.129 E47.31826
G1 X127 Y137.693 E47.33342
G1 X127 Y128.656 E47.64565
G1 X126.954 Y128.151 E47.66318
G1 X126.864 Y127.752 E47.67731
G1 X126.747 Y127.456 E47.6883
G1 X126.568 Y127.183 E47.69958
G1 X126.35 Y126.965 E47.71024
G1 X125.992 Y126.738 E47.72488
G1 X125.596 Y126.592 E47.73946
G1 X125.262 Y126.534 E47.75118
G1 X124.728 Y126.5 E47.76966
G1 X117.59 Y126.5 E48.01629
G1 X117.417 Y126.461 E48.02241
G1 X117.278 Y126.35 E48.02856
G1 X117.19 Y126.17 E48.03548
G1 X117.189 Y121.9 E48.18301
G1 X117.228 Y121.727 E48.18914
G1 X117.339 Y121.588 E48.19529
G1 X117.52 Y121.5 E48.20224
G1 X182.41 Y121.5 E50.44423
G1 X182.583 Y121.54 E50.45036
G1 X182.722 Y121.65 E50.45649
G1 X182.81 Y121.83 E50.46341
G1 X182.811 Y126.1 E50.61094
G1 X182.772 Y126.273 E50.61707
G1 X182.661 Y126.412 E50.62322
G1 X182.481 Y126.5 E50.63014
G1 X175.224 Y126.502 E50.88087
G1 X174.558 Y126.558 E50.90396
G1 X174.27 Y126.626 E50.91419
G1 X174.007 Y126.732 E50.92399
G1 X173.726 Y126.905 E50.93539
G1 X173.381 Y127.264 E50.95259
G1 X173.202 Y127.593 E50.96553
G1 X173.104 Y127.901 E50.9767
G1 X173.034 Y128.312 E50.9911
G1 X173 Y128.85 E51.00973
G1 X172.997 Y137.739 E51.31685
G1 X172.942 Y138.174 E51.332
G1 X172.797 Y138.763 E51.35296
G1 X172.552 Y139.342 E51.37468
G1 X172.218 Y139.877 E51.39647
G1 X171.808 Y140.35 E51.4181
G1 X171.328 Y140.754 E51.43977
G1 X170.788 Y141.08 E51.46157
G1 X170.205 Y141.315 E51.48328
G1 X169.629 Y141.45 E51.50372
G1 X169.191 Y141.5 E51.51896
G1 X163.453 Y141.507 E51.71721
G1 X162.797 Y141.602 E51.74011
G1 X162.432 Y141.7 E51.75317
G1 X162.098 Y141.844 E51.76573
G1 X161.727 Y142.1 E51.78131
G1 X161.479 Y142.351 E51.7935
G1 X161.301 Y142.61 E51.80436
G1 X161.172 Y142.908 E51.81558
G1 X161.067 Y143.051 E51.82171
G0 F7680 X161.256 Y143.404
G1 F1350 X161.083 Y143.496 E51.82848
G1 X160.927 Y143.535 E51.83403
G1 X160.587 Y143.519 E51.84579
G1 X160.286 Y143.433 E51.85661
G1 X159.971 Y143.405 E51.86753
G1 X139.887 Y143.406 E52.56145
G1 X139.33 Y143.52 E52.58109
G1 X139.063 Y143.524 E52.59032
G1 X138.732 Y143.399 E52.60254
G1 X138.592 Y143.28 E52.60889
G1 X138.203 Y142.629 E52.63509
G1 X137.916 Y142.346 E52.64902
G1 X137.669 Y142.184 E52.65923
G1 X137.313 Y142.035 E52.67256
G1 X136.598 Y141.905 E52.69767
G1 X130.71 Y141.894 E52.9011
G1 X130.23 Y141.83 E52.91783
G1 X129.579 Y141.664 E52.94105
G1 X128.945 Y141.392 E52.96488
G1 X128.412 Y141.058 E52.98661
G1 X127.888 Y140.61 E53.01043
G1 X127.403 Y140.033 E53.03648
G1 X127.048 Y139.436 E53.06047
G1 X126.794 Y138.794 E53.08433
G1 X126.66 Y138.22 E53.10469
G1 X126.6 Y137.693 E53.12302
G1 X126.6 Y128.67 E53.43477
G1 X126.559 Y128.215 E53.45055
G1 X126.481 Y127.871 E53.46274
G1 X126.39 Y127.642 E53.47126
G1 X126.256 Y127.437 E53.47972
G1 X126.098 Y127.279 E53.48744
G1 X125.812 Y127.097 E53.49915
G1 X125.493 Y126.98 E53.51089
G1 X124.719 Y126.9 E53.53777
G1 X117.59 Y126.9 E53.78409
G1 X117.329 Y126.851 E53.79326
G1 X117.167 Y126.774 E53.79946
G1 X116.919 Y126.526 E53.81158
G1 X116.831 Y126.346 E53.8185
G1 X116.79 Y126.17 E53.82474
G1 X116.789 Y121.9 E53.97227
G1 X116.838 Y121.639 E53.98145
G1 X116.915 Y121.477 E53.98765
G1 X117.164 Y121.228 E53.99981
G1 X117.345 Y121.14 E54.00677
G1 X117.52 Y121.1 E54.01297
G1 X182.41 Y121.1 E56.25496
G1 X182.673 Y121.15 E56.26421
G1 X182.97 Y121.336 E56.27632
G1 X183.169 Y121.654 E56.28928
G1 X183.21 Y121.83 E56.29552
G1 X183.211 Y126.1 E56.44305
G1 X183.162 Y126.361 E56.45223
G1 X183.085 Y126.523 E56.45842
G1 X182.837 Y126.771 E56.47054
G1 X182.657 Y126.859 E56.47747
G1 X182.481 Y126.9 E56.48371
G1 X175.246 Y126.902 E56.73368
G1 X174.616 Y126.955 E56.75553
G1 X174.19 Y127.09 E56.77097
G1 X173.976 Y127.221 E56.77964
G1 X173.708 Y127.5 E56.793
G1 X173.572 Y127.75 E56.80284
G1 X173.493 Y127.996 E56.81176
G1 X173.432 Y128.357 E56.82441
G1 X173.4 Y128.859 E56.84179
G1 X173.394 Y137.789 E57.15033
G1 X173.33 Y138.27 E57.16709
G1 X173.165 Y138.919 E57.19023
G1 X172.891 Y139.554 E57.21413
G1 X172.52 Y140.139 E57.23806
G1 X172.066 Y140.656 E57.26183
G1 X171.535 Y141.096 E57.28566
G1 X170.938 Y141.451 E57.30966
G1 X170.355 Y141.686 E57.33137
G1 X169.674 Y141.847 E57.35555
G1 X169.191 Y141.9 E57.37234
G1 X163.483 Y141.907 E57.56956
G1 X162.875 Y141.995 E57.59078
G1 X162.562 Y142.079 E57.60198
G1 X162.293 Y142.195 E57.6121
G1 X161.987 Y142.406 E57.62494
G1 X161.79 Y142.606 E57.63464
G1 X161.652 Y142.806 E57.64304
G1 X161.539 Y143.067 E57.65286
G1 X161.389 Y143.288 E57.66209
G1 X161.256 Y143.404 E57.66819
G1 F4200 E56.66819
G1 F1500 Z0.5
G0 F7680 X150.364 Y171.961 Z0.5
G1 F1500 Z0.2
G1 F2100 E57.66819
G1 F1350 X150.509 Y171.796 E57.67578
G1 X150.586 Y171.576 E57.68383
G1 X150.549 Y171.292 E57.69373
G1 X150.442 Y171.113 E57.70093
G1 X150.286 Y170.988 E57.70784
G1 X150.106 Y170.925 E57.71443
G1 X149.805 Y170.95 E57.72486
G1 X149.634 Y171.04 E57.73154
G1 X149.492 Y171.203 E57.73901
G1 X149.414 Y171.424 E57.74711
G1 X149.451 Y171.708 E57.757
G1 X149.558 Y171.887 E57.76421
G1 X149.714 Y172.012 E57.77111
G1 X149.926 Y172.086 E57.77887
G1 X150.187 Y172.056 E57.78795
G1 X150.364 Y171.961 E57.79489
G0 F7680 X150.313 Y172.442
G1 F1350 X150.619 Y172.279 E57.80687
G1 X150.86 Y172.002 E57.81955
G1 X150.984 Y171.652 E57.83238
G1 X150.991 Y171.469 E57.83871
G1 X150.927 Y171.145 E57.85012
G1 X150.749 Y170.846 E57.86214
G1 X150.484 Y170.633 E57.87389
G1 X150.156 Y170.519 E57.88589
G1 X149.69 Y170.558 E57.90205
G1 X149.383 Y170.72 E57.91404
G1 X149.14 Y170.998 E57.9268
G1 X149.016 Y171.348 E57.93963
G1 X149.009 Y171.531 E57.94595
G1 X149.073 Y171.855 E57.95736
G1 X149.251 Y172.154 E57.96939
G1 X149.516 Y172.367 E57.98113
G1 X149.844 Y172.481 E57.99313
G1 X149.971 Y172.492 E57.99753
G1 X150.313 Y172.442 E58.00948
G0 F7680 X150.824 Y173.098
G1 F1350 X150.519 Y173.22 E58.02083
G1 X149.998 Y173.297 E58.03902
G1 X149.672 Y173.267 E58.05033
G1 X149.166 Y173.092 E58.06883
G1 X148.891 Y172.915 E58.08013
G1 X148.641 Y172.678 E58.09203
G1 X148.447 Y172.405 E58.10361
G1 X148.308 Y172.107 E58.11497
G1 X148.205 Y171.587 E58.13328
G1 X148.22 Y171.24 E58.14528
G1 X148.299 Y170.914 E58.15687
G1 X148.444 Y170.599 E58.16885
G1 X148.639 Y170.324 E58.1805
G1 X148.891 Y170.085 E58.1925
G1 X149.176 Y169.902 E58.2042
G1 X149.482 Y169.78 E58.21558
G1 X150.012 Y169.703 E58.23409
G1 X150.328 Y169.733 E58.24506
G1 X150.834 Y169.908 E58.26355
G1 X151.109 Y170.085 E58.27485
G1 X151.359 Y170.322 E58.28676
G1 X151.553 Y170.595 E58.29833
G1 X151.692 Y170.893 E58.30969
G1 X151.795 Y171.413 E58.328
G1 X151.78 Y171.76 E58.34
G1 X151.701 Y172.086 E58.35159
G1 X151.556 Y172.401 E58.36357
G1 X151.361 Y172.676 E58.37522
G1 X151.109 Y172.915 E58.38722
G1 X150.824 Y173.098 E58.39892
G0 F7680 X150.638 Y172.742
G1 F1350 X150.864 Y172.597 E58.4082
G1 X151.058 Y172.413 E58.41744
G1 X151.209 Y172.2 E58.42646
G1 X151.32 Y171.957 E58.43569
G1 X151.382 Y171.705 E58.44466
G1 X151.393 Y171.441 E58.45379
G1 X151.31 Y171.021 E58.46858
G1 X151.205 Y170.796 E58.47716
G1 X151.054 Y170.584 E58.48615
G1 X150.86 Y170.4 E58.49539
G1 X150.66 Y170.271 E58.50361
G1 X150.242 Y170.126 E58.5189
G1 X150.024 Y170.106 E58.52646
G1 X149.587 Y170.169 E58.54172
G1 X149.36 Y170.26 E58.55017
G1 X149.136 Y170.403 E58.55935
G1 X148.942 Y170.587 E58.56859
G1 X148.791 Y170.8 E58.57761
G1 X148.68 Y171.043 E58.58684
G1 X148.618 Y171.295 E58.5958
G1 X148.607 Y171.559 E58.60493
G1 X148.69 Y171.979 E58.61972
G1 X148.795 Y172.204 E58.6283
G1 X148.946 Y172.416 E58.6373
G1 X149.14 Y172.6 E58.64653
G1 X149.34 Y172.729 E58.65476
G1 X149.758 Y172.874 E58.67004
G1 X149.985 Y172.894 E58.67792
G1 X150.416 Y172.831 E58.69297
G1 X150.638 Y172.742 E58.70123
G1 F4200 E57.70123
G1 F1500 Z0.5
G0 F7680 X130.815 Y126.046 Z0.5
G1 F1500 Z0.2
G1 F2100 E58.70123
G1 F1350 X130.75 Y126.155 E58.70561
G1 X130.635 Y125.866 E58.71636
G1 X130.548 Y125.7 E58.72284
G1 X131.07 Y125.7 E58.74087
G1 X130.815 Y126.046 E58.75572
G0 F7680 X130.691 Y127.154
G1 F1350 X130.65 Y127.267 E58.75988
G2 X130.4080 Y126.3790 I-5.8424 J1.1152 E58.791700
G1 X130.263 Y126.014 E58.80527
G1 X129.941 Y125.397 E58.82931
G1 X129.877 Y125.3 E58.83333
G1 X131.953 Y125.3 E58.90506
G1 X131.81 Y125.431 E58.91176
G1 X131.546 Y125.725 E58.92541
G1 X131.158 Y126.252 E58.94802
G1 X130.969 Y126.568 E58.96074
G1 X130.691 Y127.154 E58.98315
G0 F7680 X130.759 Y128.271
G2 X130.6060 Y129.6510 I7.8659 J1.5706 E59.031180 F1350
G2 X130.6690 Y134.1370 I46.7670 J1.5867 E59.186260
G2 X130.9150 Y135.2940 I7.0405 J-0.8923 E59.227170
G1 X131.072 Y135.757 E59.24406
G2 X131.4980 Y136.5280 I6.6642 J-3.1790 E59.274510
G1 X131.891 Y137.057 E59.29728
G1 X132.201 Y137.39 E59.31299
G1 X132.677 Y137.804 E59.33479
G1 X133 Y138.03 E59.34841
G1 X133.126 Y138.102 E59.35342
G1 X130.99 Y138.1 E59.42723
G1 X130.948 Y138.095 E59.42869
G1 X130.817 Y138.064 E59.43334
G1 X130.733 Y138.029 E59.43648
G1 X130.649 Y137.978 E59.43988
G1 X130.581 Y137.919 E59.44299
G1 X130.522 Y137.851 E59.4461
G1 X130.47 Y137.765 E59.44957
G1 X130.436 Y137.683 E59.45264
G1 X130.405 Y137.551 E59.45732
G1 X130.4 Y137.511 E59.45871
G1 X130.4 Y128.643 E59.76511
G2 X130.2770 Y127.4300 I-7.5846 J0.1564 E59.807270
G2 X130.0360 Y126.5260 I-5.8599 J1.0781 E59.839620
G1 X129.891 Y126.161 E59.85319
G1 X129.607 Y125.617 E59.87439
G1 X129.384 Y125.279 E59.88838
G1 X129.076 Y124.9 E59.90526
G1 X133.134 Y124.9 E60.04546
G1 X132.865 Y125.06 E60.05628
G1 X132.545 Y125.299 E60.07008
G1 X132.108 Y125.699 E60.09055
G1 X131.844 Y125.993 E60.1042
G1 X131.501 Y126.457 E60.12413
G1 X131.312 Y126.773 E60.13686
G1 X131.067 Y127.29 E60.15662
G2 X130.7590 Y128.2710 I5.5211 J2.2723 E60.192180
G0 F7680 X130 Y128.643
G1 F1350 X129.99 Y128.41 E60.20024
G2 X129.8870 Y127.5180 I-6.7844 J0.3315 E60.231280
G2 X129.6640 Y126.6740 I-5.3859 J0.9716 E60.261460
G1 X129.519 Y126.309 E60.27503
G1 X129.273 Y125.837 E60.29342
G1 X129.05 Y125.499 E60.30741
G1 X128.725 Y125.099 E60.32522
G1 X128.446 Y124.818 E60.3389
G1 X128.05 Y124.5 E60.35645
G1 X171.945 Y124.5 E61.87305
G2 X171.6010 Y124.7770 I1.5299 J2.2520 E61.888320
G2 X171.0870 Y125.3300 I3.6778 J3.9338 E61.914420
G1 X170.767 Y125.791 E61.93381
G1 X170.549 Y126.191 E61.94955
G1 X170.355 Y126.645 E61.96661
G2 X170.1520 Y127.3660 I5.0185 J1.8021 E61.992510
G2 X170.0050 Y128.6790 I7.4743 J1.5015 E62.038210
G1 X170 Y128.841 E62.0438
G1 X170 Y137.535 E62.34419
G1 X169.99 Y137.618 E62.34708
G1 X169.944 Y137.811 E62.35393
G1 X169.889 Y137.945 E62.35894
G1 X169.802 Y138.087 E62.36469
G1 X169.703 Y138.203 E62.36996
G1 X169.587 Y138.302 E62.37523
G1 X169.447 Y138.388 E62.3809
G1 X169.311 Y138.444 E62.38599
G1 X169.12 Y138.49 E62.39277
G1 X169.034 Y138.5 E62.39577
G1 X163.417 Y138.507 E62.58984
G2 X162.0500 Y138.6970 I0.4534 J8.2749 E62.637570
G2 X161.2680 Y138.9350 I1.2385 J5.4731 E62.665830
G1 X160.871 Y139.107 E62.68078
G1 X160.431 Y139.351 E62.69816
G1 X159.992 Y139.653 E62.71658
G1 X159.615 Y139.969 E62.73357
G1 X159.591 Y139.993 E62.73474
G1 X140.372 Y139.993 E63.39877
G1 X140.244 Y139.867 E63.40498
G1 X139.841 Y139.542 E63.42287
G1 X139.473 Y139.301 E63.43806
G1 X139.057 Y139.079 E63.45436
G1 X138.553 Y138.867 E63.47325
G1 X138.012 Y138.706 E63.49275
G2 X136.9520 Y138.5350 I-1.8092 J7.8443 E63.529860
G2 X136.3010 Y138.5040 I-1.0296 J14.7706 E63.552380
G1 X130.966 Y138.5 E63.73671
G1 X130.88 Y138.49 E63.7397
G1 X130.689 Y138.444 E63.74649
G1 X130.553 Y138.388 E63.75157
G1 X130.413 Y138.302 E63.75725
G1 X130.297 Y138.203 E63.76252
G1 X130.198 Y138.087 E63.76779
G1 X130.111 Y137.945 E63.77354
G1 X130.056 Y137.811 E63.77854
G1 X130.01 Y137.618 E63.7854
G1 X130 Y137.535 E63.78829
G1 X130 Y128.643 E64.09551
G0 F7680 X129.6 Y128.643
G2 X129.4960 Y127.6060 I-6.6600 J0.1442 E64.131550 F1350
G2 X129.2930 Y126.8220 I-5.2489 J0.9408 E64.159550
G1 X129.148 Y126.457 E64.17312
G1 X128.939 Y126.057 E64.18871
G1 X128.716 Y125.719 E64.2027
G1 X128.441 Y125.381 E64.21776
G1 X128.162 Y125.1 E64.23144
G1 X127.777 Y124.791 E64.2485
G1 X127.347 Y124.519 E64.26607
G1 X126.939 Y124.316 E64.28182
G1 X126.469 Y124.141 E64.29915
G1 X126.316 Y124.1 E64.30462
G1 X173.653 Y124.1 E65.94014
G2 X173.0090 Y124.3310 I1.1503 J4.2202 E65.963800
G2 X172.3320 Y124.7100 I1.8737 J4.1411 E65.990630
G2 X171.8640 Y125.0780 I2.0067 J3.0335 E66.011220
G2 X171.3890 Y125.5920 I3.4198 J3.6368 E66.035410
G1 X171.118 Y125.982 E66.05182
G1 X170.9 Y126.382 E66.06756
G1 X170.736 Y126.767 E66.08202
G2 X170.5460 Y127.4330 I4.7128 J1.7046 E66.105960
G2 X170.4400 Y128.1290 I6.5339 J1.3512 E66.130300
G2 X170.4000 Y128.8410 I10.6545 J0.9557 E66.154940
G1 X170.4 Y137.559 E66.45615
G1 X170.384 Y137.691 E66.46074
G1 X170.327 Y137.931 E66.46927
G1 X170.244 Y138.132 E66.47678
G1 X170.128 Y138.32 E66.48441
G1 X169.986 Y138.486 E66.49196
G1 X169.82 Y138.628 E66.49951
G1 X169.632 Y138.744 E66.50714
G1 X169.431 Y138.827 E66.51465
G1 X169.191 Y138.884 E66.52318
G1 X169.057 Y138.9 E66.52784
G1 X163.417 Y138.907 E66.7227
G2 X162.1530 Y139.0840 I0.4393 J7.7391 E66.766850
G2 X161.4270 Y139.3020 I1.1639 J5.1941 E66.793050
G1 X161.03 Y139.474 E66.808
G1 X160.658 Y139.68 E66.82269
G1 X160.219 Y139.982 E66.8411
G1 X159.9 Y140.25 E66.8555
G1 X159.759 Y140.393 E66.86244
G1 X140.207 Y140.393 E67.53797
G1 X139.963 Y140.152 E67.54982
G1 X139.622 Y139.877 E67.56495
G1 X139.254 Y139.636 E67.58015
G1 X138.902 Y139.448 E67.59394
G1 X138.398 Y139.236 E67.61283
G1 X137.94 Y139.1 E67.62934
G2 X136.9320 Y138.9340 I-1.8117 J7.8579 E67.664650
G2 X136.3010 Y138.9040 I-0.9028 J12.3384 E67.686480
G1 X130.942 Y138.9 E67.87163
G1 X130.808 Y138.884 E67.8763
G1 X130.569 Y138.827 E67.88479
G1 X130.368 Y138.744 E67.8923
G1 X130.18 Y138.628 E67.89993
G1 X130.014 Y138.486 E67.90748
G1 X129.872 Y138.32 E67.91503
G1 X129.756 Y138.132 E67.92266
G1 X129.673 Y137.931 E67.93017
G1 X129.616 Y137.691 E67.9387
G1 X129.6 Y137.559 E67.94329
G1 X129.6 Y128.643 E68.25134
G0 F7680 X129.2 Y128.643
G2 X129.1060 Y127.6930 I-6.1125 J0.1252 E68.284350 F1350
G2 X128.9210 Y126.9690 I-4.7699 J0.8332 E68.310190
G1 X128.776 Y126.604 E68.32376
G1 X128.605 Y126.278 E68.33648
G1 X128.382 Y125.94 E68.35047
G1 X128.157 Y125.663 E68.3628
G1 X127.878 Y125.382 E68.37648
G1 X127.563 Y125.129 E68.39044
G1 X127.133 Y124.857 E68.40802
G1 X126.799 Y124.691 E68.4209
G1 X126.329 Y124.516 E68.43823
G1 X126.005 Y124.429 E68.44982
G2 X125.4230 Y124.3400 I-1.0988 J5.2382 E68.470170
G2 X124.7370 Y124.3000 I-1.0738 J12.5128 E68.493910
G1 X119.39 Y124.3 E68.67866
G1 X119.389 Y123.7 E68.69939
G1 X180.61 Y123.7 E70.81461
G1 X180.611 Y124.3 E70.83534
G1 X175.202 Y124.302 E71.02223
G2 X174.0710 Y124.4130 I0.1492 J7.3376 E71.061510
G2 X173.4920 Y124.5680 I0.7235 J3.8615 E71.082240
G2 X172.8850 Y124.8400 I1.2649 J3.6361 E71.105240
G2 X172.3030 Y125.2260 I2.1004 J3.7987 E71.129390
G2 X171.9490 Y125.5580 I2.1184 J2.6135 E71.146170
G1 X171.691 Y125.855 E71.15976
G1 X171.469 Y126.174 E71.17319
G1 X171.251 Y126.574 E71.18893
G1 X171.117 Y126.888 E71.20072
G2 X170.9410 Y127.5000 I4.1371 J1.5211 E71.222740
G2 X170.8400 Y128.1540 I6.0713 J1.2724 E71.245610
G2 X170.8000 Y128.8410 I12.7807 J1.0888 E71.269390
G1 X170.8 Y137.582 E71.5714
G1 X170.778 Y137.762 E71.57766
G1 X170.708 Y138.057 E71.58814
G1 X170.601 Y138.315 E71.59779
G1 X170.452 Y138.557 E71.60761
G1 X170.271 Y138.771 E71.61729
G1 X170.057 Y138.952 E71.62697
G1 X169.815 Y139.101 E71.63679
G1 X169.557 Y139.208 E71.64644
G1 X169.262 Y139.278 E71.65692
G1 X169.081 Y139.3 E71.66322
G1 X163.418 Y139.307 E71.85888
G2 X162.2560 Y139.4700 I0.4849 J7.6802 E71.899450
G2 X161.5860 Y139.6690 I1.0358 J4.7148 E71.923620
G1 X161.189 Y139.841 E71.93857
G1 X160.885 Y140.01 E71.95058
G1 X160.446 Y140.312 E71.96899
G1 X160.185 Y140.531 E71.98076
G1 X159.927 Y140.793 E71.99347
G1 X140.043 Y140.793 E72.68047
G1 X139.682 Y140.436 E72.69802
G1 X139.403 Y140.211 E72.7104
G1 X139.035 Y139.97 E72.7256
G1 X138.747 Y139.817 E72.73686
G1 X138.243 Y139.605 E72.75576
G1 X137.868 Y139.493 E72.76928
G2 X136.9110 Y139.3330 I-1.7399 J7.4647 E72.802810
G2 X136.3000 Y139.3040 I-0.7796 J9.9744 E72.823950
G1 X130.919 Y139.3 E73.00987
G1 X130.737 Y139.278 E73.0162
G1 X130.443 Y139.208 E73.02664
G1 X130.185 Y139.101 E73.03629
G1 X129.943 Y138.952 E73.04611
G1 X129.729 Y138.771 E73.0558
G1 X129.548 Y138.557 E73.06548
G1 X129.399 Y138.315 E73.0753
G1 X129.292 Y138.057 E73.08495
G1 X129.222 Y137.762 E73.09542
G1 X129.2 Y137.582 E73.10169
G1 X129.2 Y128.643 E73.41054
G0 F7680 X128.8 Y128.643
G2 X128.7160 Y127.7810 I-6.0654 J0.1560 E73.440480 F1350
G2 X128.5490 Y127.1170 I-4.2682 J0.7205 E73.464150
G1 X128.404 Y126.752 E73.47772
G1 X128.272 Y126.498 E73.48761
G1 X128.049 Y126.16 E73.5016
G1 X127.873 Y125.945 E73.5112
G1 X127.594 Y125.664 E73.52488
G1 X127.349 Y125.467 E73.53574
G1 X126.919 Y125.195 E73.55332
G1 X126.66 Y125.066 E73.56332
G1 X126.19 Y124.891 E73.58065
G1 X125.937 Y124.823 E73.5897
G2 X125.3980 Y124.7390 I-1.0276 J4.8226 E73.608550
G2 X124.7370 Y124.7000 I-1.0105 J11.5063 E73.631430
G1 X118.99 Y124.7 E73.82999
G1 X118.989 Y123.3 E73.87837
G1 X181.01 Y123.3 E76.02123
G1 X181.011 Y124.7 E76.0696
G1 X175.202 Y124.702 E76.27031
G2 X174.1610 Y124.8030 I0.1581 J7.0453 E76.306460
G2 X173.6410 Y124.9400 I0.6146 J3.3882 E76.325050
G2 X173.0940 Y125.1810 I1.1579 J3.3694 E76.345720
G2 X172.5660 Y125.5280 I1.8361 J3.3691 E76.367570
G2 X172.2510 Y125.8200 I1.9436 J2.4126 E76.382420
G1 X171.993 Y126.117 E76.39601
G1 X171.821 Y126.365 E76.40644
G1 X171.603 Y126.765 E76.42218
G1 X171.498 Y127.01 E76.43139
G2 X171.3350 Y127.5670 I3.8300 J1.4232 E76.451450
G2 X171.2390 Y128.1790 I5.5841 J1.1895 E76.472860
G2 X171.2000 Y128.8410 I11.7744 J1.0258 E76.495770
G1 X171.2 Y137.605 E76.79857
G1 X171.172 Y137.834 E76.80655
G1 X171.09 Y138.178 E76.81876
G1 X170.957 Y138.499 E76.83077
G1 X170.779 Y138.79 E76.84256
G1 X170.554 Y139.054 E76.85454
G1 X170.29 Y139.279 E76.86652
G1 X169.999 Y139.457 E76.87831
G1 X169.678 Y139.59 E76.89032
G1 X169.334 Y139.672 E76.90253
G1 X169.104 Y139.7 E76.91054
G1 X163.418 Y139.707 E77.10699
G2 X162.3590 Y139.8560 I0.5647 J7.8517 E77.143970
G2 X161.7450 Y140.0360 I0.9015 J4.2123 E77.166090
G1 X161.348 Y140.208 E77.18104
G1 X161.112 Y140.34 E77.19038
G1 X160.673 Y140.642 E77.20879
G1 X160.469 Y140.812 E77.21796
G1 X160.176 Y141.109 E77.23238
G1 X160.107 Y141.193 E77.23614
G1 X139.866 Y141.193 E77.93547
G1 X139.813 Y141.128 E77.93837
G1 X139.401 Y140.721 E77.95838
G1 X139.184 Y140.546 E77.96801
G1 X138.816 Y140.305 E77.98321
G1 X138.592 Y140.186 E77.99198
G1 X138.088 Y139.974 E78.01087
G1 X137.797 Y139.887 E78.02136
G2 X136.8900 Y139.7330 I-1.6566 J7.0087 E78.053160
G2 X136.3000 Y139.7040 I-0.8914 J12.1201 E78.073570
G1 X130.894 Y139.7 E78.26035
G1 X130.667 Y139.672 E78.26825
G1 X130.322 Y139.59 E78.2805
G1 X130.001 Y139.457 E78.29251
G1 X129.71 Y139.279 E78.30429
G1 X129.446 Y139.054 E78.31628
G1 X129.221 Y138.79 E78.32826
G1 X129.043 Y138.499 E78.34005
G1 X128.91 Y138.178 E78.35205
G1 X128.828 Y137.834 E78.36427
G1 X128.8 Y137.605 E78.37224
G1 X128.8 Y128.643 E78.68189
G0 F7680 X128.4 Y128.643
G2 X128.3260 Y127.8690 I-5.5338 J0.1385 E78.708760 F1350
G2 X128.1770 Y127.2650 I-3.7204 J0.5974 E78.730270
G1 X128.032 Y126.9 E78.74384
G1 X127.938 Y126.718 E78.75092
G1 X127.715 Y126.38 E78.76491
G1 X127.59 Y126.226 E78.77176
G1 X127.311 Y125.945 E78.78544
G1 X127.136 Y125.805 E78.79319
G1 X126.706 Y125.533 E78.81077
G1 X126.52 Y125.441 E78.81793
G1 X126.05 Y125.266 E78.83526
G1 X125.87 Y125.217 E78.84171
G2 X125.3730 Y125.1380 I-0.9410 J4.3170 E78.859100
G2 X124.7370 Y125.1000 I-0.9305 J10.2327 E78.881110
G1 X118.59 Y125.1 E79.0935
G1 X118.589 Y122.9 E79.16951
G1 X181.41 Y122.9 E81.34001
G1 X181.411 Y125.1 E81.41602
G1 X175.202 Y125.102 E81.63055
G2 X174.2510 Y125.1920 I0.1667 J6.8306 E81.663570
G2 X173.7900 Y125.3110 I0.4989 J2.8851 E81.680030
G2 X173.3040 Y125.5210 I1.0329 J3.0578 E81.698330
G2 X172.8290 Y125.8300 I1.5310 J2.8730 E81.717930
G2 X172.5530 Y126.0820 I1.8189 J2.2693 E81.730850
G1 X172.295 Y126.379 E81.74444
G1 X172.172 Y126.556 E81.75189
G1 X171.954 Y126.956 E81.76763
G1 X171.879 Y127.131 E81.7742
G2 X171.7290 Y127.6340 I3.4830 J1.3125 E81.792350
G2 X171.6380 Y128.2040 I5.0463 J1.0979 E81.812300
G2 X171.6000 Y128.8410 I10.4962 J0.9458 E81.834350
G1 X171.6 Y137.629 E82.13798
G1 X171.567 Y137.903 E82.14751
G1 X171.471 Y138.306 E82.16183
G1 X171.316 Y138.679 E82.17578
G1 X171.103 Y139.026 E82.18985
G1 X170.838 Y139.338 E82.20399
G1 X170.526 Y139.603 E82.21814
G1 X170.179 Y139.816 E82.2322
G1 X169.806 Y139.971 E82.24616
G1 X169.403 Y140.067 E82.26047
G1 X169.128 Y140.1 E82.27004
G1 X163.419 Y140.107 E82.46729
G2 X162.4630 Y140.2430 I0.4239 J6.4077 E82.500680
G2 X161.9040 Y140.4030 I0.8764 J4.1184 E82.520770
G1 X161.507 Y140.575 E82.53572
G1 X161.338 Y140.669 E82.5424
G1 X160.899 Y140.971 E82.56081
G1 X160.754 Y141.093 E82.56736
G1 X160.461 Y141.39 E82.58178
G2 X160.3030 Y141.5930 I1.0811 J1.0044 E82.590670
G1 X139.677 Y141.593 E83.30331
G1 X139.666 Y141.576 E83.30401
G1 X139.532 Y141.413 E83.3113
G1 X139.12 Y141.006 E83.33131
G1 X138.965 Y140.88 E83.33821
G1 X138.597 Y140.639 E83.35341
G1 X138.437 Y140.554 E83.35967
G1 X137.933 Y140.342 E83.37856
G1 X137.725 Y140.28 E83.38606
G2 X136.8690 Y140.1320 I-1.5819 J6.5998 E83.416080
G2 X136.3000 Y140.1040 I-0.7155 J8.7446 E83.435770
G1 X130.871 Y140.1 E83.62334
G1 X130.597 Y140.067 E83.63288
G1 X130.194 Y139.971 E83.64719
G1 X129.821 Y139.816 E83.66115
G1 X129.474 Y139.603 E83.67522
G1 X129.162 Y139.338 E83.68936
G1 X128.897 Y139.026 E83.7035
G1 X128.684 Y138.679 E83.71757
G1 X128.529 Y138.306 E83.73153
G1 X128.433 Y137.903 E83.74584
G1 X128.4 Y137.629 E83.75538
G1 X128.4 Y128.643 E84.06585
G0 F7680 X128 Y128.643
G2 X127.9350 Y127.9560 I-4.3187 J0.0620 E84.089700 F1350
G2 X127.8060 Y127.4120 I-3.9186 J0.6419 E84.109020
G1 X127.661 Y127.047 E84.12259
G1 X127.604 Y126.939 E84.12681
G1 X127.381 Y126.601 E84.1408
G1 X127.306 Y126.508 E84.14493
G1 X127.027 Y126.227 E84.15861
G1 X126.922 Y126.143 E84.16326
G1 X126.492 Y125.871 E84.18084
G1 X126.38 Y125.816 E84.18515
G1 X125.91 Y125.641 E84.20248
G1 X125.802 Y125.612 E84.20634
G2 X125.3480 Y125.5370 I-1.0905 J5.1897 E84.222240
G2 X124.7370 Y125.5000 I-0.8130 J8.3626 E84.243390
G1 X118.19 Y125.5 E84.46959
G1 X118.189 Y122.5 E84.57325
G1 X181.81 Y122.5 E86.77139
G1 X181.811 Y125.5 E86.87504
G1 X175.202 Y125.502 E87.10339
G2 X174.3400 Y125.5820 I0.1272 J6.0542 E87.133310
G2 X173.9390 Y125.6820 I0.4082 J2.4910 E87.147590
G2 X173.5140 Y125.8620 I0.8254 J2.5407 E87.163550
G2 X173.0910 Y126.1310 I1.5591 J2.9188 E87.180880
G2 X172.8550 Y126.3450 I1.2549 J1.6211 E87.191890
G1 X172.597 Y126.642 E87.20549
G1 X172.523 Y126.748 E87.20995
G1 X172.305 Y127.148 E87.22569
G1 X172.26 Y127.253 E87.22964
G2 X172.1240 Y127.7010 I2.7901 J1.0917 E87.245820
G2 X172.0370 Y128.2290 I5.9138 J1.2456 E87.264310
G2 X172.0000 Y128.8410 I8.5960 J0.8268 E87.285500
G1 X172 Y137.653 E87.58996
G1 X171.961 Y137.973 E87.6011
G1 X171.852 Y138.432 E87.61739
G1 X171.675 Y138.859 E87.63337
G1 X171.425 Y139.266 E87.64987
G1 X171.122 Y139.622 E87.66602
G1 X170.766 Y139.925 E87.68217
G1 X170.359 Y140.175 E87.69868
G1 X169.932 Y140.352 E87.71465
G1 X169.473 Y140.461 E87.73095
G1 X169.153 Y140.5 E87.74208
G1 X163.419 Y140.507 E87.9402
G2 X162.5660 Y140.6290 I0.4919 J6.4821 E87.969980
G2 X162.0630 Y140.7700 I0.7366 J3.5954 E87.988040
G1 X161.666 Y140.942 E88.00298
G1 X161.565 Y140.999 E88.00699
G1 X161.126 Y141.301 E88.0254
G1 X161.039 Y141.374 E88.02933
G2 X160.6780 Y141.7520 I2.1696 J2.4334 E88.047390
G1 X160.512 Y141.993 E88.05751
G1 X139.461 Y141.993 E88.78483
G1 X139.331 Y141.795 E88.79301
G1 X139.251 Y141.697 E88.79739
G1 X138.839 Y141.29 E88.81739
G1 X138.746 Y141.215 E88.82152
G1 X138.378 Y140.974 E88.83672
G1 X138.282 Y140.923 E88.84048
G1 X137.778 Y140.711 E88.85937
G1 X137.653 Y140.674 E88.86387
G2 X136.8480 Y140.5320 I-1.5044 J6.1758 E88.892120
G2 X136.2990 Y140.5040 I-0.9804 J13.8272 E88.911110
G1 X130.847 Y140.5 E89.09948
G1 X130.526 Y140.461 E89.11066
G1 X130.068 Y140.352 E89.12692
G1 X129.641 Y140.175 E89.14289
G1 X129.234 Y139.925 E89.1594
G1 X128.878 Y139.622 E89.17555
G1 X128.575 Y139.266 E89.1917
G1 X128.325 Y138.859 E89.2082
G1 X128.148 Y138.432 E89.22417
G1 X128.039 Y137.973 E89.24047
G1 X128 Y137.653 E89.25161
G1 X128 Y128.643 E89.56291
G0 F7680 X127.6 Y128.643
G2 X127.5450 Y128.0440 I-4.7097 J0.1304 E89.583700 F1350
G2 X127.4340 Y127.5600 I-3.4845 J0.5444 E89.600860
G1 X127.289 Y127.195 E89.61443
G1 X127.27 Y127.159 E89.61583
G1 X127.047 Y126.821 E89.62982
G1 X127.022 Y126.79 E89.6312
G1 X126.743 Y126.509 E89.64488
G1 X126.708 Y126.481 E89.64643
G1 X126.278 Y126.209 E89.66401
G1 X126.241 Y126.191 E89.66543
G2 X125.7350 Y126.0060 I-1.3324 J2.8597 E89.684050
G2 X125.3230 Y125.9360 I-1.4642 J7.3704 E89.698490
G1 X124.75 Y125.9 E89.71832
G1 X117.79 Y125.9 E89.9588
G1 X117.789 Y122.1 E90.09009
G1 X182.21 Y122.1 E92.31588
G1 X182.211 Y125.9 E92.44717
G1 X175.202 Y125.902 E92.68933
G2 X174.4300 Y125.9720 I0.2094 J6.6012 E92.716120
G2 X174.0880 Y126.0530 I0.3693 J2.3217 E92.728260
G1 X173.754 Y126.187 E92.7407
G2 X173.3540 Y126.4330 I1.2340 J2.4547 E92.756930
G2 X173.1570 Y126.6070 I1.1535 J1.5045 E92.766010
G1 X172.899 Y126.904 E92.7796
G1 X172.874 Y126.939 E92.78109
G1 X172.656 Y127.339 E92.79683
G1 X172.641 Y127.374 E92.79815
G1 X172.524 Y127.741 E92.81145
G2 X172.4360 Y128.2540 I7.0999 J1.4820 E92.829440
G1 X172.4 Y128.829 E92.84935
G1 X172.4 Y137.676 E93.15501
G1 X172.355 Y138.044 E93.16782
G1 X172.234 Y138.552 E93.18587
G1 X172.031 Y139.044 E93.20426
G1 X171.752 Y139.499 E93.2227
G1 X171.405 Y139.905 E93.24115
G1 X170.999 Y140.252 E93.2596
G1 X170.544 Y140.531 E93.27804
G1 X170.052 Y140.734 E93.29643
G1 X169.544 Y140.855 E93.31447
G1 X169.176 Y140.9 E93.32728
G1 X163.42 Y140.907 E93.52616
G2 X162.6690 Y141.0160 I0.3784 J5.2489 E93.552380
G2 X162.2220 Y141.1370 I0.9903 J4.5446 E93.568380
G1 X161.825 Y141.309 E93.58333
G2 X161.3530 Y141.6300 I1.7616 J3.0978 E93.603060
G2 X161.0080 Y141.9790 I2.0088 J2.3308 E93.620020
G1 X160.784 Y142.305 E93.63369
G2 X160.7100 Y142.4660 I0.8866 J0.5050 E93.639810
G1 X160.566 Y142.393 E93.64539
G1 X139.44 Y142.393 E94.37531
G1 X139.321 Y142.432 E94.37963
G1 X139.288 Y142.498 E94.38218
G1 X139.253 Y142.413 E94.38536
G1 X139.235 Y142.379 E94.38669
G1 X138.996 Y142.014 E94.40176
G1 X138.97 Y141.982 E94.40319
G1 X138.558 Y141.575 E94.4232
G1 X138.527 Y141.55 E94.42457
G1 X138.159 Y141.309 E94.43977
G1 X138.127 Y141.292 E94.44102
G1 X137.623 Y141.08 E94.45991
G1 X137.581 Y141.067 E94.46143
G2 X136.8270 Y140.9310 I-1.4086 J5.6512 E94.487910
G2 X136.2990 Y140.9040 I-0.5230 J5.0514 E94.506170
G1 X130.823 Y140.9 E94.69537
G1 X130.456 Y140.855 E94.70815
G1 X129.948 Y140.734 E94.72619
G1 X129.456 Y140.531 E94.74458
G1 X129.001 Y140.252 E94.76302
G1 X128.595 Y139.905 E94.78147
G1 X128.248 Y139.499 E94.79993
G1 X127.969 Y139.044 E94.81837
G1 X127.766 Y138.552 E94.83676
G1 X127.645 Y138.044 E94.8548
G1 X127.6 Y137.676 E94.86761
G1 X127.6 Y128.643 E95.1797
G1 F4200 E94.1797
G1 F1500 Z0.5
G0 F7680 X131.005 Y129.676 Z0.5
G1 F1500 Z0.2
G1 F2100 E95.1797
G2 X131.0680 Y134.1060 I47.5291 J1.5395 E95.332850 F1350
G2 X131.3030 Y135.1970 I6.5926 J-0.8492 E95.371440
G1 X131.452 Y135.627 E95.38717
G2 X131.8430 Y136.3260 I6.5652 J-3.2135 E95.414850
G1 X132.184 Y136.785 E95.43461
G1 X132.494 Y137.118 E95.45033
G1 X132.906 Y137.476 E95.46918
G1 X133.229 Y137.702 E95.4828
G1 X133.657 Y137.945 E95.49981
G2 X134.3650 Y138.2290 I2.2164 J-4.5008 E95.526180
G2 X135.1190 Y138.3990 I1.3942 J-4.4264 E95.552910
G2 X136.2170 Y138.4970 I1.4894 J-10.4875 E95.591010
G1 X163.657 Y138.5 E96.53908
G2 X165.0530 Y138.3730 I-0.0981 J-8.8145 E96.587550
G2 X165.8150 Y138.1690 I-0.9982 J-5.2537 E96.614830
G1 X166.259 Y137.987 E96.63141
G1 X166.609 Y137.804 E96.64505
G1 X167.081 Y137.487 E96.6647
G1 X167.453 Y137.173 E96.68152
G1 X167.837 Y136.771 E96.70072
G1 X168.1 Y136.429 E96.71563
G1 X168.378 Y135.98 E96.73388
G2 X168.7050 Y135.2240 I-4.3410 J-2.3264 E96.762360
G2 X168.8850 Y134.5260 I-5.0206 J-1.6669 E96.787280
G2 X169.0000 Y133.2510 I-7.5631 J-1.3248 E96.831560
G1 X168.995 Y129.733 E96.95311
G2 X168.9320 Y128.7880 I-12.9268 J0.3872 E96.985830
G1 X168.817 Y128.194 E97.00674
G1 X168.642 Y127.642 E97.02674
G1 X168.445 Y127.18 E97.0441
G1 X168.253 Y126.829 E97.05792
G1 X167.96 Y126.402 E97.07581
G1 X167.703 Y126.097 E97.08959
G1 X167.283 Y125.698 E97.10961
G1 X166.902 Y125.41 E97.12611
G1 X166.448 Y125.135 E97.14445
G2 X165.6790 Y124.8080 I-2.4154 J4.6125 E97.173340
G1 X165.141 Y124.654 E97.19268
G1 X164.602 Y124.56 E97.21158
G2 X163.6350 Y124.5000 I-1.3562 J14.0349 E97.245060
G1 X136.232 Y124.504 E98.19185
G2 X134.9500 Y124.6350 I0.1820 J8.1191 E98.236410
G1 X134.483 Y124.743 E98.25297
G1 X133.983 Y124.914 E98.27123
G1 X133.574 Y125.102 E98.28678
G1 X133.104 Y125.381 E98.30567
G1 X132.784 Y125.62 E98.31947
G1 X132.405 Y125.966 E98.3372
G1 X132.141 Y126.26 E98.35085
G1 X131.845 Y126.662 E98.3681
G1 X131.656 Y126.978 E98.38082
G1 X131.443 Y127.427 E98.39799
G2 X131.1530 Y128.3400 I5.1651 J2.1432 E98.431120
G2 X131.0440 Y129.0540 I6.3192 J1.3300 E98.456080
G1 X131.005 Y129.676 E98.47761
G0 F7680 X131.404 Y129.701
G2 X131.4670 Y134.0750 I48.8236 J1.4842 E98.628830 F1350
G2 X131.6910 Y135.1000 I6.1350 J-0.8037 E98.665110
G1 X131.927 Y135.678 E98.68668
G1 X132.188 Y136.124 E98.70453
G1 X132.477 Y136.512 E98.72125
G1 X132.787 Y136.845 E98.73697
G1 X133.136 Y137.149 E98.75296
G1 X133.459 Y137.375 E98.76658
G1 X133.821 Y137.58 E98.78095
G2 X134.4710 Y137.8430 I2.0393 J-4.1053 E98.805200
G2 X135.1590 Y138.0010 I1.3006 J-4.0865 E98.829610
G2 X136.2170 Y138.0970 I1.4484 J-10.0848 E98.866320
G1 X163.657 Y138.1 E99.81439
G2 X164.9930 Y137.9780 I-0.0896 J-8.3572 E99.860780
G2 X165.6980 Y137.7870 I-0.9357 J-4.8502 E99.886040
G1 X166.073 Y137.633 E99.90004
G1 X166.423 Y137.45 E99.91369
G1 X166.823 Y137.181 E99.93034
G1 X167.195 Y136.867 E99.94716
G1 X167.52 Y136.527 E99.96341
G1 X167.783 Y136.185 E99.97832
G1 X168.018 Y135.805 E99.99376
G2 X168.3210 Y135.1110 I-3.9761 J-2.1491 E100.019940
G2 X168.4900 Y134.4660 I-4.8031 J-1.6031 E100.042990
G2 X168.6000 Y133.2520 I-7.3742 J-1.2802 E100.085150
G1 X168.595 Y129.734 E100.2067
G2 X168.5330 Y128.8180 I-12.7041 J0.3998 E100.238430
G1 X168.436 Y128.315 E100.25612
G1 X168.261 Y127.763 E100.27613
G1 X168.094 Y127.372 E100.29082
G1 X167.902 Y127.021 E100.30465
G1 X167.654 Y126.659 E100.31981
G1 X167.397 Y126.354 E100.33359
G1 X167.042 Y126.017 E100.3505
G1 X166.661 Y125.729 E100.367
G1 X166.277 Y125.496 E100.38252
G2 X165.5680 Y125.1930 I-2.1639 J4.0824 E100.409180
G1 X165.03 Y125.039 E100.42852
G1 X164.575 Y124.959 E100.44448
G2 X163.6350 Y124.9000 I-1.3143 J13.4216 E100.477020
G1 X136.232 Y124.904 E101.42381
G2 X135.0400 Y125.0250 I0.1577 J7.4858 E101.465240
G1 X134.573 Y125.133 E101.4818
G1 X134.15 Y125.277 E101.49724
G1 X133.741 Y125.465 E101.51279
G1 X133.344 Y125.701 E101.52875
G1 X133.024 Y125.94 E101.54255
G1 X132.703 Y126.233 E101.55756
G1 X132.439 Y126.527 E101.57122
G1 X132.188 Y126.868 E101.58585
G1 X131.999 Y127.184 E101.59857
G1 X131.819 Y127.563 E101.61306
G2 X131.5470 Y128.4090 I4.7814 J2.0040 E101.643800
G2 X131.4430 Y129.0790 I6.0227 J1.2779 E101.667230
G1 X131.404 Y129.701 E101.68876
G0 F7680 X131.804 Y129.726
G1 F1350 X131.8 Y129.839 E101.69267
G1 X131.8 Y133.14 E101.80672
G2 X131.8660 Y134.0430 I12.5517 J-0.4635 E101.838010
G2 X132.0800 Y135.0030 I5.8541 J-0.8011 E101.872010
G1 X132.272 Y135.476 E101.88965
G1 X132.533 Y135.922 E101.90751
G1 X132.77 Y136.239 E101.92118
G1 X133.08 Y136.572 E101.9369
G1 X133.365 Y136.821 E101.94998
G1 X133.688 Y137.047 E101.9636
G1 X133.984 Y137.215 E101.97536
G2 X134.5770 Y137.4570 I1.8356 J-3.6503 E101.997500
G2 X135.2000 Y137.6030 I1.2041 J-3.7359 E102.019630
G2 X136.2170 Y137.6970 I1.4109 J-9.7161 E102.054920
G1 X163.657 Y137.7 E103.00299
G2 X164.9330 Y137.5830 I-0.0778 J-7.8648 E103.047310
G2 X165.5810 Y137.4040 I-0.9425 J-4.6743 E103.070550
G1 X165.888 Y137.278 E103.08201
G1 X166.238 Y137.095 E103.09566
G1 X166.565 Y136.875 E103.10927
G1 X166.937 Y136.561 E103.12609
G1 X167.203 Y136.283 E103.13939
G1 X167.466 Y135.941 E103.15429
G1 X167.658 Y135.631 E103.16689
G2 X167.9370 Y134.9990 I-3.6096 J-1.9710 E103.190780
G2 X168.0940 Y134.4060 I-4.3056 J-1.4572 E103.211990
G2 X168.2000 Y133.2520 I-6.7091 J-1.1981 E103.252070
G1 X168.195 Y129.734 E103.37362
G2 X168.1340 Y128.8470 I-12.5538 J0.4177 E103.404340
G1 X168.055 Y128.436 E103.4188
G1 X167.88 Y127.884 E103.43881
G1 X167.743 Y127.564 E103.45083
G1 X167.551 Y127.213 E103.46466
G1 X167.348 Y126.917 E103.47706
G1 X167.091 Y126.612 E103.49084
G1 X166.8 Y126.336 E103.5047
G1 X166.419 Y126.048 E103.5212
G1 X166.105 Y125.858 E103.53388
G2 X165.4580 Y125.5770 I-2.0887 J3.9239 E103.558270
G1 X164.92 Y125.423 E103.5776
G1 X164.548 Y125.358 E103.59065
G2 X163.6350 Y125.3000 I-1.2676 J12.7386 E103.622260
G1 X136.232 Y125.304 E104.56905
G2 X135.1300 Y125.4140 I0.2015 J7.5938 E104.607340
G1 X134.663 Y125.522 E104.6239
G1 X134.317 Y125.641 E104.63654
G1 X133.908 Y125.829 E104.65209
G1 X133.583 Y126.022 E104.66515
G1 X133.263 Y126.261 E104.67895
G1 X133.001 Y126.5 E104.69121
G1 X132.737 Y126.794 E104.70486
G1 X132.531 Y127.073 E104.71684
G1 X132.342 Y127.389 E104.72956
G1 X132.195 Y127.699 E104.74142
G2 X131.9410 Y128.4790 I4.3594 J1.8510 E104.769780
G2 X131.8430 Y129.1040 I5.3118 J1.1531 E104.791650
G1 X131.804 Y129.726 E104.81318
G0 F7680 X132.203 Y129.751
G1 F1350 X132.2 Y129.839 E104.81622
G1 X132.2 Y133.14 E104.93028
G2 X132.2640 Y134.0120 I10.3502 J-0.3213 E104.960490
G2 X132.4680 Y134.9060 I5.6647 J-0.8223 E104.992190
G1 X132.618 Y135.274 E105.00592
G1 X132.879 Y135.72 E105.02377
G1 X133.062 Y135.967 E105.03439
G1 X133.372 Y136.3 E105.05011
G1 X133.594 Y136.493 E105.06028
G1 X133.917 Y136.719 E105.0739
G1 X134.148 Y136.85 E105.08307
G2 X134.6830 Y137.0720 I1.7362 J-3.4284 E105.103100
G2 X135.2400 Y137.2050 I1.0706 J-3.2508 E105.122900
G2 X136.2170 Y137.2970 I1.3691 J-9.3053 E105.156810
G1 X163.657 Y137.3 E106.10488
G2 X164.8720 Y137.1870 I-0.0846 J-7.4983 E106.147080
G2 X165.4640 Y137.0220 I-0.7910 J-3.9826 E106.168330
G1 X165.703 Y136.924 E106.17725
G1 X166.053 Y136.741 E106.1909
G1 X166.307 Y136.57 E106.20148
G1 X166.679 Y136.256 E106.2183
G1 X166.886 Y136.039 E106.22866
G1 X167.149 Y135.697 E106.24357
G1 X167.298 Y135.456 E106.25335
G2 X167.5530 Y134.8860 I-3.2400 J-1.7915 E106.274950
G2 X167.6990 Y134.3450 I-4.0897 J-1.3939 E106.294320
G2 X167.8000 Y133.2530 I-6.1993 J-1.1240 E106.332250
G1 X167.795 Y129.735 E106.4538
G2 X167.7350 Y128.8770 I-12.5476 J0.4464 E106.483520
G1 X167.674 Y128.557 E106.49477
G1 X167.499 Y128.005 E106.51478
G1 X167.392 Y127.756 E106.52414
G1 X167.2 Y127.405 E106.53797
G1 X167.043 Y127.175 E106.54759
G1 X166.786 Y126.87 E106.56137
G1 X166.559 Y126.655 E106.57217
G1 X166.178 Y126.367 E106.58867
G1 X165.934 Y126.219 E106.59853
G2 X165.3480 Y125.9620 I-1.8441 J3.4083 E106.620660
G1 X164.81 Y125.808 E106.63999
G1 X164.52 Y125.757 E106.65017
G2 X163.6350 Y125.7000 I-1.2191 J12.0299 E106.680810
G1 X136.232 Y125.704 E107.6276
G2 X135.2210 Y125.8040 I0.1660 J6.8387 E107.662720
G1 X134.754 Y125.912 E107.67928
G1 X134.484 Y126.004 E107.68913
G1 X134.075 Y126.192 E107.70469
G1 X133.822 Y126.342 E107.71485
G1 X133.502 Y126.581 E107.72865
G1 X133.298 Y126.768 E107.73821
G1 X133.034 Y127.062 E107.75186
G1 X132.875 Y127.278 E107.76113
G1 X132.686 Y127.594 E107.77385
G1 X132.571 Y127.836 E107.78311
G2 X132.3350 Y128.5480 I4.0112 J1.7247 E107.809050
G2 X132.2420 Y129.1290 I4.9988 J1.0981 E107.829380
G1 X132.203 Y129.751 E107.85091
G0 F7680 X132.602 Y129.776
G1 F1350 X132.6 Y129.839 E107.85309
G1 X132.6 Y133.14 E107.96714
G2 X132.6630 Y133.9800 I10.4904 J-0.3644 E107.996250
G2 X132.8560 Y134.8090 I5.1740 J-0.7676 E108.025670
G1 X132.963 Y135.072 E108.03548
G1 X133.224 Y135.518 E108.05334
G1 X133.355 Y135.694 E108.06092
G1 X133.665 Y136.027 E108.07664
G1 X133.824 Y136.165 E108.08391
G1 X134.147 Y136.391 E108.09753
G1 X134.311 Y136.485 E108.10406
G2 X134.7900 Y136.6860 I1.4836 J-2.8642 E108.122020
G2 X135.2810 Y136.8070 I0.9838 J-2.9355 E108.139510
G2 X136.2170 Y136.8970 I1.3329 J-8.9499 E108.172000
G1 X163.657 Y136.9 E109.12007
G2 X164.8120 Y136.7920 I-0.0742 J-7.0233 E109.160190
G2 X165.3470 Y136.6390 I-0.8194 J-3.8772 E109.179420
G1 X165.517 Y136.569 E109.18577
G1 X165.867 Y136.386 E109.19942
G1 X166.049 Y136.264 E109.20699
G1 X166.421 Y135.95 E109.22381
G1 X166.569 Y135.796 E109.23119
G1 X166.832 Y135.454 E109.2461
G1 X166.938 Y135.281 E109.25311
G2 X167.1700 Y134.7730 I-3.0733 J-1.7105 E109.272410
G2 X167.3040 Y134.2850 I-3.6352 J-1.2606 E109.289910
G2 X167.4000 Y133.2540 I-5.9495 J-1.0739 E109.325720
G1 X167.395 Y129.736 E109.44727
G2 X167.3360 Y128.9060 I-12.6894 J0.4849 E109.476020
G1 X167.292 Y128.678 E109.48404
G1 X167.117 Y128.126 E109.50405
G1 X167.041 Y127.948 E109.51074
G1 X166.849 Y127.597 E109.52456
G1 X166.737 Y127.433 E109.53142
G1 X166.48 Y127.128 E109.5452
G1 X166.318 Y126.974 E109.55292
G1 X165.937 Y126.686 E109.56943
G1 X165.763 Y126.581 E109.57645
G2 X165.2380 Y126.3470 I-1.6730 J3.0476 E109.596320
G1 X164.7 Y126.193 E109.61565
G1 X164.493 Y126.156 E109.62292
G2 X163.6350 Y126.1000 I-1.1495 J11.0103 E109.652630
G1 X136.232 Y126.104 E110.59942
G2 X135.3110 Y126.1940 I0.1164 J5.9484 E110.631410
G1 X134.844 Y126.302 E110.64797
G1 X134.651 Y126.367 E110.65501
G1 X134.242 Y126.555 E110.67056
G1 X134.062 Y126.663 E110.67781
G1 X133.742 Y126.902 E110.69161
G1 X133.596 Y127.035 E110.69843
G1 X133.332 Y127.329 E110.71209
G1 X133.218 Y127.484 E110.71873
G1 X133.029 Y127.8 E110.73146
G1 X132.947 Y127.972 E110.73804
G2 X132.7290 Y128.6170 I3.6223 J1.5836 E110.761580
G2 X132.6410 Y129.1540 I4.7256 J1.0501 E110.780390
G1 X132.602 Y129.776 E110.80192
G0 F7680 X133.001 Y129.801
G2 X133.0620 Y133.9490 I50.1061 J1.3376 E110.945320 F1350
G2 X133.2440 Y134.7120 I4.6887 J-0.7152 E110.972430
G1 X133.308 Y134.87 E110.97832
G1 X133.569 Y135.316 E110.99617
G1 X133.648 Y135.422 E111.00074
G1 X133.958 Y135.755 E111.01646
G1 X134.053 Y135.838 E111.02082
G1 X134.376 Y136.064 E111.03444
G1 X134.475 Y136.12 E111.03837
G2 X134.8960 Y136.3000 I1.2624 J-2.3703 E111.054200
G2 X135.3210 Y136.4090 I0.9182 J-2.6970 E111.069360
G2 X136.2170 Y136.4970 I1.2884 J-8.5131 E111.100470
G1 X163.657 Y136.5 E112.04854
G2 X164.7520 Y136.3960 I-0.0502 J-6.3455 E112.086580
G2 X165.2300 Y136.2570 I-0.6320 J-3.0647 E112.103790
G1 X165.332 Y136.215 E112.1076
G1 X165.682 Y136.032 E112.12125
G1 X165.791 Y135.958 E112.1258
G1 X166.163 Y135.644 E112.14262
G1 X166.252 Y135.552 E112.14704
G1 X166.515 Y135.21 E112.16195
G1 X166.579 Y135.106 E112.16617
G2 X166.7860 Y134.6610 I-2.5748 J-1.4683 E112.183130
G2 X166.9080 Y134.2250 I-3.0172 J-1.0793 E112.198780
G2 X166.9700 Y133.8010 I-4.5206 J-0.8776 E112.213590
G2 X167.0000 Y133.2540 I-9.7445 J-0.8088 E112.232520
G1 X166.995 Y129.736 E112.35407
G2 X166.9370 Y128.9360 I-14.6433 J0.6595 E112.381780
G1 X166.911 Y128.799 E112.3866
G1 X166.736 Y128.247 E112.4066
G1 X166.69 Y128.14 E112.41063
G1 X166.498 Y127.789 E112.42445
G1 X166.431 Y127.69 E112.42858
G1 X166.174 Y127.385 E112.44236
G1 X166.077 Y127.293 E112.44698
G1 X165.696 Y127.005 E112.46348
G1 X165.591 Y126.942 E112.46771
G2 X165.1280 Y126.7310 I-1.5570 J2.8030 E112.485300
G1 X164.59 Y126.577 E112.50464
G1 X164.466 Y126.555 E112.50899
G2 X163.6350 Y126.5000 I-1.0421 J9.4391 E112.537760
G1 X136.232 Y126.504 E113.48455
G2 X135.4010 Y126.5830 I0.2430 J6.9665 E113.513400
G1 X134.934 Y126.691 E113.52996
G1 X134.818 Y126.731 E113.5342
G1 X134.409 Y126.919 E113.54975
G1 X134.301 Y126.983 E113.55409
G1 X133.981 Y127.222 E113.56789
G1 X133.894 Y127.302 E113.57197
G1 X133.63 Y127.596 E113.58563
G1 X133.561 Y127.689 E113.58963
G1 X133.372 Y128.005 E113.60235
G1 X133.323 Y128.108 E113.60629
G2 X133.1230 Y128.6860 I3.2246 J1.4394 E113.627430
G2 X133.0400 Y129.1790 I4.5835 J1.0252 E113.644710
G1 X133.001 Y129.801 E113.66624
G0 F7680 X133.4 Y129.826
G1 F1350 X133.4 Y133.14 E113.78074
G2 X133.4660 Y133.9500 I5.2995 J-0.0241 E113.808830
G1 X133.632 Y134.615 E113.83251
G1 X133.653 Y134.668 E113.83448
G1 X133.914 Y135.114 E113.85233
G1 X133.941 Y135.149 E113.85386
G2 X134.2820 Y135.5100 I2.2506 J-1.7843 E113.871020
G1 X134.605 Y135.736 E113.88464
G1 X134.638 Y135.755 E113.88596
G1 X134.973 Y135.905 E113.89864
G2 X135.3290 Y136.0050 I0.9646 J-2.7503 E113.911420
G2 X136.2170 Y136.0970 I1.2872 J-8.0929 E113.942270
G1 X163.657 Y136.1 E114.89034
G2 X164.3040 Y136.0600 I-0.0736 J-6.4438 E114.912730
G2 X164.7210 Y135.9940 I-0.1745 J-2.4531 E114.927320
G1 X165.113 Y135.874 E114.94149
G1 X165.147 Y135.86 E114.94276
G1 X165.497 Y135.677 E114.9564
G1 X165.533 Y135.653 E114.9579
G1 X165.905 Y135.339 E114.97472
G1 X165.935 Y135.308 E114.97621
G1 X166.198 Y134.966 E114.99112
G1 X166.219 Y134.931 E114.99253
G2 X166.4020 Y134.5480 I-2.2136 J-1.2929 E115.007200
G2 X166.5130 Y134.1640 I-3.2230 J-1.1397 E115.021010
G2 X166.5710 Y133.7780 I-4.1147 J-0.8156 E115.034490
G2 X166.6000 Y133.2550 I-4.6023 J-0.5175 E115.052590
G1 X166.595 Y129.737 E115.17414
G2 X166.5380 Y128.9650 I-53.0965 J3.5322 E115.200890
G1 X166.53 Y128.92 E115.20247
G1 X166.355 Y128.368 E115.22247
G2 X166.1470 Y127.9810 I-2.4493 J1.0670 E115.237660
G1 X166.125 Y127.948 E115.23903
G1 X165.868 Y127.643 E115.25281
G1 X165.836 Y127.612 E115.25435
G1 X165.455 Y127.324 E115.27085
G1 X165.42 Y127.303 E115.27226
G1 X165.049 Y127.127 E115.28645
G2 X164.4800 Y126.9620 I-1.6094 J4.4864 E115.306920
G1 X164.439 Y126.954 E115.30836
G2 X163.6350 Y126.9000 I-0.7970 J5.8541 E115.336200
G1 X136.232 Y126.904 E116.283
G2 X135.4910 Y126.9730 I0.2417 J6.6093 E116.308710
G1 X135.024 Y127.081 E116.32527
G1 X134.985 Y127.094 E116.32669
G1 X134.576 Y127.282 E116.34224
G1 X134.54 Y127.304 E116.3437
G1 X134.22 Y127.543 E116.3575
G1 X134.191 Y127.569 E116.35885
G1 X133.927 Y127.863 E116.3725
G1 X133.904 Y127.894 E116.37383
G1 X133.715 Y128.21 E116.38655
G2 X133.5260 Y128.7220 I3.0650 J1.4223 E116.405420
G1 X133.517 Y128.755 E116.4066
G2 X133.4390 Y129.2040 I5.8132 J1.2411 E116.422340
G1 X133.4 Y129.826 E116.44388
G1 F4200 E115.44388
G1 F1500 Z0.5
G0 F7680 X131.952 Y137.701 Z0.5
G1 F1500 Z0.2
G1 F2100 E116.44388
G1 F1350 X131.017 Y137.7 E116.47618
G1 X130.943 Y137.683 E116.4788
G1 X130.913 Y137.67 E116.47993
G1 X130.89 Y137.656 E116.48086
G1 X130.865 Y137.635 E116.48199
G1 X130.844 Y137.61 E116.48312
G1 X130.83 Y137.587 E116.48405
G1 X130.817 Y137.557 E116.48518
G1 X130.8 Y137.484 E116.48777
G1 X130.8 Y136.1 E116.53559
G2 X131.1530 Y136.7300 I4.9554 J-2.3627 E116.560550
G1 X131.598 Y137.33 E116.58636
G1 X131.908 Y137.663 E116.60208
G1 X131.952 Y137.701 E116.60409
G1 F4200 E115.60409
G1 F1500 Z0.5
G0 F7680 X140.535 Y139.593 Z0.5
G1 F1500 Z0.2
G1 F2100 E116.60409
G1 F1350 X140.525 Y139.583 E116.60458
G1 X140.061 Y139.207 E116.62521
G1 X139.693 Y138.966 E116.64041
G1 X139.564 Y138.897 E116.64546
G1 X160.424 Y138.9 E117.36619
G1 X160.205 Y139.021 E117.37483
G1 X159.766 Y139.323 E117.39324
G1 X159.443 Y139.593 E117.40779
G1 X140.535 Y139.593 E118.06107
G1 F4200 E117.06107
G1 F1500 Z0.5
G0 F7680 X169.183 Y137.557 Z0.5
G1 F1500 Z0.2
G1 F2100 E118.06107
G1 F1350 X169.17 Y137.587 E118.0622
G1 X169.156 Y137.61 E118.06313
G1 X169.135 Y137.635 E118.06426
G1 X169.11 Y137.656 E118.06539
G1 X169.087 Y137.67 E118.06632
G1 X169.057 Y137.683 E118.06745
G1 X168.983 Y137.7 E118.07007
G1 X168.048 Y137.701 E118.10238
G1 X168.471 Y137.259 E118.12352
G1 X168.734 Y136.917 E118.13842
G1 X169.097 Y136.33 E118.16227
G1 X169.2 Y136.118 E118.17041
G1 X169.2 Y137.484 E118.21761
G1 X169.183 Y137.557 E118.2202
G0 F7680 X169.419 Y137.919
G1 F1350 X169.351 Y137.978 E118.22331
G1 X169.267 Y138.029 E118.2267
G1 X169.183 Y138.064 E118.22985
G1 X169.051 Y138.095 E118.23453
G1 X169.009 Y138.1 E118.23599
G1 X166.877 Y138.103 E118.30965
G1 X167.339 Y137.792 E118.3289
G1 X167.711 Y137.478 E118.34572
G1 X168.154 Y137.015 E118.36786
G1 X168.417 Y136.673 E118.38276
G1 X168.737 Y136.155 E118.4038
G2 X169.0890 Y135.3360 I-4.7785 J-2.5389 E118.434620
G2 X169.2810 Y134.5870 I-5.5396 J-1.8191 E118.461350
G2 X169.4000 Y133.2510 I-8.2198 J-1.4054 E118.507740
G1 X169.395 Y129.733 E118.62929
G2 X169.3310 Y128.7590 I-13.1910 J0.3777 E118.663020
G1 X169.199 Y128.073 E118.68716
G1 X169.024 Y127.521 E118.70717
G1 X168.796 Y126.988 E118.72719
G1 X168.604 Y126.637 E118.74102
G1 X168.266 Y126.144 E118.76167
G1 X168.009 Y125.839 E118.77545
G1 X167.524 Y125.379 E118.79855
G1 X167.143 Y125.091 E118.81505
G1 X166.828 Y124.9 E118.82778
G1 X170.931 Y124.9 E118.96954
G1 X170.785 Y125.068 E118.97723
G1 X170.416 Y125.599 E118.99957
G1 X170.198 Y125.999 E119.01531
G1 X169.974 Y126.524 E119.03503
G2 X169.7580 Y127.2980 I5.4111 J1.9272 E119.062810
G2 X169.6060 Y128.6540 I7.8885 J1.5708 E119.110000
G1 X169.6 Y128.841 E119.11647
G1 X169.6 Y137.511 E119.41602
G1 X169.595 Y137.551 E119.41741
G1 X169.564 Y137.683 E119.4221
G1 X169.53 Y137.765 E119.42517
G1 X169.478 Y137.851 E119.42864
G1 X169.419 Y137.919 E119.43175
G1 F4200 E118.43175
G1 F1500 Z0.5
G0 F7680 X169.363 Y127.231 Z0.5
G1 F1500 Z0.2
G1 F2100 E119.43175
G1 F1350 X169.354 Y127.282 E119.43354
G1 X169.147 Y126.796 E119.45179
G1 X168.955 Y126.445 E119.46561
G1 X168.572 Y125.886 E119.48903
G1 X168.315 Y125.581 E119.50281
G1 X168.018 Y125.3 E119.51693
G1 X170.14 Y125.3 E119.59025
G1 X170.065 Y125.408 E119.59479
G1 X169.847 Y125.808 E119.61053
G1 X169.593 Y126.402 E119.63285
G2 X169.3630 Y127.2310 I5.9058 J2.0849 E119.662590
G0 F7680 X169.255 Y126.179
G1 F1350 X168.927 Y125.7 E119.68265
G1 X169.46 Y125.7 E119.70107
G1 X169.255 Y126.179 E119.71907
G1 F4200 E118.71907
G1 F1500 Z0.5
;MESH:LC-GR3005??????RFID?????????-WB.stl
G0 F7680 X157.615 Y176.397 Z0.5
;TYPE:WALL-INNER
G1 F1500 Z0.2
G1 F2100 E119.71907
G1 F1350 X157.913 Y176.273 E119.72999
G1 X158.176 Y176.113 E119.74041
G1 X158.408 Y175.912 E119.7508
G1 X158.611 Y175.675 E119.76136
G1 X158.774 Y175.408 E119.77195
G1 X158.898 Y175.11 E119.78287
G1 X159 Y174.594 E119.80068
G1 X159 Y146.004 E120.76832
G1 X141 Y146.004 E121.37754
G1 X141 Y174.594 E122.34518
G1 X141.1 Y175.115 E122.36314
G1 X141.222 Y175.408 E122.37388
G1 X141.385 Y175.675 E122.38447
G1 X141.586 Y175.91 E122.39493
G1 X141.823 Y176.113 E122.4055
G1 X142.085 Y176.274 E122.4159
G1 X142.381 Y176.397 E122.42675
G1 X142.907 Y176.5 E122.44489
G1 X157.089 Y176.5 E122.92489
G1 X157.253 Y176.468 E122.93055
G0 F1215 X157.615 Y176.397
G0 F7680 X157.738 Y176.779
G1 F1350 X158.095 Y176.631 E122.94363
G1 X158.413 Y176.437 E122.95623
G1 X158.693 Y176.195 E122.96876
G1 X158.936 Y175.91 E122.98144
G1 X159.131 Y175.59 E122.99412
G1 X159.28 Y175.236 E123.00712
G1 X159.4 Y174.617 E123.02846
G1 X159.4 Y145.604 E124.01042
G1 X140.6 Y145.604 E124.64671
G1 X140.6 Y174.617 E125.62867
G1 X140.718 Y175.239 E125.6501
G1 X140.865 Y175.59 E125.66298
G1 X141.06 Y175.91 E125.67566
G1 X141.302 Y176.194 E125.68829
G1 X141.587 Y176.437 E125.70097
G1 X141.902 Y176.631 E125.71349
G1 X142.258 Y176.779 E125.72654
G1 X142.882 Y176.9 E125.74805
G1 X157.114 Y176.9 E126.22974
G1 X157.376 Y176.849 E126.23877
G0 F1215 X157.738 Y176.779
G0 F7680 X157.65 Y176.484
G0 X150.879 Y174.581
G1 F1350 X150.059 Y174.7 E126.26682
G1 X149.373 Y174.642 E126.29012
G1 X148.67 Y174.403 E126.31525
G1 X148.452 Y174.298 E126.32344
G1 X147.943 Y173.95 E126.34431
G1 X147.524 Y173.524 E126.36453
G1 X147.19 Y173.029 E126.38474
G1 X146.97 Y172.529 E126.40323
G1 X146.794 Y171.698 E126.43198
G1 X146.847 Y170.95 E126.45736
G1 X147.008 Y170.363 E126.47796
G1 X147.188 Y169.975 E126.49244
G1 X147.576 Y169.393 E126.51611
G1 X148.096 Y168.929 E126.5397
G1 X148.615 Y168.617 E126.5602
G1 X149.154 Y168.408 E126.57976
G1 X149.991 Y168.293 E126.60836
G1 X150.659 Y168.365 E126.6311
G1 X151.437 Y168.642 E126.65905
G1 X151.9 Y168.929 E126.67748
G1 X152.426 Y169.395 E126.70127
G1 X152.806 Y169.967 E126.72451
G1 X153.053 Y170.569 E126.74653
G1 X153.202 Y171.302 E126.77185
G1 X153.149 Y172.044 E126.79703
G1 X153.034 Y172.52 E126.8136
G1 X152.808 Y173.025 E126.83233
G1 X152.483 Y173.515 E126.85223
G1 X151.981 Y174.022 E126.87638
G1 X151.373 Y174.386 E126.90036
G1 X150.879 Y174.581 E126.91833
G0 F7680 X150.779 Y174.192
G1 F1350 X150.012 Y174.296 E126.94453
G1 X149.386 Y174.225 E126.96586
G1 X148.721 Y173.998 E126.98964
G1 X148.22 Y173.661 E127.01007
G1 X147.848 Y173.291 E127.02783
G1 X147.554 Y172.863 E127.04541
G1 X147.351 Y172.409 E127.06224
G1 X147.197 Y171.668 E127.08785
G1 X147.236 Y171.043 E127.10905
G1 X147.371 Y170.531 E127.12697
G1 X147.605 Y170.049 E127.1451
G1 X147.845 Y169.709 E127.15919
G1 X148.223 Y169.336 E127.17716
G1 X148.668 Y169.038 E127.19529
G1 X149.223 Y168.807 E127.21564
G1 X149.965 Y168.697 E127.24102
G1 X150.541 Y168.752 E127.26061
G1 X151.264 Y169.003 E127.28651
G1 X151.684 Y169.266 E127.30328
G1 X152.119 Y169.658 E127.3231
G1 X152.442 Y170.133 E127.34254
G1 X152.661 Y170.648 E127.36148
G1 X152.799 Y171.33 E127.38503
G1 X152.76 Y171.951 E127.40609
G1 X152.652 Y172.398 E127.42166
G1 X152.445 Y172.857 E127.4387
G1 X152.123 Y173.334 E127.45818
G1 X151.684 Y173.734 E127.47828
G1 X151.328 Y173.962 E127.49259
G1 X150.779 Y174.192 E127.51273
G0 F7680 X150.688 Y173.797
;TYPE:WALL-OUTER
G1 F1350 X149.993 Y173.896 E127.53699
G1 X149.561 Y173.856 E127.55198
G1 X148.884 Y173.625 E127.57669
G1 X148.497 Y173.373 E127.59265
G1 X148.197 Y173.085 E127.60702
G1 X147.918 Y172.696 E127.62356
G1 X147.733 Y172.289 E127.639
G1 X147.603 Y171.656 E127.66133
G1 X147.625 Y171.137 E127.67928
G1 X147.734 Y170.699 E127.69487
G1 X147.914 Y170.311 E127.70965
G1 X148.198 Y169.91 E127.72663
G1 X148.498 Y169.626 E127.7409
G1 X148.916 Y169.358 E127.75806
G1 X149.325 Y169.194 E127.77328
G1 X150.015 Y169.1 E127.79734
G1 X150.458 Y169.144 E127.81272
G1 X151.091 Y169.363 E127.83587
G1 X151.497 Y169.625 E127.85256
G1 X151.828 Y169.94 E127.86835
G1 X152.06 Y170.268 E127.88223
G1 X152.269 Y170.728 E127.89969
G1 X152.393 Y171.34 E127.92126
G1 X152.371 Y171.859 E127.93921
G1 X152.271 Y172.277 E127.95406
G1 X152.082 Y172.689 E127.96972
G1 X151.802 Y173.086 E127.9865
G1 X151.498 Y173.374 E128.00097
G1 X151.112 Y173.625 E128.01688
G1 X150.688 Y173.797 E128.03269
G0 F7680 X149.993 Y173.896
G0 X149.896 Y173.887
G0 X149.829 Y174.596
G0 X157.65 Y176.484
G0 X157.862 Y177.161
G1 F1350 X158.277 Y176.989 E128.04821
G1 X158.649 Y176.761 E128.06329
G1 X158.977 Y176.478 E128.07825
G1 X159.261 Y176.146 E128.09335
G1 X159.489 Y175.772 E128.10848
G1 X159.661 Y175.361 E128.12388
G1 X159.766 Y174.928 E128.13927
G1 X159.8 Y174.64 E128.14929
G1 X159.8 Y145.204 E129.16632
G1 X140.2 Y145.204 E129.84351
G1 X140.2 Y174.64 E130.86055
G1 X140.336 Y175.362 E130.88593
G1 X140.507 Y175.772 E130.90128
G1 X140.735 Y176.146 E130.91641
G1 X141.018 Y176.478 E130.93149
G1 X141.351 Y176.761 E130.94658
G1 X141.72 Y176.989 E130.96157
G1 X142.134 Y177.161 E130.97706
G1 X142.857 Y177.3 E131.0025
G1 X157.139 Y177.3 E131.49595
G1 X157.507 Y177.229 E131.5089
G0 F1215 X157.862 Y177.161
G0 F7680 X158.277 Y176.989
G0 X158.576 Y176.806
G1 F4200 E130.5089
G0 F7680 X158.206 Y176.202
G0 X141.284 Y175.14
;TYPE:SKIN
G1 F2100 E131.5089
G1 F1350 X142.356 Y176.212 E131.55663
G0 F7680 X143.02 Y176.339
G1 F1350 X141.161 Y174.48 E131.6394
G0 F7680 X141.161 Y173.943
G1 F1350 X143.558 Y176.339 E131.7461
G0 F7680 X144.095 Y176.339
G1 F1350 X141.161 Y173.405 E131.87674
G0 F7680 X141.161 Y172.868
G1 F1350 X144.632 Y176.339 E132.03128
G0 F7680 X145.17 Y176.339
G1 F1350 X141.161 Y172.33 E132.20978
G0 F7680 X141.161 Y171.793
G1 F1350 X145.707 Y176.339 E132.41218
G0 F7680 X146.245 Y176.339
G1 F1350 X141.161 Y171.256 E132.63852
G0 F7680 X141.161 Y170.718
G1 F1350 X146.782 Y176.339 E132.88879
G0 F7680 X147.319 Y176.339
G1 F1350 X141.161 Y170.181 E133.16297
G0 F7680 X141.161 Y169.643
G1 F1350 X147.857 Y176.339 E133.46111
G0 F7680 X148.394 Y176.339
G1 F1350 X141.161 Y169.106 E133.78315
G0 F7680 X141.161 Y168.569
G1 F1350 X148.932 Y176.339 E134.12913
G0 F7680 X149.469 Y176.339
G1 F1350 X141.161 Y168.031 E134.49903
G0 F7680 X141.161 Y167.494
G1 F1350 X150.006 Y176.339 E134.89285
G0 F7680 X150.544 Y176.339
G1 F1350 X148.833 Y174.629 E134.96901
G0 F7680 X149.563 Y174.821
G1 F1350 X151.081 Y176.339 E135.0366
G0 F7680 X151.619 Y176.339
G1 F1350 X150.132 Y174.853 E135.10278
G0 F7680 X150.601 Y174.784
G1 F1350 X152.156 Y176.339 E135.17202
G0 F7680 X152.693 Y176.339
G1 F1350 X151.044 Y174.689 E135.24546
G0 F7680 X151.428 Y174.537
G1 F1350 X153.231 Y176.339 E135.32572
G0 F7680 X153.768 Y176.339
G1 F1350 X151.766 Y174.337 E135.41485
G0 F7680 X152.085 Y174.119
G1 F1350 X154.306 Y176.339 E135.51372
G0 F7680 X154.843 Y176.339
G1 F1350 X152.37 Y173.866 E135.62383
G0 F7680 X152.628 Y173.587
G1 F1350 X155.38 Y176.339 E135.74636
G0 F7680 X155.918 Y176.339
G1 F1350 X152.842 Y173.263 E135.88331
G0 F7680 X153.032 Y172.916
G1 F1350 X156.455 Y176.339 E136.03572
G0 F7680 X156.993 Y176.339
G1 F1350 X153.193 Y172.54 E136.20489
G0 F7680 X153.299 Y172.108
G1 F1350 X157.456 Y176.265 E136.38998
G0 F7680 X157.851 Y176.123
G1 F1350 X153.34 Y171.611 E136.59085
G0 F7680 X153.315 Y171.049
G1 F1350 X158.165 Y175.899 E136.80679
G0 F7680 X158.433 Y175.63
G1 F1350 X153.122 Y170.319 E137.04326
G0 F7680 X151.178 Y168.375
G1 F1350 X141.161 Y158.358 E137.48926
G0 F7680 X141.161 Y158.895
G1 F1350 X150.446 Y168.18 E137.90267
G0 F7680 X149.876 Y168.147
G1 F1350 X141.161 Y159.433 E138.29067
G0 F7680 X141.161 Y159.97
G1 F1350 X149.403 Y168.212 E138.65764
G0 F7680 X148.963 Y168.31
G1 F1350 X141.161 Y160.508 E139.00502
G0 F7680 X141.161 Y161.045
G1 F1350 X148.576 Y168.46 E139.33517
G0 F7680 X148.237 Y168.658
G1 F1350 X141.161 Y161.582 E139.65022
G0 F7680 X141.161 Y162.12
G1 F1350 X147.917 Y168.875 E139.951
G0 F7680 X147.633 Y169.129
G1 F1350 X141.161 Y162.657 E140.23916
G0 F7680 X141.161 Y163.195
G1 F1350 X147.384 Y169.417 E140.51622
G0 F7680 X147.151 Y169.722
G1 F1350 X141.161 Y163.732 E140.78292
G0 F7680 X141.161 Y164.269
G1 F1350 X146.971 Y170.079 E141.0416
G0 F7680 X146.817 Y170.463
G1 F1350 X141.161 Y164.807 E141.29343
G0 F7680 X141.161 Y165.344
G1 F1350 X146.699 Y170.882 E141.54001
G0 F7680 X146.656 Y171.377
G1 F1350 X141.161 Y165.882 E141.78467
G0 F7680 X141.161 Y166.419
G1 F1350 X146.679 Y171.937 E142.03035
G0 F7680 X146.843 Y172.639
G1 F1350 X141.161 Y166.956 E142.28336
G0 F7680 X141.161 Y157.821
G1 F1350 X158.644 Y175.303 E143.06175
G0 F7680 X158.777 Y174.899
G1 F1350 X141.161 Y157.283 E143.84609
G0 F7680 X141.161 Y156.746
G1 F1350 X158.839 Y174.423 E144.63317
G0 F7680 X158.839 Y173.886
G1 F1350 X141.161 Y156.208 E145.42027
G0 F7680 X141.161 Y155.671
G1 F1350 X158.839 Y173.349 E146.20737
G0 F7680 X158.839 Y172.811
G1 F1350 X141.161 Y155.134 E146.99445
G0 F7680 X141.161 Y154.596
G1 F1350 X158.839 Y172.274 E147.78154
G0 F7680 X158.839 Y171.736
G1 F1350 X141.161 Y154.059 E148.56862
G0 F7680 X141.161 Y153.521
G1 F1350 X158.839 Y171.199 E149.35572
G0 F7680 X158.839 Y170.662
G1 F1350 X141.161 Y152.984 E150.14282
G0 F7680 X141.161 Y152.447
G1 F1350 X158.839 Y170.124 E150.9299
G0 F7680 X158.839 Y169.587
G1 F1350 X141.161 Y151.909 E151.717
G0 F7680 X141.161 Y151.372
G1 F1350 X158.839 Y169.049 E152.50407
G0 F7680 X158.839 Y168.512
G1 F1350 X141.161 Y150.834 E153.29117
G0 F7680 X141.161 Y150.297
G1 F1350 X158.839 Y167.975 E154.07827
G0 F7680 X158.839 Y167.437
G1 F1350 X141.161 Y149.76 E154.86535
G0 F7680 X141.161 Y149.222
G1 F1350 X158.839 Y166.9 E155.65245
G0 F7680 X158.839 Y166.362
G1 F1350 X141.161 Y148.685 E156.43952
G0 F7680 X141.161 Y148.147
G1 F1350 X158.839 Y165.825 E157.22662
G0 F7680 X158.839 Y165.288
G1 F1350 X141.161 Y147.61 E158.01372
G0 F7680 X141.161 Y147.073
G1 F1350 X158.839 Y164.75 E158.8008
G0 F7680 X158.839 Y164.213
G1 F1350 X141.161 Y146.535 E159.5879
G0 F7680 X141.328 Y146.165
G1 F1350 X158.839 Y163.675 E160.36754
G0 F7680 X158.839 Y163.138
G1 F1350 X141.865 Y146.165 E161.12327
G0 F7680 X142.403 Y146.165
G1 F1350 X158.839 Y162.601 E161.85507
G0 F7680 X158.839 Y162.063
G1 F1350 X142.94 Y146.165 E162.56294
G0 F7680 X143.478 Y146.165
G1 F1350 X158.839 Y161.526 E163.24688
G0 F7680 X158.839 Y160.988
G1 F1350 X144.015 Y146.165 E163.90688
G0 F7680 X144.552 Y146.165
G1 F1350 X158.839 Y160.451 E164.54298
G0 F7680 X158.839 Y159.914
G1 F1350 X145.09 Y146.165 E165.15514
G0 F7680 X145.627 Y146.165
G1 F1350 X158.839 Y159.376 E165.74337
G0 F7680 X158.839 Y158.839
G1 F1350 X146.165 Y146.165 E166.30767
G0 F7680 X146.702 Y146.165
G1 F1350 X158.839 Y158.301 E166.84804
G0 F7680 X158.839 Y157.764
G1 F1350 X147.239 Y146.165 E167.3645
G0 F7680 X147.777 Y146.165
G1 F1350 X158.839 Y157.227 E167.85703
G0 F7680 X158.839 Y156.689
G1 F1350 X148.314 Y146.165 E168.32562
G0 F7680 X148.852 Y146.165
G1 F1350 X158.839 Y156.152 E168.77028
G0 F7680 X158.839 Y155.614
G1 F1350 X149.389 Y146.165 E169.19102
G0 F7680 X149.926 Y146.165
G1 F1350 X158.839 Y155.077 E169.58784
G0 F7680 X158.839 Y154.54
G1 F1350 X150.464 Y146.165 E169.96073
G0 F7680 X151.001 Y146.165
G1 F1350 X158.839 Y154.002 E170.30969
G0 F7680 X158.839 Y153.465
G1 F1350 X151.539 Y146.165 E170.63471
G0 F7680 X152.076 Y146.165
G1 F1350 X158.839 Y152.927 E170.93581
G0 F7680 X158.839 Y152.39
G1 F1350 X152.613 Y146.165 E171.21299
G0 F7680 X153.151 Y146.165
G1 F1350 X158.839 Y151.853 E171.46625
G0 F7680 X158.839 Y151.315
G1 F1350 X153.688 Y146.165 E171.69557
G0 F7680 X154.226 Y146.165
G1 F1350 X158.839 Y150.778 E171.90096
G0 F7680 X158.839 Y150.24
G1 F1350 X154.763 Y146.165 E172.08242
G0 F7680 X155.3 Y146.165
G1 F1350 X158.839 Y149.703 E172.23997
G0 F7680 X158.839 Y149.166
G1 F1350 X155.838 Y146.165 E172.37359
G0 F7680 X156.375 Y146.165
G1 F1350 X158.839 Y148.628 E172.48327
G0 F7680 X158.839 Y148.091
G1 F1350 X156.913 Y146.165 E172.56902
G0 F7680 X157.45 Y146.165
G1 F1350 X158.839 Y147.553 E172.63085
G0 F7680 X158.839 Y147.016
G1 F1350 X157.987 Y146.165 E172.66876
G0 F7680 X158.525 Y146.165
G1 F1350 X158.839 Y146.479 E172.68274
G0 F7680 X158.79 Y146.479
G1 F4200 E171.68274
G1 F1500 Z0.5
;MESH:NONMESH
G0 F7680 X158.79 Y146.479 Z0.5
G0 X160.332 Y143.904
;TIME_ELAPSED:240.630745
;LAYER:1
M106 S255
G0 F8640 X160.332 Y143.904 Z0.7
;TYPE:SUPPORT-INTERFACE
G1 F1500 Z0.205
G1 F2100 E172.68274
G1 F1110.4 X139.67 Y143.906 E173.4606
G1 F4200 E172.4606
G1 F1500 Z0.7
G0 F8640 X141.21 Y145.629 Z0.7
G0 X136.017 Y126.914
;TYPE:SUPPORT
G1 F1500 Z0.4
G1 F2100 E173.4606
G1 F1620 X136.017 Y122.1 E173.60183
G1 X133.35 Y122.1 E173.68006
G1 X133.35 Y140.901 E174.2316
G1 X130.683 Y140.9 E174.30984
G1 X130.683 Y122.1 E174.86134
G1 X128.016 Y122.1 E174.93958
G1 X128.016 Y139.12 E175.43887
G1 X127.969 Y139.044 E175.44149
G1 X127.766 Y138.552 E175.4571
G1 X127.645 Y138.044 E175.47242
G1 X127.6 Y137.676 E175.4833
G1 X127.6 Y128.517 E175.75198
G1 X127.529 Y127.88 E175.77079
G1 X127.364 Y127.318 E175.78797
G1 X127.155 Y126.937 E175.80072
G1 X126.871 Y126.599 E175.81367
G1 X126.522 Y126.323 E175.82672
G1 X126.003 Y126.076 E175.84358
G1 X125.545 Y125.952 E175.8575
G1 X125.349 Y125.938 E175.86326
G1 X125.349 Y122.1 E175.97585
G1 X122.682 Y122.1 E176.05409
G1 X122.682 Y125.9 E176.16557
G1 X117.79 Y125.9 E176.30907
G1 X117.789 Y122.1 E176.42055
G1 X120.015 Y122.1 E176.48585
G1 X120.015 Y125.9 E176.59732
G1 F4200 E175.59732
G1 F1500 Z0.7
G0 F8640 X165.354 Y127.261 Z0.7
G1 F1500 Z0.4
G1 F2100 E176.59732
G1 F1620 X165.233 Y127.189 E176.60146
G1 X164.719 Y127.009 E176.61743
G1 X164.459 Y126.957 E176.62521
G2 X162.6870 Y126.9010 I-1.2483 J11.4358 E176.677260
G1 X162.687 Y122.1 E176.8181
G1 X160.02 Y122.1 E176.89633
G1 X160.02 Y126.901 E177.03717
G1 X157.353 Y126.901 E177.11541
G1 X157.353 Y122.1 E177.25625
G1 X154.686 Y122.1 E177.33449
G1 X154.686 Y126.902 E177.47536
G1 X152.019 Y126.902 E177.55359
G1 X152.019 Y122.1 E177.69446
G1 X149.352 Y122.1 E177.7727
G1 X149.352 Y126.903 E177.9136
G1 X146.685 Y126.903 E177.99184
G1 X146.685 Y122.1 E178.13273
G1 X144.018 Y122.1 E178.21097
G1 X144.018 Y126.903 E178.35187
G1 X141.351 Y126.904 E178.43011
G1 X141.351 Y122.1 E178.57103
G1 X138.684 Y122.1 E178.64927
G1 X138.684 Y126.904 E178.7902
G1 X136.105 Y126.904 E178.86586
G1 X135.291 Y126.994 E178.88988
G1 X134.829 Y127.141 E178.9041
G1 X134.439 Y127.354 E178.91714
G1 X134.102 Y127.637 E178.93005
G1 X133.833 Y127.977 E178.94277
G1 X133.622 Y128.392 E178.95642
G1 X133.455 Y128.96 E178.97379
G1 X133.4 Y129.759 E178.99729
G1 X133.4 Y133.237 E179.09931
G1 X133.477 Y134.109 E179.12499
G1 X133.593 Y134.539 E179.13806
G1 X133.777 Y134.938 E179.15095
G1 X134.121 Y135.382 E179.16743
G1 X134.46 Y135.661 E179.18031
G1 X134.811 Y135.85 E179.192
G1 X135.194 Y135.979 E179.20386
G1 X135.659 Y136.065 E179.21773
G1 X136.017 Y136.09 E179.22826
G1 X136.017 Y140.884 E179.36889
G1 X136.95 Y140.937 E179.3963
G1 X137.385 Y141.011 E179.40925
G1 X137.803 Y141.13 E179.422
G1 X138.351 Y141.403 E179.43996
G1 X138.684 Y141.675 E179.45257
G1 X138.684 Y136.098 E179.61618
G1 X141.351 Y136.098 E179.69441
G1 X141.351 Y141.931 E179.86553
G1 X144.018 Y141.931 E179.94376
G1 X144.018 Y136.098 E180.11488
G1 X146.685 Y136.099 E180.19312
G1 X146.685 Y141.931 E180.3642
G1 X149.352 Y141.931 E180.44244
G1 X149.352 Y136.099 E180.61352
G1 X152.019 Y136.099 E180.69176
G1 X152.019 Y141.931 E180.86284
G1 X154.686 Y141.931 E180.94108
G1 X154.686 Y136.1 E181.11214
G1 X157.353 Y136.1 E181.19037
G1 X157.353 Y141.931 E181.36143
G1 X160.02 Y141.931 E181.43967
G1 X160.02 Y136.1 E181.61072
G1 X162.687 Y136.1 E181.68896
G1 X162.687 Y141.012 E181.83305
G1 X163.324 Y140.907 E181.85199
G1 X165.354 Y140.905 E181.91154
G1 X165.354 Y135.774 E182.06206
G1 X165.752 Y135.506 E182.07614
G1 X166.088 Y135.144 E182.09063
G1 X166.294 Y134.823 E182.10182
G1 X166.473 Y134.378 E182.11589
G1 X166.56 Y133.921 E182.12954
G1 X166.6 Y133.34 E182.14662
G1 X166.6 Y129.8 E182.25047
G1 X166.536 Y128.946 E182.27559
G1 X166.452 Y128.597 E182.28612
G1 X166.255 Y128.126 E182.3011
G1 X166.007 Y127.768 E182.31387
G1 X165.685 Y127.461 E182.32692
G1 X165.354 Y127.261 E182.33827
G1 X165.354 Y122.1 E182.48967
G1 X168.021 Y122.1 E182.56791
G1 X168.021 Y140.902 E183.11947
G1 X169.176 Y140.9 E183.15335
G1 X169.544 Y140.855 E183.16423
G1 X170.052 Y140.734 E183.17955
G1 X170.544 Y140.531 E183.19516
G1 X170.688 Y140.443 E183.20011
G1 X170.688 Y122.1 E183.73821
G1 X173.355 Y122.1 E183.81645
G1 X173.355 Y126.427 E183.94339
G1 X173.557 Y126.283 E183.95066
G1 X173.95 Y126.09 E183.96351
G1 X174.306 Y125.99 E183.97435
G1 X174.701 Y125.93 E183.98608
G3 X176.0220 Y125.9000 I0.9240 J11.5878 E184.024850
G1 X176.022 Y122.1 E184.13633
G1 X178.689 Y122.1 E184.21456
G1 X178.689 Y125.9 E184.32604
G1 X182.211 Y125.9 E184.42936
G1 X182.21 Y122.1 E184.54083
G1 X181.356 Y122.1 E184.56589
G1 X181.356 Y125.9 E184.67736
G1 F4200 E183.67736
G1 F1500 Z0.7
G0 F8640 X160.428 Y142.13 Z0.7
;TYPE:SUPPORT-INTERFACE
G1 F1500 Z0.4
G1 F2100 E184.67736
G1 F1425 X159.536 Y143.676 E184.72972
G0 F8640 X159.161 Y143.674
G1 F1425 X158.27 Y142.132 E184.78196
G0 F8640 X157.657 Y142.13
G1 F1425 X156.765 Y143.675 E184.8343
G0 F8640 X156.389 Y143.674
G1 F1425 X155.499 Y142.132 E184.88653
G0 F8640 X154.885 Y142.131
G1 F1425 X153.993 Y143.676 E184.93886
G0 F8640 X153.618 Y143.675
G1 F1425 X152.727 Y142.131 E184.99116
G0 F8640 X152.114 Y142.131
G1 F1425 X151.222 Y143.676 E185.04349
G0 F8640 X150.847 Y143.675
G1 F1425 X149.956 Y142.132 E185.09576
G0 F8640 X149.343 Y142.13
G1 F1425 X148.45 Y143.676 E185.14814
G0 F8640 X148.076 Y143.675
G1 F1425 X147.185 Y142.132 E185.20041
G0 F8640 X146.572 Y142.131
G1 F1425 X145.679 Y143.677 E185.25278
G0 F8640 X145.305 Y143.675
G1 F1425 X144.413 Y142.131 E185.30509
G0 F8640 X143.8 Y142.131
G1 F1425 X142.908 Y143.676 E185.35742
G0 F8640 X142.533 Y143.675
G1 F1425 X141.642 Y142.132 E185.40969
G0 F8640 X141.029 Y142.131
G1 F1425 X140.137 Y143.676 E185.46203
G0 F8640 X139.762 Y143.676
G1 F1425 X139.375 Y143.004 E185.48478
G0 F8640 X139.339 Y142.8
G1 F1425 X160.658 Y142.8 E186.11018
G0 F8640 X160.546 Y143.675
G1 F1425 X159.655 Y142.131 E186.16247
G0 F8640 X159.043 Y142.13
G1 F1425 X158.151 Y143.675 E186.21481
G0 F8640 X157.775 Y143.674
G1 F1425 X156.884 Y142.132 E186.26705
G0 F8640 X156.271 Y142.13
G1 F1425 X155.379 Y143.675 E186.31939
G0 F8640 X155.004 Y143.675
G1 F1425 X154.113 Y142.132 E186.37166
G0 F8640 X153.5 Y142.131
G1 F1425 X152.608 Y143.676 E186.42399
G0 F8640 X152.233 Y143.674
G1 F1425 X151.342 Y142.132 E186.47623
G0 F8640 X150.728 Y142.131
G1 F1425 X149.836 Y143.676 E186.52857
G0 F8640 X149.462 Y143.675
G1 F1425 X148.571 Y142.132 E186.58084
G0 F8640 X147.957 Y142.131
G1 F1425 X147.065 Y143.676 E186.63317
G0 F8640 X146.69 Y143.675
G1 F1425 X145.799 Y142.131 E186.68547
G0 F8640 X145.186 Y142.131
G1 F1425 X144.294 Y143.676 E186.7378
G0 F8640 X143.919 Y143.675
G1 F1425 X143.028 Y142.132 E186.79007
G0 F8640 X142.414 Y142.131
G1 F1425 X141.522 Y143.676 E186.84241
G0 F8640 X141.148 Y143.675
G1 F1425 X140.257 Y142.132 E186.89468
G0 F8640 X139.643 Y142.131
G1 F1425 X139.321 Y142.689 E186.91357
G1 F4200 E185.91357
G1 F1500 Z0.7
;MESH:LC-GR3005??????RFID?????????-WB.stl
G0 F8640 X150.952 Y174.551 Z0.7
;TYPE:WALL-INNER
G1 F1500 Z0.4
G1 F2100 E186.91357
G1 F1575 X150.3 Y174.691 E186.93487
G1 X149.595 Y174.67 E186.95739
G1 X148.966 Y174.519 E186.97804
G1 X148.394 Y174.259 E186.9981
G1 X148.153 Y174.105 E187.00724
G1 X147.677 Y173.693 E187.02734
G1 X147.513 Y173.511 E187.03516
G1 X147.186 Y173.017 E187.05408
G1 X146.954 Y172.49 E187.07246
G1 X146.795 Y171.678 E187.09888
G1 X146.847 Y170.95 E187.12218
G1 X147.008 Y170.363 E187.14162
G1 X147.188 Y169.975 E187.15528
G1 X147.513 Y169.485 E187.17405
G1 X147.677 Y169.303 E187.18187
G1 X148.262 Y168.797 E187.20657
G1 X149.078 Y168.426 E187.23519
G1 X149.695 Y168.312 E187.25523
G1 X150.301 Y168.312 E187.27457
G1 X150.917 Y168.426 E187.29458
G1 X151.735 Y168.798 E187.32327
G1 X152.319 Y169.303 E187.34792
G1 X152.478 Y169.478 E187.35547
G1 X152.817 Y169.987 E187.375
G1 X153.058 Y170.587 E187.39564
G1 X153.201 Y171.318 E187.41943
G1 X153.149 Y172.044 E187.44267
G1 X153.034 Y172.52 E187.4583
G1 X152.808 Y173.025 E187.47597
G1 X152.42 Y173.605 E187.49825
G1 X151.843 Y174.105 E187.52263
G1 X151.602 Y174.259 E187.53176
G1 X150.952 Y174.551 E187.55451
G0 F8640 X150.818 Y174.174
G1 F1575 X150.324 Y174.277 E187.57062
G1 X149.788 Y174.288 E187.58774
G1 X149.202 Y174.187 E187.60673
G1 X148.482 Y173.86 E187.63198
G1 X147.88 Y173.339 E187.6574
G1 X147.55 Y172.851 E187.67621
G1 X147.348 Y172.398 E187.69205
G1 X147.197 Y171.651 E187.71638
G1 X147.236 Y171.043 E187.73583
G1 X147.371 Y170.531 E187.75274
G1 X147.551 Y170.143 E187.7664
G1 X147.881 Y169.657 E187.78515
G1 X148.483 Y169.135 E187.8106
G1 X149.199 Y168.815 E187.83564
G1 X149.732 Y168.71 E187.85298
G1 X150.264 Y168.71 E187.86997
G1 X150.797 Y168.815 E187.88731
G1 X151.513 Y169.135 E187.91236
G1 X152.117 Y169.658 E187.93787
G1 X152.452 Y170.15 E187.95687
G1 X152.665 Y170.664 E187.97464
G1 X152.799 Y171.347 E187.99686
G1 X152.76 Y171.951 E188.01619
G1 X152.652 Y172.398 E188.03087
G1 X152.445 Y172.857 E188.04695
G1 X152.117 Y173.338 E188.06554
G1 X151.513 Y173.861 E188.09105
G1 X150.818 Y174.174 E188.11538
G0 F8640 X150.948 Y174.461
G0 X157.615 Y176.397
G1 F1575 X157.913 Y176.273 E188.12569
G1 X158.176 Y176.113 E188.13552
G1 X158.408 Y175.912 E188.14532
G1 X158.611 Y175.675 E188.15528
G1 X158.774 Y175.408 E188.16527
G1 X158.898 Y175.11 E188.17558
G1 X159 Y174.594 E188.19237
G1 X159 Y145.536 E189.12019
G1 X141 Y145.536 E189.69492
G1 X141 Y174.594 E190.62274
G1 X141.1 Y175.115 E190.63968
G1 X141.222 Y175.408 E190.64981
G1 X141.385 Y175.675 E190.6598
G1 X141.586 Y175.91 E190.66967
G1 X141.823 Y176.113 E190.67964
G1 X142.085 Y176.274 E190.68945
G1 X142.381 Y176.397 E190.69969
G1 X142.907 Y176.5 E190.7168
G1 X157.089 Y176.5 E191.16963
G1 X157.232 Y176.472 E191.17428
G0 F1417.5 X157.615 Y176.397
G0 F8640 X157.738 Y176.779
G1 F1575 X158.095 Y176.631 E191.18662
G1 X158.413 Y176.437 E191.19852
G1 X158.693 Y176.195 E191.21033
G1 X158.936 Y175.91 E191.22229
G1 X159.131 Y175.59 E191.23426
G1 X159.28 Y175.236 E191.24652
G1 X159.4 Y174.617 E191.26665
G1 X159.4 Y145.136 E192.20797
G1 X140.6 Y145.136 E192.80825
G1 X140.6 Y174.617 E193.74957
G1 X140.718 Y175.239 E193.76979
G1 X140.865 Y175.59 E193.78194
G1 X141.06 Y175.91 E193.7939
G1 X141.302 Y176.194 E193.80582
G1 X141.587 Y176.437 E193.81778
G1 X141.902 Y176.631 E193.82959
G1 X142.258 Y176.779 E193.8419
G1 X142.882 Y176.9 E193.86219
G1 X157.114 Y176.9 E194.31662
G1 X157.355 Y176.853 E194.32446
G0 F1417.5 X157.738 Y176.779
G0 F8640 X157.862 Y177.161
G0 X157.862 Y177.161 Z0.39
;TYPE:WALL-OUTER
G1 F1575 X158.047 Y177.084 Z0.4 E194.33083
G1 X158.277 Y176.989 E194.33894
G1 X158.649 Y176.761 E194.35317
G1 X158.977 Y176.478 E194.36729
G1 X159.261 Y176.146 E194.38153
G1 X159.489 Y175.772 E194.3958
G1 X159.661 Y175.361 E194.41033
G1 X159.766 Y174.928 E194.42485
G1 X159.8 Y174.64 E194.4343
G1 X159.8 Y144.736 E195.40902
G1 X140.2 Y144.736 E196.04788
G1 X140.2 Y174.64 E197.0226
G1 X140.336 Y175.362 E197.04655
G1 X140.507 Y175.772 E197.06103
G1 X140.735 Y176.146 E197.0753
G1 X141.018 Y176.478 E197.08952
G1 X141.351 Y176.761 E197.10377
G1 X141.72 Y176.989 E197.11791
G1 X142.134 Y177.161 E197.13252
G1 X142.857 Y177.3 E197.15652
G1 X157.139 Y177.3 E197.62204
G1 X157.678 Y177.196 E197.63993
G0 F1417.5 X157.862 Y177.161
G0 X158.047 Y177.084
G0 F8640 X158.277 Y176.989
G0 X158.649 Y176.761
G0 X158.736 Y176.686
G0 X158.275 Y176.148
G0 X150.979 Y174.446
G0 X150.684 Y173.797
G0 X150.684 Y173.797 Z0.39
G1 F1575 X150.488 Y173.836 Z0.4 E197.64629
G1 X150.247 Y173.885 E197.65431
G1 X149.749 Y173.885 E197.67054
G1 X149.297 Y173.791 E197.68559
G1 X148.698 Y173.519 E197.70703
G1 X148.168 Y173.051 E197.73008
G1 X147.914 Y172.684 E197.74462
G1 X147.729 Y172.277 E197.7592
G1 X147.603 Y171.643 E197.78027
G1 X147.625 Y171.137 E197.79677
G1 X147.734 Y170.699 E197.81149
G1 X147.914 Y170.311 E197.82543
G1 X148.201 Y169.908 E197.84155
G1 X148.699 Y169.477 E197.86302
G1 X149.297 Y169.205 E197.88443
G1 X149.769 Y169.108 E197.90014
G1 X150.227 Y169.108 E197.91507
G1 X150.699 Y169.205 E197.93078
G1 X151.297 Y169.477 E197.95219
G1 X151.827 Y169.943 E197.97519
G1 X152.087 Y170.314 E197.98996
G1 X152.273 Y170.741 E198.00514
G1 X152.393 Y171.353 E198.02547
G1 X152.371 Y171.859 E198.04198
G1 X152.271 Y172.277 E198.05599
G1 X152.064 Y172.72 E198.07192
G1 X151.795 Y173.088 E198.08678
G1 X151.297 Y173.519 E198.10825
G1 X150.684 Y173.797 E198.13019
G1 X150.488 Y173.836 E198.13654
G0 F8640 X150.247 Y173.885
G0 X149.749 Y173.885
G0 X149.695 Y173.874
G0 X149.561 Y174.572
G0 X157.461 Y176.265
;TYPE:SKIN
G1 F1530 X158.763 Y174.963 E198.19123
G0 F8640 X158.839 Y174.35
G1 F1530 X156.85 Y176.339 E198.27477
G0 F8640 X156.312 Y176.339
G1 F1530 X158.839 Y173.813 E198.3809
G0 F8640 X158.839 Y173.275
G1 F1530 X155.775 Y176.339 E198.5096
G0 F8640 X155.238 Y176.339
G1 F1530 X158.839 Y172.738 E198.66085
G0 F8640 X158.839 Y172.2
G1 F1530 X154.7 Y176.339 E198.83471
G0 F8640 X154.163 Y176.339
G1 F1530 X158.839 Y171.663 E199.03112
G0 F8640 X158.839 Y171.125
G1 F1530 X153.625 Y176.339 E199.25013
G0 F8640 X153.088 Y176.339
G1 F1530 X158.839 Y170.588 E199.49169
G0 F8640 X158.839 Y170.051
G1 F1530 X152.551 Y176.339 E199.75581
G0 F8640 X152.013 Y176.339
G1 F1530 X158.839 Y169.513 E200.04253
G0 F8640 X158.839 Y168.976
G1 F1530 X151.476 Y176.339 E200.35181
G0 F8640 X150.938 Y176.339
G1 F1530 X158.839 Y168.438 E200.68368
G0 F8640 X158.839 Y167.901
G1 F1530 X150.401 Y176.339 E201.03811
G0 F8640 X149.864 Y176.339
G1 F1530 X152.152 Y174.051 E201.13422
G0 F8640 X152.644 Y173.559
G1 F1530 X158.839 Y167.364 E201.39443
G0 F8640 X158.839 Y166.826
G1 F1530 X153.217 Y172.448 E201.63058
G0 F8640 X153.326 Y171.801
G1 F1530 X158.839 Y166.289 E201.86212
G0 F8640 X158.839 Y165.751
G1 F1530 X153.35 Y171.24 E202.09268
G0 F8640 X153.263 Y170.79
G1 F1530 X158.839 Y165.214 E202.3269
G0 F8640 X158.839 Y164.677
G1 F1530 X153.144 Y170.372 E202.56611
G0 F8640 X152.991 Y169.987
G1 F1530 X158.839 Y164.139 E202.81175
G0 F8640 X158.839 Y163.602
G1 F1530 X152.787 Y169.654 E203.06596
G0 F8640 X152.566 Y169.337
G1 F1530 X158.839 Y163.064 E203.32945
G0 F8640 X158.839 Y162.527
G1 F1530 X152.296 Y169.07 E203.60428
G0 F8640 X152.007 Y168.821
G1 F1530 X158.839 Y161.99 E203.89123
G0 F8640 X158.839 Y161.452
G1 F1530 X151.689 Y168.602 E204.19156
G0 F8640 X151.319 Y168.434
G1 F1530 X158.839 Y160.915 E204.50741
G0 F8640 X158.839 Y160.377
G1 F1530 X150.947 Y168.269 E204.8389
G0 F8640 X150.494 Y168.185
G1 F1530 X158.839 Y159.84 E205.18943
G0 F8640 X158.839 Y159.303
G1 F1530 X149.989 Y168.152 E205.56114
G0 F8640 X149.401 Y168.203
G1 F1530 X158.839 Y158.765 E205.95758
G0 F8640 X158.839 Y158.228
G1 F1530 X148.598 Y168.468 E206.38772
G0 F8640 X146.952 Y170.114
G1 F1530 X141.504 Y175.563 E206.61658
G0 F8640 X141.758 Y175.846
G1 F1530 X146.689 Y170.915 E206.8237
G0 F8640 X146.648 Y171.494
G1 F1530 X142.067 Y176.075 E207.01612
G0 F8640 X142.434 Y176.245
G1 F1530 X146.691 Y171.987 E207.19495
G0 F8640 X146.779 Y172.437
G1 F1530 X142.883 Y176.333 E207.3586
G0 F8640 X143.415 Y176.339
G1 F1530 X146.926 Y172.828 E207.50607
G0 F8640 X147.105 Y173.186
G1 F1530 X143.952 Y176.339 E207.63851
G0 F8640 X144.489 Y176.339
G1 F1530 X147.319 Y173.509 E207.75738
G0 F8640 X147.561 Y173.805
G1 F1530 X145.027 Y176.339 E207.86382
G0 F8640 X145.564 Y176.339
G1 F1530 X147.849 Y174.054 E207.9598
G0 F8640 X148.15 Y174.291
G1 F1530 X146.102 Y176.339 E208.04582
G0 F8640 X146.639 Y176.339
G1 F1530 X148.497 Y174.481 E208.12387
G0 F8640 X148.866 Y174.649
G1 F1530 X147.176 Y176.339 E208.19485
G0 F8640 X147.714 Y176.339
G1 F1530 X149.285 Y174.768 E208.26084
G0 F8640 X149.749 Y174.841
G1 F1530 X148.251 Y176.339 E208.32377
G0 F8640 X148.789 Y176.339
G1 F1530 X150.297 Y174.831 E208.38711
G0 F8640 X150.952 Y174.713
G1 F1530 X149.326 Y176.339 E208.45541
G0 F8640 X141.315 Y175.214
G1 F1530 X158.839 Y157.69 E209.19148
G0 F8640 X158.839 Y157.153
G1 F1530 X141.201 Y174.791 E209.93235
G0 F8640 X141.161 Y174.293
G1 F1530 X158.839 Y156.616 E210.67488
G0 F8640 X158.839 Y156.078
G1 F1530 X141.161 Y173.756 E211.41742
G0 F8640 X141.161 Y173.219
G1 F1530 X158.839 Y155.541 E212.15997
G0 F8640 X158.839 Y155.003
G1 F1530 X141.161 Y172.681 E212.90251
G0 F8640 X141.161 Y172.144
G1 F1530 X158.839 Y154.466 E213.64506
G0 F8640 X158.839 Y153.929
G1 F1530 X141.161 Y171.606 E214.38759
G0 F8640 X141.161 Y171.069
G1 F1530 X158.839 Y153.391 E215.13013
G0 F8640 X158.839 Y152.854
G1 F1530 X141.161 Y170.532 E215.87268
G0 F8640 X141.161 Y169.994
G1 F1530 X158.839 Y152.316 E216.61523
G0 F8640 X158.839 Y151.779
G1 F1530 X141.161 Y169.457 E217.35777
G0 F8640 X141.161 Y168.919
G1 F1530 X158.839 Y151.242 E218.1003
G0 F8640 X158.839 Y150.704
G1 F1530 X141.161 Y168.382 E218.84284
G0 F8640 X141.161 Y167.845
G1 F1530 X158.839 Y150.167 E219.58539
G0 F8640 X158.839 Y149.629
G1 F1530 X141.161 Y167.307 E220.32794
G0 F8640 X141.161 Y166.77
G1 F1530 X158.839 Y149.092 E221.07048
G0 F8640 X158.839 Y148.555
G1 F1530 X141.161 Y166.232 E221.81301
G0 F8640 X141.161 Y165.695
G1 F1530 X158.839 Y148.017 E222.55555
G0 F8640 X158.839 Y147.48
G1 F1530 X141.161 Y165.158 E223.2981
G0 F8640 X141.161 Y164.62
G1 F1530 X158.839 Y146.942 E224.04065
G0 F8640 X158.839 Y146.405
G1 F1530 X141.161 Y164.083 E224.78319
G0 F8640 X141.161 Y163.545
G1 F1530 X158.839 Y145.868 E225.52572
G0 F8640 X158.473 Y145.697
G1 F1530 X141.161 Y163.008 E226.25287
G0 F8640 X141.161 Y162.471
G1 F1530 X157.935 Y145.697 E226.95745
G0 F8640 X157.398 Y145.697
G1 F1530 X141.161 Y161.933 E227.63944
G0 F8640 X141.161 Y161.396
G1 F1530 X156.86 Y145.697 E228.29886
G0 F8640 X156.323 Y145.697
G1 F1530 X141.161 Y160.858 E228.93571
G0 F8640 X141.161 Y160.321
G1 F1530 X155.786 Y145.697 E229.54999
G0 F8640 X155.248 Y145.697
G1 F1530 X141.161 Y159.784 E230.1417
G0 F8640 X141.161 Y159.246
G1 F1530 X154.711 Y145.697 E230.71084
G0 F8640 X154.173 Y145.697
G1 F1530 X141.161 Y158.709 E231.25739
G0 F8640 X141.161 Y158.171
G1 F1530 X153.636 Y145.697 E231.78137
G0 F8640 X153.099 Y145.697
G1 F1530 X141.161 Y157.634 E232.28279
G0 F8640 X141.161 Y157.096
G1 F1530 X152.561 Y145.697 E232.76162
G0 F8640 X152.024 Y145.697
G1 F1530 X141.161 Y156.559 E233.21789
G0 F8640 X141.161 Y156.022
G1 F1530 X151.486 Y145.697 E233.65158
G0 F8640 X150.949 Y145.697
G1 F1530 X141.161 Y155.484 E234.06269
G0 F8640 X141.161 Y154.947
G1 F1530 X150.412 Y145.697 E234.45125
G0 F8640 X149.874 Y145.697
G1 F1530 X141.161 Y154.409 E234.81721
G0 F8640 X141.161 Y153.872
G1 F1530 X149.337 Y145.697 E235.16061
G0 F8640 X148.799 Y145.697
G1 F1530 X141.161 Y153.335 E235.48144
G0 F8640 X141.161 Y152.797
G1 F1530 X148.262 Y145.697 E235.77969
G0 F8640 X147.725 Y145.697
G1 F1530 X141.161 Y152.26 E236.05538
G0 F8640 X141.161 Y151.722
G1 F1530 X147.187 Y145.697 E236.30848
G0 F8640 X146.65 Y145.697
G1 F1530 X141.161 Y151.185 E236.53902
G0 F8640 X141.161 Y150.648
G1 F1530 X146.112 Y145.697 E236.74698
G0 F8640 X145.575 Y145.697
G1 F1530 X141.161 Y150.11 E236.93236
G0 F8640 X141.161 Y149.573
G1 F1530 X145.038 Y145.697 E237.09519
G0 F8640 X144.5 Y145.697
G1 F1530 X141.161 Y149.035 E237.23542
G0 F8640 X141.161 Y148.498
G1 F1530 X143.963 Y145.697 E237.3531
G0 F8640 X143.425 Y145.697
G1 F1530 X141.161 Y147.961 E237.44819
G0 F8640 X141.161 Y147.423
G1 F1530 X142.888 Y145.697 E237.52071
G0 F8640 X142.35 Y145.697
G1 F1530 X141.161 Y146.886 E237.57065
G0 F8640 X141.161 Y146.348
G1 F1530 X141.813 Y145.697 E237.59802
G0 F8640 X141.276 Y145.697
G1 F1530 X141.161 Y145.811 E237.60283
G0 F8640 X141.21 Y145.811
G1 F4200 E236.60283
G1 F1500 Z0.7
;MESH:NONMESH
G0 F8640 X141.21 Y145.811 Z0.7
G0 X160.346 Y143.442
;TIME_ELAPSED:330.482362
;LAYER:2
G0 F9600 X160.346 Y143.442 Z0.9
;TYPE:SUPPORT-INTERFACE
G1 F1500 Z0.405
G1 F2100 E237.60283
G1 F1173.9 X150 Y143.443 E237.99064
G1 F1168.8 X139.654 Y143.444 E238.38014
G1 F4200 E237.38014
G1 F1500 Z0.9
G0 F9600 X141.21 Y145.168 Z0.9
G0 X136.017 Y126.91
;TYPE:SUPPORT
G1 F1500 Z0.6
G1 F2100 E238.38014
G1 F1890 X136.017 Y122.1 E238.52124
G1 X133.35 Y122.1 E238.59948
G1 X133.35 Y140.901 E239.15102
G1 X130.683 Y140.9 E239.22925
G1 X130.683 Y122.1 E239.78076
G1 X128.016 Y122.1 E239.859
G1 X128.016 Y139.12 E240.35829
G1 X127.969 Y139.044 E240.36091
G1 X127.766 Y138.552 E240.37652
G1 X127.645 Y138.044 E240.39184
G1 X127.6 Y137.676 E240.40272
G1 X127.6 Y128.428 E240.67401
G1 X127.563 Y128.027 E240.68582
G1 X127.428 Y127.461 E240.70289
G1 X127.244 Y127.059 E240.71586
G1 X126.985 Y126.702 E240.7288
G1 X126.664 Y126.408 E240.74157
G1 X126.263 Y126.17 E240.75525
G1 X125.571 Y125.959 E240.77647
G1 X125.349 Y125.939 E240.78301
G1 X125.349 Y122.1 E240.89563
G1 X122.682 Y122.1 E240.97387
G1 X122.682 Y125.9 E241.08534
G1 X117.79 Y125.9 E241.22885
G1 X117.789 Y122.1 E241.34033
G1 X120.015 Y122.1 E241.40563
G1 X120.015 Y125.9 E241.5171
G1 F4200 E240.5171
G1 F1500 Z0.9
G0 F9600 X165.354 Y127.244 Z0.9
G1 F1500 Z0.6
G1 F2100 E241.5171
G1 F1890 X164.924 Y127.054 E241.53089
G1 X164.484 Y126.96 E241.54409
G2 X162.6870 Y126.9000 I-1.2435 J10.3027 E241.596880
G1 X162.687 Y122.1 E241.73769
G1 X160.02 Y122.1 E241.81593
G1 X160.02 Y126.9 E241.95674
G1 X157.353 Y126.9 E242.03498
G1 X157.353 Y122.1 E242.17579
G1 X154.686 Y122.1 E242.25403
G1 X154.686 Y126.9 E242.39484
G1 X152.019 Y126.9 E242.47307
G1 X152.019 Y122.1 E242.61388
G1 X149.352 Y122.1 E242.69212
G1 X149.352 Y126.9 E242.83293
G1 X146.685 Y126.9 E242.91117
G1 X146.685 Y122.1 E243.05198
G1 X144.018 Y122.1 E243.13022
G1 X144.018 Y126.9 E243.27103
G1 X141.351 Y126.9 E243.34927
G1 X141.351 Y122.1 E243.49008
G1 X138.684 Y122.1 E243.56831
G1 X138.684 Y126.9 E243.70912
G1 X136.163 Y126.9 E243.78308
G1 X135.577 Y126.938 E243.8003
G1 X135.088 Y127.034 E243.81492
G1 X134.614 Y127.231 E243.82998
G1 X134.256 Y127.48 E243.84277
G1 X133.949 Y127.791 E243.85559
G1 X133.708 Y128.163 E243.8686
G1 X133.526 Y128.658 E243.88407
G1 X133.461 Y128.946 E243.89273
G1 X133.4 Y129.685 E243.91448
G1 X133.4 Y133.302 E244.02059
G1 X133.434 Y133.835 E244.03626
G1 X133.505 Y134.274 E244.0493
G1 X133.652 Y134.72 E244.06308
G1 X133.868 Y135.103 E244.07598
G1 X134.157 Y135.435 E244.08889
G1 X134.545 Y135.727 E244.10313
G1 X134.991 Y135.933 E244.11755
G1 X135.5 Y136.051 E244.13287
G1 X136.017 Y136.095 E244.14809
G1 X136.017 Y140.903 E244.28914
G3 X137.1690 Y140.9510 I0.1801 J9.5257 E244.322980
G1 X137.836 Y141.136 E244.34328
G1 X138.176 Y141.282 E244.35414
G1 X138.649 Y141.613 E244.37107
G1 X138.591 Y141.47 E244.3756
G1 X138.684 Y141.47 E244.37833
G1 X138.684 Y136.098 E244.53592
G1 X141.351 Y136.098 E244.61416
G1 X141.351 Y141.47 E244.77175
G1 X144.018 Y141.47 E244.84998
G1 X144.018 Y136.098 E245.00757
G1 X146.685 Y136.099 E245.08581
G1 X146.685 Y141.47 E245.24337
G1 X149.352 Y141.47 E245.32161
G1 X149.352 Y136.099 E245.47917
G1 X152.019 Y136.099 E245.55741
G1 X152.019 Y141.47 E245.71497
G1 X154.686 Y141.47 E245.79321
G1 X154.686 Y136.1 E245.95074
G1 X157.353 Y136.1 E246.02897
G1 X157.353 Y141.47 E246.18651
G1 X160.02 Y141.47 E246.26474
G1 X160.02 Y136.1 E246.42227
G1 X162.687 Y136.1 E246.50051
G1 X162.687 Y141.009 E246.64452
G1 X163.038 Y140.942 E246.655
G1 X163.53 Y140.907 E246.66947
G1 X165.354 Y140.905 E246.72298
G1 X165.354 Y135.779 E246.87335
G1 X165.59 Y135.648 E246.88127
G1 X165.927 Y135.356 E246.89435
G1 X166.229 Y134.953 E246.90913
G1 X166.402 Y134.604 E246.92055
G1 X166.542 Y134.148 E246.93455
G1 X166.6 Y133.414 E246.95615
G1 X166.6 Y129.724 E247.06439
G1 X166.526 Y128.826 E247.09083
G1 X166.355 Y128.3 E247.10705
G1 X166.142 Y127.922 E247.11978
G1 X165.85 Y127.584 E247.13288
G1 X165.354 Y127.244 E247.15052
G1 X165.354 Y122.1 E247.30142
G1 X168.021 Y122.1 E247.37966
G1 X168.021 Y140.902 E247.93123
G1 X169.176 Y140.9 E247.96511
G1 X169.544 Y140.855 E247.97599
G1 X170.052 Y140.734 E247.9913
G1 X170.544 Y140.531 E248.00692
G1 X170.688 Y140.443 E248.01187
G1 X170.688 Y122.1 E248.54997
G1 X173.355 Y122.1 E248.62821
G1 X173.355 Y126.426 E248.75511
G1 X173.626 Y126.221 E248.76508
G1 X174.103 Y126.029 E248.78016
G1 X174.577 Y125.939 E248.79432
G3 X176.0220 Y125.9000 I1.0155 J10.8365 E248.836740
G1 X176.022 Y122.1 E248.94822
G1 X178.689 Y122.1 E249.02646
G1 X178.689 Y125.9 E249.13793
G1 X182.211 Y125.9 E249.24125
G1 X182.21 Y122.1 E249.35273
G1 X181.356 Y122.1 E249.37778
G1 X181.356 Y125.9 E249.48925
G1 F4200 E248.48925
G1 F1500 Z0.9
G0 F9600 X160.775 Y141.671 Z0.9
;TYPE:SUPPORT-INTERFACE
G1 F1500 Z0.6
G1 F2100 E249.48925
G1 F1500 X160.955 Y141.982 E249.49979
G0 F9600 X160.694 Y141.669
G1 F1500 X159.802 Y143.214 E249.55213
G0 F9600 X160.28 Y143.213
G1 F1500 X159.389 Y141.671 E249.60437
G1 X159.309 Y141.669
G1 X158.417 Y143.214 E249.65671
G0 F9600 X158.895 Y143.214
G1 F1500 X158.004 Y141.67 E249.709
G1 X157.923 Y141.67
G1 X157.031 Y143.215 E249.76134
G0 F9600 X157.509 Y143.213
G1 F1500 X156.618 Y141.67 E249.81361
G1 X156.537 Y141.67
G1 X155.646 Y143.214 E249.8659
G0 F9600 X156.123 Y143.213
G1 F1500 X155.233 Y141.671 E249.91813
G1 X155.151 Y141.67
G1 X154.26 Y143.214 E249.97042
G0 F9600 X154.737 Y143.213
G1 F1500 X153.847 Y141.671 E250.02265
G1 X153.766 Y141.669
G1 X152.874 Y143.214 E250.07499
G0 F9600 X153.352 Y143.214
G1 F1500 X152.461 Y141.671 E250.12726
G1 X152.38 Y141.669
G1 X151.488 Y143.214 E250.17959
G0 F9600 X151.967 Y143.214
G1 F1500 X151.076 Y141.67 E250.23189
G1 X150.995 Y141.669
G1 X150.103 Y143.214 E250.28422
G0 F9600 X150.581 Y143.214
G1 F1500 X149.69 Y141.67 E250.33652
G1 X149.609 Y141.67
G1 X148.717 Y143.215 E250.38885
G0 F9600 X149.195 Y143.213
G1 F1500 X148.304 Y141.67 E250.44112
G1 X148.223 Y141.67
G1 X147.331 Y143.215 E250.49345
G0 F9600 X147.81 Y143.214
G1 F1500 X146.918 Y141.67 E250.54576
G1 X146.838 Y141.669
G1 X145.946 Y143.215 E250.59812
G0 F9600 X146.424 Y143.214
G1 F1500 X145.533 Y141.67 E250.65042
G1 X145.452 Y141.669
G1 X144.56 Y143.215 E250.70278
G0 F9600 X145.038 Y143.214
G1 F1500 X144.147 Y141.671 E250.75505
G1 X144.067 Y141.669
G1 X143.174 Y143.215 E250.80742
G0 F9600 X143.653 Y143.214
G1 F1500 X142.762 Y141.67 E250.85972
G1 X142.681 Y141.67
G1 X141.788 Y143.215 E250.91207
G0 F9600 X142.267 Y143.214
G1 F1500 X141.376 Y141.67 E250.96436
G1 X141.295 Y141.67
G1 X140.403 Y143.215 E251.0167
G0 F9600 X140.882 Y143.214
G1 F1500 X139.99 Y141.67 E251.06901
G1 X139.909 Y141.67
G1 X139.308 Y142.712 E251.10429
G1 X139.327 Y142.8
G1 X160.683 Y142.8 E251.73078
G1 F4200 E250.73078
G1 F1500 Z0.9
G0 F9600 X139.496 Y143.214 Z0.9
G1 F1500 Z0.6
G1 F2100 E251.73078
G1 F1500 X139.365 Y142.987 E251.73847
G1 F4200 E250.73847
G1 F1500 Z0.9
;MESH:LC-GR3005??????RFID?????????-WB.stl
G0 F9600 X150.952 Y174.551 Z0.9
;TYPE:WALL-INNER
G1 F1500 Z0.6
G1 F2100 E251.73847
G1 F1800 X150.3 Y174.691 E251.75976
G1 X149.595 Y174.67 E251.78228
G1 X148.966 Y174.519 E251.80294
G1 X148.394 Y174.259 E251.823
G1 X148.153 Y174.105 E251.83213
G1 X147.677 Y173.693 E251.85223
G1 X147.513 Y173.511 E251.86005
G1 X147.186 Y173.017 E251.87897
G1 X146.954 Y172.49 E251.89736
G1 X146.795 Y171.678 E251.92377
G1 X146.847 Y170.95 E251.94708
G1 X147.008 Y170.363 E251.96651
G1 X147.188 Y169.975 E251.98017
G1 X147.513 Y169.485 E251.99894
G1 X147.677 Y169.303 E252.00677
G1 X148.262 Y168.797 E252.03146
G1 X149.077 Y168.426 E252.06006
G1 X149.695 Y168.312 E252.08012
G1 X150.301 Y168.312 E252.09947
G1 X150.917 Y168.426 E252.11947
G1 X151.735 Y168.798 E252.14817
G1 X152.319 Y169.303 E252.17282
G1 X152.478 Y169.478 E252.18037
G1 X152.817 Y169.987 E252.19989
G1 X153.058 Y170.587 E252.22054
G1 X153.201 Y171.318 E252.24432
G1 X153.149 Y172.044 E252.26756
G1 X153.034 Y172.52 E252.2832
G1 X152.808 Y173.025 E252.30086
G1 X152.42 Y173.605 E252.32315
G1 X151.843 Y174.105 E252.34752
G1 X151.602 Y174.259 E252.35666
G1 X150.952 Y174.551 E252.37941
G0 F9600 X150.818 Y174.174
G1 F1800 X150.324 Y174.277 E252.39552
G1 X149.788 Y174.288 E252.41264
G1 X149.202 Y174.187 E252.43163
G1 X148.482 Y173.86 E252.45687
G1 X147.88 Y173.339 E252.4823
G1 X147.55 Y172.851 E252.50111
G1 X147.348 Y172.398 E252.51694
G1 X147.197 Y171.651 E252.54128
G1 X147.236 Y171.043 E252.56073
G1 X147.371 Y170.531 E252.57764
G1 X147.551 Y170.143 E252.59129
G1 X147.881 Y169.657 E252.61005
G1 X148.483 Y169.135 E252.63549
G1 X149.199 Y168.815 E252.66053
G1 X149.732 Y168.71 E252.67788
G1 X150.264 Y168.71 E252.69487
G1 X150.797 Y168.815 E252.71221
G1 X151.513 Y169.135 E252.73725
G1 X152.117 Y169.658 E252.76276
G1 X152.452 Y170.15 E252.78177
G1 X152.665 Y170.664 E252.79953
G1 X152.799 Y171.347 E252.82176
G1 X152.76 Y171.951 E252.84108
G1 X152.652 Y172.398 E252.85577
G1 X152.445 Y172.857 E252.87184
G1 X152.117 Y173.338 E252.89043
G1 X151.513 Y173.861 E252.91594
G1 X150.818 Y174.174 E252.94028
G0 F9600 X150.948 Y174.461
G0 X157.615 Y176.397
G1 F1800 X157.913 Y176.273 E252.95059
G1 X158.176 Y176.113 E252.96042
G1 X158.408 Y175.912 E252.97022
G1 X158.611 Y175.675 E252.98018
G1 X158.774 Y175.408 E252.99017
G1 X158.898 Y175.11 E253.00048
G1 X159 Y174.594 E253.01727
G1 X159 Y145.073 E253.95987
G1 X141 Y145.076 E254.5346
G1 X141 Y174.594 E255.4771
G1 X141.1 Y175.115 E255.49404
G1 X141.222 Y175.408 E255.50418
G1 X141.385 Y175.675 E255.51417
G1 X141.586 Y175.91 E255.52404
G1 X141.823 Y176.113 E255.534
G1 X142.085 Y176.274 E255.54382
G1 X142.381 Y176.397 E255.55406
G1 X142.907 Y176.5 E255.57117
G1 X157.089 Y176.5 E256.024
G1 X157.232 Y176.472 E256.02865
G0 F1620 X157.615 Y176.397
G0 F9600 X157.738 Y176.779
G1 F1800 X158.095 Y176.631 E256.04099
G1 X158.413 Y176.437 E256.05288
G1 X158.693 Y176.195 E256.0647
G1 X158.936 Y175.91 E256.07666
G1 X159.131 Y175.59 E256.08863
G1 X159.28 Y175.236 E256.10089
G1 X159.4 Y174.617 E256.12102
G1 X159.4 Y144.673 E257.07713
G1 X140.6 Y144.676 E257.6774
G1 X140.6 Y174.617 E258.63341
G1 X140.718 Y175.239 E258.65363
G1 X140.865 Y175.59 E258.66578
G1 X141.06 Y175.91 E258.67774
G1 X141.302 Y176.194 E258.68966
G1 X141.587 Y176.437 E258.70161
G1 X141.902 Y176.631 E258.71343
G1 X142.258 Y176.779 E258.72574
G1 X142.882 Y176.9 E258.74603
G1 X157.114 Y176.9 E259.20046
G1 X157.355 Y176.853 E259.2083
G0 F1620 X157.738 Y176.779
G0 F9600 X157.862 Y177.161
G0 X157.862 Y177.161 Z0.59
;TYPE:WALL-OUTER
G1 F1800 X158.047 Y177.084 Z0.6 E259.21467
G1 X158.277 Y176.989 E259.22278
G1 X158.649 Y176.761 E259.23701
G1 X158.977 Y176.478 E259.25113
G1 X159.261 Y176.146 E259.26537
G1 X159.489 Y175.772 E259.27964
G1 X159.661 Y175.361 E259.29417
G1 X159.766 Y174.928 E259.30869
G1 X159.8 Y174.64 E259.31814
G1 X159.8 Y144.273 E260.30795
G1 X140.2 Y144.276 E260.94681
G1 X140.2 Y174.64 E261.93652
G1 X140.336 Y175.362 E261.96047
G1 X140.507 Y175.772 E261.97495
G1 X140.735 Y176.146 E261.98923
G1 X141.018 Y176.478 E262.00345
G1 X141.351 Y176.761 E262.01769
G1 X141.72 Y176.989 E262.03183
G1 X142.134 Y177.161 E262.04644
G1 X142.857 Y177.3 E262.07044
G1 X157.139 Y177.3 E262.53596
G1 X157.678 Y177.196 E262.55385
G0 F1620 X157.862 Y177.161
G0 X158.047 Y177.084
G0 F9600 X158.277 Y176.989
G0 X158.649 Y176.761
G0 X158.736 Y176.686
G0 X158.275 Y176.148
G0 X150.979 Y174.446
G0 X150.684 Y173.797
G0 X150.684 Y173.797 Z0.59
G1 F1800 X150.488 Y173.836 Z0.6 E262.56021
G1 X150.247 Y173.885 E262.56823
G1 X149.749 Y173.885 E262.58446
G1 X149.297 Y173.791 E262.59951
G1 X148.698 Y173.519 E262.62095
G1 X148.168 Y173.051 E262.644
G1 X147.914 Y172.684 E262.65855
G1 X147.729 Y172.277 E262.67312
G1 X147.603 Y171.643 E262.69419
G1 X147.625 Y171.137 E262.7107
G1 X147.734 Y170.699 E262.72541
G1 X147.914 Y170.311 E262.73935
G1 X148.201 Y169.908 E262.75548
G1 X148.699 Y169.477 E262.77694
G1 X149.297 Y169.205 E262.79836
G1 X149.769 Y169.108 E262.81406
G1 X150.227 Y169.108 E262.82899
G1 X150.699 Y169.205 E262.8447
G1 X151.297 Y169.477 E262.86611
G1 X151.827 Y169.943 E262.88912
G1 X152.087 Y170.314 E262.90388
G1 X152.273 Y170.741 E262.91906
G1 X152.396 Y171.392 E262.94066
G1 X152.371 Y171.859 E262.9559
G1 X152.271 Y172.277 E262.96991
G1 X152.064 Y172.72 E262.98585
G1 X151.795 Y173.088 E263.00071
G1 X151.297 Y173.519 E263.02217
G1 X150.684 Y173.797 E263.04411
G1 X150.488 Y173.836 E263.05046
G0 F9600 X150.247 Y173.885
G0 X149.749 Y173.885
G0 X149.695 Y173.874
G0 X149.561 Y174.572
G0 X141.284 Y175.14
;TYPE:SKIN
G1 F1710 X142.356 Y176.212 E263.09549
G0 F9600 X143.02 Y176.339
G1 F1710 X141.161 Y174.48 E263.17358
G0 F9600 X141.161 Y173.943
G1 F1710 X143.558 Y176.339 E263.27424
G0 F9600 X144.095 Y176.339
G1 F1710 X141.161 Y173.405 E263.39748
G0 F9600 X141.161 Y172.868
G1 F1710 X144.632 Y176.339 E263.54328
G0 F9600 X145.17 Y176.339
G1 F1710 X141.161 Y172.33 E263.71167
G0 F9600 X141.161 Y171.793
G1 F1710 X145.707 Y176.339 E263.90262
G0 F9600 X146.245 Y176.339
G1 F1710 X141.161 Y171.256 E264.11615
G0 F9600 X141.161 Y170.718
G1 F1710 X146.782 Y176.339 E264.35225
G0 F9600 X147.319 Y176.339
G1 F1710 X141.161 Y170.181 E264.61091
G0 F9600 X141.161 Y169.643
G1 F1710 X147.857 Y176.339 E264.89217
G0 F9600 X148.394 Y176.339
G1 F1710 X141.161 Y169.106 E265.19599
G0 F9600 X141.161 Y168.569
G1 F1710 X148.932 Y176.339 E265.52238
G0 F9600 X149.469 Y176.339
G1 F1710 X141.161 Y168.031 E265.87135
G0 F9600 X141.161 Y167.494
G1 F1710 X150.006 Y176.339 E266.24287
G0 F9600 X150.544 Y176.339
G1 F1710 X148.845 Y174.641 E266.31422
G0 F9600 X149.554 Y174.812
G1 F1710 X151.081 Y176.339 E266.37836
G0 F9600 X151.619 Y176.339
G1 F1710 X150.117 Y174.838 E266.44143
G0 F9600 X150.606 Y174.789
G1 F1710 X152.156 Y176.339 E266.50653
G0 F9600 X152.693 Y176.339
G1 F1710 X151.041 Y174.686 E266.57594
G0 F9600 X151.412 Y174.52
G1 F1710 X153.231 Y176.339 E266.65235
G0 F9600 X153.768 Y176.339
G1 F1710 X151.77 Y174.341 E266.73627
G0 F9600 X152.08 Y174.114
G1 F1710 X154.306 Y176.339 E266.82975
G0 F9600 X154.843 Y176.339
G1 F1710 X152.368 Y173.864 E266.93371
G0 F9600 X152.626 Y173.585
G1 F1710 X155.38 Y176.339 E267.04939
G0 F9600 X155.918 Y176.339
G1 F1710 X152.84 Y173.262 E267.17866
G0 F9600 X153.032 Y172.916
G1 F1710 X156.455 Y176.339 E267.32244
G0 F9600 X156.993 Y176.339
G1 F1710 X153.193 Y172.54 E267.48203
G0 F9600 X153.299 Y172.108
G1 F1710 X157.456 Y176.265 E267.65664
G0 F9600 X157.851 Y176.123
G1 F1710 X153.34 Y171.611 E267.84614
G0 F9600 X153.311 Y171.046
G1 F1710 X158.165 Y175.899 E268.05001
G0 F9600 X158.433 Y175.63
G1 F1710 X153.122 Y170.319 E268.27309
G0 F9600 X151.167 Y168.364
G1 F1710 X141.161 Y158.358 E268.69338
G0 F9600 X141.161 Y158.895
G1 F1710 X150.441 Y168.175 E269.08318
G0 F9600 X149.88 Y168.151
G1 F1710 X141.161 Y159.433 E269.44939
G0 F9600 X141.161 Y159.97
G1 F1710 X149.395 Y168.204 E269.79525
G0 F9600 X148.958 Y168.304
G1 F1710 X141.161 Y160.508 E270.12274
G0 F9600 X141.161 Y161.045
G1 F1710 X148.588 Y168.472 E270.4347
G0 F9600 X148.218 Y168.639
G1 F1710 X141.161 Y161.582 E270.73112
G0 F9600 X141.161 Y162.12
G1 F1710 X147.92 Y168.878 E271.01501
G0 F9600 X147.632 Y169.128
G1 F1710 X141.161 Y162.657 E271.28682
G0 F9600 X141.161 Y163.195
G1 F1710 X147.387 Y169.42 E271.54831
G0 F9600 X147.151 Y169.722
G1 F1710 X141.161 Y163.732 E271.79992
G0 F9600 X141.161 Y164.269
G1 F1710 X146.971 Y170.079 E272.04396
G0 F9600 X146.817 Y170.463
G1 F1710 X141.161 Y164.807 E272.28153
G0 F9600 X141.161 Y165.344
G1 F1710 X146.699 Y170.882 E272.51415
G0 F9600 X146.657 Y171.377
G1 F1710 X141.161 Y165.882 E272.74498
G0 F9600 X141.161 Y166.419
G1 F1710 X146.683 Y171.941 E272.97693
G0 F9600 X146.846 Y172.642
G1 F1710 X141.161 Y166.956 E273.21574
G0 F9600 X141.161 Y157.821
G1 F1710 X158.644 Y175.303 E273.95008
G0 F9600 X158.776 Y174.898
G1 F1710 X141.161 Y157.283 E274.68998
G0 F9600 X141.161 Y156.746
G1 F1710 X158.839 Y174.423 E275.4325
G0 F9600 X158.839 Y173.886
G1 F1710 X141.161 Y156.208 E276.17505
G0 F9600 X141.161 Y155.671
G1 F1710 X158.839 Y173.349 E276.9176
G0 F9600 X158.839 Y172.811
G1 F1710 X141.161 Y155.134 E277.66012
G0 F9600 X141.161 Y154.596
G1 F1710 X158.839 Y172.274 E278.40267
G0 F9600 X158.839 Y171.736
G1 F1710 X141.161 Y154.059 E279.14519
G0 F9600 X141.161 Y153.521
G1 F1710 X158.839 Y171.199 E279.88774
G0 F9600 X158.839 Y170.662
G1 F1710 X141.161 Y152.984 E280.63029
G0 F9600 X141.161 Y152.447
G1 F1710 X158.839 Y170.124 E281.37281
G0 F9600 X158.839 Y169.587
G1 F1710 X141.161 Y151.909 E282.11536
G0 F9600 X141.161 Y151.372
G1 F1710 X158.839 Y169.049 E282.85788
G0 F9600 X158.839 Y168.512
G1 F1710 X141.161 Y150.834 E283.60043
G0 F9600 X141.161 Y150.297
G1 F1710 X158.839 Y167.975 E284.34298
G0 F9600 X158.839 Y167.437
G1 F1710 X141.161 Y149.76 E285.0855
G0 F9600 X141.161 Y149.222
G1 F1710 X158.839 Y166.9 E285.82805
G0 F9600 X158.839 Y166.362
G1 F1710 X141.161 Y148.685 E286.57057
G0 F9600 X141.161 Y148.147
G1 F1710 X158.839 Y165.825 E287.31312
G0 F9600 X158.839 Y165.288
G1 F1710 X141.161 Y147.61 E288.05567
G0 F9600 X141.161 Y147.073
G1 F1710 X158.839 Y164.75 E288.79819
G0 F9600 X158.839 Y164.213
G1 F1710 X141.161 Y146.535 E289.54074
G0 F9600 X141.161 Y145.998
G1 F1710 X158.839 Y163.675 E290.28326
G0 F9600 X158.839 Y163.138
G1 F1710 X141.161 Y145.46 E291.02581
G0 F9600 X141.475 Y145.237
G1 F1710 X158.839 Y162.601 E291.75517
G0 F9600 X158.839 Y162.063
G1 F1710 X142.012 Y145.237 E292.46195
G0 F9600 X142.55 Y145.237
G1 F1710 X158.839 Y161.526 E293.14615
G0 F9600 X158.839 Y160.988
G1 F1710 X143.087 Y145.237 E293.80778
G0 F9600 X143.625 Y145.237
G1 F1710 X158.839 Y160.451 E294.44682
G0 F9600 X158.839 Y159.914
G1 F1710 X144.162 Y145.237 E295.06332
G0 F9600 X144.7 Y145.237
G1 F1710 X158.839 Y159.376 E295.65721
G0 F9600 X158.839 Y158.839
G1 F1710 X145.237 Y145.237 E296.22855
G0 F9600 X145.774 Y145.236
G1 F1710 X158.839 Y158.301 E296.77733
G0 F9600 X158.839 Y157.764
G1 F1710 X146.311 Y145.236 E297.30356
G0 F9600 X146.848 Y145.236
G1 F1710 X158.839 Y157.227 E297.80723
G0 F9600 X158.839 Y156.689
G1 F1710 X147.386 Y145.236 E298.2883
G0 F9600 X147.923 Y145.236
G1 F1710 X158.839 Y156.152 E298.74681
G0 F9600 X158.839 Y155.614
G1 F1710 X148.461 Y145.236 E299.18273
G0 F9600 X148.998 Y145.236
G1 F1710 X158.839 Y155.077 E299.59609
G0 F9600 X158.839 Y154.54
G1 F1710 X149.535 Y145.236 E299.9869
G0 F9600 X150.072 Y145.235
G1 F1710 X158.839 Y154.002 E300.35515
G0 F9600 X158.839 Y153.465
G1 F1710 X150.61 Y145.235 E300.70082
G0 F9600 X151.147 Y145.235
G1 F1710 X158.839 Y152.927 E301.02391
G0 F9600 X158.839 Y152.39
G1 F1710 X151.684 Y145.235 E301.32445
G0 F9600 X152.222 Y145.235
G1 F1710 X158.839 Y151.853 E301.60241
G0 F9600 X158.839 Y151.315
G1 F1710 X152.759 Y145.235 E301.8578
G0 F9600 X153.297 Y145.235
G1 F1710 X158.839 Y150.778 E302.0906
G0 F9600 X158.839 Y150.24
G1 F1710 X153.834 Y145.235 E302.30083
G0 F9600 X154.371 Y145.235
G1 F1710 X158.839 Y149.703 E302.48851
G0 F9600 X158.839 Y149.166
G1 F1710 X154.908 Y145.235 E302.65363
G0 F9600 X155.445 Y145.235
G1 F1710 X158.839 Y148.628 E302.79617
G0 F9600 X158.839 Y148.091
G1 F1710 X155.983 Y145.235 E302.91613
G0 F9600 X156.52 Y145.235
G1 F1710 X158.839 Y147.553 E303.01352
G0 F9600 X158.839 Y147.016
G1 F1710 X157.058 Y145.235 E303.08832
G0 F9600 X157.595 Y145.235
G1 F1710 X158.839 Y146.479 E303.14058
G0 F9600 X158.839 Y145.941
G1 F1710 X158.132 Y145.235 E303.17025
G0 F9600 X158.67 Y145.235
G1 F1710 X158.839 Y145.404 E303.17735
G0 F9600 X158.79 Y145.404
G1 F4200 E302.17735
G1 F1500 Z0.9
;MESH:NONMESH
G0 F9600 X158.79 Y145.404 Z0.9
G0 X160.406 Y142.982
;TIME_ELAPSED:411.728589
;LAYER:3
G0 X160.406 Y142.982 Z1.1
;TYPE:SUPPORT-INTERFACE
G1 F1500 Z0.605
G1 F2100 E303.17735
G1 F1176.5 X139.593 Y142.982 E303.95581
G1 F4200 E302.95581
G1 F1500 Z1.1
G0 F9600 X141.21 Y144.707 Z1.1
G0 X136.017 Y126.906
;TYPE:SUPPORT
G1 F1500 Z0.8
G1 F2100 E303.95581
G1 F1890 X136.017 Y122.1 E304.0968
G1 X133.35 Y122.1 E304.17504
G1 X133.35 Y140.901 E304.72657
G1 X130.683 Y140.9 E304.80481
G1 X130.683 Y122.1 E305.35632
G1 X128.016 Y122.1 E305.43456
G1 X128.016 Y139.12 E305.93384
G1 X127.969 Y139.044 E305.93647
G1 X127.766 Y138.552 E305.95208
G1 X127.645 Y138.044 E305.9674
G1 X127.6 Y137.676 E305.97827
G1 X127.6 Y128.226 E306.25549
G1 X127.496 Y127.668 E306.27215
G1 X127.357 Y127.253 E306.28498
G1 X127.137 Y126.873 E306.29786
G1 X126.845 Y126.541 E306.31084
G1 X126.495 Y126.277 E306.3237
G1 X126.03 Y126.063 E306.33871
G1 X125.349 Y125.935 E306.35904
G1 X125.349 Y122.1 E306.47154
G1 X122.682 Y122.1 E306.54978
G1 X122.682 Y125.9 E306.66125
G1 X117.79 Y125.9 E306.80476
G1 X117.789 Y122.1 E306.91624
G1 X120.015 Y122.1 E306.98154
G1 X120.015 Y125.9 E307.09301
G1 F4200 E306.09301
G1 F1500 Z1.1
G0 F9600 X165.354 Y127.23 Z1.1
G1 F1500 Z0.8
G1 F2100 E307.09301
G1 F1890 X165.223 Y127.153 E307.09747
G1 X164.704 Y126.981 E307.11351
G1 X163.904 Y126.9 E307.1371
G1 X162.687 Y126.9 E307.1728
G1 X162.687 Y122.1 E307.31361
G1 X160.02 Y122.1 E307.39185
G1 X160.02 Y126.9 E307.53266
G1 X157.353 Y126.9 E307.61089
G1 X157.353 Y122.1 E307.7517
G1 X154.686 Y122.1 E307.82994
G1 X154.686 Y126.9 E307.97075
G1 X152.019 Y126.9 E308.04899
G1 X152.019 Y122.1 E308.1898
G1 X149.352 Y122.1 E308.26804
G1 X149.352 Y126.9 E308.40885
G1 X146.685 Y126.9 E308.48709
G1 X146.685 Y122.1 E308.6279
G1 X144.018 Y122.1 E308.70613
G1 X144.018 Y126.9 E308.84694
G1 X141.351 Y126.9 E308.92518
G1 X141.351 Y122.1 E309.06599
G1 X138.684 Y122.1 E309.14423
G1 X138.684 Y126.9 E309.28504
G1 X136.097 Y126.9 E309.36093
G1 X135.33 Y126.957 E309.38349
G1 X134.798 Y127.127 E309.39988
G1 X134.413 Y127.342 E309.41281
G1 X134.049 Y127.66 E309.42699
G1 X133.781 Y128.011 E309.43995
G1 X133.586 Y128.408 E309.45292
G1 X133.463 Y128.92 E309.46837
G1 X133.4 Y129.592 E309.48817
G1 X133.4 Y133.366 E309.59888
G1 X133.443 Y133.978 E309.61688
G1 X133.552 Y134.488 E309.63218
G1 X133.751 Y134.946 E309.64683
G1 X134.012 Y135.306 E309.65987
G1 X134.334 Y135.603 E309.67272
G1 X134.763 Y135.854 E309.6873
G1 X135.269 Y136.028 E309.703
G1 X136.017 Y136.105 E309.72506
G1 X136.017 Y140.903 E309.86581
G3 X137.3120 Y140.9640 I0.2177 J9.1552 E309.903860
G1 X137.985 Y141.186 E309.92465
G1 X138.372 Y141.386 E309.93743
G1 X138.164 Y141.009 E309.95006
G1 X138.684 Y141.009 E309.96532
G1 X138.684 Y136.098 E310.10938
G1 X141.351 Y136.098 E310.18762
G1 X141.351 Y141.009 E310.33169
G1 X144.018 Y141.009 E310.40992
G1 X144.018 Y136.098 E310.55399
G1 X146.685 Y136.099 E310.63223
G1 X146.685 Y141.009 E310.77626
G1 X149.352 Y141.009 E310.8545
G1 X149.352 Y136.099 E310.99854
G1 X152.019 Y136.099 E311.07678
G1 X152.019 Y141.009 E311.22081
G1 X154.686 Y141.009 E311.29905
G1 X154.686 Y136.1 E311.44306
G1 X157.353 Y136.1 E311.5213
G1 X157.353 Y141.009 E311.6653
G1 X160.02 Y141.009 E311.74354
G1 X160.02 Y136.1 E311.88755
G1 X162.687 Y136.1 E311.96579
G1 X162.687 Y140.995 E312.10938
G1 X162.95 Y140.949 E312.11722
G3 X165.3540 Y140.9020 I1.5270 J16.5999 E312.187790
G1 X165.354 Y135.8 E312.33746
G1 X165.769 Y135.527 E312.35203
G1 X166.073 Y135.21 E312.36491
G1 X166.337 Y134.779 E312.37974
G1 X166.533 Y134.176 E312.39834
G1 X166.6 Y133.515 E312.41783
G1 X166.6 Y129.628 E312.53186
G1 X166.522 Y128.817 E312.55576
G1 X166.44 Y128.489 E312.56568
G1 X166.268 Y128.095 E312.57829
G1 X166.014 Y127.734 E312.59124
G1 X165.691 Y127.429 E312.60427
G1 X165.354 Y127.23 E312.61575
G1 X165.354 Y122.1 E312.76624
G1 X168.021 Y122.1 E312.84448
G1 X168.021 Y140.901 E313.39601
G1 X169.176 Y140.9 E313.4299
G1 X169.544 Y140.855 E313.44077
G1 X170.052 Y140.734 E313.45609
G1 X170.544 Y140.531 E313.47171
G1 X170.688 Y140.443 E313.47666
G1 X170.688 Y122.1 E314.01476
G1 X173.355 Y122.1 E314.09299
G1 X173.355 Y126.394 E314.21896
G1 X173.798 Y126.127 E314.23413
G1 X174.33 Y125.957 E314.25052
G3 X176.0220 Y125.9000 I1.2295 J11.3554 E314.300220
G1 X176.022 Y122.1 E314.41169
G1 X178.689 Y122.1 E314.48993
G1 X178.689 Y125.9 E314.6014
G1 X182.211 Y125.9 E314.70472
G1 X182.21 Y122.1 E314.8162
G1 X181.356 Y122.1 E314.84125
G1 X181.356 Y125.9 E314.95272
G1 F4200 E313.95272
G1 F1500 Z1.1
G0 F9600 X161.285 Y141.6 Z1.1
;TYPE:SUPPORT-INTERFACE
G1 F1500 Z0.8
G1 F2100 E314.95272
G1 F1500 X138.718 Y141.6 E315.61474
G1 X138.644 Y141.462
G1 X138.79 Y141.208 E315.62333
G0 F9600 X139.724 Y141.209
G1 F1500 X140.615 Y142.753 E315.67563
G1 X140.67 Y142.753
G1 X141.561 Y141.209 E315.72792
G0 F9600 X141.11 Y141.21
G1 F1500 X142.001 Y142.753 E315.78019
G1 X142.055 Y142.753
G1 X142.947 Y141.209 E315.8325
G0 F9600 X142.495 Y141.209
G1 F1500 X143.387 Y142.753 E315.88481
G1 X143.441 Y142.753
G1 X144.333 Y141.209 E315.93712
G0 F9600 X143.881 Y141.209
G1 F1500 X144.772 Y142.752 E315.98939
G1 X144.826 Y142.753
G1 X145.718 Y141.209 E316.0417
G0 F9600 X145.267 Y141.209
G1 F1500 X146.158 Y142.752 E316.09396
G1 X146.212 Y142.753
G1 X147.104 Y141.208 E316.1463
G0 F9600 X146.652 Y141.209
G1 F1500 X147.543 Y142.753 E316.19859
G1 X147.598 Y142.753
G1 X148.49 Y141.208 E316.25093
G0 F9600 X148.038 Y141.209
G1 F1500 X148.929 Y142.753 E316.30322
G1 X148.983 Y142.753
G1 X149.875 Y141.209 E316.35553
G0 F9600 X149.424 Y141.21
G1 F1500 X150.315 Y142.753 E316.4078
G1 X150.369 Y142.754
G1 X151.261 Y141.209 E316.46014
G0 F9600 X150.809 Y141.209
G1 F1500 X151.701 Y142.753 E316.51245
G1 X151.754 Y142.754
G1 X152.646 Y141.209 E316.56478
G0 F9600 X152.195 Y141.209
G1 F1500 X153.086 Y142.753 E316.61708
G1 X153.14 Y142.753
G1 X154.032 Y141.208 E316.66941
G0 F9600 X153.58 Y141.209
G1 F1500 X154.471 Y142.752 E316.72168
G1 X154.526 Y142.753
G1 X155.418 Y141.208 E316.77401
G0 F9600 X154.966 Y141.209
G1 F1500 X155.857 Y142.753 E316.82631
G1 X155.912 Y142.753
G1 X156.803 Y141.209 E316.8786
G0 F9600 X156.352 Y141.21
G1 F1500 X157.243 Y142.753 E316.93087
G1 X157.297 Y142.754
G1 X158.189 Y141.209 E316.98321
G0 F9600 X157.738 Y141.21
G1 F1500 X158.629 Y142.753 E317.03548
G1 X158.683 Y142.754
G1 X159.575 Y141.209 E317.08781
G0 F9600 X159.123 Y141.209
G1 F1500 X160.014 Y142.753 E317.14011
G1 X160.068 Y142.754
G1 X160.96 Y141.209 E317.19244
G0 F9600 X160.509 Y141.209
G1 F1500 X161.014 Y142.084 E317.22208
G1 F4200 E316.22208
G1 F1500 Z1.1
G0 F9600 X140.176 Y141.208 Z1.1
G1 F1500 Z0.8
G1 F2100 E317.22208
G1 F1500 X139.32 Y142.69 E317.27228
G1 F4200 E316.27228
G1 F1500 Z1.1
;MESH:LC-GR3005??????RFID?????????-WB.stl
G0 F9600 X150.952 Y174.551 Z1.1
;TYPE:WALL-INNER
G1 F1500 Z0.8
G1 F2100 E317.27228
G1 F1800 X150.3 Y174.691 E317.29358
G1 X149.595 Y174.67 E317.3161
G1 X148.966 Y174.519 E317.33675
G1 X148.394 Y174.259 E317.35681
G1 X148.153 Y174.105 E317.36594
G1 X147.677 Y173.693 E317.38605
G1 X147.513 Y173.511 E317.39387
G1 X147.186 Y173.017 E317.41278
G1 X146.954 Y172.49 E317.43117
G1 X146.795 Y171.678 E317.45759
G1 X146.847 Y170.95 E317.48089
G1 X147.008 Y170.363 E317.50033
G1 X147.188 Y169.975 E317.51398
G1 X147.513 Y169.485 E317.53276
G1 X147.677 Y169.303 E317.54058
G1 X148.262 Y168.797 E317.56528
G1 X149.077 Y168.426 E317.59387
G1 X149.695 Y168.312 E317.61394
G1 X150.301 Y168.312 E317.63329
G1 X150.917 Y168.426 E317.65329
G1 X151.735 Y168.798 E317.68198
G1 X152.319 Y169.303 E317.70663
G1 X152.718 Y169.814 E317.72733
G1 X153.034 Y170.463 E317.75038
G1 X153.201 Y171.318 E317.7782
G1 X153.149 Y172.044 E317.80144
G1 X153.034 Y172.52 E317.81707
G1 X152.808 Y173.025 E317.83474
G1 X152.42 Y173.605 E317.85702
G1 X151.843 Y174.105 E317.8814
G1 X151.602 Y174.259 E317.89053
G1 X150.952 Y174.551 E317.91328
G0 F9600 X150.818 Y174.174
G1 F1800 X150.324 Y174.277 E317.92939
G1 X149.788 Y174.288 E317.94651
G1 X149.202 Y174.187 E317.9655
G1 X148.482 Y173.86 E317.99075
G1 X147.88 Y173.339 E318.01617
G1 X147.55 Y172.851 E318.03498
G1 X147.348 Y172.398 E318.05082
G1 X147.197 Y171.651 E318.07515
G1 X147.236 Y171.043 E318.0946
G1 X147.371 Y170.531 E318.11151
G1 X147.551 Y170.143 E318.12517
G1 X147.881 Y169.657 E318.14392
G1 X148.483 Y169.135 E318.16937
G1 X149.199 Y168.815 E318.19441
G1 X149.732 Y168.71 E318.21175
G1 X150.264 Y168.71 E318.22874
G1 X150.797 Y168.815 E318.24608
G1 X151.513 Y169.135 E318.27113
G1 X152.057 Y169.606 E318.2941
G1 X152.393 Y170.047 E318.3118
G1 X152.65 Y170.59 E318.33099
G1 X152.799 Y171.347 E318.35562
G1 X152.76 Y171.951 E318.37495
G1 X152.652 Y172.398 E318.38963
G1 X152.445 Y172.857 E318.40571
G1 X152.117 Y173.338 E318.4243
G1 X151.513 Y173.861 E318.44981
G1 X150.818 Y174.174 E318.47414
G0 F9600 X150.948 Y174.461
G0 X157.615 Y176.397
G1 F1800 X157.913 Y176.273 E318.48445
G1 X158.176 Y176.113 E318.49428
G1 X158.408 Y175.912 E318.50408
G1 X158.611 Y175.675 E318.51404
G1 X158.774 Y175.408 E318.52403
G1 X158.898 Y175.11 E318.53434
G1 X159 Y174.594 E318.55113
G1 X159 Y144.612 E319.50845
G1 X141 Y144.612 E320.08319
G1 X141 Y174.594 E321.0405
G1 X141.1 Y175.115 E321.05744
G1 X141.222 Y175.408 E321.06758
G1 X141.385 Y175.675 E321.07756
G1 X141.586 Y175.91 E321.08744
G1 X141.823 Y176.113 E321.0974
G1 X142.085 Y176.274 E321.10722
G1 X142.381 Y176.397 E321.11746
G1 X142.907 Y176.5 E321.13457
G1 X157.089 Y176.5 E321.5874
G1 X157.232 Y176.472 E321.59205
G0 F1620 X157.615 Y176.397
G0 F9600 X157.738 Y176.779
G1 F1800 X158.095 Y176.631 E321.60439
G1 X158.413 Y176.437 E321.61628
G1 X158.693 Y176.195 E321.6281
G1 X158.936 Y175.91 E321.64006
G1 X159.131 Y175.59 E321.65202
G1 X159.28 Y175.236 E321.66429
G1 X159.4 Y174.617 E321.68442
G1 X159.4 Y144.212 E322.65524
G1 X140.6 Y144.212 E323.25552
G1 X140.6 Y174.617 E324.22635
G1 X140.718 Y175.239 E324.24656
G1 X140.865 Y175.59 E324.25871
G1 X141.06 Y175.91 E324.27068
G1 X141.302 Y176.194 E324.28259
G1 X141.587 Y176.437 E324.29455
G1 X141.902 Y176.631 E324.30636
G1 X142.258 Y176.779 E324.31867
G1 X142.882 Y176.9 E324.33897
G1 X157.114 Y176.9 E324.79339
G1 X157.355 Y176.853 E324.80123
G0 F1620 X157.738 Y176.779
G0 F9600 X157.862 Y177.161
G0 X157.862 Y177.161 Z0.79
;TYPE:WALL-OUTER
G1 F1800 X158.047 Y177.084 Z0.8 E324.80761
G1 X158.277 Y176.989 E324.81572
G1 X158.649 Y176.761 E324.82994
G1 X158.977 Y176.478 E324.84406
G1 X159.261 Y176.146 E324.8583
G1 X159.489 Y175.772 E324.87258
G1 X159.661 Y175.361 E324.8871
G1 X159.766 Y174.928 E324.90162
G1 X159.8 Y174.64 E324.91107
G1 X159.8 Y143.812 E325.91591
G1 X140.2 Y143.812 E326.55477
G1 X140.2 Y174.64 E327.55961
G1 X140.336 Y175.362 E327.58356
G1 X140.507 Y175.772 E327.59804
G1 X140.735 Y176.146 E327.61231
G1 X141.018 Y176.478 E327.62653
G1 X141.351 Y176.761 E327.64078
G1 X141.72 Y176.989 E327.65491
G1 X142.134 Y177.161 E327.66953
G1 X142.857 Y177.3 E327.69352
G1 X157.139 Y177.3 E328.15905
G1 X157.678 Y177.196 E328.17694
G0 F1620 X157.862 Y177.161
G0 X158.047 Y177.084
G0 F9600 X158.277 Y176.989
G0 X158.649 Y176.761
G0 X158.736 Y176.686
G0 X158.275 Y176.148
G0 X150.979 Y174.446
G0 X150.684 Y173.797
G0 X150.684 Y173.797 Z0.79
G1 F1800 X150.488 Y173.836 Z0.8 E328.1833
G1 X150.247 Y173.885 E328.19131
G1 X149.749 Y173.885 E328.20755
G1 X149.297 Y173.791 E328.22259
G1 X148.698 Y173.519 E328.24404
G1 X148.168 Y173.051 E328.26708
G1 X147.914 Y172.684 E328.28163
G1 X147.729 Y172.277 E328.2962
G1 X147.603 Y171.643 E328.31727
G1 X147.625 Y171.137 E328.33378
G1 X147.734 Y170.699 E328.34849
G1 X147.914 Y170.311 E328.36243
G1 X148.201 Y169.908 E328.37856
G1 X148.699 Y169.477 E328.40003
G1 X149.297 Y169.205 E328.42144
G1 X149.769 Y169.108 E328.43715
G1 X150.227 Y169.108 E328.45208
G1 X150.699 Y169.205 E328.46778
G1 X151.297 Y169.477 E328.4892
G1 X151.827 Y169.943 E328.5122
G1 X152.067 Y170.279 E328.52566
G1 X152.273 Y170.741 E328.54215
G1 X152.393 Y171.353 E328.56247
G1 X152.371 Y171.859 E328.57898
G1 X152.271 Y172.277 E328.59299
G1 X152.064 Y172.72 E328.60893
G1 X151.795 Y173.088 E328.62379
G1 X151.297 Y173.519 E328.64526
G1 X150.684 Y173.797 E328.66719
G1 X150.488 Y173.836 E328.67355
G0 F9600 X150.247 Y173.885
G0 X149.749 Y173.885
G0 X149.695 Y173.874
G0 X149.561 Y174.572
G0 X157.461 Y176.265
;TYPE:SKIN
G1 F1710 X158.763 Y174.963 E328.72823
G0 F9600 X158.839 Y174.35
G1 F1710 X156.85 Y176.339 E328.81178
G0 F9600 X156.312 Y176.339
G1 F1710 X158.839 Y173.813 E328.9179
G0 F9600 X158.839 Y173.275
G1 F1710 X155.775 Y176.339 E329.0466
G0 F9600 X155.238 Y176.339
G1 F1710 X158.839 Y172.738 E329.19786
G0 F9600 X158.839 Y172.2
G1 F1710 X154.7 Y176.339 E329.37171
G0 F9600 X154.163 Y176.339
G1 F1710 X158.839 Y171.663 E329.56813
G0 F9600 X158.839 Y171.125
G1 F1710 X153.625 Y176.339 E329.78713
G0 F9600 X153.088 Y176.339
G1 F1710 X158.839 Y170.588 E330.0287
G0 F9600 X158.839 Y170.051
G1 F1710 X152.551 Y176.339 E330.29282
G0 F9600 X152.013 Y176.339
G1 F1710 X158.839 Y169.513 E330.57954
G0 F9600 X158.839 Y168.976
G1 F1710 X151.476 Y176.339 E330.88881
G0 F9600 X150.938 Y176.339
G1 F1710 X158.839 Y168.438 E331.22069
G0 F9600 X158.839 Y167.901
G1 F1710 X150.401 Y176.339 E331.57512
G0 F9600 X149.864 Y176.339
G1 F1710 X152.152 Y174.051 E331.67122
G0 F9600 X152.646 Y173.557
G1 F1710 X158.839 Y167.364 E331.93135
G0 F9600 X158.839 Y166.826
G1 F1710 X153.216 Y172.449 E332.16754
G0 F9600 X153.326 Y171.801
G1 F1710 X158.839 Y166.289 E332.39909
G0 F9600 X158.839 Y165.751
G1 F1710 X153.35 Y171.24 E332.62965
G0 F9600 X153.263 Y170.79
G1 F1710 X158.839 Y165.214 E332.86386
G0 F9600 X158.839 Y164.677
G1 F1710 X153.144 Y170.372 E333.10308
G0 F9600 X152.991 Y169.987
G1 F1710 X158.839 Y164.139 E333.34872
G0 F9600 X158.839 Y163.602
G1 F1710 X152.787 Y169.654 E333.60292
G0 F9600 X152.566 Y169.337
G1 F1710 X158.839 Y163.064 E333.86641
G0 F9600 X158.839 Y162.527
G1 F1710 X152.296 Y169.07 E334.14125
G0 F9600 X152.007 Y168.821
G1 F1710 X158.839 Y161.99 E334.4282
G0 F9600 X158.839 Y161.452
G1 F1710 X151.689 Y168.602 E334.72852
G0 F9600 X151.319 Y168.434
G1 F1710 X158.839 Y160.915 E335.04437
G0 F9600 X158.839 Y160.377
G1 F1710 X150.947 Y168.269 E335.37587
G0 F9600 X150.494 Y168.185
G1 F1710 X158.839 Y159.84 E335.72639
G0 F9600 X158.839 Y159.303
G1 F1710 X149.989 Y168.152 E336.09811
G0 F9600 X149.4 Y168.204
G1 F1710 X158.839 Y158.765 E336.49458
G0 F9600 X158.839 Y158.228
G1 F1710 X148.599 Y168.467 E336.92468
G0 F9600 X146.952 Y170.114
G1 F1710 X141.504 Y175.563 E337.15354
G0 F9600 X141.758 Y175.846
G1 F1710 X146.689 Y170.915 E337.36066
G0 F9600 X146.648 Y171.494
G1 F1710 X142.067 Y176.075 E337.55308
G0 F9600 X142.434 Y176.245
G1 F1710 X146.691 Y171.987 E337.73191
G0 F9600 X146.779 Y172.437
G1 F1710 X142.883 Y176.333 E337.89556
G0 F9600 X143.415 Y176.339
G1 F1710 X146.926 Y172.828 E338.04304
G0 F9600 X147.105 Y173.186
G1 F1710 X143.952 Y176.339 E338.17548
G0 F9600 X144.489 Y176.339
G1 F1710 X147.319 Y173.509 E338.29435
G0 F9600 X147.561 Y173.805
G1 F1710 X145.027 Y176.339 E338.40079
G0 F9600 X145.564 Y176.339
G1 F1710 X147.849 Y174.054 E338.49677
G0 F9600 X148.15 Y174.291
G1 F1710 X146.102 Y176.339 E338.58279
G0 F9600 X146.639 Y176.339
G1 F1710 X148.497 Y174.481 E338.66083
G0 F9600 X148.866 Y174.649
G1 F1710 X147.176 Y176.339 E338.73182
G0 F9600 X147.714 Y176.339
G1 F1710 X149.285 Y174.768 E338.79781
G0 F9600 X149.749 Y174.841
G1 F1710 X148.251 Y176.339 E338.86073
G0 F9600 X148.789 Y176.339
G1 F1710 X150.297 Y174.831 E338.92407
G0 F9600 X150.952 Y174.713
G1 F1710 X149.326 Y176.339 E338.99237
G0 F9600 X141.315 Y175.214
G1 F1710 X158.839 Y157.69 E339.72845
G0 F9600 X158.839 Y157.153
G1 F1710 X141.201 Y174.791 E340.46931
G0 F9600 X141.161 Y174.293
G1 F1710 X158.839 Y156.616 E341.21184
G0 F9600 X158.839 Y156.078
G1 F1710 X141.161 Y173.756 E341.95439
G0 F9600 X141.161 Y173.219
G1 F1710 X158.839 Y155.541 E342.69693
G0 F9600 X158.839 Y155.003
G1 F1710 X141.161 Y172.681 E343.43948
G0 F9600 X141.161 Y172.144
G1 F1710 X158.839 Y154.466 E344.18203
G0 F9600 X158.839 Y153.929
G1 F1710 X141.161 Y171.606 E344.92455
G0 F9600 X141.161 Y171.069
G1 F1710 X158.839 Y153.391 E345.6671
G0 F9600 X158.839 Y152.854
G1 F1710 X141.161 Y170.532 E346.40964
G0 F9600 X141.161 Y169.994
G1 F1710 X158.839 Y152.316 E347.15219
G0 F9600 X158.839 Y151.779
G1 F1710 X141.161 Y169.457 E347.89474
G0 F9600 X141.161 Y168.919
G1 F1710 X158.839 Y151.242 E348.63726
G0 F9600 X158.839 Y150.704
G1 F1710 X141.161 Y168.382 E349.37981
G0 F9600 X141.161 Y167.845
G1 F1710 X158.839 Y150.167 E350.12235
G0 F9600 X158.839 Y149.629
G1 F1710 X141.161 Y167.307 E350.8649
G0 F9600 X141.161 Y166.77
G1 F1710 X158.839 Y149.092 E351.60745
G0 F9600 X158.839 Y148.555
G1 F1710 X141.161 Y166.232 E352.34997
G0 F9600 X141.161 Y165.695
G1 F1710 X158.839 Y148.017 E353.09252
G0 F9600 X158.839 Y147.48
G1 F1710 X141.161 Y165.158 E353.83507
G0 F9600 X141.161 Y164.62
G1 F1710 X158.839 Y146.942 E354.57761
G0 F9600 X158.839 Y146.405
G1 F1710 X141.161 Y164.083 E355.32016
G0 F9600 X141.161 Y163.545
G1 F1710 X158.839 Y145.868 E356.06268
G0 F9600 X158.839 Y145.33
G1 F1710 X141.161 Y163.008 E356.80523
G0 F9600 X141.161 Y162.471
G1 F1710 X158.839 Y144.793 E357.54778
G0 F9600 X158.321 Y144.773
G1 F1710 X141.161 Y161.933 E358.26856
G0 F9600 X141.161 Y161.396
G1 F1710 X157.784 Y144.773 E358.9668
G0 F9600 X157.246 Y144.773
G1 F1710 X141.161 Y160.858 E359.64243
G0 F9600 X141.161 Y160.321
G1 F1710 X156.709 Y144.773 E360.29551
G0 F9600 X156.172 Y144.773
G1 F1710 X141.161 Y159.784 E360.92603
G0 F9600 X141.161 Y159.246
G1 F1710 X155.634 Y144.773 E361.53395
G0 F9600 X155.097 Y144.773
G1 F1710 X141.161 Y158.709 E362.11932
G0 F9600 X141.161 Y158.171
G1 F1710 X154.559 Y144.773 E362.68209
G0 F9600 X154.022 Y144.773
G1 F1710 X141.161 Y157.634 E363.2223
G0 F9600 X141.161 Y157.096
G1 F1710 X153.485 Y144.773 E363.73994
G0 F9600 X152.947 Y144.773
G1 F1710 X141.161 Y156.559 E364.235
G0 F9600 X141.161 Y156.022
G1 F1710 X152.41 Y144.773 E364.7075
G0 F9600 X151.872 Y144.773
G1 F1710 X141.161 Y155.484 E365.15741
G0 F9600 X141.161 Y154.947
G1 F1710 X151.335 Y144.773 E365.58476
G0 F9600 X150.798 Y144.773
G1 F1710 X141.161 Y154.409 E365.98953
G0 F9600 X141.161 Y153.872
G1 F1710 X150.26 Y144.773 E366.37172
G0 F9600 X149.723 Y144.773
G1 F1710 X141.161 Y153.335 E366.73136
G0 F9600 X141.161 Y152.797
G1 F1710 X149.185 Y144.773 E367.0684
G0 F9600 X148.648 Y144.773
G1 F1710 X141.161 Y152.26 E367.38288
G0 F9600 X141.161 Y151.722
G1 F1710 X148.111 Y144.773 E367.67479
G0 F9600 X147.573 Y144.773
G1 F1710 X141.161 Y151.185 E367.94412
G0 F9600 X141.161 Y150.648
G1 F1710 X147.036 Y144.773 E368.19089
G0 F9600 X146.498 Y144.773
G1 F1710 X141.161 Y150.11 E368.41507
G0 F9600 X141.161 Y149.573
G1 F1710 X145.961 Y144.773 E368.61669
G0 F9600 X145.424 Y144.773
G1 F1710 X141.161 Y149.035 E368.79573
G0 F9600 X141.161 Y148.498
G1 F1710 X144.886 Y144.773 E368.95219
G0 F9600 X144.349 Y144.773
G1 F1710 X141.161 Y147.961 E369.0861
G0 F9600 X141.161 Y147.423
G1 F1710 X143.811 Y144.773 E369.19741
G0 F9600 X143.274 Y144.773
G1 F1710 X141.161 Y146.886 E369.28617
G0 F9600 X141.161 Y146.348
G1 F1710 X142.737 Y144.773 E369.35234
G0 F9600 X142.199 Y144.773
G1 F1710 X141.161 Y145.811 E369.39594
G0 F9600 X141.161 Y145.274
G1 F1710 X141.662 Y144.773 E369.41699
G0 F9600 X141.661 Y144.825
G1 F4200 E368.41699
G1 F1500 Z1.1
;MESH:NONMESH
G0 F9600 X141.661 Y144.825 Z1.1
G0 X160.532 Y142.52
;TIME_ELAPSED:493.871361
;LAYER:4
G0 X160.532 Y142.52 Z1.3
;TYPE:SUPPORT-INTERFACE
G1 F1500 Z0.805
G1 F2100 E369.41699
G1 F1163.8 X139.475 Y142.52 E370.21316
G1 F4200 E369.21316
G1 F1500 Z1.3
G0 F9600 X141.21 Y144.245 Z1.3
G0 X136.017 Y126.9
;TYPE:SUPPORT
G1 F1500 Z1
G1 F2100 E370.21316
G1 F1890 X136.017 Y122.1 E370.35397
G1 X133.35 Y122.1 E370.4322
G1 X133.35 Y140.901 E370.98374
G1 X130.683 Y140.9 E371.06198
G1 X130.683 Y122.1 E371.61348
G1 X128.016 Y122.1 E371.69172
G1 X128.016 Y139.12 E372.19101
G1 X127.969 Y139.044 E372.19363
G1 X127.766 Y138.552 E372.20924
G1 X127.645 Y138.044 E372.22456
G1 X127.6 Y137.676 E372.23544
G1 X127.6 Y128.122 E372.51571
G1 X127.445 Y127.45 E372.53594
G1 X127.264 Y127.046 E372.54893
G1 X127.01 Y126.691 E372.56173
G1 X126.687 Y126.391 E372.57467
G1 X126.315 Y126.163 E372.58746
G1 X125.812 Y125.988 E372.60309
G1 X125.349 Y125.929 E372.61678
G1 X125.349 Y122.1 E372.72911
G1 X122.682 Y122.1 E372.80734
G1 X122.682 Y125.9 E372.91882
G1 X117.79 Y125.9 E373.06233
G1 X117.789 Y122.1 E373.1738
G1 X120.015 Y122.1 E373.2391
G1 X120.015 Y125.9 E373.35058
G1 F4200 E372.35058
G1 F1500 Z1.3
G0 F9600 X165.354 Y127.209 Z1.3
G1 F1500 Z1
G1 F2100 E373.35058
G1 F1890 X164.93 Y127.03 E373.36408
G1 X164.499 Y126.943 E373.37698
G2 X162.6870 Y126.9000 I-1.1670 J10.9769 E373.430180
G1 X162.687 Y122.1 E373.57099
G1 X160.02 Y122.1 E373.64923
G1 X160.02 Y126.9 E373.79004
G1 X157.353 Y126.9 E373.86828
G1 X157.353 Y122.1 E374.00909
G1 X154.686 Y122.1 E374.08733
G1 X154.686 Y126.9 E374.22814
G1 X152.019 Y126.9 E374.30638
G1 X152.019 Y122.1 E374.44719
G1 X149.352 Y122.1 E374.52542
G1 X149.352 Y126.9 E374.66623
G1 X146.685 Y126.9 E374.74447
G1 X146.685 Y122.1 E374.88528
G1 X144.018 Y122.1 E374.96352
G1 X144.018 Y126.9 E375.10433
G1 X141.351 Y126.9 E375.18257
G1 X141.351 Y122.1 E375.32338
G1 X138.684 Y122.1 E375.40161
G1 X138.684 Y126.9 E375.54242
G1 X136.007 Y126.9 E375.62096
G1 X135.317 Y126.963 E375.64128
G1 X134.988 Y127.045 E375.65123
G1 X134.582 Y127.222 E375.66422
G1 X134.226 Y127.47 E375.67695
G1 X133.891 Y127.832 E375.69142
G1 X133.641 Y128.244 E375.70555
G1 X133.489 Y128.694 E375.71949
G1 X133.4 Y129.473 E375.74249
G1 X133.4 Y133.456 E375.85933
G1 X133.467 Y134.234 E375.88224
G1 X133.643 Y134.759 E375.89848
G1 X133.863 Y135.142 E375.91144
G1 X134.158 Y135.473 E375.92445
G1 X134.529 Y135.75 E375.93803
G1 X135.054 Y135.981 E375.95485
G1 X135.423 Y136.059 E375.96592
G1 X136.017 Y136.098 E375.98338
G1 X136.017 Y140.903 E376.12434
G3 X137.1760 Y140.9550 I0.2632 J7.0763 E376.158400
G1 X137.606 Y141.038 E376.17125
G1 X138.23 Y141.28 E376.19088
G1 X138.555 Y140.548 E376.21438
G1 X138.684 Y140.548 E376.21816
G1 X138.684 Y136.098 E376.3487
G1 X141.351 Y136.098 E376.42694
G1 X141.351 Y140.548 E376.55748
G1 X144.018 Y140.548 E376.63572
G1 X144.018 Y136.098 E376.76626
G1 X146.685 Y136.099 E376.8445
G1 X146.685 Y140.548 E376.97502
G1 X149.352 Y140.548 E377.05325
G1 X149.352 Y136.099 E377.18377
G1 X152.019 Y136.099 E377.262
G1 X152.019 Y140.548 E377.39252
G1 X154.686 Y140.548 E377.47075
G1 X154.686 Y136.1 E377.60124
G1 X157.353 Y136.1 E377.67948
G1 X157.353 Y140.548 E377.80996
G1 X160.02 Y140.548 E377.8882
G1 X160.02 Y136.1 E378.01868
G1 X162.687 Y136.1 E378.09692
G1 X162.687 Y140.972 E378.23984
G1 X163.518 Y140.902 E378.26431
G1 X165.354 Y140.902 E378.31817
G1 X165.354 Y135.808 E378.4676
G1 X165.598 Y135.675 E378.47575
G1 X165.935 Y135.388 E378.48874
G1 X166.205 Y135.045 E378.50154
G1 X166.415 Y134.619 E378.51548
G1 X166.527 Y134.226 E378.52746
G1 X166.6 Y133.644 E378.54467
G1 X166.6 Y129.514 E378.66583
G1 X166.505 Y128.674 E378.69063
G1 X166.365 Y128.254 E378.70361
G1 X166.131 Y127.86 E378.71706
G1 X165.839 Y127.531 E378.72996
G1 X165.484 Y127.265 E378.74297
G1 X165.354 Y127.209 E378.74713
G1 X165.354 Y122.1 E378.897
G1 X168.021 Y122.1 E378.97524
G1 X168.021 Y140.901 E379.52677
G1 X169.176 Y140.9 E379.56066
G1 X169.544 Y140.855 E379.57153
G1 X170.052 Y140.734 E379.58685
G1 X170.544 Y140.531 E379.60246
G1 X170.688 Y140.443 E379.60742
G1 X170.688 Y122.1 E380.14552
G1 X173.355 Y122.1 E380.22375
G1 X173.355 Y126.381 E380.34934
G1 X173.582 Y126.222 E380.35747
G1 X173.988 Y126.045 E380.37046
G1 X174.317 Y125.963 E380.38041
G1 X175.007 Y125.9 E380.40073
G1 X176.022 Y125.9 E380.43051
G1 X176.022 Y122.1 E380.54198
G1 X178.689 Y122.1 E380.62022
G1 X178.689 Y125.9 E380.7317
G1 X182.211 Y125.9 E380.83502
G1 X182.21 Y122.1 E380.94649
G1 X181.356 Y122.1 E380.97154
G1 X181.356 Y125.9 E381.08302
G1 F4200 E380.08302
G1 F1500 Z1.3
G0 F9600 X161.226 Y140.748 Z1.3
;TYPE:SUPPORT-INTERFACE
G1 F1500 Z1
G1 F2100 E381.08302
G1 F1500 X160.335 Y142.291 E381.13529
G0 F9600 X159.747 Y142.291
G1 F1500 X158.857 Y140.748 E381.18754
G0 F9600 X158.455 Y140.748
G1 F1500 X157.564 Y142.291 E381.23981
G0 F9600 X156.976 Y142.29
G1 F1500 X156.086 Y140.749 E381.29201
G0 F9600 X155.684 Y140.748
G1 F1500 X154.793 Y142.291 E381.34428
G0 F9600 X154.205 Y142.291
G1 F1500 X153.314 Y140.748 E381.39655
G0 F9600 X152.912 Y140.748
G1 F1500 X152.021 Y142.291 E381.44882
G0 F9600 X151.434 Y142.291
G1 F1500 X150.543 Y140.748 E381.50109
G0 F9600 X150.141 Y140.748
G1 F1500 X149.25 Y142.291 E381.55336
G0 F9600 X148.663 Y142.291
G1 F1500 X147.772 Y140.749 E381.6056
G0 F9600 X147.37 Y140.748
G1 F1500 X146.479 Y142.291 E381.65787
G0 F9600 X145.891 Y142.291
G1 F1500 X145.001 Y140.748 E381.71013
G0 F9600 X144.599 Y140.748
G1 F1500 X143.708 Y142.291 E381.7624
G0 F9600 X143.12 Y142.29
G1 F1500 X142.229 Y140.748 E381.81464
G0 F9600 X141.827 Y140.748
G1 F1500 X140.936 Y142.292 E381.86693
G0 F9600 X140.349 Y142.291
G1 F1500 X139.458 Y140.749 E381.91918
G0 F9600 X139.056 Y140.748
G1 F1500 X138.562 Y141.603 E381.94815
G1 X138.557 Y141.6
G1 X161.438 Y141.6 E382.61937
G0 F9600 X161.016 Y142.088
G1 F1500 X160.243 Y140.748 E382.66475
G0 F9600 X159.841 Y140.748
G1 F1500 X158.95 Y142.291 E382.71702
G0 F9600 X158.362 Y142.29
G1 F1500 X157.471 Y140.748 E382.76926
G0 F9600 X157.069 Y140.748
G1 F1500 X156.178 Y142.292 E382.82156
G0 F9600 X155.591 Y142.291
G1 F1500 X154.7 Y140.749 E382.8738
G0 F9600 X154.298 Y140.748
G1 F1500 X153.407 Y142.291 E382.92607
G0 F9600 X152.819 Y142.291
G1 F1500 X151.929 Y140.748 E382.97833
G0 F9600 X151.527 Y140.748
G1 F1500 X150.636 Y142.291 E383.0306
G0 F9600 X150.048 Y142.29
G1 F1500 X149.157 Y140.748 E383.08284
G0 F9600 X148.756 Y140.747
G1 F1500 X147.865 Y142.291 E383.13513
G0 F9600 X147.277 Y142.291
G1 F1500 X146.386 Y140.749 E383.18738
G0 F9600 X145.984 Y140.748
G1 F1500 X145.093 Y142.291 E383.23965
G0 F9600 X144.505 Y142.291
G1 F1500 X143.615 Y140.748 E383.2919
G0 F9600 X143.213 Y140.748
G1 F1500 X142.322 Y142.291 E383.34417
G0 F9600 X141.734 Y142.29
G1 F1500 X140.844 Y140.749 E383.39637
G0 F9600 X140.442 Y140.748
G1 F1500 X139.551 Y142.291 E383.44864
G0 F9600 X138.574 Y141.618
G1 F1500 X138.418 Y141.348 E383.45779
G1 F4200 E382.45779
G1 F1500 Z1.3
;MESH:LC-GR3005??????RFID?????????-WB.stl
G0 F9600 X150.952 Y174.551 Z1.3
;TYPE:WALL-INNER
G1 F1500 Z1
G1 F2100 E383.45779
G1 F1800 X150.3 Y174.691 E383.47908
G1 X149.595 Y174.67 E383.5016
G1 X148.966 Y174.519 E383.52226
G1 X148.394 Y174.259 E383.54232
G1 X148.153 Y174.105 E383.55145
G1 X147.677 Y173.693 E383.57155
G1 X147.513 Y173.511 E383.57938
G1 X147.186 Y173.017 E383.59829
G1 X146.954 Y172.49 E383.61668
G1 X146.795 Y171.678 E383.6431
G1 X146.847 Y170.95 E383.6664
G1 X147.008 Y170.363 E383.68584
G1 X147.188 Y169.975 E383.69949
G1 X147.513 Y169.485 E383.71827
G1 X147.677 Y169.303 E383.72609
G1 X148.262 Y168.797 E383.75079
G1 X149.077 Y168.426 E383.77938
G1 X149.695 Y168.312 E383.79944
G1 X150.305 Y168.306 E383.81892
G1 X150.917 Y168.433 E383.83888
G1 X151.731 Y168.794 E383.86731
G1 X152.319 Y169.303 E383.89214
G1 X152.719 Y169.814 E383.91286
G1 X153.034 Y170.463 E383.9359
G1 X153.202 Y171.322 E383.96385
G1 X153.149 Y172.044 E383.98696
G1 X153.034 Y172.52 E384.0026
G1 X152.808 Y173.025 E384.02026
G1 X152.42 Y173.605 E384.04254
G1 X151.843 Y174.105 E384.06692
G1 X151.602 Y174.259 E384.07605
G1 X150.952 Y174.551 E384.09881
G0 F9600 X150.818 Y174.174
G1 F1800 X150.324 Y174.277 E384.11492
G1 X149.788 Y174.288 E384.13204
G1 X149.202 Y174.187 E384.15102
G1 X148.482 Y173.86 E384.17627
G1 X147.88 Y173.339 E384.20169
G1 X147.55 Y172.851 E384.2205
G1 X147.348 Y172.398 E384.23634
G1 X147.197 Y171.651 E384.26067
G1 X147.236 Y171.043 E384.28013
G1 X147.371 Y170.531 E384.29703
G1 X147.551 Y170.143 E384.31069
G1 X147.881 Y169.657 E384.32945
G1 X148.483 Y169.135 E384.35489
G1 X149.199 Y168.815 E384.37993
G1 X149.732 Y168.71 E384.39728
G1 X150.208 Y168.707 E384.41248
G1 X150.797 Y168.815 E384.4316
G1 X151.51 Y169.14 E384.45661
G1 X152.115 Y169.656 E384.482
G1 X152.452 Y170.15 E384.5011
G1 X152.665 Y170.664 E384.51886
G1 X152.799 Y171.348 E384.54112
G1 X152.76 Y171.951 E384.56041
G1 X152.652 Y172.398 E384.5751
G1 X152.445 Y172.857 E384.59117
G1 X152.117 Y173.338 E384.60976
G1 X151.513 Y173.861 E384.63527
G1 X150.818 Y174.174 E384.65961
G0 F9600 X150.948 Y174.461
G0 X157.615 Y176.397
G1 F1800 X157.913 Y176.273 E384.66992
G1 X158.176 Y176.113 E384.67975
G1 X158.408 Y175.912 E384.68955
G1 X158.611 Y175.675 E384.69951
G1 X158.774 Y175.408 E384.7095
G1 X158.898 Y175.11 E384.7198
G1 X159 Y174.594 E384.7366
G1 X159.003 Y144.152 E385.7086
G1 X141 Y144.152 E386.28344
G1 X141 Y174.594 E387.25544
G1 X141.1 Y175.115 E387.27238
G1 X141.222 Y175.408 E387.28251
G1 X141.385 Y175.675 E387.2925
G1 X141.586 Y175.91 E387.30238
G1 X141.823 Y176.113 E387.31234
G1 X142.085 Y176.274 E387.32216
G1 X142.381 Y176.397 E387.33239
G1 X142.907 Y176.5 E387.34951
G1 X157.089 Y176.5 E387.80233
G1 X157.232 Y176.472 E387.80699
G0 F1620 X157.615 Y176.397
G0 F9600 X157.738 Y176.779
G1 F1800 X158.095 Y176.631 E387.81933
G1 X158.413 Y176.437 E387.83122
G1 X158.693 Y176.195 E387.84304
G1 X158.936 Y175.91 E387.855
G1 X159.131 Y175.59 E387.86696
G1 X159.28 Y175.236 E387.87922
G1 X159.4 Y174.617 E387.89936
G1 X159.403 Y143.752 E388.88487
G1 X140.6 Y143.752 E389.48524
G1 X140.6 Y174.617 E390.47075
G1 X140.718 Y175.239 E390.49097
G1 X140.865 Y175.59 E390.50312
G1 X141.06 Y175.91 E390.51508
G1 X141.302 Y176.194 E390.527
G1 X141.587 Y176.437 E390.53896
G1 X141.902 Y176.631 E390.55077
G1 X142.258 Y176.779 E390.56308
G1 X142.882 Y176.9 E390.58337
G1 X157.114 Y176.9 E391.0378
G1 X157.355 Y176.853 E391.04564
G0 F1620 X157.738 Y176.779
G0 F9600 X157.862 Y177.161
G0 X157.862 Y177.161 Z0.99
;TYPE:WALL-OUTER
G1 F1800 X158.047 Y177.084 Z1 E391.05201
G1 X158.277 Y176.989 E391.06013
G1 X158.649 Y176.761 E391.07435
G1 X158.977 Y176.478 E391.08847
G1 X159.261 Y176.146 E391.10271
G1 X159.489 Y175.772 E391.11699
G1 X159.661 Y175.361 E391.13151
G1 X159.766 Y174.928 E391.14603
G1 X159.8 Y174.64 E391.15548
G1 X159.803 Y143.352 E392.17531
G1 X140.2 Y143.352 E392.81427
G1 X140.2 Y174.64 E393.8341
G1 X140.336 Y175.362 E393.85805
G1 X140.507 Y175.772 E393.87253
G1 X140.735 Y176.146 E393.88681
G1 X141.018 Y176.478 E393.90103
G1 X141.351 Y176.761 E393.91527
G1 X141.72 Y176.989 E393.92941
G1 X142.134 Y177.161 E393.94402
G1 X142.857 Y177.3 E393.96802
G1 X157.139 Y177.3 E394.43354
G1 X157.678 Y177.196 E394.45143
G0 F1620 X157.862 Y177.161
G0 X158.047 Y177.084
G0 F9600 X158.277 Y176.989
G0 X158.649 Y176.761
G0 X158.736 Y176.686
G0 X158.275 Y176.148
G0 X150.979 Y174.446
G0 X150.684 Y173.797
G0 X150.684 Y173.797 Z0.99
G1 F1800 X150.488 Y173.836 Z1 E394.45779
G1 X150.247 Y173.885 E394.46581
G1 X149.749 Y173.885 E394.48204
G1 X149.297 Y173.791 E394.49709
G1 X148.698 Y173.519 E394.51853
G1 X148.168 Y173.051 E394.54158
G1 X147.914 Y172.684 E394.55612
G1 X147.729 Y172.277 E394.5707
G1 X147.603 Y171.643 E394.59177
G1 X147.625 Y171.137 E394.60827
G1 X147.734 Y170.699 E394.62299
G1 X147.914 Y170.311 E394.63693
G1 X148.201 Y169.908 E394.65305
G1 X148.699 Y169.477 E394.67452
G1 X149.297 Y169.205 E394.69594
G1 X149.769 Y169.108 E394.71164
G1 X150.227 Y169.108 E394.72657
G1 X150.699 Y169.205 E394.74228
G1 X151.296 Y169.478 E394.76367
G1 X151.827 Y169.943 E394.78668
G1 X152.087 Y170.314 E394.80145
G1 X152.273 Y170.741 E394.81663
G1 X152.397 Y171.392 E394.83823
G1 X152.371 Y171.859 E394.85347
G1 X152.271 Y172.277 E394.86748
G1 X152.064 Y172.72 E394.88342
G1 X151.795 Y173.088 E394.89828
G1 X151.297 Y173.519 E394.91975
G1 X150.684 Y173.797 E394.94169
G1 X150.488 Y173.836 E394.94804
G0 F9600 X150.247 Y173.885
G0 X149.749 Y173.885
G0 X149.695 Y173.874
G0 X149.561 Y174.572
G0 X141.284 Y175.14
;TYPE:SKIN
G1 F1710 X142.356 Y176.212 E394.99307
G0 F9600 X143.02 Y176.339
G1 F1710 X141.161 Y174.48 E395.07115
G0 F9600 X141.161 Y173.943
G1 F1710 X143.558 Y176.339 E395.17181
G0 F9600 X144.095 Y176.339
G1 F1710 X141.161 Y173.405 E395.29505
G0 F9600 X141.161 Y172.868
G1 F1710 X144.632 Y176.339 E395.44085
G0 F9600 X145.17 Y176.339
G1 F1710 X141.161 Y172.33 E395.60924
G0 F9600 X141.161 Y171.793
G1 F1710 X145.707 Y176.339 E395.80019
G0 F9600 X146.245 Y176.339
G1 F1710 X141.161 Y171.256 E396.01372
G0 F9600 X141.161 Y170.718
G1 F1710 X146.782 Y176.339 E396.24982
G0 F9600 X147.319 Y176.339
G1 F1710 X141.161 Y170.181 E396.50848
G0 F9600 X141.161 Y169.643
G1 F1710 X147.857 Y176.339 E396.78974
G0 F9600 X148.394 Y176.339
G1 F1710 X141.161 Y169.106 E397.09356
G0 F9600 X141.161 Y168.569
G1 F1710 X148.932 Y176.339 E397.41995
G0 F9600 X149.469 Y176.339
G1 F1710 X141.161 Y168.031 E397.76892
G0 F9600 X141.161 Y167.494
G1 F1710 X150.006 Y176.339 E398.14044
G0 F9600 X150.544 Y176.339
G1 F1710 X148.845 Y174.641 E398.21179
G0 F9600 X149.554 Y174.812
G1 F1710 X151.081 Y176.339 E398.27593
G0 F9600 X151.619 Y176.339
G1 F1710 X150.117 Y174.838 E398.339
G0 F9600 X150.606 Y174.789
G1 F1710 X152.156 Y176.339 E398.4041
G0 F9600 X152.693 Y176.339
G1 F1710 X151.041 Y174.686 E398.47352
G0 F9600 X151.412 Y174.52
G1 F1710 X153.231 Y176.339 E398.54992
G0 F9600 X153.768 Y176.339
G1 F1710 X151.77 Y174.341 E398.63384
G0 F9600 X152.08 Y174.114
G1 F1710 X154.306 Y176.339 E398.72732
G0 F9600 X154.843 Y176.339
G1 F1710 X152.368 Y173.864 E398.83128
G0 F9600 X152.626 Y173.585
G1 F1710 X155.38 Y176.339 E398.94696
G0 F9600 X155.918 Y176.339
G1 F1710 X152.84 Y173.262 E399.07623
G0 F9600 X153.032 Y172.916
G1 F1710 X156.455 Y176.339 E399.22001
G0 F9600 X156.993 Y176.339
G1 F1710 X153.193 Y172.54 E399.3796
G0 F9600 X153.299 Y172.108
G1 F1710 X157.456 Y176.265 E399.55421
G0 F9600 X157.851 Y176.123
G1 F1710 X153.34 Y171.612 E399.74369
G0 F9600 X153.311 Y171.046
G1 F1710 X158.165 Y175.899 E399.94756
G0 F9600 X158.433 Y175.63
G1 F1710 X153.122 Y170.319 E400.17064
G0 F9600 X151.167 Y168.364
G1 F1710 X141.161 Y158.358 E400.59094
G0 F9600 X141.161 Y158.895
G1 F1710 X150.439 Y168.173 E400.98065
G0 F9600 X149.879 Y168.151
G1 F1710 X141.161 Y159.433 E401.34684
G0 F9600 X141.161 Y159.97
G1 F1710 X149.395 Y168.204 E401.6927
G0 F9600 X148.958 Y168.304
G1 F1710 X141.161 Y160.508 E402.02018
G0 F9600 X141.161 Y161.045
G1 F1710 X148.588 Y168.472 E402.33215
G0 F9600 X148.218 Y168.639
G1 F1710 X141.161 Y161.582 E402.62857
G0 F9600 X141.161 Y162.12
G1 F1710 X147.92 Y168.878 E402.91245
G0 F9600 X147.632 Y169.128
G1 F1710 X141.161 Y162.657 E403.18426
G0 F9600 X141.161 Y163.195
G1 F1710 X147.387 Y169.42 E403.44576
G0 F9600 X147.151 Y169.722
G1 F1710 X141.161 Y163.732 E403.69736
G0 F9600 X141.161 Y164.269
G1 F1710 X146.971 Y170.079 E403.9414
G0 F9600 X146.817 Y170.463
G1 F1710 X141.161 Y164.807 E404.17898
G0 F9600 X141.161 Y165.344
G1 F1710 X146.699 Y170.882 E404.4116
G0 F9600 X146.657 Y171.377
G1 F1710 X141.161 Y165.882 E404.64243
G0 F9600 X141.161 Y166.419
G1 F1710 X146.683 Y171.941 E404.87438
G0 F9600 X146.846 Y172.642
G1 F1710 X141.161 Y166.956 E405.11319
G0 F9600 X141.161 Y157.821
G1 F1710 X158.644 Y175.303 E405.84752
G0 F9600 X158.776 Y174.898
G1 F1710 X141.161 Y157.283 E406.58742
G0 F9600 X141.161 Y156.746
G1 F1710 X158.84 Y174.424 E407.32999
G0 F9600 X158.84 Y173.887
G1 F1710 X141.161 Y156.208 E408.07258
G0 F9600 X141.161 Y155.671
G1 F1710 X158.84 Y173.349 E408.81515
G0 F9600 X158.84 Y172.812
G1 F1710 X141.161 Y155.134 E409.55771
G0 F9600 X141.161 Y154.596
G1 F1710 X158.84 Y172.275 E410.3003
G0 F9600 X158.84 Y171.737
G1 F1710 X141.161 Y154.059 E411.04287
G0 F9600 X141.161 Y153.521
G1 F1710 X158.84 Y171.2 E411.78546
G0 F9600 X158.84 Y170.662
G1 F1710 X141.161 Y152.984 E412.52803
G0 F9600 X141.161 Y152.447
G1 F1710 X158.84 Y170.125 E413.27059
G0 F9600 X158.84 Y169.588
G1 F1710 X141.161 Y151.909 E414.01318
G0 F9600 X141.161 Y151.372
G1 F1710 X158.84 Y169.05 E414.75575
G0 F9600 X158.84 Y168.513
G1 F1710 X141.161 Y150.834 E415.49834
G0 F9600 X141.161 Y150.297
G1 F1710 X158.84 Y167.976 E416.24093
G0 F9600 X158.84 Y167.439
G1 F1710 X141.161 Y149.76 E416.98351
G0 F9600 X141.161 Y149.222
G1 F1710 X158.84 Y166.901 E417.7261
G0 F9600 X158.84 Y166.364
G1 F1710 X141.161 Y148.685 E418.46869
G0 F9600 X141.161 Y148.147
G1 F1710 X158.84 Y165.826 E419.21128
G0 F9600 X158.84 Y165.289
G1 F1710 X141.161 Y147.61 E419.95387
G0 F9600 X141.161 Y147.073
G1 F1710 X158.84 Y164.752 E420.69646
G0 F9600 X158.84 Y164.214
G1 F1710 X141.161 Y146.535 E421.43905
G0 F9600 X141.161 Y145.998
G1 F1710 X158.84 Y163.677 E422.18163
G0 F9600 X158.84 Y163.139
G1 F1710 X141.161 Y145.46 E422.92422
G0 F9600 X141.161 Y144.923
G1 F1710 X158.84 Y162.602 E423.66681
G0 F9600 X158.841 Y162.065
G1 F1710 X141.161 Y144.386 E424.40942
G0 F9600 X141.626 Y144.313
G1 F1710 X158.841 Y161.528 E425.13252
G0 F9600 X158.841 Y160.991
G1 F1710 X142.164 Y144.313 E425.83304
G0 F9600 X142.701 Y144.313
G1 F1710 X158.841 Y160.453 E426.51098
G0 F9600 X158.841 Y159.916
G1 F1710 X143.239 Y144.313 E427.16635
G0 F9600 X143.776 Y144.313
G1 F1710 X158.841 Y159.378 E427.79914
G0 F9600 X158.841 Y158.841
G1 F1710 X144.313 Y144.313 E428.40938
G0 F9600 X144.851 Y144.313
G1 F1710 X158.841 Y158.304 E428.99703
G0 F9600 X158.841 Y157.766
G1 F1710 X145.388 Y144.313 E429.56211
G0 F9600 X145.926 Y144.313
G1 F1710 X158.841 Y157.229 E430.10461
G0 F9600 X158.841 Y156.691
G1 F1710 X146.463 Y144.313 E430.62454
G0 F9600 X147 Y144.313
G1 F1710 X158.842 Y156.155 E431.12195
G0 F9600 X158.842 Y155.617
G1 F1710 X147.538 Y144.313 E431.59676
G0 F9600 X148.075 Y144.313
G1 F1710 X158.842 Y155.08 E432.04902
G0 F9600 X158.842 Y154.542
G1 F1710 X148.613 Y144.313 E432.47868
G0 F9600 X149.15 Y144.313
G1 F1710 X158.842 Y154.005 E432.88578
G0 F9600 X158.842 Y153.468
G1 F1710 X149.687 Y144.313 E433.27033
G0 F9600 X150.225 Y144.313
G1 F1710 X158.842 Y152.93 E433.63228
G0 F9600 X158.842 Y152.393
G1 F1710 X150.762 Y144.313 E433.97167
G0 F9600 X151.3 Y144.313
G1 F1710 X158.842 Y151.855 E434.28846
G0 F9600 X158.842 Y151.318
G1 F1710 X151.837 Y144.313 E434.5827
G0 F9600 X152.374 Y144.313
G1 F1710 X158.842 Y150.781 E434.85438
G0 F9600 X158.842 Y150.244
G1 F1710 X152.912 Y144.313 E435.10349
G0 F9600 X153.449 Y144.313
G1 F1710 X158.842 Y149.707 E435.33004
G0 F9600 X158.842 Y149.169
G1 F1710 X153.987 Y144.313 E435.53399
G0 F9600 X154.524 Y144.313
G1 F1710 X158.842 Y148.632 E435.71538
G0 F9600 X158.842 Y148.094
G1 F1710 X155.061 Y144.313 E435.8742
G0 F9600 X155.599 Y144.313
G1 F1710 X158.842 Y147.557 E436.01044
G0 F9600 X158.842 Y147.02
G1 F1710 X156.136 Y144.313 E436.12412
G0 F9600 X156.674 Y144.313
G1 F1710 X158.842 Y146.482 E436.21521
G0 F9600 X158.842 Y145.945
G1 F1710 X157.211 Y144.313 E436.28374
G0 F9600 X157.748 Y144.313
G1 F1710 X158.842 Y145.407 E436.32969
G0 F9600 X158.842 Y144.87
G1 F1710 X158.286 Y144.313 E436.35306
G0 F9600 X158.286 Y144.363
G1 F4200 E435.35306
G1 F1500 Z1.3
;MESH:NONMESH
G0 F9600 X158.286 Y144.363 Z1.3
G0 X160.763 Y142.058
;TIME_ELAPSED:576.759618
;LAYER:5
G0 X160.763 Y142.058 Z1.5
;TYPE:SUPPORT-INTERFACE
G1 F1500 Z1.005
G1 F2100 E436.35306
G1 F1173.9 X139.235 Y142.058 E437.16002
G1 F4200 E436.16002
G1 F1500 Z1.5
G0 F9600 X136.017 Y126.9 Z1.5
;TYPE:SUPPORT
G1 F1500 Z1.2
G1 F2100 E437.16002
G1 F1890 X136.017 Y122.1 E437.30083
G1 X133.35 Y122.1 E437.37907
G1 X133.35 Y140.901 E437.93061
G1 X130.683 Y140.9 E438.00884
G1 X130.683 Y122.1 E438.56035
G1 X128.016 Y122.1 E438.63859
G1 X128.016 Y139.12 E439.13788
G1 X127.969 Y139.044 E439.1405
G1 X127.766 Y138.552 E439.15611
G1 X127.645 Y138.044 E439.17143
G1 X127.6 Y137.676 E439.18231
G1 X127.6 Y128.17 E439.46117
G1 X127.499 Y127.601 E439.47812
G1 X127.348 Y127.183 E439.49116
G1 X127.124 Y126.81 E439.50392
G1 X126.829 Y126.493 E439.51663
G1 X126.576 Y126.299 E439.52598
G1 X126.195 Y126.096 E439.53864
G1 X125.653 Y125.946 E439.55514
G1 X125.349 Y125.913 E439.56411
G1 X125.349 Y122.1 E439.67597
G1 X122.682 Y122.1 E439.7542
G1 X122.682 Y125.9 E439.86568
G1 X117.79 Y125.9 E440.00919
G1 X117.789 Y122.1 E440.12066
G1 X120.015 Y122.1 E440.18596
G1 X120.015 Y125.9 E440.29744
G1 F4200 E439.29744
G1 F1500 Z1.5
G0 F9600 X165.354 Y127.186 Z1.5
G1 F1500 Z1.2
G1 F2100 E440.29744
G1 F1890 X165.189 Y127.099 E440.30291
G1 X164.662 Y126.959 E440.31891
G1 X164.086 Y126.9 E440.33589
G1 X162.687 Y126.9 E440.37693
G1 X162.687 Y122.1 E440.51774
G1 X160.02 Y122.1 E440.59598
G1 X160.02 Y126.9 E440.73679
G1 X157.353 Y126.9 E440.81503
G1 X157.353 Y122.1 E440.95584
G1 X154.686 Y122.1 E441.03408
G1 X154.686 Y126.9 E441.17489
G1 X152.019 Y126.9 E441.25312
G1 X152.019 Y122.1 E441.39393
G1 X149.352 Y122.1 E441.47217
G1 X149.352 Y126.9 E441.61298
G1 X146.685 Y126.9 E441.69122
G1 X146.685 Y122.1 E441.83203
G1 X144.018 Y122.1 E441.91027
G1 X144.018 Y126.9 E442.05108
G1 X141.351 Y126.9 E442.12931
G1 X141.351 Y122.1 E442.27012
G1 X138.684 Y122.1 E442.34836
G1 X138.684 Y126.9 E442.48917
G1 X135.891 Y126.9 E442.57111
G1 X135.197 Y126.976 E442.59159
G1 X134.774 Y127.109 E442.60459
G1 X134.396 Y127.319 E442.61728
G1 X134.056 Y127.611 E442.63043
G1 X133.721 Y128.065 E442.64698
G1 X133.541 Y128.46 E442.65971
G1 X133.44 Y128.914 E442.67336
G1 X133.4 Y129.393 E442.68746
G1 X133.4 Y133.565 E442.80984
G1 X133.473 Y134.247 E442.82997
G1 X133.561 Y134.585 E442.84021
G1 X133.746 Y134.986 E442.85317
G1 X134.003 Y135.338 E442.86595
G1 X134.33 Y135.636 E442.87893
G1 X134.794 Y135.9 E442.89459
G1 X135.233 Y136.035 E442.90806
G1 X135.739 Y136.097 E442.92302
G1 X136.017 Y136.098 E442.93117
G1 X136.017 Y140.903 E443.07213
G1 X136.677 Y140.904 E443.09149
G1 X137.311 Y140.966 E443.11018
G1 X137.561 Y141.027 E443.11773
G1 X137.83 Y140.087 E443.14641
G1 X138.684 Y140.087 E443.17146
G1 X138.684 Y136.098 E443.28848
G1 X141.351 Y136.098 E443.36672
G1 X141.351 Y140.087 E443.48374
G1 X144.018 Y140.087 E443.56198
G1 X144.018 Y136.098 E443.679
G1 X146.685 Y136.099 E443.75723
G1 X146.685 Y140.087 E443.87422
G1 X149.352 Y140.087 E443.95246
G1 X149.352 Y136.099 E444.06945
G1 X152.019 Y136.099 E444.14769
G1 X152.019 Y140.087 E444.26468
G1 X154.686 Y140.087 E444.34292
G1 X154.686 Y136.1 E444.45988
G1 X157.353 Y136.1 E444.53811
G1 X157.353 Y140.087 E444.65507
G1 X160.02 Y140.087 E444.73331
G1 X160.02 Y136.1 E444.85027
G1 X162.687 Y136.1 E444.92851
G1 X162.687 Y140.974 E445.07149
G1 X163.415 Y140.902 E445.09295
G1 X165.354 Y140.902 E445.14983
G1 X165.354 Y135.825 E445.29877
G1 X165.789 Y135.541 E445.31401
G1 X166.095 Y135.223 E445.32695
G1 X166.328 Y134.853 E445.33978
G1 X166.495 Y134.401 E445.35392
G1 X166.6 Y133.833 E445.37086
G1 X166.6 Y129.431 E445.5
G1 X166.548 Y128.869 E445.51655
G1 X166.457 Y128.455 E445.52899
G1 X166.274 Y128.045 E445.54216
G1 X165.926 Y127.588 E445.55901
G1 X165.578 Y127.305 E445.57217
G1 X165.354 Y127.186 E445.57961
G1 X165.354 Y122.1 E445.72881
G1 X168.021 Y122.1 E445.80705
G1 X168.021 Y140.901 E446.35858
G1 X169.176 Y140.9 E446.39246
G1 X169.544 Y140.855 E446.40334
G1 X170.052 Y140.734 E446.41866
G1 X170.544 Y140.531 E446.43427
G1 X170.688 Y140.443 E446.43922
G1 X170.688 Y122.1 E446.97732
G1 X173.355 Y122.1 E447.05556
G1 X173.355 Y126.355 E447.18038
G1 X173.774 Y126.109 E447.19464
G1 X174.197 Y125.976 E447.20765
G1 X174.891 Y125.9 E447.22813
G1 X176.022 Y125.9 E447.2613
G1 X176.022 Y122.1 E447.37278
G1 X178.689 Y122.1 E447.45102
G1 X178.689 Y125.9 E447.56249
G1 X182.211 Y125.9 E447.66581
G1 X182.21 Y122.1 E447.77729
G1 X181.356 Y122.1 E447.80234
G1 X181.356 Y125.9 E447.91381
G1 F4200 E446.91381
G1 F1500 Z1.5
G0 F9600 X162.051 Y140.4 Z1.5
;TYPE:SUPPORT-INTERFACE
G1 F1500 Z1.2
G1 F2100 E447.91381
G1 F1500 X137.949 Y140.4 E448.62086
G1 X137.923 Y140.49
G1 X138.621 Y141.699 E448.66181
G1 X138.547 Y141.63
G1 X139.322 Y140.287 E448.70729
G1 X139.192 Y140.287
G1 X140.082 Y141.829 E448.75952
G0 F9600 X139.817 Y141.83
G1 F1500 X140.708 Y140.287 E448.81179
G1 X140.577 Y140.287
G1 X141.468 Y141.83 E448.86406
G0 F9600 X141.203 Y141.83
G1 F1500 X142.094 Y140.287 E448.91633
G1 X141.963 Y140.287
G1 X142.854 Y141.83 E448.9686
G0 F9600 X142.588 Y141.83
G1 F1500 X143.479 Y140.286 E449.0209
G1 X143.349 Y140.288
G1 X144.239 Y141.829 E449.0731
G0 F9600 X143.974 Y141.83
G1 F1500 X144.865 Y140.286 E449.12539
G1 X144.734 Y140.287
G1 X145.625 Y141.829 E449.17764
G0 F9600 X145.359 Y141.83
G1 F1500 X146.251 Y140.286 E449.22995
G1 X146.12 Y140.287
G1 X147.01 Y141.829 E449.28218
G0 F9600 X146.745 Y141.83
G1 F1500 X147.636 Y140.287 E449.33445
G1 X147.506 Y140.287
G1 X148.396 Y141.83 E449.3867
G0 F9600 X148.131 Y141.83
G1 F1500 X149.022 Y140.287 E449.43897
G1 X148.891 Y140.287
G1 X149.782 Y141.83 E449.49124
G0 F9600 X149.516 Y141.83
G1 F1500 X150.407 Y140.287 E449.54351
G1 X150.277 Y140.287
G1 X151.168 Y141.83 E449.59578
G0 F9600 X150.902 Y141.831
G1 F1500 X151.793 Y140.286 E449.6481
G1 X151.662 Y140.287
G1 X152.553 Y141.829 E449.70034
G0 F9600 X152.287 Y141.83
G1 F1500 X153.179 Y140.286 E449.75265
G1 X153.048 Y140.287
G1 X153.938 Y141.829 E449.80488
G0 F9600 X153.673 Y141.83
G1 F1500 X154.565 Y140.286 E449.85719
G1 X154.433 Y140.286
G1 X155.324 Y141.829 E449.90946
G0 F9600 X155.059 Y141.83
G1 F1500 X155.95 Y140.286 E449.96175
G1 X155.819 Y140.286
G1 X156.71 Y141.83 E450.01405
G0 F9600 X156.444 Y141.831
G1 F1500 X157.336 Y140.286 E450.06638
G1 X157.205 Y140.286
G1 X158.096 Y141.83 E450.11868
G0 F9600 X157.83 Y141.831
G1 F1500 X158.722 Y140.286 E450.17101
G1 X158.59 Y140.287
G1 X159.481 Y141.83 E450.22328
G0 F9600 X159.216 Y141.83
G1 F1500 X160.108 Y140.285 E450.27561
G1 X159.976 Y140.286
G1 X160.867 Y141.83 E450.32791
G0 F9600 X160.601 Y141.83
G1 F1500 X161.493 Y140.285 E450.38024
G1 X161.361 Y140.286
G1 X161.942 Y141.292 E450.41432
G0 F9600 X161.486 Y141.6
G1 F1500 X138.512 Y141.6 E451.08828
G1 F4200 E450.08828
G1 F1500 Z1.5
;MESH:LC-GR3005??????RFID?????????-WB.stl
G0 F9600 X150.952 Y174.551 Z1.5
;TYPE:WALL-INNER
G1 F1500 Z1.2
G1 F2100 E451.08828
G1 F1800 X150.3 Y174.691 E451.10957
G1 X149.595 Y174.67 E451.13209
G1 X148.966 Y174.519 E451.15274
G1 X148.394 Y174.259 E451.17281
G1 X148.153 Y174.105 E451.18194
G1 X147.677 Y173.693 E451.20204
G1 X147.513 Y173.511 E451.20986
G1 X147.186 Y173.017 E451.22878
G1 X146.952 Y172.481 E451.24745
G1 X146.795 Y171.678 E451.27358
G1 X146.847 Y170.95 E451.29688
G1 X147.008 Y170.363 E451.31632
G1 X147.188 Y169.975 E451.32997
G1 X147.513 Y169.485 E451.34875
G1 X147.677 Y169.303 E451.35657
G1 X148.262 Y168.797 E451.38127
G1 X149.077 Y168.426 E451.40986
G1 X149.695 Y168.312 E451.42992
G1 X150.305 Y168.306 E451.4494
G1 X150.917 Y168.433 E451.46936
G1 X151.731 Y168.794 E451.49779
G1 X152.319 Y169.303 E451.52262
G1 X152.719 Y169.814 E451.54334
G1 X153.034 Y170.463 E451.56638
G1 X153.202 Y171.322 E451.59432
G1 X153.149 Y172.044 E451.61744
G1 X153.034 Y172.52 E451.63308
G1 X152.808 Y173.025 E451.65074
G1 X152.42 Y173.605 E451.67302
G1 X151.843 Y174.105 E451.6974
G1 X151.602 Y174.259 E451.70653
G1 X150.952 Y174.551 E451.72928
G0 F9600 X150.818 Y174.174
G1 F1800 X150.324 Y174.277 E451.7454
G1 X149.788 Y174.288 E451.76252
G1 X149.202 Y174.187 E451.7815
G1 X148.482 Y173.86 E451.80675
G1 X147.88 Y173.339 E451.83217
G1 X147.55 Y172.851 E451.85098
G1 X147.348 Y172.398 E451.86682
G1 X147.197 Y171.651 E451.89115
G1 X147.236 Y171.043 E451.91061
G1 X147.371 Y170.531 E451.92751
G1 X147.551 Y170.143 E451.94117
G1 X147.881 Y169.657 E451.95993
G1 X148.483 Y169.135 E451.98537
G1 X149.199 Y168.815 E452.01041
G1 X149.732 Y168.71 E452.02775
G1 X150.208 Y168.707 E452.04295
G1 X150.797 Y168.815 E452.06207
G1 X151.51 Y169.14 E452.08709
G1 X152.115 Y169.656 E452.11248
G1 X152.452 Y170.15 E452.13158
G1 X152.665 Y170.664 E452.14934
G1 X152.799 Y171.348 E452.1716
G1 X152.76 Y171.951 E452.19089
G1 X152.652 Y172.398 E452.20557
G1 X152.445 Y172.857 E452.22165
G1 X152.117 Y173.338 E452.24024
G1 X151.513 Y173.861 E452.26575
G1 X150.818 Y174.174 E452.29009
G0 F9600 X150.948 Y174.461
G0 X157.615 Y176.397
G1 F1800 X157.913 Y176.273 E452.30039
G1 X158.176 Y176.113 E452.31022
G1 X158.408 Y175.912 E452.32003
G1 X158.611 Y175.675 E452.32999
G1 X158.774 Y175.408 E452.33998
G1 X158.898 Y175.11 E452.35028
G1 X159 Y174.594 E452.36708
G1 X159.003 Y143.688 E453.3539
G1 X141 Y143.688 E453.92873
G1 X141 Y174.594 E454.91555
G1 X141.1 Y175.115 E454.93249
G1 X141.222 Y175.408 E454.94262
G1 X141.385 Y175.675 E454.95261
G1 X141.586 Y175.91 E454.96248
G1 X141.823 Y176.113 E454.97245
G1 X142.085 Y176.274 E454.98227
G1 X142.381 Y176.397 E454.9925
G1 X142.907 Y176.5 E455.00962
G1 X157.089 Y176.5 E455.46244
G1 X157.232 Y176.472 E455.4671
G0 F1620 X157.615 Y176.397
G0 F9600 X157.738 Y176.779
G1 F1800 X158.095 Y176.631 E455.47944
G1 X158.413 Y176.437 E455.49133
G1 X158.693 Y176.195 E455.50315
G1 X158.936 Y175.91 E455.51511
G1 X159.131 Y175.59 E455.52707
G1 X159.28 Y175.236 E455.53933
G1 X159.4 Y174.617 E455.55947
G1 X159.405 Y143.288 E456.55979
G1 X140.596 Y143.288 E457.16036
G1 X140.6 Y174.617 E458.16069
G1 X140.718 Y175.239 E458.1809
G1 X140.865 Y175.59 E458.19305
G1 X141.06 Y175.91 E458.20502
G1 X141.302 Y176.194 E458.21693
G1 X141.587 Y176.437 E458.22889
G1 X141.902 Y176.631 E458.2407
G1 X142.258 Y176.779 E458.25301
G1 X142.882 Y176.9 E458.27331
G1 X157.114 Y176.9 E458.72773
G1 X157.355 Y176.853 E458.73557
G0 F1620 X157.738 Y176.779
G0 F9600 X157.862 Y177.161
G0 X157.862 Y177.161 Z1.19
;TYPE:WALL-OUTER
G1 F1800 X158.047 Y177.084 Z1.2 E458.74195
G1 X158.277 Y176.989 E458.75006
G1 X158.649 Y176.761 E458.76428
G1 X158.977 Y176.478 E458.7784
G1 X159.261 Y176.146 E458.79264
G1 X159.489 Y175.772 E458.80692
G1 X159.661 Y175.361 E458.82144
G1 X159.766 Y174.928 E458.83596
G1 X159.8 Y174.64 E458.84541
G1 X159.806 Y143.274 E459.86779
G1 X159.871 Y142.888 E459.88055
G1 X140.126 Y142.888 E460.52413
G1 X140.198 Y143.302 E460.53783
G1 X140.2 Y174.64 E461.55929
G1 X140.336 Y175.362 E461.58324
G1 X140.507 Y175.772 E461.59772
G1 X140.735 Y176.146 E461.61199
G1 X141.018 Y176.478 E461.62621
G1 X141.351 Y176.761 E461.64046
G1 X141.72 Y176.989 E461.6546
G1 X142.134 Y177.161 E461.66921
G1 X142.857 Y177.3 E461.69321
G1 X157.139 Y177.3 E462.15873
G1 X157.678 Y177.196 E462.17662
G0 F1620 X157.862 Y177.161
G0 X158.047 Y177.084
G0 F9600 X158.277 Y176.989
G0 X158.649 Y176.761
G0 X158.736 Y176.686
G0 X158.275 Y176.148
G0 X150.979 Y174.446
G0 X150.684 Y173.797
G0 X150.684 Y173.797 Z1.19
G1 F1800 X150.488 Y173.836 Z1.2 E462.18298
G1 X150.247 Y173.885 E462.191
G1 X149.749 Y173.885 E462.20723
G1 X149.297 Y173.791 E462.22228
G1 X148.698 Y173.519 E462.24372
G1 X148.168 Y173.051 E462.26676
G1 X147.914 Y172.684 E462.28131
G1 X147.729 Y172.277 E462.29589
G1 X147.603 Y171.643 E462.31695
G1 X147.625 Y171.137 E462.33346
G1 X147.734 Y170.699 E462.34818
G1 X147.914 Y170.311 E462.36212
G1 X148.201 Y169.908 E462.37824
G1 X148.699 Y169.477 E462.39971
G1 X149.297 Y169.205 E462.42112
G1 X149.769 Y169.108 E462.43683
G1 X150.247 Y169.111 E462.45241
G1 X150.699 Y169.205 E462.46746
G1 X151.296 Y169.478 E462.48886
G1 X151.827 Y169.943 E462.51186
G1 X152.087 Y170.314 E462.52663
G1 X152.273 Y170.741 E462.54181
G1 X152.397 Y171.392 E462.56341
G1 X152.371 Y171.859 E462.57866
G1 X152.271 Y172.277 E462.59267
G1 X152.064 Y172.72 E462.6086
G1 X151.795 Y173.088 E462.62346
G1 X151.297 Y173.519 E462.64493
G1 X150.684 Y173.797 E462.66687
G1 X150.488 Y173.836 E462.67322
G0 F9600 X150.247 Y173.885
G0 X149.749 Y173.885
G0 X149.695 Y173.874
G1 F4200 E461.67322
G0 F9600 X149.561 Y174.572
G0 X150.289 Y174.539
G0 X150.88 Y174.426
G0 X151.652 Y174.073
G0 X152.296 Y173.516
G0 X152.644 Y173.026
G0 X152.885 Y172.5
G0 X153.022 Y171.934
G0 X153.051 Y171.335
G0 X152.894 Y170.519
G0 X152.644 Y169.974
G0 X150.858 Y168.001
;TYPE:FILL
G1 F2100 E462.67322
G1 F1800 X158.593 Y160.265 E463.02252
G1 X158.594 Y158.594 E463.07587
G1 X146.369 Y146.369 E463.6279
G1 X146.369 Y146.013 E463.63927
G1 X146.087 Y146.014 E463.64827
G1 X146.087 Y146.369 E463.65961
G1 X141.408 Y151.049 E463.87091
G1 X141.408 Y152.723 E463.92436
G1 X158.593 Y169.908 E464.70036
G1 X158.592 Y171.582 E464.75381
G1 X154.081 Y176.092 E464.95748
G1 X153.461 Y176.092 E464.97728
G1 X151.912 Y174.542 E465.04725
G1 X151.774 Y174.628 E465.05244
G1 X150.31 Y176.092 E465.11855
G1 X149.69 Y176.092 E465.13834
G1 X148.232 Y174.634 E465.20418
G1 X148.087 Y174.544 E465.20963
G1 X146.538 Y176.092 E465.27955
G1 X145.918 Y176.092 E465.29935
G1 X141.408 Y171.582 E465.503
G1 X141.408 Y169.907 E465.55648
G1 X158.594 Y152.721 E466.33252
G1 X158.595 Y151.051 E466.38585
G1 X153.913 Y146.369 E466.59726
G1 X153.913 Y146.013 E466.60863
G1 X153.631 Y146.013 E466.61763
G1 X153.631 Y146.369 E466.629
G1 X141.408 Y158.592 E467.18094
G1 X141.408 Y160.266 E467.23439
G1 X149.141 Y167.999 E467.58357
G1 X148.953 Y168.035 E467.58969
G1 X148.04 Y168.45 E467.62171
G1 X147.394 Y169.008 E467.64896
G1 X146.95 Y169.58 E467.67208
G1 X141.408 Y164.038 E467.92234
G1 X141.408 Y162.364 E467.97579
G1 X157.402 Y146.37 E468.698
G1 X157.402 Y146.013 E468.7094
G1 X157.684 Y146.013 E468.71841
G1 X157.684 Y146.369 E468.72977
G1 X158.595 Y147.28 E468.77091
G1 X158.594 Y148.949 E468.8242
G1 X141.408 Y166.135 E469.60024
G1 X141.408 Y167.81 E469.65372
G1 X146.838 Y173.24 E469.89892
G1 X146.562 Y172.609 E469.92091
G1 X146.51 Y172.348 E469.92941
G1 X142.795 Y176.063 E470.09716
G1 X142.497 Y176.005 E470.10685
G1 X142.064 Y175.782 E470.1224
G1 X141.716 Y175.435 E470.1381
G1 X141.493 Y174.999 E470.15373
G1 X141.408 Y174.565 E470.16785
G1 X141.408 Y173.679 E470.19614
G1 X158.593 Y156.493 E470.97216
G1 X158.594 Y154.822 E471.02552
G1 X150.141 Y146.369 E471.40722
G1 X150.141 Y146.013 E471.41858
G1 X149.859 Y146.014 E471.42759
G1 X149.859 Y146.37 E471.43895
G1 X141.408 Y154.82 E471.82054
G1 X141.408 Y156.495 E471.87402
G1 X158.593 Y173.68 E472.65002
G1 X158.592 Y174.562 E472.67818
G1 X158.508 Y174.99 E472.69211
G1 X158.284 Y175.427 E472.70779
G1 X157.927 Y175.787 E472.72398
G1 X157.494 Y176.006 E472.73947
G1 X157.204 Y176.063 E472.74891
G1 X153.494 Y172.352 E472.91645
G1 X153.422 Y172.648 E472.92618
G1 X153.157 Y173.245 E472.94704
G1 X158.592 Y167.81 E473.19246
G1 X158.593 Y166.137 E473.24588
G1 X141.408 Y148.951 E474.02189
G1 X141.408 Y147.277 E474.07534
G1 X142.315 Y146.37 E474.1163
G1 X142.315 Y146.014 E474.12767
G1 X142.597 Y146.013 E474.13667
G1 X142.597 Y146.369 E474.14804
G1 X158.593 Y162.365 E474.87035
G1 X158.593 Y164.037 E474.92373
G1 X153.041 Y169.589 E475.17444
G1 X152.805 Y169.234 E475.18805
G1 X152.596 Y169.004 E475.19797
G1 X151.957 Y168.45 E475.22497
G1 X151.04 Y168.034 E475.25712
G1 X150.339 Y167.904 E475.27989
G1 F4200 E474.27989
G0 F9600 X158.842 Y145.327
;TYPE:SKIN
G1 F2100 E475.27989
G1 F1710 X158.324 Y145.845 E475.30165
G0 F9600 X157.787 Y145.845
G1 F1710 X158.842 Y144.789 E475.34598
G0 F9600 X158.842 Y144.252
G1 F1710 X157.249 Y145.845 E475.41289
G0 F9600 X156.712 Y145.845
G1 F1710 X158.708 Y143.849 E475.49673
G0 F9600 X158.171 Y143.849
G1 F1710 X156.174 Y145.845 E475.5806
G0 F9600 X155.637 Y145.845
G1 F1710 X157.633 Y143.849 E475.66444
G0 F9600 X157.096 Y143.849
G1 F1710 X155.1 Y145.845 E475.74828
G0 F9600 X154.562 Y145.845
G1 F1710 X156.558 Y143.849 E475.83212
G0 F9600 X156.021 Y143.849
G1 F1710 X154.025 Y145.845 E475.91596
G0 F9600 X153.487 Y145.845
G1 F1710 X155.484 Y143.849 E475.99982
G0 F9600 X154.946 Y143.849
G1 F1710 X152.95 Y145.845 E476.08366
G0 F9600 X152.413 Y145.845
G1 F1710 X154.409 Y143.849 E476.1675
G0 F9600 X153.871 Y143.849
G1 F1710 X151.875 Y145.845 E476.25134
G0 F9600 X151.338 Y145.845
G1 F1710 X153.334 Y143.849 E476.33518
G0 F9600 X152.797 Y143.849
G1 F1710 X150.8 Y145.845 E476.41904
G0 F9600 X150.263 Y145.845
G1 F1710 X152.259 Y143.849 E476.50288
G0 F9600 X151.722 Y143.849
G1 F1710 X149.726 Y145.845 E476.58672
G0 F9600 X149.188 Y145.845
G1 F1710 X151.184 Y143.849 E476.67056
G0 F9600 X150.647 Y143.849
G1 F1710 X148.651 Y145.845 E476.7544
G0 F9600 X148.113 Y145.845
G1 F1710 X150.11 Y143.849 E476.83826
G0 F9600 X149.572 Y143.849
G1 F1710 X147.576 Y145.845 E476.9221
G0 F9600 X147.039 Y145.845
G1 F1710 X149.035 Y143.849 E477.00594
G0 F9600 X148.497 Y143.849
G1 F1710 X146.501 Y145.845 E477.08978
G0 F9600 X145.964 Y145.845
G1 F1710 X147.96 Y143.849 E477.17362
G0 F9600 X147.423 Y143.849
G1 F1710 X145.426 Y145.845 E477.25748
G0 F9600 X144.889 Y145.845
G1 F1710 X146.885 Y143.849 E477.34132
G0 F9600 X146.348 Y143.849
G1 F1710 X144.352 Y145.845 E477.42516
G0 F9600 X143.814 Y145.845
G1 F1710 X145.81 Y143.849 E477.509
G0 F9600 X145.273 Y143.849
G1 F1710 X143.277 Y145.845 E477.59284
G0 F9600 X142.739 Y145.845
G1 F1710 X144.736 Y143.849 E477.6767
G0 F9600 X144.198 Y143.849
G1 F1710 X142.202 Y145.845 E477.76054
G0 F9600 X141.665 Y145.845
G1 F1710 X143.661 Y143.849 E477.84438
G0 F9600 X143.123 Y143.849
G1 F1710 X141.161 Y145.811 E477.92679
G0 F9600 X141.161 Y145.274
G1 F1710 X142.586 Y143.849 E477.98665
G0 F9600 X142.049 Y143.849
G1 F1710 X141.161 Y144.736 E478.02393
G0 F9600 X141.161 Y144.199
G1 F1710 X141.511 Y143.849 E478.03863
G0 F9600 X141.511 Y143.901
G1 F4200 E477.03863
G1 F1500 Z1.5
;MESH:NONMESH
G0 F9600 X141.511 Y143.901 Z1.5
G0 X161.155 Y141.598
;TIME_ELAPSED:627.150200
;LAYER:6
G0 X161.155 Y141.598 Z1.7
;TYPE:SUPPORT-INTERFACE
G1 F1500 Z1.205
G1 F2100 E478.03863
G1 F1173.9 X138.846 Y141.598 E478.87486
G1 F4200 E477.87486
G1 F1500 Z1.7
G0 F9600 X126.999 Y126.26 Z1.7
G0 X127.24 Y126.978
;TYPE:SUPPORT
G1 F1500 Z1.4
G1 F2100 E478.87486
G1 F1890 X127.059 Y126.714 E478.88425
G1 X126.746 Y126.408 E478.89709
G1 X126.518 Y126.26 E478.90507
G1 X126.999 Y126.26 E478.91918
G1 X127.174 Y126.353 E478.92499
G1 X127.24 Y126.487 E478.92937
G1 X127.24 Y126.978 E478.94378
G1 F4200 E477.94378
G1 F1500 Z1.7
G0 F9600 X117.843 Y125.9 Z1.7
G1 F1500 Z1.4
G1 F2100 E478.94378
G1 F1890 X117.79 Y125.9 E478.94533
G1 X117.789 Y122.1 E479.0568
G1 X117.843 Y122.1 E479.05839
G1 X117.843 Y125.9 E479.16986
G1 F4200 E478.16986
G1 F1500 Z1.7
G0 F9600 X182.211 Y125.9 Z1.7
G1 F1500 Z1.4
G1 F2100 E479.16986
G1 F1890 X182.157 Y125.9 E479.17145
G1 X182.157 Y122.1 E479.28292
G1 X182.21 Y122.1 E479.28448
G1 X182.211 Y125.9 E479.39595
G1 F4200 E478.39595
G1 F1500 Z1.7
G0 F9600 X173.474 Y126.26 Z1.7
G1 F1500 Z1.4
G1 F2100 E479.39595
G1 F1890 X173.355 Y126.26 E479.39944
G1 X173.355 Y126.345 E479.40194
G1 X173.474 Y126.26 E479.40623
G0 F9600 X173.863 Y126.06
;TYPE:SUPPORT-INTERFACE
G1 F1500 X176.242 Y121.94 E479.54579
G0 F9600 X175.712 Y121.941
G1 F1500 X178.09 Y126.06 E479.68531
G1 X178.02 Y126.06
G1 X180.399 Y121.939 E479.8249
G0 F9600 X179.868 Y121.941
G1 F1500 X181.957 Y125.559 E479.94746
G0 F9600 X181.957 Y126
G1 F1500 X118.043 Y126 E481.82241
G0 F9600 X118.437 Y126.061
G1 F1500 X120.816 Y121.94 E481.962
G0 F9600 X120.286 Y121.941
G1 F1500 X122.664 Y126.06 E482.10152
G1 X122.594 Y126.061
G1 X124.973 Y121.94 E482.24111
G0 F9600 X124.442 Y121.941
G1 F1500 X126.82 Y126.06 E482.38063
G1 X126.751 Y126.06
G1 X129.13 Y121.94 E482.5202
G0 F9600 X128.6 Y121.941
G1 F1500 X133.56 Y130.533 E482.81123
G0 F9600 X133.56 Y130.8
G1 F1500 X127.44 Y130.8 E482.99076
G0 F9600 X127.44 Y131.932
G1 F1500 X132.711 Y141.061 E483.3
G0 F9600 X133.332 Y141.062
G1 F1500 X136.29 Y135.939 E483.47354
G0 F9600 X136.682 Y135.94
G1 F1500 X139.816 Y141.369 E483.65743
G0 F9600 X140.083 Y141.369
G1 F1500 X143.218 Y135.939 E483.84137
G0 F9600 X143.61 Y135.94
G1 F1500 X146.744 Y141.369 E484.02526
G0 F9600 X147.011 Y141.369
G1 F1500 X150.146 Y135.939 E484.20919
G0 F9600 X150.538 Y135.94
G1 F1500 X153.673 Y141.369 E484.3931
G0 F9600 X153.939 Y141.37
G1 F1500 X157.074 Y135.94 E484.57704
G0 F9600 X157.467 Y135.94
G1 F1500 X160.601 Y141.369 E484.76093
G0 F9600 X160.867 Y141.37
G1 F1500 X164.003 Y135.939 E484.9449
G0 F9600 X164.395 Y135.94
G1 F1500 X167.351 Y141.061 E485.11836
G0 F9600 X167.974 Y141.061
G1 F1500 X172.56 Y133.117 E485.38745
G1 X172.56 Y133.2
G1 X166.44 Y133.2 E485.56698
G0 F9600 X166.441 Y134.116
G1 F1500 X173.471 Y121.939 E485.97945
G0 F9600 X172.94 Y121.941
G1 F1500 X175.318 Y126.06 E486.11898
G1 X175.249 Y126.06
G1 X177.628 Y121.94 E486.25854
G0 F9600 X177.097 Y121.941
G1 F1500 X179.475 Y126.06 E486.39807
G1 X179.405 Y126.061
G1 X181.784 Y121.94 E486.53766
G0 F9600 X181.957 Y122.4
G1 F1500 X118.043 Y122.4 E488.4126
G0 F9600 X118.043 Y122.856
G1 F1500 X119.892 Y126.06 E488.52112
G1 X119.823 Y126.06
G1 X122.202 Y121.94 E488.66068
G0 F9600 X121.672 Y121.941
G1 F1500 X124.05 Y126.06 E488.80021
G1 X123.98 Y126.061
G1 X126.359 Y121.939 E488.93982
G0 F9600 X125.828 Y121.941
G1 F1500 X136.869 Y141.064 E489.58759
G0 F9600 X137.465 Y141.104
G1 F1500 X140.446 Y135.94 E489.76251
G0 F9600 X140.839 Y135.94
G1 F1500 X143.973 Y141.369 E489.9464
G0 F9600 X144.24 Y141.37
G1 F1500 X147.375 Y135.94 E490.13034
G0 F9600 X147.767 Y135.94
G1 F1500 X150.902 Y141.369 E490.31425
G0 F9600 X151.168 Y141.37
G1 F1500 X154.303 Y135.939 E490.49821
G0 F9600 X154.695 Y135.94
G1 F1500 X157.83 Y141.369 E490.68211
G0 F9600 X158.096 Y141.37
G1 F1500 X161.231 Y135.939 E490.86607
G0 F9600 X161.623 Y135.94
G1 F1500 X164.58 Y141.061 E491.03955
G0 F9600 X165.202 Y141.062
G1 F1500 X172.56 Y128.317 E491.47126
G1 X172.56 Y128.4
G1 X166.437 Y128.4 E491.65088
G0 F9600 X166.44 Y129.317
G1 F1500 X170.7 Y121.94 E491.90078
G0 F9600 X170.169 Y121.941
G1 F1500 X172.659 Y126.253 E492.04685
G0 F9600 X172.56 Y127.2
G1 F1500 X165.602 Y127.2 E492.25097
G0 F9600 X166.073 Y127.552
G1 F1500 X169.314 Y121.94 E492.44108
G0 F9600 X168.783 Y121.94
G1 F1500 X172.56 Y128.483 E492.6627
G0 F9600 X172.56 Y129.6
G1 F1500 X166.44 Y129.6 E492.84224
G0 F9600 X166.44 Y129.882
G1 F1500 X171.967 Y139.455 E493.16651
G0 F9600 X172.122 Y139.2
G1 F1500 X127.877 Y139.2 E494.46446
G0 F9600 X127.702 Y138.814
G1 F1500 X133.56 Y128.667 E494.80817
G0 F9600 X133.572 Y128.4
G1 F1500 X127.44 Y128.4 E494.98805
G0 F9600 X127.44 Y127.268
G1 F1500 X130.516 Y121.94 E495.16853
G0 F9600 X129.985 Y121.94
G1 F1500 X133.597 Y128.197 E495.38047
G0 F9600 X134.395 Y127.2
G1 F1500 X127.44 Y127.2 E495.5845
G1 X127.439 Y127.132
G1 X135.482 Y141.063 E496.05639
G0 F9600 X136.102 Y141.064
G1 F1500 X139.061 Y135.94 E496.22997
G0 F9600 X139.454 Y135.941
G1 F1500 X142.588 Y141.369 E496.41384
G0 F9600 X142.854 Y141.37
G1 F1500 X145.989 Y135.939 E496.5978
G0 F9600 X146.382 Y135.941
G1 F1500 X149.516 Y141.369 E496.78166
G0 F9600 X149.782 Y141.37
G1 F1500 X152.917 Y135.939 E496.96562
G0 F9600 X153.31 Y135.941
G1 F1500 X156.444 Y141.369 E497.14949
G0 F9600 X156.711 Y141.369
G1 F1500 X159.846 Y135.939 E497.33343
G0 F9600 X160.238 Y135.941
G1 F1500 X163.195 Y141.061 E497.50687
G0 F9600 X163.816 Y141.062
G1 F1500 X174.856 Y121.94 E498.1546
G0 F9600 X174.326 Y121.941
G1 F1500 X176.704 Y126.06 E498.29413
G1 X176.634 Y126.06
G1 X179.013 Y121.94 E498.43369
G0 F9600 X178.482 Y121.941
G1 F1500 X180.861 Y126.06 E498.57323
G1 X180.791 Y126.06
G1 X181.956 Y124.043 E498.64156
G0 F9600 X181.957 Y123.6
G1 F1500 X118.043 Y123.6 E500.51651
G0 F9600 X118.043 Y124.343
G1 F1500 X119.431 Y121.94 E500.59791
G0 F9600 X118.9 Y121.941
G1 F1500 X121.278 Y126.06 E500.73744
G1 X121.209 Y126.06
G1 X123.588 Y121.94 E500.877
G0 F9600 X123.057 Y121.941
G1 F1500 X125.435 Y126.06 E501.01652
G1 X125.365 Y126.061
G1 X127.744 Y121.94 E501.15611
G0 F9600 X127.214 Y121.941
G1 F1500 X133.56 Y132.933 E501.52845
G0 F9600 X133.56 Y133.2
G1 F1500 X127.44 Y133.2 E501.70798
G0 F9600 X127.44 Y134.332
G1 F1500 X131.324 Y141.06 E501.93588
G0 F9600 X131.947 Y141.061
G1 F1500 X134.91 Y135.928 E502.10974
G0 F9600 X135.296 Y135.94
G1 F1500 X138.457 Y141.414 E502.29518
G0 F9600 X138.697 Y141.369
G1 F1500 X141.832 Y135.94 E502.47909
G0 F9600 X142.225 Y135.94
G1 F1500 X145.359 Y141.369 E502.66298
G0 F9600 X145.625 Y141.37
G1 F1500 X148.76 Y135.94 E502.84691
G0 F9600 X149.153 Y135.94
G1 F1500 X152.287 Y141.369 E503.03081
G0 F9600 X152.553 Y141.37
G1 F1500 X155.689 Y135.939 E503.21478
G0 F9600 X156.081 Y135.94
G1 F1500 X159.215 Y141.369 E503.39867
G0 F9600 X159.482 Y141.37
G1 F1500 X162.617 Y135.939 E503.58263
G0 F9600 X163.009 Y135.94
G1 F1500 X165.966 Y141.061 E503.75611
G0 F9600 X166.588 Y141.062
G1 F1500 X172.56 Y130.718 E504.10649
G1 X172.56 Y130.8
G1 X166.44 Y130.8 E504.28603
G0 F9600 X166.44 Y131.717
G1 F1500 X172.085 Y121.939 E504.61724
G0 F9600 X171.554 Y121.941
G1 F1500 X173.932 Y126.06 E504.75676
G1 F4200 E503.75676
G1 F1500 Z1.7
G0 F9600 X172.56 Y130.883 Z1.7
G1 F1500 Z1.4
G1 F2100 E504.75676
G1 F1500 X167.398 Y121.941 E505.05965
G0 F9600 X167.928 Y121.94
G1 F1500 X164.972 Y127.061 E505.23311
G1 X164.81 Y127.06
G1 X161.855 Y121.941 E505.4065
G0 F9600 X162.386 Y121.94
G1 F1500 X159.429 Y127.06 E505.57995
G1 X159.268 Y127.06
G1 X156.312 Y121.941 E505.75336
G0 F9600 X156.843 Y121.939
G1 F1500 X153.887 Y127.06 E505.92681
G1 X153.725 Y127.059
G1 X150.77 Y121.941 E506.10018
G0 F9600 X151.3 Y121.94
G1 F1500 X148.344 Y127.06 E506.27361
G1 X148.182 Y127.06
G1 X145.227 Y121.941 E506.44701
G0 F9600 X145.758 Y121.94
G1 F1500 X142.801 Y127.061 E506.62048
G1 X142.64 Y127.06
G1 X139.685 Y121.941 E506.79387
G0 F9600 X140.216 Y121.94
G1 F1500 X137.259 Y127.06 E506.96732
G1 X137.098 Y127.06
G1 X134.142 Y121.941 E507.14073
G0 F9600 X134.673 Y121.939
G1 F1500 X127.44 Y134.467 E507.56509
G1 X127.44 Y134.4
G1 X133.56 Y134.4 E507.74463
G0 F9600 X133.56 Y133.468
G1 F1500 X129.396 Y140.68 E507.98893
G0 F9600 X129.82 Y140.854
G1 F1500 X127.44 Y136.733 E508.12853
G1 X127.44 Y136.8
G1 X172.56 Y136.8 E509.45214
G0 F9600 X172.561 Y135.684
G1 F1500 X164.626 Y121.941 E509.91768
G0 F9600 X165.157 Y121.939
G1 F1500 X162.2 Y127.061 E510.09117
G1 X162.039 Y127.059
G1 X159.084 Y121.941 E510.26454
G0 F9600 X159.614 Y121.94
G1 F1500 X156.658 Y127.061 E510.438
G1 X156.496 Y127.06
G1 X153.541 Y121.941 E510.61139
G0 F9600 X154.072 Y121.94
G1 F1500 X151.115 Y127.061 E510.78487
G1 X150.954 Y127.06
G1 X147.998 Y121.941 E510.95827
G0 F9600 X148.529 Y121.94
G1 F1500 X145.573 Y127.06 E511.13171
G1 X145.411 Y127.059
G1 X142.456 Y121.941 E511.30507
G0 F9600 X142.986 Y121.94
G1 F1500 X140.03 Y127.06 E511.4785
G1 X139.869 Y127.059
G1 X136.914 Y121.941 E511.65187
G0 F9600 X137.444 Y121.94
G1 F1500 X134.412 Y127.191 E511.82975
G1 X134.404 Y127.195
G1 X131.371 Y121.941 E512.00771
G0 F9600 X131.902 Y121.94
G1 F1500 X127.44 Y129.667 E512.26947
G1 X127.44 Y129.6
G1 X133.56 Y129.6 E512.449
G0 F9600 X133.56 Y131.068
G1 F1500 X128.429 Y139.955 E512.75004
G0 F9600 X128.937 Y140.4
G1 F1500 X171.062 Y140.4 E513.98579
G1 X171.108 Y140.369
G1 X166.44 Y132.283 E514.25969
G0 F9600 X166.44 Y132
G1 F1500 X172.56 Y132 E514.43922
G0 F9600 X172.56 Y133.283
G1 F1500 X166.012 Y121.941 E514.82341
G0 F9600 X166.542 Y121.94
G1 F1500 X163.586 Y127.061 E514.99687
G1 X163.424 Y127.06
G1 X160.469 Y121.941 E515.17026
G0 F9600 X161 Y121.94
G1 F1500 X158.043 Y127.061 E515.34373
G1 X157.882 Y127.06
G1 X154.927 Y121.941 E515.51713
G0 F9600 X155.458 Y121.94
G1 F1500 X152.501 Y127.06 E515.69057
G1 X152.34 Y127.06
G1 X149.384 Y121.941 E515.86398
G0 F9600 X149.915 Y121.939
G1 F1500 X146.959 Y127.06 E516.03744
G1 X146.797 Y127.059
G1 X143.842 Y121.941 E516.21081
G0 F9600 X144.372 Y121.94
G1 F1500 X141.416 Y127.06 E516.38424
G1 X141.254 Y127.06
G1 X138.299 Y121.941 E516.55763
G0 F9600 X138.83 Y121.94
G1 F1500 X135.874 Y127.06 E516.73106
G1 X135.712 Y127.06
G1 X132.756 Y121.941 E516.90447
G0 F9600 X133.287 Y121.939
G1 F1500 X127.44 Y132.067 E517.24754
G1 X127.44 Y132
G1 X133.56 Y132 E517.42707
G1 F4200 E516.42707
G1 F1500 Z1.7
G0 F9600 X133.854 Y135.358 Z1.7
G1 F1500 Z1.4
G1 F2100 E517.42707
G1 F1500 X130.577 Y141.034 E517.61934
G1 F4200 E516.61934
G1 F1500 Z1.7
G0 F9600 X134.096 Y141.062 Z1.7
G1 F1500 Z1.4
G1 F2100 E517.61934
G1 F1500 X127.44 Y129.532 E518.00989
G1 F4200 E517.00989
G1 F1500 Z1.7
G0 F9600 X127.44 Y135.6 Z1.7
G1 F1500 Z1.4
G1 F2100 E518.00989
G1 F1500 X134.087 Y135.6 E518.20488
G1 F4200 E517.20488
G1 F1500 Z1.7
G0 F9600 X137.675 Y135.939 Z1.7
G1 F1500 Z1.4
G1 F2100 E518.20488
G1 F1500 X134.717 Y141.063 E518.37844
G1 F4200 E517.37844
G1 F1500 Z1.7
G0 F9600 X138.068 Y135.941 Z1.7
G1 F1500 Z1.4
G1 F2100 E518.37844
G1 F1500 X141.202 Y141.369 E518.56231
G0 F9600 X141.468 Y141.37
G1 F1500 X144.604 Y135.939 E518.74629
G0 F9600 X144.996 Y135.941
G1 F1500 X148.13 Y141.369 E518.93015
G0 F9600 X148.397 Y141.369
G1 F1500 X151.532 Y135.939 E519.11409
G0 F9600 X151.924 Y135.94
G1 F1500 X155.058 Y141.369 E519.29798
G0 F9600 X155.325 Y141.369
G1 F1500 X158.46 Y135.939 E519.48191
G0 F9600 X158.852 Y135.94
G1 F1500 X161.948 Y141.303 E519.66357
G0 F9600 X162.384 Y141.143
G1 F1500 X165.437 Y135.855 E519.8427
G0 F9600 X165.678 Y135.762
G1 F1500 X168.737 Y141.06 E520.02216
G0 F9600 X169.372 Y141.04
G1 F1500 X172.56 Y135.518 E520.20921
G1 X172.56 Y135.6
G1 X165.915 Y135.6 E520.40415
G0 F9600 X166.423 Y134.653
G1 F1500 X170.031 Y140.903 E520.61585
G0 F9600 X171.181 Y140.306
G1 F1500 X172.525 Y137.977 E520.69473
G1 X172.523 Y138
G1 X127.476 Y138 E522.01621
G0 F9600 X127.44 Y136.867
G1 F1500 X136.058 Y121.94 E522.52184
G0 F9600 X135.528 Y121.941
G1 F1500 X138.483 Y127.059 E522.6952
G1 X138.645 Y127.06
G1 X141.601 Y121.939 E522.86866
G0 F9600 X141.07 Y121.941
G1 F1500 X144.026 Y127.06 E523.04207
G1 X144.187 Y127.06
G1 X147.144 Y121.94 E523.21551
G0 F9600 X146.613 Y121.941
G1 F1500 X149.568 Y127.06 E523.38891
G1 X149.73 Y127.061
G1 X152.686 Y121.94 E523.56237
G0 F9600 X152.156 Y121.941
G1 F1500 X155.111 Y127.059 E523.73573
G1 X155.272 Y127.061
G1 X158.229 Y121.94 E523.90921
G0 F9600 X157.698 Y121.941
G1 F1500 X160.653 Y127.059 E524.08257
G1 X160.814 Y127.061
G1 X163.771 Y121.94 E524.25605
G0 F9600 X163.24 Y121.941
G1 F1500 X172.521 Y138.016 E524.80057
G1 F4200 E523.80057
G1 F1500 Z1.7
G0 F9600 X172.56 Y134.4 Z1.7
G1 F1500 Z1.4
G1 F2100 E524.80057
G1 F1500 X166.44 Y134.4 E524.9801
G1 F4200 E523.9801
G1 F1500 Z1.7
G0 F9600 X181.957 Y124.8 Z1.7
G1 F1500 Z1.4
G1 F2100 E524.9801
G1 F1500 X118.043 Y124.8 E526.85504
G0 F9600 X118.043 Y125.256
G1 F1500 X118.507 Y126.06 E526.88228
G1 F4200 E525.88228
G1 F1500 Z1.7
G0 F9600 X181.254 Y121.941 Z1.7
G1 F1500 Z1.4
G1 F2100 E526.88228
G1 F1500 X181.957 Y123.159 E526.92353
G1 F4200 E525.92353
G1 F1500 Z1.7
;MESH:LC-GR3005??????RFID?????????-WB.stl
G0 F9600 X157.615 Y176.397 Z1.7
;TYPE:WALL-INNER
G1 F1500 Z1.4
G1 F2100 E526.92353
G1 F1800 X157.913 Y176.273 E526.93384
G1 X158.176 Y176.113 E526.94367
G1 X158.408 Y175.912 E526.95347
G1 X158.611 Y175.675 E526.96343
G1 X158.774 Y175.408 E526.97342
G1 X158.898 Y175.11 E526.98372
G1 X159 Y174.594 E527.00052
G1 X159 Y143.228 E528.00203
G1 X141 Y143.228 E528.57676
G1 X141 Y174.594 E529.57827
G1 X141.1 Y175.115 E529.59521
G1 X141.222 Y175.408 E529.60534
G1 X141.385 Y175.675 E529.61533
G1 X141.586 Y175.91 E529.62521
G1 X141.823 Y176.113 E529.63517
G1 X142.085 Y176.274 E529.64499
G1 X142.381 Y176.397 E529.65522
G1 X142.907 Y176.5 E529.67234
G1 X157.089 Y176.5 E530.12516
G1 X157.232 Y176.472 E530.12982
G0 F1620 X157.615 Y176.397
G0 F9600 X157.738 Y176.779
G1 F1800 X158.095 Y176.631 E530.14216
G1 X158.413 Y176.437 E530.15405
G1 X158.693 Y176.195 E530.16587
G1 X158.936 Y175.91 E530.17783
G1 X159.131 Y175.59 E530.18979
G1 X159.28 Y175.236 E530.20205
G1 X159.4 Y174.617 E530.22219
G1 X159.405 Y143.259 E531.22344
G1 X159.463 Y142.828 E531.23733
G1 X140.535 Y142.827 E531.84169
G1 X140.595 Y143.249 E531.8553
G1 X140.6 Y174.617 E532.85687
G1 X140.718 Y175.239 E532.87709
G1 X140.865 Y175.59 E532.88924
G1 X141.06 Y175.91 E532.9012
G1 X141.302 Y176.194 E532.91312
G1 X141.587 Y176.437 E532.92508
G1 X141.902 Y176.631 E532.93689
G1 X142.258 Y176.779 E532.9492
G1 X142.882 Y176.9 E532.96949
G1 X157.114 Y176.9 E533.42392
G1 X157.355 Y176.853 E533.43176
G0 F1620 X157.738 Y176.779
G0 F9600 X157.65 Y176.484
G0 X150.952 Y174.551
G1 F1800 X150.3 Y174.691 E533.45305
G1 X149.595 Y174.67 E533.47557
G1 X148.966 Y174.519 E533.49622
G1 X148.394 Y174.259 E533.51629
G1 X148.153 Y174.105 E533.52542
G1 X147.677 Y173.693 E533.54552
G1 X147.513 Y173.511 E533.55334
G1 X147.186 Y173.017 E533.57226
G1 X146.954 Y172.49 E533.59064
G1 X146.795 Y171.678 E533.61706
G1 X146.847 Y170.95 E533.64037
G1 X147.008 Y170.363 E533.6598
G1 X147.188 Y169.975 E533.67346
G1 X147.513 Y169.485 E533.69223
G1 X147.677 Y169.303 E533.70006
G1 X148.262 Y168.797 E533.72475
G1 X149.077 Y168.426 E533.75334
G1 X149.695 Y168.312 E533.77341
G1 X150.301 Y168.312 E533.79276
G1 X150.917 Y168.426 E533.81276
G1 X151.735 Y168.798 E533.84145
G1 X152.319 Y169.303 E533.86611
G1 X152.478 Y169.478 E533.87366
G1 X152.817 Y169.987 E533.89318
G1 X153.058 Y170.587 E533.91383
G1 X153.201 Y171.318 E533.93761
G1 X153.149 Y172.044 E533.96085
G1 X153.034 Y172.52 E533.97649
G1 X152.808 Y173.025 E533.99415
G1 X152.42 Y173.605 E534.01643
G1 X151.843 Y174.105 E534.04081
G1 X151.602 Y174.259 E534.04994
G1 X150.952 Y174.551 E534.0727
G0 F9600 X150.818 Y174.174
G1 F1800 X150.324 Y174.277 E534.08881
G1 X149.788 Y174.288 E534.10593
G1 X149.202 Y174.187 E534.12491
G1 X148.482 Y173.86 E534.15016
G1 X147.88 Y173.339 E534.17558
G1 X147.55 Y172.851 E534.19439
G1 X147.348 Y172.398 E534.21023
G1 X147.197 Y171.651 E534.23456
G1 X147.236 Y171.043 E534.25402
G1 X147.371 Y170.531 E534.27092
G1 X147.551 Y170.143 E534.28458
G1 X147.881 Y169.657 E534.30334
G1 X148.483 Y169.135 E534.32878
G1 X149.199 Y168.815 E534.35382
G1 X149.732 Y168.71 E534.37117
G1 X150.264 Y168.71 E534.38815
G1 X150.797 Y168.815 E534.4055
G1 X151.513 Y169.135 E534.43054
G1 X152.117 Y169.658 E534.45605
G1 X152.452 Y170.15 E534.47506
G1 X152.665 Y170.664 E534.49282
G1 X152.799 Y171.347 E534.51504
G1 X152.76 Y171.951 E534.53437
G1 X152.652 Y172.398 E534.54905
G1 X152.445 Y172.857 E534.56513
G1 X152.117 Y173.338 E534.58372
G1 X151.513 Y173.861 E534.60923
G1 X150.818 Y174.174 E534.63357
G0 F9600 X150.684 Y173.797
G0 X150.684 Y173.797 Z1.39
;TYPE:WALL-OUTER
G1 F1800 X150.488 Y173.836 Z1.4 E534.63993
G1 X150.247 Y173.885 E534.64794
G1 X149.749 Y173.885 E534.66418
G1 X149.297 Y173.791 E534.67922
G1 X148.698 Y173.519 E534.70067
G1 X148.168 Y173.051 E534.72371
G1 X147.914 Y172.684 E534.73826
G1 X147.729 Y172.277 E534.75283
G1 X147.603 Y171.643 E534.7739
G1 X147.625 Y171.137 E534.79041
G1 X147.734 Y170.699 E534.80512
G1 X147.914 Y170.311 E534.81907
G1 X148.201 Y169.908 E534.83519
G1 X148.699 Y169.477 E534.85666
G1 X149.297 Y169.205 E534.87807
G1 X149.769 Y169.108 E534.89378
G1 X150.227 Y169.108 E534.90871
G1 X150.699 Y169.205 E534.92441
G1 X151.297 Y169.477 E534.94583
G1 X151.827 Y169.943 E534.96883
G1 X152.087 Y170.314 E534.9836
G1 X152.273 Y170.741 E534.99878
G1 X152.393 Y171.353 E535.01911
G1 X152.371 Y171.859 E535.03561
G1 X152.271 Y172.277 E535.04962
G1 X152.064 Y172.72 E535.06556
G1 X151.795 Y173.088 E535.08042
G1 X151.297 Y173.519 E535.10189
G1 X150.684 Y173.797 E535.12383
G1 X150.488 Y173.836 E535.13018
G0 F9600 X150.247 Y173.885
G0 X149.749 Y173.885
G0 X149.695 Y173.874
G0 X149.561 Y174.572
G0 X157.65 Y176.484
G0 X157.862 Y177.161
G0 X157.862 Y177.161 Z1.39
G1 F1800 X158.047 Y177.084 Z1.4 E535.13655
G1 X158.277 Y176.989 E535.14466
G1 X158.649 Y176.761 E535.15889
G1 X158.977 Y176.478 E535.17301
G1 X159.261 Y176.146 E535.18725
G1 X159.489 Y175.772 E535.20152
G1 X159.661 Y175.361 E535.21605
G1 X159.766 Y174.928 E535.23057
G1 X159.8 Y174.64 E535.24002
G1 X159.801 Y143.313 E536.26112
G1 X159.869 Y142.833 E536.27693
G1 X160.003 Y142.429 E536.2908
G1 X140.013 Y142.428 E536.94237
G1 X140.143 Y142.9 E536.95833
G1 X140.199 Y143.304 E536.97162
G1 X140.2 Y174.64 E537.99302
G1 X140.336 Y175.362 E538.01697
G1 X140.507 Y175.772 E538.03145
G1 X140.735 Y176.146 E538.04572
G1 X141.018 Y176.478 E538.05994
G1 X141.351 Y176.761 E538.07419
G1 X141.72 Y176.989 E538.08832
G1 X142.134 Y177.161 E538.10294
G1 X142.857 Y177.3 E538.12694
G1 X157.139 Y177.3 E538.59246
G1 X157.678 Y177.196 E538.61035
G0 F1620 X157.862 Y177.161
G0 X158.047 Y177.084
G0 F9600 X158.277 Y176.989
G0 X158.649 Y176.761
G0 X158.736 Y176.686
G1 F4200 E537.61035
G0 F9600 X158.275 Y176.148
G0 X153.432 Y170.75
G0 X150.858 Y168.001
;TYPE:FILL
G1 F2100 E538.61035
G1 F1800 X158.592 Y160.266 E538.9596
G1 X158.592 Y158.592 E539.01305
G1 X145.544 Y145.544 E539.60224
G1 X146.912 Y145.544 E539.64592
G1 X141.408 Y151.049 E539.89448
G1 X141.408 Y152.723 E539.94793
G1 X158.592 Y169.907 E540.72388
G1 X158.592 Y171.582 E540.77736
G1 X154.081 Y176.092 E540.98104
G1 X153.461 Y176.092 E541.00083
G1 X151.912 Y174.542 E541.0708
G1 X151.774 Y174.628 E541.07599
G1 X150.31 Y176.092 E541.1421
G1 X149.69 Y176.092 E541.1619
G1 X148.232 Y174.634 E541.22774
G1 X148.087 Y174.544 E541.23318
G1 X146.538 Y176.092 E541.30311
G1 X145.918 Y176.092 E541.3229
G1 X141.408 Y171.582 E541.52656
G1 X141.408 Y169.907 E541.58004
G1 X158.592 Y152.723 E542.35599
G1 X158.592 Y151.049 E542.40944
G1 X153.088 Y145.544 E542.658
G1 X154.455 Y145.544 E542.70165
G1 X141.408 Y158.592 E543.29081
G1 X141.408 Y160.266 E543.34426
G1 X149.141 Y167.999 E543.69345
G1 X148.953 Y168.035 E543.69956
G1 X148.04 Y168.45 E543.73158
G1 X147.394 Y169.008 E543.75884
G1 X146.95 Y169.58 E543.78196
G1 X141.408 Y164.038 E544.03221
G1 X141.408 Y162.364 E544.08566
G1 X158.227 Y145.544 E544.84515
G1 X156.86 Y145.544 E544.8888
G1 X158.592 Y147.277 E544.96703
G1 X158.592 Y148.951 E545.02048
G1 X141.408 Y166.135 E545.79643
G1 X141.408 Y167.81 E545.84992
G1 X146.838 Y173.24 E546.09511
G1 X146.562 Y172.609 E546.1171
G1 X146.51 Y172.348 E546.1256
G1 X142.795 Y176.063 E546.29335
G1 X142.497 Y176.005 E546.30305
G1 X142.064 Y175.782 E546.3186
G1 X141.716 Y175.435 E546.33429
G1 X141.493 Y174.999 E546.34993
G1 X141.408 Y174.565 E546.36405
G1 X141.408 Y173.679 E546.39234
G1 X158.592 Y156.495 E547.16829
G1 X158.592 Y154.82 E547.22177
G1 X149.316 Y145.544 E547.64063
G1 X150.684 Y145.544 E547.68431
G1 X141.408 Y154.82 E548.10317
G1 X141.408 Y156.495 E548.15666
G1 X158.592 Y173.679 E548.93261
G1 X158.592 Y174.562 E548.9608
G1 X158.508 Y174.99 E548.97473
G1 X158.284 Y175.427 E548.99041
G1 X157.927 Y175.787 E549.0066
G1 X157.494 Y176.006 E549.02209
G1 X157.204 Y176.063 E549.03153
G1 X153.494 Y172.352 E549.19907
G1 X153.422 Y172.648 E549.2088
G1 X153.157 Y173.245 E549.22966
G1 X158.592 Y167.81 E549.47508
G1 X158.592 Y166.135 E549.52856
G1 X141.408 Y148.951 E550.30451
G1 X141.408 Y147.277 E550.35796
G1 X143.14 Y145.544 E550.43619
G1 X141.773 Y145.544 E550.47984
G1 X158.592 Y162.364 E551.23933
G1 X158.592 Y164.038 E551.29278
G1 X153.041 Y169.589 E551.54344
G1 X152.805 Y169.234 E551.55705
G1 X152.596 Y169.004 E551.56698
G1 X151.959 Y168.451 E551.59391
G1 X151.04 Y168.034 E551.62613
G1 X150.338 Y167.905 E551.64892
G1 F4200 E550.64892
G0 F9600 X141.161 Y144.923
;TYPE:SKIN
G1 F2100 E551.64892
G1 F1710 X141.614 Y145.375 E551.66793
G0 F9600 X142.151 Y145.375
G1 F1710 X141.161 Y144.386 E551.70949
G0 F9600 X141.161 Y143.848
G1 F1710 X142.688 Y145.375 E551.77363
G0 F9600 X143.226 Y145.375
G1 F1710 X141.239 Y143.389 E551.85707
G0 F9600 X141.776 Y143.389
G1 F1710 X143.763 Y145.375 E551.94051
G0 F9600 X144.301 Y145.375
G1 F1710 X142.314 Y143.389 E552.02396
G0 F9600 X142.851 Y143.389
G1 F1710 X144.838 Y145.375 E552.1074
G0 F9600 X145.375 Y145.375
G1 F1710 X143.389 Y143.389 E552.19082
G0 F9600 X143.926 Y143.389
G1 F1710 X145.913 Y145.375 E552.27426
G0 F9600 X146.45 Y145.375
G1 F1710 X144.463 Y143.389 E552.3577
G0 F9600 X145.001 Y143.389
G1 F1710 X146.988 Y145.375 E552.44114
G0 F9600 X147.525 Y145.375
G1 F1710 X145.538 Y143.389 E552.52458
G0 F9600 X146.076 Y143.389
G1 F1710 X148.063 Y145.375 E552.60802
G0 F9600 X148.6 Y145.375
G1 F1710 X146.613 Y143.389 E552.69146
G0 F9600 X147.15 Y143.389
G1 F1710 X149.137 Y145.375 E552.7749
G0 F9600 X149.675 Y145.375
G1 F1710 X147.688 Y143.389 E552.85834
G0 F9600 X148.225 Y143.389
G1 F1710 X150.212 Y145.375 E552.94178
G0 F9600 X150.75 Y145.375
G1 F1710 X148.763 Y143.389 E553.02523
G0 F9600 X149.3 Y143.389
G1 F1710 X151.287 Y145.375 E553.10867
G0 F9600 X151.824 Y145.375
G1 F1710 X149.837 Y143.389 E553.19211
G0 F9600 X150.375 Y143.389
G1 F1710 X152.362 Y145.375 E553.27555
G0 F9600 X152.899 Y145.375
G1 F1710 X150.912 Y143.389 E553.35899
G0 F9600 X151.45 Y143.389
G1 F1710 X153.437 Y145.375 E553.44243
G0 F9600 X153.974 Y145.375
G1 F1710 X151.987 Y143.389 E553.52587
G0 F9600 X152.524 Y143.389
G1 F1710 X154.511 Y145.375 E553.60931
G0 F9600 X155.049 Y145.375
G1 F1710 X153.062 Y143.389 E553.69275
G0 F9600 X153.599 Y143.389
G1 F1710 X155.586 Y145.375 E553.77619
G0 F9600 X156.124 Y145.375
G1 F1710 X154.137 Y143.389 E553.85963
G0 F9600 X154.674 Y143.389
G1 F1710 X156.661 Y145.375 E553.94308
G0 F9600 X157.198 Y145.375
G1 F1710 X155.211 Y143.389 E554.02652
G0 F9600 X155.749 Y143.389
G1 F1710 X157.736 Y145.375 E554.10996
G0 F9600 X158.273 Y145.375
G1 F1710 X156.286 Y143.389 E554.1934
G0 F9600 X156.824 Y143.389
G1 F1710 X158.811 Y145.375 E554.27684
G0 F9600 X158.839 Y144.866
G1 F1710 X157.361 Y143.389 E554.3389
G0 F9600 X157.898 Y143.389
G1 F1710 X158.839 Y144.329 E554.3784
G0 F9600 X158.839 Y143.792
G1 F1710 X158.436 Y143.389 E554.39533
G0 F9600 X158.436 Y143.44
G1 F4200 E553.39533
G1 F1500 Z1.7
;MESH:NONMESH
G0 F9600 X158.436 Y143.44 Z1.7
G0 X161.057 Y141.138
;TIME_ELAPSED:735.373688
;LAYER:7
G0 X161.057 Y141.138 Z1.9
;TYPE:SUPPORT-INTERFACE
G1 F1500 Z1.405
G1 F2100 E554.39533
G1 F1173.9 X138.935 Y141.138 E555.22456
G1 F4200 E554.22456
G1 F1500 Z1.9
G0 F9600 X126.929 Y126.26 Z1.9
G0 X127.24 Y126.95
;TYPE:SUPPORT
G1 F1500 Z1.6
G1 F2100 E555.22456
G1 F1890 X126.911 Y126.532 E555.24016
G1 X126.564 Y126.26 E555.2531
G1 X126.929 Y126.26 E555.2638
G1 X127.091 Y126.292 E555.26865
G1 X127.174 Y126.354 E555.27169
G1 X127.24 Y126.572 E555.27837
G1 X127.24 Y126.95 E555.28946
G1 F4200 E554.28946
G1 F1500 Z1.9
G0 F9600 X173.355 Y126.331 Z1.9
G1 F1500 Z1.6
G1 F2100 E555.28946
G1 F1890 X173.444 Y126.26 E555.2928
G1 X173.355 Y126.26 E555.29541
G0 F9600 X173.863 Y126.06
;TYPE:SUPPORT-INTERFACE
G1 F1500 X176.242 Y121.94 E555.43497
G0 F9600 X175.711 Y121.94
G1 F1500 X178.089 Y126.059 E555.5745
G1 X178.02 Y126.061
G1 X180.399 Y121.939 E555.71411
G0 F9600 X179.868 Y121.94
G1 F1500 X182.246 Y126.06 E555.85366
G1 X182.177 Y126.06
G1 X182.37 Y125.725 E555.865
G0 F9600 X182.371 Y126
G1 F1500 X117.629 Y126 E557.76424
G0 F9600 X118.437 Y126.061
G1 F1500 X120.816 Y121.94 E557.90383
G0 F9600 X120.285 Y121.94
G1 F1500 X122.663 Y126.059 E558.04335
G1 X122.594 Y126.06
G1 X124.973 Y121.94 E558.18291
G0 F9600 X124.442 Y121.941
G1 F1500 X126.82 Y126.06 E558.32244
G1 X126.751 Y126.06
G1 X129.13 Y121.94 E558.462
G0 F9600 X128.599 Y121.94
G1 F1500 X133.56 Y130.533 E558.75308
G0 F9600 X133.56 Y130.8
G1 F1500 X127.44 Y130.8 E558.93261
G0 F9600 X127.44 Y131.933
G1 F1500 X132.71 Y141.061 E559.24181
G0 F9600 X133.332 Y141.062
G1 F1500 X136.29 Y135.939 E559.41535
G0 F9600 X136.682 Y135.94
G1 F1500 X139.55 Y140.908 E559.58363
G0 F9600 X138.963 Y140.909
G1 F1500 X141.832 Y135.94 E559.75195
G0 F9600 X142.225 Y135.94
G1 F1500 X145.093 Y140.908 E559.92023
G0 F9600 X144.506 Y140.908
G1 F1500 X147.375 Y135.94 E560.08852
G0 F9600 X147.767 Y135.94
G1 F1500 X150.635 Y140.908 E560.2568
G0 F9600 X150.048 Y140.908
G1 F1500 X152.917 Y135.939 E560.42512
G0 F9600 X153.31 Y135.941
G1 F1500 X156.177 Y140.907 E560.59334
G0 F9600 X155.591 Y140.908
G1 F1500 X158.46 Y135.939 E560.76166
G0 F9600 X158.852 Y135.94
G1 F1500 X161.948 Y141.303 E560.94332
G0 F9600 X162.379 Y141.152
G1 F1500 X165.432 Y135.864 E561.12244
G0 F9600 X165.677 Y135.76
G1 F1500 X168.737 Y141.06 E561.30197
G0 F9600 X169.372 Y141.04
G1 F1500 X172.56 Y135.518 E561.48902
G1 X172.56 Y135.6
G1 X165.898 Y135.6 E561.68445
G0 F9600 X166.414 Y134.637
G1 F1500 X170.031 Y140.903 E561.89669
G0 F9600 X171.062 Y140.4
G1 F1500 X128.937 Y140.4 E563.13245
G0 F9600 X129.396 Y140.68
G1 F1500 X133.56 Y133.468 E563.37675
G0 F9600 X133.56 Y133.2
G1 F1500 X127.44 Y133.2 E563.55628
G0 F9600 X127.44 Y134.332
G1 F1500 X131.324 Y141.06 E563.78418
G0 F9600 X131.947 Y141.061
G1 F1500 X134.915 Y135.92 E563.95832
G0 F9600 X135.296 Y135.94
G1 F1500 X138.457 Y141.414 E564.14375
G0 F9600 X137.458 Y141.116
G1 F1500 X140.447 Y135.939 E564.31912
G0 F9600 X140.839 Y135.94
G1 F1500 X143.707 Y140.908 E564.4874
G0 F9600 X143.12 Y140.908
G1 F1500 X145.989 Y135.939 E564.65572
G0 F9600 X146.381 Y135.94
G1 F1500 X149.249 Y140.907 E564.82397
G0 F9600 X148.663 Y140.909
G1 F1500 X151.532 Y135.939 E564.99232
G0 F9600 X151.924 Y135.94
G1 F1500 X154.792 Y140.907 E565.16057
G0 F9600 X154.206 Y140.908
G1 F1500 X157.074 Y135.94 E565.32885
G0 F9600 X157.467 Y135.94
G1 F1500 X160.335 Y140.908 E565.49713
G0 F9600 X159.748 Y140.908
G1 F1500 X162.617 Y135.94 E565.66543
G0 F9600 X163.009 Y135.94
G1 F1500 X165.966 Y141.061 E565.8389
G0 F9600 X166.588 Y141.062
G1 F1500 X172.559 Y130.719 E566.18925
G1 X172.56 Y130.8
G1 X166.44 Y130.8 E566.36878
G0 F9600 X166.44 Y131.718
G1 F1500 X172.085 Y121.939 E566.70002
G0 F9600 X171.554 Y121.941
G1 F1500 X173.932 Y126.06 E566.83954
G0 F9600 X172.658 Y126.253
G1 F1500 X170.169 Y121.941 E566.9856
G0 F9600 X170.7 Y121.94
G1 F1500 X166.44 Y129.318 E567.23552
G0 F9600 X166.44 Y129.6
G1 F1500 X172.56 Y129.6 E567.41505
G0 F9600 X172.56 Y128.483
G1 F1500 X168.783 Y121.94 E567.63668
G0 F9600 X169.314 Y121.94
G1 F1500 X166.066 Y127.565 E567.82723
G0 F9600 X165.568 Y127.2
G1 F1500 X172.56 Y127.2 E568.03234
G0 F9600 X172.56 Y128.318
G1 F1500 X165.202 Y141.062 E568.46403
G0 F9600 X164.58 Y141.061
G1 F1500 X161.624 Y135.941 E568.63746
G0 F9600 X161.231 Y135.94
G1 F1500 X158.362 Y140.908 E568.80576
G0 F9600 X158.949 Y140.908
G1 F1500 X156.081 Y135.94 E568.97404
G0 F9600 X155.688 Y135.94
G1 F1500 X152.82 Y140.908 E569.14232
G0 F9600 X153.406 Y140.908
G1 F1500 X150.538 Y135.94 E569.3106
G0 F9600 X150.146 Y135.939
G1 F1500 X147.277 Y140.909 E569.47894
G0 F9600 X147.864 Y140.907
G1 F1500 X144.996 Y135.941 E569.64717
G0 F9600 X144.604 Y135.939
G1 F1500 X141.735 Y140.908 E569.81549
G0 F9600 X142.321 Y140.907
G1 F1500 X139.453 Y135.94 E569.98375
G0 F9600 X139.061 Y135.939
G1 F1500 X136.102 Y141.064 E570.15735
G0 F9600 X135.482 Y141.063
G1 F1500 X127.44 Y127.133 E570.6292
G1 X127.44 Y127.2
G1 X134.397 Y127.2 E570.83329
G1 X134.405 Y127.196
G1 X131.371 Y121.941 E571.0113
G0 F9600 X131.902 Y121.94
G1 F1500 X127.441 Y129.666 E571.27301
G1 X127.44 Y129.6
G1 X133.56 Y129.6 E571.45254
G0 F9600 X133.559 Y128.669
G1 F1500 X127.702 Y138.814 E571.79619
G0 F9600 X127.877 Y139.2
G1 F1500 X172.122 Y139.2 E573.09413
G0 F9600 X171.967 Y139.455
G1 F1500 X166.44 Y129.882 E573.41841
G0 F9600 X166.427 Y128.4
G1 F1500 X172.56 Y128.4 E573.59832
G1 F4200 E572.59832
G1 F1500 Z1.9
G0 F9600 X172.56 Y130.883 Z1.9
G1 F1500 Z1.6
G1 F2100 E573.59832
G1 F1500 X167.397 Y121.94 E573.90125
G0 F9600 X167.928 Y121.94
G1 F1500 X164.971 Y127.062 E574.07475
G1 X164.81 Y127.059
G1 X161.855 Y121.941 E574.24812
G0 F9600 X162.386 Y121.94
G1 F1500 X159.429 Y127.06 E574.42156
G1 X159.267 Y127.059
G1 X156.312 Y121.941 E574.59493
G0 F9600 X156.843 Y121.939
G1 F1500 X153.887 Y127.06 E574.76839
G1 X153.725 Y127.059
G1 X150.769 Y121.94 E574.94179
G0 F9600 X151.3 Y121.94
G1 F1500 X148.344 Y127.061 E575.11525
G1 X148.182 Y127.06
G1 X145.227 Y121.94 E575.28867
G0 F9600 X145.758 Y121.94
G1 F1500 X142.801 Y127.061 E575.46214
G1 X142.64 Y127.059
G1 X139.685 Y121.941 E575.63551
G0 F9600 X140.216 Y121.94
G1 F1500 X137.259 Y127.06 E575.80896
G1 X137.097 Y127.059
G1 X134.142 Y121.941 E575.98232
G0 F9600 X134.673 Y121.94
G1 F1500 X127.441 Y134.466 E576.40663
G1 X127.44 Y134.4
G1 X133.56 Y134.4 E576.58616
G0 F9600 X133.858 Y135.352
G1 F1500 X130.577 Y141.034 E576.77864
G0 F9600 X129.82 Y140.854
G1 F1500 X127.44 Y136.733 E576.91824
G1 X127.44 Y136.8
G1 X172.56 Y136.8 E578.24186
G0 F9600 X172.561 Y135.684
G1 F1500 X164.626 Y121.94 E578.70742
G0 F9600 X165.157 Y121.939
G1 F1500 X162.201 Y127.06 E578.88087
G1 X162.039 Y127.059
G1 X159.083 Y121.94 E579.05428
G0 F9600 X159.614 Y121.94
G1 F1500 X156.658 Y127.061 E579.22774
G1 X156.496 Y127.06
G1 X153.541 Y121.941 E579.40113
G0 F9600 X154.072 Y121.94
G1 F1500 X151.115 Y127.061 E579.5746
G1 X150.953 Y127.059
G1 X147.998 Y121.941 E579.74797
G0 F9600 X148.529 Y121.94
G1 F1500 X145.573 Y127.06 E579.9214
G1 X145.411 Y127.059
G1 X142.455 Y121.94 E580.09481
G0 F9600 X142.986 Y121.94
G1 F1500 X140.03 Y127.06 E580.26824
G1 X139.869 Y127.059
G1 X136.913 Y121.94 E580.44165
G0 F9600 X137.444 Y121.94
G1 F1500 X134.411 Y127.193 E580.61959
G0 F9600 X133.608 Y128.217
G1 F1500 X129.985 Y121.94 E580.8322
G0 F9600 X130.516 Y121.94
G1 F1500 X127.44 Y127.267 E581.01265
G0 F9600 X127.44 Y128.4
G1 F1500 X133.58 Y128.4 E581.19277
G1 F4200 E580.19277
G1 F1500 Z1.9
G0 F9600 X135.711 Y127.059 Z1.9
G1 F1500 Z1.6
G1 F2100 E581.19277
G1 F1500 X132.756 Y121.941 E581.36614
G0 F9600 X133.287 Y121.939
G1 F1500 X127.44 Y132.067 E581.70921
G1 X127.44 Y132
G1 X133.56 Y132 E581.88874
G0 F9600 X133.559 Y131.069
G1 F1500 X128.429 Y139.955 E582.18973
G1 F4200 E581.18973
G1 F1500 Z1.9
G0 F9600 X127.476 Y138 Z1.9
G1 F1500 Z1.6
G1 F2100 E582.18973
G1 F1500 X172.523 Y138 E583.51121
G1 X172.521 Y138.016
G1 X163.24 Y121.941 E584.05573
G0 F9600 X163.771 Y121.94
G1 F1500 X160.815 Y127.06 E584.22916
G1 X160.653 Y127.059
G1 X157.698 Y121.94 E584.40255
G0 F9600 X158.229 Y121.939
G1 F1500 X155.273 Y127.06 E584.57601
G1 X155.111 Y127.059
G1 X152.155 Y121.94 E584.74942
G0 F9600 X152.686 Y121.94
G1 F1500 X149.73 Y127.061 E584.92288
G1 X149.568 Y127.059
G1 X146.613 Y121.941 E585.09624
G0 F9600 X147.144 Y121.94
G1 F1500 X144.187 Y127.06 E585.26969
G1 X144.025 Y127.059
G1 X141.07 Y121.941 E585.44306
G0 F9600 X141.601 Y121.939
G1 F1500 X138.645 Y127.06 E585.61652
G1 X138.483 Y127.059
G1 X135.527 Y121.94 E585.78992
G0 F9600 X136.058 Y121.94
G1 F1500 X127.44 Y136.867 E586.29555
G0 F9600 X127.44 Y135.6
G1 F1500 X134.085 Y135.6 E586.49049
G1 F4200 E585.49049
G1 F1500 Z1.9
G0 F9600 X133.56 Y132.933 Z1.9
G1 F1500 Z1.6
G1 F2100 E586.49049
G1 F1500 X127.213 Y121.94 E586.86286
G0 F9600 X127.744 Y121.94
G1 F1500 X125.365 Y126.061 E587.00245
G1 X125.435 Y126.059
G1 X123.057 Y121.941 E587.14195
G0 F9600 X123.588 Y121.94
G1 F1500 X121.209 Y126.06 E587.28152
G1 X121.278 Y126.059
G1 X118.9 Y121.941 E587.42101
G0 F9600 X119.431 Y121.94
G1 F1500 X117.631 Y125.058 E587.52663
G0 F9600 X117.629 Y124.8
G1 F1500 X182.371 Y124.8 E589.42586
G0 F9600 X182.371 Y123.876
G1 F1500 X181.253 Y121.94 E589.49145
G0 F9600 X181.785 Y121.939
G1 F1500 X179.405 Y126.061 E589.63108
G1 X179.475 Y126.059
G1 X177.097 Y121.941 E589.77058
G0 F9600 X177.628 Y121.94
G1 F1500 X175.249 Y126.06 E589.91014
G1 X175.318 Y126.06
G1 X172.94 Y121.94 E590.04969
G0 F9600 X173.471 Y121.939
G1 F1500 X166.44 Y134.117 E590.4622
G0 F9600 X166.44 Y134.4
G1 F1500 X172.56 Y134.4 E590.64174
G0 F9600 X172.56 Y133.283
G1 F1500 X166.011 Y121.94 E591.02597
G0 F9600 X166.543 Y121.939
G1 F1500 X163.586 Y127.061 E591.19946
G1 X163.424 Y127.06
G1 X160.469 Y121.94 E591.37288
G0 F9600 X161 Y121.94
G1 F1500 X158.043 Y127.061 E591.54636
G1 X157.882 Y127.059
G1 X154.927 Y121.941 E591.71972
G0 F9600 X155.458 Y121.94
G1 F1500 X152.501 Y127.06 E591.89317
G1 X152.339 Y127.059
G1 X149.384 Y121.94 E592.06656
G0 F9600 X149.915 Y121.939
G1 F1500 X146.959 Y127.06 E592.24002
G1 X146.797 Y127.059
G1 X143.841 Y121.94 E592.41343
G0 F9600 X144.372 Y121.94
G1 F1500 X141.416 Y127.061 E592.58689
G1 X141.254 Y127.06
G1 X138.299 Y121.941 E592.76028
G0 F9600 X138.83 Y121.94
G1 F1500 X135.873 Y127.061 E592.93375
G1 F4200 E591.93375
G1 F1500 Z1.9
G0 F9600 X127.44 Y129.532 Z1.9
G1 F1500 Z1.6
G1 F2100 E592.93375
G1 F1500 X134.096 Y141.062 E593.3243
G0 F9600 X134.717 Y141.063
G1 F1500 X137.675 Y135.939 E593.49786
G0 F9600 X138.067 Y135.94
G1 F1500 X140.935 Y140.907 E593.66612
G0 F9600 X140.349 Y140.909
G1 F1500 X143.218 Y135.939 E593.83447
G0 F9600 X143.61 Y135.94
G1 F1500 X146.478 Y140.908 E594.00275
G0 F9600 X145.892 Y140.908
G1 F1500 X148.76 Y135.94 E594.17103
G0 F9600 X149.153 Y135.94
G1 F1500 X152.021 Y140.908 E594.33931
G0 F9600 X151.434 Y140.908
G1 F1500 X154.303 Y135.94 E594.5076
G0 F9600 X154.695 Y135.94
G1 F1500 X157.563 Y140.907 E594.67586
G0 F9600 X156.977 Y140.908
G1 F1500 X159.846 Y135.939 E594.84418
G0 F9600 X160.238 Y135.941
G1 F1500 X163.195 Y141.061 E595.01762
G0 F9600 X163.816 Y141.063
G1 F1500 X174.857 Y121.939 E595.66542
G0 F9600 X174.325 Y121.94
G1 F1500 X176.703 Y126.059 E595.80494
G1 X176.634 Y126.061
G1 X179.013 Y121.94 E595.94453
G0 F9600 X178.482 Y121.941
G1 F1500 X180.86 Y126.06 E596.08406
G1 X180.791 Y126.06
G1 X182.37 Y123.326 E596.17667
G0 F9600 X182.371 Y123.6
G1 F1500 X117.629 Y123.6 E598.07591
G0 F9600 X117.629 Y122.66
G1 F1500 X118.045 Y121.94 E598.1003
G0 F9600 X117.629 Y122.14
G1 F1500 X119.892 Y126.06 E598.23308
G1 X119.823 Y126.06
G1 X122.202 Y121.94 E598.37265
G0 F9600 X121.671 Y121.94
G1 F1500 X124.049 Y126.059 E598.51217
G1 X123.98 Y126.06
G1 X126.359 Y121.94 E598.65174
G0 F9600 X125.828 Y121.941
G1 F1500 X136.869 Y141.064 E599.29951
G1 F4200 E598.29951
G1 F1500 Z1.9
G0 F9600 X118.507 Y126.059 Z1.9
G1 F1500 Z1.6
G1 F2100 E599.29951
G1 F1500 X117.63 Y124.54 E599.35096
G1 F4200 E598.35096
G1 F1500 Z1.9
G0 F9600 X117.629 Y122.4 Z1.9
G1 F1500 Z1.6
G1 F2100 E599.35096
G1 F1500 X182.371 Y122.4 E601.2502
G1 F4200 E600.2502
G1 F1500 Z1.9
G0 F9600 X172.56 Y132 Z1.9
G1 F1500 Z1.6
G1 F2100 E601.2502
G1 F1500 X166.44 Y132 E601.42973
G0 F9600 X166.439 Y132.282
G1 F1500 X171.108 Y140.369 E601.70367
G1 X171.181 Y140.306
G1 X172.525 Y137.977 E601.78255
G1 F4200 E600.78255
G1 F1500 Z1.9
G0 F9600 X172.56 Y133.2 Z1.9
G1 F1500 Z1.6
G1 F2100 E601.78255
G1 F1500 X166.44 Y133.2 E601.96208
G1 F4200 E600.96208
G1 F1500 Z1.9
G0 F9600 X164.395 Y135.94 Z1.9
G1 F1500 Z1.6
G1 F2100 E601.96208
G1 F1500 X167.351 Y141.061 E602.13554
G0 F9600 X167.973 Y141.061
G1 F1500 X172.559 Y133.118 E602.4046
G1 F4200 E601.4046
G1 F1500 Z1.9
G0 F9600 X164.002 Y135.94 Z1.9
G1 F1500 Z1.6
G1 F2100 E602.4046
G1 F1500 X161.134 Y140.908 E602.57288
G1 F4200 E601.57288
G1 F1500 Z1.9
;MESH:LC-GR3005??????RFID?????????-WB.stl
G0 F9600 X150.952 Y174.551 Z1.9
;TYPE:WALL-INNER
G1 F1500 Z1.6
G1 F2100 E602.57288
G1 F1800 X150.3 Y174.691 E602.59417
G1 X149.595 Y174.67 E602.61669
G1 X148.966 Y174.519 E602.63735
G1 X148.394 Y174.259 E602.65741
G1 X148.153 Y174.105 E602.66654
G1 X147.677 Y173.693 E602.68664
G1 X147.513 Y173.511 E602.69446
G1 X147.186 Y173.017 E602.71338
G1 X146.954 Y172.49 E602.73176
G1 X146.795 Y171.678 E602.75818
G1 X146.847 Y170.95 E602.78149
G1 X147.008 Y170.363 E602.80092
G1 X147.188 Y169.975 E602.81458
G1 X147.513 Y169.485 E602.83335
G1 X147.677 Y169.303 E602.84118
G1 X148.262 Y168.797 E602.86587
G1 X149.077 Y168.426 E602.89447
G1 X149.695 Y168.312 E602.91453
G1 X150.305 Y168.306 E602.93401
G1 X150.917 Y168.433 E602.95397
G1 X151.731 Y168.794 E602.9824
G1 X152.319 Y169.303 E603.00723
G1 X152.719 Y169.814 E603.02795
G1 X153.034 Y170.463 E603.05099
G1 X153.202 Y171.322 E603.07893
G1 X153.149 Y172.044 E603.10205
G1 X153.034 Y172.52 E603.11768
G1 X152.808 Y173.025 E603.13535
G1 X152.42 Y173.605 E603.15763
G1 X151.843 Y174.105 E603.18201
G1 X151.602 Y174.259 E603.19114
G1 X150.952 Y174.551 E603.21389
G0 F9600 X150.818 Y174.174
G1 F1800 X150.324 Y174.277 E603.23001
G1 X149.788 Y174.288 E603.24712
G1 X149.202 Y174.187 E603.26611
G1 X148.482 Y173.86 E603.29136
G1 X147.88 Y173.339 E603.31678
G1 X147.55 Y172.851 E603.33559
G1 X147.348 Y172.398 E603.35143
G1 X147.197 Y171.651 E603.37576
G1 X147.236 Y171.043 E603.39521
G1 X147.371 Y170.531 E603.41212
G1 X147.551 Y170.143 E603.42578
G1 X147.881 Y169.657 E603.44453
G1 X148.483 Y169.135 E603.46998
G1 X149.199 Y168.815 E603.49502
G1 X149.732 Y168.71 E603.51236
G1 X150.208 Y168.707 E603.52756
G1 X150.797 Y168.815 E603.54668
G1 X151.51 Y169.14 E603.5717
G1 X152.115 Y169.656 E603.59709
G1 X152.452 Y170.15 E603.61618
G1 X152.665 Y170.664 E603.63395
G1 X152.8 Y171.351 E603.65631
G1 X152.76 Y171.951 E603.67551
G1 X152.652 Y172.398 E603.69019
G1 X152.445 Y172.857 E603.70627
G1 X152.117 Y173.338 E603.72486
G1 X151.513 Y173.861 E603.75037
G1 X150.818 Y174.174 E603.7747
G0 F9600 X150.948 Y174.461
G0 X157.615 Y176.397
G1 F1800 X157.913 Y176.273 E603.78501
G1 X158.176 Y176.113 E603.79484
G1 X158.408 Y175.912 E603.80464
G1 X158.611 Y175.675 E603.8146
G1 X158.774 Y175.408 E603.82459
G1 X158.898 Y175.11 E603.8349
G1 X159 Y174.594 E603.85169
G1 X159.004 Y143.324 E604.85014
G1 X159.08 Y142.768 E604.86805
G1 X140.93 Y142.769 E605.44758
G1 X141 Y143.34 E605.46595
G1 X141 Y174.594 E606.46388
G1 X141.1 Y175.115 E606.48082
G1 X141.222 Y175.408 E606.49095
G1 X141.385 Y175.675 E606.50094
G1 X141.586 Y175.91 E606.51081
G1 X141.823 Y176.113 E606.52078
G1 X142.085 Y176.274 E606.5306
G1 X142.381 Y176.397 E606.54083
G1 X142.907 Y176.5 E606.55795
G1 X157.089 Y176.5 E607.01077
G1 X157.232 Y176.472 E607.01543
G0 F1620 X157.615 Y176.397
G0 F9600 X157.738 Y176.779
G1 F1800 X158.095 Y176.631 E607.02776
G1 X158.413 Y176.437 E607.03966
G1 X158.693 Y176.195 E607.05148
G1 X158.936 Y175.91 E607.06343
G1 X159.131 Y175.59 E607.0754
G1 X159.28 Y175.236 E607.08766
G1 X159.4 Y174.617 E607.1078
G1 X159.404 Y143.272 E608.10863
G1 X159.511 Y142.605 E608.1302
G1 X159.585 Y142.368 E608.13813
G1 X140.404 Y142.368 E608.75057
G1 X140.539 Y142.85 E608.76656
G1 X140.595 Y143.258 E608.77971
G1 X140.6 Y174.617 E609.78099
G1 X140.718 Y175.239 E609.8012
G1 X140.865 Y175.59 E609.81336
G1 X141.06 Y175.91 E609.82532
G1 X141.302 Y176.194 E609.83723
G1 X141.587 Y176.437 E609.84919
G1 X141.902 Y176.631 E609.86101
G1 X142.258 Y176.779 E609.87332
G1 X142.882 Y176.9 E609.89361
G1 X157.114 Y176.9 E610.34803
G1 X157.355 Y176.853 E610.35587
G0 F1620 X157.738 Y176.779
G0 F9600 X157.862 Y177.161
G0 X157.862 Y177.161 Z1.59
;TYPE:WALL-OUTER
G1 F1800 X158.047 Y177.084 Z1.6 E610.36225
G1 X158.277 Y176.989 E610.37036
G1 X158.649 Y176.761 E610.38458
G1 X158.977 Y176.478 E610.3987
G1 X159.261 Y176.146 E610.41294
G1 X159.489 Y175.772 E610.42722
G1 X159.661 Y175.361 E610.44174
G1 X159.766 Y174.928 E610.45627
G1 X159.8 Y174.64 E610.46572
G1 X159.806 Y143.292 E611.48751
G1 X159.915 Y142.632 E611.50931
G1 X160.069 Y142.214 E611.52383
G1 X160.206 Y141.969 E611.53298
G1 X139.791 Y141.968 E612.1984
G1 X139.965 Y142.291 E612.21036
G1 X140.143 Y142.904 E612.23117
G1 X140.199 Y143.312 E612.24459
G1 X140.2 Y174.64 E613.26573
G1 X140.336 Y175.362 E613.28967
G1 X140.507 Y175.772 E613.30415
G1 X140.735 Y176.146 E613.31843
G1 X141.018 Y176.478 E613.33265
G1 X141.351 Y176.761 E613.34689
G1 X141.72 Y176.989 E613.36103
G1 X142.134 Y177.161 E613.37565
G1 X142.857 Y177.3 E613.39964
G1 X157.139 Y177.3 E613.86516
G1 X157.678 Y177.196 E613.88306
G0 F1620 X157.862 Y177.161
G0 X158.047 Y177.084
G0 F9600 X158.277 Y176.989
G0 X158.649 Y176.761
G0 X158.736 Y176.686
G0 X158.275 Y176.148
G0 X150.979 Y174.446
G0 X150.684 Y173.797
G0 X150.684 Y173.797 Z1.59
G1 F1800 X150.488 Y173.836 Z1.6 E613.88942
G1 X150.247 Y173.885 E613.89743
G1 X149.749 Y173.885 E613.91366
G1 X149.297 Y173.791 E613.92871
G1 X148.698 Y173.519 E613.95015
G1 X148.168 Y173.051 E613.9732
G1 X147.914 Y172.684 E613.98775
G1 X147.729 Y172.277 E614.00232
G1 X147.603 Y171.643 E614.02339
G1 X147.625 Y171.137 E614.0399
G1 X147.734 Y170.699 E614.05461
G1 X147.914 Y170.311 E614.06855
G1 X148.201 Y169.908 E614.08468
G1 X148.699 Y169.477 E614.10615
G1 X149.297 Y169.205 E614.12756
G1 X149.769 Y169.108 E614.14327
G1 X150.247 Y169.111 E614.15885
G1 X150.699 Y169.205 E614.1739
G1 X151.296 Y169.478 E614.19529
G1 X151.827 Y169.943 E614.2183
G1 X152.087 Y170.314 E614.23307
G1 X152.273 Y170.741 E614.24825
G1 X152.397 Y171.392 E614.26985
G1 X152.371 Y171.859 E614.28509
G1 X152.271 Y172.277 E614.2991
G1 X152.064 Y172.72 E614.31504
G1 X151.795 Y173.088 E614.3299
G1 X151.297 Y173.519 E614.35137
G1 X150.684 Y173.797 E614.3733
G1 X150.488 Y173.836 E614.37966
G0 F9600 X150.247 Y173.885
G0 X149.749 Y173.885
G0 X149.695 Y173.874
G0 X149.561 Y174.572
G0 X148.232 Y174.634
;TYPE:FILL
G1 F1800 X149.69 Y176.092 E614.44549
G1 X146.538 Y176.092 E614.54613
G1 X148.087 Y174.544 E614.61606
G1 X148.211 Y174.624 E614.62077
G1 X148.807 Y174.895 E614.64167
G1 X149.1 Y174.99 E614.65151
G1 X149.776 Y175.097 E614.67336
G1 X150.465 Y175.072 E614.69538
G1 X151.085 Y174.938 E614.71563
G1 X151.774 Y174.628 E614.73975
G1 X150.31 Y176.092 E614.80586
G1 X153.461 Y176.092 E614.90647
G1 X151.912 Y174.542 E614.97644
G1 X152.099 Y174.423 E614.98352
G1 X152.595 Y173.993 E615.00448
G1 X152.807 Y173.76 E615.01454
G1 X153.136 Y173.266 E615.03349
G1 X158.593 Y167.809 E615.2799
G1 X158.593 Y169.908 E615.34692
G1 X141.408 Y152.723 E616.12292
G1 X141.408 Y154.82 E616.18987
G1 X151.145 Y145.083 E616.62955
G1 X152.627 Y145.083 E616.67687
G1 X158.595 Y151.051 E616.94636
G1 X158.595 Y148.949 E617.01348
G1 X141.408 Y166.135 E617.78954
G1 X141.408 Y164.038 E617.8565
G1 X146.95 Y169.58 E618.10675
G1 X147.394 Y169.008 E618.12987
G1 X148.04 Y168.45 E618.15713
G1 X148.953 Y168.035 E618.18915
G1 X149.141 Y167.999 E618.19526
G1 X141.408 Y160.266 E618.54445
G1 X141.408 Y162.364 E618.61144
G1 X158.595 Y145.177 E619.38752
G1 X158.596 Y147.28 E619.45467
G1 X156.399 Y145.083 E619.55388
G1 X154.917 Y145.083 E619.6012
G1 X141.408 Y158.592 E620.2112
G1 X141.408 Y156.495 E620.27816
G1 X158.593 Y173.68 E621.05416
G1 X158.592 Y171.582 E621.12114
G1 X154.081 Y176.092 E621.32482
G1 X157.055 Y176.092 E621.41978
G1 X157.204 Y176.063 E621.42462
G1 X153.494 Y172.352 E621.59217
G1 X153.55 Y172.122 E621.59973
G1 X153.612 Y171.298 E621.62612
G1 X153.455 Y170.49 E621.6524
G1 X153.185 Y169.808 E621.67582
G1 X153.041 Y169.589 E621.68419
G1 X158.593 Y164.037 E621.93489
G1 X158.593 Y166.137 E622.00194
G1 X141.408 Y148.951 E622.77796
G1 X141.408 Y151.049 E622.84495
G1 X147.374 Y145.083 E623.11435
G1 X148.855 Y145.083 E623.16164
G1 X158.595 Y154.823 E623.60145
G1 X158.594 Y152.721 E623.66857
G1 X141.408 Y169.907 E624.44461
G1 X141.408 Y167.81 E624.51156
G1 X146.838 Y173.24 E624.75676
G1 X146.562 Y172.609 E624.77875
G1 X146.51 Y172.348 E624.78725
G1 X142.795 Y176.063 E624.955
G1 X142.941 Y176.092 E624.95975
G1 X145.918 Y176.092 E625.05481
G1 X141.408 Y171.582 E625.25846
G1 X141.408 Y173.679 E625.32541
G1 X158.594 Y156.493 E626.10146
G1 X158.594 Y158.594 E626.16854
G1 X145.083 Y145.083 E626.77864
G1 X143.602 Y145.083 E626.82592
G1 X141.408 Y147.277 E626.92499
G1 X141.408 Y145.18 E626.99195
G1 X158.594 Y162.366 E627.76799
G1 X158.593 Y160.265 E627.83508
G1 X150.858 Y168.001 E628.18438
G1 X150.339 Y167.904 E628.20124
G1 F4200 E627.20124
G0 F9600 X158.843 Y144.789
;TYPE:SKIN
G1 F2100 E628.20124
G1 F1710 X158.717 Y144.914 E628.20651
G0 F9600 X158.18 Y144.914
G1 F1710 X158.843 Y144.251 E628.23436
G0 F9600 X158.843 Y143.714
G1 F1710 X157.642 Y144.914 E628.28478
G0 F9600 X157.105 Y144.914
G1 F1710 X158.862 Y143.157 E628.35858
G0 F9600 X158.553 Y142.929
G1 F1710 X156.568 Y144.914 E628.44196
G0 F9600 X156.03 Y144.914
G1 F1710 X158.016 Y142.929 E628.52536
G0 F9600 X157.478 Y142.929
G1 F1710 X155.493 Y144.914 E628.60874
G0 F9600 X154.955 Y144.914
G1 F1710 X156.941 Y142.929 E628.69214
G0 F9600 X156.404 Y142.929
G1 F1710 X154.418 Y144.914 E628.77554
G0 F9600 X153.881 Y144.914
G1 F1710 X155.866 Y142.929 E628.85891
G0 F9600 X155.329 Y142.929
G1 F1710 X153.343 Y144.914 E628.94231
G0 F9600 X152.806 Y144.914
G1 F1710 X154.791 Y142.929 E629.02569
G0 F9600 X154.254 Y142.929
G1 F1710 X152.268 Y144.914 E629.10909
G0 F9600 X151.731 Y144.914
G1 F1710 X153.717 Y142.929 E629.19249
G0 F9600 X153.179 Y142.929
G1 F1710 X151.194 Y144.914 E629.27587
G0 F9600 X150.656 Y144.914
G1 F1710 X152.642 Y142.929 E629.35926
G0 F9600 X152.104 Y142.929
G1 F1710 X150.119 Y144.914 E629.44264
G0 F9600 X149.581 Y144.914
G1 F1710 X151.567 Y142.929 E629.52604
G0 F9600 X151.03 Y142.929
G1 F1710 X149.044 Y144.914 E629.60944
G0 F9600 X148.507 Y144.914
G1 F1710 X150.492 Y142.929 E629.69282
G0 F9600 X149.954 Y142.93
G1 F1710 X147.969 Y144.914 E629.77618
G0 F9600 X147.432 Y144.914
G1 F1710 X149.417 Y142.93 E629.85953
G0 F9600 X148.879 Y142.93
G1 F1710 X146.894 Y144.914 E629.94289
G0 F9600 X146.357 Y144.914
G1 F1710 X148.342 Y142.93 E630.02625
G0 F9600 X147.804 Y142.93
G1 F1710 X145.82 Y144.914 E630.10958
G0 F9600 X145.282 Y144.914
G1 F1710 X147.267 Y142.93 E630.19294
G0 F9600 X146.73 Y142.93
G1 F1710 X144.745 Y144.914 E630.2763
G0 F9600 X144.207 Y144.914
G1 F1710 X146.192 Y142.93 E630.35965
G0 F9600 X145.655 Y142.93
G1 F1710 X143.67 Y144.914 E630.44301
G0 F9600 X143.133 Y144.914
G1 F1710 X145.117 Y142.93 E630.52635
G0 F9600 X144.58 Y142.93
G1 F1710 X142.595 Y144.914 E630.6097
G0 F9600 X142.058 Y144.914
G1 F1710 X144.043 Y142.93 E630.69306
G0 F9600 X143.505 Y142.93
G1 F1710 X141.52 Y144.914 E630.77642
G0 F9600 X141.161 Y144.736
G1 F1710 X142.968 Y142.93 E630.8523
G0 F9600 X142.43 Y142.93
G1 F1710 X141.161 Y144.199 E630.9056
G0 F9600 X141.161 Y143.661
G1 F1710 X141.893 Y142.93 E630.93633
G0 F9600 X141.356 Y142.93
G1 F1710 X141.141 Y143.145 E630.94536
G0 F9600 X141.193 Y143.14
G1 F4200 E629.94536
G1 F1500 Z1.9
;MESH:NONMESH
G0 F9600 X141.194 Y143.142 Z1.9
G0 X160.846 Y140.676
;TIME_ELAPSED:842.966900
;LAYER:8
G0 X160.846 Y140.676 Z2.1
;TYPE:SUPPORT-INTERFACE
G1 F1500 Z1.605
G1 F2100 E630.94536
G1 F1163.8 X139.139 Y140.676 E631.7661
G0 F9600 X138.457 Y141.414
G1 F1500 X138.035 Y140.684 E631.79084
G1 F4200 E630.79084
G1 F1500 Z1.905
G0 F9600 X161.175 Y140.837 Z1.905
G1 F1500 Z1.605
G1 F2100 E631.79084
G1 F1500 X161.401 Y140.446 E631.80408
G1 X161.454 Y140.446
G1 X161.954 Y141.312 E631.83342
G1 F4200 E630.83342
G1 F1500 Z2.1
G0 F9600 X126.928 Y126.26 Z2.1
G0 X127.24 Y126.93
;TYPE:SUPPORT
G1 F1500 Z1.8
G1 F2100 E631.83342
G1 F1890 X127.067 Y126.68 E631.84234
G1 X126.747 Y126.376 E631.85529
G1 X126.564 Y126.26 E631.86164
G1 X126.928 Y126.26 E631.87232
G1 X127.086 Y126.291 E631.87704
G1 X127.178 Y126.36 E631.88042
G1 X127.24 Y126.572 E631.8869
G1 X127.24 Y126.93 E631.8974
G1 F4200 E630.8974
G1 F1500 Z2.1
G0 F9600 X173.355 Y126.313 Z2.1
G1 F1500 Z1.8
G1 F2100 E631.8974
G1 F1890 X173.432 Y126.26 E631.90014
G1 X173.355 Y126.26 E631.9024
G0 F9600 X173.863 Y126.061
;TYPE:SUPPORT-INTERFACE
G1 F1500 X176.242 Y121.94 E632.04199
G0 F9600 X175.711 Y121.94
G1 F1500 X178.089 Y126.059 E632.18151
G1 X178.02 Y126.061
G1 X180.399 Y121.939 E632.32113
G0 F9600 X179.868 Y121.94
G1 F1500 X182.246 Y126.06 E632.46068
G1 X182.176 Y126.061
G1 X182.411 Y125.655 E632.47444
G0 F9600 X182.411 Y126
G1 F1500 X117.589 Y126 E634.37602
G0 F9600 X118.437 Y126.061
G1 F1500 X120.816 Y121.94 E634.51561
G0 F9600 X120.286 Y121.941
G1 F1500 X122.664 Y126.06 E634.65513
G1 X122.594 Y126.06
G1 X124.973 Y121.94 E634.7947
G0 F9600 X124.442 Y121.941
G1 F1500 X126.821 Y126.06 E634.93424
G1 X126.751 Y126.06
G1 X129.13 Y121.94 E635.0738
G0 F9600 X128.599 Y121.94
G1 F1500 X133.56 Y130.533 E635.36487
G0 F9600 X133.561 Y130.8
G1 F1500 X127.44 Y130.8 E635.54444
G0 F9600 X127.44 Y131.933
G1 F1500 X132.71 Y141.061 E635.85363
G0 F9600 X133.332 Y141.062
G1 F1500 X136.29 Y135.939 E636.02717
G0 F9600 X136.682 Y135.94
G1 F1500 X139.284 Y140.447 E636.17984
G1 X139.23 Y140.447
G1 X141.832 Y135.94 E636.33251
G0 F9600 X142.225 Y135.94
G1 F1500 X144.827 Y140.447 E636.48517
G1 X144.772 Y140.447
G1 X147.375 Y135.939 E636.63788
G0 F9600 X147.767 Y135.94
G1 F1500 X150.369 Y140.446 E636.79052
G1 X150.315 Y140.447
G1 X152.917 Y135.939 E636.94321
G0 F9600 X153.309 Y135.94
G1 F1500 X155.911 Y140.446 E637.09586
G1 X155.857 Y140.447
G1 X158.46 Y135.939 E637.24856
G0 F9600 X158.852 Y135.94
G1 F1500 X161.453 Y140.445 E637.40116
G1 X161.4 Y140.446
G1 X164.003 Y135.939 E637.55384
G0 F9600 X164.394 Y135.939
G1 F1500 X167.351 Y141.061 E637.72734
G0 F9600 X167.973 Y141.061
G1 F1500 X172.56 Y133.117 E637.99644
G1 X172.56 Y133.2
G1 X166.439 Y133.2 E638.17601
G0 F9600 X166.44 Y134.117
G1 F1500 X173.471 Y121.939 E638.58852
G0 F9600 X172.94 Y121.94
G1 F1500 X175.318 Y126.06 E638.72807
G1 X175.248 Y126.061
G1 X177.628 Y121.94 E638.86767
G0 F9600 X177.097 Y121.941
G1 F1500 X179.475 Y126.059 E639.00717
G1 X179.405 Y126.061
G1 X181.785 Y121.939 E639.1468
G0 F9600 X181.253 Y121.94
G1 F1500 X182.411 Y123.945 E639.21472
G0 F9600 X182.411 Y123.6
G1 F1500 X117.589 Y123.6 E641.11631
G0 F9600 X117.589 Y122.729
G1 F1500 X118.045 Y121.939 E641.14306
G0 F9600 X117.589 Y122.07
G1 F1500 X119.892 Y126.06 E641.27821
G1 X119.823 Y126.06
G1 X122.202 Y121.94 E641.41777
G0 F9600 X121.671 Y121.94
G1 F1500 X124.05 Y126.06 E641.55734
G1 X123.98 Y126.061
G1 X126.359 Y121.939 E641.69695
G0 F9600 X125.828 Y121.941
G1 F1500 X136.869 Y141.064 E642.34472
G0 F9600 X137.458 Y141.116
G1 F1500 X140.446 Y135.94 E642.52005
G0 F9600 X140.839 Y135.94
G1 F1500 X143.441 Y140.447 E642.67272
G1 X143.386 Y140.448
G1 X145.989 Y135.939 E642.82545
G0 F9600 X146.381 Y135.94
G1 F1500 X148.983 Y140.447 E642.97811
G1 X148.929 Y140.447
G1 X151.532 Y135.939 E643.13082
G0 F9600 X151.924 Y135.94
G1 F1500 X154.526 Y140.446 E643.28346
G1 X154.472 Y140.447
G1 X157.075 Y135.939 E643.43617
G0 F9600 X157.466 Y135.939
G1 F1500 X160.068 Y140.446 E643.58884
G1 X160.015 Y140.447
G1 X162.617 Y135.939 E643.74153
G0 F9600 X163.009 Y135.939
G1 F1500 X165.966 Y141.061 E643.91503
G0 F9600 X166.588 Y141.062
G1 F1500 X172.56 Y130.718 E644.26541
G1 X172.56 Y130.8
G1 X166.439 Y130.8 E644.44498
G0 F9600 X166.439 Y131.719
G1 F1500 X172.085 Y121.939 E644.77625
G0 F9600 X171.554 Y121.94
G1 F1500 X173.932 Y126.06 E644.9158
G0 F9600 X172.66 Y126.256
G1 F1500 X170.169 Y121.941 E645.06196
G0 F9600 X170.7 Y121.94
G1 F1500 X166.439 Y129.319 E645.31193
G0 F9600 X166.439 Y129.6
G1 F1500 X172.56 Y129.6 E645.49149
G0 F9600 X172.56 Y128.483
G1 F1500 X168.783 Y121.94 E645.71312
G0 F9600 X169.314 Y121.94
G1 F1500 X166.066 Y127.565 E645.90366
G0 F9600 X165.595 Y127.2
G1 F1500 X172.56 Y127.2 E646.10798
G0 F9600 X172.56 Y128.317
G1 F1500 X165.202 Y141.062 E646.5397
G0 F9600 X164.58 Y141.061
G1 F1500 X161.623 Y135.94 E646.71317
G0 F9600 X161.232 Y135.938
G1 F1500 X158.629 Y140.447 E646.8659
G1 X158.682 Y140.446
G1 X156.081 Y135.94 E647.01853
G0 F9600 X155.689 Y135.939
G1 F1500 X153.086 Y140.447 E647.17124
G1 X153.14 Y140.446
G1 X150.538 Y135.939 E647.3239
G0 F9600 X150.146 Y135.939
G1 F1500 X147.544 Y140.447 E647.4766
G1 X147.598 Y140.446
G1 X144.996 Y135.94 E647.62924
G0 F9600 X144.604 Y135.939
G1 F1500 X142.001 Y140.448 E647.78197
G1 X142.055 Y140.447
G1 X139.453 Y135.94 E647.93464
G0 F9600 X139.061 Y135.94
G1 F1500 X136.102 Y141.064 E648.10821
G0 F9600 X135.482 Y141.063
G1 F1500 X127.44 Y127.133 E648.58007
G1 X127.44 Y127.2
G1 X134.397 Y127.2 E648.78415
G1 X134.405 Y127.196
G1 X131.371 Y121.941 E648.96216
G0 F9600 X131.902 Y121.94
G1 F1500 X127.441 Y129.666 E649.22387
G1 X127.44 Y129.6
G1 X133.561 Y129.6 E649.40344
G0 F9600 X133.56 Y128.668
G1 F1500 X127.702 Y138.814 E649.74712
G0 F9600 X127.877 Y139.2
G1 F1500 X172.122 Y139.2 E651.04507
G0 F9600 X171.967 Y139.455
G1 F1500 X166.439 Y129.88 E651.36941
G0 F9600 X166.427 Y128.4
G1 F1500 X172.56 Y128.4 E651.54932
G1 F4200 E650.54932
G1 F1500 Z2.1
G0 F9600 X172.561 Y130.884 Z2.1
G1 F1500 Z1.8
G1 F2100 E651.54932
G1 F1500 X167.397 Y121.94 E651.85229
G0 F9600 X167.928 Y121.94
G1 F1500 X164.971 Y127.062 E652.02579
G1 X164.81 Y127.06
G1 X161.855 Y121.941 E652.19918
G0 F9600 X162.386 Y121.94
G1 F1500 X159.429 Y127.06 E652.37263
G1 X159.268 Y127.06
G1 X156.312 Y121.941 E652.54603
G0 F9600 X156.843 Y121.939
G1 F1500 X153.886 Y127.061 E652.71953
G1 X153.725 Y127.06
G1 X150.769 Y121.94 E652.89296
G0 F9600 X151.3 Y121.94
G1 F1500 X148.344 Y127.061 E653.06642
G1 X148.183 Y127.06
G1 X145.227 Y121.94 E653.23985
G0 F9600 X145.758 Y121.94
G1 F1500 X142.801 Y127.061 E653.41333
G1 X142.64 Y127.06
G1 X139.685 Y121.941 E653.58672
G0 F9600 X140.216 Y121.94
G1 F1500 X137.259 Y127.061 E653.76019
G1 X137.098 Y127.06
G1 X134.142 Y121.941 E653.9336
G0 F9600 X134.673 Y121.94
G1 F1500 X127.441 Y134.466 E654.3579
G1 X127.44 Y134.4
G1 X133.561 Y134.4 E654.53746
G0 F9600 X133.561 Y133.466
G1 F1500 X129.396 Y140.68 E654.78183
G0 F9600 X129.82 Y140.854
G1 F1500 X127.44 Y136.733 E654.92143
G1 X127.44 Y136.8
G1 X172.56 Y136.8 E656.24505
G0 F9600 X172.561 Y135.684
G1 F1500 X164.626 Y121.94 E656.71061
G0 F9600 X165.157 Y121.939
G1 F1500 X162.2 Y127.061 E656.8841
G1 X162.039 Y127.06
G1 X159.083 Y121.94 E657.05754
G0 F9600 X159.614 Y121.94
G1 F1500 X156.658 Y127.061 E657.231
G1 X156.496 Y127.06
G1 X153.541 Y121.941 E657.40439
G0 F9600 X154.072 Y121.94
G1 F1500 X151.115 Y127.061 E657.57786
G1 X150.954 Y127.06
G1 X147.998 Y121.941 E657.75127
G0 F9600 X148.529 Y121.94
G1 F1500 X145.572 Y127.061 E657.92474
G1 X145.411 Y127.06
G1 X142.455 Y121.94 E658.09817
G0 F9600 X142.986 Y121.94
G1 F1500 X140.029 Y127.062 E658.27167
G1 X139.869 Y127.06
G1 X136.913 Y121.94 E658.4451
G0 F9600 X137.444 Y121.94
G1 F1500 X134.411 Y127.193 E658.62304
G0 F9600 X133.608 Y128.216
G1 F1500 X129.985 Y121.94 E658.83563
G0 F9600 X130.516 Y121.94
G1 F1500 X127.44 Y127.267 E659.01608
G0 F9600 X127.44 Y128.4
G1 F1500 X133.58 Y128.4 E659.1962
G1 F4200 E658.1962
G1 F1500 Z2.1
G0 F9600 X135.712 Y127.061 Z2.1
G1 F1500 Z1.8
G1 F2100 E659.1962
G1 F1500 X132.756 Y121.941 E659.36963
G0 F9600 X133.287 Y121.939
G1 F1500 X127.44 Y132.067 E659.7127
G1 X127.44 Y132
G1 X133.561 Y132 E659.89226
G0 F9600 X133.56 Y131.068
G1 F1500 X128.429 Y139.955 E660.1933
G0 F9600 X128.937 Y140.4
G1 F1500 X171.062 Y140.4 E661.42905
G1 X171.108 Y140.369
G1 X166.439 Y132.281 E661.70301
G0 F9600 X166.439 Y132
G1 F1500 X172.56 Y132 E661.88258
G0 F9600 X172.56 Y133.283
G1 F1500 X166.011 Y121.94 E662.26681
G0 F9600 X166.542 Y121.94
G1 F1500 X163.586 Y127.061 E662.44026
G1 X163.424 Y127.06
G1 X160.469 Y121.94 E662.61368
G0 F9600 X161 Y121.94
G1 F1500 X158.043 Y127.061 E662.78716
G1 X157.882 Y127.06
G1 X154.927 Y121.941 E662.96055
G0 F9600 X155.458 Y121.94
G1 F1500 X152.501 Y127.061 E663.13402
G1 X152.34 Y127.06
G1 X149.384 Y121.94 E663.30745
G0 F9600 X149.915 Y121.939
G1 F1500 X146.958 Y127.061 E663.48095
G1 X146.797 Y127.06
G1 X143.841 Y121.94 E663.65438
G0 F9600 X144.372 Y121.94
G1 F1500 X141.415 Y127.062 E663.82788
G1 X141.255 Y127.06
G1 X138.299 Y121.941 E664.00129
G0 F9600 X138.83 Y121.94
G1 F1500 X135.873 Y127.061 E664.17476
G1 F4200 E663.17476
G1 F1500 Z2.1
G0 F9600 X138.483 Y127.06 Z2.1
G1 F1500 Z1.8
G1 F2100 E664.17476
G1 F1500 X135.527 Y121.94 E664.34819
G0 F9600 X136.058 Y121.94
G1 F1500 X127.44 Y136.867 E664.85382
G0 F9600 X127.476 Y138
G1 F1500 X172.523 Y138 E666.1753
G1 X172.521 Y138.016
G1 X163.24 Y121.941 E666.71982
G0 F9600 X163.771 Y121.94
G1 F1500 X160.814 Y127.061 E666.89329
G1 X160.654 Y127.06
G1 X157.698 Y121.94 E667.06672
G0 F9600 X158.229 Y121.939
G1 F1500 X155.272 Y127.061 E667.24022
G1 X155.111 Y127.06
G1 X152.155 Y121.94 E667.41365
G0 F9600 X152.686 Y121.94
G1 F1500 X149.729 Y127.062 E667.58715
G1 X149.568 Y127.06
G1 X146.613 Y121.941 E667.76054
G0 F9600 X147.144 Y121.94
G1 F1500 X144.187 Y127.061 E667.93402
G1 X144.026 Y127.06
G1 X141.07 Y121.941 E668.10742
G0 F9600 X141.601 Y121.939
G1 F1500 X138.644 Y127.061 E668.28092
G1 F4200 E667.28092
G1 F1500 Z2.1
G0 F9600 X133.56 Y132.933 Z2.1
G1 F1500 Z1.8
G1 F2100 E668.28092
G1 F1500 X127.214 Y121.941 E668.65326
G0 F9600 X127.744 Y121.94
G1 F1500 X125.365 Y126.061 E668.79285
G1 X125.435 Y126.06
G1 X123.057 Y121.941 E668.93237
G0 F9600 X123.588 Y121.94
G1 F1500 X121.209 Y126.06 E669.07194
G1 X121.278 Y126.06
G1 X118.9 Y121.941 E669.21146
G0 F9600 X119.431 Y121.94
G1 F1500 X117.59 Y125.128 E669.31945
G0 F9600 X117.589 Y124.8
G1 F1500 X182.411 Y124.8 E671.22104
G0 F9600 X182.41 Y123.256
G1 F1500 X180.791 Y126.061 E671.31605
G1 X180.86 Y126.06
G1 X178.482 Y121.94 E671.45559
G0 F9600 X179.013 Y121.94
G1 F1500 X176.634 Y126.061 E671.59518
G1 X176.704 Y126.06
G1 X174.325 Y121.94 E671.73475
G0 F9600 X174.856 Y121.94
G1 F1500 X163.816 Y141.063 E672.3825
G0 F9600 X163.195 Y141.061
G1 F1500 X160.238 Y135.94 E672.55598
G0 F9600 X159.846 Y135.938
G1 F1500 X157.243 Y140.447 E672.70871
G1 X157.297 Y140.446
G1 X154.695 Y135.94 E672.86135
G0 F9600 X154.303 Y135.939
G1 F1500 X151.701 Y140.447 E673.01404
G1 X151.754 Y140.446
G1 X149.153 Y135.94 E673.16667
G0 F9600 X148.761 Y135.939
G1 F1500 X146.158 Y140.447 E673.31938
G1 X146.212 Y140.446
G1 X143.61 Y135.94 E673.47202
G0 F9600 X143.218 Y135.939
G1 F1500 X140.615 Y140.448 E673.62475
G1 X140.669 Y140.447
G1 X138.067 Y135.94 E673.77742
G0 F9600 X137.675 Y135.94
G1 F1500 X134.717 Y141.063 E673.95096
G0 F9600 X134.096 Y141.062
G1 F1500 X127.44 Y129.532 E674.34151
G1 F4200 E673.34151
G1 F1500 Z2.1
G0 F9600 X127.44 Y133.2 Z2.1
G1 F1500 Z1.8
G1 F2100 E674.34151
G1 F1500 X133.561 Y133.2 E674.52107
G1 F4200 E673.52107
G1 F1500 Z2.1
G0 F9600 X133.858 Y135.352 Z2.1
G1 F1500 Z1.8
G1 F2100 E674.52107
G1 F1500 X130.577 Y141.034 E674.71355
G0 F9600 X131.324 Y141.06
G1 F1500 X127.44 Y134.332 E674.94144
G0 F9600 X127.44 Y135.6
G1 F1500 X134.086 Y135.6 E675.1364
G0 F9600 X134.915 Y135.92
G1 F1500 X131.947 Y141.061 E675.31055
G1 F4200 E674.31055
G1 F1500 Z2.1
G0 F9600 X138.035 Y140.684 Z2.1
G1 F1500 Z1.8
G1 F2100 E675.31055
G1 F1500 X135.296 Y135.94 E675.47124
G1 F4200 E674.47124
G1 F1500 Z2.1
G0 F9600 X118.507 Y126.059 Z2.1
G1 F1500 Z1.8
G1 F2100 E675.47124
G1 F1500 X117.59 Y124.471 E675.52504
G1 F4200 E674.52504
G1 F1500 Z2.1
G0 F9600 X117.589 Y122.4 Z2.1
G1 F1500 Z1.8
G1 F2100 E675.52504
G1 F1500 X182.411 Y122.4 E677.42662
G1 F4200 E676.42662
G1 F1500 Z2.1
G0 F9600 X172.56 Y134.4 Z2.1
G1 F1500 Z1.8
G1 F2100 E677.42662
G1 F1500 X166.439 Y134.4 E677.60618
G0 F9600 X166.414 Y134.637
G1 F1500 X170.031 Y140.903 E677.81842
G0 F9600 X169.372 Y141.04
G1 F1500 X172.56 Y135.518 E678.00547
G1 X172.56 Y135.6
G1 X165.897 Y135.6 E678.20093
G0 F9600 X165.677 Y135.76
G1 F1500 X168.737 Y141.06 E678.38047
G1 F4200 E677.38047
G1 F1500 Z2.1
G0 F9600 X171.181 Y140.306 Z2.1
G1 F1500 Z1.8
G1 F2100 E678.38047
G1 F1500 X172.525 Y137.977 E678.45935
G1 F4200 E677.45935
G1 F1500 Z2.1
G0 F9600 X165.432 Y135.864 Z2.1
G1 F1500 Z1.8
G1 F2100 E678.45935
G1 F1500 X162.381 Y141.148 E678.63834
G1 F4200 E677.63834
G1 F1500 Z2.1
;MESH:LC-GR3005??????RFID?????????-WB.stl
G0 F9600 X150.952 Y174.551 Z2.1
;TYPE:WALL-INNER
G1 F1500 Z1.8
G1 F2100 E678.63834
G1 F1800 X150.3 Y174.691 E678.65963
G1 X149.595 Y174.67 E678.68215
G1 X148.966 Y174.519 E678.70281
G1 X148.394 Y174.259 E678.72287
G1 X148.153 Y174.105 E678.732
G1 X147.677 Y173.693 E678.7521
G1 X147.513 Y173.511 E678.75993
G1 X147.186 Y173.017 E678.77884
G1 X146.954 Y172.49 E678.79723
G1 X146.795 Y171.678 E678.82365
G1 X146.847 Y170.95 E678.84695
G1 X147.008 Y170.363 E678.86638
G1 X147.188 Y169.975 E678.88004
G1 X147.513 Y169.485 E678.89882
G1 X147.677 Y169.303 E678.90664
G1 X148.262 Y168.797 E678.93134
G1 X149.077 Y168.426 E678.95993
G1 X149.695 Y168.312 E678.97999
G1 X150.301 Y168.312 E678.99934
G1 X150.917 Y168.433 E679.01939
G1 X151.731 Y168.794 E679.04782
G1 X152.319 Y169.303 E679.07265
G1 X152.719 Y169.814 E679.09337
G1 X153.034 Y170.463 E679.11641
G1 X153.202 Y171.322 E679.14435
G1 X153.149 Y172.044 E679.16747
G1 X153.034 Y172.52 E679.1831
G1 X152.808 Y173.025 E679.20077
G1 X152.42 Y173.605 E679.22305
G1 X151.843 Y174.105 E679.24743
G1 X151.602 Y174.259 E679.25656
G1 X150.952 Y174.551 E679.27931
G0 F9600 X150.818 Y174.174
G1 F1800 X150.324 Y174.277 E679.29543
G1 X149.788 Y174.288 E679.31254
G1 X149.202 Y174.187 E679.33153
G1 X148.482 Y173.86 E679.35678
G1 X147.88 Y173.339 E679.3822
G1 X147.55 Y172.851 E679.40101
G1 X147.348 Y172.398 E679.41685
G1 X147.197 Y171.651 E679.44118
G1 X147.236 Y171.044 E679.4606
G1 X147.371 Y170.531 E679.47754
G1 X147.551 Y170.143 E679.4912
G1 X147.881 Y169.657 E679.50995
G1 X148.483 Y169.135 E679.5354
G1 X149.199 Y168.815 E679.56044
G1 X149.732 Y168.71 E679.57778
G1 X150.264 Y168.71 E679.59477
G1 X150.797 Y168.815 E679.61211
G1 X151.51 Y169.14 E679.63713
G1 X152.115 Y169.656 E679.66252
G1 X152.452 Y170.15 E679.68162
G1 X152.665 Y170.664 E679.69938
G1 X152.799 Y171.348 E679.72164
G1 X152.76 Y171.951 E679.74093
G1 X152.652 Y172.398 E679.75561
G1 X152.445 Y172.857 E679.77169
G1 X152.117 Y173.338 E679.79028
G1 X151.513 Y173.861 E679.81579
G1 X150.818 Y174.174 E679.84013
G0 F9600 X150.948 Y174.461
G0 X157.615 Y176.397
G1 F1800 X157.913 Y176.273 E679.85044
G1 X158.176 Y176.113 E679.86027
G1 X158.408 Y175.912 E679.87007
G1 X158.611 Y175.675 E679.88003
G1 X158.774 Y175.408 E679.89002
G1 X158.898 Y175.11 E679.90032
G1 X159 Y174.594 E679.91712
G1 X159.004 Y143.244 E680.91812
G1 X159.116 Y142.545 E680.94072
G1 X159.185 Y142.308 E680.9486
G1 X140.811 Y142.307 E681.53528
G1 X140.888 Y142.579 E681.5443
G1 X140.996 Y143.263 E681.56641
G1 X141 Y174.594 E682.5668
G1 X141.1 Y175.115 E682.58374
G1 X141.222 Y175.408 E682.59388
G1 X141.385 Y175.675 E682.60387
G1 X141.586 Y175.91 E682.61374
G1 X141.823 Y176.113 E682.6237
G1 X142.085 Y176.274 E682.63352
G1 X142.381 Y176.397 E682.64376
G1 X142.907 Y176.5 E682.66087
G1 X157.089 Y176.5 E683.1137
G1 X157.232 Y176.472 E683.11835
G0 F1620 X157.615 Y176.397
G0 F9600 X157.738 Y176.779
G1 F1800 X158.095 Y176.631 E683.13069
G1 X158.413 Y176.437 E683.14259
G1 X158.693 Y176.195 E683.1544
G1 X158.936 Y175.91 E683.16636
G1 X159.131 Y175.59 E683.17833
G1 X159.28 Y175.236 E683.19059
G1 X159.4 Y174.617 E683.21072
G1 X159.404 Y143.277 E684.2114
G1 X159.521 Y142.549 E684.23494
G1 X159.769 Y141.908 E684.25689
G1 X140.222 Y141.908 E684.88102
G1 X140.313 Y142.094 E684.88763
G1 X140.493 Y142.642 E684.90605
G1 X140.596 Y143.294 E684.92712
G1 X140.6 Y174.617 E685.92726
G1 X140.718 Y175.239 E685.94747
G1 X140.865 Y175.59 E685.95962
G1 X141.06 Y175.91 E685.97159
G1 X141.302 Y176.194 E685.9835
G1 X141.587 Y176.437 E685.99546
G1 X141.902 Y176.631 E686.00727
G1 X142.258 Y176.779 E686.01958
G1 X142.882 Y176.9 E686.03988
G1 X157.114 Y176.9 E686.4943
G1 X157.355 Y176.853 E686.50214
G0 F1620 X157.738 Y176.779
G0 F9600 X157.862 Y177.161
G0 X157.862 Y177.161 Z1.79
;TYPE:WALL-OUTER
G1 F1800 X158.047 Y177.084 Z1.8 E686.50852
G1 X158.277 Y176.989 E686.51663
G1 X158.649 Y176.761 E686.53085
G1 X158.977 Y176.478 E686.54497
G1 X159.261 Y176.146 E686.55921
G1 X159.489 Y175.772 E686.57349
G1 X159.661 Y175.361 E686.58801
G1 X159.766 Y174.928 E686.60254
G1 X159.8 Y174.64 E686.61199
G1 X159.806 Y143.296 E687.63364
G1 X159.917 Y142.632 E687.65559
G1 X160.148 Y142.041 E687.67627
G1 X160.359 Y141.685 E687.68976
G1 X160.511 Y141.508 E687.69736
G1 X139.502 Y141.508 E688.38215
G1 X139.771 Y141.897 E688.39757
G1 X139.953 Y142.268 E688.41104
G1 X140.098 Y142.704 E688.42601
G1 X140.194 Y143.312 E688.44607
G1 X140.2 Y174.64 E689.46721
G1 X140.336 Y175.362 E689.49116
G1 X140.507 Y175.772 E689.50564
G1 X140.735 Y176.146 E689.51991
G1 X141.018 Y176.478 E689.53413
G1 X141.351 Y176.761 E689.54838
G1 X141.72 Y176.989 E689.56252
G1 X142.134 Y177.161 E689.57713
G1 X142.857 Y177.3 E689.60113
G1 X157.139 Y177.3 E690.06665
G1 X157.678 Y177.196 E690.08454
G0 F1620 X157.862 Y177.161
G0 X158.047 Y177.084
G0 F9600 X158.277 Y176.989
G0 X158.649 Y176.761
G0 X158.736 Y176.686
G0 X158.275 Y176.148
G0 X150.979 Y174.446
G0 X150.684 Y173.797
G0 X150.684 Y173.797 Z1.79
G1 F1800 X150.488 Y173.836 Z1.8 E690.0909
G1 X150.247 Y173.885 E690.09891
G1 X149.749 Y173.885 E690.11515
G1 X149.297 Y173.791 E690.13019
G1 X148.698 Y173.519 E690.15164
G1 X148.168 Y173.051 E690.17468
G1 X147.914 Y172.684 E690.18923
G1 X147.729 Y172.277 E690.2038
G1 X147.603 Y171.643 E690.22487
G1 X147.625 Y171.137 E690.24138
G1 X147.734 Y170.699 E690.25609
G1 X147.914 Y170.311 E690.27004
G1 X148.201 Y169.908 E690.28616
G1 X148.699 Y169.477 E690.30763
G1 X149.297 Y169.205 E690.32904
G1 X149.769 Y169.108 E690.34475
G1 X150.227 Y169.108 E690.35968
G1 X150.699 Y169.205 E690.37538
G1 X151.296 Y169.478 E690.39678
G1 X151.827 Y169.943 E690.41979
G1 X152.087 Y170.314 E690.43455
G1 X152.273 Y170.741 E690.44974
G1 X152.397 Y171.392 E690.47134
G1 X152.371 Y171.859 E690.48658
G1 X152.271 Y172.277 E690.50059
G1 X152.064 Y172.72 E690.51653
G1 X151.795 Y173.088 E690.53139
G1 X151.297 Y173.519 E690.55285
G1 X150.684 Y173.797 E690.57479
G1 X150.488 Y173.836 E690.58114
G0 F9600 X150.247 Y173.885
G0 X149.749 Y173.885
G0 X149.695 Y173.874
G0 X149.561 Y174.572
G0 X148.232 Y174.634
;TYPE:FILL
G1 F1800 X149.69 Y176.092 E690.64698
G1 X146.538 Y176.092 E690.74762
G1 X148.087 Y174.544 E690.81755
G1 X148.211 Y174.624 E690.82226
G1 X148.807 Y174.895 E690.84316
G1 X149.1 Y174.99 E690.853
G1 X149.776 Y175.097 E690.87485
G1 X150.465 Y175.072 E690.89687
G1 X151.085 Y174.938 E690.91712
G1 X151.774 Y174.628 E690.94124
G1 X150.31 Y176.092 E691.00735
G1 X153.461 Y176.092 E691.10796
G1 X151.912 Y174.542 E691.17793
G1 X152.099 Y174.423 E691.18501
G1 X152.595 Y173.993 E691.20597
G1 X152.807 Y173.76 E691.21602
G1 X153.136 Y173.266 E691.23498
G1 X158.593 Y167.809 E691.48139
G1 X158.593 Y169.908 E691.54841
G1 X141.405 Y152.72 E692.32454
G1 X141.406 Y154.822 E692.39166
G1 X151.606 Y144.622 E692.85224
G1 X152.167 Y144.623 E692.87016
G1 X158.596 Y151.052 E693.16046
G1 X158.596 Y148.948 E693.22764
G1 X141.407 Y166.136 E694.0038
G1 X141.407 Y164.037 E694.07082
G1 X146.957 Y169.588 E694.32145
G1 X147.185 Y169.243 E694.33466
G1 X147.4 Y169.003 E694.34494
G1 X148.04 Y168.45 E694.37195
G1 X148.953 Y168.035 E694.40397
G1 X149.141 Y167.999 E694.41008
G1 X141.406 Y160.264 E694.75936
G1 X141.407 Y162.365 E694.82645
G1 X158.596 Y145.176 E695.60262
G1 X158.596 Y147.281 E695.66984
G1 X155.938 Y144.623 E695.78986
G1 X155.378 Y144.622 E695.80774
G1 X141.407 Y158.593 E696.43861
G1 X141.405 Y156.492 E696.50569
G1 X158.593 Y173.68 E697.28182
G1 X158.592 Y171.582 E697.34881
G1 X154.081 Y176.092 E697.55249
G1 X157.055 Y176.092 E697.64744
G1 X157.204 Y176.063 E697.65229
G1 X153.494 Y172.352 E697.81984
G1 X153.55 Y172.122 E697.8274
G1 X153.612 Y171.298 E697.85378
G1 X153.455 Y170.49 E697.88006
G1 X153.185 Y169.808 E697.90349
G1 X153.041 Y169.589 E697.91185
G1 X158.593 Y164.037 E698.16256
G1 X158.593 Y166.137 E698.22961
G1 X141.404 Y148.948 E699.00579
G1 X141.406 Y151.051 E699.07294
G1 X147.834 Y144.622 E699.36322
G1 X148.395 Y144.623 E699.38113
G1 X158.595 Y154.823 E699.84172
G1 X158.595 Y152.72 E699.90886
G1 X141.408 Y169.907 E700.68495
G1 X141.407 Y167.808 E700.75197
G1 X146.838 Y173.24 E700.99723
G1 X146.562 Y172.609 E701.01922
G1 X146.51 Y172.348 E701.02772
G1 X142.795 Y176.063 E701.19547
G1 X142.941 Y176.092 E701.20023
G1 X145.918 Y176.092 E701.29528
G1 X141.407 Y171.581 E701.49898
G1 X141.408 Y173.679 E701.56597
G1 X158.594 Y156.493 E702.34201
G1 X158.595 Y158.595 E702.40912
G1 X144.623 Y144.623 E703.04004
G1 X144.062 Y144.622 E703.05795
G1 X141.405 Y147.28 E703.17795
G1 X141.404 Y145.176 E703.24513
G1 X158.594 Y162.366 E704.02135
G1 X158.593 Y160.265 E704.08844
G1 X150.858 Y168.001 E704.43774
G1 X150.339 Y167.904 E704.45459
G1 F4200 E703.45459
G0 F9600 X141.229 Y144.453
;TYPE:SKIN
G1 F2100 E704.45459
G1 F1710 X141.156 Y144.381 E704.45764
G0 F9600 X141.156 Y143.843
G1 F1710 X141.766 Y144.453 E704.48326
G0 F9600 X142.304 Y144.453
G1 F1710 X141.156 Y143.306 E704.53146
G0 F9600 X141.064 Y142.676
G1 F1710 X142.841 Y144.453 E704.6061
G0 F9600 X143.379 Y144.453
G1 F1710 X141.394 Y142.469 E704.68946
G0 F9600 X141.932 Y142.469
G1 F1710 X143.916 Y144.453 E704.7728
G0 F9600 X144.453 Y144.453
G1 F1710 X142.469 Y142.469 E704.85613
G0 F9600 X143.007 Y142.469
G1 F1710 X144.991 Y144.453 E704.93947
G0 F9600 X145.528 Y144.453
G1 F1710 X143.544 Y142.469 E705.0228
G0 F9600 X144.081 Y142.469
G1 F1710 X146.066 Y144.453 E705.10616
G0 F9600 X146.603 Y144.453
G1 F1710 X144.619 Y142.469 E705.1895
G0 F9600 X145.156 Y142.469
G1 F1710 X147.14 Y144.453 E705.27283
G0 F9600 X147.678 Y144.453
G1 F1710 X145.694 Y142.469 E705.35617
G0 F9600 X146.231 Y142.469
G1 F1710 X148.215 Y144.453 E705.4395
G0 F9600 X148.753 Y144.453
G1 F1710 X146.768 Y142.469 E705.52286
G0 F9600 X147.306 Y142.469
G1 F1710 X149.29 Y144.453 E705.6062
G0 F9600 X149.827 Y144.453
G1 F1710 X147.843 Y142.469 E705.68953
G0 F9600 X148.381 Y142.469
G1 F1710 X150.365 Y144.453 E705.77287
G0 F9600 X150.902 Y144.453
G1 F1710 X148.918 Y142.469 E705.8562
G0 F9600 X149.456 Y142.469
G1 F1710 X151.44 Y144.453 E705.93954
G0 F9600 X151.977 Y144.453
G1 F1710 X149.993 Y142.469 E706.02288
G0 F9600 X150.53 Y142.469
G1 F1710 X152.514 Y144.453 E706.10621
G0 F9600 X153.052 Y144.453
G1 F1710 X151.068 Y142.469 E706.18955
G0 F9600 X151.605 Y142.469
G1 F1710 X153.589 Y144.453 E706.27288
G0 F9600 X154.127 Y144.453
G1 F1710 X152.143 Y142.469 E706.35622
G0 F9600 X152.68 Y142.469
G1 F1710 X154.664 Y144.453 E706.43956
G0 F9600 X155.201 Y144.453
G1 F1710 X153.217 Y142.469 E706.52289
G0 F9600 X153.755 Y142.469
G1 F1710 X155.739 Y144.453 E706.60623
G0 F9600 X156.276 Y144.453
G1 F1710 X154.292 Y142.469 E706.68956
G0 F9600 X154.83 Y142.469
G1 F1710 X156.814 Y144.453 E706.7729
G0 F9600 X157.351 Y144.453
G1 F1710 X155.367 Y142.469 E706.85624
G0 F9600 X155.904 Y142.469
G1 F1710 X157.888 Y144.453 E706.93957
G0 F9600 X158.426 Y144.453
G1 F1710 X156.442 Y142.469 E707.02291
G0 F9600 X156.979 Y142.469
G1 F1710 X158.843 Y144.333 E707.1012
G0 F9600 X158.843 Y143.796
G1 F1710 X157.517 Y142.469 E707.15692
G0 F9600 X158.054 Y142.469
G1 F1710 X158.843 Y143.258 E707.19006
G0 F9600 X158.914 Y142.792
G1 F1710 X158.591 Y142.469 E707.20363
G0 F9600 X158.591 Y142.518
G1 F4200 E706.20363
G1 F1500 Z2.1
;MESH:NONMESH
G0 F9600 X158.591 Y142.518 Z2.1
G0 X117.589 Y122.07
;TIME_ELAPSED:950.291474
;LAYER:9
G0 X117.589 Y122.07 Z2.105
;TYPE:SUPPORT-INTERFACE
G1 F1500 Z1.805
G1 F2100 E707.20363
G1 F1500 X119.892 Y126.06 E707.33878
G1 X119.823 Y126.06
G1 X122.202 Y121.94 E707.47834
G0 F9600 X121.671 Y121.94
G1 F1500 X124.05 Y126.06 E707.6179
G1 X123.98 Y126.061
G1 X126.359 Y121.939 E707.75752
G0 F9600 X125.828 Y121.941
G1 F1500 X136.869 Y141.064 E708.40529
G0 F9600 X137.458 Y141.116
G1 F1500 X140.446 Y135.94 E708.58061
G0 F9600 X140.839 Y135.94
G1 F1500 X143.441 Y140.447 E708.73328
G1 X143.386 Y140.448
G1 X145.989 Y135.939 E708.88601
G0 F9600 X146.381 Y135.94
G1 F1500 X148.983 Y140.447 E709.03868
G1 X148.929 Y140.447
G1 X151.532 Y135.939 E709.19139
G0 F9600 X151.924 Y135.94
G1 F1500 X154.526 Y140.446 E709.34403
G1 X154.472 Y140.447
G1 X157.075 Y135.939 E709.49674
G0 F9600 X157.466 Y135.939
G1 F1500 X160.068 Y140.446 E709.6494
G1 X160.015 Y140.447
G1 X162.617 Y135.939 E709.80209
G0 F9600 X163.009 Y135.939
G1 F1500 X165.966 Y141.062 E709.97562
G0 F9600 X166.587 Y141.062
G1 F1500 X172.56 Y130.718 E710.32602
G1 X172.56 Y130.8
G1 X166.439 Y130.8 E710.50558
G0 F9600 X166.439 Y131.719
G1 F1500 X172.085 Y121.939 E710.83686
G0 F9600 X171.554 Y121.94
G1 F1500 X173.933 Y126.06 E710.97642
G1 X173.863 Y126.061
G1 X176.242 Y121.94 E711.11601
G0 F9600 X175.711 Y121.94
G1 F1500 X178.09 Y126.06 E711.25558
G1 X178.02 Y126.061
G1 X180.399 Y121.939 E711.39519
G0 F9600 X179.868 Y121.94
G1 F1500 X182.246 Y126.06 E711.53474
G1 X182.176 Y126.061
G1 X182.411 Y125.655 E711.5485
G0 F9600 X182.411 Y126
G1 F1500 X117.589 Y126 E713.45008
G0 F9600 X118.437 Y126.061
G1 F1500 X120.816 Y121.94 E713.58967
G0 F9600 X120.286 Y121.941
G1 F1500 X122.664 Y126.06 E713.7292
G1 X122.594 Y126.06
G1 X124.973 Y121.94 E713.86876
G0 F9600 X124.442 Y121.941
G1 F1500 X126.821 Y126.06 E714.0083
G1 X126.751 Y126.06
G1 X129.13 Y121.94 E714.14786
G0 F9600 X128.599 Y121.94
G1 F1500 X133.56 Y130.533 E714.43894
G0 F9600 X133.561 Y130.8
G1 F1500 X127.439 Y130.8 E714.61853
G0 F9600 X127.439 Y129.669
G1 F1500 X131.902 Y121.94 E714.88035
G0 F9600 X131.371 Y121.941
G1 F1500 X134.405 Y127.196 E715.05836
G1 X134.411 Y127.193
G1 X137.444 Y121.94 E715.2363
G0 F9600 X136.913 Y121.94
G1 F1500 X139.869 Y127.06 E715.40973
G1 X140.029 Y127.062
G1 X142.986 Y121.94 E715.58323
G0 F9600 X142.455 Y121.94
G1 F1500 X145.411 Y127.06 E715.75666
G1 X145.572 Y127.061
G1 X148.529 Y121.94 E715.93013
G0 F9600 X147.998 Y121.941
G1 F1500 X150.954 Y127.06 E716.10354
G1 X151.115 Y127.061
G1 X154.072 Y121.94 E716.27701
G0 F9600 X153.541 Y121.941
G1 F1500 X156.496 Y127.06 E716.4504
G1 X156.658 Y127.061
G1 X159.614 Y121.94 E716.62386
G0 F9600 X159.083 Y121.94
G1 F1500 X162.039 Y127.06 E716.79729
G1 X162.2 Y127.061
G1 X165.157 Y121.939 E716.97079
G0 F9600 X164.626 Y121.94
G1 F1500 X172.561 Y135.684 E717.43635
G1 X172.56 Y135.6
G1 X165.897 Y135.6 E717.63181
G0 F9600 X165.677 Y135.76
G1 F1500 X168.737 Y141.06 E717.81134
G0 F9600 X169.372 Y141.04
G1 F1500 X172.56 Y135.518 E717.99839
G0 F9600 X172.56 Y134.4
G1 F1500 X166.439 Y134.4 E718.17795
G0 F9600 X166.414 Y134.637
G1 F1500 X170.031 Y140.903 E718.3902
G0 F9600 X171.062 Y140.4
G1 F1500 X128.937 Y140.4 E719.62595
G0 F9600 X129.396 Y140.68
G1 F1500 X133.561 Y133.466 E719.87032
G0 F9600 X133.561 Y133.2
G1 F1500 X127.439 Y133.2 E720.04991
G0 F9600 X127.44 Y132.068
G1 F1500 X133.287 Y121.939 E720.393
G0 F9600 X132.756 Y121.941
G1 F1500 X135.712 Y127.061 E720.56643
G1 X135.873 Y127.061
G1 X138.83 Y121.94 E720.73991
G0 F9600 X138.299 Y121.941
G1 F1500 X141.255 Y127.06 E720.91331
G1 X141.415 Y127.062
G1 X144.372 Y121.94 E721.08681
G0 F9600 X143.841 Y121.94
G1 F1500 X146.797 Y127.06 E721.26024
G1 X146.958 Y127.061
G1 X149.915 Y121.939 E721.43374
G0 F9600 X149.384 Y121.94
G1 F1500 X152.34 Y127.06 E721.60717
G1 X152.501 Y127.061
G1 X155.458 Y121.94 E721.78065
G0 F9600 X154.927 Y121.941
G1 F1500 X157.882 Y127.06 E721.95404
G1 X158.043 Y127.061
G1 X161 Y121.94 E722.12751
G0 F9600 X160.469 Y121.94
G1 F1500 X163.424 Y127.06 E722.30093
G1 X163.586 Y127.061
G1 X166.542 Y121.94 E722.47439
G0 F9600 X166.011 Y121.94
G1 F1500 X172.56 Y133.283 E722.85862
G1 X172.56 Y133.2
G1 X166.439 Y133.2 E723.03818
G0 F9600 X166.44 Y134.117
G1 F1500 X173.471 Y121.939 E723.45069
G0 F9600 X172.94 Y121.94
G1 F1500 X175.319 Y126.061 E723.59028
G1 X175.248 Y126.061
G1 X177.628 Y121.94 E723.72989
G0 F9600 X177.097 Y121.941
G1 F1500 X179.475 Y126.06 E723.86941
G1 X179.405 Y126.061
G1 X181.785 Y121.939 E724.00904
G0 F9600 X181.253 Y121.94
G1 F1500 X182.411 Y123.945 E724.07696
G0 F9600 X182.411 Y123.6
G1 F1500 X117.589 Y123.6 E725.97855
G0 F9600 X117.589 Y122.729
G1 F1500 X118.045 Y121.939 E726.0053
G0 F9600 X117.589 Y122.4
G1 F1500 X182.411 Y122.4 E727.90689
G0 F9600 X182.41 Y123.256
G1 F1500 X180.791 Y126.061 E728.00189
G1 X180.86 Y126.06
G1 X178.482 Y121.94 E728.14144
G0 F9600 X179.013 Y121.94
G1 F1500 X176.634 Y126.061 E728.28103
G1 X176.704 Y126.06
G1 X174.325 Y121.94 E728.4206
G0 F9600 X174.856 Y121.94
G1 F1500 X163.815 Y141.064 E729.06839
G0 F9600 X163.195 Y141.062
G1 F1500 X160.238 Y135.94 E729.24189
G0 F9600 X159.846 Y135.938
G1 F1500 X157.243 Y140.447 E729.39462
G1 X157.297 Y140.446
G1 X154.695 Y135.94 E729.54727
G0 F9600 X154.303 Y135.939
G1 F1500 X151.701 Y140.447 E729.69996
G1 X151.754 Y140.446
G1 X149.153 Y135.94 E729.85258
G0 F9600 X148.761 Y135.939
G1 F1500 X146.158 Y140.447 E730.00529
G1 X146.212 Y140.446
G1 X143.61 Y135.94 E730.15793
G0 F9600 X143.218 Y135.939
G1 F1500 X140.615 Y140.448 E730.31066
G1 X140.669 Y140.447
G1 X138.067 Y135.94 E730.46333
G0 F9600 X137.675 Y135.94
G1 F1500 X134.717 Y141.063 E730.63687
G0 F9600 X134.096 Y141.062
G1 F1500 X127.439 Y129.53 E731.02749
G1 X127.439 Y129.6
G1 X133.561 Y129.6 E731.20708
G0 F9600 X133.56 Y128.668
G1 F1500 X127.702 Y138.814 E731.55076
G0 F9600 X127.877 Y139.2
G1 F1500 X172.122 Y139.2 E732.84871
G0 F9600 X171.967 Y139.455
G1 F1500 X166.439 Y129.88 E733.17305
G0 F9600 X166.439 Y129.6
G1 F1500 X172.56 Y129.6 E733.35261
G0 F9600 X172.56 Y128.482
G1 F1500 X168.783 Y121.94 E733.57421
G0 F9600 X169.314 Y121.94
G1 F1500 X166.066 Y127.565 E733.76476
G0 F9600 X165.595 Y127.2
G1 F1500 X172.56 Y127.2 E733.96908
G0 F9600 X172.661 Y126.257
G1 F1500 X170.169 Y121.941 E734.11528
G0 F9600 X170.7 Y121.94
G1 F1500 X166.439 Y129.319 E734.36524
G0 F9600 X166.427 Y128.4
G1 F1500 X172.56 Y128.4 E734.54516
G1 X172.56 Y128.318
G1 X165.202 Y141.063 E734.97687
G0 F9600 X164.581 Y141.062
G1 F1500 X161.623 Y135.94 E735.15038
G0 F9600 X161.232 Y135.938
G1 F1500 X158.629 Y140.447 E735.30312
G1 X158.682 Y140.446
G1 X156.081 Y135.94 E735.45574
G0 F9600 X155.689 Y135.939
G1 F1500 X153.086 Y140.447 E735.60845
G1 X153.14 Y140.446
G1 X150.538 Y135.939 E735.76112
G0 F9600 X150.146 Y135.939
G1 F1500 X147.544 Y140.447 E735.91381
G1 X147.598 Y140.446
G1 X144.996 Y135.94 E736.06645
G0 F9600 X144.604 Y135.939
G1 F1500 X142.001 Y140.448 E736.21918
G1 X142.055 Y140.447
G1 X139.453 Y135.94 E736.37185
G0 F9600 X139.061 Y135.94
G1 F1500 X136.102 Y141.064 E736.54543
G0 F9600 X135.482 Y141.063
G1 F1500 X127.438 Y127.13 E737.01739
G1 X127.439 Y127.2
G1 X134.397 Y127.2 E737.2215
G0 F9600 X133.608 Y128.216
G1 F1500 X129.985 Y121.94 E737.43409
G0 F9600 X130.516 Y121.94
G1 F1500 X127.439 Y127.269 E737.6146
G0 F9600 X127.439 Y128.4
G1 F1500 X133.58 Y128.4 E737.79475
G1 F4200 E736.79475
G1 F1500 Z2.105
G0 F9600 X133.56 Y131.068 Z2.105
G1 F1500 Z1.805
G1 F2100 E737.79475
G1 F1500 X128.429 Y139.955 E738.09579
G0 F9600 X129.82 Y140.854
G1 F1500 X127.44 Y136.733 E738.23539
G1 X127.439 Y136.8
G1 X172.56 Y136.8 E739.55904
G0 F9600 X172.525 Y137.977
G1 F1500 X171.181 Y140.306 E739.63792
G1 X171.108 Y140.369
G1 X166.439 Y132.281 E739.91188
G0 F9600 X166.439 Y132
G1 F1500 X172.56 Y132 E740.09144
G0 F9600 X172.56 Y130.883
G1 F1500 X167.397 Y121.94 E740.39437
G0 F9600 X167.928 Y121.94
G1 F1500 X164.971 Y127.062 E740.56787
G1 X164.81 Y127.06
G1 X161.855 Y121.941 E740.74126
G0 F9600 X162.386 Y121.94
G1 F1500 X159.429 Y127.06 E740.91471
G1 X159.268 Y127.06
G1 X156.312 Y121.941 E741.08812
G0 F9600 X156.843 Y121.939
G1 F1500 X153.886 Y127.061 E741.26161
G1 X153.725 Y127.06
G1 X150.769 Y121.94 E741.43505
G0 F9600 X151.3 Y121.94
G1 F1500 X148.344 Y127.061 E741.60851
G1 X148.183 Y127.06
G1 X145.227 Y121.94 E741.78194
G0 F9600 X145.758 Y121.94
G1 F1500 X142.801 Y127.061 E741.95541
G1 X142.64 Y127.06
G1 X139.685 Y121.941 E742.1288
G0 F9600 X140.216 Y121.94
G1 F1500 X137.259 Y127.061 E742.30228
G1 X137.098 Y127.06
G1 X134.142 Y121.941 E742.47568
G0 F9600 X134.673 Y121.94
G1 F1500 X127.44 Y134.467 E742.90003
G1 X127.439 Y134.4
G1 X133.561 Y134.4 E743.07962
G0 F9600 X133.858 Y135.352
G1 F1500 X130.577 Y141.034 E743.27209
G0 F9600 X131.324 Y141.06
G1 F1500 X127.44 Y134.332 E743.49999
G0 F9600 X127.439 Y135.6
G1 F1500 X134.086 Y135.6 E743.69498
G0 F9600 X134.915 Y135.92
G1 F1500 X131.947 Y141.061 E743.86913
G0 F9600 X132.71 Y141.061
G1 F1500 X127.439 Y131.931 E744.17839
G1 X127.439 Y132
G1 X133.561 Y132 E744.35798
G0 F9600 X133.56 Y132.933
G1 F1500 X127.214 Y121.941 E744.73032
G0 F9600 X127.744 Y121.94
G1 F1500 X125.365 Y126.061 E744.86991
G1 X125.435 Y126.06
G1 X123.057 Y121.941 E745.00943
G0 F9600 X123.588 Y121.94
G1 F1500 X121.209 Y126.06 E745.14899
G1 X121.278 Y126.06
G1 X118.9 Y121.941 E745.28852
G0 F9600 X119.431 Y121.94
G1 F1500 X117.59 Y125.128 E745.39651
G0 F9600 X117.589 Y124.8
G1 F1500 X182.411 Y124.8 E747.29809
G1 F4200 E746.29809
G1 F1500 Z2.105
G0 F9600 X172.559 Y133.118 Z2.105
G1 F1500 Z1.805
G1 F2100 E747.29809
G1 F1500 X167.973 Y141.061 E747.56715
G0 F9600 X167.351 Y141.061
G1 F1500 X164.394 Y135.939 E747.74065
G0 F9600 X164.003 Y135.939
G1 F1500 X161.4 Y140.446 E747.89333
G1 X161.453 Y140.445
G1 X158.852 Y135.94 E748.04594
G0 F9600 X158.46 Y135.939
G1 F1500 X155.857 Y140.447 E748.19864
G1 X155.911 Y140.446
G1 X153.309 Y135.94 E748.35128
G0 F9600 X152.917 Y135.939
G1 F1500 X150.315 Y140.447 E748.50398
G1 X150.369 Y140.446
G1 X147.767 Y135.94 E748.65662
G0 F9600 X147.375 Y135.939
G1 F1500 X144.772 Y140.447 E748.80932
G1 X144.827 Y140.447
G1 X142.225 Y135.94 E748.96199
G0 F9600 X141.832 Y135.94
G1 F1500 X139.23 Y140.447 E749.11466
G1 X139.284 Y140.447
G1 X136.682 Y135.94 E749.26732
G0 F9600 X136.29 Y135.939
G1 F1500 X133.332 Y141.062 E749.44086
G1 F4200 E748.44086
G1 F1500 Z2.105
G0 F9600 X138.035 Y140.684 Z2.105
G1 F1500 Z1.805
G1 F2100 E749.44086
G1 F1500 X135.296 Y135.94 E749.60156
G1 F4200 E748.60156
G1 F1500 Z2.105
G0 F9600 X127.44 Y136.867 Z2.105
G1 F1500 Z1.805
G1 F2100 E749.60156
G1 F1500 X136.058 Y121.94 E750.10719
G0 F9600 X135.527 Y121.94
G1 F1500 X138.483 Y127.06 E750.28062
G1 X138.644 Y127.061
G1 X141.601 Y121.939 E750.45412
G0 F9600 X141.07 Y121.941
G1 F1500 X144.026 Y127.06 E750.62753
G1 X144.187 Y127.061
G1 X147.144 Y121.94 E750.801
G0 F9600 X146.613 Y121.941
G1 F1500 X149.568 Y127.06 E750.97439
G1 X149.729 Y127.062
G1 X152.686 Y121.94 E751.14789
G0 F9600 X152.155 Y121.94
G1 F1500 X155.111 Y127.06 E751.32132
G1 X155.272 Y127.061
G1 X158.229 Y121.939 E751.49482
G0 F9600 X157.698 Y121.94
G1 F1500 X160.654 Y127.06 E751.66825
G1 X160.814 Y127.061
G1 X163.771 Y121.94 E751.84173
G0 F9600 X163.24 Y121.941
G1 F1500 X172.521 Y138.016 E752.38625
G1 X172.523 Y138
G1 X127.476 Y138 E753.70772
G1 F4200 E752.70772
G1 F1500 Z2.105
G0 F9600 X118.507 Y126.059 Z2.105
G1 F1500 Z1.805
G1 F2100 E753.70772
G1 F1500 X117.59 Y124.471 E753.76151
G1 F4200 E752.76151
G1 F1500 Z2.105
G0 F9600 X162.381 Y141.148 Z2.105
G1 F1500 Z1.805
G1 F2100 E753.76151
G1 F1500 X165.432 Y135.863 E753.94053
G1 F4200 E752.94053
G1 F1500 Z2.3
G0 F9600 X126.602 Y126.26 Z2.3
G0 X127.239 Y126.9
;TYPE:SUPPORT
G1 F1500 Z2
G1 F2100 E753.94053
G1 F1890 X126.934 Y126.522 E753.95478
G1 X126.602 Y126.26 E753.96719
G1 X127.085 Y126.291 E753.98139
G1 X127.167 Y126.355 E753.98444
G1 X127.239 Y126.578 E753.99131
G1 X127.239 Y126.9 E754.00076
G1 F4200 E753.00076
G1 F1500 Z2.3
G0 F9600 X173.355 Y126.298 Z2.3
G1 F1500 Z2
G1 F2100 E754.00076
G1 F1890 X173.4 Y126.261 E754.00247
G1 X173.355 Y126.261 E754.00379
G1 F4200 E753.00379
G1 F1500 Z2.3
;MESH:LC-GR3005??????RFID?????????-WB.stl
G0 F9600 X157.615 Y176.397 Z2.3
;TYPE:WALL-INNER
G1 F1500 Z2
G1 F2100 E754.00379
G1 F1800 X157.913 Y176.273 E754.01409
G1 X158.176 Y176.113 E754.02392
G1 X158.408 Y175.912 E754.03372
G1 X158.611 Y175.675 E754.04369
G1 X158.774 Y175.408 E754.05368
G1 X158.898 Y175.11 E754.06398
G1 X159 Y174.594 E754.08078
G1 X159.004 Y143.253 E755.08149
G1 X159.132 Y142.452 E755.10739
G1 X159.36 Y141.845 E755.12809
G1 X140.632 Y141.844 E755.72607
G1 X140.716 Y142.026 E755.73247
G1 X140.888 Y142.577 E755.7509
G1 X140.992 Y143.223 E755.77179
G1 X141 Y174.594 E756.77346
G1 X141.1 Y175.115 E756.7904
G1 X141.222 Y175.408 E756.80053
G1 X141.385 Y175.675 E756.81052
G1 X141.586 Y175.91 E756.8204
G1 X141.823 Y176.113 E756.83036
G1 X142.085 Y176.274 E756.84018
G1 X142.381 Y176.397 E756.85041
G1 X142.907 Y176.5 E756.86753
G1 X157.089 Y176.5 E757.32035
G1 X157.232 Y176.472 E757.32501
G0 F1620 X157.615 Y176.397
G0 F9600 X157.738 Y176.779
G1 F1800 X158.095 Y176.631 E757.33735
G1 X158.413 Y176.437 E757.34924
G1 X158.693 Y176.195 E757.36106
G1 X158.936 Y175.91 E757.37302
G1 X159.131 Y175.59 E757.38498
G1 X159.28 Y175.236 E757.39724
G1 X159.4 Y174.617 E757.41738
G1 X159.404 Y143.285 E758.4178
G1 X159.52 Y142.557 E758.44134
G1 X159.717 Y142.022 E758.45954
G1 X160.043 Y141.444 E758.48073
G1 X139.971 Y141.445 E759.12162
G1 X140.323 Y142.112 E759.1457
G1 X140.485 Y142.588 E759.16176
G1 X140.592 Y143.256 E759.18336
G1 X140.6 Y174.617 E760.18471
G1 X140.718 Y175.239 E760.20492
G1 X140.865 Y175.59 E760.21707
G1 X141.06 Y175.91 E760.22904
G1 X141.302 Y176.194 E760.24095
G1 X141.587 Y176.437 E760.25291
G1 X141.902 Y176.631 E760.26472
G1 X142.258 Y176.779 E760.27703
G1 X142.882 Y176.9 E760.29733
G1 X157.114 Y176.9 E760.75175
G1 X157.355 Y176.853 E760.75959
G0 F1620 X157.738 Y176.779
G0 F9600 X157.65 Y176.484
G0 X150.952 Y174.551
G1 F1800 X150.3 Y174.691 E760.78088
G1 X149.595 Y174.67 E760.80341
G1 X148.966 Y174.519 E760.82406
G1 X148.394 Y174.259 E760.84412
G1 X148.153 Y174.105 E760.85325
G1 X147.677 Y173.693 E760.87335
G1 X147.513 Y173.511 E760.88118
G1 X147.186 Y173.017 E760.90009
G1 X146.954 Y172.49 E760.91848
G1 X146.795 Y171.678 E760.9449
G1 X146.847 Y170.95 E760.9682
G1 X147.008 Y170.363 E760.98764
G1 X147.188 Y169.975 E761.00129
G1 X147.513 Y169.485 E761.02007
G1 X147.677 Y169.303 E761.02789
G1 X148.26 Y168.798 E761.05252
G1 X149.077 Y168.426 E761.08118
G1 X149.695 Y168.312 E761.10125
G1 X150.305 Y168.306 E761.12072
G1 X150.917 Y168.433 E761.14068
G1 X151.731 Y168.794 E761.16911
G1 X152.319 Y169.303 E761.19395
G1 X152.719 Y169.814 E761.21467
G1 X153.034 Y170.463 E761.2377
G1 X153.202 Y171.322 E761.26565
G1 X153.149 Y172.044 E761.28876
G1 X153.034 Y172.52 E761.3044
G1 X152.808 Y173.025 E761.32206
G1 X152.42 Y173.605 E761.34435
G1 X151.843 Y174.105 E761.36872
G1 X151.602 Y174.259 E761.37786
G1 X150.952 Y174.551 E761.40061
G0 F9600 X150.818 Y174.174
G1 F1800 X150.324 Y174.277 E761.41672
G1 X149.788 Y174.288 E761.43384
G1 X149.202 Y174.187 E761.45283
G1 X148.482 Y173.86 E761.47807
G1 X147.88 Y173.339 E761.5035
G1 X147.55 Y172.851 E761.52231
G1 X147.348 Y172.398 E761.53814
G1 X147.197 Y171.651 E761.56248
G1 X147.236 Y171.044 E761.5819
G1 X147.371 Y170.531 E761.59884
G1 X147.551 Y170.143 E761.61249
G1 X147.879 Y169.657 E761.63121
G1 X148.504 Y169.125 E761.65742
G1 X149.199 Y168.815 E761.68172
G1 X149.732 Y168.71 E761.69906
G1 X150.208 Y168.707 E761.71426
G1 X150.797 Y168.815 E761.73338
G1 X151.51 Y169.14 E761.7584
G1 X152.115 Y169.656 E761.78379
G1 X152.452 Y170.15 E761.80289
G1 X152.665 Y170.664 E761.82065
G1 X152.799 Y171.348 E761.84291
G1 X152.76 Y171.951 E761.8622
G1 X152.652 Y172.398 E761.87688
G1 X152.445 Y172.857 E761.89296
G1 X152.117 Y173.338 E761.91155
G1 X151.513 Y173.861 E761.93706
G1 X150.818 Y174.174 E761.9614
G0 F9600 X150.684 Y173.797
G0 X150.684 Y173.797 Z1.99
;TYPE:WALL-OUTER
G1 F1800 X150.488 Y173.836 Z2 E761.96776
G1 X150.247 Y173.885 E761.97577
G1 X149.749 Y173.885 E761.99201
G1 X149.297 Y173.791 E762.00705
G1 X148.698 Y173.519 E762.0285
G1 X148.168 Y173.051 E762.05154
G1 X147.914 Y172.684 E762.06609
G1 X147.729 Y172.277 E762.08066
G1 X147.603 Y171.643 E762.10173
G1 X147.625 Y171.137 E762.11824
G1 X147.734 Y170.699 E762.13295
G1 X147.914 Y170.311 E762.1469
G1 X148.201 Y169.908 E762.16302
G1 X148.699 Y169.477 E762.18449
G1 X149.297 Y169.205 E762.2059
G1 X149.769 Y169.108 E762.22161
G1 X150.247 Y169.111 E762.23719
G1 X150.699 Y169.205 E762.25224
G1 X151.296 Y169.478 E762.27363
G1 X151.827 Y169.943 E762.29664
G1 X152.087 Y170.314 E762.31141
G1 X152.273 Y170.741 E762.32659
G1 X152.397 Y171.392 E762.34819
G1 X152.371 Y171.859 E762.36343
G1 X152.271 Y172.277 E762.37744
G1 X152.064 Y172.72 E762.39338
G1 X151.795 Y173.088 E762.40824
G1 X151.297 Y173.519 E762.42971
G1 X150.684 Y173.797 E762.45165
G1 X150.488 Y173.836 E762.458
G0 F9600 X150.247 Y173.885
G0 X149.749 Y173.885
G0 X149.695 Y173.874
G0 X149.561 Y174.572
G0 X157.65 Y176.484
G0 X157.862 Y177.161
G0 X157.862 Y177.161 Z1.99
G1 F1800 X158.047 Y177.084 Z2 E762.46437
G1 X158.277 Y176.989 E762.47248
G1 X158.649 Y176.761 E762.48671
G1 X158.977 Y176.478 E762.50083
G1 X159.261 Y176.146 E762.51507
G1 X159.489 Y175.772 E762.52934
G1 X159.661 Y175.361 E762.54387
G1 X159.766 Y174.928 E762.55839
G1 X159.8 Y174.64 E762.56784
G1 X159.806 Y143.304 E763.58924
G1 X159.906 Y142.676 E763.60996
G1 X160.068 Y142.215 E763.62589
G1 X160.375 Y141.663 E763.64648
G1 X160.65 Y141.323 E763.66073
G1 X160.963 Y141.044 E763.6744
G1 X139.031 Y141.044 E764.38927
G1 X139.412 Y141.395 E764.40616
G1 X139.681 Y141.754 E764.42078
G1 X139.958 Y142.283 E764.44024
G1 X140.098 Y142.704 E764.4547
G1 X140.19 Y143.276 E764.47359
G1 X140.2 Y174.64 E765.4959
G1 X140.336 Y175.362 E765.51984
G1 X140.507 Y175.772 E765.53432
G1 X140.735 Y176.146 E765.5486
G1 X141.018 Y176.478 E765.56282
G1 X141.351 Y176.761 E765.57706
G1 X141.72 Y176.989 E765.5912
G1 X142.134 Y177.161 E765.60581
G1 X142.857 Y177.3 E765.62981
G1 X157.139 Y177.3 E766.09533
G1 X157.678 Y177.196 E766.11323
G0 F1620 X157.862 Y177.161
G0 X158.047 Y177.084
G0 F9600 X158.277 Y176.989
G0 X158.649 Y176.761
G0 X158.736 Y176.686
G1 F4200 E765.11323
G0 F9600 X158.275 Y176.148
G0 X148.232 Y174.634
;TYPE:FILL
G1 F2100 E766.11323
G1 F1800 X149.69 Y176.092 E766.17906
G1 X146.538 Y176.092 E766.27971
G1 X148.087 Y174.544 E766.34963
G1 X148.211 Y174.624 E766.35434
G1 X148.807 Y174.895 E766.37525
G1 X149.1 Y174.99 E766.38508
G1 X149.776 Y175.097 E766.40693
G1 X150.465 Y175.072 E766.42895
G1 X151.085 Y174.938 E766.4492
G1 X151.774 Y174.628 E766.47332
G1 X150.31 Y176.092 E766.53943
G1 X153.461 Y176.092 E766.64004
G1 X151.912 Y174.542 E766.71001
G1 X152.099 Y174.423 E766.71709
G1 X152.595 Y173.993 E766.73805
G1 X152.807 Y173.76 E766.74811
G1 X153.136 Y173.266 E766.76706
G1 X158.593 Y167.809 E767.01347
G1 X158.593 Y169.908 E767.08049
G1 X141.402 Y152.717 E767.85676
G1 X141.403 Y154.825 E767.92407
G1 X151.745 Y144.484 E768.39104
G1 X151.745 Y144.161 E768.40136
G1 X152.027 Y144.161 E768.41036
G1 X152.027 Y144.483 E768.42064
G1 X158.596 Y151.052 E768.71727
G1 X158.596 Y148.948 E768.78445
G1 X141.406 Y166.138 E769.56067
G1 X141.405 Y164.035 E769.62782
G1 X146.957 Y169.588 E769.87854
G1 X147.184 Y169.242 E769.89176
G1 X147.401 Y169.003 E769.90206
G1 X148.038 Y168.452 E769.92896
G1 X148.951 Y168.035 E769.96101
G1 X149.141 Y167.999 E769.96718
G1 X141.404 Y160.262 E770.31655
G1 X141.405 Y162.367 E770.38376
G1 X158.596 Y145.176 E771.16003
G1 X158.596 Y147.281 E771.22724
G1 X155.799 Y144.483 E771.35356
G1 X155.799 Y144.161 E771.36384
G1 X155.517 Y144.161 E771.37285
G1 X155.517 Y144.483 E771.38313
G1 X141.404 Y158.596 E772.02041
G1 X141.403 Y156.49 E772.08765
G1 X158.593 Y173.68 E772.86387
G1 X158.592 Y171.582 E772.93086
G1 X154.081 Y176.092 E773.13454
G1 X157.055 Y176.092 E773.2295
G1 X157.204 Y176.063 E773.23434
G1 X153.494 Y172.352 E773.40189
G1 X153.55 Y172.122 E773.40945
G1 X153.612 Y171.298 E773.43583
G1 X153.455 Y170.49 E773.46212
G1 X153.185 Y169.808 E773.48554
G1 X153.041 Y169.589 E773.49391
G1 X158.593 Y164.037 E773.74461
G1 X158.593 Y166.137 E773.81166
G1 X141.401 Y148.944 E774.588
G1 X141.402 Y151.054 E774.65537
G1 X147.973 Y144.484 E774.95206
G1 X147.973 Y144.161 E774.96237
G1 X148.255 Y144.161 E774.97138
G1 X148.255 Y144.483 E774.98166
G1 X158.595 Y154.823 E775.44857
G1 X158.595 Y152.72 E775.51572
G1 X141.407 Y169.908 E776.29185
G1 X141.406 Y167.808 E776.3589
G1 X146.838 Y173.24 E776.60419
G1 X146.562 Y172.609 E776.62618
G1 X146.51 Y172.348 E776.63467
G1 X142.795 Y176.063 E776.80243
G1 X142.941 Y176.092 E776.80718
G1 X145.918 Y176.092 E776.90223
G1 X141.407 Y171.58 E777.10595
G1 X141.408 Y173.679 E777.17297
G1 X158.594 Y156.493 E777.94901
G1 X158.595 Y158.595 E778.01613
G1 X144.484 Y144.484 E778.65332
G1 X144.483 Y144.161 E778.66363
G1 X144.202 Y144.161 E778.6726
G1 X144.202 Y144.483 E778.68289
G1 X141.402 Y147.283 E778.80932
G1 X141.4 Y145.172 E778.87673
G1 X158.594 Y162.366 E779.65313
G1 X158.593 Y160.265 E779.72021
G1 X150.858 Y168.001 E780.06951
G1 X150.339 Y167.904 E780.08637
G1 F4200 E779.08637
G0 F9600 X158.843 Y143.714
;TYPE:SKIN
G1 F2100 E780.08637
G1 F1710 X158.564 Y143.992 E780.09807
G0 F9600 X158.027 Y143.992
G1 F1710 X158.856 Y143.163 E780.13289
G0 F9600 X158.957 Y142.525
G1 F1710 X157.49 Y143.992 E780.19451
G0 F9600 X156.952 Y143.992
G1 F1710 X158.94 Y142.005 E780.27799
G0 F9600 X158.403 Y142.005
G1 F1710 X156.415 Y143.992 E780.36148
G0 F9600 X155.877 Y143.992
G1 F1710 X157.865 Y142.005 E780.44496
G0 F9600 X157.328 Y142.005
G1 F1710 X155.34 Y143.992 E780.52844
G0 F9600 X154.803 Y143.992
G1 F1710 X156.79 Y142.005 E780.6119
G0 F9600 X156.253 Y142.005
G1 F1710 X154.265 Y143.992 E780.69539
G0 F9600 X153.728 Y143.992
G1 F1710 X155.716 Y142.005 E780.77887
G0 F9600 X155.178 Y142.005
G1 F1710 X153.19 Y143.992 E780.86235
G0 F9600 X152.653 Y143.992
G1 F1710 X154.641 Y142.005 E780.94584
G0 F9600 X154.103 Y142.005
G1 F1710 X152.116 Y143.992 E781.0293
G0 F9600 X151.578 Y143.992
G1 F1710 X153.566 Y142.005 E781.11278
G0 F9600 X153.029 Y142.005
G1 F1710 X151.041 Y143.992 E781.19626
G0 F9600 X150.503 Y143.992
G1 F1710 X152.491 Y142.005 E781.27975
G0 F9600 X151.954 Y142.005
G1 F1710 X149.966 Y143.992 E781.36323
G0 F9600 X149.429 Y143.992
G1 F1710 X151.416 Y142.005 E781.44669
G0 F9600 X150.879 Y142.005
G1 F1710 X148.891 Y143.992 E781.53017
G0 F9600 X148.354 Y143.992
G1 F1710 X150.342 Y142.005 E781.61366
G0 F9600 X149.803 Y142.005
G1 F1710 X147.816 Y143.992 E781.69712
G0 F9600 X147.279 Y143.992
G1 F1710 X149.266 Y142.005 E781.78058
G0 F9600 X148.729 Y142.005
G1 F1710 X146.742 Y143.992 E781.86404
G0 F9600 X146.204 Y143.992
G1 F1710 X148.191 Y142.005 E781.9475
G0 F9600 X147.654 Y142.005
G1 F1710 X145.667 Y143.992 E782.03097
G0 F9600 X145.129 Y143.992
G1 F1710 X147.116 Y142.005 E782.11443
G0 F9600 X146.579 Y142.005
G1 F1710 X144.592 Y143.992 E782.19789
G0 F9600 X144.055 Y143.992
G1 F1710 X146.042 Y142.005 E782.28135
G0 F9600 X145.504 Y142.005
G1 F1710 X143.517 Y143.992 E782.36481
G0 F9600 X142.98 Y143.992
G1 F1710 X144.967 Y142.005 E782.44828
G0 F9600 X144.429 Y142.005
G1 F1710 X142.442 Y143.992 E782.53174
G0 F9600 X141.905 Y143.992
G1 F1710 X143.892 Y142.005 E782.6152
G0 F9600 X143.355 Y142.005
G1 F1710 X141.368 Y143.992 E782.69866
G0 F9600 X141.153 Y143.669
G1 F1710 X142.817 Y142.005 E782.76856
G0 F9600 X142.28 Y142.005
G1 F1710 X141.141 Y143.144 E782.8164
G0 F9600 X141.067 Y142.681
G1 F1710 X141.742 Y142.005 E782.84477
G0 F9600 X141.205 Y142.005
G1 F1710 X140.956 Y142.254 E782.85523
G0 F9600 X141.01 Y142.238
G1 F4200 E781.85523
G1 F1500 Z2.3
;MESH:NONMESH
G0 F9600 X141.011 Y142.24 Z2.3
G0 X165.681 Y137.418
;TIME_ELAPSED:1053.682281
;LAYER:10
;MESH:LC-GR3005??????RFID?????????-WB.stl
G0 X165.681 Y137.418 Z2.5
;TYPE:WALL-INNER
G1 F1500 Z2.2
G1 F2100 E782.85523
G1 F1800 X165.215 Y137.5 E782.87034
G1 X134.903 Y137.496 E783.83819
G1 X134.507 Y137.456 E783.8509
G1 X133.844 Y137.28 E783.8728
G1 X133.258 Y136.938 E783.89447
G1 X132.809 Y136.545 E783.91352
G1 X132.458 Y136.088 E783.93192
G1 X132.205 Y135.6 E783.94947
G1 X132.045 Y135.028 E783.96844
G1 X132 Y134.628 E783.98129
G1 X132.003 Y128.413 E784.17973
G1 X132.08 Y127.813 E784.19905
G1 X132.268 Y127.263 E784.21761
G1 X132.49 Y126.852 E784.23252
G1 X132.874 Y126.368 E784.25225
G1 X133.408 Y125.958 E784.27374
G1 X133.896 Y125.706 E784.29128
G1 X134.322 Y125.577 E784.30549
G1 X134.785 Y125.5 E784.32048
G1 X165.082 Y125.503 E785.28786
G1 X165.69 Y125.581 E785.30743
G1 X166.232 Y125.768 E785.32573
G1 X166.573 Y125.948 E785.33805
G1 X167.046 Y126.31 E785.35706
G1 X167.46 Y126.78 E785.37706
G1 X167.73 Y127.26 E785.39465
G1 X167.919 Y127.822 E785.41358
G1 X168 Y128.372 E785.43133
G1 X167.996 Y134.592 E785.62993
G1 X167.918 Y135.181 E785.6489
G1 X167.791 Y135.6 E785.66288
G1 X167.504 Y136.169 E785.68323
G1 X167.051 Y136.683 E785.70511
G1 X166.58 Y137.046 E785.7241
G1 X166.1 Y137.291 E785.7413
G1 X166.055 Y137.305 E785.74281
G0 F1620 X165.681 Y137.418
G0 F9600 X165.966 Y136.914
G1 F1800 X165.482 Y137.054 E785.75889
G1 X165.128 Y137.1 E785.77029
G1 X134.943 Y137.098 E786.73409
G1 X134.547 Y137.058 E786.7468
G1 X134.06 Y136.924 E786.76293
G1 X133.512 Y136.629 E786.7828
G1 X133.119 Y136.292 E786.79933
G1 X132.809 Y135.896 E786.81539
G1 X132.582 Y135.466 E786.83091
G1 X132.441 Y134.974 E786.84726
G1 X132.4 Y134.628 E786.85838
G1 X132.402 Y128.449 E787.05567
G1 X132.462 Y127.931 E787.07232
G1 X132.621 Y127.451 E787.08847
G1 X132.846 Y127.038 E787.10349
G1 X133.204 Y126.619 E787.12108
G1 X133.6 Y126.309 E787.13714
G1 X134.03 Y126.082 E787.15267
G1 X134.526 Y125.941 E787.16913
G1 X134.872 Y125.9 E787.18026
G1 X165.046 Y125.902 E788.1437
G1 X165.571 Y125.963 E788.16058
G1 X166.045 Y126.121 E788.17653
G1 X166.385 Y126.301 E788.18882
G1 X166.792 Y126.619 E788.20531
G1 X167.142 Y127.023 E788.22238
G1 X167.423 Y127.56 E788.24173
G1 X167.554 Y128.018 E788.25694
G1 X167.6 Y128.372 E788.26834
G1 X167.598 Y134.552 E788.46566
G1 X167.558 Y134.952 E788.4785
G1 X167.414 Y135.466 E788.49554
G1 X167.199 Y135.885 E788.51058
G1 X166.795 Y136.375 E788.53086
G1 X166.392 Y136.694 E788.54727
G1 X166.313 Y136.735 E788.55011
G0 F1620 X165.966 Y136.914
G1 F4200 E787.55011
G0 F9600 X166.056 Y137.211
G0 X160.728 Y140.386
G0 X159.976 Y141.112
G0 X159.578 Y141.727
G0 X159.221 Y142.752
G0 X157.615 Y176.397
G1 F2100 E788.55011
G1 F1800 X157.913 Y176.273 E788.56041
G1 X158.176 Y176.113 E788.57024
G1 X158.408 Y175.912 E788.58005
G1 X158.611 Y175.675 E788.59001
G1 X158.774 Y175.408 E788.6
G1 X158.898 Y175.11 E788.6103
G1 X159 Y174.594 E788.6271
G1 X159 Y143.328 E789.62541
G1 X159.068 Y142.721 E789.64492
G1 X159.243 Y142.122 E789.66484
G1 X159.489 Y141.578 E789.6839
G1 X159.857 Y141.012 E789.70546
G1 X160.279 Y140.566 E789.72507
G1 X160.717 Y140.213 E789.74303
G1 X161.221 Y139.917 E789.76169
G1 X161.704 Y139.713 E789.77843
G1 X162.21 Y139.575 E789.79518
G1 X162.714 Y139.506 E789.81142
G1 X169.089 Y139.5 E790.01497
G1 X169.615 Y139.397 E790.03209
G1 X169.913 Y139.273 E790.04239
G1 X170.176 Y139.113 E790.05222
G1 X170.408 Y138.912 E790.06202
G1 X170.611 Y138.675 E790.07199
G1 X170.774 Y138.408 E790.08197
G1 X170.898 Y138.11 E790.09228
G1 X171 Y137.594 E790.10908
G1 X171 Y126.281 E790.4703
G1 X171.108 Y125.86 E790.48417
G1 X171.21 Y125.614 E790.49268
G1 X171.5 Y125.18 E790.50934
G1 X171.68 Y125 E790.51747
G1 X171.941 Y124.813 E790.52772
G1 X172.404 Y124.589 E790.54415
G1 X172.912 Y124.5 E790.56061
G1 X180.396 Y124.5 E790.79958
G1 X180.396 Y123.5 E790.83151
G1 X119.6 Y123.5 E792.77271
G1 X119.6 Y124.5 E792.80463
G1 X127.096 Y124.5 E793.04398
G1 X127.639 Y124.609 E793.06166
G1 X128.11 Y124.842 E793.07844
G1 X128.492 Y125.173 E793.09458
G1 X128.691 Y125.448 E793.10542
G1 X128.938 Y126.009 E793.12499
G1 X129.001 Y126.329 E793.13541
G1 X129 Y137.594 E793.49509
G1 X129.1 Y138.115 E793.51203
G1 X129.222 Y138.408 E793.52217
G1 X129.385 Y138.675 E793.53216
G1 X129.586 Y138.91 E793.54203
G1 X129.823 Y139.113 E793.55199
G1 X130.085 Y139.274 E793.56181
G1 X130.381 Y139.397 E793.57205
G1 X130.908 Y139.5 E793.58919
G1 X137.197 Y139.504 E793.79
G1 X137.795 Y139.568 E793.8092
G1 X138.525 Y139.794 E793.8336
G1 X139.1 Y140.084 E793.85416
G1 X139.666 Y140.508 E793.87674
G1 X140.078 Y140.944 E793.8959
G1 X140.389 Y141.377 E793.91292
G1 X140.704 Y141.973 E793.93444
G1 X140.936 Y142.749 E793.96031
G1 X141 Y143.5 E793.98437
G1 X141 Y174.594 E794.97719
G1 X141.1 Y175.115 E794.99413
G1 X141.222 Y175.408 E795.00427
G1 X141.385 Y175.675 E795.01426
G1 X141.586 Y175.91 E795.02413
G1 X141.823 Y176.113 E795.03409
G1 X142.085 Y176.274 E795.04391
G1 X142.381 Y176.397 E795.05415
G1 X142.907 Y176.5 E795.07126
G1 X157.089 Y176.5 E795.52409
G1 X157.232 Y176.472 E795.52874
G0 F1620 X157.615 Y176.397
G0 F9600 X157.738 Y176.779
G1 F1800 X158.095 Y176.631 E795.54108
G1 X158.413 Y176.437 E795.55298
G1 X158.693 Y176.195 E795.56479
G1 X158.936 Y175.91 E795.57675
G1 X159.131 Y175.59 E795.58872
G1 X159.28 Y175.236 E795.60098
G1 X159.4 Y174.617 E795.62111
G1 X159.404 Y143.251 E796.62262
G1 X159.472 Y142.766 E796.63826
G1 X159.611 Y142.278 E796.65446
G1 X159.824 Y141.796 E796.67128
G1 X160.174 Y141.26 E796.69172
G1 X160.486 Y140.921 E796.70643
G1 X160.92 Y140.558 E796.7245
G1 X161.507 Y140.221 E796.74611
G1 X161.87 Y140.078 E796.75857
G1 X162.31 Y139.962 E796.7731
G1 X162.761 Y139.904 E796.78762
G1 X169.114 Y139.9 E796.99047
G1 X169.738 Y139.779 E797.01076
G1 X170.095 Y139.631 E797.0231
G1 X170.413 Y139.437 E797.035
G1 X170.693 Y139.195 E797.04681
G1 X170.936 Y138.91 E797.05877
G1 X171.131 Y138.59 E797.07074
G1 X171.28 Y138.236 E797.083
G1 X171.4 Y137.617 E797.10313
G1 X171.404 Y126.328 E797.46359
G1 X171.556 Y125.815 E797.48067
G1 X171.783 Y125.463 E797.49405
G1 X172.119 Y125.171 E797.50826
G1 X172.538 Y124.966 E797.52315
G1 X172.912 Y124.9 E797.53528
G1 X180.796 Y124.9 E797.78701
G1 X180.796 Y123.1 E797.84449
G1 X119.2 Y123.1 E799.81123
G1 X119.2 Y124.9 E799.8687
G1 X127.096 Y124.9 E800.12082
G1 X127.535 Y124.996 E800.13517
G1 X127.909 Y125.188 E800.14859
G1 X128.212 Y125.459 E800.16157
G1 X128.332 Y125.624 E800.16809
G1 X128.549 Y126.101 E800.18482
G1 X128.596 Y126.338 E800.19253
G1 X128.6 Y137.617 E800.55267
G1 X128.718 Y138.239 E800.57288
G1 X128.865 Y138.59 E800.58503
G1 X129.06 Y138.91 E800.597
G1 X129.302 Y139.194 E800.60891
G1 X129.587 Y139.437 E800.62087
G1 X129.902 Y139.631 E800.63268
G1 X130.258 Y139.779 E800.64499
G1 X130.883 Y139.9 E800.66532
G1 X137.269 Y139.908 E800.86922
G1 X137.765 Y139.978 E800.88522
G1 X138.325 Y140.15 E800.90392
G1 X138.883 Y140.422 E800.92374
G1 X139.397 Y140.806 E800.94423
G1 X139.759 Y141.185 E800.96097
G1 X140.035 Y141.564 E800.97594
G1 X140.331 Y142.124 E800.99616
G1 X140.541 Y142.826 E801.01956
G1 X140.598 Y143.444 E801.03937
G1 X140.6 Y174.617 E802.03472
G1 X140.718 Y175.239 E802.05493
G1 X140.865 Y175.59 E802.06708
G1 X141.06 Y175.91 E802.07905
G1 X141.302 Y176.194 E802.09096
G1 X141.587 Y176.437 E802.10292
G1 X141.902 Y176.631 E802.11473
G1 X142.258 Y176.779 E802.12704
G1 X142.882 Y176.9 E802.14734
G1 X157.114 Y176.9 E802.60176
G1 X157.355 Y176.853 E802.6096
G0 F1620 X157.738 Y176.779
G0 F9600 X157.65 Y176.484
G0 X150.952 Y174.551
G1 F1800 X150.3 Y174.691 E802.63089
G1 X149.595 Y174.67 E802.65342
G1 X148.966 Y174.519 E802.67407
G1 X148.394 Y174.259 E802.69413
G1 X148.153 Y174.105 E802.70326
G1 X147.677 Y173.693 E802.72336
G1 X147.513 Y173.511 E802.73119
G1 X147.186 Y173.017 E802.7501
G1 X146.954 Y172.49 E802.76849
G1 X146.795 Y171.678 E802.79491
G1 X146.847 Y170.95 E802.81821
G1 X147.008 Y170.363 E802.83765
G1 X147.188 Y169.975 E802.8513
G1 X147.513 Y169.485 E802.87008
G1 X147.677 Y169.303 E802.8779
G1 X148.262 Y168.797 E802.9026
G1 X149.077 Y168.426 E802.93119
G1 X149.695 Y168.312 E802.95125
G1 X150.301 Y168.312 E802.9706
G1 X150.917 Y168.426 E802.99061
G1 X151.735 Y168.798 E803.0193
G1 X152.319 Y169.303 E803.04395
G1 X152.478 Y169.478 E803.0515
G1 X152.817 Y169.987 E803.07103
G1 X153.058 Y170.587 E803.09167
G1 X153.201 Y171.318 E803.11546
G1 X153.149 Y172.044 E803.1387
G1 X153.034 Y172.52 E803.15433
G1 X152.808 Y173.025 E803.172
G1 X152.42 Y173.605 E803.19428
G1 X151.843 Y174.105 E803.21866
G1 X151.602 Y174.259 E803.22779
G1 X150.952 Y174.551 E803.25054
G0 F9600 X150.818 Y174.174
G1 F1800 X150.324 Y174.277 E803.26665
G1 X149.788 Y174.288 E803.28377
G1 X149.202 Y174.187 E803.30276
G1 X148.482 Y173.86 E803.32801
G1 X147.88 Y173.339 E803.35343
G1 X147.55 Y172.851 E803.37224
G1 X147.348 Y172.398 E803.38808
G1 X147.197 Y171.651 E803.41241
G1 X147.236 Y171.043 E803.43186
G1 X147.371 Y170.531 E803.44877
G1 X147.551 Y170.143 E803.46243
G1 X147.881 Y169.657 E803.48118
G1 X148.483 Y169.135 E803.50663
G1 X149.199 Y168.815 E803.53167
G1 X149.732 Y168.71 E803.54901
G1 X150.264 Y168.71 E803.566
G1 X150.797 Y168.815 E803.58334
G1 X151.513 Y169.135 E803.60839
G1 X152.117 Y169.658 E803.6339
G1 X152.452 Y170.15 E803.6529
G1 X152.665 Y170.664 E803.67067
G1 X152.799 Y171.347 E803.69289
G1 X152.76 Y171.951 E803.71222
G1 X152.652 Y172.398 E803.7269
G1 X152.445 Y172.857 E803.74298
G1 X152.117 Y173.338 E803.76157
G1 X151.513 Y173.861 E803.78708
G1 X150.818 Y174.174 E803.81141
G0 F9600 X150.684 Y173.797
G0 X150.684 Y173.797 Z2.19
;TYPE:WALL-OUTER
G1 F1800 X150.488 Y173.836 Z2.2 E803.81777
G1 X150.247 Y173.885 E803.82579
G1 X149.749 Y173.885 E803.84202
G1 X149.297 Y173.791 E803.85707
G1 X148.698 Y173.519 E803.87851
G1 X148.168 Y173.051 E803.90156
G1 X147.914 Y172.684 E803.91611
G1 X147.729 Y172.277 E803.93068
G1 X147.603 Y171.643 E803.95175
G1 X147.625 Y171.137 E803.96826
G1 X147.734 Y170.699 E803.98297
G1 X147.914 Y170.311 E803.99691
G1 X148.201 Y169.908 E804.01304
G1 X148.699 Y169.477 E804.0345
G1 X149.297 Y169.205 E804.05592
G1 X149.769 Y169.108 E804.07162
G1 X150.227 Y169.108 E804.08655
G1 X150.699 Y169.205 E804.10226
G1 X151.297 Y169.477 E804.12367
G1 X151.827 Y169.943 E804.14668
G1 X152.087 Y170.314 E804.16144
G1 X152.273 Y170.741 E804.17662
G1 X152.393 Y171.353 E804.19695
G1 X152.371 Y171.859 E804.21346
G1 X152.271 Y172.277 E804.22747
G1 X152.064 Y172.72 E804.24341
G1 X151.795 Y173.088 E804.25826
G1 X151.297 Y173.519 E804.27973
G1 X150.684 Y173.797 E804.30167
G1 X150.488 Y173.836 E804.30802
G0 F9600 X150.247 Y173.885
G0 X149.749 Y173.885
G0 X149.695 Y173.874
G0 X149.561 Y174.572
G0 X157.65 Y176.484
G0 X157.862 Y177.161
G0 X157.862 Y177.161 Z2.19
G1 F1800 X158.047 Y177.084 Z2.2 E804.3144
G1 X158.277 Y176.989 E804.32251
G1 X158.649 Y176.761 E804.33673
G1 X158.977 Y176.478 E804.35085
G1 X159.261 Y176.146 E804.36509
G1 X159.489 Y175.772 E804.37937
G1 X159.661 Y175.361 E804.39389
G1 X159.766 Y174.928 E804.40841
G1 X159.8 Y174.64 E804.41787
G1 X159.801 Y143.302 E805.43933
G1 X159.858 Y142.871 E805.4535
G1 X159.979 Y142.434 E805.46828
G1 X160.16 Y142.014 E805.48318
G1 X160.5 Y141.496 E805.50338
G1 X160.798 Y141.175 E805.51766
G1 X161.122 Y140.903 E805.53145
G1 X161.654 Y140.593 E805.55152
G1 X162.004 Y140.455 E805.56378
G1 X162.436 Y140.345 E805.57831
G1 X162.808 Y140.301 E805.59052
G1 X169.139 Y140.3 E805.79688
G1 X169.862 Y140.161 E805.82088
G1 X170.277 Y139.989 E805.83552
G1 X170.649 Y139.761 E805.84974
G1 X170.977 Y139.478 E805.86386
G1 X171.261 Y139.146 E805.8781
G1 X171.489 Y138.772 E805.89238
G1 X171.661 Y138.361 E805.9069
G1 X171.766 Y137.928 E805.92142
G1 X171.8 Y137.64 E805.93088
G1 X171.801 Y126.378 E806.29796
G1 X171.902 Y126.015 E806.31024
G1 X172.066 Y125.746 E806.32051
G1 X172.298 Y125.529 E806.33086
G1 X172.672 Y125.343 E806.34448
G1 X172.875 Y125.303 E806.35122
G1 X181.196 Y125.3 E806.62245
G1 X181.196 Y122.7 E806.70719
G1 X118.8 Y122.7 E808.74099
G1 X118.8 Y125.3 E808.82573
G1 X127.148 Y125.306 E809.09784
G1 X127.481 Y125.402 E809.10913
G1 X127.709 Y125.534 E809.11772
G1 X127.972 Y125.8 E809.12991
G1 X128.144 Y126.152 E809.14268
G1 X128.199 Y126.387 E809.15055
G1 X128.2 Y137.64 E809.51734
G1 X128.336 Y138.362 E809.54129
G1 X128.507 Y138.772 E809.55577
G1 X128.735 Y139.146 E809.57004
G1 X129.018 Y139.478 E809.58426
G1 X129.351 Y139.761 E809.59851
G1 X129.72 Y139.989 E809.61265
G1 X130.134 Y140.161 E809.62726
G1 X130.857 Y140.3 E809.65126
G1 X137.221 Y140.305 E809.85869
G1 X137.647 Y140.36 E809.87269
G1 X138.239 Y140.545 E809.89291
G1 X138.688 Y140.775 E809.90935
G1 X139.14 Y141.116 E809.92781
G1 X139.44 Y141.427 E809.94189
G1 X139.681 Y141.75 E809.95503
G1 X139.964 Y142.294 E809.97501
G1 X140.148 Y142.921 E809.99631
G1 X140.2 Y143.481 E810.01464
G1 X140.2 Y174.64 E811.03027
G1 X140.336 Y175.362 E811.05422
G1 X140.507 Y175.772 E811.0687
G1 X140.735 Y176.146 E811.08297
G1 X141.018 Y176.478 E811.09719
G1 X141.351 Y176.761 E811.11144
G1 X141.72 Y176.989 E811.12558
G1 X142.134 Y177.161 E811.14019
G1 X142.857 Y177.3 E811.16419
G1 X157.139 Y177.3 E811.62971
G1 X157.678 Y177.196 E811.6476
G0 F1620 X157.862 Y177.161
G0 X158.047 Y177.084
G0 F9600 X158.277 Y176.989
G0 X158.649 Y176.761
G0 X158.736 Y176.686
G1 F4200 E810.6476
G0 F9600 X158.275 Y176.148
G0 X159.151 Y143.274
G0 X159.363 Y142.23
G0 X159.578 Y141.727
G0 X159.976 Y141.112
G0 X160.653 Y140.459
G0 X166.028 Y137.22
G0 X165.822 Y136.54
G0 X165.822 Y136.54 Z2.19
G1 F2100 E811.6476
G1 F1800 X165.63 Y136.598 Z2.2 E811.65398
G1 X165.45 Y136.652 E811.66011
G1 X165.158 Y136.698 E811.66974
G1 X134.983 Y136.7 E812.65329
G1 X134.587 Y136.66 E812.66627
G1 X134.174 Y136.54 E812.68029
G1 X133.765 Y136.319 E812.69544
G1 X133.429 Y136.039 E812.7097
G1 X133.179 Y135.733 E812.72258
G1 X132.959 Y135.332 E812.73748
G1 X132.837 Y134.92 E812.75149
G1 X132.801 Y134.656 E812.76017
G1 X132.8 Y128.485 E812.96132
G1 X132.844 Y128.049 E812.9756
G1 X132.96 Y127.673 E812.98843
G1 X133.163 Y127.284 E813.00273
G1 X133.457 Y126.929 E813.01775
G1 X133.792 Y126.66 E813.03176
G1 X134.164 Y126.459 E813.04554
G1 X134.58 Y126.337 E813.05967
G1 X134.845 Y126.301 E813.06839
G1 X165.01 Y126.3 E814.05161
G1 X165.41 Y126.336 E814.0647
G1 X165.858 Y126.475 E814.07999
G1 X166.231 Y126.677 E814.09382
G1 X166.566 Y126.956 E814.10803
G1 X166.827 Y127.271 E814.12136
G1 X167.025 Y127.637 E814.13493
G1 X167.152 Y128.05 E814.14901
G1 X167.198 Y128.342 E814.15865
G1 X167.2 Y134.512 E814.35976
G1 X167.152 Y134.95 E814.37412
G1 X167.037 Y135.332 E814.38712
G1 X166.824 Y135.731 E814.40186
G1 X166.54 Y136.067 E814.4162
G1 X166.203 Y136.341 E814.43036
G1 X165.987 Y136.454 E814.43831
G0 F1620 X165.822 Y136.54
G0 X165.63 Y136.598
G0 F9600 X165.45 Y136.652
G0 X165.158 Y136.698
G0 X164.842 Y136.698
G1 F4200 E813.43831
G0 F9600 X164.842 Y137.41
G0 X160.335 Y140.718
G0 X159.976 Y141.112
G0 X159.578 Y141.727
G0 X150.338 Y167.905
;TYPE:FILL
G1 F2100 E814.43831
G1 F1800 X150.858 Y168.001 E814.45519
G1 X158.592 Y160.266 E814.80445
G1 X158.592 Y162.364 E814.87143
G1 X141.407 Y145.178 E815.64745
G1 X141.407 Y147.278 E815.71451
G1 X144.202 Y144.483 E815.84072
G1 X144.202 Y143.699 E815.86575
G1 X144.484 Y143.699 E815.87475
G1 X144.484 Y144.484 E815.89982
G1 X158.592 Y158.592 E816.53687
G1 X158.592 Y156.495 E816.60383
G1 X141.408 Y173.679 E817.37978
G1 X141.407 Y171.581 E817.44677
G1 X145.918 Y176.092 E817.65046
G1 X142.941 Y176.092 E817.74552
G1 X142.795 Y176.063 E817.75027
G1 X146.51 Y172.348 E817.91802
G1 X146.562 Y172.609 E817.92652
G1 X146.838 Y173.24 E817.94851
G1 X141.407 Y167.809 E818.19375
G1 X141.408 Y169.907 E818.26074
G1 X158.592 Y152.723 E819.03669
G1 X158.592 Y154.82 E819.10365
G1 X148.255 Y144.483 E819.57042
G1 X148.255 Y143.699 E819.59545
G1 X147.973 Y143.699 E819.60446
G1 X147.973 Y144.484 E819.62952
G1 X141.407 Y151.049 E819.92599
G1 X141.407 Y148.95 E819.99301
G1 X158.592 Y166.135 E820.76901
G1 X158.592 Y164.038 E820.83596
G1 X153.041 Y169.589 E821.08662
G1 X153.185 Y169.808 E821.09499
G1 X153.455 Y170.49 E821.11841
G1 X153.611 Y171.294 E821.14456
G1 X153.55 Y172.122 E821.17107
G1 X153.494 Y172.352 E821.17863
G1 X157.204 Y176.063 E821.34618
G1 X157.055 Y176.092 E821.35102
G1 X154.081 Y176.092 E821.44598
G1 X158.592 Y171.582 E821.64966
G1 X158.592 Y173.679 E821.71661
G1 X141.407 Y156.493 E822.49263
G1 X141.407 Y158.593 E822.55969
G1 X155.516 Y144.484 E823.19678
G1 X155.516 Y143.699 E823.22185
G1 X155.798 Y143.699 E823.23085
G1 X155.798 Y144.483 E823.25589
G1 X158.592 Y147.277 E823.38205
G1 X158.592 Y145.18 E823.44901
G1 X141.408 Y162.364 E824.22496
G1 X141.407 Y160.266 E824.29195
G1 X149.141 Y167.999 E824.64116
G1 X148.953 Y168.035 E824.64727
G1 X148.04 Y168.45 E824.67929
G1 X147.394 Y169.008 E824.70655
G1 X146.95 Y169.58 E824.72967
G1 X141.407 Y164.037 E824.97996
G1 X141.408 Y166.135 E825.04695
G1 X158.592 Y148.951 E825.8229
G1 X158.592 Y151.049 E825.88989
G1 X152.026 Y144.483 E826.18638
G1 X152.026 Y143.699 E826.21142
G1 X151.744 Y143.699 E826.22042
G1 X151.744 Y144.484 E826.24548
G1 X141.407 Y154.821 E826.71226
G1 X141.407 Y152.722 E826.77928
G1 X158.592 Y169.907 E827.55527
G1 X158.592 Y167.81 E827.62223
G1 X153.136 Y173.266 E827.8686
G1 X152.807 Y173.76 E827.88755
G1 X152.595 Y173.993 E827.89761
G1 X152.099 Y174.423 E827.91857
G1 X151.912 Y174.542 E827.92565
G1 X153.461 Y176.092 E827.99561
G1 X150.31 Y176.092 E828.09622
G1 X151.774 Y174.628 E828.16233
G1 X151.085 Y174.938 E828.18646
G1 X150.465 Y175.072 E828.20671
G1 X149.776 Y175.097 E828.22872
G1 X149.1 Y174.99 E828.25058
G1 X148.807 Y174.895 E828.26041
G1 X148.211 Y174.624 E828.28132
G1 X148.087 Y174.544 E828.28603
G1 X146.538 Y176.092 E828.35595
G1 X149.69 Y176.092 E828.45659
G1 X148.232 Y174.634 E828.52243
G1 F4200 E827.52243
G0 F9600 X147.356 Y173.026
G0 X140.828 Y160.304
G0 X140.849 Y143.461
G0 X140.787 Y142.784
G0 X140.562 Y142.027
G0 X140.224 Y141.389
G0 X139.554 Y140.613
G0 X139.017 Y140.214
G0 X138.466 Y139.934
G0 X129.202 Y137.8
;TYPE:SKIN
G1 F2100 E828.52243
G1 F1710 X130.697 Y139.296 E828.58525
G0 F9600 X131.278 Y139.339
G1 F1710 X129.161 Y137.222 E828.67417
G0 F9600 X129.161 Y136.684
G1 F1710 X131.815 Y139.339 E828.78567
G0 F9600 X132.353 Y139.34
G1 F1710 X129.161 Y136.147 E828.91977
G0 F9600 X129.161 Y135.61
G1 F1710 X132.891 Y139.34 E829.07644
G0 F9600 X133.429 Y139.34
G1 F1710 X129.161 Y135.072 E829.25571
G0 F9600 X129.161 Y134.535
G1 F1710 X133.966 Y139.34 E829.45754
G0 F9600 X134.504 Y139.341
G1 F1710 X129.161 Y133.997 E829.68199
G0 F9600 X129.161 Y133.46
G1 F1710 X135.042 Y139.341 E829.92902
G0 F9600 X135.58 Y139.342
G1 F1710 X133.505 Y137.267 E830.01618
G0 F9600 X134.356 Y137.58
G1 F1710 X136.117 Y139.342 E830.09017
G0 F9600 X136.655 Y139.342
G1 F1710 X134.97 Y137.657 E830.16094
G0 F9600 X135.507 Y137.657
G1 F1710 X137.193 Y139.342 E830.23174
G0 F9600 X137.812 Y139.424
G1 F1710 X136.045 Y137.657 E830.30596
G0 F9600 X136.582 Y137.657
G1 F1710 X138.582 Y139.657 E830.38997
G0 F9600 X138.732 Y137.657
G1 F1710 X144.605 Y143.53 E830.63666
G0 F9600 X145.142 Y143.53
G1 F1710 X139.27 Y137.657 E830.88333
G0 F9600 X139.807 Y137.657
G1 F1710 X145.68 Y143.53 E831.13002
G0 F9600 X146.217 Y143.53
G1 F1710 X140.344 Y137.657 E831.37671
G0 F9600 X140.882 Y137.657
G1 F1710 X146.754 Y143.53 E831.62337
G0 F9600 X147.292 Y143.53
G1 F1710 X141.419 Y137.657 E831.87006
G0 F9600 X141.957 Y137.657
G1 F1710 X147.829 Y143.53 E832.11673
G0 F9600 X148.367 Y143.53
G1 F1710 X142.494 Y137.657 E832.36342
G0 F9600 X143.031 Y137.657
G1 F1710 X148.904 Y143.53 E832.61011
G0 F9600 X149.441 Y143.53
G1 F1710 X143.57 Y137.658 E832.85674
G0 F9600 X144.107 Y137.658
G1 F1710 X149.979 Y143.53 E833.10338
G0 F9600 X150.516 Y143.53
G1 F1710 X144.644 Y137.658 E833.35003
G0 F9600 X145.182 Y137.658
G1 F1710 X151.054 Y143.53 E833.59668
G0 F9600 X151.591 Y143.53
G1 F1710 X145.719 Y137.658 E833.84333
G0 F9600 X146.257 Y137.658
G1 F1710 X152.128 Y143.53 E834.08995
G0 F9600 X152.666 Y143.53
G1 F1710 X146.794 Y137.658 E834.3366
G0 F9600 X147.331 Y137.658
G1 F1710 X153.203 Y143.53 E834.58325
G0 F9600 X153.741 Y143.53
G1 F1710 X147.869 Y137.658 E834.8299
G0 F9600 X148.407 Y137.659
G1 F1710 X154.278 Y143.53 E835.0765
G0 F9600 X154.815 Y143.53
G1 F1710 X148.944 Y137.659 E835.32311
G0 F9600 X149.482 Y137.659
G1 F1710 X155.353 Y143.53 E835.56971
G0 F9600 X155.89 Y143.53
G1 F1710 X150.019 Y137.659 E835.81632
G0 F9600 X150.556 Y137.659
G1 F1710 X156.428 Y143.53 E836.06294
G0 F9600 X156.965 Y143.53
G1 F1710 X151.094 Y137.659 E836.30955
G0 F9600 X151.631 Y137.659
G1 F1710 X157.502 Y143.53 E836.55615
G0 F9600 X158.04 Y143.53
G1 F1710 X152.169 Y137.659 E836.80276
G0 F9600 X152.707 Y137.66
G1 F1710 X158.577 Y143.53 E837.04932
G0 F9600 X158.847 Y143.263
G1 F1710 X153.244 Y137.66 E837.28467
G0 F9600 X153.782 Y137.66
G1 F1710 X158.9 Y142.778 E837.49965
G0 F9600 X159.009 Y142.35
G1 F1710 X154.319 Y137.66 E837.69665
G0 F9600 X154.856 Y137.66
G1 F1710 X159.144 Y141.947 E837.87674
G0 F9600 X159.314 Y141.58
G1 F1710 X155.394 Y137.66 E838.04139
G0 F9600 X155.931 Y137.66
G1 F1710 X159.516 Y141.244 E838.19196
G0 F9600 X159.737 Y140.928
G1 F1710 X156.469 Y137.66 E838.32923
G0 F9600 X157.007 Y137.66
G1 F1710 X159.986 Y140.64 E838.45438
G0 F9600 X160.26 Y140.376
G1 F1710 X157.544 Y137.66 E838.56846
G0 F9600 X158.081 Y137.66
G1 F1710 X160.548 Y140.127 E838.67208
G0 F9600 X160.887 Y139.928
G1 F1710 X158.619 Y137.66 E838.76735
G0 F9600 X159.156 Y137.66
G1 F1710 X161.225 Y139.729 E838.85425
G0 F9600 X161.611 Y139.577
G1 F1710 X159.694 Y137.66 E838.93478
G0 F9600 X160.231 Y137.66
G1 F1710 X162.028 Y139.457 E839.01026
G0 F9600 X162.483 Y139.374
G1 F1710 X160.769 Y137.66 E839.08225
G0 F9600 X161.307 Y137.661
G1 F1710 X162.985 Y139.339 E839.15274
G0 F9600 X163.522 Y139.339
G1 F1710 X161.844 Y137.661 E839.22322
G0 F9600 X162.381 Y137.661
G1 F1710 X164.059 Y139.339 E839.2937
G0 F9600 X164.597 Y139.339
G1 F1710 X162.919 Y137.661 E839.36418
G0 F9600 X163.456 Y137.661
G1 F1710 X165.134 Y139.339 E839.43467
G0 F9600 X165.672 Y139.339
G1 F1710 X163.994 Y137.661 E839.50515
G0 F9600 X164.531 Y137.661
G1 F1710 X166.209 Y139.339 E839.57563
G0 F9600 X166.746 Y139.339
G1 F1710 X165.068 Y137.661 E839.64611
G0 F9600 X165.549 Y137.604
G1 F1710 X167.284 Y139.339 E839.71899
G0 F9600 X167.821 Y139.339
G1 F1710 X165.978 Y137.495 E839.79643
G0 F9600 X166.358 Y137.339
G1 F1710 X168.359 Y139.339 E839.88045
G0 F9600 X168.896 Y139.339
G1 F1710 X166.707 Y137.15 E839.9724
G0 F9600 X167.01 Y136.916
G1 F1710 X169.375 Y139.281 E840.07174
G0 F9600 X169.785 Y139.153
G1 F1710 X167.286 Y136.654 E840.17671
G0 F9600 X167.538 Y136.369
G1 F1710 X170.116 Y138.947 E840.28499
G0 F9600 X170.384 Y138.678
G1 F1710 X167.747 Y136.04 E840.39578
G0 F9600 X167.927 Y135.683
G1 F1710 X170.611 Y138.367 E840.50852
G0 F9600 X170.761 Y137.979
G1 F1710 X168.047 Y135.265 E840.62252
G0 F9600 X168.135 Y134.816
G1 F1710 X170.839 Y137.52 E840.7361
G0 F9600 X170.839 Y136.983
G1 F1710 X168.156 Y134.299 E840.84881
G0 F9600 X168.156 Y133.763
G1 F1710 X170.839 Y136.445 E840.96149
G0 F9600 X170.839 Y135.908
G1 F1710 X168.156 Y133.225 E841.07419
G0 F9600 X168.157 Y132.689
G1 F1710 X170.839 Y135.371 E841.18684
G0 F9600 X170.839 Y134.833
G1 F1710 X168.158 Y132.152 E841.29945
G0 F9600 X168.158 Y131.614
G1 F1710 X170.839 Y134.296 E841.41209
G0 F9600 X170.839 Y133.758
G1 F1710 X168.158 Y131.078 E841.52468
G0 F9600 X168.159 Y130.541
G1 F1710 X170.839 Y133.221 E841.63725
G0 F9600 X170.839 Y132.684
G1 F1710 X168.159 Y130.004 E841.74982
G0 F9600 X168.16 Y129.467
G1 F1710 X170.839 Y132.146 E841.86235
G0 F9600 X170.839 Y131.609
G1 F1710 X168.161 Y128.93 E841.97486
G0 F9600 X168.161 Y128.393
G1 F1710 X170.839 Y131.071 E842.08734
G0 F9600 X170.839 Y130.534
G1 F1710 X168.058 Y127.753 E842.20416
G0 F9600 X167.668 Y126.825
G1 F1710 X170.839 Y129.997 E842.33737
G0 F9600 X170.839 Y129.459
G1 F1710 X165.041 Y123.661 E842.58091
G0 F9600 X165.578 Y123.661
G1 F1710 X170.839 Y128.922 E842.80189
G0 F9600 X170.839 Y128.384
G1 F1710 X166.116 Y123.661 E843.00028
G0 F9600 X166.653 Y123.661
G1 F1710 X170.839 Y127.847 E843.17611
G0 F9600 X170.839 Y127.31
G1 F1710 X167.19 Y123.661 E843.32938
G0 F9600 X167.728 Y123.661
G1 F1710 X170.839 Y126.772 E843.46005
G0 F9600 X170.85 Y126.246
G1 F1710 X168.265 Y123.661 E843.56863
G0 F9600 X168.803 Y123.661
G1 F1710 X170.955 Y125.813 E843.65903
G0 F9600 X171.129 Y125.45
G1 F1710 X169.34 Y123.661 E843.73417
G0 F9600 X169.877 Y123.661
G1 F1710 X171.346 Y125.13 E843.79588
G0 F9600 X171.61 Y124.856
G1 F1710 X170.415 Y123.661 E843.84607
G0 F9600 X170.952 Y123.661
G1 F1710 X171.929 Y124.638 E843.88711
G0 F9600 X172.294 Y124.465
G1 F1710 X171.49 Y123.661 E843.92088
G0 F9600 X172.027 Y123.661
G1 F1710 X172.736 Y124.369 E843.95064
G0 F9600 X173.243 Y124.339
G1 F1710 X172.564 Y123.661 E843.97914
G0 F9600 X173.102 Y123.661
G1 F1710 X173.78 Y124.339 E844.00762
G0 F9600 X174.317 Y124.339
G1 F1710 X173.639 Y123.661 E844.0361
G0 F9600 X174.177 Y123.661
G1 F1710 X174.855 Y124.339 E844.06458
G0 F9600 X175.392 Y124.339
G1 F1710 X174.714 Y123.661 E844.09305
G0 F9600 X175.251 Y123.661
G1 F1710 X175.93 Y124.339 E844.12155
G0 F9600 X176.467 Y124.339
G1 F1710 X175.789 Y123.661 E844.15003
G0 F9600 X176.326 Y123.661
G1 F1710 X177.004 Y124.339 E844.17851
G0 F9600 X177.542 Y124.339
G1 F1710 X176.864 Y123.661 E844.20699
G0 F9600 X177.401 Y123.661
G1 F1710 X178.079 Y124.339 E844.23547
G0 F9600 X178.617 Y124.339
G1 F1710 X177.938 Y123.661 E844.26397
G0 F9600 X178.476 Y123.661
G1 F1710 X179.154 Y124.339 E844.29245
G0 F9600 X179.691 Y124.339
G1 F1710 X179.013 Y123.661 E844.32093
G0 F9600 X179.551 Y123.661
G1 F1710 X180.229 Y124.339 E844.3494
G0 F9600 X180.235 Y123.808
G1 F1710 X180.088 Y123.661 E844.35558
G1 F4200 E843.35558
G0 F9600 X173.228 Y124.617
G0 X166.655 Y125.813
G1 F2100 E844.35558
G1 F1710 X164.503 Y123.661 E844.44597
G0 F9600 X163.966 Y123.661
G1 F1710 X165.732 Y125.427 E844.52015
G0 F9600 X165.113 Y125.345
G1 F1710 X163.429 Y123.661 E844.59089
G0 F9600 X162.891 Y123.661
G1 F1710 X164.573 Y125.342 E844.66152
G0 F9600 X164.035 Y125.342
G1 F1710 X162.354 Y123.661 E844.73212
G0 F9600 X161.816 Y123.661
G1 F1710 X163.498 Y125.342 E844.80275
G0 F9600 X162.961 Y125.342
G1 F1710 X161.279 Y123.661 E844.87338
G0 F9600 X160.742 Y123.661
G1 F1710 X162.423 Y125.342 E844.94399
G0 F9600 X161.886 Y125.342
G1 F1710 X160.204 Y123.661 E845.01462
G0 F9600 X159.667 Y123.661
G1 F1710 X161.348 Y125.342 E845.08523
G0 F9600 X160.811 Y125.342
G1 F1710 X159.129 Y123.661 E845.15586
G0 F9600 X158.592 Y123.661
G1 F1710 X160.274 Y125.342 E845.22649
G0 F9600 X159.735 Y125.342
G1 F1710 X158.055 Y123.661 E845.29708
G0 F9600 X157.517 Y123.661
G1 F1710 X159.198 Y125.342 E845.36769
G0 F9600 X158.661 Y125.342
G1 F1710 X156.98 Y123.661 E845.4383
G0 F9600 X156.442 Y123.661
G1 F1710 X158.123 Y125.342 E845.5089
G0 F9600 X157.586 Y125.342
G1 F1710 X155.905 Y123.661 E845.57951
G0 F9600 X155.368 Y123.661
G1 F1710 X157.048 Y125.342 E845.6501
G0 F9600 X156.511 Y125.342
G1 F1710 X154.83 Y123.661 E845.72071
G0 F9600 X154.293 Y123.661
G1 F1710 X155.974 Y125.342 E845.79132
G0 F9600 X155.436 Y125.342
G1 F1710 X153.755 Y123.661 E845.86193
G0 F9600 X153.218 Y123.661
G1 F1710 X154.898 Y125.341 E845.93249
G0 F9600 X154.361 Y125.341
G1 F1710 X152.681 Y123.661 E846.00306
G0 F9600 X152.143 Y123.661
G1 F1710 X153.823 Y125.341 E846.07363
G0 F9600 X153.286 Y125.341
G1 F1710 X151.606 Y123.661 E846.14419
G0 F9600 X151.068 Y123.661
G1 F1710 X152.748 Y125.341 E846.21476
G0 F9600 X152.211 Y125.341
G1 F1710 X150.531 Y123.661 E846.28533
G0 F9600 X149.994 Y123.661
G1 F1710 X151.674 Y125.341 E846.35589
G0 F9600 X151.136 Y125.341
G1 F1710 X149.456 Y123.661 E846.42646
G0 F9600 X148.919 Y123.661
G1 F1710 X150.599 Y125.341 E846.49703
G0 F9600 X150.061 Y125.341
G1 F1710 X148.381 Y123.661 E846.56759
G0 F9600 X147.844 Y123.661
G1 F1710 X149.523 Y125.34 E846.63812
G0 F9600 X148.986 Y125.34
G1 F1710 X147.307 Y123.661 E846.70864
G0 F9600 X146.769 Y123.661
G1 F1710 X148.449 Y125.34 E846.77919
G0 F9600 X147.911 Y125.34
G1 F1710 X146.232 Y123.661 E846.84971
G0 F9600 X145.694 Y123.661
G1 F1710 X147.374 Y125.34 E846.92026
G0 F9600 X146.836 Y125.34
G1 F1710 X145.157 Y123.661 E846.99078
G0 F9600 X144.62 Y123.661
G1 F1710 X146.299 Y125.34 E847.06131
G0 F9600 X145.762 Y125.34
G1 F1710 X144.082 Y123.661 E847.13185
G0 F9600 X143.545 Y123.661
G1 F1710 X145.224 Y125.34 E847.20238
G0 F9600 X144.686 Y125.34
G1 F1710 X143.007 Y123.661 E847.2729
G0 F9600 X142.47 Y123.661
G1 F1710 X144.149 Y125.34 E847.34343
G0 F9600 X143.611 Y125.34
G1 F1710 X141.933 Y123.661 E847.41393
G0 F9600 X141.395 Y123.661
G1 F1710 X143.074 Y125.34 E847.48446
G0 F9600 X142.536 Y125.34
G1 F1710 X140.858 Y123.661 E847.55496
G0 F9600 X140.32 Y123.661
G1 F1710 X141.999 Y125.34 E847.62548
G0 F9600 X141.462 Y125.34
G1 F1710 X139.783 Y123.661 E847.69601
G0 F9600 X139.246 Y123.661
G1 F1710 X140.924 Y125.34 E847.76651
G0 F9600 X140.387 Y125.34
G1 F1710 X138.708 Y123.661 E847.83704
G0 F9600 X138.171 Y123.661
G1 F1710 X139.849 Y125.339 E847.90752
G0 F9600 X139.311 Y125.339
G1 F1710 X137.633 Y123.661 E847.978
G0 F9600 X137.096 Y123.661
G1 F1710 X138.774 Y125.339 E848.04849
G0 F9600 X138.237 Y125.339
G1 F1710 X136.559 Y123.661 E848.11897
G0 F9600 X136.021 Y123.661
G1 F1710 X137.699 Y125.339 E848.18945
G0 F9600 X137.162 Y125.339
G1 F1710 X135.484 Y123.661 E848.25993
G0 F9600 X134.946 Y123.661
G1 F1710 X136.624 Y125.339 E848.33042
G0 F9600 X136.087 Y125.339
G1 F1710 X134.409 Y123.661 E848.4009
G0 F9600 X133.872 Y123.661
G1 F1710 X135.55 Y125.339 E848.47138
G0 F9600 X135.012 Y125.339
G1 F1710 X133.334 Y123.661 E848.54186
G0 F9600 X132.797 Y123.661
G1 F1710 X134.515 Y125.379 E848.61403
G0 F9600 X134.085 Y125.487
G1 F1710 X132.259 Y123.661 E848.69073
G0 F9600 X131.722 Y123.661
G1 F1710 X133.692 Y125.631 E848.77347
G0 F9600 X133.337 Y125.813
G1 F1710 X131.185 Y123.661 E848.86387
G0 F9600 X130.647 Y123.661
G1 F1710 X133.032 Y126.045 E848.96403
G0 F9600 X132.749 Y126.301
G1 F1710 X130.11 Y123.661 E849.07489
G0 F9600 X129.572 Y123.661
G1 F1710 X132.499 Y126.588 E849.19784
G0 F9600 X132.282 Y126.908
G1 F1710 X129.035 Y123.661 E849.33423
G0 F9600 X128.498 Y123.661
G1 F1710 X132.101 Y127.264 E849.48557
G0 F9600 X131.962 Y127.663
G1 F1710 X127.96 Y123.661 E849.65367
G0 F9600 X127.423 Y123.661
G1 F1710 X131.881 Y128.119 E849.84092
G0 F9600 X131.844 Y128.619
G1 F1710 X129.015 Y125.791 E849.95973
G0 F9600 X129.161 Y126.474
G1 F1710 X131.844 Y129.157 E850.07243
G0 F9600 X131.843 Y129.693
G1 F1710 X129.161 Y127.011 E850.18508
G0 F9600 X129.161 Y127.549
G1 F1710 X131.843 Y130.231 E850.29774
G0 F9600 X131.842 Y130.767
G1 F1710 X129.161 Y128.086 E850.41035
G0 F9600 X129.161 Y128.623
G1 F1710 X131.842 Y131.305 E850.52298
G0 F9600 X131.841 Y131.841
G1 F1710 X129.161 Y129.161 E850.63555
G0 F9600 X129.161 Y129.698
G1 F1710 X131.841 Y132.379 E850.74814
G0 F9600 X131.841 Y132.916
G1 F1710 X129.161 Y130.236 E850.86072
G0 F9600 X129.161 Y130.773
G1 F1710 X131.841 Y133.453 E850.97329
G0 F9600 X131.84 Y133.99
G1 F1710 X129.161 Y131.31 E851.08584
G0 F9600 X129.161 Y131.848
G1 F1710 X131.84 Y134.527 E851.19836
G0 F9600 X131.909 Y135.134
G1 F1710 X129.161 Y132.385 E851.31381
G0 F9600 X129.161 Y132.923
G1 F1710 X132.226 Y135.988 E851.44255
G0 F9600 X133.416 Y136.874
G0 X133.91 Y137.136
G0 X137.119 Y137.657
G1 F1710 X142.993 Y143.53 E851.68926
G0 F9600 X143.53 Y143.53
G1 F1710 X137.657 Y137.657 E851.93595
G0 F9600 X138.194 Y137.657
G1 F1710 X144.067 Y143.53 E852.18264
G0 F9600 X142.455 Y143.53
G1 F1710 X140.861 Y141.936 E852.2496
G0 F9600 X141.09 Y142.702
G1 F1710 X141.918 Y143.53 E852.28438
G0 F9600 X141.38 Y143.53
G1 F1710 X141.142 Y143.292 E852.29437
G1 F4200 E851.29437
G0 F9600 X140.224 Y141.389
G0 X136.893 Y137.343
G0 X134.96 Y137.349
G0 X134.445 Y137.299
G0 X133.91 Y137.136
G0 X133.416 Y136.874
G0 X132.984 Y136.518
G0 X132.629 Y136.087
G0 X132.364 Y135.594
G0 X132.151 Y134.688
G0 X132.167 Y130.725
G0 X128.491 Y125.387
G0 X127.71 Y124.485
G1 F2100 E852.29437
G1 F1710 X126.885 Y123.661 E852.32901
G0 F9600 X126.348 Y123.661
G1 F1710 X127.026 Y124.339 E852.35749
G0 F9600 X126.489 Y124.339
G1 F1710 X125.811 Y123.661 E852.38596
G0 F9600 X125.273 Y123.661
G1 F1710 X125.951 Y124.339 E852.41444
G0 F9600 X125.414 Y124.339
G1 F1710 X124.736 Y123.661 E852.44292
G0 F9600 X124.198 Y123.661
G1 F1710 X124.876 Y124.339 E852.4714
G0 F9600 X124.339 Y124.339
G1 F1710 X123.661 Y123.661 E852.49988
G0 F9600 X123.124 Y123.661
G1 F1710 X123.802 Y124.339 E852.52836
G0 F9600 X123.264 Y124.339
G1 F1710 X122.586 Y123.661 E852.55684
G0 F9600 X122.049 Y123.661
G1 F1710 X122.727 Y124.339 E852.58531
G0 F9600 X122.189 Y124.339
G1 F1710 X121.511 Y123.661 E852.61379
G0 F9600 X120.974 Y123.661
G1 F1710 X121.652 Y124.339 E852.64227
G0 F9600 X121.115 Y124.339
G1 F1710 X120.437 Y123.661 E852.67075
G0 F9600 X119.899 Y123.661
G1 F1710 X120.577 Y124.339 E852.69923
G0 F9600 X120.04 Y124.339
G1 F1710 X119.761 Y124.06 E852.71095
G0 F9600 X119.813 Y124.06
G1 F4200 E851.71095
;MESH:NONMESH
G0 F1500 X119.813 Y124.06 Z2.4
G0 F9600 X127.207 Y124.651
G0 X127.71 Y124.785
G0 X132.272 Y127.711
G0 X132.151 Y128.46
G0 X132.151 Y134.688
G0 X132.364 Y135.594
G0 X132.629 Y136.087
G0 X132.984 Y136.518
G0 X133.416 Y136.874
G0 X133.91 Y137.136
G0 X134.445 Y137.299
G0 X165.51 Y137.451
;TIME_ELAPSED:1138.214404
;LAYER:11
;TYPE:WALL-INNER
;MESH:LC-GR3005??????RFID?????????-WB.stl
G1 F2100 E852.71095
G1 F1800 X165.11 Y137.495 E852.7238
G1 X134.924 Y137.5 E853.68763
G1 X134.279 Y137.406 E853.70844
G1 X134.041 Y137.341 E853.71632
G1 X133.496 Y137.094 E853.73542
G1 X132.998 Y136.724 E853.75523
G1 X132.506 Y136.183 E853.77858
G1 X132.21 Y135.604 E853.79935
G1 X132.044 Y135 E853.81935
G1 X132.004 Y134.6 E853.83218
G1 X132 Y128.424 E854.02938
G1 X132.112 Y127.655 E854.05419
G1 X132.355 Y127.075 E854.07427
G1 X132.772 Y126.498 E854.097
G1 X133.204 Y126.102 E854.11571
G1 X133.404 Y125.96 E854.12355
G1 X133.892 Y125.709 E854.14107
G1 X134.496 Y125.544 E854.16106
G1 X134.896 Y125.504 E854.1739
G1 X165.078 Y125.5 E855.1376
G1 X165.718 Y125.594 E855.15825
G1 X166.314 Y125.803 E855.17842
G1 X166.819 Y126.116 E855.19739
G1 X167.005 Y126.275 E855.2052
G1 X167.455 Y126.777 E855.22673
G1 X167.737 Y127.275 E855.245
G1 X167.94 Y127.886 E855.26556
G1 X168 Y128.496 E855.28513
G1 X168 Y134.578 E855.47933
G1 X167.887 Y135.344 E855.50405
G1 X167.597 Y135.995 E855.52681
G1 X167.308 Y136.425 E855.54335
G1 X166.789 Y136.897 E855.56575
G1 X166.592 Y137.036 E855.57345
G1 X166.104 Y137.287 E855.59097
G1 X165.887 Y137.347 E855.59816
G0 F1620 X165.51 Y137.451
G0 F9600 X165.97 Y136.91
G1 F1800 X165.466 Y137.053 E855.61489
G1 X165.066 Y137.097 E855.62773
G1 X134.913 Y137.094 E856.59051
G1 X134.255 Y136.998 E856.61174
G1 X133.72 Y136.762 E856.63041
G1 X133.293 Y136.454 E856.64723
G1 X132.868 Y135.987 E856.66739
G1 X132.586 Y135.47 E856.68619
G1 X132.442 Y134.96 E856.70311
G1 X132.402 Y134.56 E856.71595
G1 X132.406 Y128.413 E856.91222
G1 X132.501 Y127.764 E856.93316
G1 X132.705 Y127.267 E856.95032
G1 X133.042 Y126.793 E856.96889
G1 X133.53 Y126.345 E856.99004
G1 X134.026 Y126.086 E857.0079
G1 X134.421 Y125.965 E857.0211
G1 X134.936 Y125.902 E857.03766
G1 X165.088 Y125.906 E858.00041
G1 X165.736 Y126.001 E858.02132
G1 X166.273 Y126.232 E858.03998
G1 X166.709 Y126.544 E858.0571
G1 X167.135 Y127.018 E858.07745
G1 X167.38 Y127.456 E858.09348
G1 X167.53 Y127.921 E858.10908
G1 X167.597 Y128.43 E858.12547
G1 X167.6 Y134.5 E858.31928
G1 X167.501 Y135.229 E858.34277
G1 X167.319 Y135.67 E858.35801
G1 X167.01 Y136.156 E858.37639
G1 X166.465 Y136.651 E858.3999
G1 X166.316 Y136.729 E858.40527
G0 F1620 X165.97 Y136.91
G1 F4200 E857.40527
G0 F9600 X166.061 Y137.208
G0 X160.733 Y140.384
G0 X159.982 Y141.106
G0 X159.46 Y141.981
G0 X159.276 Y142.51
G0 X157.615 Y176.397
G1 F2100 E858.40527
G1 F1800 X157.913 Y176.273 E858.41558
G1 X158.176 Y176.113 E858.42541
G1 X158.408 Y175.912 E858.43521
G1 X158.611 Y175.675 E858.44517
G1 X158.774 Y175.408 E858.45516
G1 X158.898 Y175.11 E858.46547
G1 X159 Y174.594 E858.48226
G1 X159.004 Y143.275 E859.48227
G1 X159.126 Y142.465 E859.50842
G1 X159.353 Y141.857 E859.52915
G1 X159.62 Y141.356 E859.54727
G1 X159.836 Y141.052 E859.55918
G1 X160.174 Y140.665 E859.57559
G1 X160.594 Y140.3 E859.59335
G1 X161.125 Y139.961 E859.61347
G1 X161.572 Y139.757 E859.62916
G1 X162.143 Y139.59 E859.64815
G1 X162.759 Y139.5 E859.66803
G1 X169.089 Y139.5 E859.87015
G1 X169.615 Y139.397 E859.88726
G1 X169.913 Y139.273 E859.89757
G1 X170.176 Y139.113 E859.90739
G1 X170.408 Y138.912 E859.9172
G1 X170.611 Y138.675 E859.92716
G1 X170.774 Y138.408 E859.93715
G1 X170.898 Y138.11 E859.94745
G1 X171 Y137.594 E859.96425
G1 X171 Y126.469 E860.31947
G1 X171.089 Y125.931 E860.33688
G1 X171.206 Y125.618 E860.34755
G1 X171.496 Y125.184 E860.36421
G1 X171.871 Y124.853 E860.38019
G1 X172.276 Y124.634 E860.39489
G1 X172.881 Y124.5 E860.41467
G1 X180.808 Y124.5 E860.66778
G1 X180.808 Y123.5 E860.69971
G1 X119.188 Y123.5 E862.66722
G1 X119.188 Y124.5 E862.69915
G1 X127 Y124.5 E862.94858
G1 X127.564 Y124.59 E862.96682
G1 X127.877 Y124.706 E862.97748
G1 X128.106 Y124.838 E862.98592
G1 X128.488 Y125.169 E863.00206
G1 X128.786 Y125.61 E863.01905
G1 X128.899 Y125.903 E863.02908
G1 X128.995 Y126.389 E863.0449
G1 X129 Y137.594 E863.40267
G1 X129.1 Y138.115 E863.41961
G1 X129.222 Y138.408 E863.42974
G1 X129.385 Y138.675 E863.43973
G1 X129.586 Y138.91 E863.4496
G1 X129.823 Y139.113 E863.45957
G1 X130.085 Y139.274 E863.46939
G1 X130.381 Y139.397 E863.47962
G1 X130.908 Y139.5 E863.49677
G1 X137.284 Y139.504 E863.70035
G1 X138.046 Y139.629 E863.72501
G1 X138.599 Y139.831 E863.7438
G1 X139.168 Y140.136 E863.76442
G1 X139.669 Y140.512 E863.78442
G1 X140.054 Y140.916 E863.80224
G1 X140.386 Y141.375 E863.82033
G1 X140.702 Y141.965 E863.8417
G1 X140.887 Y142.558 E863.86153
G1 X141 Y143.156 E863.88096
G1 X141 Y174.594 E864.88477
G1 X141.1 Y175.115 E864.90171
G1 X141.222 Y175.408 E864.91184
G1 X141.385 Y175.675 E864.92183
G1 X141.586 Y175.91 E864.9317
G1 X141.823 Y176.113 E864.94167
G1 X142.085 Y176.274 E864.95149
G1 X142.381 Y176.397 E864.96172
G1 X142.907 Y176.5 E864.97884
G1 X157.089 Y176.5 E865.43166
G1 X157.232 Y176.472 E865.43632
G0 F1620 X157.615 Y176.397
G0 F9600 X157.738 Y176.779
G1 F1800 X158.095 Y176.631 E865.44865
G1 X158.413 Y176.437 E865.46055
G1 X158.693 Y176.195 E865.47237
G1 X158.936 Y175.91 E865.48432
G1 X159.131 Y175.59 E865.49629
G1 X159.28 Y175.236 E865.50855
G1 X159.4 Y174.617 E865.52869
G1 X159.41 Y143.262 E866.52984
G1 X159.506 Y142.626 E866.55038
G1 X159.678 Y142.11 E866.56775
G1 X159.946 Y141.588 E866.58648
G1 X160.162 Y141.284 E866.59839
G1 X160.535 Y140.871 E866.61616
G1 X160.912 Y140.562 E866.63172
G1 X161.294 Y140.324 E866.64609
G1 X161.706 Y140.134 E866.66058
G1 X162.201 Y139.986 E866.67708
G1 X162.836 Y139.9 E866.69754
G1 X169.114 Y139.9 E866.89799
G1 X169.738 Y139.779 E866.91829
G1 X170.095 Y139.631 E866.93063
G1 X170.413 Y139.437 E866.94252
G1 X170.693 Y139.195 E866.95434
G1 X170.936 Y138.91 E866.9663
G1 X171.131 Y138.59 E866.97826
G1 X171.28 Y138.236 E866.99053
G1 X171.4 Y137.617 E867.01066
G1 X171.4 Y126.48 E867.36626
G1 X171.482 Y126.007 E867.38159
G1 X171.552 Y125.819 E867.38799
G1 X171.779 Y125.467 E867.40137
G1 X172.076 Y125.196 E867.4142
G1 X172.41 Y125.01 E867.42641
G1 X172.926 Y124.9 E867.44326
G1 X181.208 Y124.9 E867.7077
G1 X181.208 Y123.1 E867.76517
G1 X118.788 Y123.1 E869.75823
G1 X118.788 Y124.9 E869.8157
G1 X127 Y124.9 E870.07791
G1 X127.489 Y124.982 E870.09374
G1 X127.905 Y125.184 E870.1085
G1 X128.208 Y125.455 E870.12148
G1 X128.44 Y125.811 E870.13505
G1 X128.507 Y125.987 E870.14106
G1 X128.597 Y126.428 E870.15544
G1 X128.6 Y137.617 E870.5127
G1 X128.718 Y138.239 E870.53291
G1 X128.865 Y138.59 E870.54506
G1 X129.06 Y138.91 E870.55703
G1 X129.302 Y139.194 E870.56894
G1 X129.587 Y139.437 E870.5809
G1 X129.902 Y139.631 E870.59271
G1 X130.258 Y139.779 E870.60502
G1 X130.883 Y139.9 E870.62535
G1 X137.25 Y139.904 E870.82865
G1 X137.939 Y140.016 E870.85093
G1 X138.419 Y140.188 E870.86721
G1 X138.928 Y140.456 E870.88558
G1 X139.428 Y140.838 E870.90567
G1 X139.684 Y141.098 E870.91732
G1 X140.033 Y141.564 E870.93591
G1 X140.331 Y142.12 E870.95605
G1 X140.494 Y142.632 E870.97321
G1 X140.6 Y143.193 E870.99144
G1 X140.6 Y174.617 E871.9948
G1 X140.718 Y175.239 E872.01501
G1 X140.865 Y175.59 E872.02717
G1 X141.06 Y175.91 E872.03913
G1 X141.302 Y176.194 E872.05104
G1 X141.587 Y176.437 E872.063
G1 X141.902 Y176.631 E872.07482
G1 X142.258 Y176.779 E872.08713
G1 X142.882 Y176.9 E872.10742
G1 X157.114 Y176.9 E872.56184
G1 X157.355 Y176.853 E872.56968
G0 F1620 X157.738 Y176.779
G0 F9600 X157.65 Y176.484
G0 X150.952 Y174.551
G1 F1800 X150.3 Y174.691 E872.59098
G1 X149.595 Y174.67 E872.6135
G1 X148.966 Y174.519 E872.63415
G1 X148.394 Y174.259 E872.65421
G1 X148.153 Y174.105 E872.66335
G1 X147.677 Y173.693 E872.68345
G1 X147.513 Y173.511 E872.69127
G1 X147.186 Y173.017 E872.71019
G1 X146.954 Y172.49 E872.72857
G1 X146.795 Y171.678 E872.75499
G1 X146.847 Y170.95 E872.77829
G1 X147.008 Y170.363 E872.79773
G1 X147.188 Y169.975 E872.81139
G1 X147.513 Y169.485 E872.83016
G1 X147.677 Y169.303 E872.83798
G1 X148.262 Y168.797 E872.86268
G1 X149.077 Y168.426 E872.89127
G1 X149.695 Y168.312 E872.91134
G1 X150.305 Y168.306 E872.93082
G1 X150.917 Y168.433 E872.95077
G1 X151.731 Y168.794 E872.9792
G1 X152.319 Y169.303 E873.00404
G1 X152.719 Y169.814 E873.02476
G1 X153.034 Y170.463 E873.04779
G1 X153.202 Y171.322 E873.07574
G1 X153.149 Y172.044 E873.09885
G1 X153.034 Y172.52 E873.11449
G1 X152.808 Y173.025 E873.13216
G1 X152.42 Y173.605 E873.15444
G1 X151.843 Y174.105 E873.17881
G1 X151.602 Y174.259 E873.18795
G1 X150.952 Y174.551 E873.2107
G0 F9600 X150.818 Y174.174
G1 F1800 X150.324 Y174.277 E873.22681
G1 X149.788 Y174.288 E873.24393
G1 X149.202 Y174.187 E873.26292
G1 X148.482 Y173.86 E873.28817
G1 X147.88 Y173.339 E873.31359
G1 X147.55 Y172.851 E873.3324
G1 X147.348 Y172.398 E873.34823
G1 X147.197 Y171.651 E873.37257
G1 X147.236 Y171.043 E873.39202
G1 X147.371 Y170.531 E873.40893
G1 X147.551 Y170.143 E873.42258
G1 X147.881 Y169.657 E873.44134
G1 X148.483 Y169.135 E873.46678
G1 X149.199 Y168.815 E873.49182
G1 X149.732 Y168.71 E873.50917
G1 X150.208 Y168.707 E873.52437
G1 X150.797 Y168.815 E873.54349
G1 X151.51 Y169.14 E873.56851
G1 X152.115 Y169.656 E873.5939
G1 X152.452 Y170.15 E873.61299
G1 X152.665 Y170.664 E873.63076
G1 X152.799 Y171.348 E873.65301
G1 X152.76 Y171.951 E873.67231
G1 X152.652 Y172.398 E873.68699
G1 X152.445 Y172.857 E873.70307
G1 X152.117 Y173.338 E873.72165
G1 X151.513 Y173.861 E873.74717
G1 X150.818 Y174.174 E873.7715
G0 F9600 X150.684 Y173.797
G0 X150.684 Y173.797 Z2.39
;TYPE:WALL-OUTER
G1 F1800 X150.488 Y173.836 Z2.4 E873.77786
G1 X150.247 Y173.885 E873.78588
G1 X149.749 Y173.885 E873.80211
G1 X149.297 Y173.791 E873.81716
G1 X148.698 Y173.519 E873.8386
G1 X148.168 Y173.051 E873.86165
G1 X147.914 Y172.684 E873.8762
G1 X147.729 Y172.277 E873.89077
G1 X147.603 Y171.643 E873.91184
G1 X147.625 Y171.137 E873.92835
G1 X147.734 Y170.699 E873.94306
G1 X147.914 Y170.311 E873.957
G1 X148.201 Y169.908 E873.97313
G1 X148.699 Y169.477 E873.99459
G1 X149.297 Y169.205 E874.01601
G1 X149.769 Y169.108 E874.03171
G1 X150.247 Y169.111 E874.04729
G1 X150.699 Y169.205 E874.06234
G1 X151.296 Y169.478 E874.08374
G1 X151.827 Y169.943 E874.10675
G1 X152.087 Y170.314 E874.12151
G1 X152.273 Y170.741 E874.13669
G1 X152.397 Y171.392 E874.15829
G1 X152.371 Y171.859 E874.17354
G1 X152.271 Y172.277 E874.18755
G1 X152.064 Y172.72 E874.20349
G1 X151.795 Y173.088 E874.21834
G1 X151.297 Y173.519 E874.23981
G1 X150.684 Y173.797 E874.26175
G1 X150.488 Y173.836 E874.2681
G0 F9600 X150.247 Y173.885
G0 X149.749 Y173.885
G0 X149.695 Y173.874
G0 X149.561 Y174.572
G0 X157.65 Y176.484
G0 X157.862 Y177.161
G0 X157.862 Y177.161 Z2.39
G1 F1800 X158.047 Y177.084 Z2.4 E874.27448
G1 X158.277 Y176.989 E874.28259
G1 X158.649 Y176.761 E874.29681
G1 X158.977 Y176.478 E874.31093
G1 X159.261 Y176.146 E874.32517
G1 X159.489 Y175.772 E874.33945
G1 X159.661 Y175.361 E874.35397
G1 X159.766 Y174.928 E874.36849
G1 X159.8 Y174.64 E874.37795
G1 X159.806 Y143.322 E875.39876
G1 X159.911 Y142.648 E875.42099
G1 X160.065 Y142.221 E875.43578
G1 X160.272 Y141.82 E875.45049
G1 X160.502 Y141.498 E875.46339
G1 X160.77 Y141.198 E875.4765
G1 X161.128 Y140.899 E875.49171
G1 X161.463 Y140.686 E875.50465
G1 X161.84 Y140.511 E875.51819
G1 X162.259 Y140.382 E875.53248
G1 X162.807 Y140.302 E875.55054
G1 X169.139 Y140.3 E875.75693
G1 X169.862 Y140.161 E875.78092
G1 X170.277 Y139.989 E875.79557
G1 X170.649 Y139.761 E875.80979
G1 X170.977 Y139.478 E875.82391
G1 X171.261 Y139.146 E875.83815
G1 X171.489 Y138.772 E875.85243
G1 X171.661 Y138.361 E875.86695
G1 X171.766 Y137.928 E875.88147
G1 X171.8 Y137.64 E875.89092
G1 X171.803 Y126.458 E876.2554
G1 X171.898 Y126.019 E876.27004
G1 X172.062 Y125.75 E876.28031
G1 X172.281 Y125.54 E876.2902
G1 X172.544 Y125.387 E876.30012
G1 X172.952 Y125.303 E876.3137
G1 X181.608 Y125.3 E876.59584
G1 X181.608 Y122.7 E876.68058
G1 X118.388 Y122.7 E878.74124
G1 X118.388 Y125.3 E878.82598
G1 X127.038 Y125.303 E879.10793
G1 X127.477 Y125.398 E879.12257
G1 X127.705 Y125.53 E879.13116
G1 X127.962 Y125.783 E879.14291
G1 X128.094 Y126.011 E879.1515
G1 X128.197 Y126.45 E879.1662
G1 X128.2 Y137.64 E879.53093
G1 X128.336 Y138.362 E879.55488
G1 X128.507 Y138.772 E879.56936
G1 X128.735 Y139.146 E879.58364
G1 X129.018 Y139.478 E879.59786
G1 X129.351 Y139.761 E879.6121
G1 X129.72 Y139.989 E879.62624
G1 X130.134 Y140.161 E879.64085
G1 X130.857 Y140.3 E879.66485
G1 X137.229 Y140.306 E879.87255
G1 X137.854 Y140.41 E879.8932
G1 X138.214 Y140.534 E879.90561
G1 X138.659 Y140.757 E879.92183
G1 X139.143 Y141.119 E879.94153
G1 X139.416 Y141.399 E879.95428
G1 X139.681 Y141.753 E879.96869
G1 X139.953 Y142.261 E879.98748
G1 X140.101 Y142.706 E880.00276
G1 X140.197 Y143.214 E880.01961
G1 X140.2 Y174.64 E881.04394
G1 X140.336 Y175.362 E881.06789
G1 X140.507 Y175.772 E881.08237
G1 X140.735 Y176.146 E881.09665
G1 X141.018 Y176.478 E881.11086
G1 X141.351 Y176.761 E881.12511
G1 X141.72 Y176.989 E881.13925
G1 X142.134 Y177.161 E881.15386
G1 X142.857 Y177.3 E881.17786
G1 X157.139 Y177.3 E881.64338
G1 X157.678 Y177.196 E881.66127
G0 F1620 X157.862 Y177.161
G0 X158.047 Y177.084
G0 F9600 X158.277 Y176.989
G0 X158.649 Y176.761
G0 X158.736 Y176.686
G1 F4200 E880.66127
G0 F9600 X158.275 Y176.148
G0 X159.155 Y143.287
G0 X159.276 Y142.51
G0 X159.46 Y141.981
G0 X159.982 Y141.106
G0 X160.658 Y140.456
G0 X166.035 Y137.216
G0 X165.827 Y136.536
G0 X165.827 Y136.536 Z2.39
G1 F2100 E881.66127
G1 F1800 X165.636 Y136.594 Z2.4 E881.66762
G1 X165.459 Y136.648 E881.67365
G1 X165.022 Y136.699 E881.688
G1 X134.971 Y136.698 E882.66751
G1 X134.347 Y136.601 E882.68809
G1 X133.944 Y136.43 E882.70236
G1 X133.588 Y136.184 E882.71646
G1 X133.182 Y135.74 E882.73607
G1 X132.96 Y135.327 E882.75136
G1 X132.84 Y134.92 E882.76519
G1 X132.8 Y134.52 E882.77829
G1 X132.802 Y128.471 E882.97546
G1 X132.898 Y127.849 E882.99597
G1 X133.056 Y127.459 E883.00969
G1 X133.312 Y127.088 E883.02438
G1 X133.784 Y126.664 E883.04506
G1 X134.169 Y126.46 E883.05926
G1 X134.576 Y126.34 E883.07309
G1 X134.976 Y126.3 E883.0862
G1 X165.03 Y126.302 E884.0658
G1 X165.647 Y126.398 E884.08616
G1 X166.051 Y126.565 E884.10041
G1 X166.413 Y126.813 E884.11471
G1 X166.816 Y127.259 E884.1343
G1 X167.023 Y127.637 E884.14835
G1 X167.148 Y128.037 E884.16201
G1 X167.199 Y128.474 E884.17635
G1 X167.198 Y134.53 E884.37374
G1 X167.105 Y135.14 E884.39386
G1 X166.931 Y135.551 E884.4084
G1 X166.71 Y135.883 E884.4214
G1 X166.251 Y136.305 E884.44173
G1 X165.992 Y136.446 E884.45134
G0 F1620 X165.827 Y136.536
G0 X165.636 Y136.594
G0 F9600 X165.459 Y136.648
G0 X165.022 Y136.699
G0 X164.847 Y136.699
G1 F4200 E883.45134
G0 F9600 X164.847 Y137.41
G0 X160.333 Y140.72
G0 X159.712 Y141.493
G0 X159.46 Y141.981
G0 X159.294 Y142.457
G0 X158.596 Y148
;TYPE:FILL
G1 F2100 E884.45134
G1 F1800 X158.596 Y148.948 E884.48161
G1 X141.408 Y166.135 E885.25772
G1 X141.408 Y167.81 E885.3112
G1 X146.865 Y173.267 E885.55761
G1 X147.185 Y173.754 E885.57622
G1 X147.4 Y173.992 E885.58646
G1 X147.897 Y174.423 E885.60747
G1 X148.087 Y174.544 E885.61466
G1 X146.538 Y176.092 E885.68458
G1 X145.918 Y176.092 E885.70438
G1 X141.408 Y171.582 E885.90803
G1 X141.408 Y169.907 E885.96151
G1 X158.595 Y152.72 E886.7376
G1 X158.596 Y151.053 E886.79083
G1 X155.543 Y148 E886.92868
G1 X152.001 Y148 E887.04178
G1 X156.762 Y143.238 E887.25679
G1 X158.325 Y143.239 E887.30669
G1 X158.597 Y143.51 E887.31895
G1 X158.596 Y145.175 E887.37212
G1 X155.773 Y148 E887.49964
G1 X158.596 Y148 E887.58977
G1 X158.597 Y147.282 E887.6127
G1 X154.554 Y143.239 E887.79526
G1 X152.99 Y143.238 E887.8452
G1 X148.361 Y147.869 E888.05427
G1 X151.638 Y147.866 E888.1589
G1 X147.01 Y143.239 E888.36786
G1 X145.447 Y143.238 E888.41777
G1 X141.408 Y147.277 E888.60015
G1 X141.408 Y148 E888.62324
G0 F9600 X144.228 Y148
G1 F1800 X141.408 Y145.18 E888.75057
G1 X141.408 Y143.505 E888.80406
G1 X141.675 Y143.238 E888.81611
G1 X143.239 Y143.239 E888.86605
G1 X148 Y148 E889.08104
G1 X144.458 Y148 E889.19413
G1 X141.408 Y151.049 E889.33183
G1 X141.408 Y152.723 E889.38528
G1 X158.593 Y169.909 E890.1613
G1 X158.592 Y171.582 E890.21472
G1 X154.081 Y176.092 E890.41839
G1 X153.461 Y176.092 E890.43819
G1 X151.912 Y174.542 E890.50816
G1 X151.784 Y174.624 E890.51301
G1 X151.085 Y174.938 E890.53748
G1 X150.465 Y175.072 E890.55773
G1 X149.776 Y175.097 E890.57975
G1 X149.1 Y174.99 E890.6016
G1 X148.807 Y174.895 E890.61144
G1 X148.232 Y174.634 E890.6316
G1 X149.69 Y176.092 E890.69743
G1 X150.31 Y176.092 E890.71723
G1 X151.774 Y174.628 E890.78334
G0 F9600 X152.885 Y172.5
G0 X153.022 Y171.934
G0 X153.051 Y171.335
G0 X152.894 Y170.519
G0 X152.644 Y169.974
G0 X150.858 Y168.001
G1 F1800 X158.594 Y160.264 E891.13268
G1 X158.595 Y158.595 E891.18597
G1 X148 Y148 E891.6644
G0 F9600 X148.361 Y147.869
G1 F1800 X141.408 Y154.82 E891.97832
G1 X141.408 Y156.495 E892.0318
G1 X158.593 Y173.68 E892.8078
G1 X158.592 Y174.562 E892.83596
G1 X158.508 Y174.99 E892.84988
G1 X158.284 Y175.427 E892.86556
G1 X157.927 Y175.787 E892.88175
G1 X157.494 Y176.006 E892.89725
G1 X157.204 Y176.063 E892.90668
G1 X153.494 Y172.352 E893.07423
G1 X153.422 Y172.648 E893.08396
G1 X153.157 Y173.245 E893.10481
G1 X158.593 Y167.809 E893.35028
G1 X158.593 Y166.137 E893.40367
G1 X141.408 Y148.951 E894.17969
G1 X141.408 Y148 E894.21005
G1 X144.228 Y148 E894.30009
G1 X158.594 Y162.366 E894.9488
G1 X158.593 Y164.037 E895.00215
G1 X153.041 Y169.589 E895.25285
G1 X152.805 Y169.234 E895.26646
G1 X152.596 Y169.004 E895.27639
G1 X151.957 Y168.45 E895.30339
G1 X151.188 Y168.101 E895.33036
G1 X150.899 Y168.008 E895.34005
G1 X150.339 Y167.904 E895.35824
G0 F9600 X146.95 Y169.58
G1 F1800 X141.408 Y164.038 E895.60849
G1 X141.408 Y162.364 E895.66194
G1 X155.773 Y148 E896.31057
G0 F9600 X155.543 Y148
G1 F1800 X150.782 Y143.239 E896.52556
G1 X149.219 Y143.238 E896.57546
G1 X144.458 Y148 E896.79047
G0 F9600 X151.638 Y147.866
G1 F1800 X158.596 Y154.824 E897.10466
G1 X158.595 Y156.492 E897.15792
G1 X141.408 Y173.679 E897.93401
G1 X141.408 Y174.565 E897.9623
G1 X141.493 Y174.999 E897.97642
G1 X141.716 Y175.435 E897.99206
G1 X142.064 Y175.782 E898.00775
G1 X142.497 Y176.005 E898.0233
G1 X142.795 Y176.063 E898.03299
G1 X146.51 Y172.348 E898.20075
G1 X146.385 Y171.702 E898.22175
G1 X146.446 Y170.867 E898.24849
G1 X146.633 Y170.203 E898.27051
G1 X146.937 Y169.595 E898.29222
G1 X147.394 Y169.008 E898.31597
G1 X148.04 Y168.45 E898.34323
G1 X148.953 Y168.035 E898.37525
G1 X149.141 Y167.999 E898.38136
G1 X141.408 Y160.266 E898.73055
G1 X141.408 Y158.592 E898.784
G1 X152.001 Y148 E899.26231
G1 F4200 E898.26231
G0 F9600 X160.733 Y140.384
G0 X166.614 Y136.855
G0 X167.2 Y136.319
G0 X171.16 Y131.964
G0 X171.151 Y126.418
G0 X171.268 Y125.822
G0 X171.523 Y125.377
G0 X172.304 Y124.774
G0 X180.475 Y124.167
;TYPE:SKIN
G1 F2100 E899.26231
G1 F1922.5 X173.016 Y124.167 E899.45936
G1 X172.98 Y123.829 E899.46834
G1 X180.475 Y123.829 E899.66635
G1 X180.475 Y124.167 E899.67528
G1 F4200 E898.67528
G0 F9600 X126.996 Y124.167
G1 F2100 E899.67528
G1 F1922.5 X119.517 Y124.167 E899.87286
G1 X119.517 Y123.829 E899.88179
G1 X127.022 Y123.829 E900.08006
G1 X126.996 Y124.167 E900.08902
G0 F9600 X127.153 Y124.35
G1 F1710 X127.843 Y123.661 E900.11798
G0 F9600 X128.38 Y123.661
G1 F1710 X127.604 Y124.437 E900.15058
G0 F9600 X127.99 Y124.589
G1 F1710 X128.918 Y123.661 E900.18956
G0 F9600 X129.455 Y123.661
G1 F1710 X128.312 Y124.804 E900.23757
G0 F9600 X128.587 Y125.067
G1 F1710 X129.992 Y123.661 E900.2966
G0 F9600 X130.53 Y123.661
G1 F1710 X128.828 Y125.362 E900.36807
G0 F9600 X129.002 Y125.726
G1 F1710 X131.067 Y123.661 E900.45481
G0 F9600 X131.605 Y123.661
G1 F1710 X129.113 Y126.153 E900.55949
G0 F9600 X129.156 Y126.647
G1 F1710 X132.142 Y123.661 E900.68491
G0 F9600 X132.679 Y123.661
G1 F1710 X129.156 Y127.184 E900.83289
G0 F9600 X129.156 Y127.722
G1 F1710 X133.217 Y123.661 E901.00347
G0 F9600 X133.754 Y123.661
G1 F1710 X129.157 Y128.259 E901.19658
G0 F9600 X129.157 Y128.796
G1 F1710 X134.292 Y123.661 E901.41227
G0 F9600 X134.829 Y123.661
G1 F1710 X129.157 Y129.333 E901.65052
G0 F9600 X129.157 Y129.87
G1 F1710 X135.366 Y123.661 E901.91132
G0 F9600 X135.904 Y123.661
G1 F1710 X134.082 Y125.482 E901.98783
G0 F9600 X134.738 Y125.364
G1 F1710 X136.441 Y123.661 E902.05936
G0 F9600 X136.979 Y123.661
G1 F1710 X135.296 Y125.344 E902.13006
G0 F9600 X135.833 Y125.344
G1 F1710 X137.516 Y123.661 E902.20075
G0 F9600 X138.053 Y123.661
G1 F1710 X136.37 Y125.344 E902.27144
G0 F9600 X136.908 Y125.344
G1 F1710 X138.591 Y123.661 E902.34213
G0 F9600 X139.128 Y123.661
G1 F1710 X137.445 Y125.344 E902.41283
G0 F9600 X137.983 Y125.344
G1 F1710 X139.666 Y123.661 E902.48352
G0 F9600 X140.203 Y123.661
G1 F1710 X138.52 Y125.344 E902.55421
G0 F9600 X139.057 Y125.344
G1 F1710 X140.74 Y123.661 E902.62491
G0 F9600 X141.278 Y123.661
G1 F1710 X139.596 Y125.343 E902.69556
G0 F9600 X140.133 Y125.343
G1 F1710 X141.815 Y123.661 E902.76621
G0 F9600 X142.353 Y123.661
G1 F1710 X140.67 Y125.343 E902.83688
G0 F9600 X141.208 Y125.343
G1 F1710 X142.89 Y123.661 E902.90753
G0 F9600 X143.427 Y123.661
G1 F1710 X141.745 Y125.343 E902.97818
G0 F9600 X142.283 Y125.343
G1 F1710 X143.965 Y123.661 E903.04883
G0 F9600 X144.502 Y123.661
G1 F1710 X142.82 Y125.343 E903.11948
G0 F9600 X143.357 Y125.343
G1 F1710 X145.04 Y123.661 E903.19015
G0 F9600 X145.577 Y123.661
G1 F1710 X143.896 Y125.342 E903.26076
G0 F9600 X144.433 Y125.342
G1 F1710 X146.114 Y123.661 E903.33137
G0 F9600 X146.652 Y123.661
G1 F1710 X144.97 Y125.342 E903.402
G0 F9600 X145.508 Y125.342
G1 F1710 X147.189 Y123.661 E903.47261
G0 F9600 X147.727 Y123.661
G1 F1710 X146.045 Y125.342 E903.54324
G0 F9600 X146.583 Y125.342
G1 F1710 X148.264 Y123.661 E903.61385
G0 F9600 X148.801 Y123.661
G1 F1710 X147.12 Y125.342 E903.68446
G0 F9600 X147.657 Y125.342
G1 F1710 X149.339 Y123.661 E903.75509
G0 F9600 X149.876 Y123.661
G1 F1710 X148.195 Y125.342 E903.82569
G0 F9600 X148.733 Y125.342
G1 F1710 X150.414 Y123.661 E903.8963
G0 F9600 X150.951 Y123.661
G1 F1710 X149.27 Y125.342 E903.96691
G0 F9600 X149.808 Y125.342
G1 F1710 X151.488 Y123.661 E904.0375
G0 F9600 X152.026 Y123.661
G1 F1710 X150.345 Y125.342 E904.10811
G0 F9600 X150.882 Y125.342
G1 F1710 X152.563 Y123.661 E904.17872
G0 F9600 X153.101 Y123.661
G1 F1710 X151.42 Y125.342 E904.24933
G0 F9600 X151.957 Y125.342
G1 F1710 X153.638 Y123.661 E904.31993
G0 F9600 X154.175 Y123.661
G1 F1710 X152.495 Y125.341 E904.3905
G0 F9600 X153.033 Y125.341
G1 F1710 X154.713 Y123.661 E904.46107
G0 F9600 X155.25 Y123.661
G1 F1710 X153.57 Y125.341 E904.53163
G0 F9600 X154.108 Y125.341
G1 F1710 X155.788 Y123.661 E904.6022
G0 F9600 X156.325 Y123.661
G1 F1710 X154.645 Y125.341 E904.67277
G0 F9600 X155.182 Y125.341
G1 F1710 X156.862 Y123.661 E904.74333
G0 F9600 X157.4 Y123.661
G1 F1710 X155.72 Y125.341 E904.8139
G0 F9600 X156.257 Y125.341
G1 F1710 X157.937 Y123.661 E904.88447
G0 F9600 X158.475 Y123.661
G1 F1710 X156.795 Y125.34 E904.95501
G0 F9600 X157.333 Y125.34
G1 F1710 X159.012 Y123.661 E905.02554
G0 F9600 X159.549 Y123.661
G1 F1710 X157.87 Y125.34 E905.09606
G0 F9600 X158.407 Y125.34
G1 F1710 X160.087 Y123.661 E905.16661
G0 F9600 X160.624 Y123.661
G1 F1710 X158.945 Y125.34 E905.23713
G0 F9600 X159.482 Y125.34
G1 F1710 X161.162 Y123.661 E905.30768
G0 F9600 X161.699 Y123.661
G1 F1710 X160.02 Y125.34 E905.3782
G0 F9600 X160.557 Y125.34
G1 F1710 X162.236 Y123.661 E905.44873
G0 F9600 X162.774 Y123.661
G1 F1710 X161.095 Y125.34 E905.51925
G0 F9600 X161.633 Y125.34
G1 F1710 X163.311 Y123.661 E905.58976
G0 F9600 X163.849 Y123.661
G1 F1710 X162.17 Y125.34 E905.66028
G0 F9600 X162.707 Y125.34
G1 F1710 X164.386 Y123.661 E905.73081
G0 F9600 X164.923 Y123.661
G1 F1710 X163.245 Y125.34 E905.80131
G0 F9600 X163.782 Y125.34
G1 F1710 X165.461 Y123.661 E905.87183
G0 F9600 X165.998 Y123.661
G1 F1710 X164.32 Y125.34 E905.94234
G0 F9600 X164.857 Y125.34
G1 F1710 X166.536 Y123.661 E906.01286
G0 F9600 X167.073 Y123.661
G1 F1710 X165.356 Y125.379 E906.085
G0 F9600 X165.816 Y125.456
G1 F1710 X167.61 Y123.661 E906.16038
G0 F9600 X168.148 Y123.661
G1 F1710 X166.21 Y125.599 E906.24178
G0 F9600 X166.581 Y125.765
G1 F1710 X168.685 Y123.661 E906.33016
G0 F9600 X169.223 Y123.661
G1 F1710 X166.89 Y125.994 E906.42816
G0 F9600 X167.185 Y126.236
G1 F1710 X169.76 Y123.661 E906.53632
G0 F9600 X170.297 Y123.661
G1 F1710 X167.439 Y126.52 E906.65638
G0 F9600 X167.667 Y126.829
G1 F1710 X170.835 Y123.661 E906.78945
G0 F9600 X171.372 Y123.661
G1 F1710 X167.863 Y127.17 E906.93685
G0 F9600 X168.003 Y127.568
G1 F1710 X171.91 Y123.661 E907.10095
G0 F9600 X172.447 Y123.661
G1 F1710 X168.113 Y127.995 E907.283
G0 F9600 X168.16 Y128.486
G1 F1710 X171.043 Y125.602 E907.40412
G0 F9600 X170.862 Y126.321
G1 F1710 X168.161 Y129.022 E907.51757
G0 F9600 X168.161 Y129.559
G1 F1710 X170.838 Y126.882 E907.63002
G0 F9600 X170.838 Y127.419
G1 F1710 X168.161 Y130.096 E907.74246
G0 F9600 X168.161 Y130.634
G1 F1710 X170.838 Y127.957 E907.85491
G0 F9600 X170.838 Y128.494
G1 F1710 X168.161 Y131.171 E907.96735
G0 F9600 X168.161 Y131.709
G1 F1710 X170.838 Y129.031 E908.07982
G0 F9600 X170.838 Y129.569
G1 F1710 X168.161 Y132.246 E908.19226
G0 F9600 X168.161 Y132.783
G1 F1710 X170.838 Y130.106 E908.3047
G0 F9600 X170.838 Y130.644
G1 F1710 X168.161 Y133.321 E908.41715
G0 F9600 X168.161 Y133.858
G1 F1710 X170.838 Y131.181 E908.52959
G0 F9600 X170.838 Y131.718
G1 F1710 X168.161 Y134.396 E908.64206
G0 F9600 X168.1 Y134.994
G1 F1710 X170.838 Y132.256 E908.75707
G0 F9600 X170.838 Y132.793
G1 F1710 X167.901 Y135.731 E908.88045
G0 F9600 X166.234 Y137.398
G1 F1710 X164.293 Y139.339 E908.96198
G0 F9600 X164.83 Y139.339
G1 F1710 X170.838 Y133.331 E909.21434
G0 F9600 X170.838 Y133.868
G1 F1710 X165.368 Y139.339 E909.44413
G0 F9600 X165.905 Y139.339
G1 F1710 X170.838 Y134.405 E909.65135
G0 F9600 X170.838 Y134.943
G1 F1710 X166.442 Y139.339 E909.836
G0 F9600 X166.98 Y139.339
G1 F1710 X170.838 Y135.48 E909.99807
G0 F9600 X170.838 Y136.018
G1 F1710 X167.517 Y139.339 E910.13757
G0 F9600 X168.055 Y139.339
G1 F1710 X170.838 Y136.555 E910.25449
G0 F9600 X170.838 Y137.092
G1 F1710 X168.592 Y139.339 E910.34885
G0 F9600 X169.141 Y139.327
G1 F1710 X170.827 Y137.641 E910.41967
G0 F9600 X170.565 Y138.44
G1 F1710 X169.931 Y139.074 E910.4463
G0 F9600 X165.481 Y137.614
G1 F1710 X163.755 Y139.339 E910.51878
G0 F9600 X163.218 Y139.339
G1 F1710 X164.896 Y137.661 E910.58926
G0 F9600 X164.358 Y137.661
G1 F1710 X162.669 Y139.351 E910.66023
G0 F9600 X162.022 Y139.46
G1 F1710 X163.821 Y137.661 E910.73579
G0 F9600 X163.284 Y137.661
G1 F1710 X161.188 Y139.757 E910.82383
G0 F9600 X161.134 Y137.661
G1 F1710 X155.725 Y143.07 E911.05103
G0 F9600 X155.188 Y143.07
G1 F1710 X160.597 Y137.661 E911.27823
G0 F9600 X160.059 Y137.661
G1 F1710 X154.651 Y143.07 E911.50541
G0 F9600 X154.113 Y143.07
G1 F1710 X159.522 Y137.661 E911.73261
G0 F9600 X158.984 Y137.661
G1 F1710 X153.576 Y143.07 E911.95979
G0 F9600 X153.038 Y143.07
G1 F1710 X158.447 Y137.661 E912.18699
G0 F9600 X157.91 Y137.661
G1 F1710 X152.501 Y143.07 E912.41419
G0 F9600 X151.964 Y143.07
G1 F1710 X157.372 Y137.661 E912.64136
G0 F9600 X156.835 Y137.661
G1 F1710 X151.426 Y143.07 E912.86856
G0 F9600 X150.889 Y143.07
G1 F1710 X156.297 Y137.661 E913.09574
G0 F9600 X155.76 Y137.661
G1 F1710 X150.351 Y143.07 E913.32294
G0 F9600 X149.814 Y143.07
G1 F1710 X155.223 Y137.661 E913.55014
G0 F9600 X154.685 Y137.661
G1 F1710 X149.277 Y143.07 E913.77732
G0 F9600 X148.739 Y143.07
G1 F1710 X154.148 Y137.661 E914.00452
G0 F9600 X153.61 Y137.661
G1 F1710 X148.202 Y143.07 E914.2317
G0 F9600 X147.664 Y143.07
G1 F1710 X153.073 Y137.661 E914.4589
G0 F9600 X152.536 Y137.661
G1 F1710 X147.127 Y143.07 E914.6861
G0 F9600 X146.59 Y143.07
G1 F1710 X151.998 Y137.661 E914.91328
G0 F9600 X151.461 Y137.661
G1 F1710 X146.052 Y143.07 E915.14048
G0 F9600 X145.515 Y143.07
G1 F1710 X150.923 Y137.661 E915.36765
G0 F9600 X150.386 Y137.661
G1 F1710 X144.977 Y143.07 E915.59485
G0 F9600 X144.44 Y143.07
G1 F1710 X149.849 Y137.661 E915.82205
G0 F9600 X149.311 Y137.661
G1 F1710 X143.903 Y143.07 E916.04923
G0 F9600 X143.365 Y143.07
G1 F1710 X148.774 Y137.661 E916.27643
G0 F9600 X148.236 Y137.661
G1 F1710 X142.828 Y143.07 E916.50361
G0 F9600 X142.29 Y143.07
G1 F1710 X147.699 Y137.661 E916.73081
G0 F9600 X147.162 Y137.661
G1 F1710 X141.753 Y143.07 E916.95801
G0 F9600 X141.216 Y143.07
G1 F1710 X146.624 Y137.661 E917.18519
G0 F9600 X146.087 Y137.661
G1 F1710 X141.074 Y142.674 E917.39575
G0 F9600 X140.96 Y142.251
G1 F1710 X145.549 Y137.661 E917.58853
G0 F9600 X145.012 Y137.661
G1 F1710 X140.824 Y141.849 E917.76444
G0 F9600 X140.636 Y141.5
G1 F1710 X144.475 Y137.661 E917.9257
G0 F9600 X143.937 Y137.661
G1 F1710 X140.44 Y141.158 E918.07258
G0 F9600 X140.204 Y140.857
G1 F1710 X143.4 Y137.661 E918.20683
G0 F9600 X142.862 Y137.661
G1 F1710 X139.953 Y140.57 E918.32902
G0 F9600 X139.673 Y140.313
G1 F1710 X142.325 Y137.661 E918.44041
G0 F9600 X141.788 Y137.661
G1 F1710 X139.366 Y140.083 E918.54215
G0 F9600 X139.038 Y139.873
G1 F1710 X141.25 Y137.661 E918.63506
G0 F9600 X140.713 Y137.661
G1 F1710 X138.676 Y139.698 E918.72062
G0 F9600 X138.285 Y139.551
G1 F1710 X140.175 Y137.661 E918.80001
G0 F9600 X139.638 Y137.661
G1 F1710 X137.863 Y139.436 E918.87457
G0 F9600 X137.401 Y139.36
G1 F1710 X139.101 Y137.661 E918.94595
G0 F9600 X138.563 Y137.661
G1 F1710 X136.881 Y139.343 E919.0166
G0 F9600 X136.344 Y139.343
G1 F1710 X138.026 Y137.661 E919.08725
G0 F9600 X137.488 Y137.661
G1 F1710 X135.807 Y139.342 E919.15786
G0 F9600 X135.27 Y139.342
G1 F1710 X136.951 Y137.661 E919.22847
G0 F9600 X136.414 Y137.661
G1 F1710 X134.733 Y139.342 E919.29908
G0 F9600 X134.195 Y139.342
G1 F1710 X135.876 Y137.661 E919.36969
G0 F9600 X135.339 Y137.661
G1 F1710 X133.659 Y139.341 E919.44025
G0 F9600 X133.121 Y139.341
G1 F1710 X134.816 Y137.646 E919.51145
G0 F9600 X134.347 Y137.578
G1 F1710 X132.585 Y139.34 E919.58546
G0 F9600 X132.047 Y139.34
G1 F1710 X133.925 Y137.463 E919.66432
G0 F9600 X133.556 Y137.295
G1 F1710 X131.511 Y139.34 E919.75022
G0 F9600 X130.973 Y139.34
G1 F1710 X133.223 Y137.09 E919.84473
G0 F9600 X132.917 Y136.858
G1 F1710 X130.515 Y139.26 E919.94563
G0 F9600 X130.127 Y139.111
G1 F1710 X132.654 Y136.584 E920.05177
G0 F9600 X132.397 Y136.303
G1 F1710 X129.81 Y138.891 E920.16045
G0 F9600 X129.547 Y138.616
G1 F1710 X132.208 Y135.955 E920.27223
G0 F9600 X132.039 Y135.587
G1 F1710 X129.344 Y138.282 E920.38543
G0 F9600 X129.216 Y137.872
G1 F1710 X131.924 Y135.164 E920.49918
G0 F9600 X131.852 Y134.699
G1 F1710 X129.161 Y137.39 E920.61221
G0 F9600 X129.161 Y136.853
G1 F1710 X131.844 Y134.17 E920.7249
G0 F9600 X131.843 Y133.633
G1 F1710 X129.161 Y136.315 E920.83756
G0 F9600 X129.16 Y135.779
G1 F1710 X131.843 Y133.096 E920.95026
G0 F9600 X131.842 Y132.559
G1 F1710 X129.16 Y135.241 E921.06291
G0 F9600 X129.159 Y134.705
G1 F1710 X131.841 Y132.022 E921.17559
G0 F9600 X131.841 Y131.486
G1 F1710 X129.159 Y134.167 E921.28822
G0 F9600 X129.159 Y133.63
G1 F1710 X131.841 Y130.948 E921.40087
G0 F9600 X131.84 Y130.412
G1 F1710 X129.159 Y133.093 E921.51349
G0 F9600 X129.159 Y132.556
G1 F1710 X131.839 Y129.875 E921.62608
G0 F9600 X131.839 Y129.338
G1 F1710 X129.159 Y132.018 E921.73865
G0 F9600 X129.158 Y131.482
G1 F1710 X131.839 Y128.801 E921.85126
G0 F9600 X131.864 Y128.238
G1 F1710 X129.158 Y130.944 E921.96493
G0 F9600 X129.157 Y130.407
G1 F1710 X131.981 Y127.584 E922.08352
G0 F9600 X127.305 Y123.661
G1 F1710 X127.199 Y123.768 E922.088
G1 F4200 E921.088
G0 F9600 X132.151 Y128.439
G0 X132.151 Y134.551
G0 X132.203 Y135.067
G0 X132.368 Y135.602
G0 X132.645 Y136.114
G0 X133.181 Y136.7
G0 X133.656 Y137.018
G0 X156.263 Y143.07
G1 F2100 E922.088
G1 F1710 X161.671 Y137.661 E922.31518
G0 F9600 X162.209 Y137.661
G1 F1710 X156.8 Y143.07 E922.54237
G0 F9600 X157.338 Y143.07
G1 F1710 X162.746 Y137.661 E922.76955
G0 F9600 X159.265 Y141.679
G1 F1710 X157.875 Y143.07 E922.82796
G0 F9600 X158.412 Y143.07
G1 F1710 X158.953 Y142.529 E922.85068
G1 F4200 E921.85068
G0 F9600 X162.745 Y137.342
G0 X165.051 Y137.349
G0 X165.567 Y137.297
G0 X166.102 Y137.132
G0 X166.614 Y136.855
G0 X167.2 Y136.319
G0 X167.518 Y135.844
G0 X167.741 Y135.299
G0 X167.849 Y134.561
G0 X167.836 Y131.175
G0 X172.096 Y124.55
G1 F2100 E922.85068
G1 F1710 X172.811 Y123.834 E922.88074
G1 F4200 E921.88074
;MESH:NONMESH
G0 F1500 X172.811 Y123.834 Z2.6
G0 F9600 X171.523 Y125.377
G0 X171.268 Y125.822
G0 X167.518 Y135.844
G0 X167.2 Y136.319
G0 X166.726 Y136.753
G0 X165.552 Y137.446
;TIME_ELAPSED:1222.742261
;LAYER:12
;TYPE:WALL-INNER
;MESH:LC-GR3005??????RFID?????????-WB.stl
G1 F2100 E922.88074
G1 F1800 X165.136 Y137.496 E922.89412
G1 X134.904 Y137.496 E923.85942
G1 X134.315 Y137.418 E923.87839
G1 X133.755 Y137.228 E923.89727
G1 X133.258 Y136.938 E923.91564
G1 X132.81 Y136.546 E923.93465
G1 X132.448 Y136.072 E923.95369
G1 X132.21 Y135.6 E923.97057
G1 X132.084 Y135.195 E923.98411
G1 X132 Y134.724 E923.99939
G1 X132.003 Y128.414 E924.20087
G1 X132.081 Y127.806 E924.22044
G1 X132.268 Y127.263 E924.23878
G1 X132.488 Y126.854 E924.2536
G1 X132.809 Y126.45 E924.27008
G1 X133.33 Y125.995 E924.29217
G1 X133.896 Y125.709 E924.31242
G1 X134.294 Y125.585 E924.32573
G1 X134.775 Y125.5 E924.34132
G1 X165.082 Y125.503 E925.30902
G1 X165.69 Y125.581 E925.32859
G1 X166.232 Y125.768 E925.3469
G1 X166.573 Y125.948 E925.35921
G1 X167.123 Y126.369 E925.38132
G1 X167.519 Y126.871 E925.40174
G1 X167.78 Y127.352 E925.41921
G1 X167.946 Y127.944 E925.43884
G1 X167.996 Y128.363 E925.45232
G1 X167.996 Y134.592 E925.65121
G1 X167.918 Y135.181 E925.67018
G1 X167.791 Y135.6 E925.68416
G1 X167.544 Y136.08 E925.70139
G1 X167.125 Y136.625 E925.72334
G1 X166.58 Y137.044 E925.74529
G1 X166.1 Y137.291 E925.76253
G1 X165.928 Y137.34 E925.76824
G0 F1620 X165.552 Y137.446
G0 F9600 X165.966 Y136.914
G1 F1800 X165.493 Y137.05 E925.78396
G1 X165.136 Y137.096 E925.79545
G1 X134.944 Y137.098 E926.75947
G1 X134.544 Y137.058 E926.77231
G1 X134.058 Y136.923 E926.78841
G1 X133.512 Y136.629 E926.80821
G1 X133.119 Y136.292 E926.82474
G1 X132.801 Y135.885 E926.84123
G1 X132.586 Y135.466 E926.85627
G1 X132.446 Y134.99 E926.87211
G1 X132.4 Y134.636 E926.88351
G1 X132.402 Y128.45 E927.08103
G1 X132.463 Y127.925 E927.09791
G1 X132.621 Y127.451 E927.11386
G1 X132.825 Y127.069 E927.12769
G1 X133.204 Y126.619 E927.14647
G1 X133.611 Y126.301 E927.16296
G1 X134.03 Y126.086 E927.178
G1 X134.504 Y125.946 E927.19378
G1 X134.864 Y125.9 E927.20537
G1 X165.046 Y125.902 E928.16907
G1 X165.571 Y125.963 E928.18595
G1 X166.045 Y126.121 E928.2019
G1 X166.385 Y126.301 E928.21419
G1 X166.792 Y126.619 E928.23068
G1 X167.177 Y127.079 E928.24983
G1 X167.423 Y127.557 E928.267
G1 X167.55 Y128.001 E928.28174
G1 X167.596 Y128.363 E928.29339
G1 X167.598 Y134.552 E928.49101
G1 X167.558 Y134.952 E928.50384
G1 X167.414 Y135.466 E928.52088
G1 X167.132 Y135.981 E928.53963
G1 X166.792 Y136.377 E928.5563
G1 X166.39 Y136.692 E928.5726
G1 X166.312 Y136.733 E928.57542
G0 F1620 X165.966 Y136.914
G1 F4200 E927.57542
G0 F9600 X166.056 Y137.21
G0 X160.967 Y140.224
G0 X160.334 Y140.715
G0 X159.87 Y141.25
G0 X159.464 Y141.967
G0 X159.276 Y142.511
G0 X157.615 Y176.397
G1 F2100 E928.57542
G1 F1800 X157.913 Y176.273 E928.58572
G1 X158.176 Y176.113 E928.59555
G1 X158.408 Y175.912 E928.60535
G1 X158.611 Y175.675 E928.61532
G1 X158.774 Y175.408 E928.62531
G1 X158.898 Y175.11 E928.63561
G1 X159 Y174.594 E928.65241
G1 X159 Y143.245 E929.65337
G1 X159.112 Y142.555 E929.67569
G1 X159.32 Y141.905 E929.69748
G1 X159.743 Y141.164 E929.72473
G1 X160.228 Y140.603 E929.74841
G1 X160.89 Y140.087 E929.77521
G1 X161.496 Y139.789 E929.79677
G1 X162.126 Y139.595 E929.81782
G1 X162.755 Y139.5 E929.83813
G1 X169.089 Y139.5 E930.04037
G1 X169.615 Y139.397 E930.05748
G1 X169.913 Y139.273 E930.06779
G1 X170.176 Y139.113 E930.07762
G1 X170.408 Y138.912 E930.08742
G1 X170.611 Y138.675 E930.09738
G1 X170.774 Y138.408 E930.10737
G1 X170.898 Y138.11 E930.11768
G1 X171 Y137.594 E930.13447
G1 X171 Y126.47 E930.48966
G1 X171.058 Y126.009 E930.5045
G1 X171.206 Y125.616 E930.5179
G1 X171.345 Y125.378 E930.5267
G1 X171.679 Y125.001 E930.54279
G1 X172.093 Y124.72 E930.55876
G1 X172.404 Y124.589 E930.56954
G1 X172.988 Y124.5 E930.5884
G1 X180.966 Y124.5 E930.84314
G1 X180.965 Y123.5 E930.87507
G1 X119.032 Y123.5 E932.85257
G1 X119.032 Y124.5 E932.8845
G1 X127 Y124.5 E933.13892
G1 X127.381 Y124.539 E933.15114
G1 X127.88 Y124.706 E933.16795
G1 X128.118 Y124.845 E933.17675
G1 X128.495 Y125.179 E933.19283
G1 X128.776 Y125.593 E933.2088
G1 X128.938 Y126.009 E933.22306
G1 X129 Y126.488 E933.23848
G1 X129 Y137.594 E933.59309
G1 X129.1 Y138.115 E933.61003
G1 X129.222 Y138.408 E933.62017
G1 X129.385 Y138.675 E933.63015
G1 X129.586 Y138.91 E933.64003
G1 X129.823 Y139.113 E933.64999
G1 X130.085 Y139.274 E933.65981
G1 X130.381 Y139.397 E933.67004
G1 X130.908 Y139.5 E933.68719
G1 X137.197 Y139.504 E933.888
G1 X137.801 Y139.572 E933.9074
G1 X138.537 Y139.797 E933.93198
G1 X139.154 Y140.127 E933.95432
G1 X139.651 Y140.504 E933.97424
G1 X140.062 Y140.925 E933.99302
G1 X140.39 Y141.383 E934.01101
G1 X140.698 Y141.958 E934.03184
G1 X140.891 Y142.581 E934.05266
G1 X141 Y143.244 E934.07412
G1 X141 Y174.594 E935.07511
G1 X141.1 Y175.115 E935.09205
G1 X141.222 Y175.408 E935.10219
G1 X141.385 Y175.675 E935.11217
G1 X141.586 Y175.91 E935.12205
G1 X141.823 Y176.113 E935.13201
G1 X142.085 Y176.274 E935.14183
G1 X142.381 Y176.397 E935.15207
G1 X142.907 Y176.5 E935.16918
G1 X157.089 Y176.5 E935.62201
G1 X157.232 Y176.472 E935.62666
G0 F1620 X157.615 Y176.397
G0 F9600 X157.738 Y176.779
G1 F1800 X158.095 Y176.631 E935.639
G1 X158.413 Y176.437 E935.65089
G1 X158.693 Y176.195 E935.66271
G1 X158.936 Y175.91 E935.67467
G1 X159.131 Y175.59 E935.68663
G1 X159.28 Y175.236 E935.6989
G1 X159.4 Y174.617 E935.71903
G1 X159.4 Y143.278 E936.71968
G1 X159.507 Y142.619 E936.74099
G1 X159.69 Y142.063 E936.75968
G1 X160.072 Y141.394 E936.78428
G1 X160.505 Y140.893 E936.80542
G1 X161.103 Y140.429 E936.82959
G1 X161.642 Y140.162 E936.8488
G1 X162.186 Y139.99 E936.86702
G1 X162.742 Y139.906 E936.88497
G1 X169.114 Y139.9 E937.08843
G1 X169.738 Y139.779 E937.10872
G1 X170.095 Y139.631 E937.12106
G1 X170.413 Y139.437 E937.13295
G1 X170.693 Y139.195 E937.14477
G1 X170.936 Y138.91 E937.15673
G1 X171.131 Y138.59 E937.1687
G1 X171.28 Y138.236 E937.18096
G1 X171.4 Y137.617 E937.20109
G1 X171.4 Y126.48 E937.55669
G1 X171.448 Y126.101 E937.56889
G1 X171.659 Y125.625 E937.58552
G1 X171.924 Y125.317 E937.59849
G1 X172.251 Y125.088 E937.61124
G1 X172.538 Y124.966 E937.62119
G1 X172.911 Y124.904 E937.63327
G1 X181.367 Y124.9 E937.90326
G1 X181.364 Y123.1 E937.96074
G1 X118.632 Y123.1 E939.96375
G1 X118.632 Y124.9 E940.02123
G1 X127.075 Y124.904 E940.29081
G1 X127.484 Y124.976 E940.30407
G1 X127.728 Y125.076 E940.31249
G1 X128.075 Y125.319 E940.32602
G1 X128.331 Y125.62 E940.33863
G1 X128.549 Y126.101 E940.35549
G1 X128.6 Y126.488 E940.36796
G1 X128.6 Y137.617 E940.7233
G1 X128.718 Y138.239 E940.74352
G1 X128.865 Y138.59 E940.75567
G1 X129.06 Y138.91 E940.76763
G1 X129.302 Y139.194 E940.77955
G1 X129.587 Y139.437 E940.79151
G1 X129.902 Y139.631 E940.80332
G1 X130.258 Y139.779 E940.81563
G1 X130.883 Y139.9 E940.83596
G1 X137.274 Y139.909 E941.04002
G1 X137.771 Y139.982 E941.05606
G1 X138.38 Y140.167 E941.07638
G1 X138.918 Y140.451 E941.09581
G1 X139.37 Y140.789 E941.11383
G1 X139.682 Y141.096 E941.1278
G1 X139.989 Y141.496 E941.1439
G1 X140.327 Y142.112 E941.16634
G1 X140.497 Y142.646 E941.18423
G1 X140.6 Y143.273 E941.20452
G1 X140.6 Y174.617 E942.20533
G1 X140.718 Y175.239 E942.22554
G1 X140.865 Y175.59 E942.23769
G1 X141.06 Y175.91 E942.24966
G1 X141.302 Y176.194 E942.26157
G1 X141.587 Y176.437 E942.27353
G1 X141.902 Y176.631 E942.28534
G1 X142.258 Y176.779 E942.29765
G1 X142.882 Y176.9 E942.31795
G1 X157.114 Y176.9 E942.77237
G1 X157.355 Y176.853 E942.78021
G0 F1620 X157.738 Y176.779
G0 F9600 X157.65 Y176.484
G0 X150.952 Y174.551
G1 F1800 X150.3 Y174.691 E942.8015
G1 X149.595 Y174.67 E942.82402
G1 X148.966 Y174.519 E942.84468
G1 X148.394 Y174.259 E942.86474
G1 X148.153 Y174.105 E942.87387
G1 X147.677 Y173.693 E942.89397
G1 X147.513 Y173.511 E942.90179
G1 X147.186 Y173.017 E942.92071
G1 X146.954 Y172.49 E942.9391
G1 X146.795 Y171.678 E942.96552
G1 X146.847 Y170.95 E942.98882
G1 X147.008 Y170.363 E943.00825
G1 X147.188 Y169.975 E943.02191
G1 X147.513 Y169.485 E943.04069
G1 X147.677 Y169.303 E943.04851
G1 X148.262 Y168.797 E943.0732
G1 X149.077 Y168.426 E943.1018
G1 X149.695 Y168.312 E943.12186
G1 X150.301 Y168.312 E943.14121
G1 X150.917 Y168.426 E943.16121
G1 X151.735 Y168.798 E943.18991
G1 X152.319 Y169.303 E943.21456
G1 X152.478 Y169.478 E943.22211
G1 X152.817 Y169.987 E943.24163
G1 X153.058 Y170.587 E943.26228
G1 X153.201 Y171.318 E943.28606
G1 X153.149 Y172.044 E943.3093
G1 X153.034 Y172.52 E943.32494
G1 X152.808 Y173.025 E943.34261
G1 X152.42 Y173.605 E943.36489
G1 X151.843 Y174.105 E943.38926
G1 X151.602 Y174.259 E943.3984
G1 X150.952 Y174.551 E943.42115
G0 F9600 X150.818 Y174.174
G1 F1800 X150.324 Y174.277 E943.43726
G1 X149.788 Y174.288 E943.45438
G1 X149.202 Y174.187 E943.47337
G1 X148.482 Y173.86 E943.49862
G1 X147.88 Y173.339 E943.52404
G1 X147.55 Y172.851 E943.54285
G1 X147.348 Y172.398 E943.55868
G1 X147.197 Y171.651 E943.58302
G1 X147.236 Y171.043 E943.60247
G1 X147.371 Y170.531 E943.61938
G1 X147.551 Y170.143 E943.63303
G1 X147.881 Y169.657 E943.65179
G1 X148.483 Y169.135 E943.67723
G1 X149.199 Y168.815 E943.70227
G1 X149.732 Y168.71 E943.71962
G1 X150.264 Y168.71 E943.73661
G1 X150.797 Y168.815 E943.75395
G1 X151.513 Y169.135 E943.77899
G1 X152.117 Y169.658 E943.8045
G1 X152.452 Y170.15 E943.82351
G1 X152.665 Y170.664 E943.84127
G1 X152.799 Y171.347 E943.8635
G1 X152.76 Y171.951 E943.88282
G1 X152.652 Y172.398 E943.89751
G1 X152.445 Y172.857 E943.91358
G1 X152.117 Y173.338 E943.93217
G1 X151.513 Y173.861 E943.95768
G1 X150.818 Y174.174 E943.98202
G0 F9600 X150.684 Y173.797
G0 X150.684 Y173.797 Z2.59
;TYPE:WALL-OUTER
G1 F1800 X150.488 Y173.836 Z2.6 E943.98838
G1 X150.247 Y173.885 E943.9964
G1 X149.749 Y173.885 E944.01263
G1 X149.297 Y173.791 E944.02768
G1 X148.698 Y173.519 E944.04912
G1 X148.168 Y173.051 E944.07217
G1 X147.914 Y172.684 E944.08671
G1 X147.729 Y172.277 E944.10129
G1 X147.603 Y171.643 E944.12236
G1 X147.625 Y171.137 E944.13886
G1 X147.734 Y170.699 E944.15358
G1 X147.914 Y170.311 E944.16752
G1 X148.201 Y169.908 E944.18364
G1 X148.699 Y169.477 E944.20511
G1 X149.297 Y169.205 E944.22652
G1 X149.769 Y169.108 E944.24223
G1 X150.227 Y169.108 E944.25716
G1 X150.699 Y169.205 E944.27287
G1 X151.297 Y169.477 E944.29428
G1 X151.827 Y169.943 E944.31728
G1 X152.087 Y170.314 E944.33205
G1 X152.273 Y170.741 E944.34723
G1 X152.396 Y171.392 E944.36883
G1 X152.371 Y171.859 E944.38407
G1 X152.271 Y172.277 E944.39808
G1 X152.064 Y172.72 E944.41402
G1 X151.795 Y173.088 E944.42887
G1 X151.297 Y173.519 E944.45034
G1 X150.684 Y173.797 E944.47228
G1 X150.488 Y173.836 E944.47863
G0 F9600 X150.247 Y173.885
G0 X149.749 Y173.885
G0 X149.695 Y173.874
G0 X149.561 Y174.572
G0 X157.65 Y176.484
G0 X157.862 Y177.161
G0 X157.862 Y177.161 Z2.59
G1 F1800 X158.047 Y177.084 Z2.6 E944.48501
G1 X158.277 Y176.989 E944.49312
G1 X158.649 Y176.761 E944.50734
G1 X158.977 Y176.478 E944.52146
G1 X159.261 Y176.146 E944.5357
G1 X159.489 Y175.772 E944.54998
G1 X159.661 Y175.361 E944.5645
G1 X159.766 Y174.928 E944.57902
G1 X159.8 Y174.64 E944.58848
G1 X159.802 Y143.299 E945.61003
G1 X159.902 Y142.683 E945.63038
G1 X160.066 Y142.212 E945.64663
G1 X160.412 Y141.613 E945.66918
G1 X160.768 Y141.201 E945.68693
G1 X161.333 Y140.761 E945.71027
G1 X161.741 Y140.553 E945.7252
G1 X162.212 Y140.394 E945.7414
G1 X162.802 Y140.302 E945.76086
G1 X169.139 Y140.3 E945.96742
G1 X169.862 Y140.161 E945.99141
G1 X170.277 Y139.989 E946.00606
G1 X170.649 Y139.761 E946.02028
G1 X170.977 Y139.478 E946.0344
G1 X171.261 Y139.146 E946.04864
G1 X171.489 Y138.772 E946.06292
G1 X171.661 Y138.361 E946.07744
G1 X171.766 Y137.928 E946.09196
G1 X171.8 Y137.64 E946.10141
G1 X171.801 Y126.471 E946.46547
G1 X171.837 Y126.193 E946.4746
G1 X171.974 Y125.872 E946.48598
G1 X172.169 Y125.633 E946.49603
G1 X172.365 Y125.481 E946.50412
G1 X172.672 Y125.343 E946.51509
G1 X172.962 Y125.301 E946.52464
G1 X181.767 Y125.3 E946.81164
G1 X181.764 Y122.7 E946.89639
G1 X118.232 Y122.7 E948.96721
G1 X118.232 Y125.3 E949.05196
G1 X127.025 Y125.301 E949.33856
G1 X127.332 Y125.346 E949.34868
G1 X127.624 Y125.474 E949.35907
G1 X127.863 Y125.669 E949.36912
G1 X128.015 Y125.865 E949.37721
G1 X128.159 Y126.193 E949.38888
G1 X128.198 Y126.459 E949.39765
G1 X128.2 Y137.64 E949.76209
G1 X128.336 Y138.362 E949.78604
G1 X128.507 Y138.772 E949.80052
G1 X128.735 Y139.146 E949.81479
G1 X129.018 Y139.478 E949.82901
G1 X129.351 Y139.761 E949.84326
G1 X129.72 Y139.989 E949.8574
G1 X130.134 Y140.161 E949.87201
G1 X130.857 Y140.3 E949.89601
G1 X137.222 Y140.305 E950.10347
G1 X137.655 Y140.364 E950.11772
G1 X138.239 Y140.545 E950.13765
G1 X138.682 Y140.774 E950.1539
G1 X139.089 Y141.073 E950.17036
G1 X139.421 Y141.404 E950.18564
G1 X139.685 Y141.761 E950.20012
G1 X139.949 Y142.253 E950.21831
G1 X140.102 Y142.711 E950.23405
G1 X140.198 Y143.295 E950.25335
G1 X140.2 Y174.64 E951.27503
G1 X140.336 Y175.362 E951.29898
G1 X140.507 Y175.772 E951.31346
G1 X140.735 Y176.146 E951.32774
G1 X141.018 Y176.478 E951.34196
G1 X141.351 Y176.761 E951.3562
G1 X141.72 Y176.989 E951.37034
G1 X142.134 Y177.161 E951.38495
G1 X142.857 Y177.3 E951.40895
G1 X157.139 Y177.3 E951.87447
G1 X157.678 Y177.196 E951.89236
G0 F1620 X157.862 Y177.161
G0 X158.047 Y177.084
G0 F9600 X158.277 Y176.989
G0 X158.649 Y176.761
G0 X158.736 Y176.686
G1 F4200 E950.89236
G0 F9600 X158.275 Y176.148
G0 X159.151 Y143.261
G0 X159.276 Y142.511
G0 X159.464 Y141.967
G0 X159.87 Y141.25
G0 X160.334 Y140.715
G0 X160.847 Y140.317
G0 X166.04 Y137.215
G0 X165.832 Y136.537
G0 X165.832 Y136.537 Z2.59
G1 F2100 E951.89236
G1 F1800 X165.64 Y136.595 Z2.6 E951.89875
G1 X165.462 Y136.648 E951.9048
G1 X165.166 Y136.694 E951.91456
G1 X134.984 Y136.7 E952.89834
G1 X134.584 Y136.66 E952.91145
G1 X134.174 Y136.54 E952.92537
G1 X133.765 Y136.319 E952.94052
G1 X133.429 Y136.039 E952.95478
G1 X133.175 Y135.729 E952.96784
G1 X132.96 Y135.323 E952.98282
G1 X132.848 Y134.959 E952.99523
G1 X132.802 Y134.666 E953.0049
G1 X132.8 Y128.486 E953.20634
G1 X132.836 Y128.086 E953.21943
G1 X132.975 Y127.638 E953.23471
G1 X133.163 Y127.284 E953.24778
G1 X133.457 Y126.929 E953.2628
G1 X133.798 Y126.655 E953.27706
G1 X134.164 Y126.463 E953.29053
G1 X134.562 Y126.342 E953.30409
G1 X134.834 Y126.302 E953.31305
G1 X165.01 Y126.3 E954.29664
G1 X165.41 Y126.336 E954.30973
G1 X165.858 Y126.475 E954.32502
G1 X166.231 Y126.677 E954.33885
G1 X166.567 Y126.957 E954.3531
G1 X166.823 Y127.27 E954.36628
G1 X167.027 Y127.641 E954.38008
G1 X167.148 Y128.029 E954.39333
G1 X167.194 Y128.335 E954.40342
G1 X167.2 Y134.512 E954.60475
G1 X167.152 Y134.95 E954.61912
G1 X167.037 Y135.332 E954.63212
G1 X166.819 Y135.731 E954.64694
G1 X166.539 Y136.067 E954.6612
G1 X166.2 Y136.34 E954.67538
G1 X165.997 Y136.449 E954.68289
G0 F1620 X165.832 Y136.537
G0 X165.64 Y136.595
G0 F9600 X165.462 Y136.648
G0 X165.166 Y136.694
G0 X164.852 Y136.694
G0 X164.852 Y137.41
G0 X160.334 Y140.715
G0 X158.664 Y142.777
;TYPE:FILL
G1 F1800 X157.223 Y142.777 E954.7289
G1 X152.799 Y147.2 E954.92865
G0 F9600 X150.972 Y147.2
G1 F1800 X151.289 Y147.517 E954.94296
G1 X148.71 Y147.518 E955.02531
G1 X149.028 Y147.2 E955.03967
G1 X147.2 Y147.2 E955.09804
G1 X147.517 Y147.517 E955.11235
G1 X144.939 Y147.518 E955.19467
G1 X145.256 Y147.2 E955.209
G0 F9600 X143.429 Y147.2
G1 F1800 X141.408 Y145.18 E955.30024
G1 X141.409 Y143.504 E955.35375
G1 X142.136 Y142.777 E955.38658
G1 X142.777 Y142.777 E955.40705
G1 X147.2 Y147.2 E955.60677
G0 F9600 X149.028 Y147.2
G1 F1800 X153.451 Y142.777 E955.80649
G1 X154.092 Y142.777 E955.82696
G1 X158.592 Y147.277 E956.03016
G1 X158.592 Y147.517 E956.03782
G1 X156.254 Y147.518 E956.11248
G1 X156.571 Y147.2 E956.12681
G1 X154.744 Y147.2 E956.18515
G1 X150.32 Y142.777 E956.38489
G1 X149.68 Y142.777 E956.40533
G1 X145.256 Y147.2 E956.60507
G1 X143.429 Y147.2 E956.66341
G1 X143.746 Y147.517 E956.67772
G1 X141.408 Y147.518 E956.75237
G1 X141.409 Y147.276 E956.7601
G1 X145.908 Y142.777 E956.96326
G1 X146.549 Y142.777 E956.98372
G1 X150.972 Y147.2 E957.18345
G1 X152.799 Y147.2 E957.24178
G1 X152.482 Y147.518 E957.25612
G1 X155.061 Y147.517 E957.33847
G1 X154.744 Y147.2 E957.35278
G0 F9600 X156.571 Y147.2
G1 F1800 X158.592 Y145.18 E957.44402
G1 X158.592 Y143.505 E957.4975
G1 X157.864 Y142.777 E957.53037
G1 F4200 E956.53037
G0 F9600 X133.908 Y137.136
G0 X133.415 Y136.873
G0 X132.983 Y136.517
G0 X132.627 Y136.085
G0 X132.365 Y135.593
G0 X132.152 Y134.698
G0 X132.151 Y128.46
G0 X127.008 Y124.167
;TYPE:SKIN
G1 F2100 E957.53037
G1 F1922.5 X119.361 Y124.167 E957.73239
G1 X119.361 Y123.829 E957.74132
G1 X127.062 Y123.829 E957.94477
G1 F1928.2 X127.008 Y124.167 E957.95379
G1 F4200 E956.95379
G0 F9600 X180.635 Y124.167
G1 F2100 E957.95379
G1 F1922.5 X172.999 Y124.167 E958.15552
G1 X172.974 Y123.829 E958.16447
G1 X180.635 Y123.829 E958.36687
G1 X180.635 Y124.167 E958.3758
G0 F9600 X172.811 Y123.908
G1 F1710 X172.564 Y123.661 E958.38617
G0 F9600 X172.027 Y123.661
G1 F1710 X172.744 Y124.378 E958.41629
G0 F9600 X172.291 Y124.462
G1 F1710 X171.49 Y123.661 E958.44993
G0 F9600 X170.952 Y123.661
G1 F1710 X171.93 Y124.639 E958.49101
G0 F9600 X171.608 Y124.855
G1 F1710 X170.415 Y123.661 E958.54114
G0 F9600 X169.877 Y123.661
G1 F1710 X171.349 Y125.132 E958.60295
G0 F9600 X171.123 Y125.444
G1 F1710 X169.34 Y123.661 E958.67785
G0 F9600 X168.803 Y123.661
G1 F1710 X170.96 Y125.818 E958.76845
G0 F9600 X170.866 Y126.262
G1 F1710 X168.265 Y123.661 E958.8777
G0 F9600 X167.728 Y123.661
G1 F1710 X170.839 Y126.772 E959.00838
G0 F9600 X170.839 Y127.31
G1 F1710 X167.19 Y123.661 E959.16165
G0 F9600 X166.653 Y123.661
G1 F1710 X170.839 Y127.847 E959.33748
G0 F9600 X170.839 Y128.384
G1 F1710 X166.116 Y123.661 E959.53586
G0 F9600 X165.578 Y123.661
G1 F1710 X170.839 Y128.922 E959.75684
G0 F9600 X170.839 Y129.459
G1 F1710 X165.041 Y123.661 E960.00038
G0 F9600 X164.503 Y123.661
G1 F1710 X166.652 Y125.81 E960.09065
G0 F9600 X165.732 Y125.427
G1 F1710 X163.966 Y123.661 E960.16483
G0 F9600 X163.429 Y123.661
G1 F1710 X165.113 Y125.345 E960.23556
G0 F9600 X164.573 Y125.342
G1 F1710 X162.891 Y123.661 E960.30619
G0 F9600 X162.354 Y123.661
G1 F1710 X164.035 Y125.342 E960.3768
G0 F9600 X163.498 Y125.342
G1 F1710 X161.816 Y123.661 E960.44743
G0 F9600 X161.279 Y123.661
G1 F1710 X162.961 Y125.342 E960.51806
G0 F9600 X162.423 Y125.342
G1 F1710 X160.742 Y123.661 E960.58867
G0 F9600 X160.204 Y123.661
G1 F1710 X161.886 Y125.342 E960.6593
G0 F9600 X161.348 Y125.342
G1 F1710 X159.667 Y123.661 E960.72991
G0 F9600 X159.129 Y123.661
G1 F1710 X160.811 Y125.342 E960.80054
G0 F9600 X160.274 Y125.342
G1 F1710 X158.592 Y123.661 E960.87117
G0 F9600 X158.055 Y123.661
G1 F1710 X159.735 Y125.342 E960.94176
G0 F9600 X159.198 Y125.342
G1 F1710 X157.517 Y123.661 E961.01236
G0 F9600 X156.98 Y123.661
G1 F1710 X158.661 Y125.342 E961.08297
G0 F9600 X158.123 Y125.342
G1 F1710 X156.442 Y123.661 E961.15358
G0 F9600 X155.905 Y123.661
G1 F1710 X157.586 Y125.342 E961.22419
G0 F9600 X157.048 Y125.342
G1 F1710 X155.368 Y123.661 E961.29478
G0 F9600 X154.83 Y123.661
G1 F1710 X156.511 Y125.342 E961.36539
G0 F9600 X155.974 Y125.342
G1 F1710 X154.293 Y123.661 E961.436
G0 F9600 X153.755 Y123.661
G1 F1710 X155.436 Y125.342 E961.5066
G0 F9600 X154.898 Y125.341
G1 F1710 X153.218 Y123.661 E961.57717
G0 F9600 X152.681 Y123.661
G1 F1710 X154.361 Y125.341 E961.64774
G0 F9600 X153.823 Y125.341
G1 F1710 X152.143 Y123.661 E961.7183
G0 F9600 X151.606 Y123.661
G1 F1710 X153.286 Y125.341 E961.78887
G0 F9600 X152.748 Y125.341
G1 F1710 X151.068 Y123.661 E961.85944
G0 F9600 X150.531 Y123.661
G1 F1710 X152.211 Y125.341 E961.93
G0 F9600 X151.674 Y125.341
G1 F1710 X149.994 Y123.661 E962.00057
G0 F9600 X149.456 Y123.661
G1 F1710 X151.136 Y125.341 E962.07114
G0 F9600 X150.599 Y125.341
G1 F1710 X148.919 Y123.661 E962.14171
G0 F9600 X148.381 Y123.661
G1 F1710 X150.061 Y125.341 E962.21227
G0 F9600 X149.523 Y125.34
G1 F1710 X147.844 Y123.661 E962.2828
G0 F9600 X147.307 Y123.661
G1 F1710 X148.986 Y125.34 E962.35332
G0 F9600 X148.449 Y125.34
G1 F1710 X146.769 Y123.661 E962.42387
G0 F9600 X146.232 Y123.661
G1 F1710 X147.911 Y125.34 E962.49439
G0 F9600 X147.374 Y125.34
G1 F1710 X145.694 Y123.661 E962.56494
G0 F9600 X145.157 Y123.661
G1 F1710 X146.836 Y125.34 E962.63546
G0 F9600 X146.299 Y125.34
G1 F1710 X144.62 Y123.661 E962.70599
G0 F9600 X144.082 Y123.661
G1 F1710 X145.762 Y125.34 E962.77653
G0 F9600 X145.224 Y125.34
G1 F1710 X143.545 Y123.661 E962.84706
G0 F9600 X143.007 Y123.661
G1 F1710 X144.686 Y125.34 E962.91758
G0 F9600 X144.149 Y125.34
G1 F1710 X142.47 Y123.661 E962.98811
G0 F9600 X141.933 Y123.661
G1 F1710 X143.611 Y125.34 E963.05861
G0 F9600 X143.074 Y125.34
G1 F1710 X141.395 Y123.661 E963.12913
G0 F9600 X140.858 Y123.661
G1 F1710 X142.536 Y125.34 E963.19964
G0 F9600 X141.999 Y125.34
G1 F1710 X140.32 Y123.661 E963.27016
G0 F9600 X139.783 Y123.661
G1 F1710 X141.462 Y125.34 E963.34069
G0 F9600 X140.924 Y125.34
G1 F1710 X139.246 Y123.661 E963.41119
G0 F9600 X138.708 Y123.661
G1 F1710 X140.387 Y125.34 E963.48172
G0 F9600 X139.849 Y125.34
G1 F1710 X138.171 Y123.661 E963.55222
G0 F9600 X137.633 Y123.661
G1 F1710 X139.311 Y125.339 E963.6227
G0 F9600 X138.774 Y125.339
G1 F1710 X137.096 Y123.661 E963.69319
G0 F9600 X136.559 Y123.661
G1 F1710 X138.237 Y125.339 E963.76367
G0 F9600 X137.699 Y125.339
G1 F1710 X136.021 Y123.661 E963.83415
G0 F9600 X135.484 Y123.661
G1 F1710 X137.162 Y125.339 E963.90463
G0 F9600 X136.624 Y125.339
G1 F1710 X134.946 Y123.661 E963.97512
G0 F9600 X134.409 Y123.661
G1 F1710 X136.087 Y125.339 E964.0456
G0 F9600 X135.55 Y125.339
G1 F1710 X133.872 Y123.661 E964.11608
G0 F9600 X133.334 Y123.661
G1 F1710 X135.012 Y125.339 E964.18656
G0 F9600 X134.517 Y125.381
G1 F1710 X132.797 Y123.661 E964.25881
G0 F9600 X132.259 Y123.661
G1 F1710 X134.081 Y125.482 E964.33532
G0 F9600 X133.693 Y125.632
G1 F1710 X131.722 Y123.661 E964.41811
G0 F9600 X131.185 Y123.661
G1 F1710 X133.335 Y125.811 E964.50842
G0 F9600 X133.03 Y126.044
G1 F1710 X130.647 Y123.661 E964.60851
G0 F9600 X130.11 Y123.661
G1 F1710 X132.745 Y126.296 E964.7192
G0 F9600 X132.497 Y126.586
G1 F1710 X129.572 Y123.661 E964.84206
G0 F9600 X129.035 Y123.661
G1 F1710 X132.278 Y126.904 E964.97828
G0 F9600 X132.099 Y127.262
G1 F1710 X128.498 Y123.661 E965.12953
G0 F9600 X127.96 Y123.661
G1 F1710 X131.961 Y127.662 E965.29759
G0 F9600 X131.88 Y128.119
G1 F1710 X127.423 Y123.661 E965.48482
G0 F9600 X127.209 Y123.985
G1 F1710 X127.703 Y124.479 E965.50557
G0 F9600 X129.031 Y125.807
G1 F1710 X131.843 Y128.618 E965.62367
G0 F9600 X131.843 Y129.156
G1 F1710 X129.16 Y126.473 E965.73636
G0 F9600 X129.161 Y127.011
G1 F1710 X131.842 Y129.693 E965.849
G0 F9600 X131.842 Y130.23
G1 F1710 X129.161 Y127.549 E965.96161
G0 F9600 X129.161 Y128.086
G1 F1710 X131.841 Y130.767 E966.0742
G0 F9600 X131.841 Y131.304
G1 F1710 X129.161 Y128.623 E966.18679
G0 F9600 X129.161 Y129.161
G1 F1710 X131.841 Y131.841 E966.29936
G0 F9600 X131.841 Y132.378
G1 F1710 X129.161 Y129.698 E966.41193
G0 F9600 X129.161 Y130.236
G1 F1710 X131.84 Y132.915 E966.52446
G0 F9600 X131.84 Y133.452
G1 F1710 X129.161 Y130.773 E966.63699
G0 F9600 X129.161 Y131.31
G1 F1710 X131.839 Y133.989 E966.7495
G0 F9600 X131.839 Y134.526
G1 F1710 X129.161 Y131.848 E966.86199
G0 F9600 X129.161 Y132.385
G1 F1710 X131.911 Y135.135 E966.9775
G0 F9600 X132.225 Y135.987
G1 F1710 X129.161 Y132.923 E967.1062
G0 F9600 X129.161 Y133.46
G1 F1710 X135.042 Y139.341 E967.35322
G0 F9600 X135.579 Y139.341
G1 F1710 X133.506 Y137.268 E967.4403
G0 F9600 X134.356 Y137.58
G1 F1710 X136.117 Y139.342 E967.51429
G0 F9600 X136.655 Y139.342
G1 F1710 X134.97 Y137.657 E967.58506
G0 F9600 X135.507 Y137.657
G1 F1710 X137.193 Y139.342 E967.65586
G0 F9600 X137.798 Y139.41
G1 F1710 X136.045 Y137.657 E967.72949
G0 F9600 X136.582 Y137.657
G1 F1710 X138.56 Y139.635 E967.81258
G0 F9600 X138.732 Y137.657
G1 F1710 X143.683 Y142.608 E968.02054
G0 F9600 X144.22 Y142.608
G1 F1710 X139.269 Y137.657 E968.2285
G0 F9600 X139.806 Y137.657
G1 F1710 X144.757 Y142.608 E968.43646
G0 F9600 X145.295 Y142.608
G1 F1710 X140.344 Y137.657 E968.64443
G0 F9600 X140.881 Y137.657
G1 F1710 X145.832 Y142.608 E968.85239
G0 F9600 X146.37 Y142.608
G1 F1710 X141.419 Y137.657 E969.06035
G0 F9600 X141.956 Y137.657
G1 F1710 X146.907 Y142.608 E969.26831
G0 F9600 X147.444 Y142.608
G1 F1710 X142.493 Y137.657 E969.47627
G0 F9600 X143.031 Y137.657
G1 F1710 X147.982 Y142.608 E969.68423
G0 F9600 X148.519 Y142.608
G1 F1710 X143.568 Y137.657 E969.8922
G0 F9600 X144.106 Y137.657
G1 F1710 X149.057 Y142.608 E970.10016
G0 F9600 X149.594 Y142.608
G1 F1710 X144.643 Y137.657 E970.30812
G0 F9600 X145.18 Y137.657
G1 F1710 X150.131 Y142.608 E970.51608
G0 F9600 X150.669 Y142.608
G1 F1710 X145.718 Y137.657 E970.72404
G0 F9600 X146.255 Y137.657
G1 F1710 X151.206 Y142.608 E970.932
G0 F9600 X151.744 Y142.608
G1 F1710 X146.793 Y137.657 E971.13997
G0 F9600 X147.33 Y137.657
G1 F1710 X152.281 Y142.608 E971.34793
G0 F9600 X152.819 Y142.608
G1 F1710 X147.867 Y137.657 E971.55591
G0 F9600 X148.405 Y137.657
G1 F1710 X153.356 Y142.608 E971.76387
G0 F9600 X153.893 Y142.608
G1 F1710 X148.942 Y137.657 E971.97183
G0 F9600 X149.48 Y137.657
G1 F1710 X154.431 Y142.608 E972.1798
G0 F9600 X154.968 Y142.608
G1 F1710 X150.017 Y137.657 E972.38776
G0 F9600 X150.554 Y137.657
G1 F1710 X155.506 Y142.608 E972.59574
G0 F9600 X156.043 Y142.608
G1 F1710 X151.092 Y137.657 E972.8037
G0 F9600 X151.629 Y137.657
G1 F1710 X156.58 Y142.608 E973.01166
G0 F9600 X157.118 Y142.608
G1 F1710 X152.167 Y137.657 E973.21963
G0 F9600 X152.704 Y137.657
G1 F1710 X157.655 Y142.608 E973.42759
G0 F9600 X158.193 Y142.608
G1 F1710 X153.241 Y137.657 E973.63557
G0 F9600 X153.779 Y137.657
G1 F1710 X158.73 Y142.608 E973.84353
G0 F9600 X159.011 Y142.351
G1 F1710 X154.316 Y137.657 E974.04072
G0 F9600 X154.854 Y137.657
G1 F1710 X159.14 Y141.943 E974.22075
G0 F9600 X159.318 Y141.584
G1 F1710 X155.391 Y137.657 E974.3857
G0 F9600 X155.928 Y137.657
G1 F1710 X159.513 Y141.242 E974.53628
G0 F9600 X159.736 Y140.927
G1 F1710 X156.466 Y137.657 E974.67364
G0 F9600 X157.003 Y137.657
G1 F1710 X159.985 Y140.639 E974.79889
G0 F9600 X160.258 Y140.374
G1 F1710 X157.541 Y137.657 E974.91302
G0 F9600 X158.078 Y137.657
G1 F1710 X160.561 Y140.139 E975.01729
G0 F9600 X160.875 Y139.916
G1 F1710 X158.615 Y137.657 E975.1122
G0 F9600 X159.153 Y137.657
G1 F1710 X161.234 Y139.738 E975.19961
G0 F9600 X161.617 Y139.584
G1 F1710 X159.69 Y137.657 E975.28055
G0 F9600 X160.228 Y137.657
G1 F1710 X162.029 Y139.458 E975.3562
G0 F9600 X162.486 Y139.378
G1 F1710 X160.765 Y137.657 E975.42849
G0 F9600 X161.302 Y137.657
G1 F1710 X162.985 Y139.339 E975.49916
G0 F9600 X163.522 Y139.339
G1 F1710 X161.84 Y137.657 E975.56981
G0 F9600 X162.377 Y137.657
G1 F1710 X164.059 Y139.339 E975.64046
G0 F9600 X164.597 Y139.339
G1 F1710 X162.915 Y137.657 E975.71111
G0 F9600 X163.452 Y137.657
G1 F1710 X165.134 Y139.339 E975.78176
G0 F9600 X165.672 Y139.339
G1 F1710 X163.989 Y137.657 E975.85243
G0 F9600 X164.527 Y137.657
G1 F1710 X166.209 Y139.339 E975.92309
G0 F9600 X166.746 Y139.339
G1 F1710 X165.064 Y137.657 E975.99374
G0 F9600 X165.553 Y137.608
G1 F1710 X167.284 Y139.339 E976.06645
G0 F9600 X167.821 Y139.339
G1 F1710 X165.974 Y137.492 E976.14403
G0 F9600 X166.358 Y137.339
G1 F1710 X168.359 Y139.339 E976.22806
G0 F9600 X168.896 Y139.339
G1 F1710 X166.706 Y137.149 E976.32004
G0 F9600 X167.01 Y136.916
G1 F1710 X169.375 Y139.281 E976.41938
G0 F9600 X169.785 Y139.153
G1 F1710 X167.294 Y136.663 E976.52399
G0 F9600 X167.529 Y136.36
G1 F1710 X170.116 Y138.947 E976.63266
G0 F9600 X170.384 Y138.678
G1 F1710 X167.746 Y136.039 E976.74349
G0 F9600 X167.927 Y135.682
G1 F1710 X170.611 Y138.367 E976.85625
G0 F9600 X170.76 Y137.978
G1 F1710 X168.047 Y135.265 E976.9702
G0 F9600 X168.135 Y134.816
G1 F1710 X170.839 Y137.52 E977.08378
G0 F9600 X170.839 Y136.983
G1 F1710 X168.156 Y134.299 E977.1965
G0 F9600 X168.156 Y133.762
G1 F1710 X170.839 Y136.445 E977.3092
G0 F9600 X170.839 Y135.908
G1 F1710 X168.156 Y133.225 E977.42189
G0 F9600 X168.156 Y132.687
G1 F1710 X170.839 Y135.371 E977.53461
G0 F9600 X170.839 Y134.833
G1 F1710 X168.156 Y132.15 E977.64731
G0 F9600 X168.156 Y131.612
G1 F1710 X170.839 Y134.296 E977.76002
G0 F9600 X170.839 Y133.758
G1 F1710 X168.156 Y131.076 E977.8727
G0 F9600 X168.156 Y130.538
G1 F1710 X170.839 Y133.221 E977.9854
G0 F9600 X170.839 Y132.684
G1 F1710 X168.156 Y130.001 E978.09809
G0 F9600 X168.156 Y129.463
G1 F1710 X170.839 Y132.146 E978.21079
G0 F9600 X170.839 Y131.609
G1 F1710 X168.156 Y128.926 E978.32349
G0 F9600 X168.156 Y128.389
G1 F1710 X170.839 Y131.071 E978.43616
G0 F9600 X170.839 Y130.534
G1 F1710 X168.059 Y127.754 E978.55293
G0 F9600 X167.683 Y126.84
G1 F1710 X170.839 Y129.997 E978.68552
G1 F4200 E977.68552
G0 F9600 X167.373 Y136.085
G0 X167.017 Y136.517
G0 X166.585 Y136.873
G0 X166.093 Y137.135
G0 X143.145 Y142.608
G1 F2100 E978.68552
G1 F1710 X138.194 Y137.657 E978.89348
G0 F9600 X137.657 Y137.657
G1 F1710 X142.608 Y142.608 E979.10144
G0 F9600 X142.07 Y142.608
G1 F1710 X137.119 Y137.657 E979.3094
G0 F9600 X134.504 Y139.34
G1 F1710 X129.161 Y133.997 E979.53383
G0 F9600 X129.161 Y134.535
G1 F1710 X133.966 Y139.34 E979.73566
G0 F9600 X133.429 Y139.34
G1 F1710 X129.161 Y135.072 E979.91493
G0 F9600 X129.161 Y135.61
G1 F1710 X132.891 Y139.34 E980.07161
G0 F9600 X132.353 Y139.34
G1 F1710 X129.161 Y136.147 E980.20571
G0 F9600 X129.161 Y136.684
G1 F1710 X131.815 Y139.339 E980.31721
G0 F9600 X131.278 Y139.339
G1 F1710 X129.161 Y137.222 E980.40613
G0 F9600 X129.202 Y137.8
G1 F1710 X130.697 Y139.296 E980.46895
G1 F4200 E979.46895
G0 F9600 X137.777 Y139.724
G0 X138.466 Y139.934
G0 X139.013 Y140.213
G0 X140.861 Y141.936
G1 F2100 E980.46895
G1 F1710 X141.533 Y142.608 E980.49717
G1 F4200 E979.49717
G0 F9600 X158.435 Y147.687
G1 F2100 E980.49717
G1 F1710 X158.839 Y148.091 E980.51414
G0 F9600 X158.839 Y148.628
G1 F1710 X157.898 Y147.687 E980.55367
G0 F9600 X157.36 Y147.687
G1 F1710 X158.839 Y149.166 E980.61579
G0 F9600 X158.839 Y149.703
G1 F1710 X156.823 Y147.687 E980.70047
G0 F9600 X156.285 Y147.687
G1 F1710 X158.839 Y150.24 E980.80773
G0 F9600 X158.839 Y150.778
G1 F1710 X155.748 Y147.687 E980.93756
G0 F9600 X155.211 Y147.687
G1 F1710 X158.839 Y151.315 E981.08995
G0 F9600 X158.839 Y151.853
G1 F1710 X154.673 Y147.687 E981.26494
G0 F9600 X154.136 Y147.687
G1 F1710 X158.839 Y152.39 E981.46249
G0 F9600 X158.839 Y152.927
G1 F1710 X153.598 Y147.687 E981.68261
G0 F9600 X153.061 Y147.687
G1 F1710 X158.839 Y153.465 E981.92531
G0 F9600 X158.839 Y154.002
G1 F1710 X152.524 Y147.687 E982.19056
G0 F9600 X151.986 Y147.687
G1 F1710 X158.839 Y154.54 E982.47842
G0 F9600 X158.839 Y155.077
G1 F1710 X151.449 Y147.687 E982.78883
G0 F9600 X150.911 Y147.687
G1 F1710 X158.839 Y155.614 E983.12181
G0 F9600 X158.839 Y156.152
G1 F1710 X150.374 Y147.687 E983.47738
G0 F9600 X149.837 Y147.687
G1 F1710 X158.839 Y156.689 E983.8555
G0 F9600 X158.839 Y157.227
G1 F1710 X149.299 Y147.687 E984.25621
G0 F9600 X148.762 Y147.687
G1 F1710 X158.839 Y157.764 E984.67949
G0 F9600 X158.839 Y158.301
G1 F1710 X148.224 Y147.687 E985.12534
G0 F9600 X147.687 Y147.687
G1 F1710 X158.839 Y158.839 E985.59377
G0 F9600 X158.839 Y159.376
G1 F1710 X147.15 Y147.687 E986.08475
G0 F9600 X146.612 Y147.687
G1 F1710 X158.839 Y159.914 E986.59833
G0 F9600 X158.839 Y160.451
G1 F1710 X146.075 Y147.687 E987.13447
G0 F9600 X145.537 Y147.687
G1 F1710 X158.839 Y160.988 E987.69319
G0 F9600 X158.839 Y161.526
G1 F1710 X145 Y147.687 E988.27448
G0 F9600 X144.463 Y147.687
G1 F1710 X158.839 Y162.063 E988.87833
G0 F9600 X158.839 Y162.601
G1 F1710 X143.925 Y147.687 E989.50478
G0 F9600 X143.388 Y147.687
G1 F1710 X158.839 Y163.138 E990.15378
G0 F9600 X158.839 Y163.675
G1 F1710 X142.85 Y147.687 E990.82536
G0 F9600 X142.313 Y147.687
G1 F1710 X158.839 Y164.213 E991.51952
G0 F9600 X158.839 Y164.75
G1 F1710 X141.776 Y147.687 E992.23624
G0 F9600 X141.238 Y147.687
G1 F1710 X158.839 Y165.288 E992.97555
G0 F9600 X158.839 Y165.825
G1 F1710 X141.16 Y148.147 E993.71811
G0 F9600 X141.16 Y148.684
G1 F1710 X158.839 Y166.362 E994.46068
G0 F9600 X158.839 Y166.9
G1 F1710 X141.16 Y149.221 E995.20327
G0 F9600 X141.16 Y149.759
G1 F1710 X158.839 Y167.437 E995.94584
G0 F9600 X158.839 Y167.975
G1 F1710 X141.16 Y150.296 E996.68843
G0 F9600 X141.16 Y150.834
G1 F1710 X158.839 Y168.512 E997.43099
G0 F9600 X158.839 Y169.049
G1 F1710 X141.16 Y151.371 E998.17356
G0 F9600 X141.16 Y151.908
G1 F1710 X158.839 Y169.587 E998.91615
G0 F9600 X158.839 Y170.124
G1 F1710 X141.16 Y152.446 E999.65872
G0 F9600 X141.16 Y152.983
G1 F1710 X158.839 Y170.662 E1000.40131
G0 F9600 X158.839 Y171.199
G1 F1710 X141.16 Y153.521 E1001.14387
G0 F9600 X141.16 Y154.058
G1 F1710 X158.839 Y171.736 E1001.88644
G0 F9600 X158.839 Y172.274
G1 F1710 X141.16 Y154.595 E1002.62903
G0 F9600 X141.16 Y155.133
G1 F1710 X158.839 Y172.811 E1003.3716
G0 F9600 X158.839 Y173.349
G1 F1710 X141.16 Y155.67 E1004.11418
G0 F9600 X141.16 Y156.208
G1 F1710 X158.839 Y173.886 E1004.85675
G0 F9600 X158.839 Y174.423
G1 F1710 X141.16 Y156.745 E1005.59932
G0 F9600 X141.16 Y157.282
G1 F1710 X158.776 Y174.898 E1006.33926
G0 F9600 X158.644 Y175.303
G1 F1710 X141.16 Y157.82 E1007.07364
G0 F9600 X141.16 Y158.357
G1 F1710 X151.167 Y168.364 E1007.49397
G0 F9600 X150.441 Y168.175
G1 F1710 X141.16 Y158.895 E1007.88379
G0 F9600 X141.16 Y159.432
G1 F1710 X149.88 Y168.151 E1008.25004
G0 F9600 X149.395 Y168.204
G1 F1710 X141.16 Y159.969 E1008.59595
G0 F9600 X141.16 Y160.507
G1 F1710 X148.958 Y168.304 E1008.92347
G0 F9600 X148.588 Y168.472
G1 F1710 X141.16 Y161.044 E1009.23548
G0 F9600 X141.16 Y161.582
G1 F1710 X148.218 Y168.639 E1009.53192
G0 F9600 X147.92 Y168.878
G1 F1710 X141.16 Y162.119 E1009.81585
G0 F9600 X141.16 Y162.656
G1 F1710 X147.632 Y169.128 E1010.0877
G0 F9600 X147.387 Y169.42
G1 F1710 X141.16 Y163.194 E1010.34923
G0 F9600 X141.16 Y163.731
G1 F1710 X147.151 Y169.722 E1010.60088
G0 F9600 X146.971 Y170.079
G1 F1710 X141.16 Y164.269 E1010.84494
G0 F9600 X141.16 Y164.806
G1 F1710 X146.817 Y170.463 E1011.08256
G0 F9600 X146.699 Y170.882
G1 F1710 X141.16 Y165.343 E1011.31522
G0 F9600 X141.16 Y165.881
G1 F1710 X146.657 Y171.377 E1011.5461
G0 F9600 X146.683 Y171.941
G1 F1710 X141.16 Y166.418 E1011.77808
G0 F9600 X141.16 Y166.956
G1 F1710 X146.846 Y172.642 E1012.01692
G0 F9600 X148.845 Y174.641
G1 F1710 X150.544 Y176.339 E1012.08826
G0 F9600 X151.081 Y176.339
G1 F1710 X149.554 Y174.812 E1012.1524
G0 F9600 X150.117 Y174.838
G1 F1710 X151.619 Y176.339 E1012.21547
G0 F9600 X152.156 Y176.339
G1 F1710 X150.606 Y174.789 E1012.28058
G0 F9600 X151.041 Y174.686
G1 F1710 X152.693 Y176.339 E1012.34999
G0 F9600 X153.231 Y176.339
G1 F1710 X151.412 Y174.52 E1012.42639
G0 F9600 X151.77 Y174.341
G1 F1710 X153.768 Y176.339 E1012.51032
G0 F9600 X154.306 Y176.339
G1 F1710 X152.08 Y174.114 E1012.6038
G0 F9600 X152.368 Y173.864
G1 F1710 X154.843 Y176.339 E1012.70776
G0 F9600 X155.38 Y176.339
G1 F1710 X152.626 Y173.585 E1012.82344
G0 F9600 X152.84 Y173.262
G1 F1710 X155.918 Y176.339 E1012.9527
G0 F9600 X156.455 Y176.339
G1 F1710 X153.032 Y172.916 E1013.09648
G0 F9600 X153.193 Y172.54
G1 F1710 X156.993 Y176.339 E1013.25608
G0 F9600 X157.456 Y176.265
G1 F1710 X153.299 Y172.108 E1013.43069
G0 F9600 X153.34 Y171.611
G1 F1710 X157.851 Y176.123 E1013.62019
G0 F9600 X158.165 Y175.899
G1 F1710 X153.311 Y171.046 E1013.82406
G0 F9600 X153.122 Y170.319
G1 F1710 X158.433 Y175.63 E1014.04714
G0 F9600 X150.006 Y176.339
G1 F1710 X141.16 Y167.493 E1014.41871
G0 F9600 X141.16 Y168.03
G1 F1710 X149.469 Y176.339 E1014.76772
G0 F9600 X148.932 Y176.339
G1 F1710 X141.16 Y168.568 E1015.09415
G0 F9600 X141.16 Y169.105
G1 F1710 X148.394 Y176.339 E1015.39801
G0 F9600 X147.857 Y176.339
G1 F1710 X141.16 Y169.643 E1015.67929
G0 F9600 X141.16 Y170.18
G1 F1710 X147.319 Y176.339 E1015.93799
G0 F9600 X146.782 Y176.339
G1 F1710 X141.16 Y170.717 E1016.17414
G0 F9600 X141.16 Y171.255
G1 F1710 X146.245 Y176.339 E1016.38771
G0 F9600 X145.707 Y176.339
G1 F1710 X141.16 Y171.792 E1016.5787
G0 F9600 X141.16 Y172.33
G1 F1710 X145.17 Y176.339 E1016.74711
G0 F9600 X144.632 Y176.339
G1 F1710 X141.16 Y172.867 E1016.89295
G0 F9600 X141.16 Y173.405
G1 F1710 X144.095 Y176.339 E1017.01621
G0 F9600 X143.558 Y176.339
G1 F1710 X141.16 Y173.942 E1017.11692
G0 F9600 X141.16 Y174.479
G1 F1710 X143.02 Y176.339 E1017.19504
G0 F9600 X142.356 Y176.212
G1 F1710 X141.284 Y175.14 E1017.24007
G0 F9600 X141.33 Y175.124
G1 F4200 E1016.24007
;MESH:NONMESH
G0 F1500 X141.33 Y175.124 Z2.8
G0 F9600 X159.87 Y141.25
G0 X160.334 Y140.715
G0 X165.528 Y137.451
;TIME_ELAPSED:1339.502881
;LAYER:13
;TYPE:WALL-INNER
;MESH:LC-GR3005??????RFID?????????-WB.stl
G1 F2100 E1017.24007
G1 F1800 X165.132 Y137.496 E1017.2528
G1 X134.904 Y137.496 E1018.21797
G1 X134.315 Y137.418 E1018.23694
G1 X133.755 Y137.228 E1018.25582
G1 X133.258 Y136.938 E1018.27419
G1 X132.81 Y136.546 E1018.2932
G1 X132.448 Y136.072 E1018.31225
G1 X132.21 Y135.6 E1018.32912
G1 X132.045 Y135.028 E1018.34813
G1 X132 Y134.632 E1018.36086
G1 X132.004 Y128.404 E1018.55972
G1 X132.082 Y127.815 E1018.57869
G1 X132.268 Y127.263 E1018.59729
G1 X132.491 Y126.85 E1018.61227
G1 X132.809 Y126.45 E1018.62859
G1 X133.33 Y125.995 E1018.65068
G1 X133.896 Y125.709 E1018.67092
G1 X134.468 Y125.545 E1018.68992
G1 X134.864 Y125.5 E1018.70265
G1 X165.082 Y125.503 E1019.6675
G1 X165.69 Y125.581 E1019.68707
G1 X166.232 Y125.768 E1019.70538
G1 X166.573 Y125.948 E1019.71769
G1 X167.123 Y126.369 E1019.73981
G1 X167.519 Y126.871 E1019.76022
G1 X167.782 Y127.355 E1019.77781
G1 X167.951 Y127.968 E1019.79811
G1 X167.996 Y128.363 E1019.81081
G1 X167.996 Y134.592 E1020.0097
G1 X167.918 Y135.181 E1020.02867
G1 X167.791 Y135.6 E1020.04265
G1 X167.544 Y136.08 E1020.05989
G1 X167.125 Y136.625 E1020.08184
G1 X166.58 Y137.044 E1020.10379
G1 X166.1 Y137.291 E1020.12102
G1 X165.904 Y137.346 E1020.12752
G0 F1620 X165.528 Y137.451
G0 F9600 X165.966 Y136.914
G1 F1800 X165.472 Y137.055 E1020.14393
G1 X165.216 Y137.091 E1020.15218
G1 X134.944 Y137.098 E1021.11876
G1 X134.544 Y137.058 E1021.13159
G1 X134.058 Y136.923 E1021.1477
G1 X133.512 Y136.629 E1021.1675
G1 X133.119 Y136.292 E1021.18403
G1 X132.801 Y135.885 E1021.20052
G1 X132.586 Y135.466 E1021.21556
G1 X132.462 Y135.065 E1021.22896
G1 X132.405 Y134.716 E1021.24025
G1 X132.402 Y128.444 E1021.44051
G1 X132.465 Y127.93 E1021.45705
G1 X132.621 Y127.451 E1021.47313
G1 X132.827 Y127.066 E1021.48708
G1 X133.204 Y126.619 E1021.50575
G1 X133.611 Y126.301 E1021.52224
G1 X134.03 Y126.086 E1021.53728
G1 X134.431 Y125.962 E1021.55068
G1 X134.78 Y125.905 E1021.56197
G1 X165.046 Y125.902 E1022.52835
G1 X165.571 Y125.963 E1022.54523
G1 X166.045 Y126.121 E1022.56118
G1 X166.385 Y126.301 E1022.57347
G1 X166.792 Y126.619 E1022.58996
G1 X167.177 Y127.079 E1022.60911
G1 X167.383 Y127.459 E1022.62291
G1 X167.555 Y128.024 E1022.64177
G1 X167.591 Y128.28 E1022.65002
G1 X167.598 Y134.552 E1022.85029
G1 X167.558 Y134.952 E1022.86312
G1 X167.414 Y135.466 E1022.88017
G1 X167.132 Y135.981 E1022.89892
G1 X166.792 Y136.377 E1022.91558
G1 X166.39 Y136.692 E1022.93189
G1 X166.312 Y136.733 E1022.9347
G0 F1620 X165.966 Y136.914
G1 F4200 E1021.9347
G0 F9600 X166.056 Y137.211
G0 X160.968 Y140.223
G0 X160.338 Y140.712
G0 X159.711 Y141.495
G0 X159.281 Y142.498
G0 X159.207 Y143.048
G0 X157.615 Y176.397
G1 F2100 E1022.9347
G1 F1800 X157.913 Y176.273 E1022.94501
G1 X158.176 Y176.113 E1022.95484
G1 X158.408 Y175.912 E1022.96464
G1 X158.611 Y175.675 E1022.9746
G1 X158.774 Y175.408 E1022.98459
G1 X158.898 Y175.11 E1022.9949
G1 X158.996 Y174.607 E1023.01126
G1 X159.002 Y143.423 E1024.00696
G1 X159.038 Y142.955 E1024.02194
G1 X159.119 Y142.517 E1024.03616
G1 X159.319 Y141.921 E1024.05624
G1 X159.614 Y141.37 E1024.07619
G1 X159.898 Y140.973 E1024.09178
G1 X160.305 Y140.544 E1024.11066
G1 X160.893 Y140.09 E1024.13438
G1 X161.564 Y139.761 E1024.15824
G1 X162.144 Y139.59 E1024.17755
G1 X162.747 Y139.5 E1024.19702
G1 X169.089 Y139.5 E1024.39951
G1 X169.615 Y139.397 E1024.41663
G1 X169.913 Y139.273 E1024.42693
G1 X170.176 Y139.113 E1024.43676
G1 X170.408 Y138.912 E1024.44657
G1 X170.611 Y138.675 E1024.45653
G1 X170.774 Y138.408 E1024.46652
G1 X170.898 Y138.11 E1024.47682
G1 X171 Y137.594 E1024.49362
G1 X171 Y126.47 E1024.8488
G1 X171.058 Y126.009 E1024.86364
G1 X171.206 Y125.616 E1024.87705
G1 X171.345 Y125.378 E1024.88585
G1 X171.684 Y124.997 E1024.90213
G1 X171.888 Y124.841 E1024.91033
G1 X172.161 Y124.693 E1024.92025
G1 X172.601 Y124.549 E1024.93503
G1 X172.912 Y124.5 E1024.94508
G1 X181 Y124.5 E1025.20333
G1 X181 Y123.5 E1025.23526
G1 X119 Y123.5 E1027.2149
G1 X119 Y124.5 E1027.24683
G1 X127 Y124.5 E1027.50227
G1 X127.381 Y124.539 E1027.5145
G1 X127.88 Y124.706 E1027.5313
G1 X128.118 Y124.845 E1027.5401
G1 X128.491 Y125.175 E1027.556
G1 X128.651 Y125.378 E1027.56426
G1 X128.818 Y125.693 E1027.57564
G1 X128.996 Y126.272 E1027.59498
G1 X129 Y137.594 E1027.95649
G1 X129.1 Y138.115 E1027.97343
G1 X129.222 Y138.408 E1027.98356
G1 X129.385 Y138.675 E1027.99355
G1 X129.586 Y138.91 E1028.00343
G1 X129.823 Y139.113 E1028.01339
G1 X130.085 Y139.274 E1028.02321
G1 X130.381 Y139.397 E1028.03344
G1 X130.908 Y139.5 E1028.05059
G1 X137.27 Y139.504 E1028.25373
G1 X137.936 Y139.6 E1028.27521
G1 X138.603 Y139.832 E1028.29776
G1 X139.185 Y140.151 E1028.31895
G1 X139.819 Y140.653 E1028.34477
G1 X140.236 Y141.148 E1028.36544
G1 X140.456 Y141.488 E1028.37837
G1 X140.669 Y141.905 E1028.39332
G1 X140.874 Y142.487 E1028.41302
G1 X141 Y143.169 E1028.43517
G1 X141 Y174.594 E1029.43856
G1 X141.1 Y175.115 E1029.4555
G1 X141.222 Y175.408 E1029.46563
G1 X141.385 Y175.675 E1029.47562
G1 X141.586 Y175.91 E1029.48549
G1 X141.823 Y176.113 E1029.49546
G1 X142.085 Y176.274 E1029.50528
G1 X142.381 Y176.397 E1029.51551
G1 X142.895 Y176.496 E1029.53222
G1 X157.089 Y176.5 E1029.98543
G1 X157.232 Y176.472 E1029.99009
G0 F1620 X157.615 Y176.397
G0 F9600 X157.738 Y176.779
G1 F1800 X158.095 Y176.631 E1030.00243
G1 X158.413 Y176.437 E1030.01432
G1 X158.693 Y176.195 E1030.02614
G1 X158.936 Y175.91 E1030.0381
G1 X159.131 Y175.59 E1030.05006
G1 X159.28 Y175.236 E1030.06232
G1 X159.396 Y174.628 E1030.08209
G1 X159.401 Y143.453 E1031.0775
G1 X159.447 Y142.912 E1031.09483
G1 X159.511 Y142.596 E1031.10513
G1 X159.674 Y142.119 E1031.12122
G1 X159.902 Y141.664 E1031.13747
G1 X160.15 Y141.298 E1031.15159
G1 X160.502 Y140.897 E1031.16863
G1 X161.102 Y140.433 E1031.19284
G1 X161.698 Y140.138 E1031.21408
G1 X162.203 Y139.986 E1031.23092
G1 X162.739 Y139.906 E1031.24822
G1 X169.114 Y139.9 E1031.45177
G1 X169.738 Y139.779 E1031.47207
G1 X170.095 Y139.631 E1031.48441
G1 X170.413 Y139.437 E1031.4963
G1 X170.693 Y139.195 E1031.50812
G1 X170.936 Y138.91 E1031.52008
G1 X171.131 Y138.59 E1031.53204
G1 X171.28 Y138.236 E1031.54431
G1 X171.4 Y137.617 E1031.56444
G1 X171.4 Y126.48 E1031.92004
G1 X171.448 Y126.101 E1031.93224
G1 X171.576 Y125.768 E1031.94363
G1 X171.819 Y125.421 E1031.95716
G1 X172.131 Y125.159 E1031.97016
G1 X172.295 Y125.07 E1031.97612
G1 X172.725 Y124.929 E1031.99057
G1 X172.912 Y124.9 E1031.99661
G1 X181.4 Y124.9 E1032.26763
G1 X181.4 Y123.1 E1032.32511
G1 X118.6 Y123.1 E1034.33029
G1 X118.6 Y124.9 E1034.38777
G1 X127.075 Y124.904 E1034.65837
G1 X127.484 Y124.976 E1034.67163
G1 X127.871 Y125.16 E1034.68531
G1 X128.177 Y125.421 E1034.69816
G1 X128.337 Y125.625 E1034.70643
G1 X128.436 Y125.814 E1034.71325
G1 X128.592 Y126.337 E1034.73067
G1 X128.6 Y137.617 E1035.09084
G1 X128.718 Y138.239 E1035.11105
G1 X128.865 Y138.59 E1035.12321
G1 X129.06 Y138.91 E1035.13517
G1 X129.302 Y139.194 E1035.14708
G1 X129.587 Y139.437 E1035.15904
G1 X129.902 Y139.631 E1035.17086
G1 X130.258 Y139.779 E1035.18317
G1 X130.883 Y139.9 E1035.20349
G1 X137.282 Y139.91 E1035.40781
G1 X137.837 Y139.99 E1035.42571
G1 X138.335 Y140.153 E1035.44245
G1 X138.888 Y140.426 E1035.46214
G1 X139.537 Y140.94 E1035.48857
G1 X139.9 Y141.366 E1035.50644
G1 X140.155 Y141.766 E1035.52159
G1 X140.342 Y142.158 E1035.53546
G1 X140.495 Y142.635 E1035.55145
G1 X140.6 Y143.204 E1035.56993
G1 X140.6 Y174.617 E1036.57293
G1 X140.718 Y175.239 E1036.59315
G1 X140.865 Y175.59 E1036.6053
G1 X141.06 Y175.91 E1036.61726
G1 X141.302 Y176.194 E1036.62918
G1 X141.587 Y176.437 E1036.64114
G1 X141.902 Y176.631 E1036.65295
G1 X142.258 Y176.779 E1036.66526
G1 X142.872 Y176.896 E1036.68522
G1 X157.114 Y176.9 E1037.13996
G1 X157.355 Y176.853 E1037.1478
G0 F1620 X157.738 Y176.779
G0 F9600 X157.65 Y176.484
G0 X150.952 Y174.551
G1 F1800 X150.3 Y174.691 E1037.16909
G1 X149.595 Y174.67 E1037.19161
G1 X148.966 Y174.519 E1037.21227
G1 X148.394 Y174.259 E1037.23233
G1 X148.153 Y174.105 E1037.24146
G1 X147.677 Y173.693 E1037.26156
G1 X147.513 Y173.511 E1037.26939
G1 X147.186 Y173.017 E1037.2883
G1 X146.966 Y172.519 E1037.30568
G1 X146.794 Y171.682 E1037.33297
G1 X146.847 Y170.95 E1037.3564
G1 X147.008 Y170.363 E1037.37584
G1 X147.188 Y169.975 E1037.38949
G1 X147.513 Y169.485 E1037.40827
G1 X147.677 Y169.303 E1037.41609
G1 X148.262 Y168.797 E1037.44079
G1 X149.077 Y168.426 E1037.46938
G1 X149.695 Y168.312 E1037.48945
G1 X150.305 Y168.306 E1037.50892
G1 X150.917 Y168.433 E1037.52888
G1 X151.731 Y168.794 E1037.55731
G1 X152.319 Y169.303 E1037.58214
G1 X152.479 Y169.478 E1037.58972
G1 X152.818 Y169.987 E1037.60924
G1 X153.058 Y170.587 E1037.62988
G1 X153.202 Y171.322 E1037.65379
G1 X153.149 Y172.044 E1037.67691
G1 X153.034 Y172.52 E1037.69254
G1 X152.808 Y173.025 E1037.71021
G1 X152.42 Y173.606 E1037.73251
G1 X151.843 Y174.104 E1037.75685
G1 X151.602 Y174.259 E1037.766
G1 X150.952 Y174.551 E1037.78875
G0 F9600 X150.818 Y174.174
G1 F1800 X150.324 Y174.277 E1037.80487
G1 X149.788 Y174.288 E1037.82198
G1 X149.198 Y174.186 E1037.8411
G1 X148.482 Y173.86 E1037.86622
G1 X147.878 Y173.337 E1037.89173
G1 X147.55 Y172.85 E1037.91048
G1 X147.331 Y172.332 E1037.92844
G1 X147.197 Y171.649 E1037.95066
G1 X147.236 Y171.043 E1037.97005
G1 X147.371 Y170.531 E1037.98696
G1 X147.551 Y170.143 E1038.00061
G1 X147.881 Y169.657 E1038.01937
G1 X148.483 Y169.135 E1038.04481
G1 X149.199 Y168.815 E1038.06985
G1 X149.732 Y168.71 E1038.0872
G1 X150.208 Y168.707 E1038.1024
G1 X150.797 Y168.815 E1038.12152
G1 X151.51 Y169.14 E1038.14654
G1 X152.115 Y169.656 E1038.17193
G1 X152.452 Y170.15 E1038.19102
G1 X152.665 Y170.664 E1038.20879
G1 X152.8 Y171.351 E1038.23114
G1 X152.76 Y171.951 E1038.25034
G1 X152.652 Y172.399 E1038.26506
G1 X152.445 Y172.857 E1038.2811
G1 X152.117 Y173.338 E1038.29969
G1 X151.513 Y173.861 E1038.3252
G1 X150.818 Y174.174 E1038.34954
G0 F9600 X150.684 Y173.797
G0 X150.684 Y173.797 Z2.79
;TYPE:WALL-OUTER
G1 F1800 X150.488 Y173.836 Z2.8 E1038.3559
G1 X150.247 Y173.885 E1038.36392
G1 X149.749 Y173.885 E1038.38015
G1 X149.297 Y173.791 E1038.3952
G1 X148.698 Y173.519 E1038.41664
G1 X148.168 Y173.051 E1038.43969
G1 X147.914 Y172.684 E1038.45423
G1 X147.729 Y172.277 E1038.46881
G1 X147.603 Y171.643 E1038.48988
G1 X147.625 Y171.137 E1038.50638
G1 X147.734 Y170.699 E1038.5211
G1 X147.914 Y170.311 E1038.53504
G1 X148.201 Y169.908 E1038.55116
G1 X148.699 Y169.477 E1038.57263
G1 X149.297 Y169.205 E1038.59404
G1 X149.769 Y169.108 E1038.60975
G1 X150.247 Y169.111 E1038.62533
G1 X150.699 Y169.205 E1038.64038
G1 X151.296 Y169.478 E1038.66178
G1 X151.827 Y169.943 E1038.68478
G1 X152.087 Y170.314 E1038.69955
G1 X152.273 Y170.741 E1038.71473
G1 X152.397 Y171.393 E1038.73636
G1 X152.371 Y171.859 E1038.75158
G1 X152.271 Y172.277 E1038.76559
G1 X152.064 Y172.72 E1038.78152
G1 X151.795 Y173.088 E1038.79638
G1 X151.297 Y173.519 E1038.81785
G1 X150.684 Y173.797 E1038.83979
G1 X150.488 Y173.836 E1038.84614
G0 F9600 X150.247 Y173.885
G0 X149.749 Y173.885
G0 X149.695 Y173.874
G0 X149.561 Y174.572
G0 X157.65 Y176.484
G0 X157.862 Y177.161
G0 X157.862 Y177.161 Z2.79
G1 F1800 X158.047 Y177.084 Z2.8 E1038.85252
G1 X158.277 Y176.989 E1038.86063
G1 X158.649 Y176.761 E1038.87485
G1 X158.977 Y176.478 E1038.88897
G1 X159.261 Y176.146 E1038.90321
G1 X159.489 Y175.772 E1038.91749
G1 X159.661 Y175.361 E1038.93201
G1 X159.766 Y174.929 E1038.9465
G1 X159.796 Y174.649 E1038.95568
G1 X159.8 Y143.484 E1039.9715
G1 X159.839 Y142.992 E1039.98759
G1 X159.903 Y142.676 E1039.9981
G1 X160.051 Y142.253 E1040.0127
G1 X160.271 Y141.826 E1040.02836
G1 X160.494 Y141.506 E1040.04107
G1 X160.793 Y141.177 E1040.05556
G1 X161.333 Y140.765 E1040.0777
G1 X161.839 Y140.513 E1040.09613
G1 X162.262 Y140.382 E1040.11056
G1 X162.798 Y140.302 E1040.12823
G1 X169.139 Y140.3 E1040.33491
G1 X169.862 Y140.161 E1040.35891
G1 X170.277 Y139.989 E1040.37355
G1 X170.649 Y139.761 E1040.38777
G1 X170.977 Y139.478 E1040.40189
G1 X171.261 Y139.146 E1040.41613
G1 X171.489 Y138.772 E1040.43041
G1 X171.661 Y138.361 E1040.44493
G1 X171.766 Y137.928 E1040.45946
G1 X171.8 Y137.64 E1040.46891
G1 X171.801 Y126.471 E1040.83296
G1 X171.837 Y126.193 E1040.8421
G1 X171.974 Y125.872 E1040.85348
G1 X172.134 Y125.668 E1040.86193
G1 X172.433 Y125.445 E1040.87408
G1 X172.877 Y125.3 E1040.88931
G1 X181.8 Y125.3 E1041.18015
G1 X181.8 Y122.7 E1041.2649
G1 X118.2 Y122.7 E1043.33794
G1 X118.2 Y125.3 E1043.42268
G1 X127.025 Y125.301 E1043.71033
G1 X127.332 Y125.346 E1043.72045
G1 X127.624 Y125.474 E1043.73084
G1 X127.862 Y125.668 E1043.74085
G1 X128.055 Y125.935 E1043.75159
G1 X128.195 Y126.387 E1043.76701
G1 X128.2 Y137.64 E1044.1338
G1 X128.336 Y138.362 E1044.15775
G1 X128.507 Y138.772 E1044.17223
G1 X128.735 Y139.146 E1044.18651
G1 X129.018 Y139.478 E1044.20072
G1 X129.351 Y139.761 E1044.21497
G1 X129.72 Y139.989 E1044.22911
G1 X130.134 Y140.161 E1044.24372
G1 X130.857 Y140.3 E1044.26772
G1 X137.225 Y140.306 E1044.47528
G1 X137.759 Y140.385 E1044.49288
G1 X138.211 Y140.533 E1044.50838
G1 X138.655 Y140.757 E1044.52459
G1 X139.245 Y141.219 E1044.54901
G1 X139.547 Y141.56 E1044.56386
G1 X139.796 Y141.943 E1044.57875
G1 X139.962 Y142.284 E1044.59111
G1 X140.101 Y142.707 E1044.60563
G1 X140.197 Y143.227 E1044.62286
G1 X140.2 Y174.64 E1045.64677
G1 X140.336 Y175.362 E1045.67071
G1 X140.507 Y175.772 E1045.68519
G1 X140.735 Y176.146 E1045.69947
G1 X141.018 Y176.478 E1045.71369
G1 X141.351 Y176.761 E1045.72794
G1 X141.72 Y176.989 E1045.74207
G1 X142.134 Y177.161 E1045.75669
G1 X142.848 Y177.296 E1045.78037
G1 X157.139 Y177.3 E1046.24619
G1 X157.678 Y177.196 E1046.26408
G0 F1620 X157.862 Y177.161
G0 X158.047 Y177.084
G0 F9600 X158.277 Y176.989
G0 X158.649 Y176.761
G0 X158.736 Y176.686
G1 F4200 E1045.26408
G0 F9600 X158.275 Y176.148
G0 X159.193 Y142.915
G0 X159.459 Y141.985
G0 X159.975 Y141.115
G0 X160.338 Y140.712
G0 X160.848 Y140.316
G0 X166.038 Y137.216
G0 X165.832 Y136.537
G0 X165.832 Y136.537 Z2.79
G1 F2100 E1046.26408
G1 F1800 X165.64 Y136.593 Z2.8 E1046.27044
G1 X165.416 Y136.659 E1046.27805
G1 X165.16 Y136.695 E1046.28648
G1 X134.984 Y136.7 E1047.27007
G1 X134.584 Y136.66 E1047.28317
G1 X134.174 Y136.54 E1047.29709
G1 X133.765 Y136.319 E1047.31225
G1 X133.429 Y136.039 E1047.3265
G1 X133.175 Y135.729 E1047.33956
G1 X132.96 Y135.323 E1047.35454
G1 X132.837 Y134.916 E1047.3684
G1 X132.801 Y134.66 E1047.37682
G1 X132.8 Y128.484 E1047.57813
G1 X132.848 Y128.046 E1047.59249
G1 X132.975 Y127.638 E1047.60642
G1 X133.163 Y127.283 E1047.61951
G1 X133.457 Y126.929 E1047.63451
G1 X133.798 Y126.655 E1047.64877
G1 X134.173 Y126.46 E1047.66255
G1 X134.58 Y126.337 E1047.67641
G1 X134.836 Y126.301 E1047.68483
G1 X165.01 Y126.3 E1048.66835
G1 X165.41 Y126.336 E1048.68144
G1 X165.858 Y126.475 E1048.69673
G1 X166.231 Y126.677 E1048.71056
G1 X166.567 Y126.957 E1048.72482
G1 X166.823 Y127.27 E1048.738
G1 X167.027 Y127.641 E1048.7518
G1 X167.159 Y128.08 E1048.76674
G1 X167.195 Y128.336 E1048.77516
G1 X167.2 Y134.512 E1048.97647
G1 X167.152 Y134.95 E1048.99083
G1 X167.037 Y135.332 E1049.00384
G1 X166.819 Y135.731 E1049.01866
G1 X166.539 Y136.067 E1049.03291
G1 X166.2 Y136.34 E1049.0471
G1 X165.998 Y136.448 E1049.05457
G0 F1620 X165.832 Y136.537
G0 X165.64 Y136.593
G0 F9600 X165.416 Y136.659
G0 X165.16 Y136.695
G0 X164.853 Y136.695
G0 X164.853 Y137.41
G0 X160.338 Y140.712
G0 X158.77 Y142.316
;TYPE:FILL
G1 F1800 X157.403 Y142.316 E1049.09821
G1 X158.596 Y143.509 E1049.15208
G1 X158.595 Y145.177 E1049.20534
G1 X156.971 Y146.8 E1049.27865
G1 X154.344 Y146.8 E1049.36253
G1 X150.141 Y142.598 E1049.5523
G1 X150.141 Y142.316 E1049.5613
G1 X149.859 Y142.316 E1049.57031
G1 X149.859 Y142.598 E1049.57931
G1 X145.656 Y146.8 E1049.76908
G1 X143.028 Y146.8 E1049.85299
G1 X141.408 Y145.18 E1049.92614
G1 X141.408 Y143.505 E1049.97962
G1 X142.597 Y142.316 E1050.03331
G1 X146.81 Y146.8 E1050.22977
G1 X149.418 Y146.8 E1050.31304
G1 X153.63 Y142.316 E1050.50947
G1 X158.287 Y146.972 E1050.71974
G1 X156.799 Y146.973 E1050.76725
G1 X156.971 Y146.8 E1050.77504
G0 F9600 X154.344 Y146.8
G1 F1800 X154.516 Y146.972 E1050.7828
G1 X153.027 Y146.973 E1050.83035
G1 X153.199 Y146.8 E1050.83814
G0 F9600 X150.572 Y146.8
G1 F1800 X150.744 Y146.972 E1050.8459
G1 X149.255 Y146.973 E1050.89345
G1 X149.418 Y146.8 E1050.90104
G0 F9600 X146.81 Y146.8
G1 F1800 X146.972 Y146.972 E1050.90858
G1 X145.484 Y146.973 E1050.95609
G1 X145.656 Y146.8 E1050.96388
G0 F9600 X143.028 Y146.8
G1 F1800 X143.2 Y146.972 E1050.97165
G1 X141.712 Y146.973 E1051.01916
G1 X146.087 Y142.316 E1051.22318
G1 X150.572 Y146.8 E1051.42568
G1 X153.199 Y146.8 E1051.50956
G1 X157.684 Y142.316 E1051.71206
G1 F4200 E1050.71206
G0 F9600 X134.444 Y137.299
G0 X133.908 Y137.136
G0 X133.415 Y136.873
G0 X132.983 Y136.517
G0 X132.627 Y136.085
G0 X132.364 Y135.592
G0 X132.152 Y134.694
G0 X132.151 Y128.46
G0 X127.008 Y124.167
;TYPE:SKIN
G1 F2100 E1051.71206
G1 F1922.5 X119.329 Y124.167 E1051.91493
G1 X119.329 Y123.829 E1051.92386
G1 X127.062 Y123.829 E1052.12815
G1 F1928.2 X127.008 Y124.167 E1052.13717
G1 F4200 E1051.13717
G0 F9600 X180.667 Y124.167
G1 F2100 E1052.13717
G1 F1922.5 X172.988 Y124.167 E1052.34004
G1 X172.932 Y123.829 E1052.34909
G1 X180.667 Y123.829 E1052.55343
G1 X180.667 Y124.167 E1052.56236
G1 F4200 E1051.56236
G0 F9600 X172.776 Y124.652
G0 X172.099 Y124.872
G0 X171.687 Y125.187
G0 X171.226 Y125.974
G0 X169.931 Y139.074
G1 F2100 E1052.56236
G1 F1710 X170.565 Y138.44 E1052.58899
G0 F9600 X170.827 Y137.641
G1 F1710 X169.141 Y139.327 E1052.65981
G0 F9600 X168.592 Y139.339
G1 F1710 X170.838 Y137.092 E1052.75417
G0 F9600 X170.838 Y136.555
G1 F1710 X168.055 Y139.339 E1052.87109
G0 F9600 X167.517 Y139.339
G1 F1710 X170.838 Y136.018 E1053.01059
G0 F9600 X170.838 Y135.48
G1 F1710 X166.98 Y139.339 E1053.17266
G0 F9600 X166.442 Y139.339
G1 F1710 X170.838 Y134.943 E1053.35731
G0 F9600 X170.838 Y134.405
G1 F1710 X165.905 Y139.339 E1053.56454
G0 F9600 X165.368 Y139.339
G1 F1710 X170.838 Y133.868 E1053.79432
G0 F9600 X170.838 Y133.331
G1 F1710 X164.83 Y139.339 E1054.04668
G0 F9600 X164.293 Y139.339
G1 F1710 X166.229 Y137.402 E1054.12802
G0 F9600 X165.476 Y137.618
G1 F1710 X163.755 Y139.339 E1054.20031
G0 F9600 X163.218 Y139.339
G1 F1710 X164.901 Y137.656 E1054.271
G0 F9600 X164.363 Y137.656
G1 F1710 X162.669 Y139.35 E1054.34216
G0 F9600 X162.039 Y139.443
G1 F1710 X163.826 Y137.656 E1054.41722
G0 F9600 X163.289 Y137.656
G1 F1710 X161.177 Y139.768 E1054.50593
G0 F9600 X161.139 Y137.656
G1 F1710 X156.648 Y142.147 E1054.69457
G0 F9600 X156.111 Y142.147
G1 F1710 X160.602 Y137.656 E1054.88321
G0 F9600 X160.064 Y137.656
G1 F1710 X155.573 Y142.147 E1055.07185
G0 F9600 X155.036 Y142.147
G1 F1710 X159.527 Y137.656 E1055.26049
G0 F9600 X158.989 Y137.656
G1 F1710 X154.499 Y142.147 E1055.44911
G0 F9600 X153.961 Y142.147
G1 F1710 X158.452 Y137.656 E1055.63775
G0 F9600 X157.915 Y137.656
G1 F1710 X153.424 Y142.147 E1055.82639
G0 F9600 X152.886 Y142.147
G1 F1710 X157.377 Y137.656 E1056.01503
G0 F9600 X156.84 Y137.656
G1 F1710 X152.349 Y142.147 E1056.20367
G0 F9600 X151.812 Y142.147
G1 F1710 X156.302 Y137.656 E1056.39229
G0 F9600 X155.765 Y137.656
G1 F1710 X151.274 Y142.147 E1056.58093
G0 F9600 X150.737 Y142.147
G1 F1710 X155.228 Y137.656 E1056.76957
G0 F9600 X154.69 Y137.656
G1 F1710 X150.199 Y142.147 E1056.95821
G0 F9600 X149.662 Y142.147
G1 F1710 X154.153 Y137.656 E1057.14685
G0 F9600 X153.615 Y137.656
G1 F1710 X149.125 Y142.147 E1057.33547
G0 F9600 X148.587 Y142.147
G1 F1710 X153.078 Y137.656 E1057.52411
G0 F9600 X152.541 Y137.656
G1 F1710 X148.05 Y142.147 E1057.71274
G0 F9600 X147.512 Y142.147
G1 F1710 X152.003 Y137.656 E1057.90138
G0 F9600 X151.466 Y137.656
G1 F1710 X146.975 Y142.147 E1058.09002
G0 F9600 X146.438 Y142.147
G1 F1710 X150.928 Y137.656 E1058.27864
G0 F9600 X150.391 Y137.656
G1 F1710 X145.9 Y142.147 E1058.46728
G0 F9600 X145.363 Y142.147
G1 F1710 X149.854 Y137.656 E1058.65592
G0 F9600 X149.316 Y137.656
G1 F1710 X144.825 Y142.147 E1058.84456
G0 F9600 X144.288 Y142.147
G1 F1710 X148.779 Y137.656 E1059.0332
G0 F9600 X148.241 Y137.656
G1 F1710 X143.751 Y142.147 E1059.22182
G0 F9600 X143.213 Y142.147
G1 F1710 X147.704 Y137.656 E1059.41046
G0 F9600 X147.167 Y137.656
G1 F1710 X142.676 Y142.147 E1059.5991
G0 F9600 X142.138 Y142.147
G1 F1710 X146.629 Y137.656 E1059.78774
G0 F9600 X146.092 Y137.656
G1 F1710 X141.601 Y142.147 E1059.97638
G0 F9600 X141.064 Y142.147
G1 F1710 X145.554 Y137.656 E1060.165
G0 F9600 X145.017 Y137.656
G1 F1710 X140.817 Y141.856 E1060.34142
G0 F9600 X140.642 Y141.493
G1 F1710 X144.48 Y137.656 E1060.50261
G0 F9600 X143.942 Y137.656
G1 F1710 X140.435 Y141.163 E1060.64992
G0 F9600 X140.202 Y140.858
G1 F1710 X143.405 Y137.656 E1060.78443
G0 F9600 X142.867 Y137.656
G1 F1710 X139.957 Y140.566 E1060.90666
G0 F9600 X139.661 Y140.325
G1 F1710 X142.33 Y137.656 E1061.01877
G0 F9600 X141.793 Y137.656
G1 F1710 X139.361 Y140.088 E1061.12093
G0 F9600 X139.027 Y139.884
G1 F1710 X141.255 Y137.656 E1061.21451
G0 F9600 X140.718 Y137.656
G1 F1710 X138.683 Y139.691 E1061.29999
G0 F9600 X138.284 Y139.552
G1 F1710 X140.18 Y137.656 E1061.37963
G0 F9600 X139.643 Y137.656
G1 F1710 X137.87 Y139.429 E1061.4541
G0 F9600 X137.401 Y139.361
G1 F1710 X139.106 Y137.656 E1061.52572
G0 F9600 X138.568 Y137.656
G1 F1710 X136.882 Y139.342 E1061.59654
G0 F9600 X136.344 Y139.342
G1 F1710 X138.031 Y137.656 E1061.66738
G0 F9600 X137.493 Y137.656
G1 F1710 X135.808 Y139.342 E1061.73818
G0 F9600 X135.27 Y139.342
G1 F1710 X136.956 Y137.656 E1061.80899
G0 F9600 X136.419 Y137.656
G1 F1710 X134.734 Y139.341 E1061.87977
G0 F9600 X134.196 Y139.341
G1 F1710 X135.881 Y137.656 E1061.95055
G0 F9600 X135.344 Y137.656
G1 F1710 X133.659 Y139.341 E1062.02132
G0 F9600 X133.122 Y139.34
G1 F1710 X134.814 Y137.648 E1062.0924
G0 F9600 X134.347 Y137.578
G1 F1710 X132.585 Y139.34 E1062.16641
G0 F9600 X132.048 Y139.34
G1 F1710 X133.921 Y137.467 E1062.24508
G0 F9600 X133.555 Y137.295
G1 F1710 X131.511 Y139.34 E1062.33096
G0 F9600 X130.973 Y139.34
G1 F1710 X133.216 Y137.097 E1062.42517
G0 F9600 X132.921 Y136.854
G1 F1710 X130.515 Y139.26 E1062.52623
G0 F9600 X130.127 Y139.111
G1 F1710 X132.645 Y136.593 E1062.632
G0 F9600 X132.412 Y136.288
G1 F1710 X129.81 Y138.891 E1062.74131
G0 F9600 X129.547 Y138.616
G1 F1710 X132.208 Y135.955 E1062.85309
G0 F9600 X132.039 Y135.586
G1 F1710 X129.344 Y138.282 E1062.96631
G0 F9600 X129.217 Y137.872
G1 F1710 X131.92 Y135.168 E1063.07987
G0 F9600 X131.846 Y134.705
G1 F1710 X129.162 Y137.389 E1063.19261
G0 F9600 X129.162 Y136.852
G1 F1710 X131.839 Y134.175 E1063.30505
G0 F9600 X131.839 Y133.637
G1 F1710 X129.162 Y136.315 E1063.41752
G0 F9600 X129.162 Y135.777
G1 F1710 X131.839 Y133.099 E1063.52998
G0 F9600 X131.84 Y132.561
G1 F1710 X129.161 Y135.241 E1063.64253
G0 F9600 X129.161 Y134.703
G1 F1710 X131.841 Y132.023 E1063.7551
G0 F9600 X131.841 Y131.485
G1 F1710 X129.161 Y134.166 E1063.86769
G0 F9600 X129.16 Y133.629
G1 F1710 X131.841 Y130.948 E1063.98031
G0 F9600 X131.842 Y130.41
G1 F1710 X129.16 Y133.092 E1064.09296
G0 F9600 X129.16 Y132.554
G1 F1710 X131.843 Y129.871 E1064.20566
G0 F9600 X131.843 Y129.334
G1 F1710 X129.16 Y132.017 E1064.31835
G0 F9600 X129.159 Y131.48
G1 F1710 X131.844 Y128.796 E1064.43111
G0 F9600 X131.865 Y128.237
G1 F1710 X129.159 Y130.943 E1064.54478
G0 F9600 X129.159 Y130.405
G1 F1710 X131.996 Y127.568 E1064.66394
G0 F9600 X129.158 Y127.72
G1 F1710 X133.217 Y123.661 E1064.83444
G0 F9600 X133.754 Y123.661
G1 F1710 X129.158 Y128.257 E1065.02749
G0 F9600 X129.159 Y128.794
G1 F1710 X134.292 Y123.661 E1065.24309
G0 F9600 X134.829 Y123.661
G1 F1710 X129.159 Y129.331 E1065.48126
G0 F9600 X129.159 Y129.869
G1 F1710 X135.366 Y123.661 E1065.742
G0 F9600 X135.904 Y123.661
G1 F1710 X134.071 Y125.494 E1065.81899
G0 F9600 X134.75 Y125.352
G1 F1710 X136.441 Y123.661 E1065.89002
G0 F9600 X136.979 Y123.661
G1 F1710 X135.3 Y125.34 E1065.96054
G0 F9600 X135.837 Y125.34
G1 F1710 X137.516 Y123.661 E1066.03107
G0 F9600 X138.053 Y123.661
G1 F1710 X136.375 Y125.34 E1066.10157
G0 F9600 X136.912 Y125.34
G1 F1710 X138.591 Y123.661 E1066.17209
G0 F9600 X139.128 Y123.661
G1 F1710 X137.45 Y125.34 E1066.2426
G0 F9600 X137.987 Y125.34
G1 F1710 X139.666 Y123.661 E1066.31312
G0 F9600 X140.203 Y123.661
G1 F1710 X138.524 Y125.34 E1066.38365
G0 F9600 X139.062 Y125.34
G1 F1710 X140.74 Y123.661 E1066.45415
G0 F9600 X141.278 Y123.661
G1 F1710 X139.599 Y125.34 E1066.52468
G0 F9600 X140.136 Y125.34
G1 F1710 X141.815 Y123.661 E1066.5952
G0 F9600 X142.353 Y123.661
G1 F1710 X140.673 Y125.34 E1066.66575
G0 F9600 X141.211 Y125.34
G1 F1710 X142.89 Y123.661 E1066.73627
G0 F9600 X143.427 Y123.661
G1 F1710 X141.748 Y125.34 E1066.8068
G0 F9600 X142.285 Y125.34
G1 F1710 X143.965 Y123.661 E1066.87734
G0 F9600 X144.502 Y123.661
G1 F1710 X142.823 Y125.34 E1066.94787
G0 F9600 X143.36 Y125.34
G1 F1710 X145.04 Y123.661 E1067.01841
G0 F9600 X145.577 Y123.661
G1 F1710 X143.898 Y125.34 E1067.08894
G0 F9600 X144.435 Y125.34
G1 F1710 X146.114 Y123.661 E1067.15946
G0 F9600 X146.652 Y123.661
G1 F1710 X144.972 Y125.341 E1067.23003
G0 F9600 X145.509 Y125.341
G1 F1710 X147.189 Y123.661 E1067.30059
G0 F9600 X147.727 Y123.661
G1 F1710 X146.047 Y125.341 E1067.37116
G0 F9600 X146.584 Y125.341
G1 F1710 X148.264 Y123.661 E1067.44173
G0 F9600 X148.801 Y123.661
G1 F1710 X147.121 Y125.341 E1067.51229
G0 F9600 X147.659 Y125.341
G1 F1710 X149.339 Y123.661 E1067.58286
G0 F9600 X149.876 Y123.661
G1 F1710 X148.196 Y125.341 E1067.65343
G0 F9600 X148.734 Y125.341
G1 F1710 X150.414 Y123.661 E1067.724
G0 F9600 X150.951 Y123.661
G1 F1710 X149.271 Y125.341 E1067.79456
G0 F9600 X149.808 Y125.341
G1 F1710 X151.488 Y123.661 E1067.86513
G0 F9600 X152.026 Y123.661
G1 F1710 X150.345 Y125.342 E1067.93574
G0 F9600 X150.882 Y125.342
G1 F1710 X152.563 Y123.661 E1068.00635
G0 F9600 X153.101 Y123.661
G1 F1710 X151.42 Y125.342 E1068.07695
G0 F9600 X151.957 Y125.342
G1 F1710 X153.638 Y123.661 E1068.14756
G0 F9600 X154.175 Y123.661
G1 F1710 X152.495 Y125.342 E1068.21815
G0 F9600 X153.032 Y125.342
G1 F1710 X154.713 Y123.661 E1068.28876
G0 F9600 X155.25 Y123.661
G1 F1710 X153.569 Y125.342 E1068.35937
G0 F9600 X154.107 Y125.342
G1 F1710 X155.788 Y123.661 E1068.42998
G0 F9600 X156.325 Y123.661
G1 F1710 X154.644 Y125.342 E1068.50059
G0 F9600 X155.181 Y125.342
G1 F1710 X156.862 Y123.661 E1068.57119
G0 F9600 X157.4 Y123.661
G1 F1710 X155.718 Y125.342 E1068.64182
G0 F9600 X156.256 Y125.342
G1 F1710 X157.937 Y123.661 E1068.71243
G0 F9600 X158.475 Y123.661
G1 F1710 X156.793 Y125.342 E1068.78306
G0 F9600 X157.331 Y125.342
G1 F1710 X159.012 Y123.661 E1068.85367
G0 F9600 X159.549 Y123.661
G1 F1710 X157.868 Y125.342 E1068.92428
G0 F9600 X158.405 Y125.342
G1 F1710 X160.087 Y123.661 E1068.99491
G0 F9600 X160.624 Y123.661
G1 F1710 X158.943 Y125.342 E1069.06552
G0 F9600 X159.48 Y125.342
G1 F1710 X161.162 Y123.661 E1069.13615
G0 F9600 X161.699 Y123.661
G1 F1710 X160.018 Y125.342 E1069.20676
G0 F9600 X160.554 Y125.343
G1 F1710 X162.236 Y123.661 E1069.27741
G0 F9600 X162.774 Y123.661
G1 F1710 X161.092 Y125.343 E1069.34806
G0 F9600 X161.629 Y125.343
G1 F1710 X163.311 Y123.661 E1069.41871
G0 F9600 X163.849 Y123.661
G1 F1710 X162.166 Y125.343 E1069.48938
G0 F9600 X162.704 Y125.343
G1 F1710 X164.386 Y123.661 E1069.56003
G0 F9600 X164.923 Y123.661
G1 F1710 X163.241 Y125.343 E1069.63068
G0 F9600 X163.779 Y125.343
G1 F1710 X165.461 Y123.661 E1069.70133
G0 F9600 X165.998 Y123.661
G1 F1710 X164.316 Y125.343 E1069.77198
G0 F9600 X164.853 Y125.343
G1 F1710 X166.536 Y123.661 E1069.84265
G0 F9600 X167.073 Y123.661
G1 F1710 X165.356 Y125.378 E1069.91478
G0 F9600 X165.819 Y125.453
G1 F1710 X167.61 Y123.661 E1069.99003
G0 F9600 X168.148 Y123.661
G1 F1710 X166.214 Y125.595 E1070.07126
G0 F9600 X166.575 Y125.771
G1 F1710 X168.685 Y123.661 E1070.15989
G0 F9600 X169.223 Y123.661
G1 F1710 X166.891 Y125.992 E1070.25782
G0 F9600 X167.197 Y126.224
G1 F1710 X169.76 Y123.661 E1070.36548
G0 F9600 X170.297 Y123.661
G1 F1710 X167.442 Y126.516 E1070.4854
G0 F9600 X167.675 Y126.821
G1 F1710 X170.835 Y123.661 E1070.61813
G0 F9600 X171.372 Y123.661
G1 F1710 X167.865 Y127.168 E1070.76544
G0 F9600 X168.006 Y127.565
G1 F1710 X171.91 Y123.661 E1070.92942
G0 F9600 X172.447 Y123.661
G1 F1710 X168.116 Y127.992 E1071.11134
G0 F9600 X168.157 Y128.488
G1 F1710 X171.037 Y125.608 E1071.23231
G0 F9600 X170.857 Y126.326
G1 F1710 X168.157 Y129.026 E1071.34573
G0 F9600 X168.157 Y129.563
G1 F1710 X170.838 Y126.882 E1071.45834
G0 F9600 X170.838 Y127.419
G1 F1710 X168.157 Y130.101 E1071.57097
G0 F9600 X168.157 Y130.638
G1 F1710 X170.838 Y127.957 E1071.68358
G0 F9600 X170.838 Y128.494
G1 F1710 X168.157 Y131.175 E1071.7962
G0 F9600 X168.156 Y131.713
G1 F1710 X170.838 Y129.031 E1071.90885
G0 F9600 X170.838 Y129.569
G1 F1710 X168.156 Y132.251 E1072.02151
G0 F9600 X168.156 Y132.788
G1 F1710 X170.838 Y130.106 E1072.13416
G0 F9600 X170.838 Y130.644
G1 F1710 X168.156 Y133.326 E1072.24682
G0 F9600 X168.156 Y133.863
G1 F1710 X170.838 Y131.181 E1072.35947
G0 F9600 X170.838 Y131.718
G1 F1710 X168.156 Y134.4 E1072.47213
G0 F9600 X168.12 Y134.974
G1 F1710 X170.838 Y132.256 E1072.58629
G0 F9600 X170.838 Y132.793
G1 F1710 X167.905 Y135.726 E1072.70949
G0 F9600 X166.585 Y136.873
G0 X166.092 Y137.136
G0 X165.583 Y137.256
G0 X162.751 Y137.656
G1 F1710 X158.26 Y142.147 E1072.89813
G0 F9600 X157.723 Y142.147
G1 F1710 X162.214 Y137.656 E1073.08677
G0 F9600 X161.676 Y137.656
G1 F1710 X157.186 Y142.147 E1073.27539
G0 F9600 X158.798 Y142.147
G1 F1710 X159.272 Y141.672 E1073.29532
G1 F4200 E1072.29532
G0 F9600 X163.675 Y137.345
G0 X165.194 Y137.348
G0 X166.092 Y137.136
G0 X166.585 Y136.873
G0 X167.017 Y136.517
G0 X167.373 Y136.085
G0 X167.636 Y135.592
G0 X167.799 Y135.056
G0 X167.849 Y134.54
G0 X167.836 Y131.058
G0 X172.097 Y124.548
G1 F2100 E1073.29532
G1 F1710 X172.771 Y123.875 E1073.32361
G1 F4200 E1072.32361
G0 F9600 X132.679 Y123.661
G1 F2100 E1073.32361
G1 F1710 X129.158 Y127.182 E1073.4715
G0 F9600 X129.158 Y126.645
G1 F1710 X132.142 Y123.661 E1073.59684
G0 F9600 X131.605 Y123.661
G1 F1710 X129.124 Y126.141 E1073.70104
G0 F9600 X128.998 Y125.73
G1 F1710 X131.067 Y123.661 E1073.78794
G0 F9600 X130.53 Y123.661
G1 F1710 X128.824 Y125.366 E1073.85958
G0 F9600 X128.597 Y125.057
G1 F1710 X129.992 Y123.661 E1073.9182
G0 F9600 X129.455 Y123.661
G1 F1710 X128.312 Y124.804 E1073.96621
G0 F9600 X127.991 Y124.587
G1 F1710 X128.918 Y123.661 E1074.00512
G0 F9600 X128.38 Y123.661
G1 F1710 X127.596 Y124.445 E1074.03805
G0 F9600 X127.191 Y124.313
G1 F1710 X127.843 Y123.661 E1074.06544
G1 F4200 E1073.06544
G0 F9600 X132.152 Y134.694
G0 X132.364 Y135.592
G0 X132.627 Y136.085
G0 X132.983 Y136.517
G0 X137.263 Y139.655
G0 X137.896 Y139.751
G0 X138.474 Y139.938
G0 X139.028 Y140.221
G0 X139.709 Y140.759
G0 X140.359 Y141.615
G0 X140.73 Y142.54
G0 X141.161 Y147.423
G1 F2100 E1074.06544
G1 F1710 X141.443 Y147.141 E1074.07729
G0 F9600 X141.981 Y147.141
G1 F1710 X141.161 Y147.961 E1074.11173
G0 F9600 X141.161 Y148.498
G1 F1710 X142.518 Y147.141 E1074.16873
G0 F9600 X143.055 Y147.141
G1 F1710 X141.161 Y149.035 E1074.24828
G0 F9600 X141.161 Y149.573
G1 F1710 X143.593 Y147.141 E1074.35044
G0 F9600 X144.13 Y147.141
G1 F1710 X141.161 Y150.11 E1074.47515
G0 F9600 X141.161 Y150.648
G1 F1710 X144.668 Y147.141 E1074.62246
G0 F9600 X145.205 Y147.141
G1 F1710 X141.161 Y151.185 E1074.79232
G0 F9600 X141.161 Y151.722
G1 F1710 X145.742 Y147.141 E1074.98474
G0 F9600 X146.28 Y147.141
G1 F1710 X141.161 Y152.26 E1075.19976
G0 F9600 X141.161 Y152.797
G1 F1710 X146.817 Y147.141 E1075.43733
G0 F9600 X147.355 Y147.141
G1 F1710 X141.161 Y153.335 E1075.69751
G0 F9600 X141.161 Y153.872
G1 F1710 X147.892 Y147.141 E1075.98023
G0 F9600 X148.429 Y147.141
G1 F1710 X141.161 Y154.409 E1076.28552
G0 F9600 X141.161 Y154.947
G1 F1710 X148.967 Y147.141 E1076.6134
G0 F9600 X149.504 Y147.141
G1 F1710 X141.161 Y155.484 E1076.96384
G0 F9600 X141.161 Y156.022
G1 F1710 X150.042 Y147.141 E1077.33688
G0 F9600 X150.579 Y147.141
G1 F1710 X141.161 Y156.559 E1077.73247
G0 F9600 X141.161 Y157.096
G1 F1710 X151.116 Y147.141 E1078.15062
G0 F9600 X151.654 Y147.141
G1 F1710 X141.161 Y157.634 E1078.59137
G0 F9600 X141.161 Y158.171
G1 F1710 X152.191 Y147.141 E1079.05467
G0 F9600 X152.729 Y147.141
G1 F1710 X141.161 Y158.709 E1079.54058
G0 F9600 X141.161 Y159.246
G1 F1710 X153.266 Y147.141 E1080.04903
G0 F9600 X153.804 Y147.141
G1 F1710 X141.161 Y159.784 E1080.58009
G0 F9600 X141.161 Y160.321
G1 F1710 X154.341 Y147.141 E1081.1337
G0 F9600 X154.878 Y147.141
G1 F1710 X141.161 Y160.858 E1081.70987
G0 F9600 X141.161 Y161.396
G1 F1710 X155.416 Y147.141 E1082.30864
G0 F9600 X155.953 Y147.141
G1 F1710 X141.161 Y161.933 E1082.92996
G0 F9600 X141.161 Y162.471
G1 F1710 X156.491 Y147.141 E1083.57388
G0 F9600 X157.028 Y147.141
G1 F1710 X141.161 Y163.008 E1084.24036
G0 F9600 X141.161 Y163.545
G1 F1710 X157.565 Y147.141 E1084.92939
G0 F9600 X158.103 Y147.141
G1 F1710 X141.161 Y164.083 E1085.64102
G0 F9600 X141.161 Y164.62
G1 F1710 X158.64 Y147.141 E1086.37521
G0 F9600 X158.84 Y147.478
G1 F1710 X141.161 Y165.158 E1087.11782
G0 F9600 X141.161 Y165.695
G1 F1710 X158.84 Y148.016 E1087.86041
G0 F9600 X158.84 Y148.553
G1 F1710 X141.161 Y166.232 E1088.603
G0 F9600 X141.161 Y166.77
G1 F1710 X158.84 Y149.091 E1089.34559
G0 F9600 X158.84 Y149.628
G1 F1710 X141.161 Y167.307 E1090.08818
G0 F9600 X141.161 Y167.845
G1 F1710 X158.84 Y150.165 E1090.83078
G0 F9600 X158.84 Y150.704
G1 F1710 X141.161 Y168.382 E1091.57335
G0 F9600 X141.161 Y168.919
G1 F1710 X158.84 Y151.241 E1092.31592
G0 F9600 X158.84 Y151.778
G1 F1710 X141.161 Y169.457 E1093.05851
G0 F9600 X141.161 Y169.994
G1 F1710 X158.84 Y152.316 E1093.80108
G0 F9600 X158.84 Y152.853
G1 F1710 X141.161 Y170.532 E1094.54366
G0 F9600 X141.161 Y171.069
G1 F1710 X158.84 Y153.391 E1095.28623
G0 F9600 X158.84 Y153.928
G1 F1710 X141.161 Y171.606 E1096.0288
G0 F9600 X141.161 Y172.144
G1 F1710 X158.839 Y154.466 E1096.77134
G0 F9600 X158.839 Y155.003
G1 F1710 X141.161 Y172.681 E1097.51389
G0 F9600 X141.161 Y173.219
G1 F1710 X158.839 Y155.541 E1098.25644
G0 F9600 X158.839 Y156.078
G1 F1710 X141.161 Y173.756 E1098.99898
G0 F9600 X141.161 Y174.293
G1 F1710 X158.839 Y156.616 E1099.74151
G0 F9600 X158.839 Y157.153
G1 F1710 X141.201 Y174.791 E1100.48238
G0 F9600 X141.315 Y175.214
G1 F1710 X158.838 Y157.691 E1101.21841
G0 F9600 X158.838 Y158.229
G1 F1710 X148.599 Y168.467 E1101.64847
G0 F9600 X149.4 Y168.204
G1 F1710 X158.838 Y158.766 E1102.0449
G0 F9600 X158.838 Y159.303
G1 F1710 X149.99 Y168.151 E1102.41655
G0 F9600 X150.494 Y168.185
G1 F1710 X158.838 Y159.841 E1102.76704
G0 F9600 X158.838 Y160.378
G1 F1710 X150.947 Y168.269 E1103.09849
G0 F9600 X151.321 Y168.433
G1 F1710 X158.837 Y160.916 E1103.41421
G0 F9600 X158.837 Y161.454
G1 F1710 X151.69 Y168.601 E1103.71441
G0 F9600 X152.007 Y168.821
G1 F1710 X158.837 Y161.991 E1104.0013
G0 F9600 X158.837 Y162.528
G1 F1710 X152.296 Y169.07 E1104.27607
G0 F9600 X152.566 Y169.337
G1 F1710 X158.837 Y163.066 E1104.53948
G0 F9600 X158.837 Y163.603
G1 F1710 X152.787 Y169.654 E1104.79362
G0 F9600 X152.991 Y169.987
G1 F1710 X158.837 Y164.141 E1105.03918
G0 F9600 X158.837 Y164.679
G1 F1710 X153.143 Y170.372 E1105.27833
G0 F9600 X153.262 Y170.791
G1 F1710 X158.837 Y165.216 E1105.5125
G0 F9600 X158.837 Y165.754
G1 F1710 X153.35 Y171.24 E1105.74295
G0 F9600 X153.327 Y171.801
G1 F1710 X158.837 Y166.291 E1105.9744
G0 F9600 X158.837 Y166.828
G1 F1710 X153.217 Y172.448 E1106.21046
G0 F9600 X152.646 Y173.557
G1 F1710 X158.837 Y167.366 E1106.47051
G0 F9600 X158.836 Y167.904
G1 F1710 X150.402 Y176.338 E1106.82477
G0 F9600 X149.866 Y176.337
G1 F1710 X152.152 Y174.051 E1106.92079
G0 F9600 X150.952 Y174.713
G1 F1710 X149.328 Y176.337 E1106.989
G0 F9600 X148.791 Y176.337
G1 F1710 X150.297 Y174.831 E1107.05226
G0 F9600 X149.749 Y174.841
G1 F1710 X148.253 Y176.337 E1107.1151
G0 F9600 X147.716 Y176.337
G1 F1710 X149.285 Y174.768 E1107.181
G0 F9600 X148.866 Y174.649
G1 F1710 X147.179 Y176.336 E1107.25186
G0 F9600 X146.642 Y176.336
G1 F1710 X148.497 Y174.481 E1107.32978
G0 F9600 X148.15 Y174.291
G1 F1710 X146.105 Y176.336 E1107.41568
G0 F9600 X145.567 Y176.336
G1 F1710 X147.849 Y174.054 E1107.51153
G0 F9600 X147.561 Y173.805
G1 F1710 X145.03 Y176.335 E1107.61782
G0 F9600 X144.493 Y176.335
G1 F1710 X147.319 Y173.51 E1107.73651
G0 F9600 X147.106 Y173.185
G1 F1710 X143.956 Y176.335 E1107.86882
G0 F9600 X143.418 Y176.335
G1 F1710 X146.928 Y172.826 E1108.01623
G0 F9600 X146.778 Y172.439
G1 F1710 X142.884 Y176.332 E1108.17977
G0 F9600 X142.434 Y176.245
G1 F1710 X146.691 Y171.988 E1108.35858
G0 F9600 X146.648 Y171.494
G1 F1710 X142.067 Y176.075 E1108.551
G0 F9600 X141.758 Y175.846
G1 F1710 X146.689 Y170.915 E1108.75813
G0 F9600 X146.952 Y170.114
G1 F1710 X141.504 Y175.563 E1108.98699
G0 F9600 X150.94 Y176.338
G1 F1710 X158.836 Y168.441 E1109.31867
G0 F9600 X158.836 Y168.979
G1 F1710 X151.477 Y176.338 E1109.62778
G0 F9600 X152.015 Y176.338
G1 F1710 X158.836 Y169.516 E1109.91431
G0 F9600 X158.836 Y170.054
G1 F1710 X152.551 Y176.338 E1110.17828
G0 F9600 X153.089 Y176.338
G1 F1710 X158.836 Y170.591 E1110.41968
G0 F9600 X158.836 Y171.128
G1 F1710 X153.626 Y176.338 E1110.63852
G0 F9600 X154.163 Y176.338
G1 F1710 X158.835 Y171.666 E1110.83476
G0 F9600 X158.835 Y172.204
G1 F1710 X154.701 Y176.338 E1111.00841
G0 F9600 X155.238 Y176.339
G1 F1710 X158.835 Y172.741 E1111.15951
G0 F9600 X158.835 Y173.279
G1 F1710 X155.775 Y176.339 E1111.28805
G0 F9600 X156.312 Y176.339
G1 F1710 X158.835 Y173.816 E1111.39402
G0 F9600 X158.835 Y174.353
G1 F1710 X156.85 Y176.339 E1111.47742
G0 F9600 X157.461 Y176.265
G1 F1710 X158.765 Y174.961 E1111.5322
G0 F9600 X158.723 Y174.951
G1 F4200 E1110.5322
;MESH:NONMESH
G0 F1500 X158.723 Y174.951 Z3
G0 F9600 X159.193 Y142.915
G0 X159.459 Y141.985
G0 X159.975 Y141.115
G0 X160.338 Y140.712
G0 X165.528 Y137.451
;TIME_ELAPSED:1456.785870
;LAYER:14
;TYPE:WALL-INNER
;MESH:LC-GR3005??????RFID?????????-WB.stl
G1 F2100 E1111.5322
G1 F1800 X165.132 Y137.496 E1111.54492
G1 X134.904 Y137.496 E1112.51009
G1 X134.315 Y137.418 E1112.52906
G1 X133.755 Y137.228 E1112.54795
G1 X133.258 Y136.938 E1112.56632
G1 X132.81 Y136.546 E1112.58533
G1 X132.448 Y136.072 E1112.60437
G1 X132.21 Y135.6 E1112.62125
G1 X132.045 Y135.028 E1112.64026
G1 X132 Y134.632 E1112.65298
G1 X132.004 Y128.404 E1112.85184
G1 X132.082 Y127.815 E1112.87081
G1 X132.268 Y127.263 E1112.88941
G1 X132.491 Y126.85 E1112.9044
G1 X132.809 Y126.45 E1112.92071
G1 X133.33 Y125.995 E1112.9428
G1 X133.896 Y125.709 E1112.96305
G1 X134.468 Y125.545 E1112.98205
G1 X134.864 Y125.5 E1112.99477
G1 X165.082 Y125.503 E1113.95962
G1 X165.69 Y125.581 E1113.9792
G1 X166.232 Y125.768 E1113.9975
G1 X166.573 Y125.948 E1114.00982
G1 X167.123 Y126.369 E1114.03193
G1 X167.519 Y126.871 E1114.05235
G1 X167.782 Y127.355 E1114.06994
G1 X167.951 Y127.968 E1114.09024
G1 X167.996 Y128.363 E1114.10293
G1 X167.996 Y134.592 E1114.30182
G1 X167.918 Y135.181 E1114.32079
G1 X167.791 Y135.6 E1114.33477
G1 X167.544 Y136.08 E1114.35201
G1 X167.186 Y136.546 E1114.37077
G1 X166.671 Y136.998 E1114.39265
G1 X166.101 Y137.29 E1114.4131
G1 X165.904 Y137.345 E1114.41963
G0 F1620 X165.528 Y137.451
G0 F9600 X165.936 Y136.924
G1 F1800 X165.56 Y137.036 E1114.43216
G1 X165.216 Y137.091 E1114.44328
G1 X134.944 Y137.098 E1115.40986
G1 X134.544 Y137.058 E1115.42269
G1 X134.058 Y136.923 E1115.4388
G1 X133.512 Y136.629 E1115.4586
G1 X133.119 Y136.292 E1115.47513
G1 X132.801 Y135.885 E1115.49162
G1 X132.586 Y135.466 E1115.50666
G1 X132.462 Y135.065 E1115.52006
G1 X132.405 Y134.716 E1115.53135
G1 X132.402 Y128.444 E1115.73162
G1 X132.465 Y127.93 E1115.74815
G1 X132.621 Y127.451 E1115.76423
G1 X132.827 Y127.066 E1115.77818
G1 X133.204 Y126.619 E1115.79685
G1 X133.611 Y126.301 E1115.81334
G1 X134.03 Y126.086 E1115.82838
G1 X134.431 Y125.962 E1115.84178
G1 X134.78 Y125.905 E1115.85307
G1 X165.046 Y125.902 E1116.81946
G1 X165.571 Y125.963 E1116.83633
G1 X166.045 Y126.121 E1116.85228
G1 X166.385 Y126.301 E1116.86457
G1 X166.792 Y126.619 E1116.88106
G1 X167.177 Y127.079 E1116.90021
G1 X167.383 Y127.459 E1116.91401
G1 X167.555 Y128.024 E1116.93287
G1 X167.591 Y128.28 E1116.94113
G1 X167.598 Y134.552 E1117.14139
G1 X167.558 Y134.952 E1117.15423
G1 X167.414 Y135.466 E1117.17127
G1 X167.132 Y135.981 E1117.19002
G1 X166.792 Y136.377 E1117.20668
G1 X166.39 Y136.692 E1117.22299
G1 X166.284 Y136.746 E1117.22679
G0 F1620 X165.936 Y136.924
G1 F4200 E1116.22679
G0 F9600 X166.025 Y137.22
G0 X160.977 Y140.218
G0 X160.132 Y140.926
G0 X159.718 Y141.483
G0 X159.457 Y141.987
G0 X159.219 Y142.824
G0 X157.615 Y176.397
G1 F2100 E1117.22679
G1 F1800 X157.913 Y176.273 E1117.23709
G1 X158.176 Y176.113 E1117.24692
G1 X158.408 Y175.912 E1117.25672
G1 X158.611 Y175.675 E1117.26669
G1 X158.774 Y175.408 E1117.27668
G1 X158.898 Y175.11 E1117.28698
G1 X158.996 Y174.607 E1117.30334
G1 X159.002 Y143.423 E1118.29904
G1 X159.038 Y142.955 E1118.31403
G1 X159.12 Y142.519 E1118.32819
G1 X159.296 Y141.989 E1118.34603
G1 X159.583 Y141.408 E1118.36672
G1 X160.019 Y140.824 E1118.38999
G1 X160.358 Y140.494 E1118.40509
G1 X160.884 Y140.092 E1118.42623
G1 X161.564 Y139.761 E1118.45038
G1 X162.132 Y139.592 E1118.4693
G1 X162.742 Y139.508 E1118.48896
G1 X169.091 Y139.5 E1118.69168
G1 X169.615 Y139.397 E1118.70874
G1 X169.913 Y139.273 E1118.71904
G1 X170.176 Y139.113 E1118.72887
G1 X170.408 Y138.912 E1118.73867
G1 X170.611 Y138.675 E1118.74864
G1 X170.774 Y138.408 E1118.75862
G1 X170.898 Y138.11 E1118.76893
G1 X171 Y137.594 E1118.78572
G1 X171 Y126.47 E1119.14091
G1 X171.058 Y126.009 E1119.15575
G1 X171.206 Y125.616 E1119.16916
G1 X171.345 Y125.378 E1119.17796
G1 X171.684 Y124.997 E1119.19424
G1 X171.888 Y124.841 E1119.20244
G1 X172.161 Y124.693 E1119.21235
G1 X172.601 Y124.549 E1119.22714
G1 X172.912 Y124.5 E1119.23719
G1 X181 Y124.5 E1119.49544
G1 X181 Y123.5 E1119.52737
G1 X119 Y123.5 E1121.50701
G1 X119 Y124.5 E1121.53894
G1 X127 Y124.5 E1121.79438
G1 X127.381 Y124.539 E1121.80661
G1 X127.88 Y124.706 E1121.82341
G1 X128.118 Y124.845 E1121.83221
G1 X128.491 Y125.175 E1121.84811
G1 X128.651 Y125.378 E1121.85636
G1 X128.818 Y125.693 E1121.86775
G1 X128.996 Y126.272 E1121.88709
G1 X129 Y137.594 E1122.2486
G1 X129.1 Y138.115 E1122.26554
G1 X129.222 Y138.408 E1122.27567
G1 X129.385 Y138.675 E1122.28566
G1 X129.586 Y138.91 E1122.29553
G1 X129.823 Y139.113 E1122.3055
G1 X130.085 Y139.274 E1122.31531
G1 X130.381 Y139.397 E1122.32555
G1 X130.908 Y139.5 E1122.34269
G1 X137.323 Y139.504 E1122.54752
G1 X138 Y139.627 E1122.56949
G1 X138.603 Y139.832 E1122.58983
G1 X139.158 Y140.13 E1122.60994
G1 X139.538 Y140.41 E1122.62502
G1 X140.039 Y140.889 E1122.64715
G1 X140.39 Y141.383 E1122.6665
G1 X140.704 Y141.968 E1122.6877
G1 X140.891 Y142.586 E1122.70831
G1 X141 Y143.254 E1122.72992
G1 X141 Y174.594 E1123.7306
G1 X141.1 Y175.115 E1123.74754
G1 X141.222 Y175.408 E1123.75767
G1 X141.385 Y175.675 E1123.76766
G1 X141.586 Y175.91 E1123.77754
G1 X141.823 Y176.113 E1123.7875
G1 X142.085 Y176.274 E1123.79732
G1 X142.381 Y176.397 E1123.80755
G1 X142.895 Y176.496 E1123.82427
G1 X157.089 Y176.5 E1124.27748
G1 X157.232 Y176.472 E1124.28213
G0 F1620 X157.615 Y176.397
G0 F9600 X157.738 Y176.779
G1 F1800 X158.095 Y176.631 E1124.29447
G1 X158.413 Y176.437 E1124.30636
G1 X158.693 Y176.195 E1124.31818
G1 X158.936 Y175.91 E1124.33014
G1 X159.131 Y175.59 E1124.3421
G1 X159.28 Y175.236 E1124.35437
G1 X159.396 Y174.628 E1124.37413
G1 X159.401 Y143.453 E1125.36954
G1 X159.437 Y142.986 E1125.3845
G1 X159.533 Y142.521 E1125.39966
G1 X159.673 Y142.121 E1125.41319
G1 X159.928 Y141.614 E1125.43131
G1 X160.32 Y141.089 E1125.45223
G1 X160.637 Y140.781 E1125.46634
G1 X161.092 Y140.436 E1125.48457
G1 X161.698 Y140.138 E1125.50614
G1 X162.194 Y139.987 E1125.52269
G1 X162.743 Y139.908 E1125.5404
G1 X169.117 Y139.9 E1125.74392
G1 X169.738 Y139.779 E1125.76412
G1 X170.095 Y139.631 E1125.77646
G1 X170.413 Y139.437 E1125.78836
G1 X170.693 Y139.195 E1125.80017
G1 X170.936 Y138.91 E1125.81213
G1 X171.131 Y138.59 E1125.8241
G1 X171.28 Y138.236 E1125.83636
G1 X171.4 Y137.617 E1125.85649
G1 X171.4 Y126.48 E1126.21209
G1 X171.448 Y126.101 E1126.22429
G1 X171.576 Y125.768 E1126.23568
G1 X171.819 Y125.421 E1126.24921
G1 X172.131 Y125.159 E1126.26222
G1 X172.295 Y125.07 E1126.26818
G1 X172.725 Y124.929 E1126.28263
G1 X172.912 Y124.9 E1126.28867
G1 X181.4 Y124.9 E1126.55969
G1 X181.4 Y123.1 E1126.61716
G1 X118.6 Y123.1 E1128.62235
G1 X118.6 Y124.9 E1128.67982
G1 X127.075 Y124.904 E1128.95043
G1 X127.484 Y124.976 E1128.96369
G1 X127.871 Y125.16 E1128.97737
G1 X128.177 Y125.421 E1128.99021
G1 X128.337 Y125.625 E1128.99849
G1 X128.436 Y125.814 E1129.0053
G1 X128.592 Y126.337 E1129.02273
G1 X128.6 Y137.617 E1129.38289
G1 X128.718 Y138.239 E1129.40311
G1 X128.865 Y138.59 E1129.41526
G1 X129.06 Y138.91 E1129.42722
G1 X129.302 Y139.194 E1129.43914
G1 X129.587 Y139.437 E1129.4511
G1 X129.902 Y139.631 E1129.46291
G1 X130.258 Y139.779 E1129.47522
G1 X130.883 Y139.9 E1129.49555
G1 X137.284 Y139.904 E1129.69993
G1 X137.879 Y140.008 E1129.71921
G1 X138.421 Y140.189 E1129.73746
G1 X138.92 Y140.452 E1129.75547
G1 X139.3 Y140.732 E1129.77054
G1 X139.702 Y141.121 E1129.7884
G1 X139.991 Y141.499 E1129.8036
G1 X140.332 Y142.122 E1129.82627
G1 X140.497 Y142.651 E1129.84397
G1 X140.6 Y143.282 E1129.86438
G1 X140.6 Y174.617 E1130.8649
G1 X140.718 Y175.239 E1130.88511
G1 X140.865 Y175.59 E1130.89726
G1 X141.06 Y175.91 E1130.90923
G1 X141.302 Y176.194 E1130.92114
G1 X141.587 Y176.437 E1130.9331
G1 X141.902 Y176.631 E1130.94491
G1 X142.258 Y176.779 E1130.95722
G1 X142.872 Y176.896 E1130.97718
G1 X157.114 Y176.9 E1131.43192
G1 X157.355 Y176.853 E1131.43976
G0 F1620 X157.738 Y176.779
G0 F9600 X157.65 Y176.484
G0 X150.952 Y174.551
G1 F1800 X150.3 Y174.691 E1131.46106
G1 X149.595 Y174.67 E1131.48358
G1 X148.966 Y174.519 E1131.50423
G1 X148.394 Y174.259 E1131.52429
G1 X148.153 Y174.105 E1131.53343
G1 X147.677 Y173.693 E1131.55353
G1 X147.513 Y173.511 E1131.56135
G1 X147.186 Y173.017 E1131.58027
G1 X146.966 Y172.519 E1131.59765
G1 X146.794 Y171.682 E1131.62493
G1 X146.847 Y170.95 E1131.64837
G1 X147.008 Y170.363 E1131.6678
G1 X147.188 Y169.975 E1131.68146
G1 X147.513 Y169.485 E1131.70023
G1 X147.677 Y169.303 E1131.70805
G1 X148.262 Y168.797 E1131.73275
G1 X149.077 Y168.426 E1131.76134
G1 X149.695 Y168.312 E1131.78141
G1 X150.305 Y168.306 E1131.80089
G1 X150.917 Y168.433 E1131.82084
G1 X151.731 Y168.794 E1131.84928
G1 X152.319 Y169.303 E1131.87411
G1 X152.479 Y169.478 E1131.88168
G1 X152.818 Y169.987 E1131.90121
G1 X153.058 Y170.587 E1131.92184
G1 X153.202 Y171.322 E1131.94575
G1 X153.149 Y172.044 E1131.96887
G1 X153.034 Y172.52 E1131.98451
G1 X152.808 Y173.025 E1132.00217
G1 X152.42 Y173.606 E1132.02448
G1 X151.843 Y174.104 E1132.04882
G1 X151.602 Y174.259 E1132.05796
G1 X150.952 Y174.551 E1132.08072
G0 F9600 X150.818 Y174.174
G1 F1800 X150.324 Y174.277 E1132.09683
G1 X149.788 Y174.288 E1132.11395
G1 X149.198 Y174.186 E1132.13307
G1 X148.482 Y173.86 E1132.15819
G1 X147.878 Y173.337 E1132.1837
G1 X147.55 Y172.85 E1132.20244
G1 X147.331 Y172.332 E1132.2204
G1 X147.197 Y171.649 E1132.24262
G1 X147.236 Y171.043 E1132.26201
G1 X147.371 Y170.531 E1132.27892
G1 X147.551 Y170.143 E1132.29258
G1 X147.881 Y169.657 E1132.31133
G1 X148.483 Y169.135 E1132.33678
G1 X149.199 Y168.815 E1132.36182
G1 X149.732 Y168.71 E1132.37916
G1 X150.208 Y168.707 E1132.39436
G1 X150.797 Y168.815 E1132.41348
G1 X151.51 Y169.14 E1132.4385
G1 X152.115 Y169.656 E1132.46389
G1 X152.452 Y170.15 E1132.48298
G1 X152.665 Y170.664 E1132.50075
G1 X152.8 Y171.351 E1132.52311
G1 X152.76 Y171.951 E1132.54231
G1 X152.652 Y172.399 E1132.55702
G1 X152.445 Y172.857 E1132.57307
G1 X152.117 Y173.338 E1132.59166
G1 X151.513 Y173.861 E1132.61717
G1 X150.818 Y174.174 E1132.64151
G0 F9600 X150.684 Y173.797
G0 X150.684 Y173.797 Z2.99
;TYPE:WALL-OUTER
G1 F1800 X150.488 Y173.836 Z3 E1132.64786
G1 X150.247 Y173.885 E1132.65588
G1 X149.749 Y173.885 E1132.67211
G1 X149.297 Y173.791 E1132.68716
G1 X148.698 Y173.519 E1132.7086
G1 X148.168 Y173.051 E1132.73165
G1 X147.914 Y172.684 E1132.7462
G1 X147.723 Y172.255 E1132.7615
G1 X147.603 Y171.643 E1132.78183
G1 X147.625 Y171.137 E1132.79834
G1 X147.734 Y170.699 E1132.81305
G1 X147.914 Y170.311 E1132.82699
G1 X148.201 Y169.908 E1132.84312
G1 X148.699 Y169.477 E1132.86459
G1 X149.297 Y169.205 E1132.886
G1 X149.769 Y169.108 E1132.90171
G1 X150.247 Y169.111 E1132.91729
G1 X150.699 Y169.205 E1132.93234
G1 X151.296 Y169.478 E1132.95373
G1 X151.827 Y169.943 E1132.97674
G1 X152.087 Y170.314 E1132.99151
G1 X152.273 Y170.741 E1133.00669
G1 X152.397 Y171.393 E1133.02832
G1 X152.371 Y171.859 E1133.04353
G1 X152.271 Y172.277 E1133.05754
G1 X152.064 Y172.72 E1133.07348
G1 X151.795 Y173.088 E1133.08834
G1 X151.297 Y173.519 E1133.10981
G1 X150.684 Y173.797 E1133.13175
G1 X150.488 Y173.836 E1133.1381
G0 F9600 X150.247 Y173.885
G0 X149.749 Y173.885
G0 X149.695 Y173.874
G0 X149.561 Y174.572
G0 X157.65 Y176.484
G0 X157.862 Y177.161
G0 X157.862 Y177.161 Z2.99
G1 F1800 X158.047 Y177.084 Z3 E1133.14447
G1 X158.277 Y176.989 E1133.15258
G1 X158.649 Y176.761 E1133.16681
G1 X158.977 Y176.478 E1133.18093
G1 X159.261 Y176.146 E1133.19517
G1 X159.489 Y175.772 E1133.20944
G1 X159.661 Y175.361 E1133.22397
G1 X159.766 Y174.929 E1133.23846
G1 X159.796 Y174.649 E1133.24764
G1 X159.8 Y143.484 E1134.26346
G1 X159.84 Y142.991 E1134.27958
G1 X159.911 Y142.653 E1134.29084
G1 X160.062 Y142.228 E1134.30554
G1 X160.279 Y141.812 E1134.32083
G1 X160.632 Y141.344 E1134.33994
G1 X160.936 Y141.051 E1134.3537
G1 X161.292 Y140.787 E1134.36815
G1 X161.832 Y140.515 E1134.38786
G1 X162.256 Y140.382 E1134.40234
G1 X162.712 Y140.31 E1134.41739
G1 X169.143 Y140.3 E1134.62701
G1 X169.862 Y140.161 E1134.65087
G1 X170.277 Y139.989 E1134.66552
G1 X170.649 Y139.761 E1134.67974
G1 X170.977 Y139.478 E1134.69386
G1 X171.261 Y139.146 E1134.7081
G1 X171.489 Y138.772 E1134.72238
G1 X171.661 Y138.361 E1134.7369
G1 X171.766 Y137.928 E1134.75142
G1 X171.8 Y137.64 E1134.76087
G1 X171.801 Y126.471 E1135.12493
G1 X171.837 Y126.193 E1135.13406
G1 X171.974 Y125.872 E1135.14544
G1 X172.134 Y125.668 E1135.15389
G1 X172.433 Y125.445 E1135.16605
G1 X172.877 Y125.3 E1135.18127
G1 X181.8 Y125.3 E1135.47212
G1 X181.8 Y122.7 E1135.55687
G1 X118.2 Y122.7 E1137.6299
G1 X118.2 Y125.3 E1137.71465
G1 X127.025 Y125.301 E1138.0023
G1 X127.332 Y125.346 E1138.01241
G1 X127.624 Y125.474 E1138.02281
G1 X127.862 Y125.668 E1138.03281
G1 X128.055 Y125.935 E1138.04355
G1 X128.195 Y126.387 E1138.05898
G1 X128.2 Y137.64 E1138.42577
G1 X128.336 Y138.362 E1138.44971
G1 X128.507 Y138.772 E1138.46419
G1 X128.735 Y139.146 E1138.47847
G1 X129.018 Y139.478 E1138.49269
G1 X129.351 Y139.761 E1138.50693
G1 X129.72 Y139.989 E1138.52107
G1 X130.134 Y140.161 E1138.53569
G1 X130.857 Y140.3 E1138.55968
G1 X137.265 Y140.306 E1138.76855
G1 X137.729 Y140.382 E1138.78388
G1 X138.239 Y140.545 E1138.80133
G1 X138.683 Y140.774 E1138.81761
G1 X139.063 Y141.054 E1138.833
G1 X139.421 Y141.405 E1138.84934
G1 X139.685 Y141.761 E1138.86379
G1 X139.967 Y142.293 E1138.88341
G1 X140.095 Y142.685 E1138.89685
G1 X140.198 Y143.303 E1138.91727
G1 X140.2 Y174.64 E1139.9387
G1 X140.336 Y175.362 E1139.96265
G1 X140.507 Y175.772 E1139.97713
G1 X140.735 Y176.146 E1139.99141
G1 X141.018 Y176.478 E1140.00563
G1 X141.351 Y176.761 E1140.01987
G1 X141.72 Y176.989 E1140.03401
G1 X142.134 Y177.161 E1140.04862
G1 X142.848 Y177.296 E1140.07231
G1 X157.139 Y177.3 E1140.53812
G1 X157.678 Y177.196 E1140.55601
G0 F1620 X157.862 Y177.161
G0 X158.047 Y177.084
G0 F9600 X158.277 Y176.989
G0 X158.649 Y176.761
G0 X158.736 Y176.686
G1 F4200 E1139.55601
G0 F9600 X158.275 Y176.148
G0 X159.193 Y142.917
G0 X159.457 Y141.987
G0 X159.718 Y141.483
G0 X160.132 Y140.926
G0 X160.816 Y140.353
G0 X166.038 Y137.216
G0 X165.832 Y136.537
G0 X165.832 Y136.537 Z2.99
G1 F2100 E1140.55601
G1 F1800 X165.64 Y136.593 Z3 E1140.56238
G1 X165.416 Y136.659 E1140.56999
G1 X165.16 Y136.695 E1140.57842
G1 X134.984 Y136.7 E1141.562
G1 X134.584 Y136.66 E1141.5751
G1 X134.174 Y136.54 E1141.58903
G1 X133.765 Y136.319 E1141.60418
G1 X133.429 Y136.039 E1141.61844
G1 X133.175 Y135.729 E1141.6315
G1 X132.96 Y135.323 E1141.64647
G1 X132.837 Y134.916 E1141.66033
G1 X132.801 Y134.66 E1141.66876
G1 X132.8 Y128.484 E1141.87007
G1 X132.848 Y128.046 E1141.88443
G1 X132.975 Y127.638 E1141.89836
G1 X133.163 Y127.283 E1141.91145
G1 X133.457 Y126.929 E1141.92645
G1 X133.798 Y126.655 E1141.94071
G1 X134.173 Y126.46 E1141.95448
G1 X134.58 Y126.337 E1141.96834
G1 X134.836 Y126.301 E1141.97677
G1 X165.01 Y126.3 E1142.96029
G1 X165.41 Y126.336 E1142.97338
G1 X165.858 Y126.475 E1142.98867
G1 X166.231 Y126.677 E1143.00249
G1 X166.567 Y126.957 E1143.01675
G1 X166.823 Y127.27 E1143.02993
G1 X167.027 Y127.641 E1143.04373
G1 X167.159 Y128.08 E1143.05867
G1 X167.195 Y128.336 E1143.0671
G1 X167.2 Y134.512 E1143.26841
G1 X167.152 Y134.95 E1143.28277
G1 X167.037 Y135.332 E1143.29577
G1 X166.819 Y135.731 E1143.31059
G1 X166.539 Y136.067 E1143.32485
G1 X166.2 Y136.34 E1143.33903
G1 X165.998 Y136.448 E1143.3465
G0 F1620 X165.832 Y136.537
G0 X165.64 Y136.593
G0 F9600 X165.416 Y136.659
G0 X165.16 Y136.695
G0 X164.853 Y136.695
G0 X164.853 Y137.41
G2 X158.9110 Y141.8540 I60.5353 J87.1352
;TYPE:FILL
G1 F1800 X156.942 Y141.855 E1143.40937
G1 X158.595 Y143.508 E1143.48401
G1 X158.594 Y145.178 E1143.53733
G1 X157.684 Y146.087 E1143.5784
G1 X157.684 Y146.602 E1143.59485
G1 X157.402 Y146.602 E1143.60385
G1 X157.402 Y146.4 E1143.6103
G0 F9600 X157.684 Y146.4
G1 F1800 X158.802 Y146.4 E1143.646
G0 F9600 X158.146 Y141.854
G1 F1800 X153.913 Y146.087 E1143.83714
G1 X153.913 Y146.4 E1143.84714
G0 F9600 X153.631 Y146.4
G1 F1800 X153.631 Y146.602 E1143.85359
G1 X153.912 Y146.602 E1143.86256
G1 X153.913 Y146.4 E1143.86901
G1 X157.402 Y146.4 E1143.98041
G1 X157.402 Y146.087 E1143.9904
G1 X153.921 Y142.697 E1144.14555
G1 X153.921 Y141.854 E1144.17247
G1 X153.623 Y141.855 E1144.18198
G1 X153.623 Y142.696 E1144.20883
G1 X150.141 Y146.087 E1144.36403
G1 X150.141 Y146.4 E1144.37402
G1 X153.631 Y146.4 E1144.48545
G1 X153.631 Y146.088 E1144.49542
G1 X150.149 Y142.697 E1144.65061
G1 X150.149 Y141.854 E1144.67752
G1 X149.851 Y141.855 E1144.68704
G1 X149.851 Y142.696 E1144.71389
G1 X146.369 Y146.088 E1144.8691
G1 X146.369 Y146.4 E1144.87907
G0 F9600 X146.087 Y146.4
G1 F1800 X146.087 Y146.087 E1144.88906
G1 X142.563 Y142.649 E1145.04626
G1 X142.585 Y141.854 E1145.07165
G1 X142.295 Y141.855 E1145.08091
G1 X142.273 Y142.64 E1145.10599
G1 X141.409 Y143.504 E1145.145
G1 X141.408 Y145.18 E1145.19851
G1 X142.316 Y146.087 E1145.23949
G1 X142.316 Y146.603 E1145.25597
G1 X142.598 Y146.602 E1145.26497
G1 X142.598 Y146.4 E1145.27142
G1 X146.087 Y146.4 E1145.38283
G1 X146.087 Y146.603 E1145.38931
G1 X146.369 Y146.602 E1145.39831
G1 X146.369 Y146.4 E1145.40476
G1 X149.859 Y146.4 E1145.5162
G1 X149.859 Y146.603 E1145.52268
G1 X150.141 Y146.602 E1145.53168
G1 X150.141 Y146.4 E1145.53813
G0 F9600 X149.859 Y146.4
G1 F1800 X149.859 Y146.088 E1145.54809
G1 X146.377 Y142.696 E1145.70331
G1 X146.377 Y141.854 E1145.73019
G1 X146.079 Y141.855 E1145.73971
G1 X146.079 Y142.698 E1145.76662
G1 X142.598 Y146.087 E1145.92175
G1 X142.598 Y146.4 E1145.93174
G0 F9600 X142 Y146.811
G1 F1800 X142 Y145.772 E1145.96492
G1 F4200 E1144.96492
G0 F9600 X158.594 Y146.771
;TYPE:SKIN
G1 F2100 E1145.96492
G1 F1710 X158.841 Y147.018 E1145.97529
G0 F9600 X158.841 Y147.556
G1 F1710 X158.057 Y146.771 E1146.00824
G0 F9600 X157.519 Y146.771
G1 F1710 X158.841 Y148.093 E1146.06377
G0 F9600 X158.841 Y148.63
G1 F1710 X156.982 Y146.771 E1146.14186
G0 F9600 X156.445 Y146.771
G1 F1710 X158.841 Y149.168 E1146.24252
G0 F9600 X158.841 Y149.705
G1 F1710 X155.907 Y146.771 E1146.36576
G0 F9600 X155.37 Y146.771
G1 F1710 X158.841 Y150.243 E1146.51158
G0 F9600 X158.84 Y150.779
G1 F1710 X154.832 Y146.771 E1146.67993
G0 F9600 X154.295 Y146.771
G1 F1710 X158.84 Y151.317 E1146.87086
G0 F9600 X158.84 Y151.854
G1 F1710 X153.758 Y146.771 E1147.08434
G0 F9600 X153.22 Y146.771
G1 F1710 X158.84 Y152.391 E1147.32041
G0 F9600 X158.84 Y152.929
G1 F1710 X152.683 Y146.771 E1147.57904
G0 F9600 X152.145 Y146.771
G1 F1710 X158.84 Y153.466 E1147.86026
G0 F9600 X158.84 Y154.003
G1 F1710 X151.608 Y146.771 E1148.16403
G0 F9600 X151.071 Y146.771
G1 F1710 X158.84 Y154.54 E1148.49036
G0 F9600 X158.84 Y155.078
G1 F1710 X150.533 Y146.771 E1148.83929
G0 F9600 X149.996 Y146.772
G1 F1710 X158.84 Y155.615 E1149.21075
G0 F9600 X158.84 Y156.153
G1 F1710 X149.459 Y146.772 E1149.60479
G0 F9600 X148.922 Y146.772
G1 F1710 X158.84 Y156.69 E1150.02139
G0 F9600 X158.839 Y157.227
G1 F1710 X148.384 Y146.772 E1150.46054
G0 F9600 X147.847 Y146.772
G1 F1710 X158.839 Y157.764 E1150.92225
G0 F9600 X158.839 Y158.301
G1 F1710 X147.309 Y146.772 E1151.40653
G0 F9600 X146.772 Y146.772
G1 F1710 X158.839 Y158.839 E1151.91339
G0 F9600 X158.839 Y159.376
G1 F1710 X146.235 Y146.772 E1152.44281
G0 F9600 X145.697 Y146.772
G1 F1710 X158.839 Y159.914 E1152.99483
G0 F9600 X158.839 Y160.451
G1 F1710 X145.16 Y146.772 E1153.5694
G0 F9600 X144.622 Y146.772
G1 F1710 X158.838 Y160.988 E1154.16653
G0 F9600 X158.838 Y161.525
G1 F1710 X144.085 Y146.772 E1154.78621
G0 F9600 X143.548 Y146.772
G1 F1710 X158.838 Y162.063 E1155.42848
G0 F9600 X158.838 Y162.6
G1 F1710 X143.01 Y146.772 E1156.09331
G0 F9600 X142.473 Y146.772
G1 F1710 X158.838 Y163.137 E1156.78071
G0 F9600 X158.838 Y163.675
G1 F1710 X141.935 Y146.772 E1157.4907
G0 F9600 X141.398 Y146.772
G1 F1710 X158.837 Y164.211 E1158.22321
G0 F9600 X158.837 Y164.749
G1 F1710 X141.16 Y147.072 E1158.96572
G0 F9600 X141.16 Y147.609
G1 F1710 X158.837 Y165.286 E1159.70822
G0 F9600 X158.837 Y165.824
G1 F1710 X141.16 Y148.147 E1160.45072
G0 F9600 X141.16 Y148.684
G1 F1710 X158.837 Y166.361 E1161.19323
G0 F9600 X158.837 Y166.898
G1 F1710 X141.16 Y149.221 E1161.93573
G0 F9600 X141.16 Y149.759
G1 F1710 X158.837 Y167.436 E1162.67824
G0 F9600 X158.837 Y167.973
G1 F1710 X141.16 Y150.296 E1163.42074
G0 F9600 X141.16 Y150.834
G1 F1710 X158.837 Y168.51 E1164.16322
G0 F9600 X158.837 Y169.047
G1 F1710 X141.16 Y151.371 E1164.90571
G0 F9600 X141.16 Y151.908
G1 F1710 X158.837 Y169.585 E1165.64821
G0 F9600 X158.837 Y170.122
G1 F1710 X141.16 Y152.446 E1166.3907
G0 F9600 X141.16 Y152.983
G1 F1710 X158.837 Y170.66 E1167.1332
G0 F9600 X158.836 Y171.196
G1 F1710 X141.16 Y153.521 E1167.87564
G0 F9600 X141.16 Y154.058
G1 F1710 X158.836 Y171.734 E1168.6181
G0 F9600 X158.836 Y172.271
G1 F1710 X141.16 Y154.595 E1169.36057
G0 F9600 X141.16 Y155.133
G1 F1710 X158.836 Y172.808 E1170.10301
G0 F9600 X158.836 Y173.346
G1 F1710 X141.16 Y155.67 E1170.84547
G0 F9600 X141.16 Y156.208
G1 F1710 X158.836 Y173.883 E1171.58791
G0 F9600 X158.836 Y174.421
G1 F1710 X141.16 Y156.745 E1172.33037
G0 F9600 X141.16 Y157.282
G1 F1710 X158.778 Y174.9 E1173.0704
G0 F9600 X158.644 Y175.303
G1 F1710 X141.16 Y157.82 E1173.80478
G0 F9600 X141.16 Y158.357
G1 F1710 X151.165 Y168.361 E1174.22501
G0 F9600 X150.439 Y168.173
G1 F1710 X141.16 Y158.895 E1174.61474
G0 F9600 X141.16 Y159.432
G1 F1710 X149.879 Y168.151 E1174.98097
G0 F9600 X149.395 Y168.204
G1 F1710 X141.16 Y159.969 E1175.32688
G0 F9600 X141.16 Y160.507
G1 F1710 X148.958 Y168.304 E1175.6544
G0 F9600 X148.588 Y168.472
G1 F1710 X141.16 Y161.044 E1175.96641
G0 F9600 X141.16 Y161.582
G1 F1710 X148.218 Y168.639 E1176.26285
G0 F9600 X147.92 Y168.878
G1 F1710 X141.16 Y162.119 E1176.54678
G0 F9600 X141.16 Y162.656
G1 F1710 X147.632 Y169.128 E1176.81863
G0 F9600 X147.387 Y169.42
G1 F1710 X141.16 Y163.194 E1177.08016
G0 F9600 X141.16 Y163.731
G1 F1710 X147.151 Y169.722 E1177.33181
G0 F9600 X146.971 Y170.079
G1 F1710 X141.16 Y164.269 E1177.57587
G0 F9600 X141.16 Y164.806
G1 F1710 X146.817 Y170.463 E1177.81349
G0 F9600 X146.699 Y170.882
G1 F1710 X141.16 Y165.343 E1178.04615
G0 F9600 X141.16 Y165.881
G1 F1710 X146.657 Y171.377 E1178.27702
G0 F9600 X146.682 Y171.94
G1 F1710 X141.16 Y166.418 E1178.50897
G0 F9600 X141.16 Y166.956
G1 F1710 X146.85 Y172.645 E1178.74795
G0 F9600 X148.845 Y174.641
G1 F1710 X150.542 Y176.337 E1178.81921
G0 F9600 X151.079 Y176.337
G1 F1710 X149.553 Y174.811 E1178.88331
G0 F9600 X150.117 Y174.838
G1 F1710 X151.616 Y176.337 E1178.94627
G0 F9600 X152.154 Y176.337
G1 F1710 X150.606 Y174.789 E1179.0113
G0 F9600 X151.041 Y174.686
G1 F1710 X152.692 Y176.338 E1179.08067
G0 F9600 X153.229 Y176.338
G1 F1710 X151.412 Y174.52 E1179.15701
G0 F9600 X151.77 Y174.341
G1 F1710 X153.767 Y176.338 E1179.24089
G0 F9600 X154.304 Y176.338
G1 F1710 X152.08 Y174.114 E1179.33431
G0 F9600 X152.368 Y173.864
G1 F1710 X154.842 Y176.338 E1179.43822
G0 F9600 X155.38 Y176.338
G1 F1710 X152.626 Y173.585 E1179.55388
G0 F9600 X152.84 Y173.262
G1 F1710 X155.917 Y176.338 E1179.68311
G0 F9600 X156.454 Y176.338
G1 F1710 X153.032 Y172.916 E1179.82685
G0 F9600 X153.193 Y172.54
G1 F1710 X156.992 Y176.338 E1179.9864
G0 F9600 X157.456 Y176.265
G1 F1710 X153.299 Y172.108 E1180.16101
G0 F9600 X153.34 Y171.612
G1 F1710 X157.851 Y176.123 E1180.35049
G0 F9600 X158.165 Y175.899
G1 F1710 X153.311 Y171.046 E1180.55435
G0 F9600 X153.121 Y170.318
G1 F1710 X158.433 Y175.63 E1180.77748
G0 F9600 X150.004 Y176.337
G1 F1710 X141.16 Y167.493 E1181.14896
G0 F9600 X141.16 Y168.03
G1 F1710 X149.466 Y176.336 E1181.49785
G0 F9600 X148.929 Y176.336
G1 F1710 X141.16 Y168.568 E1181.82416
G0 F9600 X141.16 Y169.105
G1 F1710 X148.391 Y176.336 E1182.12789
G0 F9600 X147.854 Y176.336
G1 F1710 X141.16 Y169.643 E1182.40904
G0 F9600 X141.16 Y170.18
G1 F1710 X147.316 Y176.335 E1182.6676
G0 F9600 X146.778 Y176.335
G1 F1710 X141.16 Y170.717 E1182.90357
G0 F9600 X141.16 Y171.255
G1 F1710 X146.241 Y176.335 E1183.11698
G0 F9600 X145.704 Y176.335
G1 F1710 X141.16 Y171.792 E1183.30782
G0 F9600 X141.16 Y172.33
G1 F1710 X145.165 Y176.335 E1183.47605
G0 F9600 X144.628 Y176.335
G1 F1710 X141.16 Y172.867 E1183.62172
G0 F9600 X141.16 Y173.405
G1 F1710 X144.091 Y176.335 E1183.74481
G0 F9600 X143.553 Y176.335
G1 F1710 X141.16 Y173.942 E1183.84532
G0 F9600 X141.16 Y174.479
G1 F1710 X143.016 Y176.335 E1183.92328
G0 F9600 X142.356 Y176.212
G1 F1710 X141.284 Y175.14 E1183.96831
G1 F4200 E1182.96831
G0 F9600 X159.718 Y141.483
G0 X160.132 Y140.926
G0 X160.977 Y140.218
G0 X161.582 Y139.916
G0 X171.166 Y136.463
G0 X171.151 Y126.445
G0 X171.393 Y125.571
G0 X172.099 Y124.872
G0 X172.647 Y124.694
G0 X180.667 Y124.167
G1 F2100 E1183.96831
G1 F1922.5 X172.988 Y124.167 E1184.17118
G1 X172.932 Y123.829 E1184.18023
G1 X180.667 Y123.829 E1184.38458
G1 X180.667 Y124.167 E1184.39351
G1 F4200 E1183.39351
G0 F9600 X127.008 Y124.167
G1 F2100 E1184.39351
G1 F1922.5 X119.329 Y124.167 E1184.59638
G1 X119.329 Y123.829 E1184.60531
G1 X127.062 Y123.829 E1184.8096
G1 F1928.2 X127.008 Y124.167 E1184.81862
G1 F4200 E1183.81862
G0 F9600 X128.313 Y125.187
G0 X128.628 Y125.599
G0 X128.806 Y126.147
G0 X129.202 Y137.8
G1 F2100 E1184.81862
G1 F1710 X130.697 Y139.296 E1184.88143
G0 F9600 X131.278 Y139.339
G1 F1710 X129.161 Y137.222 E1184.97036
G0 F9600 X129.161 Y136.684
G1 F1710 X131.815 Y139.339 E1185.08185
G0 F9600 X132.353 Y139.34
G1 F1710 X129.161 Y136.147 E1185.21595
G0 F9600 X129.16 Y135.609
G1 F1710 X132.891 Y139.34 E1185.37267
G0 F9600 X133.429 Y139.34
G1 F1710 X129.16 Y135.072 E1185.55196
G0 F9600 X129.16 Y134.534
G1 F1710 X133.966 Y139.34 E1185.75383
G0 F9600 X134.504 Y139.341
G1 F1710 X129.16 Y133.997 E1185.9783
G0 F9600 X129.159 Y133.459
G1 F1710 X135.042 Y139.341 E1186.22539
G0 F9600 X135.58 Y139.342
G1 F1710 X133.506 Y137.268 E1186.31251
G0 F9600 X134.356 Y137.58
G1 F1710 X136.117 Y139.342 E1186.3865
G0 F9600 X136.655 Y139.342
G1 F1710 X134.97 Y137.657 E1186.45728
G0 F9600 X135.507 Y137.657
G1 F1710 X137.193 Y139.342 E1186.52807
G0 F9600 X137.819 Y139.431
G1 F1710 X136.045 Y137.657 E1186.60259
G0 F9600 X136.582 Y137.657
G1 F1710 X138.582 Y139.657 E1186.6866
G0 F9600 X138.732 Y137.657
G1 F1710 X142.761 Y141.686 E1186.85583
G0 F9600 X143.298 Y141.686
G1 F1710 X139.269 Y137.657 E1187.02506
G0 F9600 X139.806 Y137.657
G1 F1710 X143.835 Y141.686 E1187.1943
G0 F9600 X144.373 Y141.686
G1 F1710 X140.344 Y137.657 E1187.36353
G0 F9600 X140.881 Y137.657
G1 F1710 X144.91 Y141.686 E1187.53277
G0 F9600 X145.448 Y141.686
G1 F1710 X141.419 Y137.657 E1187.702
G0 F9600 X141.956 Y137.657
G1 F1710 X145.985 Y141.686 E1187.87123
G0 F9600 X146.522 Y141.686
G1 F1710 X142.493 Y137.657 E1188.04047
G0 F9600 X143.031 Y137.657
G1 F1710 X147.06 Y141.686 E1188.2097
G0 F9600 X147.597 Y141.686
G1 F1710 X143.568 Y137.657 E1188.37894
G0 F9600 X144.106 Y137.657
G1 F1710 X148.135 Y141.686 E1188.54817
G0 F9600 X148.672 Y141.686
G1 F1710 X144.643 Y137.657 E1188.7174
G0 F9600 X145.18 Y137.657
G1 F1710 X149.209 Y141.686 E1188.88664
G0 F9600 X149.747 Y141.686
G1 F1710 X145.718 Y137.657 E1189.05587
G0 F9600 X146.255 Y137.657
G1 F1710 X150.284 Y141.685 E1189.22509
G0 F9600 X150.821 Y141.685
G1 F1710 X146.793 Y137.657 E1189.39428
G0 F9600 X147.33 Y137.657
G1 F1710 X151.358 Y141.685 E1189.56347
G0 F9600 X151.896 Y141.685
G1 F1710 X147.867 Y137.657 E1189.73268
G0 F9600 X148.405 Y137.657
G1 F1710 X152.433 Y141.685 E1189.90187
G0 F9600 X152.971 Y141.685
G1 F1710 X148.942 Y137.657 E1190.07109
G0 F9600 X149.48 Y137.657
G1 F1710 X153.508 Y141.685 E1190.24028
G0 F9600 X154.045 Y141.685
G1 F1710 X150.017 Y137.657 E1190.40947
G0 F9600 X150.554 Y137.657
G1 F1710 X154.583 Y141.685 E1190.57869
G0 F9600 X155.12 Y141.685
G1 F1710 X151.092 Y137.657 E1190.74788
G0 F9600 X151.629 Y137.657
G1 F1710 X155.658 Y141.685 E1190.91709
G0 F9600 X156.195 Y141.685
G1 F1710 X152.167 Y137.657 E1191.08628
G0 F9600 X152.704 Y137.657
G1 F1710 X156.732 Y141.685 E1191.25547
G0 F9600 X157.27 Y141.685
G1 F1710 X153.241 Y137.657 E1191.42469
G0 F9600 X153.779 Y137.657
G1 F1710 X157.807 Y141.685 E1191.59388
G0 F9600 X158.345 Y141.685
G1 F1710 X154.316 Y137.657 E1191.76309
G0 F9600 X154.854 Y137.657
G1 F1710 X158.882 Y141.685 E1191.93228
G0 F9600 X159.318 Y141.583
G1 F1710 X155.391 Y137.657 E1192.09721
G0 F9600 X155.928 Y137.657
G1 F1710 X159.509 Y141.238 E1192.24763
G0 F9600 X159.739 Y140.93
G1 F1710 X156.466 Y137.657 E1192.38511
G0 F9600 X157.003 Y137.657
G1 F1710 X159.982 Y140.636 E1192.51024
G0 F9600 X160.26 Y140.376
G1 F1710 X157.541 Y137.657 E1192.62445
G0 F9600 X158.078 Y137.657
G1 F1710 X160.562 Y140.141 E1192.72878
G0 F9600 X160.878 Y139.919
G1 F1710 X158.615 Y137.657 E1192.82382
G0 F9600 X159.153 Y137.657
G1 F1710 X161.234 Y139.738 E1192.91123
G0 F9600 X161.611 Y139.578
G1 F1710 X159.69 Y137.657 E1192.99192
G0 F9600 X160.228 Y137.657
G1 F1710 X162.026 Y139.456 E1193.06746
G0 F9600 X162.49 Y139.381
G1 F1710 X160.765 Y137.657 E1193.1399
G0 F9600 X161.302 Y137.657
G1 F1710 X162.992 Y139.347 E1193.21089
G0 F9600 X163.529 Y139.346
G1 F1710 X161.84 Y137.657 E1193.28183
G0 F9600 X162.377 Y137.657
G1 F1710 X164.066 Y139.345 E1193.35275
G0 F9600 X164.602 Y139.345
G1 F1710 X162.915 Y137.657 E1193.42364
G0 F9600 X163.452 Y137.657
G1 F1710 X165.139 Y139.344 E1193.4945
G0 F9600 X165.676 Y139.343
G1 F1710 X163.989 Y137.657 E1193.56534
G0 F9600 X164.527 Y137.657
G1 F1710 X166.213 Y139.342 E1193.63613
G0 F9600 X166.75 Y139.342
G1 F1710 X165.064 Y137.657 E1193.70693
G0 F9600 X165.549 Y137.604
G1 F1710 X167.287 Y139.342 E1193.77993
G0 F9600 X167.823 Y139.341
G1 F1710 X165.978 Y137.496 E1193.85743
G0 F9600 X166.357 Y137.338
G1 F1710 X168.36 Y139.34 E1193.94154
G0 F9600 X168.897 Y139.34
G1 F1710 X166.714 Y137.157 E1194.03324
G0 F9600 X167.009 Y136.914
G1 F1710 X169.375 Y139.281 E1194.13264
G0 F9600 X169.785 Y139.153
G1 F1710 X167.294 Y136.662 E1194.23727
G0 F9600 X167.529 Y136.36
G1 F1710 X170.116 Y138.947 E1194.34594
G0 F9600 X170.384 Y138.678
G1 F1710 X167.746 Y136.039 E1194.45677
G0 F9600 X167.927 Y135.682
G1 F1710 X170.611 Y138.367 E1194.56953
G0 F9600 X170.76 Y137.978
G1 F1710 X168.047 Y135.265 E1194.68348
G0 F9600 X168.135 Y134.816
G1 F1710 X170.839 Y137.52 E1194.79706
G0 F9600 X170.839 Y136.983
G1 F1710 X168.156 Y134.299 E1194.90978
G0 F9600 X168.156 Y133.762
G1 F1710 X170.839 Y136.445 E1195.02248
G0 F9600 X170.839 Y135.908
G1 F1710 X168.156 Y133.225 E1195.13517
G0 F9600 X168.156 Y132.687
G1 F1710 X170.839 Y135.371 E1195.24789
G0 F9600 X170.839 Y134.833
G1 F1710 X168.156 Y132.15 E1195.36059
G0 F9600 X168.156 Y131.612
G1 F1710 X170.839 Y134.296 E1195.4733
G0 F9600 X170.839 Y133.758
G1 F1710 X168.156 Y131.076 E1195.58598
G0 F9600 X168.156 Y130.538
G1 F1710 X170.839 Y133.221 E1195.69868
G0 F9600 X170.839 Y132.684
G1 F1710 X168.156 Y130.001 E1195.81137
G0 F9600 X168.156 Y129.463
G1 F1710 X170.839 Y132.146 E1195.92407
G0 F9600 X170.839 Y131.609
G1 F1710 X168.156 Y128.926 E1196.03677
G0 F9600 X168.156 Y128.389
G1 F1710 X170.839 Y131.071 E1196.14944
G0 F9600 X170.839 Y130.534
G1 F1710 X168.057 Y127.752 E1196.2663
G0 F9600 X167.687 Y126.844
G1 F1710 X170.839 Y129.997 E1196.39871
G0 F9600 X170.839 Y129.459
G1 F1710 X165.041 Y123.661 E1196.64225
G0 F9600 X165.578 Y123.661
G1 F1710 X170.839 Y128.922 E1196.86324
G0 F9600 X170.839 Y128.384
G1 F1710 X166.116 Y123.661 E1197.06162
G0 F9600 X166.653 Y123.661
G1 F1710 X170.839 Y127.847 E1197.23745
G0 F9600 X170.839 Y127.31
G1 F1710 X167.19 Y123.661 E1197.39072
G0 F9600 X167.728 Y123.661
G1 F1710 X170.839 Y126.772 E1197.5214
G0 F9600 X170.866 Y126.262
G1 F1710 X168.265 Y123.661 E1197.63065
G0 F9600 X168.803 Y123.661
G1 F1710 X170.96 Y125.818 E1197.72125
G0 F9600 X171.123 Y125.444
G1 F1710 X169.34 Y123.661 E1197.79615
G0 F9600 X169.877 Y123.661
G1 F1710 X171.35 Y125.133 E1197.858
G0 F9600 X171.607 Y124.853
G1 F1710 X170.415 Y123.661 E1197.90806
G0 F9600 X170.952 Y123.661
G1 F1710 X171.929 Y124.638 E1197.9491
G0 F9600 X172.305 Y124.476
G1 F1710 X171.49 Y123.661 E1197.98334
G0 F9600 X172.027 Y123.661
G1 F1710 X172.709 Y124.343 E1198.01198
G0 F9600 X172.77 Y123.867
G1 F1710 X172.564 Y123.661 E1198.02064
G0 F9600 X166.655 Y125.813
G1 F1710 X164.503 Y123.661 E1198.11103
G0 F9600 X163.966 Y123.661
G1 F1710 X165.732 Y125.427 E1198.18521
G0 F9600 X165.113 Y125.345
G1 F1710 X163.429 Y123.661 E1198.25594
G0 F9600 X162.891 Y123.661
G1 F1710 X164.573 Y125.342 E1198.32657
G0 F9600 X164.035 Y125.342
G1 F1710 X162.354 Y123.661 E1198.39718
G0 F9600 X161.816 Y123.661
G1 F1710 X163.498 Y125.342 E1198.46781
G0 F9600 X162.961 Y125.342
G1 F1710 X161.279 Y123.661 E1198.53844
G0 F9600 X160.742 Y123.661
G1 F1710 X162.423 Y125.342 E1198.60905
G0 F9600 X161.886 Y125.342
G1 F1710 X160.204 Y123.661 E1198.67968
G0 F9600 X159.667 Y123.661
G1 F1710 X161.348 Y125.342 E1198.75029
G0 F9600 X160.811 Y125.342
G1 F1710 X159.129 Y123.661 E1198.82092
G0 F9600 X158.592 Y123.661
G1 F1710 X160.274 Y125.342 E1198.89155
G0 F9600 X159.735 Y125.342
G1 F1710 X158.055 Y123.661 E1198.96213
G0 F9600 X157.517 Y123.661
G1 F1710 X159.198 Y125.342 E1199.03274
G0 F9600 X158.661 Y125.342
G1 F1710 X156.98 Y123.661 E1199.10335
G0 F9600 X156.442 Y123.661
G1 F1710 X158.123 Y125.342 E1199.17396
G0 F9600 X157.586 Y125.342
G1 F1710 X155.905 Y123.661 E1199.24457
G0 F9600 X155.368 Y123.661
G1 F1710 X157.048 Y125.342 E1199.31516
G0 F9600 X156.511 Y125.342
G1 F1710 X154.83 Y123.661 E1199.38577
G0 F9600 X154.293 Y123.661
G1 F1710 X155.974 Y125.342 E1199.45637
G0 F9600 X155.436 Y125.342
G1 F1710 X153.755 Y123.661 E1199.52698
G0 F9600 X153.218 Y123.661
G1 F1710 X154.898 Y125.341 E1199.59755
G0 F9600 X154.361 Y125.341
G1 F1710 X152.681 Y123.661 E1199.66812
G0 F9600 X152.143 Y123.661
G1 F1710 X153.823 Y125.341 E1199.73868
G0 F9600 X153.286 Y125.341
G1 F1710 X151.606 Y123.661 E1199.80925
G0 F9600 X151.068 Y123.661
G1 F1710 X152.748 Y125.341 E1199.87982
G0 F9600 X152.211 Y125.341
G1 F1710 X150.531 Y123.661 E1199.95038
G0 F9600 X149.994 Y123.661
G1 F1710 X151.674 Y125.341 E1200.02095
G0 F9600 X151.136 Y125.341
G1 F1710 X149.456 Y123.661 E1200.09152
G0 F9600 X148.919 Y123.661
G1 F1710 X150.599 Y125.341 E1200.16208
G0 F9600 X150.061 Y125.341
G1 F1710 X148.381 Y123.661 E1200.23265
G0 F9600 X147.844 Y123.661
G1 F1710 X149.523 Y125.34 E1200.30317
G0 F9600 X148.986 Y125.34
G1 F1710 X147.307 Y123.661 E1200.3737
G0 F9600 X146.769 Y123.661
G1 F1710 X148.449 Y125.34 E1200.44424
G0 F9600 X147.911 Y125.34
G1 F1710 X146.232 Y123.661 E1200.51477
G0 F9600 X145.694 Y123.661
G1 F1710 X147.374 Y125.34 E1200.58531
G0 F9600 X146.836 Y125.34
G1 F1710 X145.157 Y123.661 E1200.65584
G0 F9600 X144.62 Y123.661
G1 F1710 X146.299 Y125.34 E1200.72636
G0 F9600 X145.762 Y125.34
G1 F1710 X144.082 Y123.661 E1200.79691
G0 F9600 X143.545 Y123.661
G1 F1710 X145.224 Y125.34 E1200.86743
G0 F9600 X144.686 Y125.34
G1 F1710 X143.007 Y123.661 E1200.93796
G0 F9600 X142.47 Y123.661
G1 F1710 X144.149 Y125.34 E1201.00848
G0 F9600 X143.611 Y125.34
G1 F1710 X141.933 Y123.661 E1201.07899
G0 F9600 X141.395 Y123.661
G1 F1710 X143.074 Y125.34 E1201.14951
G0 F9600 X142.536 Y125.34
G1 F1710 X140.858 Y123.661 E1201.22002
G0 F9600 X140.32 Y123.661
G1 F1710 X141.999 Y125.34 E1201.29054
G0 F9600 X141.462 Y125.34
G1 F1710 X139.783 Y123.661 E1201.36107
G0 F9600 X139.246 Y123.661
G1 F1710 X140.924 Y125.34 E1201.43157
G0 F9600 X140.387 Y125.34
G1 F1710 X138.708 Y123.661 E1201.50209
G0 F9600 X138.171 Y123.661
G1 F1710 X139.849 Y125.339 E1201.57258
G0 F9600 X139.311 Y125.339
G1 F1710 X137.633 Y123.661 E1201.64306
G0 F9600 X137.096 Y123.661
G1 F1710 X138.774 Y125.339 E1201.71354
G0 F9600 X138.237 Y125.339
G1 F1710 X136.559 Y123.661 E1201.78402
G0 F9600 X136.021 Y123.661
G1 F1710 X137.699 Y125.339 E1201.85451
G0 F9600 X137.162 Y125.339
G1 F1710 X135.484 Y123.661 E1201.92499
G0 F9600 X134.946 Y123.661
G1 F1710 X136.624 Y125.339 E1201.99547
G0 F9600 X136.087 Y125.339
G1 F1710 X134.409 Y123.661 E1202.06596
G0 F9600 X133.872 Y123.661
G1 F1710 X135.55 Y125.339 E1202.13644
G0 F9600 X135.012 Y125.339
G1 F1710 X133.334 Y123.661 E1202.20692
G0 F9600 X132.797 Y123.661
G1 F1710 X134.514 Y125.378 E1202.27904
G0 F9600 X134.087 Y125.489
G1 F1710 X132.259 Y123.661 E1202.35582
G0 F9600 X131.722 Y123.661
G1 F1710 X133.693 Y125.632 E1202.43861
G0 F9600 X133.335 Y125.811
G1 F1710 X131.185 Y123.661 E1202.52892
G0 F9600 X130.647 Y123.661
G1 F1710 X133.03 Y126.044 E1202.62902
G0 F9600 X132.745 Y126.296
G1 F1710 X130.11 Y123.661 E1202.7397
G0 F9600 X129.572 Y123.661
G1 F1710 X132.498 Y126.586 E1202.86258
G0 F9600 X132.279 Y126.905
G1 F1710 X129.035 Y123.661 E1202.99884
G0 F9600 X128.498 Y123.661
G1 F1710 X132.1 Y127.264 E1203.15016
G0 F9600 X131.964 Y127.665
G1 F1710 X127.96 Y123.661 E1203.31835
G0 F9600 X127.423 Y123.661
G1 F1710 X131.881 Y128.119 E1203.5056
G0 F9600 X131.844 Y128.62
G1 F1710 X129.017 Y125.792 E1203.62437
G0 F9600 X129.157 Y126.47
G1 F1710 X131.844 Y129.157 E1203.73723
G0 F9600 X131.844 Y129.694
G1 F1710 X129.157 Y127.008 E1203.85007
G0 F9600 X129.157 Y127.545
G1 F1710 X131.843 Y130.231 E1203.9629
G0 F9600 X131.842 Y130.767
G1 F1710 X129.157 Y128.082 E1204.07568
G0 F9600 X129.158 Y128.621
G1 F1710 X131.842 Y131.305 E1204.18842
G0 F9600 X131.841 Y131.841
G1 F1710 X129.158 Y129.158 E1204.30111
G0 F9600 X129.158 Y129.695
G1 F1710 X131.841 Y132.378 E1204.41381
G0 F9600 X131.841 Y132.916
G1 F1710 X129.159 Y130.234 E1204.52646
G0 F9600 X129.159 Y130.771
G1 F1710 X131.84 Y133.452 E1204.63908
G0 F9600 X131.839 Y133.989
G1 F1710 X129.159 Y131.308 E1204.75167
G0 F9600 X129.159 Y131.846
G1 F1710 X131.839 Y134.526 E1204.86424
G0 F9600 X131.911 Y135.135
G1 F1710 X129.159 Y132.384 E1204.97981
G0 F9600 X129.159 Y132.921
G1 F1710 X132.224 Y135.986 E1205.10856
G0 F9600 X133.415 Y136.873
G0 X133.908 Y137.136
G0 X137.119 Y137.657
G1 F1710 X141.148 Y141.686 E1205.27779
G0 F9600 X141.686 Y141.686
G1 F1710 X137.657 Y137.657 E1205.44702
G0 F9600 X138.194 Y137.657
G1 F1710 X142.223 Y141.686 E1205.61626
G1 F4200 E1204.61626
G0 F9600 X133.415 Y136.873
G0 X132.983 Y136.517
G0 X132.627 Y136.085
G0 X132.364 Y135.592
G0 X132.152 Y134.694
G0 X132.164 Y129.765
G0 X127.703 Y124.479
G1 F2100 E1205.61626
G1 F1710 X127.209 Y123.985 E1205.63701
G1 F4200 E1204.63701
;MESH:NONMESH
G0 F1500 X127.209 Y123.985 Z3.2
G0 F9600 X132.151 Y128.46
G0 X132.152 Y134.694
G0 X132.364 Y135.592
G0 X132.627 Y136.085
G0 X132.983 Y136.517
G0 X133.415 Y136.873
G0 X133.908 Y137.136
G0 X134.444 Y137.299
G0 X165.674 Y137.419
;TIME_ELAPSED:1573.565858
;LAYER:15
;TYPE:WALL-INNER
;MESH:LC-GR3005??????RFID?????????-WB.stl
G1 F2100 E1205.63701
G1 F1800 X165.124 Y137.5 E1205.65476
G1 X134.904 Y137.496 E1206.61967
G1 X134.315 Y137.418 E1206.63865
G1 X133.755 Y137.228 E1206.65753
G1 X133.258 Y136.938 E1206.6759
G1 X132.81 Y136.546 E1206.69491
G1 X132.448 Y136.072 E1206.71395
G1 X132.21 Y135.6 E1206.73083
G1 X132.045 Y135.024 E1206.74996
G1 X132 Y134.624 E1206.76281
G1 X132.004 Y128.404 E1206.96142
G1 X132.082 Y127.815 E1206.98039
G1 X132.268 Y127.263 E1206.99899
G1 X132.491 Y126.85 E1207.01397
G1 X132.809 Y126.45 E1207.03029
G1 X133.33 Y125.995 E1207.05238
G1 X133.896 Y125.709 E1207.07262
G1 X134.313 Y125.58 E1207.08656
G1 X134.784 Y125.5 E1207.10182
G1 X165.082 Y125.503 E1208.06922
G1 X165.69 Y125.581 E1208.08879
G1 X166.232 Y125.768 E1208.1071
G1 X166.573 Y125.948 E1208.11941
G1 X167.123 Y126.369 E1208.14153
G1 X167.519 Y126.871 E1208.16194
G1 X167.74 Y127.278 E1208.17673
G1 X167.919 Y127.822 E1208.19502
G1 X168 Y128.372 E1208.21277
G1 X167.996 Y134.592 E1208.41137
G1 X167.918 Y135.181 E1208.43034
G1 X167.791 Y135.6 E1208.44432
G1 X167.544 Y136.08 E1208.46156
G1 X167.125 Y136.625 E1208.48351
G1 X166.58 Y137.044 E1208.50546
G1 X166.1 Y137.291 E1208.5227
G1 X166.048 Y137.307 E1208.52443
G0 F1620 X165.674 Y137.419
G0 F9600 X165.966 Y136.914
G1 F1800 X165.478 Y137.054 E1208.54064
G1 X165.124 Y137.1 E1208.55204
G1 X134.944 Y137.098 E1209.51568
G1 X134.544 Y137.058 E1209.52852
G1 X134.058 Y136.923 E1209.54462
G1 X133.512 Y136.629 E1209.56442
G1 X133.119 Y136.292 E1209.58095
G1 X132.801 Y135.885 E1209.59744
G1 X132.586 Y135.466 E1209.61248
G1 X132.441 Y134.97 E1209.62898
G1 X132.4 Y134.624 E1209.64011
G1 X132.402 Y128.444 E1209.83743
G1 X132.465 Y127.93 E1209.85397
G1 X132.621 Y127.451 E1209.87005
G1 X132.827 Y127.066 E1209.88399
G1 X133.204 Y126.619 E1209.90266
G1 X133.611 Y126.301 E1209.91916
G1 X134.03 Y126.086 E1209.93419
G1 X134.526 Y125.941 E1209.95069
G1 X134.872 Y125.9 E1209.96182
G1 X165.046 Y125.902 E1210.92527
G1 X165.571 Y125.963 E1210.94214
G1 X166.045 Y126.121 E1210.95809
G1 X166.385 Y126.301 E1210.97038
G1 X166.792 Y126.619 E1210.98687
G1 X167.177 Y127.079 E1211.00602
G1 X167.383 Y127.459 E1211.01982
G1 X167.554 Y128.018 E1211.03849
G1 X167.6 Y128.372 E1211.04989
G1 X167.598 Y134.552 E1211.24721
G1 X167.558 Y134.952 E1211.26005
G1 X167.414 Y135.466 E1211.27709
G1 X167.132 Y135.981 E1211.29584
G1 X166.792 Y136.377 E1211.31251
G1 X166.39 Y136.692 E1211.32881
G1 X166.312 Y136.733 E1211.33163
G0 F1620 X165.966 Y136.914
G1 F4200 E1210.33163
G0 F9600 X166.056 Y137.211
G0 X160.971 Y140.223
G0 X160.131 Y140.927
G0 X159.717 Y141.484
G0 X159.456 Y141.989
G0 X159.271 Y142.531
G0 X157.615 Y176.397
G1 F2100 E1211.33163
G1 F1800 X157.913 Y176.273 E1211.34193
G1 X158.176 Y176.113 E1211.35176
G1 X158.408 Y175.912 E1211.36156
G1 X158.599 Y175.688 E1211.37096
G1 X158.846 Y175.249 E1211.38705
G1 X158.94 Y174.958 E1211.39681
G1 X159 Y174.588 E1211.40878
G1 X159 Y143.302 E1212.40773
G1 X159.12 Y142.484 E1212.43413
G1 X159.349 Y141.858 E1212.45541
G1 X159.635 Y141.337 E1212.47439
G1 X160.021 Y140.821 E1212.49497
G1 X160.487 Y140.384 E1212.51536
G1 X160.954 Y140.06 E1212.53351
G1 X161.488 Y139.793 E1212.55258
G1 X162.319 Y139.55 E1212.58022
G1 X162.82 Y139.5 E1212.5963
G1 X169.089 Y139.5 E1212.79646
G1 X169.615 Y139.397 E1212.81358
G1 X169.913 Y139.273 E1212.82388
G1 X170.176 Y139.113 E1212.83371
G1 X170.408 Y138.912 E1212.84351
G1 X170.611 Y138.675 E1212.85348
G1 X170.774 Y138.408 E1212.86347
G1 X170.898 Y138.11 E1212.87377
G1 X171 Y137.594 E1212.89057
G1 X171 Y126.47 E1213.24575
G1 X171.058 Y126.009 E1213.26059
G1 X171.206 Y125.616 E1213.274
G1 X171.345 Y125.378 E1213.2828
G1 X171.684 Y124.997 E1213.29908
G1 X171.888 Y124.841 E1213.30728
G1 X172.161 Y124.693 E1213.3172
G1 X172.601 Y124.549 E1213.33198
G1 X172.912 Y124.5 E1213.34203
G1 X181 Y124.5 E1213.60028
G1 X181 Y123.5 E1213.63221
G1 X119 Y123.5 E1215.61185
G1 X119 Y124.5 E1215.64378
G1 X127 Y124.5 E1215.89922
G1 X127.381 Y124.539 E1215.91145
G1 X127.88 Y124.706 E1215.92825
G1 X128.118 Y124.845 E1215.93705
G1 X128.491 Y125.175 E1215.95295
G1 X128.651 Y125.378 E1215.96121
G1 X128.818 Y125.693 E1215.97259
G1 X128.996 Y126.272 E1215.99193
G1 X129 Y137.594 E1216.35344
G1 X129.1 Y138.115 E1216.37038
G1 X129.222 Y138.408 E1216.38051
G1 X129.385 Y138.675 E1216.3905
G1 X129.586 Y138.91 E1216.40037
G1 X129.823 Y139.113 E1216.41034
G1 X130.085 Y139.274 E1216.42016
G1 X130.381 Y139.397 E1216.43039
G1 X130.908 Y139.5 E1216.44754
G1 X137.323 Y139.504 E1216.65237
G1 X138 Y139.627 E1216.67434
G1 X138.603 Y139.832 E1216.69467
G1 X139.185 Y140.151 E1216.71586
G1 X139.82 Y140.654 E1216.74173
G1 X140.241 Y141.157 E1216.76267
G1 X140.574 Y141.693 E1216.78282
G1 X140.872 Y142.485 E1216.80984
G1 X141 Y143.176 E1216.83228
G1 X141 Y174.594 E1217.83545
G1 X141.099 Y175.114 E1217.85235
G1 X141.222 Y175.408 E1217.86253
G1 X141.385 Y175.675 E1217.87251
G1 X141.586 Y175.91 E1217.88239
G1 X141.807 Y176.099 E1217.89167
G1 X142.25 Y176.347 E1217.90788
G1 X142.539 Y176.44 E1217.91758
G1 X142.912 Y176.5 E1217.92964
G1 X157.089 Y176.5 E1218.38231
G1 X157.232 Y176.472 E1218.38696
G0 F1620 X157.615 Y176.397
G0 F9600 X157.738 Y176.779
G1 F1800 X158.095 Y176.631 E1218.3993
G1 X158.413 Y176.437 E1218.41119
G1 X158.693 Y176.195 E1218.42301
G1 X158.929 Y175.918 E1218.43463
G1 X159.215 Y175.41 E1218.45324
G1 X159.33 Y175.051 E1218.46528
G1 X159.4 Y174.62 E1218.47922
G1 X159.406 Y143.292 E1219.47952
G1 X159.511 Y142.582 E1219.50243
G1 X159.703 Y142.042 E1219.52073
G1 X159.955 Y141.576 E1219.53765
G1 X160.287 Y141.132 E1219.55535
G1 X160.684 Y140.735 E1219.57328
G1 X161.139 Y140.415 E1219.59104
G1 X161.622 Y140.17 E1219.60833
G1 X162.344 Y139.959 E1219.63235
G1 X162.82 Y139.9 E1219.64766
G1 X169.114 Y139.9 E1219.84863
G1 X169.738 Y139.779 E1219.86892
G1 X170.095 Y139.631 E1219.88126
G1 X170.413 Y139.437 E1219.89316
G1 X170.693 Y139.195 E1219.90498
G1 X170.936 Y138.91 E1219.91693
G1 X171.131 Y138.59 E1219.9289
G1 X171.28 Y138.236 E1219.94116
G1 X171.4 Y137.617 E1219.9613
G1 X171.4 Y126.48 E1220.3169
G1 X171.448 Y126.101 E1220.32909
G1 X171.576 Y125.768 E1220.34049
G1 X171.819 Y125.421 E1220.35401
G1 X172.131 Y125.159 E1220.36702
G1 X172.295 Y125.07 E1220.37298
G1 X172.725 Y124.929 E1220.38743
G1 X172.912 Y124.9 E1220.39347
G1 X181.4 Y124.9 E1220.66449
G1 X181.4 Y123.1 E1220.72196
G1 X118.6 Y123.1 E1222.72715
G1 X118.6 Y124.9 E1222.78462
G1 X127.075 Y124.904 E1223.05523
G1 X127.484 Y124.976 E1223.06849
G1 X127.871 Y125.16 E1223.08217
G1 X128.177 Y125.421 E1223.09501
G1 X128.337 Y125.625 E1223.10329
G1 X128.436 Y125.814 E1223.1101
G1 X128.592 Y126.337 E1223.12753
G1 X128.6 Y137.617 E1223.4877
G1 X128.718 Y138.239 E1223.50791
G1 X128.865 Y138.59 E1223.52006
G1 X129.06 Y138.91 E1223.53203
G1 X129.302 Y139.194 E1223.54394
G1 X129.587 Y139.437 E1223.5559
G1 X129.902 Y139.631 E1223.56771
G1 X130.258 Y139.779 E1223.58002
G1 X130.883 Y139.9 E1223.60035
G1 X137.233 Y139.904 E1223.8031
G1 X137.794 Y139.987 E1223.82121
G1 X138.331 Y140.152 E1223.83915
G1 X138.888 Y140.426 E1223.85897
G1 X139.541 Y140.943 E1223.88556
G1 X139.901 Y141.369 E1223.90337
G1 X140.214 Y141.871 E1223.92226
G1 X140.486 Y142.592 E1223.94686
G1 X140.6 Y143.212 E1223.96699
G1 X140.6 Y174.617 E1224.96975
G1 X140.717 Y175.238 E1224.98992
G1 X140.864 Y175.59 E1225.0021
G1 X141.06 Y175.91 E1225.01408
G1 X141.302 Y176.194 E1225.026
G1 X141.577 Y176.429 E1225.03755
G1 X142.09 Y176.715 E1225.0563
G1 X142.445 Y176.83 E1225.06822
G1 X142.88 Y176.9 E1225.08228
G1 X157.114 Y176.9 E1225.53677
G1 X157.355 Y176.853 E1225.54461
G0 F1620 X157.738 Y176.779
G0 F9600 X157.65 Y176.484
G0 X150.952 Y174.551
G1 F1800 X150.3 Y174.691 E1225.5659
G1 X149.595 Y174.67 E1225.58843
G1 X148.966 Y174.519 E1225.60908
G1 X148.394 Y174.259 E1225.62914
G1 X148.153 Y174.105 E1225.63827
G1 X147.677 Y173.693 E1225.65837
G1 X147.513 Y173.511 E1225.6662
G1 X147.186 Y173.017 E1225.68511
G1 X146.954 Y172.49 E1225.7035
G1 X146.795 Y171.678 E1225.72992
G1 X146.847 Y170.95 E1225.75322
G1 X147.008 Y170.363 E1225.77266
G1 X147.188 Y169.975 E1225.78631
G1 X147.513 Y169.485 E1225.80509
G1 X147.677 Y169.303 E1225.81291
G1 X148.262 Y168.797 E1225.83761
G1 X149.077 Y168.426 E1225.8662
G1 X149.695 Y168.312 E1225.88626
G1 X150.301 Y168.312 E1225.90561
G1 X150.917 Y168.426 E1225.92562
G1 X151.735 Y168.798 E1225.95431
G1 X152.319 Y169.303 E1225.97896
G1 X152.478 Y169.478 E1225.98651
G1 X152.817 Y169.987 E1226.00604
G1 X153.058 Y170.587 E1226.02668
G1 X153.201 Y171.318 E1226.05047
G1 X153.149 Y172.044 E1226.07371
G1 X153.034 Y172.52 E1226.08934
G1 X152.808 Y173.025 E1226.10701
G1 X152.42 Y173.605 E1226.12929
G1 X151.843 Y174.105 E1226.15367
G1 X151.602 Y174.259 E1226.1628
G1 X150.952 Y174.551 E1226.18555
G0 F9600 X150.818 Y174.174
G1 F1800 X150.324 Y174.277 E1226.20166
G1 X149.788 Y174.288 E1226.21878
G1 X149.202 Y174.187 E1226.23777
G1 X148.482 Y173.86 E1226.26302
G1 X147.88 Y173.339 E1226.28844
G1 X147.55 Y172.851 E1226.30725
G1 X147.348 Y172.398 E1226.32309
G1 X147.197 Y171.651 E1226.34742
G1 X147.236 Y171.043 E1226.36687
G1 X147.371 Y170.531 E1226.38378
G1 X147.551 Y170.143 E1226.39744
G1 X147.881 Y169.657 E1226.41619
G1 X148.483 Y169.135 E1226.44164
G1 X149.199 Y168.815 E1226.46668
G1 X149.732 Y168.71 E1226.48402
G1 X150.264 Y168.71 E1226.50101
G1 X150.797 Y168.815 E1226.51835
G1 X151.513 Y169.135 E1226.5434
G1 X152.117 Y169.658 E1226.56891
G1 X152.452 Y170.15 E1226.58791
G1 X152.665 Y170.664 E1226.60568
G1 X152.799 Y171.347 E1226.6279
G1 X152.76 Y171.951 E1226.64723
G1 X152.652 Y172.398 E1226.66191
G1 X152.445 Y172.857 E1226.67799
G1 X152.117 Y173.338 E1226.69658
G1 X151.513 Y173.861 E1226.72209
G1 X150.818 Y174.174 E1226.74642
G0 F9600 X150.684 Y173.797
G0 X150.684 Y173.797 Z3.19
;TYPE:WALL-OUTER
G1 F1800 X150.488 Y173.836 Z3.2 E1226.75278
G1 X150.247 Y173.885 E1226.7608
G1 X149.749 Y173.885 E1226.77703
G1 X149.297 Y173.791 E1226.79208
G1 X148.698 Y173.519 E1226.81352
G1 X148.168 Y173.051 E1226.83657
G1 X147.914 Y172.684 E1226.85112
G1 X147.729 Y172.277 E1226.86569
G1 X147.603 Y171.643 E1226.88676
G1 X147.625 Y171.137 E1226.90327
G1 X147.734 Y170.699 E1226.91798
G1 X147.914 Y170.311 E1226.93192
G1 X148.201 Y169.908 E1226.94805
G1 X148.699 Y169.477 E1226.96951
G1 X149.297 Y169.205 E1226.99093
G1 X149.769 Y169.108 E1227.00663
G1 X150.227 Y169.108 E1227.02156
G1 X150.699 Y169.205 E1227.03727
G1 X151.297 Y169.477 E1227.05868
G1 X151.827 Y169.943 E1227.08169
G1 X152.087 Y170.314 E1227.09645
G1 X152.273 Y170.741 E1227.11163
G1 X152.393 Y171.353 E1227.13196
G1 X152.371 Y171.859 E1227.14847
G1 X152.271 Y172.277 E1227.16248
G1 X152.064 Y172.72 E1227.17842
G1 X151.795 Y173.088 E1227.19327
G1 X151.297 Y173.519 E1227.21474
G1 X150.684 Y173.797 E1227.23668
G1 X150.488 Y173.836 E1227.24303
G0 F9600 X150.247 Y173.885
G0 X149.749 Y173.885
G0 X149.695 Y173.874
G0 X149.561 Y174.572
G0 X157.65 Y176.484
G0 X157.862 Y177.161
G0 X157.862 Y177.161 Z3.19
G1 F1800 X158.047 Y177.084 Z3.2 E1227.24941
G1 X158.277 Y176.989 E1227.25752
G1 X158.649 Y176.761 E1227.27174
G1 X158.977 Y176.478 E1227.28586
G1 X159.259 Y176.148 E1227.30001
G1 X159.583 Y175.571 E1227.32158
G1 X159.72 Y175.145 E1227.33617
G1 X159.8 Y174.652 E1227.35245
G1 X159.802 Y143.35 E1228.37273
G1 X159.906 Y142.663 E1228.39538
G1 X160.058 Y142.227 E1228.41043
G1 X160.275 Y141.816 E1228.42558
G1 X160.628 Y141.348 E1228.44469
G1 X160.932 Y141.052 E1228.45852
G1 X161.323 Y140.77 E1228.47423
G1 X161.768 Y140.543 E1228.49051
G1 X162.456 Y140.343 E1228.51387
G1 X162.796 Y140.301 E1228.52503
G1 X169.139 Y140.3 E1228.73178
G1 X169.862 Y140.161 E1228.75578
G1 X170.277 Y139.989 E1228.77042
G1 X170.649 Y139.761 E1228.78464
G1 X170.977 Y139.478 E1228.79877
G1 X171.261 Y139.146 E1228.81301
G1 X171.489 Y138.772 E1228.82728
G1 X171.661 Y138.361 E1228.84181
G1 X171.766 Y137.928 E1228.85633
G1 X171.8 Y137.64 E1228.86578
G1 X171.801 Y126.471 E1229.22983
G1 X171.837 Y126.193 E1229.23897
G1 X171.974 Y125.872 E1229.25035
G1 X172.134 Y125.668 E1229.2588
G1 X172.433 Y125.445 E1229.27095
G1 X172.877 Y125.3 E1229.28618
G1 X181.8 Y125.3 E1229.57702
G1 X181.8 Y122.7 E1229.66177
G1 X118.2 Y122.7 E1231.73481
G1 X118.2 Y125.3 E1231.81956
G1 X127.025 Y125.301 E1232.10721
G1 X127.332 Y125.346 E1232.11732
G1 X127.624 Y125.474 E1232.12771
G1 X127.862 Y125.668 E1232.13772
G1 X128.055 Y125.935 E1232.14846
G1 X128.195 Y126.387 E1232.16388
G1 X128.2 Y137.64 E1232.53067
G1 X128.336 Y138.362 E1232.55462
G1 X128.507 Y138.772 E1232.5691
G1 X128.735 Y139.146 E1232.58338
G1 X129.018 Y139.478 E1232.5976
G1 X129.351 Y139.761 E1232.61184
G1 X129.72 Y139.989 E1232.62598
G1 X130.134 Y140.161 E1232.64059
G1 X130.857 Y140.3 E1232.66459
G1 X137.265 Y140.306 E1232.87346
G1 X137.729 Y140.382 E1232.88878
G1 X138.239 Y140.545 E1232.90623
G1 X138.689 Y140.779 E1232.92277
G1 X139.271 Y141.244 E1232.94705
G1 X139.562 Y141.581 E1232.96156
G1 X139.86 Y142.065 E1232.98009
G1 X140.092 Y142.681 E1233.00154
G1 X140.197 Y143.235 E1233.01992
G1 X140.2 Y174.64 E1234.04357
G1 X140.335 Y175.362 E1234.06751
G1 X140.507 Y175.772 E1234.082
G1 X140.735 Y176.146 E1234.09628
G1 X141.018 Y176.478 E1234.1105
G1 X141.347 Y176.759 E1234.1246
G1 X141.929 Y177.083 E1234.14631
G1 X142.351 Y177.22 E1234.16077
G1 X142.848 Y177.3 E1234.17718
G1 X157.139 Y177.3 E1234.64299
G1 X157.678 Y177.196 E1234.66089
G0 F1620 X157.862 Y177.161
G0 X158.047 Y177.084
G0 F9600 X158.277 Y176.989
G0 X158.649 Y176.761
G0 X158.736 Y176.686
G1 F4200 E1233.66089
G0 F9600 X158.275 Y176.148
G0 X159.154 Y143.322
G0 X159.271 Y142.531
G0 X159.456 Y141.989
G0 X159.717 Y141.484
G0 X160.131 Y140.927
G0 X160.811 Y140.356
G0 X166.038 Y137.216
G0 X165.832 Y136.537
G0 X165.832 Y136.537 Z3.19
G1 F2100 E1234.66089
G1 F1800 X165.64 Y136.594 Z3.2 E1234.66726
G1 X165.446 Y136.652 E1234.67386
G1 X165.154 Y136.698 E1234.6835
G1 X134.984 Y136.7 E1235.66688
G1 X134.584 Y136.66 E1235.67999
G1 X134.174 Y136.54 E1235.69391
G1 X133.765 Y136.319 E1235.70907
G1 X133.429 Y136.039 E1235.72332
G1 X133.175 Y135.729 E1235.73638
G1 X132.96 Y135.323 E1235.75136
G1 X132.837 Y134.916 E1235.76522
G1 X132.801 Y134.651 E1235.77393
G1 X132.8 Y128.484 E1235.97495
G1 X132.848 Y128.046 E1235.98931
G1 X132.975 Y127.638 E1236.00324
G1 X133.163 Y127.283 E1236.01633
G1 X133.429 Y126.957 E1236.03005
G1 X133.798 Y126.655 E1236.04559
G1 X134.173 Y126.46 E1236.05937
G1 X134.58 Y126.337 E1236.07322
G1 X134.845 Y126.301 E1236.08194
G1 X165.01 Y126.3 E1237.06517
G1 X165.41 Y126.336 E1237.07826
G1 X165.858 Y126.475 E1237.09355
G1 X166.231 Y126.677 E1237.10737
G1 X166.567 Y126.957 E1237.12163
G1 X166.823 Y127.27 E1237.13481
G1 X167.027 Y127.641 E1237.14861
G1 X167.152 Y128.05 E1237.16255
G1 X167.198 Y128.342 E1237.17218
G1 X167.2 Y134.512 E1237.3733
G1 X167.152 Y134.95 E1237.38766
G1 X167.037 Y135.332 E1237.40066
G1 X166.819 Y135.731 E1237.41548
G1 X166.539 Y136.067 E1237.42974
G1 X166.2 Y136.34 E1237.44392
G1 X165.998 Y136.448 E1237.45139
G0 F1620 X165.832 Y136.537
G0 X165.64 Y136.594
G0 F9600 X165.446 Y136.652
G0 X165.154 Y136.698
G0 X164.852 Y136.698
G1 F4200 E1236.45139
G0 F9600 X164.852 Y137.41
G0 X165.575 Y137.294
G0 X166.092 Y137.136
G0 X166.585 Y136.873
G0 X167.017 Y136.517
G0 X171.16 Y131.744
G0 X171.151 Y126.445
G0 X171.393 Y125.571
G0 X172.099 Y124.872
G0 X172.647 Y124.694
G0 X179.679 Y124.092
G0 X180.592 Y124.017
;TYPE:FILL
G1 F2100 E1237.45139
G1 F1800 X180.592 Y124.092 E1237.45378
G1 X179.679 Y124.092 E1237.48294
G1 X179.864 Y123.908 E1237.49127
G1 X180.592 Y123.908 E1237.51451
G1 X180.483 Y123.908 E1237.51799
G1 X180.592 Y124.017 E1237.52292
G0 F9600 X174.563 Y123.908
G1 F1800 X172.941 Y123.908 E1237.57471
G1 X173.124 Y124.092 E1237.58299
G1 X172.895 Y124.092 E1237.5903
G1 X172.49 Y124.156 E1237.6034
G1 X172.011 Y124.314 E1237.6195
G1 X171.801 Y124.427 E1237.62711
G1 X172.32 Y123.908 E1237.65055
G1 X169.169 Y123.908 E1237.75116
G1 X170.8 Y125.54 E1237.82483
G1 X170.91 Y125.318 E1237.83274
G1 X168.35 Y127.878 E1237.94834
G1 X168.161 Y127.198 E1237.97088
G1 X167.864 Y126.653 E1237.99069
G1 X167.409 Y126.073 E1238.01423
G1 X166.825 Y125.632 E1238.0376
G1 X168.548 Y123.908 E1238.11542
G1 X165.397 Y123.908 E1238.21603
G1 X170.592 Y129.104 E1238.45064
G1 X170.592 Y129.408 E1238.46035
G1 X168.999 Y131.001 E1238.53228
G1 X168.406 Y131.001 E1238.55121
G1 X168.406 Y131.283 E1238.56022
G1 X169 Y131.283 E1238.57918
G1 X170.592 Y132.875 E1238.65107
G1 X170.592 Y133.18 E1238.66081
G1 X168.228 Y135.543 E1238.76753
G1 X168.36 Y135.049 E1238.78386
G1 X168.403 Y134.458 E1238.80278
G1 X170.592 Y136.647 E1238.90163
G1 X170.592 Y136.952 E1238.91136
G1 X168.451 Y139.092 E1239.00802
G1 X169.055 Y139.092 E1239.02731
G1 X169.231 Y139.057 E1239.03304
G1 X167.232 Y137.059 E1239.12328
G1 X166.787 Y137.397 E1239.14112
G1 X166.245 Y137.673 E1239.16054
G1 X166.036 Y137.735 E1239.1675
G1 X165.228 Y138.544 E1239.20401
G1 X165.228 Y139.092 E1239.22151
G1 X164.946 Y139.092 E1239.23051
G1 X164.946 Y138.544 E1239.24801
G1 X164.31 Y137.908 E1239.27673
G1 X160.538 Y137.908 E1239.39717
G1 X161.883 Y139.253 E1239.4579
G1 X161.345 Y139.411 E1239.47581
G1 X160.672 Y139.745 E1239.4998
G1 X160.097 Y140.179 E1239.5228
G1 X159.573 Y140.715 E1239.54673
G1 X156.766 Y137.907 E1239.67351
G1 X158.322 Y137.906 E1239.72319
G1 X149.981 Y146.247 E1240.09983
G1 X149.858 Y146.25 E1240.10376
G1 X141.677 Y137.905 E1240.4769
G1 X139.466 Y137.904 E1240.54749
G1 X138.13 Y139.24 E1240.60782
G1 X138.778 Y139.464 E1240.62971
G1 X139.424 Y139.821 E1240.65328
G1 X140.111 Y140.363 E1240.68122
G1 X140.414 Y140.728 E1240.69637
G1 X143.237 Y137.904 E1240.82386
G1 X145.449 Y137.906 E1240.89449
G1 X153.789 Y146.246 E1241.27109
G1 X153.916 Y146.242 E1241.27514
G1 X162.093 Y137.907 E1241.64797
G0 F9600 X159.717 Y141.484
G0 X158 Y145.874
G1 F1800 X158 Y146.454 E1241.66648
G0 F9600 X157.432 Y146.4
G1 F1800 X154.038 Y146.4 E1241.77485
G0 F9600 X153.66 Y146.4
G1 F1800 X150.11 Y146.4 E1241.8882
G0 F9600 X149.729 Y146.4
G1 F1800 X146.494 Y146.4 E1241.9915
G0 F9600 X146.118 Y146.4
G1 F1800 X142.565 Y146.4 E1242.10494
G0 F9600 X142.205 Y146.4
G1 F1800 X141.2 Y146.4 E1242.13703
G1 F4200 E1241.13703
G0 F9600 X152.993 Y137.906
G1 F2100 E1242.13703
G1 F1800 X158.592 Y143.505 E1242.38986
G1 X158.592 Y145.18 E1242.44334
G1 X157.684 Y146.243 E1242.48798
G1 X157.561 Y146.246 E1242.49191
G1 X149.221 Y137.906 E1242.8685
G1 X147.008 Y137.905 E1242.93916
G1 X141.408 Y143.505 E1243.19203
G1 X141.408 Y145.18 E1243.24552
G1 X142.316 Y146.247 E1243.29025
G1 X142.437 Y146.247 E1243.29412
G1 X150.779 Y137.906 E1243.67078
G1 X154.551 Y137.906 E1243.79122
G1 X146.368 Y146.247 E1244.16431
G1 X146.247 Y146.247 E1244.16817
G1 X137.904 Y137.904 E1244.54491
G1 X135.694 Y137.904 E1244.61547
G1 X135.054 Y138.544 E1244.64437
G1 X135.054 Y139.094 E1244.66193
G1 X134.772 Y139.094 E1244.67094
G1 X134.772 Y138.543 E1244.68853
G1 X133.962 Y137.734 E1244.72508
G1 X133.566 Y137.59 E1244.73854
G1 X133.009 Y137.263 E1244.75916
G1 X132.773 Y137.054 E1244.76923
G1 X130.768 Y139.058 E1244.85974
G1 X130.942 Y139.092 E1244.8654
G1 X131.549 Y139.092 E1244.88478
G1 X129.407 Y136.95 E1244.9815
G1 X129.408 Y136.647 E1244.99118
G1 X131.592 Y134.463 E1245.0898
G1 X131.641 Y135.09 E1245.10988
G1 X131.77 Y135.542 E1245.12489
G1 X129.405 Y133.177 E1245.23168
G1 X129.406 Y132.877 E1245.24126
G1 X131 Y131.282 E1245.31326
G1 X131.595 Y131.282 E1245.33226
G1 X131.595 Y131 E1245.34126
G1 X131 Y131 E1245.36026
G1 X129.404 Y129.404 E1245.43233
G1 X129.405 Y129.106 E1245.44184
G1 X134.603 Y123.908 E1245.67656
G1 X131.452 Y123.908 E1245.77717
G1 X133.152 Y125.608 E1245.85394
G1 X132.503 Y126.18 E1245.88156
G1 X132.148 Y126.626 E1245.89976
G1 X131.9 Y127.086 E1245.91645
G1 X131.686 Y127.709 E1245.93748
G1 X131.662 Y127.89 E1245.94331
G1 X129.241 Y125.626 E1246.04915
G1 X129.197 Y125.543 E1246.05215
G1 X130.831 Y123.908 E1246.12595
G1 X127.059 Y123.908 E1246.24639
G1 X126.875 Y124.092 E1246.2547
G1 X127.45 Y124.136 E1246.27311
G1 X128.041 Y124.331 E1246.29298
G1 X128.187 Y124.415 E1246.29836
G1 X127.68 Y123.908 E1246.32126
G0 F9600 X121.562 Y123.908
G1 F1800 X119.517 Y123.908 E1246.38655
G1 X119.408 Y124.016 E1246.39145
G1 X119.408 Y124.092 E1246.39388
G1 X120.32 Y124.092 E1246.423
G1 X120.137 Y123.908 E1246.43128
G1 F4200 E1245.43128
G0 F9600 X134.861 Y125.092
G1 F2100 E1246.43128
G1 F1800 X136.407 Y125.092 E1246.48065
G1 X135.224 Y123.908 E1246.53409
G1 X138.374 Y123.908 E1246.63467
G1 X137.19 Y125.093 E1246.68815
G1 X140.179 Y125.092 E1246.78359
G1 X138.995 Y123.908 E1246.83706
G1 X142.146 Y123.908 E1246.93767
G1 X140.961 Y125.094 E1246.9912
G1 X143.951 Y125.093 E1247.08667
G1 X142.767 Y123.908 E1247.14016
G1 X145.918 Y123.908 E1247.24077
G1 X144.733 Y125.094 E1247.2943
G1 X147.724 Y125.094 E1247.3898
G1 X146.539 Y123.908 E1247.44333
G1 X149.69 Y123.908 E1247.54394
G1 X148.504 Y125.094 E1247.5975
G1 X151.496 Y125.094 E1247.69303
G1 X150.31 Y123.908 E1247.74658
G1 X153.461 Y123.908 E1247.84719
G1 X152.275 Y125.094 E1247.90075
G1 X155.268 Y125.094 E1247.99631
G1 X154.082 Y123.908 E1248.04987
G1 X157.233 Y123.908 E1248.15048
G1 X156.046 Y125.095 E1248.20408
G1 X159.04 Y125.094 E1248.29968
G1 X157.854 Y123.908 E1248.35323
G1 X161.005 Y123.908 E1248.45384
G1 X159.817 Y125.096 E1248.50749
G1 X163.589 Y125.096 E1248.62793
G1 X164.776 Y123.908 E1248.68155
G1 X161.626 Y123.908 E1248.78213
G1 X162.812 Y125.095 E1248.8357
G1 F4200 E1247.8357
G0 F9600 X178.099 Y124.167
;TYPE:SKIN
G1 F2100 E1248.8357
G1 F1922.5 X174.901 Y124.167 E1248.92019
G1 X174.901 Y123.829 E1248.92912
G1 X178.099 Y123.829 E1249.01361
G1 X178.099 Y124.167 E1249.02253
G1 F4200 E1248.02253
G0 F9600 X172.776 Y124.652
G0 X172.099 Y124.872
G0 X171.687 Y125.187
G0 X167.844 Y130.475
G0 X167.849 Y134.54
G0 X167.799 Y135.056
G0 X167.636 Y135.592
G0 X167.373 Y136.085
G0 X167.017 Y136.517
G0 X166.585 Y136.873
G0 X141.161 Y146.886
G1 F2100 E1249.02253
G1 F1710 X141.631 Y146.416 E1249.04228
G0 F9600 X142.169 Y146.416
G1 F1710 X141.161 Y147.423 E1249.0846
G0 F9600 X141.161 Y147.961
G1 F1710 X142.706 Y146.416 E1249.14949
G0 F9600 X143.244 Y146.416
G1 F1710 X141.161 Y148.498 E1249.23697
G0 F9600 X141.161 Y149.035
G1 F1710 X143.781 Y146.416 E1249.34699
G0 F9600 X144.318 Y146.416
G1 F1710 X141.161 Y149.573 E1249.4796
G0 F9600 X141.161 Y150.11
G1 F1710 X144.856 Y146.416 E1249.63478
G0 F9600 X145.393 Y146.416
G1 F1710 X141.161 Y150.648 E1249.81255
G0 F9600 X141.161 Y151.185
G1 F1710 X145.931 Y146.416 E1250.01288
G0 F9600 X146.468 Y146.416
G1 F1710 X141.161 Y151.722 E1250.23578
G0 F9600 X141.161 Y152.26
G1 F1710 X147.005 Y146.416 E1250.48125
G0 F9600 X147.543 Y146.416
G1 F1710 X141.161 Y152.797 E1250.7493
G0 F9600 X141.161 Y153.335
G1 F1710 X148.08 Y146.416 E1251.03992
G0 F9600 X148.618 Y146.416
G1 F1710 X141.161 Y153.872 E1251.35313
G0 F9600 X141.161 Y154.409
G1 F1710 X149.155 Y146.416 E1251.68888
G0 F9600 X149.692 Y146.416
G1 F1710 X141.161 Y154.947 E1252.04722
G0 F9600 X141.161 Y155.484
G1 F1710 X150.23 Y146.415 E1252.42815
G0 F9600 X150.768 Y146.415
G1 F1710 X141.161 Y156.022 E1252.83169
G0 F9600 X141.161 Y156.559
G1 F1710 X151.305 Y146.415 E1253.25778
G0 F9600 X151.843 Y146.415
G1 F1710 X141.161 Y157.096 E1253.70644
G0 F9600 X141.161 Y157.634
G1 F1710 X152.38 Y146.415 E1254.17768
G0 F9600 X152.917 Y146.415
G1 F1710 X141.161 Y158.171 E1254.67148
G0 F9600 X141.161 Y158.709
G1 F1710 X153.455 Y146.415 E1255.18788
G0 F9600 X153.992 Y146.415
G1 F1710 X141.161 Y159.246 E1255.72683
G0 F9600 X141.161 Y159.784
G1 F1710 X154.53 Y146.415 E1256.28838
G0 F9600 X155.067 Y146.415
G1 F1710 X141.161 Y160.321 E1256.87249
G0 F9600 X141.161 Y160.858
G1 F1710 X155.605 Y146.415 E1257.47918
G0 F9600 X156.142 Y146.415
G1 F1710 X141.161 Y161.396 E1258.10844
G0 F9600 X141.161 Y161.933
G1 F1710 X156.679 Y146.415 E1258.76026
G0 F9600 X157.217 Y146.415
G1 F1710 X141.161 Y162.471 E1259.43467
G0 F9600 X141.161 Y163.008
G1 F1710 X157.754 Y146.415 E1260.13164
G0 F9600 X158.292 Y146.415
G1 F1710 X141.161 Y163.545 E1260.85119
G0 F9600 X141.161 Y164.083
G1 F1710 X158.829 Y146.415 E1261.59332
G0 F9600 X158.839 Y146.942
G1 F1710 X141.161 Y164.62 E1262.33587
G0 F9600 X141.161 Y165.158
G1 F1710 X158.839 Y147.48 E1263.07841
G0 F9600 X158.839 Y148.017
G1 F1710 X141.161 Y165.695 E1263.82096
G0 F9600 X141.161 Y166.232
G1 F1710 X158.839 Y148.555 E1264.56348
G0 F9600 X158.839 Y149.092
G1 F1710 X141.161 Y166.77 E1265.30603
G0 F9600 X141.161 Y167.307
G1 F1710 X158.839 Y149.629 E1266.04858
G0 F9600 X158.839 Y150.167
G1 F1710 X141.161 Y167.845 E1266.79112
G0 F9600 X141.161 Y168.382
G1 F1710 X158.839 Y150.704 E1267.53367
G0 F9600 X158.839 Y151.242
G1 F1710 X141.161 Y168.919 E1268.27619
G0 F9600 X141.161 Y169.457
G1 F1710 X158.839 Y151.779 E1269.01874
G0 F9600 X158.839 Y152.316
G1 F1710 X141.161 Y169.994 E1269.76129
G0 F9600 X141.161 Y170.532
G1 F1710 X158.839 Y152.854 E1270.50383
G0 F9600 X158.839 Y153.391
G1 F1710 X141.161 Y171.069 E1271.24638
G0 F9600 X141.161 Y171.606
G1 F1710 X158.839 Y153.929 E1271.98891
G0 F9600 X158.839 Y154.466
G1 F1710 X141.161 Y172.144 E1272.73145
G0 F9600 X141.161 Y172.681
G1 F1710 X158.839 Y155.003 E1273.474
G0 F9600 X158.839 Y155.541
G1 F1710 X141.161 Y173.219 E1274.21654
G0 F9600 X141.161 Y173.756
G1 F1710 X158.839 Y156.078 E1274.95909
G0 F9600 X158.839 Y156.616
G1 F1710 X141.161 Y174.293 E1275.70162
G0 F9600 X141.201 Y174.791
G1 F1710 X158.839 Y157.153 E1276.44248
G0 F9600 X158.839 Y157.69
G1 F1710 X141.315 Y175.214 E1277.17856
G0 F9600 X141.505 Y175.562
G1 F1710 X146.952 Y170.114 E1277.40738
G0 F9600 X146.689 Y170.915
G1 F1710 X141.769 Y175.836 E1277.61406
G0 F9600 X142.076 Y176.065
G1 F1710 X146.648 Y171.494 E1277.80608
G0 F9600 X146.691 Y171.987
G1 F1710 X142.44 Y176.239 E1277.98466
G0 F9600 X142.884 Y176.333
G1 F1710 X146.779 Y172.437 E1278.14829
G0 F9600 X146.926 Y172.828
G1 F1710 X143.415 Y176.339 E1278.29576
G0 F9600 X143.952 Y176.339
G1 F1710 X147.105 Y173.186 E1278.4282
G0 F9600 X147.319 Y173.509
G1 F1710 X144.489 Y176.339 E1278.54707
G0 F9600 X145.027 Y176.339
G1 F1710 X147.561 Y173.805 E1278.65351
G0 F9600 X147.849 Y174.054
G1 F1710 X145.564 Y176.339 E1278.74949
G0 F9600 X146.102 Y176.339
G1 F1710 X148.15 Y174.291 E1278.83551
G0 F9600 X148.497 Y174.481
G1 F1710 X146.639 Y176.339 E1278.91356
G0 F9600 X147.176 Y176.339
G1 F1710 X148.866 Y174.649 E1278.98454
G0 F9600 X149.285 Y174.768
G1 F1710 X147.714 Y176.339 E1279.05053
G0 F9600 X148.251 Y176.339
G1 F1710 X149.749 Y174.841 E1279.11345
G0 F9600 X150.297 Y174.831
G1 F1710 X148.789 Y176.339 E1279.17679
G0 F9600 X149.326 Y176.339
G1 F1710 X150.952 Y174.713 E1279.24509
G0 F9600 X152.152 Y174.051
G1 F1710 X149.864 Y176.339 E1279.3412
G0 F9600 X150.401 Y176.339
G1 F1710 X158.839 Y167.901 E1279.69563
G0 F9600 X158.839 Y168.438
G1 F1710 X150.938 Y176.339 E1280.0275
G0 F9600 X151.476 Y176.339
G1 F1710 X158.839 Y168.976 E1280.33678
G0 F9600 X158.839 Y169.513
G1 F1710 X152.013 Y176.339 E1280.6235
G0 F9600 X152.551 Y176.339
G1 F1710 X158.839 Y170.051 E1280.88762
G0 F9600 X158.839 Y170.588
G1 F1710 X153.088 Y176.339 E1281.12918
G0 F9600 X153.625 Y176.339
G1 F1710 X158.839 Y171.125 E1281.34819
G0 F9600 X158.839 Y171.663
G1 F1710 X154.163 Y176.339 E1281.5446
G0 F9600 X154.7 Y176.339
G1 F1710 X158.839 Y172.2 E1281.71846
G0 F9600 X158.839 Y172.738
G1 F1710 X155.238 Y176.339 E1281.86971
G0 F9600 X155.775 Y176.339
G1 F1710 X158.839 Y173.275 E1281.99841
G0 F9600 X158.839 Y173.813
G1 F1710 X156.312 Y176.339 E1282.10454
G0 F9600 X156.85 Y176.339
G1 F1710 X158.839 Y174.35 E1282.18808
G0 F9600 X158.772 Y174.954
G1 F1710 X157.461 Y176.265 E1282.24315
G0 F9600 X152.646 Y173.557
G1 F1710 X158.839 Y167.364 E1282.50328
G0 F9600 X158.839 Y166.826
G1 F1710 X153.216 Y172.449 E1282.73947
G0 F9600 X153.326 Y171.801
G1 F1710 X158.839 Y166.289 E1282.97101
G0 F9600 X158.839 Y165.751
G1 F1710 X153.35 Y171.24 E1283.20157
G0 F9600 X153.263 Y170.79
G1 F1710 X158.839 Y165.214 E1283.43579
G0 F9600 X158.839 Y164.677
G1 F1710 X153.144 Y170.372 E1283.675
G0 F9600 X152.991 Y169.987
G1 F1710 X158.839 Y164.139 E1283.92064
G0 F9600 X158.839 Y163.602
G1 F1710 X152.787 Y169.654 E1284.17485
G0 F9600 X152.566 Y169.337
G1 F1710 X158.839 Y163.064 E1284.43834
G0 F9600 X158.839 Y162.527
G1 F1710 X152.296 Y169.07 E1284.71317
G0 F9600 X152.007 Y168.821
G1 F1710 X158.839 Y161.99 E1285.00012
G0 F9600 X158.839 Y161.452
G1 F1710 X151.689 Y168.602 E1285.30045
G0 F9600 X151.319 Y168.434
G1 F1710 X158.839 Y160.915 E1285.6163
G0 F9600 X158.839 Y160.377
G1 F1710 X150.947 Y168.269 E1285.94779
G0 F9600 X150.494 Y168.185
G1 F1710 X158.839 Y159.84 E1286.29832
G0 F9600 X158.839 Y159.303
G1 F1710 X149.989 Y168.152 E1286.67003
G0 F9600 X149.4 Y168.204
G1 F1710 X158.839 Y158.765 E1287.06651
G0 F9600 X158.839 Y158.228
G1 F1710 X148.599 Y168.467 E1287.49661
G1 F4200 E1286.49661
G0 F9600 X140.729 Y142.529
G0 X140.437 Y141.758
G0 X140.08 Y141.185
G0 X139.71 Y140.759
G0 X139.028 Y140.221
G0 X138.474 Y139.938
G0 X137.899 Y139.752
G0 X137.302 Y139.657
G0 X133.316 Y139.657
G0 X128.628 Y125.599
G0 X128.313 Y125.187
G0 X127.675 Y124.788
G0 X125.099 Y124.167
G1 F2100 E1287.49661
G1 F1922.5 X121.9 Y124.167 E1287.58112
G1 X121.898 Y123.829 E1287.59005
G1 X125.099 Y123.829 E1287.67462
G1 X125.099 Y124.167 E1287.68355
G1 F4200 E1286.68355
;MESH:NONMESH
G0 F1500 X125.099 Y124.167 Z3.4
G0 F9600 X127.481 Y124.707
G0 X132.627 Y126.915
G0 X132.364 Y127.408
G0 X132.201 Y127.944
G0 X132.151 Y128.46
G0 X132.151 Y134.687
G0 X132.364 Y135.592
G0 X132.627 Y136.085
G0 X132.983 Y136.517
G0 X133.415 Y136.873
G0 X133.908 Y137.136
G0 X134.444 Y137.299
G0 X165.674 Y137.419
;TIME_ELAPSED:1671.098576
;LAYER:16
;TYPE:WALL-INNER
;MESH:LC-GR3005??????RFID?????????-WB.stl
G1 F2100 E1287.68355
G1 F1800 X165.124 Y137.5 E1287.7013
G1 X134.904 Y137.496 E1288.66621
G1 X134.315 Y137.418 E1288.68518
G1 X133.755 Y137.228 E1288.70406
G1 X133.258 Y136.938 E1288.72244
G1 X132.81 Y136.546 E1288.74145
G1 X132.448 Y136.072 E1288.76049
G1 X132.21 Y135.6 E1288.77737
G1 X132.045 Y135.024 E1288.7965
G1 X132 Y134.624 E1288.80935
G1 X132.004 Y128.404 E1289.00795
G1 X132.082 Y127.815 E1289.02692
G1 X132.268 Y127.263 E1289.04552
G1 X132.491 Y126.849 E1289.06054
G1 X132.809 Y126.45 E1289.07683
G1 X133.33 Y125.995 E1289.09892
G1 X133.896 Y125.709 E1289.11916
G1 X134.313 Y125.58 E1289.1331
G1 X134.784 Y125.5 E1289.14836
G1 X165.082 Y125.503 E1290.11576
G1 X165.69 Y125.581 E1290.13533
G1 X166.232 Y125.768 E1290.15364
G1 X166.573 Y125.948 E1290.16595
G1 X167.123 Y126.369 E1290.18807
G1 X167.519 Y126.871 E1290.20848
G1 X167.74 Y127.278 E1290.22327
G1 X167.919 Y127.822 E1290.24156
G1 X168 Y128.372 E1290.25931
G1 X167.996 Y134.592 E1290.45791
G1 X167.918 Y135.181 E1290.47688
G1 X167.791 Y135.6 E1290.49086
G1 X167.544 Y136.08 E1290.5081
G1 X167.125 Y136.625 E1290.53005
G1 X166.58 Y137.044 E1290.552
G1 X166.1 Y137.291 E1290.56924
G1 X166.048 Y137.307 E1290.57097
G0 F1620 X165.674 Y137.419
G0 F9600 X165.966 Y136.914
G1 F1800 X165.478 Y137.054 E1290.58718
G1 X165.124 Y137.1 E1290.59858
G1 X134.944 Y137.098 E1291.56222
G1 X134.544 Y137.058 E1291.57506
G1 X134.058 Y136.923 E1291.59116
G1 X133.512 Y136.629 E1291.61096
G1 X133.119 Y136.292 E1291.62749
G1 X132.801 Y135.885 E1291.64398
G1 X132.586 Y135.466 E1291.65902
G1 X132.441 Y134.97 E1291.67552
G1 X132.4 Y134.624 E1291.68665
G1 X132.402 Y128.444 E1291.88397
G1 X132.442 Y128.044 E1291.89681
G1 X132.577 Y127.558 E1291.91291
G1 X132.827 Y127.066 E1291.93053
G1 X133.204 Y126.619 E1291.9492
G1 X133.611 Y126.301 E1291.9657
G1 X134.03 Y126.086 E1291.98073
G1 X134.526 Y125.941 E1291.99723
G1 X134.872 Y125.9 E1292.00836
G1 X165.046 Y125.902 E1292.97181
G1 X165.571 Y125.963 E1292.98868
G1 X166.045 Y126.121 E1293.00464
G1 X166.385 Y126.301 E1293.01692
G1 X166.792 Y126.619 E1293.03341
G1 X167.177 Y127.079 E1293.05256
G1 X167.383 Y127.459 E1293.06637
G1 X167.554 Y128.018 E1293.08503
G1 X167.6 Y128.372 E1293.09643
G1 X167.598 Y134.552 E1293.29375
G1 X167.558 Y134.952 E1293.30659
G1 X167.414 Y135.466 E1293.32363
G1 X167.132 Y135.981 E1293.34238
G1 X166.792 Y136.377 E1293.35905
G1 X166.39 Y136.692 E1293.37535
G1 X166.312 Y136.733 E1293.37817
G0 F1620 X165.966 Y136.914
G1 F4200 E1292.37817
G0 F9600 X166.056 Y137.211
G0 X160.731 Y140.386
G0 X160.315 Y140.736
G0 X159.873 Y141.249
G0 X159.562 Y141.762
G0 X159.28 Y142.497
G0 X159.207 Y143.047
G0 X157.775 Y176.336
G1 F2100 E1293.37817
G1 F1800 X158.02 Y176.212 E1293.38693
G1 X158.422 Y175.896 E1293.40326
G1 X158.601 Y175.689 E1293.412
G1 X158.846 Y175.253 E1293.42797
G1 X158.94 Y174.962 E1293.43773
G1 X159 Y174.592 E1293.4497
G1 X159.002 Y143.423 E1294.44492
G1 X159.038 Y142.955 E1294.45991
G1 X159.161 Y142.374 E1294.47887
G1 X159.424 Y141.687 E1294.50236
G1 X159.802 Y141.094 E1294.52481
G1 X160.154 Y140.686 E1294.54202
G1 X160.584 Y140.306 E1294.56034
G1 X161.154 Y139.938 E1294.582
G1 X162.03 Y139.608 E1294.61189
G1 X162.737 Y139.5 E1294.63473
G1 X169.089 Y139.5 E1294.83755
G1 X169.615 Y139.397 E1294.85466
G1 X169.913 Y139.273 E1294.86496
G1 X170.176 Y139.113 E1294.87479
G1 X170.408 Y138.912 E1294.8846
G1 X170.611 Y138.675 E1294.89456
G1 X170.774 Y138.408 E1294.90455
G1 X170.898 Y138.11 E1294.91485
G1 X171 Y137.594 E1294.93165
G1 X171 Y126.47 E1295.28683
G1 X171.058 Y126.009 E1295.30167
G1 X171.206 Y125.616 E1295.31508
G1 X171.345 Y125.378 E1295.32388
G1 X171.682 Y124.999 E1295.34007
G1 X171.89 Y124.839 E1295.34845
G1 X172.164 Y124.689 E1295.35843
G1 X172.606 Y124.547 E1295.37325
G1 X172.912 Y124.5 E1295.38313
G1 X181 Y124.5 E1295.64138
G1 X181 Y123.5 E1295.67331
G1 X119 Y123.5 E1297.65295
G1 X119 Y124.5 E1297.68488
G1 X127 Y124.5 E1297.94032
G1 X127.381 Y124.539 E1297.95255
G1 X127.88 Y124.706 E1297.96935
G1 X128.118 Y124.845 E1297.97815
G1 X128.497 Y125.182 E1297.99435
G1 X128.657 Y125.39 E1298.00273
G1 X128.814 Y125.686 E1298.01342
G1 X129.001 Y126.326 E1298.03471
G1 X129 Y137.594 E1298.3945
G1 X129.1 Y138.115 E1298.41144
G1 X129.222 Y138.408 E1298.42157
G1 X129.385 Y138.675 E1298.43156
G1 X129.586 Y138.91 E1298.44143
G1 X129.823 Y139.113 E1298.4514
G1 X130.085 Y139.274 E1298.46122
G1 X130.381 Y139.397 E1298.47145
G1 X130.908 Y139.5 E1298.4886
G1 X137.323 Y139.504 E1298.69342
G1 X138 Y139.627 E1298.71539
G1 X138.599 Y139.831 E1298.7356
G1 X139.197 Y140.158 E1298.75736
G1 X139.862 Y140.694 E1298.78463
G1 X140.355 Y141.305 E1298.8097
G1 X140.662 Y141.891 E1298.83082
G1 X140.883 Y142.509 E1298.85178
G1 X140.996 Y143.239 E1298.87537
G1 X141 Y174.589 E1299.87636
G1 X141.022 Y174.784 E1299.88263
G1 X141.16 Y175.275 E1299.89891
G1 X141.283 Y175.518 E1299.90761
G1 X141.604 Y175.923 E1299.92411
G1 X141.809 Y176.103 E1299.93282
G1 X142.243 Y176.346 E1299.9487
G1 X142.534 Y176.44 E1299.95847
G1 X142.904 Y176.5 E1299.97044
G1 X157.084 Y176.5 E1300.4232
G1 X157.278 Y176.476 E1300.42944
G1 X157.399 Y176.442 E1300.43346
G0 F1620 X157.775 Y176.336
G0 F9600 X157.921 Y176.71
G1 F1800 X158.236 Y176.551 E1300.44472
G1 X158.7 Y176.187 E1300.46355
G1 X158.93 Y175.921 E1300.47478
G1 X159.215 Y175.414 E1300.49335
G1 X159.33 Y175.055 E1300.50539
G1 X159.4 Y174.624 E1300.51933
G1 X159.401 Y143.453 E1301.51461
G1 X159.447 Y142.914 E1301.53188
G1 X159.535 Y142.517 E1301.54487
G1 X159.783 Y141.868 E1301.56705
G1 X160.105 Y141.356 E1301.58636
G1 X160.523 Y140.882 E1301.60654
G1 X160.916 Y140.557 E1301.62283
G1 X161.396 Y140.274 E1301.64062
G1 X162.135 Y139.995 E1301.66584
G1 X162.73 Y139.906 E1301.68505
G1 X169.114 Y139.9 E1301.88889
G1 X169.738 Y139.779 E1301.90918
G1 X170.095 Y139.631 E1301.92152
G1 X170.413 Y139.437 E1301.93342
G1 X170.693 Y139.195 E1301.94523
G1 X170.936 Y138.91 E1301.95719
G1 X171.131 Y138.59 E1301.96916
G1 X171.28 Y138.236 E1301.98142
G1 X171.4 Y137.617 E1302.00155
G1 X171.4 Y126.48 E1302.35716
G1 X171.448 Y126.101 E1302.36935
G1 X171.576 Y125.768 E1302.38074
G1 X171.819 Y125.421 E1302.39427
G1 X172.134 Y125.156 E1302.40741
G1 X172.298 Y125.066 E1302.41339
G1 X172.912 Y124.9 E1302.4337
G1 X181.4 Y124.9 E1302.70472
G1 X181.4 Y123.1 E1302.76219
G1 X118.6 Y123.1 E1304.76738
G1 X118.6 Y124.9 E1304.82485
G1 X127.075 Y124.904 E1305.09545
G1 X127.484 Y124.976 E1305.10871
G1 X127.728 Y125.076 E1305.11713
G1 X128.075 Y125.319 E1305.13066
G1 X128.34 Y125.634 E1305.1438
G1 X128.434 Y125.811 E1305.1502
G1 X128.596 Y126.338 E1305.16781
G1 X128.6 Y137.617 E1305.52794
G1 X128.718 Y138.239 E1305.54816
G1 X128.865 Y138.59 E1305.56031
G1 X129.06 Y138.91 E1305.57227
G1 X129.302 Y139.194 E1305.58419
G1 X129.587 Y139.437 E1305.59615
G1 X129.902 Y139.631 E1305.60796
G1 X130.258 Y139.779 E1305.62027
G1 X130.883 Y139.9 E1305.64059
G1 X137.233 Y139.904 E1305.84335
G1 X137.794 Y139.987 E1305.86146
G1 X138.331 Y140.152 E1305.87939
G1 X138.891 Y140.425 E1305.89929
G1 X139.575 Y140.977 E1305.92735
G1 X140.022 Y141.531 E1305.95008
G1 X140.331 Y142.121 E1305.97134
G1 X140.493 Y142.606 E1305.98767
G1 X140.596 Y143.268 E1306.00906
G1 X140.6 Y174.611 E1307.00984
G1 X140.628 Y174.861 E1307.01787
G1 X140.786 Y175.421 E1307.03645
G1 X140.945 Y175.735 E1307.04769
G1 X141.313 Y176.2 E1307.06662
G1 X141.577 Y176.431 E1307.07782
G1 X142.082 Y176.715 E1307.09632
G1 X142.441 Y176.83 E1307.10836
G1 X142.872 Y176.9 E1307.1223
G1 X157.108 Y176.9 E1307.57685
G1 X157.357 Y176.869 E1307.58486
G1 X157.545 Y176.816 E1307.5911
G0 F1620 X157.921 Y176.71
G0 F9600 X157.814 Y176.422
G0 X150.952 Y174.551
G1 F1800 X150.3 Y174.691 E1307.61239
G1 X149.595 Y174.67 E1307.63491
G1 X148.966 Y174.519 E1307.65557
G1 X148.394 Y174.259 E1307.67563
G1 X148.153 Y174.105 E1307.68476
G1 X147.677 Y173.693 E1307.70486
G1 X147.513 Y173.511 E1307.71268
G1 X147.186 Y173.017 E1307.7316
G1 X146.954 Y172.49 E1307.74999
G1 X146.795 Y171.678 E1307.77641
G1 X146.847 Y170.95 E1307.79971
G1 X147.008 Y170.363 E1307.81914
G1 X147.188 Y169.975 E1307.8328
G1 X147.513 Y169.485 E1307.85158
G1 X147.677 Y169.303 E1307.8594
G1 X148.262 Y168.797 E1307.88409
G1 X149.077 Y168.426 E1307.91269
G1 X149.695 Y168.312 E1307.93275
G1 X150.301 Y168.312 E1307.9521
G1 X150.917 Y168.426 E1307.9721
G1 X151.735 Y168.798 E1308.0008
G1 X152.319 Y169.303 E1308.02545
G1 X152.478 Y169.478 E1308.033
G1 X152.817 Y169.987 E1308.05253
G1 X153.058 Y170.587 E1308.07317
G1 X153.201 Y171.318 E1308.09695
G1 X153.149 Y172.044 E1308.12019
G1 X153.034 Y172.52 E1308.13583
G1 X152.808 Y173.025 E1308.1535
G1 X152.42 Y173.605 E1308.17578
G1 X151.843 Y174.105 E1308.20015
G1 X151.602 Y174.259 E1308.20929
G1 X150.952 Y174.551 E1308.23204
G0 F9600 X150.818 Y174.174
G1 F1800 X150.324 Y174.277 E1308.24815
G1 X149.788 Y174.288 E1308.26527
G1 X149.202 Y174.187 E1308.28426
G1 X148.482 Y173.86 E1308.30951
G1 X147.88 Y173.339 E1308.33493
G1 X147.55 Y172.851 E1308.35374
G1 X147.348 Y172.398 E1308.36957
G1 X147.197 Y171.651 E1308.39391
G1 X147.236 Y171.044 E1308.41333
G1 X147.371 Y170.531 E1308.43027
G1 X147.551 Y170.143 E1308.44392
G1 X147.881 Y169.657 E1308.46268
G1 X148.483 Y169.135 E1308.48812
G1 X149.199 Y168.815 E1308.51316
G1 X149.732 Y168.71 E1308.53051
G1 X150.264 Y168.71 E1308.54749
G1 X150.797 Y168.815 E1308.56484
G1 X151.513 Y169.135 E1308.58988
G1 X152.117 Y169.658 E1308.61539
G1 X152.452 Y170.15 E1308.6344
G1 X152.665 Y170.664 E1308.65216
G1 X152.799 Y171.347 E1308.67439
G1 X152.76 Y171.951 E1308.69371
G1 X152.652 Y172.398 E1308.7084
G1 X152.445 Y172.857 E1308.72447
G1 X152.117 Y173.338 E1308.74306
G1 X151.513 Y173.861 E1308.76857
G1 X150.818 Y174.174 E1308.79291
G0 F9600 X150.684 Y173.797
G0 X150.684 Y173.797 Z3.39
;TYPE:WALL-OUTER
G1 F1800 X150.488 Y173.836 Z3.4 E1308.79927
G1 X150.247 Y173.885 E1308.80729
G1 X149.749 Y173.885 E1308.82352
G1 X149.297 Y173.791 E1308.83857
G1 X148.698 Y173.519 E1308.86001
G1 X148.168 Y173.051 E1308.88306
G1 X147.914 Y172.684 E1308.8976
G1 X147.729 Y172.277 E1308.91218
G1 X147.603 Y171.643 E1308.93324
G1 X147.625 Y171.137 E1308.94975
G1 X147.734 Y170.699 E1308.96447
G1 X147.914 Y170.311 E1308.97841
G1 X148.201 Y169.908 E1308.99453
G1 X148.699 Y169.477 E1309.016
G1 X149.297 Y169.205 E1309.03741
G1 X149.769 Y169.108 E1309.05312
G1 X150.227 Y169.108 E1309.06805
G1 X150.699 Y169.205 E1309.08375
G1 X151.297 Y169.477 E1309.10517
G1 X151.827 Y169.943 E1309.12817
G1 X152.087 Y170.314 E1309.14294
G1 X152.273 Y170.741 E1309.15812
G1 X152.393 Y171.353 E1309.17845
G1 X152.371 Y171.859 E1309.19496
G1 X152.271 Y172.277 E1309.20897
G1 X152.064 Y172.72 E1309.2249
G1 X151.795 Y173.088 E1309.23976
G1 X151.297 Y173.519 E1309.26123
G1 X150.684 Y173.797 E1309.28317
G1 X150.488 Y173.836 E1309.28952
G0 F9600 X150.247 Y173.885
G0 X149.749 Y173.885
G0 X149.695 Y173.874
G0 X149.561 Y174.572
G0 X157.294 Y176.567
G0 X157.436 Y177.263
G0 X157.436 Y177.263 Z3.39
G1 F1800 X157.628 Y177.208 Z3.4 E1309.29587
G1 X158.067 Y177.084 E1309.31074
G1 X158.452 Y176.89 E1309.3248
G1 X158.977 Y176.478 E1309.34655
G1 X159.259 Y176.152 E1309.3606
G1 X159.583 Y175.575 E1309.38217
G1 X159.72 Y175.149 E1309.39675
G1 X159.8 Y174.656 E1309.41303
G1 X159.8 Y143.484 E1310.42908
G1 X159.839 Y142.992 E1310.44517
G1 X159.899 Y142.692 E1310.45514
G1 X160.137 Y142.064 E1310.47703
G1 X160.408 Y141.617 E1310.49407
G1 X160.782 Y141.187 E1310.51265
G1 X161.126 Y140.897 E1310.52731
G1 X161.537 Y140.648 E1310.54297
G1 X162.22 Y140.391 E1310.56676
G1 X162.79 Y140.302 E1310.58556
G1 X169.139 Y140.3 E1310.79251
G1 X169.862 Y140.161 E1310.81651
G1 X170.277 Y139.989 E1310.83115
G1 X170.649 Y139.761 E1310.84537
G1 X170.977 Y139.478 E1310.85949
G1 X171.261 Y139.146 E1310.87373
G1 X171.489 Y138.772 E1310.88801
G1 X171.661 Y138.361 E1310.90253
G1 X171.766 Y137.928 E1310.91705
G1 X171.8 Y137.64 E1310.92651
G1 X171.801 Y126.471 E1311.29056
G1 X171.837 Y126.193 E1311.2997
G1 X171.974 Y125.872 E1311.31107
G1 X172.134 Y125.668 E1311.31952
G1 X172.432 Y125.443 E1311.33169
G1 X172.878 Y125.3 E1311.34696
G1 X181.8 Y125.3 E1311.63777
G1 X181.8 Y122.7 E1311.72252
G1 X118.2 Y122.7 E1313.79556
G1 X118.2 Y125.3 E1313.8803
G1 X127.025 Y125.301 E1314.16795
G1 X127.332 Y125.346 E1314.17807
G1 X127.624 Y125.474 E1314.18846
G1 X127.828 Y125.634 E1314.19691
G1 X128.054 Y125.937 E1314.20923
G1 X128.201 Y126.412 E1314.22544
G1 X128.2 Y137.64 E1314.59141
G1 X128.336 Y138.362 E1314.61536
G1 X128.507 Y138.772 E1314.62984
G1 X128.735 Y139.146 E1314.64412
G1 X129.018 Y139.478 E1314.65834
G1 X129.351 Y139.761 E1314.67258
G1 X129.72 Y139.989 E1314.68672
G1 X130.134 Y140.161 E1314.70133
G1 X130.857 Y140.3 E1314.72533
G1 X137.265 Y140.306 E1314.9342
G1 X137.729 Y140.382 E1314.94953
G1 X138.239 Y140.545 E1314.96698
G1 X138.659 Y140.757 E1314.98231
G1 X139.304 Y141.278 E1315.00934
G1 X139.694 Y141.767 E1315.02973
G1 X139.966 Y142.292 E1315.049
G1 X140.106 Y142.721 E1315.06371
G1 X140.194 Y143.285 E1315.08231
G1 X140.2 Y174.633 E1316.1041
G1 X140.234 Y174.937 E1316.11407
G1 X140.412 Y175.567 E1316.13541
G1 X140.606 Y175.951 E1316.14943
G1 X141.022 Y176.477 E1316.17129
G1 X141.345 Y176.759 E1316.18527
G1 X141.921 Y177.083 E1316.20681
G1 X142.347 Y177.22 E1316.22139
G1 X142.84 Y177.3 E1316.23767
G1 X157.132 Y177.3 E1316.70352
G1 X157.25 Y177.286 E1316.70739
G0 F1620 X157.436 Y177.263
G0 X157.628 Y177.208
G0 F9600 X158.067 Y177.084
G0 X158.374 Y176.93
G1 F4200 E1315.70739
G0 F9600 X158.054 Y176.299
G0 X159.193 Y142.92
G0 X159.562 Y141.762
G0 X159.873 Y141.249
G0 X160.315 Y140.736
G0 X166.038 Y137.216
G0 X165.832 Y136.537
G0 X165.832 Y136.537 Z3.39
G1 F2100 E1316.70739
G1 F1800 X165.64 Y136.594 Z3.4 E1316.71377
G1 X165.446 Y136.652 E1316.72037
G1 X165.154 Y136.698 E1316.73
G1 X134.984 Y136.7 E1317.71339
G1 X134.584 Y136.66 E1317.72649
G1 X134.174 Y136.54 E1317.74042
G1 X133.765 Y136.319 E1317.75557
G1 X133.429 Y136.039 E1317.76983
G1 X133.175 Y135.729 E1317.78289
G1 X132.96 Y135.323 E1317.79786
G1 X132.837 Y134.916 E1317.81172
G1 X132.801 Y134.652 E1317.82041
G1 X132.8 Y128.484 E1318.02145
G1 X132.84 Y128.084 E1318.03456
G1 X132.975 Y127.638 E1318.04974
G1 X133.163 Y127.283 E1318.06284
G1 X133.457 Y126.929 E1318.07784
G1 X133.798 Y126.655 E1318.0921
G1 X134.173 Y126.46 E1318.10587
G1 X134.58 Y126.337 E1318.11973
G1 X134.845 Y126.301 E1318.12845
G1 X165.01 Y126.3 E1319.11167
G1 X165.41 Y126.336 E1319.12477
G1 X165.858 Y126.475 E1319.14005
G1 X166.231 Y126.677 E1319.15388
G1 X166.567 Y126.957 E1319.16814
G1 X166.823 Y127.27 E1319.18132
G1 X167.027 Y127.641 E1319.19512
G1 X167.152 Y128.05 E1319.20906
G1 X167.198 Y128.342 E1319.21869
G1 X167.2 Y134.512 E1319.4198
G1 X167.152 Y134.95 E1319.43417
G1 X167.037 Y135.332 E1319.44717
G1 X166.819 Y135.731 E1319.46199
G1 X166.539 Y136.067 E1319.47624
G1 X166.2 Y136.34 E1319.49043
G1 X165.998 Y136.448 E1319.4979
G0 F1620 X165.832 Y136.537
G0 X165.64 Y136.594
G0 F9600 X165.446 Y136.652
G0 X165.154 Y136.698
G0 X164.852 Y136.698
G1 F4200 E1318.4979
G0 F9600 X164.852 Y137.41
G0 X165.575 Y137.294
G0 X166.092 Y137.136
G0 X166.585 Y136.873
G0 X167.017 Y136.517
G0 X171.16 Y131.744
G0 X171.151 Y126.445
G0 X171.393 Y125.571
G0 X172.072 Y124.893
G0 X179.679 Y124.092
G0 X180.592 Y124.017
;TYPE:FILL
G1 F2100 E1319.4979
G1 F1800 X180.592 Y124.092 E1319.50029
G1 X179.679 Y124.092 E1319.52944
G1 X179.864 Y123.908 E1319.53778
G1 X180.592 Y123.908 E1319.56102
G1 X180.484 Y123.908 E1319.56447
G1 X180.592 Y124.017 E1319.56937
G0 F9600 X174.329 Y123.908
G1 F1800 X172.94 Y123.908 E1319.61372
G1 X173.124 Y124.092 E1319.62203
G1 X172.896 Y124.092 E1319.62931
G1 X172.497 Y124.154 E1319.6422
G1 X172.015 Y124.309 E1319.65837
G1 X171.804 Y124.425 E1319.66605
G1 X172.321 Y123.908 E1319.6894
G1 X169.168 Y123.908 E1319.79007
G1 X170.8 Y125.54 E1319.86377
G1 X170.909 Y125.319 E1319.87164
G1 X168.35 Y127.878 E1319.98719
G1 X168.161 Y127.198 E1320.00972
G1 X167.864 Y126.653 E1320.02954
G1 X167.409 Y126.073 E1320.05308
G1 X166.825 Y125.632 E1320.07645
G1 X168.549 Y123.908 E1320.15429
G1 X165.397 Y123.908 E1320.25494
G1 X170.592 Y129.104 E1320.48954
G1 X170.592 Y129.408 E1320.49925
G1 X168.999 Y131.001 E1320.57118
G1 X168.406 Y131.001 E1320.59012
G1 X168.406 Y131.283 E1320.59912
G1 X169 Y131.283 E1320.61809
G1 X170.592 Y132.875 E1320.68997
G1 X170.592 Y133.18 E1320.69971
G1 X168.228 Y135.543 E1320.80644
G1 X168.36 Y135.049 E1320.82276
G1 X168.403 Y134.458 E1320.84168
G1 X170.592 Y136.647 E1320.94053
G1 X170.592 Y136.952 E1320.95027
G1 X168.451 Y139.092 E1321.04692
G1 X169.055 Y139.092 E1321.06621
G1 X169.231 Y139.057 E1321.07194
G1 X167.232 Y137.059 E1321.16218
G1 X166.787 Y137.397 E1321.18002
G1 X166.245 Y137.673 E1321.19944
G1 X166.036 Y137.735 E1321.20641
G1 X165.228 Y138.544 E1321.24291
G1 X165.228 Y139.092 E1321.26041
G1 X164.946 Y139.092 E1321.26942
G1 X164.946 Y138.544 E1321.28691
G1 X164.31 Y137.908 E1321.31563
G1 X160.538 Y137.908 E1321.43607
G1 X161.864 Y139.234 E1321.49595
G1 X161.097 Y139.524 E1321.52213
G1 X160.483 Y139.873 E1321.54468
G1 X159.928 Y140.324 E1321.56751
G1 X159.583 Y140.724 E1321.58438
G1 X156.766 Y137.907 E1321.71158
G1 X158.322 Y137.906 E1321.76127
G1 X150.337 Y145.892 E1322.12185
G1 X149.663 Y145.891 E1322.14338
G1 X141.677 Y137.905 E1322.50399
G1 X139.466 Y137.904 E1322.57458
G1 X138.13 Y139.24 E1322.63491
G1 X138.59 Y139.387 E1322.65033
G1 X139.323 Y139.735 E1322.67624
G1 X140.15 Y140.402 E1322.71016
G1 X140.414 Y140.728 E1322.72356
G1 X143.237 Y137.904 E1322.85105
G1 X145.449 Y137.906 E1322.92168
G1 X153.434 Y145.891 E1323.28225
G1 X154.108 Y145.892 E1323.30377
G1 X162.093 Y137.907 E1323.66434
G0 F9600 X159.562 Y141.762
G0 X158.4 Y145.373
G1 F1800 X158.4 Y146.099 E1323.68752
G0 F9600 X157.096 Y146
G1 F1800 X154.218 Y146 E1323.77941
G0 F9600 X153.324 Y146
G1 F1800 X150.447 Y146 E1323.87127
G0 F9600 X149.554 Y146
G1 F1800 X146.674 Y146 E1323.96323
G0 F9600 X145.782 Y146
G1 F1800 X142.902 Y146 E1324.05519
G0 F9600 X141.6 Y146.1
G1 F1800 X141.6 Y145.373 E1324.0784
G1 F4200 E1323.0784
G0 F9600 X152.993 Y137.906
G1 F2100 E1324.0784
G1 F1800 X158.595 Y143.508 E1324.33136
G1 X158.595 Y145.177 E1324.38465
G1 X157.88 Y145.892 E1324.41694
G1 X157.206 Y145.891 E1324.43846
G1 X149.221 Y137.906 E1324.79902
G1 X147.008 Y137.905 E1324.86969
G1 X141.404 Y143.509 E1325.12274
G1 X141.404 Y145.176 E1325.17596
G1 X142.119 Y145.891 E1325.20825
G1 X142.793 Y145.892 E1325.22977
G1 X150.779 Y137.906 E1325.59038
G1 X154.551 Y137.906 E1325.71082
G1 X146.565 Y145.892 E1326.07143
G1 X145.891 Y145.891 E1326.09295
G1 X137.904 Y137.904 E1326.45361
G1 X135.694 Y137.904 E1326.52417
G1 X135.054 Y138.544 E1326.55307
G1 X135.054 Y139.094 E1326.57063
G1 X134.772 Y139.094 E1326.57964
G1 X134.772 Y138.543 E1326.59723
G1 X133.962 Y137.734 E1326.63379
G1 X133.566 Y137.59 E1326.64724
G1 X133.009 Y137.263 E1326.66786
G1 X132.773 Y137.054 E1326.67793
G1 X130.768 Y139.058 E1326.76844
G1 X130.942 Y139.092 E1326.7741
G1 X131.549 Y139.092 E1326.79348
G1 X129.408 Y136.951 E1326.89016
G1 X129.408 Y136.646 E1326.8999
G1 X131.592 Y134.463 E1326.9985
G1 X131.641 Y135.09 E1327.01858
G1 X131.77 Y135.542 E1327.03359
G1 X129.408 Y133.179 E1327.14027
G1 X129.408 Y132.875 E1327.14997
G1 X131 Y131.282 E1327.22188
G1 X131.595 Y131.282 E1327.24088
G1 X131.595 Y131 E1327.24989
G1 X131 Y131 E1327.26888
G1 X129.408 Y129.408 E1327.34077
G1 X129.409 Y129.102 E1327.35054
G1 X134.603 Y123.908 E1327.58508
G1 X131.451 Y123.908 E1327.68572
G1 X133.152 Y125.608 E1327.76251
G1 X132.503 Y126.18 E1327.79013
G1 X132.148 Y126.626 E1327.80833
G1 X131.9 Y127.087 E1327.82505
G1 X131.686 Y127.71 E1327.84608
G1 X131.662 Y127.89 E1327.85188
G1 X129.24 Y125.625 E1327.95776
G1 X129.197 Y125.543 E1327.96072
G1 X130.832 Y123.908 E1328.03455
G1 X127.06 Y123.908 E1328.15498
G1 X126.875 Y124.092 E1328.16332
G1 X127.45 Y124.136 E1328.18173
G1 X128.042 Y124.331 E1328.20163
G1 X128.189 Y124.418 E1328.20708
G1 X127.679 Y123.908 E1328.23011
G0 F9600 X121.329 Y123.908
G1 F1800 X119.517 Y123.908 E1328.28797
G1 X119.408 Y124.016 E1328.29287
G1 X119.408 Y124.092 E1328.2953
G1 X120.321 Y124.092 E1328.32445
G1 X120.137 Y123.908 E1328.33276
G1 F4200 E1327.33276
G0 F9600 X134.861 Y125.092
G1 F2100 E1328.33276
G1 F1800 X136.407 Y125.092 E1328.38212
G1 X135.223 Y123.908 E1328.43558
G1 X138.375 Y123.908 E1328.53623
G1 X137.19 Y125.093 E1328.58974
G1 X140.179 Y125.092 E1328.68517
G1 X138.995 Y123.908 E1328.73864
G1 X142.147 Y123.908 E1328.83928
G1 X140.961 Y125.094 E1328.89283
G1 X143.951 Y125.093 E1328.9883
G1 X142.766 Y123.908 E1329.04181
G1 X145.919 Y123.908 E1329.14249
G1 X144.733 Y125.094 E1329.19604
G1 X147.724 Y125.094 E1329.29154
G1 X146.538 Y123.908 E1329.3451
G1 X149.69 Y123.908 E1329.44574
G1 X148.504 Y125.094 E1329.4993
G1 X151.496 Y125.094 E1329.59483
G1 X150.31 Y123.908 E1329.64838
G1 X153.462 Y123.908 E1329.74903
G1 X152.275 Y125.094 E1329.8026
G1 X155.268 Y125.094 E1329.89817
G1 X154.081 Y123.908 E1329.95175
G1 X157.234 Y123.908 E1330.05242
G1 X156.046 Y125.095 E1330.10604
G1 X159.04 Y125.094 E1330.20164
G1 X157.853 Y123.908 E1330.25522
G1 X161.005 Y123.908 E1330.35586
G1 X159.817 Y125.096 E1330.4095
G1 X163.589 Y125.096 E1330.52994
G1 X164.777 Y123.908 E1330.58359
G1 X161.625 Y123.908 E1330.68423
G1 X162.812 Y125.095 E1330.73783
G1 F4200 E1329.73783
G0 F9600 X178.331 Y124.167
;TYPE:SKIN
G1 F2100 E1330.73783
G1 F1922.5 X174.665 Y124.167 E1330.83468
G1 X174.665 Y123.829 E1330.84361
G1 X178.331 Y123.829 E1330.94046
G1 X178.331 Y124.167 E1330.94939
G1 F4200 E1329.94939
G0 F9600 X172.495 Y124.717
G0 X171.687 Y125.187
G0 X171.207 Y126.019
G0 X171.164 Y132.373
G0 X164.798 Y139.662
G0 X162.761 Y139.654
G0 X162.073 Y139.757
G0 X161.237 Y140.072
G0 X160.731 Y140.386
G0 X160.315 Y140.736
G0 X159.873 Y141.249
G0 X159.562 Y141.762
G0 X159.28 Y142.497
G0 X158.842 Y146.481
G1 F2100 E1330.94939
G1 F1710 X158.421 Y146.061 E1330.96705
G0 F9600 X157.884 Y146.061
G1 F1710 X158.842 Y147.019 E1331.00729
G0 F9600 X158.842 Y147.556
G1 F1710 X157.346 Y146.061 E1331.07011
G0 F9600 X156.809 Y146.061
G1 F1710 X158.842 Y148.094 E1331.1555
G0 F9600 X158.842 Y148.631
G1 F1710 X156.271 Y146.061 E1331.26347
G0 F9600 X155.734 Y146.061
G1 F1710 X158.842 Y149.168 E1331.394
G0 F9600 X158.842 Y149.706
G1 F1710 X155.197 Y146.061 E1331.54711
G0 F9600 X154.659 Y146.061
G1 F1710 X158.842 Y150.243 E1331.72279
G0 F9600 X158.842 Y150.781
G1 F1710 X154.122 Y146.061 E1331.92105
G0 F9600 X153.584 Y146.061
G1 F1710 X158.842 Y151.318 E1332.14188
G0 F9600 X158.842 Y151.855
G1 F1710 X153.047 Y146.061 E1332.38527
G0 F9600 X152.509 Y146.061
G1 F1710 X158.842 Y152.393 E1332.65126
G0 F9600 X158.842 Y152.93
G1 F1710 X151.972 Y146.061 E1332.93981
G0 F9600 X151.435 Y146.061
G1 F1710 X158.841 Y153.467 E1333.25089
G0 F9600 X158.841 Y154.004
G1 F1710 X150.897 Y146.061 E1333.58455
G0 F9600 X150.36 Y146.061
G1 F1710 X158.841 Y154.542 E1333.94079
G0 F9600 X158.841 Y155.079
G1 F1710 X149.823 Y146.061 E1334.31958
G0 F9600 X149.286 Y146.061
G1 F1710 X158.841 Y155.617 E1334.72095
G0 F9600 X158.841 Y156.154
G1 F1710 X148.748 Y146.061 E1335.14489
G0 F9600 X148.211 Y146.061
G1 F1710 X158.841 Y156.691 E1335.5914
G0 F9600 X158.841 Y157.229
G1 F1710 X147.674 Y146.061 E1336.06048
G0 F9600 X147.136 Y146.061
G1 F1710 X158.841 Y157.766 E1336.55213
G0 F9600 X158.841 Y158.304
G1 F1710 X146.599 Y146.061 E1337.06637
G0 F9600 X146.061 Y146.061
G1 F1710 X158.841 Y158.841 E1337.60318
G0 F9600 X158.841 Y159.378
G1 F1710 X145.524 Y146.061 E1338.16254
G0 F9600 X144.987 Y146.061
G1 F1710 X158.841 Y159.916 E1338.74449
G0 F9600 X158.84 Y160.452
G1 F1710 X144.449 Y146.061 E1339.34897
G0 F9600 X143.912 Y146.061
G1 F1710 X158.84 Y160.99 E1339.97602
G0 F9600 X158.84 Y161.527
G1 F1710 X143.374 Y146.061 E1340.62566
G0 F9600 X142.837 Y146.061
G1 F1710 X158.84 Y162.065 E1341.29787
G0 F9600 X158.84 Y162.602
G1 F1710 X142.3 Y146.061 E1341.99264
G0 F9600 X141.762 Y146.061
G1 F1710 X158.84 Y163.139 E1342.70998
G0 F9600 X158.84 Y163.677
G1 F1710 X141.225 Y146.061 E1343.4499
G0 F9600 X141.157 Y146.531
G1 F1710 X158.84 Y164.214 E1344.19266
G0 F9600 X158.84 Y164.752
G1 F1710 X141.157 Y147.068 E1344.93543
G0 F9600 X141.157 Y147.606
G1 F1710 X158.84 Y165.289 E1345.67819
G0 F9600 X158.84 Y165.826
G1 F1710 X141.157 Y148.143 E1346.42095
G0 F9600 X141.157 Y148.681
G1 F1710 X158.84 Y166.364 E1347.1637
G0 F9600 X158.84 Y166.901
G1 F1710 X141.157 Y149.218 E1347.90646
G0 F9600 X141.157 Y149.755
G1 F1710 X158.84 Y167.439 E1348.64924
G0 F9600 X158.84 Y167.975
G1 F1710 X141.157 Y150.293 E1349.39197
G0 F9600 X141.157 Y150.83
G1 F1710 X158.84 Y168.513 E1350.13473
G0 F9600 X158.84 Y169.05
G1 F1710 X141.157 Y151.368 E1350.87746
G0 F9600 X141.158 Y151.906
G1 F1710 X158.84 Y169.588 E1351.62018
G0 F9600 X158.84 Y170.125
G1 F1710 X141.158 Y152.443 E1352.36289
G0 F9600 X141.158 Y152.98
G1 F1710 X158.84 Y170.662 E1353.10561
G0 F9600 X158.84 Y171.2
G1 F1710 X141.158 Y153.518 E1353.84832
G0 F9600 X141.158 Y154.055
G1 F1710 X158.84 Y171.737 E1354.59104
G0 F9600 X158.84 Y172.275
G1 F1710 X141.158 Y154.593 E1355.33375
G0 F9600 X141.158 Y155.13
G1 F1710 X158.84 Y172.812 E1356.07647
G0 F9600 X158.84 Y173.349
G1 F1710 X141.158 Y155.667 E1356.81918
G0 F9600 X141.158 Y156.205
G1 F1710 X158.84 Y173.887 E1357.56189
G0 F9600 X158.84 Y174.424
G1 F1710 X141.158 Y156.742 E1358.30461
G0 F9600 X141.158 Y157.28
G1 F1710 X158.786 Y174.908 E1359.04505
G0 F9600 X158.638 Y175.297
G1 F1710 X141.158 Y157.818 E1359.77926
G0 F9600 X141.158 Y158.355
G1 F1710 X151.167 Y168.364 E1360.19968
G0 F9600 X150.441 Y168.175
G1 F1710 X141.158 Y158.893 E1360.58958
G0 F9600 X141.158 Y159.43
G1 F1710 X149.88 Y168.151 E1360.95592
G0 F9600 X149.395 Y168.204
G1 F1710 X141.158 Y159.967 E1361.30191
G0 F9600 X141.158 Y160.505
G1 F1710 X148.958 Y168.304 E1361.62952
G0 F9600 X148.588 Y168.472
G1 F1710 X141.158 Y161.042 E1361.94161
G0 F9600 X141.158 Y161.58
G1 F1710 X148.218 Y168.639 E1362.23813
G0 F9600 X147.92 Y168.879
G1 F1710 X141.158 Y162.117 E1362.52217
G0 F9600 X141.158 Y162.654
G1 F1710 X147.632 Y169.128 E1362.7941
G0 F9600 X147.373 Y169.407
G1 F1710 X141.158 Y163.192 E1363.05515
G0 F9600 X141.159 Y163.73
G1 F1710 X147.16 Y169.73 E1363.3072
G0 F9600 X146.965 Y170.073
G1 F1710 X141.159 Y164.267 E1363.55107
G0 F9600 X141.159 Y164.805
G1 F1710 X146.817 Y170.462 E1363.78871
G0 F9600 X146.699 Y170.882
G1 F1710 X141.159 Y165.342 E1364.02141
G0 F9600 X141.159 Y165.879
G1 F1710 X146.656 Y171.377 E1364.25233
G0 F9600 X146.682 Y171.94
G1 F1710 X141.159 Y166.417 E1364.48432
G0 F9600 X141.159 Y166.954
G1 F1710 X146.846 Y172.642 E1364.72322
G0 F9600 X148.845 Y174.641
G1 F1710 X150.544 Y176.339 E1364.79456
G0 F9600 X151.081 Y176.339
G1 F1710 X149.554 Y174.812 E1364.8587
G0 F9600 X150.117 Y174.838
G1 F1710 X151.619 Y176.339 E1364.92177
G0 F9600 X152.156 Y176.339
G1 F1710 X150.606 Y174.789 E1364.98688
G0 F9600 X151.041 Y174.686
G1 F1710 X152.693 Y176.339 E1365.05629
G0 F9600 X153.231 Y176.339
G1 F1710 X151.412 Y174.52 E1365.13269
G0 F9600 X151.77 Y174.341
G1 F1710 X153.768 Y176.339 E1365.21662
G0 F9600 X154.306 Y176.339
G1 F1710 X152.08 Y174.114 E1365.3101
G0 F9600 X152.368 Y173.864
G1 F1710 X154.843 Y176.339 E1365.41406
G0 F9600 X155.38 Y176.339
G1 F1710 X152.626 Y173.585 E1365.52973
G0 F9600 X152.84 Y173.262
G1 F1710 X155.918 Y176.339 E1365.659
G0 F9600 X156.455 Y176.339
G1 F1710 X153.032 Y172.916 E1365.80278
G0 F9600 X153.193 Y172.54
G1 F1710 X156.993 Y176.339 E1365.96238
G0 F9600 X157.442 Y176.251
G1 F1710 X153.299 Y172.108 E1366.1364
G0 F9600 X153.34 Y171.611
G1 F1710 X157.847 Y176.118 E1366.32571
G0 F9600 X158.161 Y175.896
G1 F1710 X153.311 Y171.046 E1366.52943
G0 F9600 X153.121 Y170.318
G1 F1710 X158.437 Y175.634 E1366.75272
G0 F9600 X150.006 Y176.339
G1 F1710 X141.159 Y167.492 E1367.12433
G0 F9600 X141.159 Y168.029
G1 F1710 X149.469 Y176.339 E1367.47338
G0 F9600 X148.932 Y176.339
G1 F1710 X141.159 Y168.566 E1367.79988
G0 F9600 X141.16 Y169.105
G1 F1710 X148.394 Y176.339 E1368.10374
G0 F9600 X147.857 Y176.339
G1 F1710 X141.16 Y169.642 E1368.38504
G0 F9600 X141.16 Y170.179
G1 F1710 X147.319 Y176.339 E1368.64376
G0 F9600 X146.782 Y176.339
G1 F1710 X141.16 Y170.717 E1368.87991
G0 F9600 X141.16 Y171.254
G1 F1710 X146.245 Y176.339 E1369.0935
G0 F9600 X145.707 Y176.339
G1 F1710 X141.16 Y171.792 E1369.28449
G0 F9600 X141.16 Y172.329
G1 F1710 X145.17 Y176.339 E1369.45293
G0 F9600 X144.632 Y176.339
G1 F1710 X141.16 Y172.866 E1369.59879
G0 F9600 X141.16 Y173.404
G1 F1710 X144.095 Y176.339 E1369.72207
G0 F9600 X143.558 Y176.339
G1 F1710 X141.16 Y173.941 E1369.82279
G0 F9600 X141.16 Y174.479
G1 F1710 X143.02 Y176.339 E1369.90092
G0 F9600 X142.358 Y176.215
G1 F1710 X141.291 Y175.147 E1369.94576
G1 F4200 E1368.94576
G0 F9600 X140.847 Y143.25
G0 X140.735 Y142.557
G0 X140.556 Y142.017
G0 X140.232 Y141.401
G0 X139.753 Y140.8
G0 X139.031 Y140.222
G0 X128.823 Y135.32
G0 X128.849 Y126.334
G0 X128.607 Y125.572
G0 X127.929 Y124.893
G0 X125.331 Y124.167
G1 F2100 E1369.94576
G1 F1922.5 X121.665 Y124.167 E1370.04261
G1 X121.665 Y123.829 E1370.05154
G1 X125.331 Y123.829 E1370.14839
G1 X125.331 Y124.167 E1370.15732
G1 F4200 E1369.15732
;MESH:NONMESH
G0 F1500 X125.331 Y124.167 Z3.6
G0 F9600 X127.481 Y124.707
G0 X132.627 Y126.915
G0 X132.364 Y127.408
G0 X132.201 Y127.944
G0 X132.151 Y128.46
G0 X132.151 Y134.687
G0 X132.364 Y135.592
G0 X132.627 Y136.085
G0 X132.983 Y136.517
G0 X133.415 Y136.873
G0 X133.908 Y137.136
G0 X134.444 Y137.299
G0 X165.674 Y137.419
;TIME_ELAPSED:1769.272118
;LAYER:17
;TYPE:WALL-INNER
;MESH:LC-GR3005??????RFID?????????-WB.stl
G1 F2100 E1370.15732
G1 F1800 X165.124 Y137.5 E1370.17507
G1 X134.904 Y137.496 E1371.13999
G1 X134.315 Y137.418 E1371.15896
G1 X133.755 Y137.228 E1371.17784
G1 X133.258 Y136.938 E1371.19621
G1 X132.81 Y136.546 E1371.21522
G1 X132.448 Y136.072 E1371.23426
G1 X132.21 Y135.6 E1371.25114
G1 X132.045 Y135.024 E1371.27027
G1 X132 Y134.624 E1371.28313
G1 X132.004 Y128.404 E1371.48173
G1 X132.082 Y127.815 E1371.5007
G1 X132.268 Y127.263 E1371.5193
G1 X132.491 Y126.849 E1371.53431
G1 X132.875 Y126.368 E1371.55397
G1 X133.423 Y125.948 E1371.57601
G1 X133.896 Y125.709 E1371.59293
G1 X134.313 Y125.58 E1371.60687
G1 X134.784 Y125.5 E1371.62212
G1 X165.082 Y125.503 E1372.58953
G1 X165.69 Y125.581 E1372.6091
G1 X166.232 Y125.768 E1372.62741
G1 X166.573 Y125.948 E1372.63972
G1 X167.123 Y126.369 E1372.66184
G1 X167.519 Y126.871 E1372.68225
G1 X167.74 Y127.278 E1372.69704
G1 X167.919 Y127.822 E1372.71533
G1 X168 Y128.372 E1372.73308
G1 X167.996 Y134.592 E1372.93168
G1 X167.918 Y135.181 E1372.95065
G1 X167.791 Y135.6 E1372.96463
G1 X167.544 Y136.08 E1372.98187
G1 X167.125 Y136.625 E1373.00382
G1 X166.58 Y137.044 E1373.02577
G1 X166.1 Y137.291 E1373.043
G1 X166.048 Y137.307 E1373.04474
G0 F1620 X165.674 Y137.419
G0 F9600 X165.966 Y136.914
G1 F1800 X165.478 Y137.054 E1373.06095
G1 X165.124 Y137.1 E1373.07235
G1 X134.944 Y137.098 E1374.03599
G1 X134.544 Y137.058 E1374.04882
G1 X134.058 Y136.923 E1374.06493
G1 X133.512 Y136.629 E1374.08473
G1 X133.119 Y136.292 E1374.10126
G1 X132.801 Y135.885 E1374.11775
G1 X132.586 Y135.466 E1374.13279
G1 X132.441 Y134.97 E1374.14929
G1 X132.4 Y134.624 E1374.16041
G1 X132.402 Y128.444 E1374.35774
G1 X132.442 Y128.044 E1374.37057
G1 X132.577 Y127.558 E1374.38668
G1 X132.827 Y127.066 E1374.4043
G1 X133.204 Y126.619 E1374.42297
G1 X133.611 Y126.301 E1374.43946
G1 X134.03 Y126.086 E1374.4545
G1 X134.526 Y125.941 E1374.471
G1 X134.872 Y125.9 E1374.48213
G1 X165.046 Y125.902 E1375.44557
G1 X165.571 Y125.963 E1375.46245
G1 X166.045 Y126.121 E1375.4784
G1 X166.385 Y126.301 E1375.49069
G1 X166.792 Y126.619 E1375.50718
G1 X167.177 Y127.079 E1375.52633
G1 X167.383 Y127.459 E1375.54013
G1 X167.554 Y128.018 E1375.5588
G1 X167.6 Y128.372 E1375.5702
G1 X167.598 Y134.552 E1375.76752
G1 X167.558 Y134.952 E1375.78036
G1 X167.414 Y135.466 E1375.7974
G1 X167.132 Y135.981 E1375.81615
G1 X166.792 Y136.377 E1375.83281
G1 X166.39 Y136.692 E1375.84912
G1 X166.312 Y136.733 E1375.85194
G0 F1620 X165.966 Y136.914
G1 F4200 E1374.85194
G0 F9600 X166.056 Y137.211
G0 X160.729 Y140.387
G0 X160.312 Y140.738
G0 X159.863 Y141.263
G0 X159.459 Y141.978
G0 X159.273 Y142.525
G0 X159.174 Y143.065
G0 X159 Y147.524
G1 F2100 E1375.85194
G1 F1800 X159 Y143.185 E1375.99048
G1 X159.111 Y142.557 E1376.01084
G1 X159.316 Y141.917 E1376.0323
G1 X159.735 Y141.178 E1376.05942
G1 X160.207 Y140.625 E1376.08264
G1 X160.7 Y140.226 E1376.10289
G1 X161.22 Y139.917 E1376.1222
G1 X161.748 Y139.697 E1376.14047
G1 X162.335 Y139.547 E1376.15981
G1 X162.815 Y139.504 E1376.1752
G1 X169.091 Y139.5 E1376.37559
G1 X169.615 Y139.397 E1376.39264
G1 X169.913 Y139.273 E1376.40295
G1 X170.176 Y139.113 E1376.41278
G1 X170.408 Y138.912 E1376.42258
G1 X170.611 Y138.675 E1376.43254
G1 X170.774 Y138.408 E1376.44253
G1 X170.898 Y138.11 E1376.45284
G1 X171 Y137.594 E1376.46963
G1 X171 Y126.47 E1376.82482
G1 X171.058 Y126.009 E1376.83965
G1 X171.206 Y125.616 E1376.85306
G1 X171.345 Y125.378 E1376.86186
G1 X171.682 Y124.999 E1376.87805
G1 X171.89 Y124.839 E1376.88643
G1 X172.164 Y124.689 E1376.89641
G1 X172.606 Y124.547 E1376.91123
G1 X172.912 Y124.5 E1376.92112
G1 X181 Y124.5 E1377.17936
G1 X181 Y123.5 E1377.21129
G1 X119 Y123.5 E1379.19094
G1 X119 Y124.5 E1379.22287
G1 X127 Y124.5 E1379.4783
G1 X127.381 Y124.539 E1379.49053
G1 X127.88 Y124.706 E1379.50733
G1 X128.118 Y124.845 E1379.51614
G1 X128.497 Y125.182 E1379.53233
G1 X128.657 Y125.39 E1379.54071
G1 X128.814 Y125.686 E1379.55141
G1 X129.001 Y126.326 E1379.5727
G1 X129 Y137.594 E1379.93248
G1 X129.1 Y138.115 E1379.94942
G1 X129.222 Y138.408 E1379.95955
G1 X129.385 Y138.675 E1379.96954
G1 X129.586 Y138.91 E1379.97941
G1 X129.823 Y139.113 E1379.98938
G1 X130.085 Y139.274 E1379.9992
G1 X130.381 Y139.397 E1380.00943
G1 X130.908 Y139.5 E1380.02658
G1 X137.233 Y139.504 E1380.22853
G1 X137.96 Y139.608 E1380.25198
G1 X138.602 Y139.834 E1380.27371
G1 X139.022 Y140.05 E1380.28879
G1 X139.538 Y140.411 E1380.3089
G1 X140.022 Y140.868 E1380.33016
G1 X140.399 Y141.397 E1380.3509
G1 X140.659 Y141.885 E1380.36855
G1 X140.885 Y142.523 E1380.39016
G1 X140.996 Y143.333 E1380.41627
G1 X141 Y147.524 E1380.55009
G1 X158.609 Y147.524 E1381.11234
G0 F1620 X159 Y147.524
G0 F9600 X159.4 Y147.924
G1 F1800 X159.404 Y143.196 E1381.2633
G1 X159.528 Y142.537 E1381.28471
G1 X159.713 Y142.028 E1381.302
G1 X160.065 Y141.407 E1381.3248
G1 X160.451 Y140.954 E1381.3438
G1 X160.842 Y140.615 E1381.36032
G1 X161.332 Y140.304 E1381.37885
G1 X161.882 Y140.074 E1381.39789
G1 X162.446 Y139.939 E1381.41641
G1 X162.815 Y139.904 E1381.42824
G1 X169.117 Y139.9 E1381.62946
G1 X169.738 Y139.779 E1381.64966
G1 X170.095 Y139.631 E1381.662
G1 X170.413 Y139.437 E1381.6739
G1 X170.693 Y139.195 E1381.68571
G1 X170.936 Y138.91 E1381.69767
G1 X171.131 Y138.59 E1381.70964
G1 X171.28 Y138.236 E1381.7219
G1 X171.4 Y137.617 E1381.74203
G1 X171.4 Y126.48 E1382.09764
G1 X171.448 Y126.101 E1382.10983
G1 X171.576 Y125.768 E1382.12122
G1 X171.819 Y125.421 E1382.13475
G1 X172.134 Y125.156 E1382.14789
G1 X172.298 Y125.066 E1382.15387
G1 X172.912 Y124.9 E1382.17418
G1 X181.4 Y124.9 E1382.4452
G1 X181.4 Y123.1 E1382.50267
G1 X118.6 Y123.1 E1384.50786
G1 X118.6 Y124.9 E1384.56533
G1 X127.075 Y124.904 E1384.83593
G1 X127.484 Y124.976 E1384.84919
G1 X127.728 Y125.076 E1384.85761
G1 X128.075 Y125.319 E1384.87114
G1 X128.34 Y125.634 E1384.88428
G1 X128.434 Y125.811 E1384.89068
G1 X128.596 Y126.338 E1384.90829
G1 X128.6 Y137.617 E1385.26842
G1 X128.718 Y138.239 E1385.28864
G1 X128.865 Y138.59 E1385.30079
G1 X129.06 Y138.91 E1385.31275
G1 X129.302 Y139.194 E1385.32467
G1 X129.587 Y139.437 E1385.33662
G1 X129.902 Y139.631 E1385.34844
G1 X130.258 Y139.779 E1385.36075
G1 X130.883 Y139.9 E1385.38107
G1 X137.233 Y139.904 E1385.58383
G1 X137.818 Y139.991 E1385.60271
G1 X138.333 Y140.154 E1385.61996
G1 X138.839 Y140.406 E1385.63801
G1 X139.302 Y140.735 E1385.65614
G1 X139.718 Y141.132 E1385.67451
G1 X140.046 Y141.585 E1385.69236
G1 X140.331 Y142.12 E1385.71172
G1 X140.503 Y142.678 E1385.73036
G1 X140.591 Y143.322 E1385.75112
G1 X140.6 Y147.924 E1385.89806
G1 X159.009 Y147.924 E1386.48585
G0 F1620 X159.4 Y147.924
G0 F9600 X159.8 Y148.324
G0 X159.8 Y148.324 Z3.59
;TYPE:WALL-OUTER
G1 F1800 X159.8 Y148.124 Z3.6 E1386.49222
G1 X159.801 Y143.246 E1386.65121
G1 X159.906 Y142.667 E1386.67039
G1 X160.061 Y142.225 E1386.68566
G1 X160.407 Y141.622 E1386.70832
G1 X160.779 Y141.19 E1386.7269
G1 X161.099 Y140.922 E1386.74051
G1 X161.53 Y140.655 E1386.75703
G1 X162.016 Y140.451 E1386.77421
G1 X162.46 Y140.341 E1386.78912
G1 X162.795 Y140.305 E1386.80011
G1 X169.143 Y140.3 E1387.00702
G1 X169.862 Y140.161 E1387.03089
G1 X170.277 Y139.989 E1387.04553
G1 X170.649 Y139.761 E1387.05975
G1 X170.977 Y139.478 E1387.07387
G1 X171.261 Y139.146 E1387.08811
G1 X171.489 Y138.772 E1387.10239
G1 X171.661 Y138.361 E1387.11691
G1 X171.766 Y137.928 E1387.13144
G1 X171.8 Y137.64 E1387.14089
G1 X171.801 Y126.471 E1387.50494
G1 X171.837 Y126.193 E1387.51408
G1 X171.974 Y125.872 E1387.52545
G1 X172.134 Y125.668 E1387.53391
G1 X172.432 Y125.443 E1387.54608
G1 X172.878 Y125.3 E1387.56134
G1 X181.8 Y125.3 E1387.85215
G1 X181.8 Y122.7 E1387.9369
G1 X118.2 Y122.7 E1390.00994
G1 X118.2 Y125.3 E1390.09469
G1 X127.025 Y125.301 E1390.38234
G1 X127.332 Y125.346 E1390.39245
G1 X127.624 Y125.474 E1390.40284
G1 X127.828 Y125.634 E1390.41129
G1 X128.054 Y125.937 E1390.42361
G1 X128.201 Y126.412 E1390.43982
G1 X128.2 Y137.64 E1390.8058
G1 X128.336 Y138.362 E1390.82974
G1 X128.507 Y138.772 E1390.84422
G1 X128.735 Y139.146 E1390.8585
G1 X129.018 Y139.478 E1390.87272
G1 X129.351 Y139.761 E1390.88696
G1 X129.72 Y139.989 E1390.9011
G1 X130.134 Y140.161 E1390.91572
G1 X130.857 Y140.3 E1390.93971
G1 X137.265 Y140.306 E1391.14858
G1 X137.753 Y140.386 E1391.1647
G1 X138.236 Y140.546 E1391.18128
G1 X138.682 Y140.778 E1391.19767
G1 X139.088 Y141.076 E1391.21409
G1 X139.425 Y141.408 E1391.22951
G1 X139.693 Y141.773 E1391.24427
G1 X139.967 Y142.293 E1391.26342
G1 X140.107 Y142.732 E1391.27844
G1 X140.195 Y143.376 E1391.29963
G1 X140.2 Y148.324 E1391.46091
G1 X159.612 Y148.324 E1392.09364
G0 F1620 X159.8 Y148.324
G0 X159.8 Y148.124
G0 F9600 X159.8 Y147.324
G1 F4200 E1391.09364
G0 F9600 X159.09 Y147.324
G0 X159.151 Y143.192
G0 X159.273 Y142.525
G0 X159.459 Y141.978
G0 X159.863 Y141.263
G0 X160.312 Y140.738
G0 X166.038 Y137.216
G0 X165.832 Y136.537
G0 X165.832 Y136.537 Z3.59
G1 F2100 E1392.09364
G1 F1800 X165.64 Y136.594 Z3.6 E1392.10002
G1 X165.446 Y136.652 E1392.10662
G1 X165.154 Y136.698 E1392.11625
G1 X134.984 Y136.7 E1393.09964
G1 X134.584 Y136.66 E1393.11274
G1 X134.174 Y136.54 E1393.12667
G1 X133.765 Y136.319 E1393.14182
G1 X133.429 Y136.039 E1393.15608
G1 X133.175 Y135.729 E1393.16914
G1 X132.96 Y135.323 E1393.18411
G1 X132.837 Y134.916 E1393.19797
G1 X132.801 Y134.652 E1393.20666
G1 X132.8 Y128.484 E1393.4077
G1 X132.84 Y128.084 E1393.42081
G1 X132.975 Y127.638 E1393.43599
G1 X133.163 Y127.283 E1393.44909
G1 X133.457 Y126.929 E1393.46409
G1 X133.798 Y126.655 E1393.47835
G1 X134.173 Y126.46 E1393.49212
G1 X134.58 Y126.337 E1393.50598
G1 X134.845 Y126.301 E1393.5147
G1 X165.01 Y126.3 E1394.49792
G1 X165.41 Y126.336 E1394.51102
G1 X165.858 Y126.475 E1394.5263
G1 X166.231 Y126.677 E1394.54013
G1 X166.567 Y126.957 E1394.55439
G1 X166.823 Y127.27 E1394.56757
G1 X167.027 Y127.641 E1394.58137
G1 X167.152 Y128.05 E1394.59531
G1 X167.198 Y128.342 E1394.60494
G1 X167.2 Y134.512 E1394.80605
G1 X167.152 Y134.95 E1394.82042
G1 X167.037 Y135.332 E1394.83342
G1 X166.819 Y135.731 E1394.84824
G1 X166.539 Y136.067 E1394.86249
G1 X166.2 Y136.34 E1394.87668
G1 X165.998 Y136.448 E1394.88415
G0 F1620 X165.832 Y136.537
G0 X165.64 Y136.594
G0 F9600 X165.446 Y136.652
G0 X165.154 Y136.698
G0 X164.852 Y136.698
G1 F4200 E1393.88415
G0 F9600 X164.852 Y137.41
G0 X165.575 Y137.294
G0 X166.092 Y137.136
G0 X166.585 Y136.873
G0 X167.017 Y136.517
G0 X171.16 Y131.744
G0 X171.151 Y126.445
G0 X171.393 Y125.571
G0 X172.072 Y124.893
G0 X179.68 Y124.092
G0 X180.592 Y124.017
;TYPE:FILL
G1 F2100 E1394.88415
G1 F1800 X180.592 Y124.092 E1394.88654
G1 X179.68 Y124.092 E1394.91566
G1 X179.864 Y123.908 E1394.92397
G1 X180.592 Y123.908 E1394.94722
G1 X180.484 Y123.908 E1394.95066
G1 X180.592 Y124.017 E1394.95556
G0 F9600 X174.172 Y123.908
G1 F1800 X172.94 Y123.908 E1394.9949
G1 X173.124 Y124.092 E1395.00321
G1 X172.896 Y124.092 E1395.01049
G1 X172.497 Y124.154 E1395.02338
G1 X172.015 Y124.309 E1395.03955
G1 X171.804 Y124.425 E1395.04724
G1 X172.321 Y123.908 E1395.07058
G1 X169.168 Y123.908 E1395.17126
G1 X170.8 Y125.54 E1395.24495
G1 X170.909 Y125.319 E1395.25282
G1 X168.35 Y127.878 E1395.36837
G1 X168.161 Y127.198 E1395.39091
G1 X167.864 Y126.653 E1395.41072
G1 X167.409 Y126.073 E1395.43426
G1 X166.825 Y125.632 E1395.45763
G1 X168.549 Y123.908 E1395.53548
G1 X165.397 Y123.908 E1395.63612
G1 X170.592 Y129.104 E1395.87072
G1 X170.592 Y129.408 E1395.88043
G1 X168.999 Y131.001 E1395.95236
G1 X168.406 Y131.001 E1395.9713
G1 X168.406 Y131.283 E1395.9803
G1 X169 Y131.283 E1395.99927
G1 X170.592 Y132.875 E1396.07116
G1 X170.592 Y133.18 E1396.08089
G1 X168.228 Y135.543 E1396.18762
G1 X168.36 Y135.049 E1396.20395
G1 X168.403 Y134.458 E1396.22287
G1 X170.592 Y136.647 E1396.32171
G1 X170.592 Y136.952 E1396.33145
G1 X168.451 Y139.093 E1396.42813
G1 X169.057 Y139.092 E1396.44748
G1 X169.231 Y139.057 E1396.45314
G1 X167.231 Y137.058 E1396.54343
G1 X166.786 Y137.397 E1396.5613
G1 X166.245 Y137.673 E1396.58069
G1 X166.036 Y137.735 E1396.58765
G1 X165.228 Y138.544 E1396.62416
G1 X165.228 Y139.095 E1396.64175
G1 X164.946 Y139.095 E1396.65075
G1 X164.946 Y138.544 E1396.66835
G1 X164.31 Y137.908 E1396.69707
G1 X160.538 Y137.908 E1396.8175
G1 X161.874 Y139.244 E1396.87783
G1 X161.614 Y139.311 E1396.88641
G1 X160.95 Y139.587 E1396.90937
G1 X160.331 Y139.989 E1396.93293
G1 X159.845 Y140.419 E1396.95365
G1 X159.585 Y140.726 E1396.9665
G1 X156.766 Y137.907 E1397.09379
G1 X158.322 Y137.906 E1397.14347
G1 X150.692 Y145.537 E1397.48803
G1 X149.308 Y145.536 E1397.53222
G1 X141.677 Y137.905 E1397.8768
G1 X139.466 Y137.904 E1397.9474
G1 X138.124 Y139.246 E1398.008
G1 X138.597 Y139.39 E1398.02379
G1 X139.218 Y139.692 E1398.04584
G1 X139.787 Y140.088 E1398.06797
G1 X140.256 Y140.528 E1398.0885
G1 X140.414 Y140.728 E1398.09664
G1 X143.237 Y137.904 E1398.22414
G1 X145.449 Y137.906 E1398.29477
G1 X153.079 Y145.536 E1398.6393
G1 X154.463 Y145.537 E1398.68349
G1 X162.093 Y137.907 E1399.02803
G0 F9600 X159.863 Y141.263
G0 X159.499 Y141.907
G0 X158.4 Y145.373
G1 F1800 X158.4 Y145.744 E1399.03988
G0 F9600 X156.759 Y145.6
G1 F1800 X154.555 Y145.6 E1399.11025
G0 F9600 X152.987 Y145.6
G1 F1800 X150.784 Y145.6 E1399.18059
G0 F9600 X149.218 Y145.6
G1 F1800 X147.01 Y145.6 E1399.25109
G0 F9600 X145.446 Y145.6
G1 F1800 X143.238 Y145.6 E1399.32159
G1 F4200 E1398.32159
G0 F9600 X152.993 Y137.906
G1 F2100 E1399.32159
G1 F1800 X158.592 Y143.505 E1399.57442
G1 X158.592 Y145.18 E1399.6279
G1 X158.235 Y145.537 E1399.64402
G1 X156.851 Y145.536 E1399.68821
G1 X149.221 Y137.906 E1400.03275
G1 X147.008 Y137.905 E1400.10341
G1 X141.404 Y143.509 E1400.35646
G1 X141.405 Y145.177 E1400.40972
G1 X141.764 Y145.536 E1400.42593
G1 X143.148 Y145.537 E1400.47012
G1 X150.779 Y137.906 E1400.8147
G1 X154.551 Y137.906 E1400.93514
G1 X146.92 Y145.537 E1401.27972
G1 X145.536 Y145.536 E1401.32391
G1 X137.904 Y137.904 E1401.66854
G1 X135.694 Y137.904 E1401.7391
G1 X135.054 Y138.544 E1401.768
G1 X135.054 Y139.095 E1401.7856
G1 X134.772 Y139.095 E1401.7946
G1 X134.772 Y138.544 E1401.81219
G1 X133.962 Y137.734 E1401.84877
G1 X133.566 Y137.59 E1401.86222
G1 X133.009 Y137.263 E1401.88285
G1 X132.773 Y137.054 E1401.89291
G1 X130.768 Y139.058 E1401.98343
G1 X130.942 Y139.092 E1401.98909
G1 X131.549 Y139.092 E1402.00847
G1 X129.408 Y136.951 E1402.10515
G1 X129.408 Y136.646 E1402.11488
G1 X131.592 Y134.463 E1402.21348
G1 X131.641 Y135.09 E1402.23356
G1 X131.77 Y135.542 E1402.24857
G1 X129.408 Y133.179 E1402.35525
G1 X129.408 Y132.875 E1402.36496
G1 X131 Y131.282 E1402.43687
G1 X131.595 Y131.282 E1402.45587
G1 X131.595 Y131 E1402.46487
G1 X131 Y131 E1402.48387
G1 X129.408 Y129.408 E1402.55576
G1 X129.409 Y129.102 E1402.56553
G1 X134.603 Y123.908 E1402.80006
G1 X131.451 Y123.908 E1402.90071
G1 X133.172 Y125.628 E1402.9784
G1 X132.59 Y126.071 E1403.00175
G1 X132.148 Y126.626 E1403.0244
G1 X131.9 Y127.087 E1403.04112
G1 X131.686 Y127.71 E1403.06215
G1 X131.662 Y127.89 E1403.06795
G1 X129.24 Y125.625 E1403.17383
G1 X129.197 Y125.543 E1403.17679
G1 X130.832 Y123.908 E1403.25062
G1 X127.06 Y123.908 E1403.37105
G1 X126.875 Y124.092 E1403.37939
G1 X127.45 Y124.136 E1403.3978
G1 X128.042 Y124.331 E1403.4177
G1 X128.189 Y124.418 E1403.42315
G1 X127.679 Y123.908 E1403.44618
G0 F9600 X121.171 Y123.908
G1 F1800 X119.517 Y123.908 E1403.499
G1 X119.408 Y124.016 E1403.5039
G1 X119.408 Y124.092 E1403.50632
G1 X120.321 Y124.092 E1403.53547
G1 X120.136 Y123.908 E1403.54381
G1 F4200 E1402.54381
G0 F9600 X134.861 Y125.092
G1 F2100 E1403.54381
G1 F1800 X136.407 Y125.092 E1403.59317
G1 X135.223 Y123.908 E1403.64663
G1 X138.375 Y123.908 E1403.74728
G1 X137.19 Y125.093 E1403.80078
G1 X140.179 Y125.092 E1403.89622
G1 X138.995 Y123.908 E1403.94969
G1 X142.147 Y123.908 E1404.05033
G1 X140.961 Y125.094 E1404.10388
G1 X143.951 Y125.093 E1404.19935
G1 X142.766 Y123.908 E1404.25286
G1 X145.919 Y123.908 E1404.35354
G1 X144.733 Y125.094 E1404.40709
G1 X147.724 Y125.094 E1404.50259
G1 X146.538 Y123.908 E1404.55615
G1 X149.69 Y123.908 E1404.65679
G1 X148.504 Y125.094 E1404.71034
G1 X151.496 Y125.094 E1404.80588
G1 X150.31 Y123.908 E1404.85943
G1 X153.462 Y123.908 E1404.96007
G1 X152.275 Y125.094 E1405.01365
G1 X155.268 Y125.094 E1405.10922
G1 X154.081 Y123.908 E1405.16279
G1 X157.234 Y123.908 E1405.26347
G1 X156.046 Y125.095 E1405.31709
G1 X159.04 Y125.094 E1405.41269
G1 X157.853 Y123.908 E1405.46627
G1 X161.005 Y123.908 E1405.56691
G1 X159.817 Y125.096 E1405.62055
G1 X163.589 Y125.096 E1405.74099
G1 X164.777 Y123.908 E1405.79464
G1 X161.625 Y123.908 E1405.89528
G1 X162.812 Y125.095 E1405.94888
G1 F4200 E1404.94888
G0 F9600 X178.49 Y124.167
;TYPE:SKIN
G1 F2100 E1405.94888
G1 F1922.5 X174.509 Y124.167 E1406.05405
G1 X174.509 Y123.829 E1406.06298
G1 X178.488 Y123.829 E1406.1681
G1 X178.49 Y124.167 E1406.17703
G1 F4200 E1405.17703
G0 F9600 X172.495 Y124.717
G0 X171.687 Y125.187
G0 X171.207 Y126.019
G0 X171.164 Y132.633
G0 X165.081 Y139.662
G0 X162.774 Y139.655
G0 X161.824 Y139.83
G0 X161.22 Y140.082
G0 X160.729 Y140.387
G0 X160.312 Y140.738
G0 X159.863 Y141.263
G0 X159.459 Y141.978
G0 X158.418 Y147.363
G1 F2100 E1406.17703
G1 F1710 X158.839 Y146.942 E1406.19471
G0 F9600 X158.839 Y146.405
G1 F1710 X157.881 Y147.363 E1406.23495
G0 F9600 X157.343 Y147.363
G1 F1710 X158.839 Y145.868 E1406.29777
G0 F9600 X158.464 Y145.705
G1 F1710 X156.806 Y147.363 E1406.36741
G0 F9600 X156.268 Y147.363
G1 F1710 X157.927 Y145.705 E1406.43708
G0 F9600 X157.389 Y145.705
G1 F1710 X155.731 Y147.363 E1406.50672
G0 F9600 X155.194 Y147.363
G1 F1710 X156.852 Y145.705 E1406.57636
G0 F9600 X156.314 Y145.705
G1 F1710 X154.656 Y147.363 E1406.646
G0 F9600 X154.119 Y147.363
G1 F1710 X155.777 Y145.705 E1406.71565
G0 F9600 X155.24 Y145.705
G1 F1710 X153.581 Y147.363 E1406.78531
G0 F9600 X153.044 Y147.363
G1 F1710 X154.702 Y145.705 E1406.85495
G0 F9600 X154.165 Y145.705
G1 F1710 X152.507 Y147.363 E1406.92459
G0 F9600 X151.969 Y147.363
G1 F1710 X153.627 Y145.705 E1406.99424
G0 F9600 X153.09 Y145.705
G1 F1710 X151.432 Y147.363 E1407.06388
G0 F9600 X150.894 Y147.363
G1 F1710 X152.553 Y145.705 E1407.13354
G0 F9600 X152.015 Y145.705
G1 F1710 X150.357 Y147.363 E1407.20319
G0 F9600 X149.82 Y147.363
G1 F1710 X151.478 Y145.705 E1407.27283
G0 F9600 X150.94 Y145.705
G1 F1710 X149.282 Y147.363 E1407.34247
G0 F9600 X148.745 Y147.363
G1 F1710 X150.403 Y145.705 E1407.41211
G0 F9600 X149.866 Y145.705
G1 F1710 X148.207 Y147.363 E1407.48178
G0 F9600 X147.67 Y147.363
G1 F1710 X149.328 Y145.705 E1407.55142
G0 F9600 X148.791 Y145.705
G1 F1710 X147.133 Y147.363 E1407.62106
G0 F9600 X146.595 Y147.363
G1 F1710 X148.253 Y145.705 E1407.69071
G0 F9600 X147.716 Y145.705
G1 F1710 X146.058 Y147.363 E1407.76035
G0 F9600 X145.52 Y147.363
G1 F1710 X147.179 Y145.705 E1407.83001
G0 F9600 X146.641 Y145.705
G1 F1710 X144.983 Y147.363 E1407.89965
G0 F9600 X144.446 Y147.363
G1 F1710 X146.104 Y145.705 E1407.9693
G0 F9600 X145.566 Y145.705
G1 F1710 X143.908 Y147.363 E1408.03894
G0 F9600 X143.371 Y147.363
G1 F1710 X145.029 Y145.705 E1408.10858
G0 F9600 X144.492 Y145.705
G1 F1710 X142.833 Y147.363 E1408.17825
G0 F9600 X142.296 Y147.363
G1 F1710 X143.954 Y145.705 E1408.24789
G0 F9600 X143.417 Y145.705
G1 F1710 X141.759 Y147.363 E1408.31753
G0 F9600 X141.221 Y147.363
G1 F1710 X142.879 Y145.705 E1408.38717
G0 F9600 X142.342 Y145.705
G1 F1710 X141.161 Y146.886 E1408.43678
G0 F9600 X141.16 Y146.349
G1 F1710 X141.805 Y145.705 E1408.46385
G0 F9600 X141.267 Y145.705
G1 F1710 X141.16 Y145.812 E1408.46835
G1 F4200 E1407.46835
G0 F9600 X140.738 Y142.567
G0 X140.556 Y142.018
G0 X140.24 Y141.415
G0 X139.907 Y140.971
G0 X139.5 Y140.568
G0 X134.444 Y137.299
G0 X133.908 Y137.136
G0 X133.415 Y136.873
G0 X132.983 Y136.517
G0 X132.627 Y136.085
G0 X128.834 Y128.786
G0 X128.849 Y126.334
G0 X128.607 Y125.572
G0 X127.929 Y124.893
G0 X125.49 Y124.167
G1 F2100 E1408.46835
G1 F1922.5 X121.509 Y124.167 E1408.57352
G1 X121.509 Y123.829 E1408.58245
G1 X125.488 Y123.829 E1408.68757
G1 X125.49 Y124.167 E1408.6965
G1 F4200 E1407.6965
;MESH:NONMESH
G0 F1500 X125.49 Y124.167 Z3.8
G0 F9600 X127.481 Y124.707
G0 X132.627 Y126.915
G0 X132.364 Y127.408
G0 X132.201 Y127.944
G0 X132.151 Y128.46
G0 X132.151 Y134.687
G0 X132.364 Y135.592
G0 X132.627 Y136.085
G0 X132.983 Y136.517
G0 X133.415 Y136.873
G0 X133.908 Y137.136
G0 X134.444 Y137.299
G0 X165.674 Y137.419
;TIME_ELAPSED:1814.191674
;LAYER:18
;TYPE:WALL-INNER
;MESH:LC-GR3005??????RFID?????????-WB.stl
G1 F2100 E1408.6965
G1 F1800 X165.124 Y137.5 E1408.71425
G1 X134.904 Y137.496 E1409.67916
G1 X134.315 Y137.418 E1409.69813
G1 X133.755 Y137.228 E1409.71702
G1 X133.258 Y136.938 E1409.73539
G1 X132.81 Y136.546 E1409.7544
G1 X132.448 Y136.072 E1409.77344
G1 X132.21 Y135.6 E1409.79032
G1 X132.045 Y135.024 E1409.80945
G1 X132 Y134.624 E1409.8223
G1 X132.004 Y128.404 E1410.02091
G1 X132.082 Y127.815 E1410.03988
G1 X132.268 Y127.263 E1410.05848
G1 X132.491 Y126.849 E1410.07349
G1 X132.809 Y126.45 E1410.08978
G1 X133.33 Y125.995 E1410.11187
G1 X133.896 Y125.709 E1410.13212
G1 X134.313 Y125.58 E1410.14605
G1 X134.784 Y125.5 E1410.16131
G1 X165.082 Y125.503 E1411.12871
G1 X165.69 Y125.581 E1411.14829
G1 X166.232 Y125.768 E1411.16659
G1 X166.573 Y125.948 E1411.17891
G1 X167.123 Y126.369 E1411.20102
G1 X167.519 Y126.871 E1411.22144
G1 X167.74 Y127.278 E1411.23622
G1 X167.919 Y127.822 E1411.25451
G1 X168 Y128.372 E1411.27226
G1 X167.996 Y134.592 E1411.47086
G1 X167.918 Y135.181 E1411.48983
G1 X167.791 Y135.6 E1411.50381
G1 X167.544 Y136.08 E1411.52105
G1 X167.125 Y136.625 E1411.543
G1 X166.58 Y137.044 E1411.56495
G1 X166.1 Y137.291 E1411.58219
G1 X166.048 Y137.307 E1411.58392
G0 F1620 X165.674 Y137.419
G0 F9600 X165.966 Y136.914
G1 F1800 X165.478 Y137.054 E1411.60013
G1 X165.124 Y137.1 E1411.61153
G1 X134.944 Y137.098 E1412.57517
G1 X134.544 Y137.058 E1412.58801
G1 X134.058 Y136.923 E1412.60411
G1 X133.512 Y136.629 E1412.62391
G1 X133.119 Y136.292 E1412.64044
G1 X132.801 Y135.885 E1412.65694
G1 X132.586 Y135.466 E1412.67197
G1 X132.441 Y134.97 E1412.68847
G1 X132.4 Y134.624 E1412.6996
G1 X132.402 Y128.444 E1412.89692
G1 X132.442 Y128.044 E1412.90976
G1 X132.577 Y127.558 E1412.92586
G1 X132.827 Y127.066 E1412.94349
G1 X133.204 Y126.619 E1412.96216
G1 X133.611 Y126.301 E1412.97865
G1 X134.03 Y126.086 E1412.99368
G1 X134.526 Y125.941 E1413.01018
G1 X134.872 Y125.9 E1413.02131
G1 X165.046 Y125.902 E1413.98476
G1 X165.571 Y125.963 E1414.00163
G1 X166.045 Y126.121 E1414.01759
G1 X166.385 Y126.301 E1414.02987
G1 X166.792 Y126.619 E1414.04636
G1 X167.177 Y127.079 E1414.06552
G1 X167.383 Y127.459 E1414.07932
G1 X167.554 Y128.018 E1414.09798
G1 X167.6 Y128.372 E1414.10938
G1 X167.598 Y134.552 E1414.30671
G1 X167.558 Y134.952 E1414.31954
G1 X167.414 Y135.466 E1414.33659
G1 X167.132 Y135.981 E1414.35533
G1 X166.792 Y136.377 E1414.372
G1 X166.39 Y136.692 E1414.38831
G1 X166.312 Y136.733 E1414.39112
G0 F1620 X165.966 Y136.914
G1 F4200 E1413.39112
G0 F9600 X166.056 Y137.211
G0 X160.715 Y140.396
G0 X160.13 Y140.927
G0 X159.715 Y141.488
G0 X159.453 Y141.996
G0 X159.219 Y142.828
G0 X159 Y146.98
G1 F2100 E1414.39112
G1 F1800 X159.002 Y143.423 E1414.50469
G1 X159.038 Y142.955 E1414.51968
G1 X159.116 Y142.538 E1414.53323
G1 X159.289 Y142.006 E1414.55109
G1 X159.577 Y141.415 E1414.57208
G1 X160.013 Y140.822 E1414.59558
G1 X160.56 Y140.331 E1414.61905
G1 X161.143 Y139.945 E1414.64138
G1 X162.033 Y139.606 E1414.67179
G1 X162.742 Y139.504 E1414.69466
G1 X169.091 Y139.5 E1414.89738
G1 X169.615 Y139.397 E1414.91443
G1 X169.913 Y139.273 E1414.92474
G1 X170.176 Y139.113 E1414.93457
G1 X170.408 Y138.912 E1414.94437
G1 X170.611 Y138.675 E1414.95433
G1 X170.774 Y138.408 E1414.96432
G1 X170.898 Y138.11 E1414.97462
G1 X171 Y137.594 E1414.99142
G1 X171 Y126.47 E1415.34661
G1 X171.058 Y126.009 E1415.36144
G1 X171.206 Y125.616 E1415.37485
G1 X171.345 Y125.378 E1415.38365
G1 X171.682 Y124.999 E1415.39984
G1 X171.89 Y124.839 E1415.40822
G1 X172.164 Y124.689 E1415.4182
G1 X172.606 Y124.547 E1415.43302
G1 X172.912 Y124.5 E1415.4429
G1 X181 Y124.5 E1415.70115
G1 X181 Y123.5 E1415.73308
G1 X119 Y123.5 E1417.71273
G1 X119 Y124.5 E1417.74466
G1 X127 Y124.5 E1418.00009
G1 X127.381 Y124.539 E1418.01232
G1 X127.88 Y124.706 E1418.02912
G1 X128.118 Y124.845 E1418.03792
G1 X128.497 Y125.182 E1418.05412
G1 X128.657 Y125.39 E1418.0625
G1 X128.814 Y125.686 E1418.07319
G1 X129.001 Y126.326 E1418.09448
G1 X129 Y137.594 E1418.45427
G1 X129.1 Y138.115 E1418.47121
G1 X129.222 Y138.408 E1418.48134
G1 X129.385 Y138.675 E1418.49133
G1 X129.586 Y138.91 E1418.5012
G1 X129.823 Y139.113 E1418.51117
G1 X130.085 Y139.274 E1418.52099
G1 X130.381 Y139.397 E1418.53122
G1 X130.908 Y139.5 E1418.54837
G1 X137.287 Y139.504 E1418.75205
G1 X137.874 Y139.595 E1418.77101
G1 X138.535 Y139.799 E1418.7931
G1 X139.357 Y140.255 E1418.82311
G1 X139.903 Y140.754 E1418.84673
G1 X140.343 Y141.314 E1418.86947
G1 X140.662 Y141.894 E1418.89061
G1 X140.882 Y142.513 E1418.91158
G1 X141 Y143.253 E1418.93551
G1 X141 Y146.98 E1419.05451
G1 X158.609 Y146.98 E1419.61676
G0 F1620 X159 Y146.98
G0 F9600 X159.4 Y147.38
G1 F1800 X159.401 Y143.453 E1419.74215
G1 X159.441 Y142.949 E1419.75829
G1 X159.527 Y142.546 E1419.77145
G1 X159.667 Y142.134 E1419.78534
G1 X159.922 Y141.621 E1419.80364
G1 X160.312 Y141.091 E1419.82465
G1 X160.868 Y140.592 E1419.8485
G1 X161.39 Y140.279 E1419.86794
G1 X162.137 Y139.995 E1419.89345
G1 X162.815 Y139.904 E1419.9153
G1 X169.117 Y139.9 E1420.11652
G1 X169.738 Y139.779 E1420.13672
G1 X170.095 Y139.631 E1420.14906
G1 X170.413 Y139.437 E1420.16095
G1 X170.693 Y139.195 E1420.17277
G1 X170.936 Y138.91 E1420.18473
G1 X171.131 Y138.59 E1420.19669
G1 X171.28 Y138.236 E1420.20896
G1 X171.4 Y137.617 E1420.22909
G1 X171.4 Y126.48 E1420.58469
G1 X171.448 Y126.101 E1420.59689
G1 X171.576 Y125.768 E1420.60828
G1 X171.819 Y125.421 E1420.6218
G1 X172.134 Y125.156 E1420.63495
G1 X172.298 Y125.066 E1420.64092
G1 X172.912 Y124.9 E1420.66123
G1 X181.4 Y124.9 E1420.93225
G1 X181.4 Y123.1 E1420.98972
G1 X118.6 Y123.1 E1422.99491
G1 X118.6 Y124.9 E1423.05238
G1 X127.075 Y124.904 E1423.32299
G1 X127.484 Y124.976 E1423.33625
G1 X127.728 Y125.076 E1423.34467
G1 X128.075 Y125.319 E1423.35819
G1 X128.34 Y125.634 E1423.37134
G1 X128.434 Y125.811 E1423.37774
G1 X128.596 Y126.338 E1423.39534
G1 X128.6 Y137.617 E1423.75548
G1 X128.718 Y138.239 E1423.77569
G1 X128.865 Y138.59 E1423.78784
G1 X129.06 Y138.91 E1423.79981
G1 X129.302 Y139.194 E1423.81172
G1 X129.587 Y139.437 E1423.82368
G1 X129.902 Y139.631 E1423.83549
G1 X130.258 Y139.779 E1423.8478
G1 X130.883 Y139.9 E1423.86813
G1 X137.252 Y139.904 E1424.07149
G1 X137.865 Y139.999 E1424.0913
G1 X138.431 Y140.199 E1424.11046
G1 X139.119 Y140.58 E1424.13557
G1 X139.588 Y141.001 E1424.1557
G1 X140.067 Y141.61 E1424.18044
G1 X140.342 Y142.162 E1424.20013
G1 X140.501 Y142.665 E1424.21697
G1 X140.6 Y143.285 E1424.23702
G1 X140.6 Y147.38 E1424.36777
G1 X159.009 Y147.38 E1424.95557
G0 F1620 X159.4 Y147.38
G0 F9600 X159.8 Y147.78
G0 X159.8 Y147.78 Z3.79
;TYPE:WALL-OUTER
G1 F1800 X159.8 Y147.58 Z3.8 E1424.96193
G1 X159.8 Y143.484 E1425.09544
G1 X159.837 Y143.004 E1425.11113
G1 X159.906 Y142.675 E1425.12209
G1 X160.057 Y142.237 E1425.13719
G1 X160.274 Y141.817 E1425.1526
G1 X160.598 Y141.377 E1425.17041
G1 X161.121 Y140.906 E1425.19335
G1 X161.532 Y140.653 E1425.20908
G1 X162.22 Y140.391 E1425.23308
G1 X162.815 Y140.304 E1425.25268
G1 X169.143 Y140.3 E1425.45894
G1 X169.862 Y140.161 E1425.48281
G1 X170.277 Y139.989 E1425.49745
G1 X170.649 Y139.761 E1425.51167
G1 X170.977 Y139.478 E1425.52579
G1 X171.261 Y139.146 E1425.54003
G1 X171.489 Y138.772 E1425.55431
G1 X171.661 Y138.361 E1425.56883
G1 X171.766 Y137.928 E1425.58336
G1 X171.8 Y137.64 E1425.59281
G1 X171.801 Y126.471 E1425.95686
G1 X171.837 Y126.193 E1425.966
G1 X171.974 Y125.872 E1425.97737
G1 X172.134 Y125.668 E1425.98582
G1 X172.432 Y125.443 E1425.998
G1 X172.878 Y125.3 E1426.01326
G1 X181.8 Y125.3 E1426.30407
G1 X181.8 Y122.7 E1426.38882
G1 X118.2 Y122.7 E1428.46186
G1 X118.2 Y125.3 E1428.5466
G1 X127.025 Y125.301 E1428.83426
G1 X127.332 Y125.346 E1428.84437
G1 X127.624 Y125.474 E1428.85476
G1 X127.828 Y125.634 E1428.86321
G1 X128.054 Y125.937 E1428.87553
G1 X128.201 Y126.412 E1428.89174
G1 X128.2 Y137.64 E1429.25772
G1 X128.336 Y138.362 E1429.28166
G1 X128.507 Y138.772 E1429.29614
G1 X128.735 Y139.146 E1429.31042
G1 X129.018 Y139.478 E1429.32464
G1 X129.351 Y139.761 E1429.33888
G1 X129.72 Y139.989 E1429.35302
G1 X130.134 Y140.161 E1429.36763
G1 X130.857 Y140.3 E1429.39163
G1 X137.235 Y140.306 E1429.59952
G1 X137.784 Y140.394 E1429.61765
G1 X138.204 Y140.534 E1429.63208
G1 X138.899 Y140.92 E1429.65799
G1 X139.274 Y141.248 E1429.67423
G1 X139.714 Y141.808 E1429.69744
G1 X139.962 Y142.288 E1429.71505
G1 X140.106 Y142.728 E1429.73014
G1 X140.198 Y143.304 E1429.74915
G1 X140.2 Y147.78 E1429.89505
G1 X159.612 Y147.78 E1430.52778
G0 F1620 X159.8 Y147.78
G0 X159.8 Y147.58
G0 F9600 X159.8 Y146.78
G1 F4200 E1429.52778
G0 F9600 X159.09 Y146.78
G0 X159.193 Y142.92
G0 X159.453 Y141.996
G0 X159.715 Y141.488
G0 X160.13 Y140.927
G0 X160.603 Y140.497
G0 X166.038 Y137.216
G0 X165.832 Y136.537
G0 X165.832 Y136.537 Z3.79
G1 F2100 E1430.52778
G1 F1800 X165.64 Y136.594 Z3.8 E1430.53416
G1 X165.446 Y136.652 E1430.54076
G1 X165.154 Y136.698 E1430.55039
G1 X134.984 Y136.7 E1431.53378
G1 X134.584 Y136.66 E1431.54688
G1 X134.174 Y136.54 E1431.56081
G1 X133.765 Y136.319 E1431.57596
G1 X133.429 Y136.039 E1431.59022
G1 X133.175 Y135.729 E1431.60328
G1 X132.96 Y135.323 E1431.61825
G1 X132.837 Y134.916 E1431.63211
G1 X132.801 Y134.652 E1431.6408
G1 X132.8 Y128.484 E1431.84184
G1 X132.84 Y128.084 E1431.85495
G1 X132.975 Y127.638 E1431.87013
G1 X133.163 Y127.283 E1431.88323
G1 X133.457 Y126.929 E1431.89823
G1 X133.798 Y126.655 E1431.91249
G1 X134.173 Y126.46 E1431.92626
G1 X134.58 Y126.337 E1431.94012
G1 X134.845 Y126.301 E1431.94884
G1 X165.01 Y126.3 E1432.93206
G1 X165.41 Y126.336 E1432.94515
G1 X165.858 Y126.475 E1432.96044
G1 X166.231 Y126.677 E1432.97427
G1 X166.567 Y126.957 E1432.98853
G1 X166.823 Y127.27 E1433.00171
G1 X167.027 Y127.641 E1433.01551
G1 X167.152 Y128.05 E1433.02945
G1 X167.198 Y128.342 E1433.03908
G1 X167.2 Y134.512 E1433.24019
G1 X167.152 Y134.95 E1433.25455
G1 X167.037 Y135.332 E1433.26756
G1 X166.819 Y135.731 E1433.28238
G1 X166.539 Y136.067 E1433.29663
G1 X166.2 Y136.34 E1433.31082
G1 X165.998 Y136.448 E1433.31829
G0 F1620 X165.832 Y136.537
G0 X165.64 Y136.594
G0 F9600 X165.446 Y136.652
G0 X165.154 Y136.698
G0 X164.852 Y136.698
G1 F4200 E1432.31829
G0 F9600 X164.852 Y137.41
G0 X165.575 Y137.294
G0 X166.092 Y137.136
G0 X166.585 Y136.873
G0 X167.017 Y136.517
G0 X171.16 Y131.744
G0 X171.151 Y126.445
G0 X171.393 Y125.571
G0 X172.072 Y124.893
G0 X179.68 Y124.092
G0 X180.592 Y124.017
;TYPE:FILL
G1 F2100 E1433.31829
G1 F1800 X180.592 Y124.092 E1433.32068
G1 X179.68 Y124.092 E1433.3498
G1 X179.864 Y123.908 E1433.35811
G1 X180.592 Y123.908 E1433.38136
G1 X180.483 Y123.908 E1433.38484
G1 X180.592 Y124.017 E1433.38976
G0 F9600 X174.055 Y123.908
G1 F1800 X172.941 Y123.908 E1433.42533
G1 X173.124 Y124.092 E1433.43361
G1 X172.896 Y124.092 E1433.44089
G1 X172.497 Y124.154 E1433.45379
G1 X172.015 Y124.309 E1433.46995
G1 X171.804 Y124.425 E1433.47764
G1 X172.32 Y123.908 E1433.50096
G1 X169.169 Y123.908 E1433.60157
G1 X170.8 Y125.54 E1433.67525
G1 X170.909 Y125.319 E1433.68311
G1 X168.35 Y127.878 E1433.79867
G1 X168.161 Y127.198 E1433.8212
G1 X167.864 Y126.653 E1433.84102
G1 X167.409 Y126.073 E1433.86456
G1 X166.825 Y125.632 E1433.88792
G1 X168.548 Y123.908 E1433.96575
G1 X165.397 Y123.908 E1434.06636
G1 X170.592 Y129.104 E1434.30096
G1 X170.592 Y129.408 E1434.31067
G1 X168.999 Y131.001 E1434.3826
G1 X168.406 Y131.001 E1434.40154
G1 X168.406 Y131.283 E1434.41054
G1 X169 Y131.283 E1434.42951
G1 X170.592 Y132.875 E1434.5014
G1 X170.592 Y133.18 E1434.51113
G1 X168.228 Y135.543 E1434.61786
G1 X168.36 Y135.049 E1434.63419
G1 X168.403 Y134.458 E1434.65311
G1 X170.592 Y136.647 E1434.75195
G1 X170.592 Y136.952 E1434.76169
G1 X168.451 Y139.093 E1434.85837
G1 X169.057 Y139.092 E1434.87772
G1 X169.231 Y139.057 E1434.88339
G1 X167.231 Y137.058 E1434.97367
G1 X166.786 Y137.397 E1434.99154
G1 X166.245 Y137.673 E1435.01093
G1 X166.036 Y137.735 E1435.01789
G1 X165.228 Y138.544 E1435.0544
G1 X165.228 Y139.094 E1435.07196
G1 X164.946 Y139.095 E1435.08096
G1 X164.946 Y138.544 E1435.09856
G1 X164.31 Y137.908 E1435.12727
G1 X160.538 Y137.908 E1435.24771
G1 X161.864 Y139.234 E1435.30759
G1 X160.954 Y139.58 E1435.33867
G1 X160.298 Y140.018 E1435.36386
G1 X159.712 Y140.544 E1435.389
G1 X159.581 Y140.723 E1435.39609
G1 X156.766 Y137.907 E1435.52322
G1 X158.322 Y137.906 E1435.5729
G1 X151.047 Y145.181 E1435.90141
G1 X148.952 Y145.18 E1435.9683
G1 X141.677 Y137.905 E1436.29681
G1 X139.466 Y137.904 E1436.36741
G1 X138.122 Y139.248 E1436.42809
G1 X138.693 Y139.421 E1436.44714
G1 X139.595 Y139.92 E1436.48006
G1 X140.213 Y140.489 E1436.50688
G1 X140.407 Y140.735 E1436.51688
G1 X143.237 Y137.904 E1436.6447
G1 X145.449 Y137.906 E1436.71533
G1 X152.724 Y145.18 E1437.04381
G1 X154.819 Y145.181 E1437.1107
G1 X162.093 Y137.907 E1437.43916
G0 F9600 X152.993 Y137.906
G1 F1800 X158.595 Y143.508 E1437.69212
G1 X158.593 Y145.179 E1437.74548
G1 X156.495 Y145.18 E1437.81247
G1 X149.221 Y137.906 E1438.14093
G1 X147.008 Y137.905 E1438.21159
G1 X141.409 Y143.504 E1438.46441
G1 X141.408 Y145.18 E1438.51793
G1 X143.504 Y145.181 E1438.58485
G1 X150.779 Y137.906 E1438.91336
G1 X154.551 Y137.906 E1439.0338
G1 X147.275 Y145.181 E1439.36233
G1 X145.18 Y145.18 E1439.42922
G1 X137.904 Y137.904 E1439.75777
G1 X135.694 Y137.904 E1439.82833
G1 X135.054 Y138.544 E1439.85723
G1 X135.054 Y139.094 E1439.87479
G1 X134.772 Y139.094 E1439.8838
G1 X134.772 Y138.543 E1439.90139
G1 X133.962 Y137.734 E1439.93795
G1 X133.566 Y137.59 E1439.9514
G1 X133.009 Y137.263 E1439.97202
G1 X132.773 Y137.054 E1439.98209
G1 X130.768 Y139.058 E1440.0726
G1 X130.942 Y139.092 E1440.07826
G1 X131.549 Y139.092 E1440.09764
G1 X129.408 Y136.951 E1440.19432
G1 X129.408 Y136.646 E1440.20406
G1 X131.592 Y134.463 E1440.30266
G1 X131.641 Y135.09 E1440.32274
G1 X131.77 Y135.542 E1440.33775
G1 X129.408 Y133.179 E1440.44443
G1 X129.408 Y132.875 E1440.45413
G1 X131 Y131.282 E1440.52604
G1 X131.595 Y131.282 E1440.54504
G1 X131.595 Y131 E1440.55405
G1 X131 Y131 E1440.57304
G1 X129.408 Y129.408 E1440.64493
G1 X129.409 Y129.102 E1440.6547
G1 X134.603 Y123.908 E1440.88924
G1 X131.452 Y123.908 E1440.98985
G1 X133.152 Y125.608 E1441.06662
G1 X132.503 Y126.18 E1441.09424
G1 X132.148 Y126.626 E1441.11244
G1 X131.9 Y127.087 E1441.12915
G1 X131.686 Y127.71 E1441.15019
G1 X131.662 Y127.89 E1441.15598
G1 X129.24 Y125.625 E1441.26187
G1 X129.197 Y125.543 E1441.26482
G1 X130.831 Y123.908 E1441.33863
G1 X127.059 Y123.908 E1441.45907
G1 X126.875 Y124.092 E1441.46738
G1 X127.45 Y124.136 E1441.48579
G1 X128.042 Y124.331 E1441.50569
G1 X128.189 Y124.418 E1441.51114
G1 X127.68 Y123.908 E1441.53415
G0 F9600 X121.054 Y123.908
G1 F1800 X119.517 Y123.908 E1441.58323
G1 X119.408 Y124.016 E1441.58813
G1 X119.408 Y124.092 E1441.59055
G1 X120.32 Y124.092 E1441.61967
G1 X120.136 Y123.908 E1441.62798
G1 F4200 E1440.62798
G0 F9600 X134.861 Y125.092
G1 F2100 E1441.62798
G1 F1800 X136.407 Y125.092 E1441.67735
G1 X135.224 Y123.908 E1441.73079
G1 X138.374 Y123.908 E1441.83137
G1 X137.19 Y125.093 E1441.88485
G1 X140.179 Y125.092 E1441.98029
G1 X138.995 Y123.908 E1442.03375
G1 X142.146 Y123.908 E1442.13436
G1 X140.961 Y125.094 E1442.1879
G1 X143.951 Y125.093 E1442.28337
G1 X142.767 Y123.908 E1442.33685
G1 X145.918 Y123.908 E1442.43746
G1 X144.733 Y125.094 E1442.491
G1 X147.724 Y125.094 E1442.5865
G1 X146.539 Y123.908 E1442.64003
G1 X149.69 Y123.908 E1442.74064
G1 X148.504 Y125.094 E1442.79419
G1 X151.496 Y125.094 E1442.88973
G1 X150.31 Y123.908 E1442.94328
G1 X153.461 Y123.908 E1443.04389
G1 X152.275 Y125.094 E1443.09745
G1 X155.268 Y125.094 E1443.19301
G1 X154.082 Y123.908 E1443.24657
G1 X157.233 Y123.908 E1443.34718
G1 X156.046 Y125.095 E1443.40078
G1 X159.04 Y125.094 E1443.49637
G1 X157.854 Y123.908 E1443.54993
G1 X161.005 Y123.908 E1443.65054
G1 X159.817 Y125.096 E1443.70418
G1 X163.589 Y125.096 E1443.82462
G1 X164.776 Y123.908 E1443.87825
G1 X161.626 Y123.908 E1443.97882
G1 X162.812 Y125.095 E1444.0324
G1 F4200 E1443.0324
G0 F9600 X166.092 Y125.864
G0 X166.585 Y126.127
G0 X167.017 Y126.483
G0 X167.373 Y126.915
G0 X167.636 Y127.408
G0 X167.849 Y128.313
G0 X167.849 Y134.54
G0 X167.799 Y135.056
G0 X167.636 Y135.592
G0 X167.373 Y136.085
G0 X167.017 Y136.517
G0 X166.585 Y136.873
G0 X166.092 Y137.136
G0 X165.187 Y137.349
G0 X161.632 Y137.349
G0 X156.422 Y145.2
G1 F2100 E1444.0324
G1 F1800 X154.892 Y145.2 E1444.08125
G0 F9600 X152.4 Y145.388
G1 F1800 X152.4 Y144.857 E1444.09821
G0 F9600 X152 Y144.457
G1 F1800 X152 Y145.388 E1444.12793
G0 F9600 X148.88 Y145.2
G1 F1800 X147.347 Y145.2 E1444.17688
G0 F9600 X145.108 Y145.2
G1 F1800 X143.576 Y145.2 E1444.2258
G0 F9600 X141.161 Y146.535
;TYPE:SKIN
G1 F1710 X141.445 Y146.819 E1444.23773
G0 F9600 X141.983 Y146.819
G1 F1710 X141.161 Y145.998 E1444.27223
G0 F9600 X141.161 Y145.46
G1 F1710 X142.52 Y146.819 E1444.32932
G0 F9600 X143.058 Y146.819
G1 F1710 X141.588 Y145.35 E1444.39104
G0 F9600 X142.126 Y145.35
G1 F1710 X143.595 Y146.819 E1444.45275
G0 F9600 X144.132 Y146.819
G1 F1710 X142.663 Y145.35 E1444.51445
G0 F9600 X143.2 Y145.35
G1 F1710 X144.67 Y146.819 E1444.57618
G0 F9600 X145.207 Y146.819
G1 F1710 X143.738 Y145.35 E1444.63788
G0 F9600 X144.275 Y145.35
G1 F1710 X145.745 Y146.819 E1444.6996
G0 F9600 X146.282 Y146.819
G1 F1710 X144.813 Y145.35 E1444.76131
G0 F9600 X145.35 Y145.35
G1 F1710 X146.819 Y146.819 E1444.82301
G0 F9600 X147.357 Y146.819
G1 F1710 X145.887 Y145.35 E1444.88474
G0 F9600 X146.425 Y145.35
G1 F1710 X147.894 Y146.819 E1444.94644
G0 F9600 X148.432 Y146.819
G1 F1710 X146.962 Y145.35 E1445.00817
G0 F9600 X147.5 Y145.35
G1 F1710 X148.969 Y146.819 E1445.06987
G0 F9600 X149.506 Y146.819
G1 F1710 X148.037 Y145.35 E1445.13157
G0 F9600 X148.574 Y145.35
G1 F1710 X150.044 Y146.819 E1445.1933
G0 F9600 X150.581 Y146.819
G1 F1710 X149.112 Y145.35 E1445.255
G0 F9600 X149.649 Y145.35
G1 F1710 X151.119 Y146.819 E1445.31673
G0 F9600 X151.656 Y146.819
G1 F1710 X150.186 Y145.349 E1445.37847
G0 F9600 X150.723 Y145.349
G1 F1710 X152.193 Y146.819 E1445.44022
G0 F9600 X152.731 Y146.819
G1 F1710 X151.261 Y145.349 E1445.50196
G0 F9600 X151.798 Y145.349
G1 F1710 X153.268 Y146.819 E1445.56371
G0 F9600 X153.806 Y146.819
G1 F1710 X152.336 Y145.349 E1445.62546
G0 F9600 X152.873 Y145.349
G1 F1710 X154.343 Y146.819 E1445.6872
G0 F9600 X154.88 Y146.819
G1 F1710 X153.41 Y145.349 E1445.74895
G0 F9600 X153.948 Y145.349
G1 F1710 X155.418 Y146.819 E1445.81069
G0 F9600 X155.955 Y146.819
G1 F1710 X154.485 Y145.349 E1445.87244
G0 F9600 X155.023 Y145.349
G1 F1710 X156.493 Y146.819 E1445.93419
G0 F9600 X157.03 Y146.819
G1 F1710 X155.56 Y145.349 E1445.99593
G0 F9600 X156.097 Y145.349
G1 F1710 X157.567 Y146.819 E1446.05768
G0 F9600 X158.105 Y146.819
G1 F1710 X156.635 Y145.349 E1446.11942
G0 F9600 X157.172 Y145.349
G1 F1710 X158.642 Y146.819 E1446.18117
G0 F9600 X158.84 Y146.479
G1 F1710 X157.71 Y145.349 E1446.22863
G0 F9600 X158.247 Y145.349
G1 F1710 X158.84 Y145.943 E1446.25356
G0 F9600 X158.84 Y145.405
G1 F1710 X158.784 Y145.349 E1446.25591
G1 F4200 E1445.25591
G0 F9600 X133.908 Y137.136
G0 X133.415 Y136.873
G0 X132.983 Y136.517
G0 X132.627 Y136.085
G0 X132.364 Y135.592
G0 X128.607 Y125.572
G0 X128.002 Y124.949
G0 X125.273 Y123.661
G1 F2100 E1446.25591
G1 F1710 X125.777 Y124.165 E1446.27708
G0 F9600 X125.414 Y124.339
G1 F1710 X124.736 Y123.661 E1446.30556
G0 F9600 X124.198 Y123.661
G1 F1710 X124.876 Y124.339 E1446.33404
G0 F9600 X124.339 Y124.339
G1 F1710 X123.661 Y123.661 E1446.36252
G0 F9600 X123.124 Y123.661
G1 F1710 X123.802 Y124.339 E1446.391
G0 F9600 X123.264 Y124.339
G1 F1710 X122.586 Y123.661 E1446.41948
G0 F9600 X122.049 Y123.661
G1 F1710 X122.727 Y124.339 E1446.44796
G0 F9600 X122.189 Y124.339
G1 F1710 X121.511 Y123.661 E1446.47644
G0 F9600 X121.223 Y123.91
G1 F1710 X121.652 Y124.339 E1446.49446
G1 F4200 E1445.49446
G0 F9600 X174.224 Y124.246
G1 F2100 E1446.49446
G1 F1710 X174.317 Y124.339 E1446.49836
G0 F9600 X174.855 Y124.339
G1 F1710 X174.224 Y123.708 E1446.52487
G0 F9600 X174.715 Y123.662
G1 F1710 X175.392 Y124.339 E1446.5533
G0 F9600 X175.93 Y124.339
G1 F1710 X175.252 Y123.662 E1446.58176
G0 F9600 X175.79 Y123.662
G1 F1710 X176.467 Y124.339 E1446.6102
G0 F9600 X177.004 Y124.339
G1 F1710 X176.327 Y123.662 E1446.63863
G0 F9600 X176.864 Y123.662
G1 F1710 X177.542 Y124.339 E1446.66709
G0 F9600 X178.079 Y124.339
G1 F1710 X177.402 Y123.662 E1446.69553
G0 F9600 X177.939 Y123.662
G1 F1710 X178.617 Y124.339 E1446.72399
G0 F9600 X178.776 Y123.961
G1 F1710 X178.477 Y123.662 E1446.73655
G0 F9600 X178.477 Y123.71
G1 F4200 E1445.73655
;MESH:NONMESH
G0 F1500 X178.477 Y123.71 Z4
G0 F9600 X121.948 Y124.5
;TIME_ELAPSED:1858.952920
;LAYER:19
;TYPE:WALL-INNER
;MESH:LC-GR3005??????RFID?????????-WB.stl
G1 F2100 E1446.73655
G1 F1800 X121.948 Y123.5 E1446.76848
G1 X119 Y123.5 E1446.8626
G1 X119 Y124.5 E1446.89453
G1 X121.948 Y124.5 E1446.98866
G0 F9600 X122.348 Y124.9
G1 F1800 X122.348 Y123.1 E1447.04614
G1 X118.6 Y123.1 E1447.16581
G1 X118.6 Y124.9 E1447.22328
G1 X122.348 Y124.9 E1447.34295
G0 F9600 X122.748 Y125.3
G0 X122.748 Y125.3 Z3.99
;TYPE:WALL-OUTER
G1 F1800 X122.748 Y125.1 Z4 E1447.34932
G1 X122.748 Y122.7 E1447.42755
G1 X118.2 Y122.7 E1447.57579
G1 X118.2 Y125.3 E1447.66054
G1 X122.748 Y125.3 E1447.80878
G1 X122.748 Y125.1 E1447.81513
G0 F9600 X122.748 Y124.3
G0 X122.038 Y124.3
G0 X121.54 Y123.908
;TYPE:FILL
G1 F1800 X119.517 Y123.908 E1447.87973
G1 X119.408 Y124.016 E1447.88463
G1 X119.408 Y124.092 E1447.88705
G1 X120.321 Y124.092 E1447.9162
G1 X120.136 Y123.908 E1447.92454
G1 F4200 E1446.92454
G1 F1500 Z4.3
G0 F9600 X120.136 Y123.908 Z4.3
G0 X159 Y146.608
;TYPE:WALL-INNER
G1 F1500 Z4
G1 F2100 E1447.92454
G1 F1800 X159 Y143.332 E1448.02914
G1 X159.061 Y142.796 E1448.04636
G1 X159.208 Y142.196 E1448.06609
G1 X159.571 Y141.43 E1448.09315
G1 X159.876 Y141.004 E1448.10988
G1 X160.159 Y140.684 E1448.12352
G1 X160.58 Y140.313 E1448.14144
G1 X161.064 Y139.995 E1448.15993
G1 X161.548 Y139.769 E1448.17699
G1 X162.135 Y139.595 E1448.19653
G1 X162.732 Y139.504 E1448.21582
G1 X169.091 Y139.5 E1448.41886
G1 X169.615 Y139.397 E1448.43591
G1 X169.913 Y139.273 E1448.44622
G1 X170.176 Y139.113 E1448.45604
G1 X170.408 Y138.912 E1448.46585
G1 X170.611 Y138.675 E1448.47581
G1 X170.774 Y138.408 E1448.4858
G1 X170.898 Y138.11 E1448.4961
G1 X171 Y137.594 E1448.5129
G1 X171 Y126.47 E1448.86808
G1 X171.058 Y126.009 E1448.88292
G1 X171.206 Y125.616 E1448.89633
G1 X171.345 Y125.378 E1448.90513
G1 X171.682 Y124.999 E1448.92132
G1 X171.89 Y124.839 E1448.9297
G1 X172.164 Y124.689 E1448.93968
G1 X172.606 Y124.547 E1448.9545
G1 X172.912 Y124.5 E1448.96438
G1 X174.948 Y124.5 E1449.02939
G1 X174.948 Y123.5 E1449.06132
G1 X125.05 Y123.5 E1450.65455
G1 X125.051 Y124.5 E1450.68648
G1 X127 Y124.5 E1450.74871
G1 X127.381 Y124.539 E1450.76094
G1 X127.88 Y124.706 E1450.77774
G1 X128.118 Y124.845 E1450.78654
G1 X128.497 Y125.182 E1450.80274
G1 X128.657 Y125.39 E1450.81112
G1 X128.814 Y125.686 E1450.82181
G1 X129.001 Y126.326 E1450.8431
G1 X129 Y137.594 E1451.20289
G1 X129.1 Y138.115 E1451.21983
G1 X129.222 Y138.408 E1451.22996
G1 X129.385 Y138.675 E1451.23995
G1 X129.586 Y138.91 E1451.24982
G1 X129.823 Y139.113 E1451.25979
G1 X130.085 Y139.274 E1451.26961
G1 X130.381 Y139.397 E1451.27984
G1 X130.907 Y139.5 E1451.29695
G1 X137.278 Y139.5 E1451.50038
G1 X138.216 Y139.682 E1451.53089
G1 X138.869 Y139.953 E1451.55346
G1 X139.413 Y140.31 E1451.57424
G1 X139.873 Y140.717 E1451.59385
G1 X140.247 Y141.167 E1451.61253
G1 X140.568 Y141.677 E1451.63177
G1 X140.819 Y142.319 E1451.65378
G1 X140.943 Y142.843 E1451.67098
G1 X141 Y143.328 E1451.68657
G1 X141 Y146.608 E1451.7913
G1 X158.609 Y146.608 E1452.35355
G0 F1620 X159 Y146.608
G0 F9600 X159.4 Y147.008
G1 F1800 X159.404 Y143.255 E1452.47338
G1 X159.455 Y142.862 E1452.48604
G1 X159.613 Y142.275 E1452.50545
G1 X159.916 Y141.635 E1452.52806
G1 X160.175 Y141.269 E1452.54237
G1 X160.519 Y140.89 E1452.55871
G1 X160.839 Y140.618 E1452.57212
G1 X161.278 Y140.333 E1452.58884
G1 X161.682 Y140.146 E1452.60305
G1 X162.194 Y139.99 E1452.62014
G1 X162.726 Y139.91 E1452.63732
G1 X169.117 Y139.9 E1452.84138
G1 X169.738 Y139.779 E1452.86158
G1 X170.095 Y139.631 E1452.87392
G1 X170.413 Y139.437 E1452.88582
G1 X170.693 Y139.195 E1452.89763
G1 X170.936 Y138.91 E1452.90959
G1 X171.131 Y138.59 E1452.92156
G1 X171.28 Y138.236 E1452.93382
G1 X171.4 Y137.617 E1452.95395
G1 X171.4 Y126.48 E1453.30955
G1 X171.448 Y126.101 E1453.32175
G1 X171.576 Y125.768 E1453.33314
G1 X171.819 Y125.421 E1453.34667
G1 X172.134 Y125.156 E1453.35981
G1 X172.298 Y125.066 E1453.36579
G1 X172.912 Y124.9 E1453.3861
G1 X175.348 Y124.9 E1453.46388
G1 X175.348 Y123.1 E1453.52135
G1 X124.649 Y123.1 E1455.14015
G1 X124.652 Y124.9 E1455.19763
G1 X127.075 Y124.904 E1455.27499
G1 X127.484 Y124.976 E1455.28825
G1 X127.728 Y125.076 E1455.29667
G1 X128.075 Y125.319 E1455.3102
G1 X128.34 Y125.634 E1455.32334
G1 X128.434 Y125.811 E1455.32974
G1 X128.596 Y126.338 E1455.34735
G1 X128.6 Y137.617 E1455.70748
G1 X128.718 Y138.239 E1455.7277
G1 X128.865 Y138.59 E1455.73985
G1 X129.06 Y138.91 E1455.75181
G1 X129.302 Y139.194 E1455.76373
G1 X129.587 Y139.437 E1455.77569
G1 X129.902 Y139.631 E1455.7875
G1 X130.258 Y139.779 E1455.79981
G1 X130.882 Y139.9 E1455.8201
G1 X137.243 Y139.9 E1456.02321
G1 X138.097 Y140.065 E1456.05098
G1 X138.675 Y140.305 E1456.07096
G1 X139.154 Y140.615 E1456.08918
G1 X139.506 Y140.915 E1456.10395
G1 X139.854 Y141.307 E1456.12069
G1 X140.208 Y141.855 E1456.14152
G1 X140.431 Y142.415 E1456.16076
G1 X140.595 Y143.246 E1456.18781
G1 X140.6 Y147.008 E1456.30793
G1 X159.009 Y147.008 E1456.89572
G0 F1620 X159.4 Y147.008
G1 F4200 E1455.89572
G0 F9600 X159.12 Y146.73
G0 X159.151 Y143.283
G0 X159.356 Y142.247
G0 X159.699 Y141.515
G0 X160.315 Y140.739
G0 X165.674 Y137.419
G1 F2100 E1456.89572
G1 F1800 X165.124 Y137.5 E1456.91347
G1 X134.904 Y137.496 E1457.87839
G1 X134.315 Y137.418 E1457.89736
G1 X133.756 Y137.228 E1457.91621
G1 X133.258 Y136.938 E1457.93461
G1 X132.81 Y136.546 E1457.95362
G1 X132.448 Y136.072 E1457.97266
G1 X132.21 Y135.6 E1457.98954
G1 X132.045 Y135.024 E1458.00867
G1 X132 Y134.624 E1458.02153
G1 X132.004 Y128.404 E1458.22013
G1 X132.082 Y127.815 E1458.2391
G1 X132.268 Y127.263 E1458.2577
G1 X132.491 Y126.849 E1458.27271
G1 X132.809 Y126.45 E1458.289
G1 X133.33 Y125.995 E1458.31109
G1 X133.896 Y125.709 E1458.33134
G1 X134.313 Y125.58 E1458.34528
G1 X134.784 Y125.5 E1458.36053
G1 X165.082 Y125.503 E1459.32794
G1 X165.69 Y125.581 E1459.34751
G1 X166.232 Y125.768 E1459.36582
G1 X166.573 Y125.948 E1459.37813
G1 X167.123 Y126.369 E1459.40024
G1 X167.519 Y126.871 E1459.42066
G1 X167.74 Y127.278 E1459.43545
G1 X167.919 Y127.822 E1459.45373
G1 X168 Y128.372 E1459.47148
G1 X167.996 Y134.592 E1459.67009
G1 X167.918 Y135.181 E1459.68906
G1 X167.791 Y135.6 E1459.70304
G1 X167.544 Y136.08 E1459.72027
G1 X167.125 Y136.625 E1459.74222
G1 X166.58 Y137.044 E1459.76417
G1 X166.1 Y137.291 E1459.78141
G1 X166.048 Y137.307 E1459.78315
G0 F1620 X165.674 Y137.419
G0 F9600 X165.966 Y136.914
G1 F1800 X165.478 Y137.054 E1459.79936
G1 X165.124 Y137.1 E1459.81076
G1 X134.944 Y137.098 E1460.77439
G1 X134.544 Y137.058 E1460.78723
G1 X133.999 Y136.906 E1460.8053
G1 X133.512 Y136.629 E1460.82319
G1 X133.119 Y136.292 E1460.83972
G1 X132.801 Y135.885 E1460.85621
G1 X132.586 Y135.466 E1460.87124
G1 X132.441 Y134.97 E1460.88774
G1 X132.4 Y134.624 E1460.89887
G1 X132.402 Y128.444 E1461.09619
G1 X132.442 Y128.044 E1461.10903
G1 X132.577 Y127.558 E1461.12514
G1 X132.827 Y127.066 E1461.14276
G1 X133.204 Y126.619 E1461.16143
G1 X133.611 Y126.301 E1461.17792
G1 X134.03 Y126.086 E1461.19296
G1 X134.526 Y125.941 E1461.20946
G1 X134.872 Y125.9 E1461.22058
G1 X165.046 Y125.902 E1462.18403
G1 X165.571 Y125.963 E1462.20091
G1 X166.045 Y126.121 E1462.21686
G1 X166.385 Y126.301 E1462.22914
G1 X166.792 Y126.619 E1462.24563
G1 X167.177 Y127.079 E1462.26479
G1 X167.383 Y127.459 E1462.27859
G1 X167.554 Y128.018 E1462.29725
G1 X167.6 Y128.372 E1462.30865
G1 X167.598 Y134.552 E1462.50598
G1 X167.558 Y134.952 E1462.51881
G1 X167.414 Y135.466 E1462.53586
G1 X167.132 Y135.981 E1462.5546
G1 X166.792 Y136.377 E1462.57127
G1 X166.39 Y136.692 E1462.58758
G1 X166.312 Y136.733 E1462.59039
G0 F1620 X165.966 Y136.914
G0 F9600 X165.832 Y136.537
G0 X165.832 Y136.537 Z3.99
;TYPE:WALL-OUTER
G1 F1800 X165.64 Y136.594 Z4 E1462.59676
G1 X165.446 Y136.652 E1462.60336
G1 X165.154 Y136.698 E1462.613
G1 X134.984 Y136.7 E1463.59639
G1 X134.584 Y136.66 E1463.60949
G1 X134.174 Y136.54 E1463.62342
G1 X133.765 Y136.319 E1463.63857
G1 X133.429 Y136.039 E1463.65282
G1 X133.175 Y135.729 E1463.66589
G1 X132.96 Y135.323 E1463.68086
G1 X132.837 Y134.916 E1463.69472
G1 X132.801 Y134.652 E1463.70341
G1 X132.8 Y128.484 E1463.90445
G1 X132.84 Y128.084 E1463.91755
G1 X132.975 Y127.638 E1463.93274
G1 X133.163 Y127.283 E1463.94584
G1 X133.457 Y126.929 E1463.96084
G1 X133.798 Y126.655 E1463.97509
G1 X134.173 Y126.46 E1463.98887
G1 X134.58 Y126.337 E1464.00273
G1 X134.845 Y126.301 E1464.01145
G1 X165.01 Y126.3 E1464.99467
G1 X165.41 Y126.336 E1465.00776
G1 X165.858 Y126.475 E1465.02305
G1 X166.231 Y126.677 E1465.03688
G1 X166.567 Y126.957 E1465.05114
G1 X166.823 Y127.27 E1465.06432
G1 X167.027 Y127.641 E1465.07812
G1 X167.152 Y128.05 E1465.09206
G1 X167.198 Y128.342 E1465.10169
G1 X167.2 Y134.512 E1465.3028
G1 X167.152 Y134.95 E1465.31716
G1 X167.037 Y135.332 E1465.33017
G1 X166.819 Y135.731 E1465.34499
G1 X166.539 Y136.067 E1465.35924
G1 X166.2 Y136.34 E1465.37343
G1 X165.998 Y136.448 E1465.3809
G0 F1620 X165.832 Y136.537
G0 X165.64 Y136.594
G0 F9600 X165.446 Y136.652
G0 X165.154 Y136.698
G0 X164.852 Y136.698
G1 F4200 E1464.3809
G0 F9600 X164.852 Y137.41
G0 X160.595 Y141.026
G0 X160.047 Y141.715
G0 X159.734 Y142.383
G0 X159.586 Y143.133
G0 X159.52 Y147.13
G0 X159.8 Y147.408
G0 X159.8 Y147.408 Z3.99
G1 F2100 E1465.3809
G1 F1800 X159.8 Y147.208 Z4 E1465.38726
G1 X159.801 Y143.306 E1465.51445
G1 X159.85 Y142.927 E1465.5269
G1 X159.975 Y142.446 E1465.5431
G1 X160.271 Y141.826 E1465.56549
G1 X160.474 Y141.535 E1465.57706
G1 X160.778 Y141.195 E1465.59193
G1 X161.12 Y140.907 E1465.6065
G1 X161.517 Y140.657 E1465.62179
G1 X161.816 Y140.523 E1465.63247
G1 X162.254 Y140.386 E1465.64743
G1 X162.786 Y140.306 E1465.66497
G1 X169.143 Y140.3 E1465.87217
G1 X169.862 Y140.161 E1465.89604
G1 X170.277 Y139.989 E1465.91068
G1 X170.649 Y139.761 E1465.92491
G1 X170.977 Y139.478 E1465.93903
G1 X171.261 Y139.146 E1465.95327
G1 X171.489 Y138.772 E1465.96754
G1 X171.661 Y138.361 E1465.98207
G1 X171.766 Y137.928 E1465.99659
G1 X171.8 Y137.64 E1466.00604
G1 X171.801 Y126.471 E1466.37009
G1 X171.837 Y126.193 E1466.37923
G1 X171.974 Y125.872 E1466.39061
G1 X172.134 Y125.668 E1466.39906
G1 X172.432 Y125.443 E1466.41123
G1 X172.878 Y125.3 E1466.42649
G1 X175.748 Y125.3 E1466.52004
G1 X175.748 Y122.7 E1466.60479
G1 X124.249 Y122.7 E1468.2834
G1 X124.252 Y125.3 E1468.36814
G1 X127.025 Y125.301 E1468.45853
G1 X127.332 Y125.346 E1468.46864
G1 X127.624 Y125.474 E1468.47903
G1 X127.828 Y125.634 E1468.48748
G1 X128.054 Y125.937 E1468.49981
G1 X128.201 Y126.412 E1468.51601
G1 X128.2 Y137.64 E1468.88199
G1 X128.336 Y138.362 E1468.90594
G1 X128.507 Y138.772 E1468.92042
G1 X128.735 Y139.146 E1468.93469
G1 X129.018 Y139.478 E1468.94891
G1 X129.351 Y139.761 E1468.96316
G1 X129.72 Y139.989 E1468.97729
G1 X130.134 Y140.161 E1468.99191
G1 X130.857 Y140.3 E1469.0159
G1 X137.219 Y140.303 E1469.22327
G1 X137.962 Y140.447 E1469.24794
G1 X138.503 Y140.67 E1469.26702
G1 X138.894 Y140.919 E1469.28213
G1 X139.268 Y141.241 E1469.29821
G1 X139.57 Y141.593 E1469.31333
G1 X139.842 Y142.025 E1469.32997
G1 X140.043 Y142.511 E1469.34711
G1 X140.199 Y143.3 E1469.37333
G1 X140.2 Y147.408 E1469.50723
G1 X159.612 Y147.408 E1470.13996
G0 F1620 X159.8 Y147.408
G0 X159.8 Y147.208
G0 F9600 X159.8 Y146.408
G0 X159.09 Y146.408
G0 X155.6 Y145.033
;TYPE:FILL
G1 F1800 X155.6 Y144.401 E1470.16014
G0 F9600 X152.993 Y137.906
G1 F1800 X158.592 Y143.505 E1470.41296
G1 X158.592 Y144.825 E1470.45511
G1 X156.14 Y144.825 E1470.5334
G1 X149.221 Y137.906 E1470.84583
G1 X147.008 Y137.905 E1470.91649
G1 X141.408 Y143.505 E1471.16936
G1 X141.408 Y144.826 E1471.21154
G1 X143.859 Y144.826 E1471.2898
G1 X150.779 Y137.906 E1471.60228
G1 X154.551 Y137.906 E1471.72272
G1 X147.63 Y144.826 E1472.03522
G1 X144.825 Y144.825 E1472.12478
G1 X137.904 Y137.904 E1472.4373
G1 X135.694 Y137.904 E1472.50787
G1 X135.054 Y138.544 E1472.53676
G1 X135.054 Y139.092 E1472.55426
G1 X134.772 Y139.092 E1472.56327
G1 X134.772 Y138.544 E1472.58076
G1 X133.961 Y137.732 E1472.61741
G1 X133.813 Y137.694 E1472.62229
G1 X133.21 Y137.398 E1472.64373
G1 X132.768 Y137.059 E1472.66152
G1 X130.767 Y139.059 E1472.75185
G1 X130.941 Y139.092 E1472.75751
G1 X131.549 Y139.092 E1472.77692
G1 X129.408 Y136.951 E1472.8736
G1 X129.408 Y136.646 E1472.88334
G1 X131.592 Y134.463 E1472.98194
G1 X131.641 Y135.09 E1473.00202
G1 X131.77 Y135.542 E1473.01702
G1 X129.408 Y133.179 E1473.1237
G1 X129.408 Y132.875 E1473.13341
G1 X131 Y131.282 E1473.20532
G1 X131.595 Y131.282 E1473.22432
G1 X131.595 Y131 E1473.23332
G1 X131 Y131 E1473.25232
G1 X129.408 Y129.408 E1473.32421
G1 X129.409 Y129.102 E1473.33398
G1 X134.603 Y123.908 E1473.56852
G1 X131.452 Y123.908 E1473.66913
G1 X133.152 Y125.608 E1473.74589
G1 X132.503 Y126.18 E1473.77351
G1 X132.148 Y126.626 E1473.79172
G1 X131.9 Y127.087 E1473.80843
G1 X131.686 Y127.71 E1473.82946
G1 X131.662 Y127.89 E1473.83526
G1 X129.24 Y125.625 E1473.94114
G1 X129.197 Y125.543 E1473.9441
G1 X130.832 Y123.908 E1474.01793
G1 X127.06 Y123.908 E1474.13837
G1 X126.875 Y124.092 E1474.1467
G1 X127.45 Y124.136 E1474.16511
G1 X128.042 Y124.331 E1474.18501
G1 X128.189 Y124.418 E1474.19047
G1 X127.68 Y123.908 E1474.21347
G0 F9600 X134.861 Y125.092
G1 F1800 X136.407 Y125.092 E1474.26284
G1 X135.224 Y123.908 E1474.31628
G1 X138.375 Y123.908 E1474.41689
G1 X137.19 Y125.093 E1474.4704
G1 X140.179 Y125.092 E1474.56584
G1 X138.995 Y123.908 E1474.6193
G1 X142.147 Y123.908 E1474.71994
G1 X140.961 Y125.094 E1474.7735
G1 X143.951 Y125.093 E1474.86897
G1 X142.767 Y123.908 E1474.92245
G1 X145.919 Y123.908 E1475.0231
G1 X144.733 Y125.094 E1475.07665
G1 X147.724 Y125.094 E1475.17215
G1 X146.539 Y123.908 E1475.22568
G1 X149.69 Y123.908 E1475.32629
G1 X148.504 Y125.094 E1475.37985
G1 X151.496 Y125.094 E1475.47538
G1 X150.31 Y123.908 E1475.52894
G1 X153.462 Y123.908 E1475.62958
G1 X152.275 Y125.094 E1475.68316
G1 X155.268 Y125.094 E1475.77872
G1 X154.082 Y123.908 E1475.83228
G1 X157.234 Y123.908 E1475.93292
G1 X156.046 Y125.095 E1475.98654
G1 X159.04 Y125.094 E1476.08214
G1 X157.854 Y123.908 E1476.13569
G1 X161.005 Y123.908 E1476.2363
G1 X159.817 Y125.096 E1476.28995
G1 X163.589 Y125.096 E1476.41039
G1 X164.777 Y123.908 E1476.46403
G1 X161.626 Y123.908 E1476.56464
G1 X162.812 Y125.095 E1476.61822
G1 F4200 E1475.61822
G0 F9600 X174.54 Y123.908
G1 F2100 E1476.61822
G1 F1800 X172.941 Y123.908 E1476.66928
G1 X173.124 Y124.092 E1476.67756
G1 X172.896 Y124.092 E1476.68484
G1 X172.497 Y124.154 E1476.69773
G1 X172.015 Y124.309 E1476.7139
G1 X171.804 Y124.425 E1476.72159
G1 X172.321 Y123.908 E1476.74493
G1 X169.169 Y123.908 E1476.84558
G1 X170.8 Y125.54 E1476.91925
G1 X170.909 Y125.319 E1476.92712
G1 X168.35 Y127.878 E1477.04267
G1 X168.161 Y127.198 E1477.0652
G1 X167.864 Y126.653 E1477.08502
G1 X167.409 Y126.073 E1477.10856
G1 X166.825 Y125.632 E1477.13193
G1 X168.549 Y123.908 E1477.20977
G1 X165.397 Y123.908 E1477.31042
G1 X170.592 Y129.104 E1477.54502
G1 X170.592 Y129.408 E1477.55473
G1 X168.999 Y131.001 E1477.62666
G1 X168.406 Y131.001 E1477.6456
G1 X168.406 Y131.283 E1477.6546
G1 X169 Y131.283 E1477.67357
G1 X170.592 Y132.875 E1477.74545
G1 X170.592 Y133.18 E1477.75519
G1 X168.228 Y135.543 E1477.86192
G1 X168.36 Y135.049 E1477.87824
G1 X168.403 Y134.458 E1477.89716
G1 X170.592 Y136.647 E1477.99601
G1 X170.592 Y136.952 E1478.00575
G1 X168.451 Y139.093 E1478.10243
G1 X169.057 Y139.092 E1478.12177
G1 X169.231 Y139.057 E1478.12744
G1 X167.231 Y137.058 E1478.21773
G1 X166.786 Y137.397 E1478.23559
G1 X166.245 Y137.673 E1478.25498
G1 X166.036 Y137.735 E1478.26195
G1 X165.228 Y138.544 E1478.29845
G1 X165.228 Y139.095 E1478.31605
G1 X164.946 Y139.095 E1478.32505
G1 X164.946 Y138.544 E1478.34264
G1 X164.31 Y137.908 E1478.37136
G1 X160.538 Y137.908 E1478.4918
G1 X161.877 Y139.246 E1478.55224
G1 X161.448 Y139.372 E1478.56652
G1 X161.012 Y139.561 E1478.58169
G1 X160.464 Y139.891 E1478.60212
G1 X159.988 Y140.281 E1478.62177
G1 X159.581 Y140.723 E1478.64095
G1 X156.766 Y137.907 E1478.76809
G1 X158.322 Y137.906 E1478.81777
G1 X151.403 Y144.825 E1479.1302
G1 X148.597 Y144.825 E1479.21979
G1 X141.677 Y137.905 E1479.53227
G1 X139.466 Y137.904 E1479.60287
G1 X138.122 Y139.248 E1479.66355
G1 X138.331 Y139.288 E1479.67035
G1 X139.06 Y139.591 E1479.69556
G1 X139.67 Y139.993 E1479.71888
G1 X140.174 Y140.441 E1479.74041
G1 X140.412 Y140.729 E1479.75234
G1 X143.237 Y137.904 E1479.87991
G1 X145.449 Y137.906 E1479.95054
G1 X152.368 Y144.825 E1480.26297
G1 X155.175 Y144.825 E1480.35259
G1 X162.093 Y137.907 E1480.66498
G1 F4200 E1479.66498
G0 F9600 X148.4 Y144.629
G1 F2100 E1480.66498
G1 F1800 X148.4 Y145.034 E1480.67791
G0 F9600 X144.4 Y145.034
G1 F1800 X144.4 Y144.401 E1480.69812
G0 F9600 X141.161 Y145.274
;TYPE:SKIN
G1 F1710 X141.44 Y144.994 E1480.70986
G0 F9600 X141.978 Y144.994
G1 F1710 X141.161 Y145.811 E1480.74418
G0 F9600 X141.161 Y146.348
G1 F1710 X142.515 Y144.994 E1480.80105
G0 F9600 X143.053 Y144.994
G1 F1710 X141.6 Y146.447 E1480.86208
G0 F9600 X142.137 Y146.447
G1 F1710 X143.59 Y144.994 E1480.92312
G0 F9600 X144.127 Y144.994
G1 F1710 X142.674 Y146.447 E1480.98415
G0 F9600 X143.212 Y146.447
G1 F1710 X144.665 Y144.994 E1481.04518
G0 F9600 X145.202 Y144.994
G1 F1710 X143.749 Y146.447 E1481.10621
G0 F9600 X144.287 Y146.447
G1 F1710 X145.74 Y144.994 E1481.16724
G0 F9600 X146.277 Y144.994
G1 F1710 X144.824 Y146.447 E1481.22828
G0 F9600 X145.361 Y146.447
G1 F1710 X146.814 Y144.994 E1481.28931
G0 F9600 X147.352 Y144.994
G1 F1710 X145.899 Y146.447 E1481.35034
G0 F9600 X146.436 Y146.447
G1 F1710 X147.889 Y144.994 E1481.41137
G0 F9600 X148.427 Y144.994
G1 F1710 X146.974 Y146.447 E1481.4724
G0 F9600 X147.511 Y146.447
G1 F1710 X148.964 Y144.994 E1481.53343
G0 F9600 X149.501 Y144.994
G1 F1710 X148.048 Y146.447 E1481.59447
G0 F9600 X148.586 Y146.447
G1 F1710 X150.04 Y144.994 E1481.65552
G0 F9600 X150.577 Y144.994
G1 F1710 X149.123 Y146.447 E1481.71657
G0 F9600 X149.661 Y146.447
G1 F1710 X151.114 Y144.994 E1481.7776
G0 F9600 X151.652 Y144.994
G1 F1710 X150.198 Y146.447 E1481.83866
G0 F9600 X150.735 Y146.447
G1 F1710 X152.189 Y144.994 E1481.89971
G0 F9600 X152.727 Y144.994
G1 F1710 X151.273 Y146.447 E1481.96076
G0 F9600 X151.81 Y146.447
G1 F1710 X153.264 Y144.994 E1482.02181
G0 F9600 X153.801 Y144.994
G1 F1710 X152.348 Y146.447 E1482.08285
G0 F9600 X152.885 Y146.447
G1 F1710 X154.339 Y144.994 E1482.1439
G0 F9600 X154.876 Y144.994
G1 F1710 X153.422 Y146.447 E1482.20495
G0 F9600 X153.96 Y146.447
G1 F1710 X155.414 Y144.994 E1482.266
G0 F9600 X155.951 Y144.994
G1 F1710 X154.497 Y146.447 E1482.32706
G0 F9600 X155.035 Y146.447
G1 F1710 X156.488 Y144.994 E1482.38809
G0 F9600 X157.026 Y144.994
G1 F1710 X155.572 Y146.447 E1482.44914
G0 F9600 X156.109 Y146.447
G1 F1710 X157.563 Y144.994 E1482.5102
G0 F9600 X158.101 Y144.994
G1 F1710 X156.647 Y146.447 E1482.57125
G0 F9600 X157.184 Y146.447
G1 F1710 X158.638 Y144.994 E1482.6323
G0 F9600 X158.839 Y145.33
G1 F1710 X157.722 Y146.447 E1482.67922
G0 F9600 X158.259 Y146.447
G1 F1710 X158.839 Y145.868 E1482.70356
G0 F9600 X158.79 Y145.868
G1 F4200 E1481.70356
G1 F1500 Z4.3
G0 F9600 X158.79 Y145.868 Z4.3
G0 X181 Y124.5
;TYPE:WALL-INNER
G1 F1500 Z4
G1 F2100 E1482.70356
G1 F1800 X181 Y123.5 E1482.73549
G1 X178.05 Y123.5 E1482.82968
G1 X178.051 Y124.5 E1482.86161
G1 X181 Y124.5 E1482.95577
G0 F9600 X181.4 Y124.9
G1 F1800 X181.4 Y123.1 E1483.01325
G1 X177.649 Y123.1 E1483.13302
G1 X177.652 Y124.9 E1483.19049
G1 X181.4 Y124.9 E1483.31016
G0 F9600 X181.8 Y125.3
G0 X181.8 Y125.3 Z3.99
;TYPE:WALL-OUTER
G1 F1800 X181.8 Y125.1 Z4 E1483.31653
G1 X181.8 Y122.7 E1483.39475
G1 X177.249 Y122.7 E1483.54309
G1 X177.252 Y125.3 E1483.62784
G1 X181.8 Y125.3 E1483.77608
G1 X181.8 Y125.1 E1483.78244
G0 F9600 X181.8 Y124.3
G0 X181.09 Y124.3
G0 X180.592 Y124.092
G0 X180.592 Y124.017
;TYPE:FILL
G1 F1800 X180.592 Y124.092 E1483.78483
G1 X179.679 Y124.092 E1483.81398
G1 X179.864 Y123.908 E1483.82232
G1 X180.592 Y123.908 E1483.84556
G1 X180.483 Y123.908 E1483.84904
G1 X180.592 Y124.017 E1483.85396
G1 F4200 E1482.85396
G1 F1500 Z4.3
;MESH:NONMESH
G0 F9600 X180.592 Y124.017 Z4.3
G0 X121.568 Y124.5
;TIME_ELAPSED:1902.274928
;LAYER:20
;MESH:LC-GR3005??????RFID?????????-WB.stl
G0 X121.568 Y124.5 Z4.5
;TYPE:WALL-INNER
G1 F1500 Z4.2
G1 F2100 E1483.85396
G1 F1800 X121.568 Y123.5 E1483.88589
G1 X119 Y123.5 E1483.96789
G1 X119 Y124.5 E1483.99982
G1 X121.568 Y124.5 E1484.08181
G0 F9600 X121.968 Y124.9
G1 F1800 X121.968 Y123.1 E1484.13929
G1 X118.6 Y123.1 E1484.24683
G1 X118.6 Y124.9 E1484.3043
G1 X121.968 Y124.9 E1484.41184
G0 F9600 X122.368 Y125.3
G0 X122.368 Y125.3 Z4.19
;TYPE:WALL-OUTER
G1 F1800 X122.368 Y125.1 Z4.2 E1484.4182
G1 X122.368 Y122.7 E1484.49643
G1 X118.2 Y122.7 E1484.63229
G1 X118.2 Y125.3 E1484.71703
G1 X122.368 Y125.3 E1484.85289
G1 X122.368 Y125.1 E1484.85924
G0 F9600 X122.368 Y124.3
G0 X121.66 Y124.3
G0 X121.16 Y123.908
;TYPE:FILL
G1 F1800 X119.517 Y123.908 E1484.91171
G1 X119.408 Y124.016 E1484.9166
G1 X119.408 Y124.092 E1484.91903
G1 X120.32 Y124.092 E1484.94815
G1 X120.136 Y123.908 E1484.95646
G1 F4200 E1483.95646
G1 F1500 Z4.5
G0 F9600 X120.136 Y123.908 Z4.5
G0 X159 Y146.252
;TYPE:WALL-INNER
G1 F1500 Z4.2
G1 F2100 E1484.95646
G1 F1800 X159 Y143.174 E1485.05474
G1 X159.198 Y142.229 E1485.08557
G1 X159.47 Y141.617 E1485.10695
G1 X159.798 Y141.099 E1485.12653
G1 X160.146 Y140.695 E1485.14355
G1 X160.585 Y140.309 E1485.16222
G1 X161.14 Y139.947 E1485.18338
G1 X162.016 Y139.613 E1485.21331
G1 X162.697 Y139.5 E1485.23535
G1 X169.089 Y139.5 E1485.43945
G1 X169.615 Y139.397 E1485.45656
G1 X169.913 Y139.273 E1485.46687
G1 X170.176 Y139.113 E1485.4767
G1 X170.408 Y138.912 E1485.4865
G1 X170.611 Y138.675 E1485.49646
G1 X170.774 Y138.408 E1485.50645
G1 X170.898 Y138.11 E1485.51676
G1 X171 Y137.594 E1485.53355
G1 X171 Y126.47 E1485.88874
G1 X171.058 Y126.009 E1485.90357
G1 X171.206 Y125.616 E1485.91698
G1 X171.345 Y125.378 E1485.92578
G1 X171.682 Y124.999 E1485.94198
G1 X171.89 Y124.839 E1485.95035
G1 X172.164 Y124.689 E1485.96033
G1 X172.606 Y124.547 E1485.97515
G1 X172.912 Y124.5 E1485.98504
G1 X174.568 Y124.5 E1486.03791
G1 X174.568 Y123.5 E1486.06984
G1 X125.428 Y123.5 E1487.63887
G1 X125.428 Y124.5 E1487.6708
G1 X127 Y124.5 E1487.72099
G1 X127.381 Y124.539 E1487.73322
G1 X127.88 Y124.706 E1487.75002
G1 X128.118 Y124.845 E1487.75882
G1 X128.497 Y125.182 E1487.77502
G1 X128.657 Y125.39 E1487.7834
G1 X128.814 Y125.686 E1487.79409
G1 X129.001 Y126.326 E1487.81538
G1 X129 Y137.594 E1488.17517
G1 X129.1 Y138.115 E1488.19211
G1 X129.222 Y138.408 E1488.20224
G1 X129.385 Y138.675 E1488.21223
G1 X129.586 Y138.91 E1488.2221
G1 X129.823 Y139.113 E1488.23207
G1 X130.085 Y139.274 E1488.24189
G1 X130.381 Y139.397 E1488.25212
G1 X130.907 Y139.5 E1488.26923
G1 X137.256 Y139.5 E1488.47196
G1 X137.965 Y139.609 E1488.49486
G1 X138.574 Y139.82 E1488.51544
G1 X138.958 Y140.016 E1488.5292
G1 X139.589 Y140.445 E1488.55357
G1 X140.077 Y140.947 E1488.57592
G1 X140.446 Y141.474 E1488.59646
G1 X140.732 Y142.07 E1488.61757
G1 X140.935 Y142.774 E1488.64097
G1 X141 Y143.328 E1488.65878
G1 X141 Y146.252 E1488.75214
G1 X158.609 Y146.252 E1489.31439
G0 F1620 X159 Y146.252
G0 F9600 X159.4 Y146.652
G1 F1800 X159.4 Y143.213 E1489.4242
G1 X159.568 Y142.412 E1489.45033
G1 X159.775 Y141.896 E1489.46808
G1 X160.065 Y141.401 E1489.4864
G1 X160.482 Y140.917 E1489.5068
G1 X160.908 Y140.568 E1489.52438
G1 X161.382 Y140.283 E1489.54204
G1 X162.119 Y140.002 E1489.56723
G1 X162.733 Y139.9 E1489.5871
G1 X169.114 Y139.9 E1489.79084
G1 X169.738 Y139.779 E1489.81114
G1 X170.095 Y139.631 E1489.82348
G1 X170.413 Y139.437 E1489.83537
G1 X170.693 Y139.195 E1489.84719
G1 X170.936 Y138.91 E1489.85915
G1 X171.131 Y138.59 E1489.87111
G1 X171.28 Y138.236 E1489.88338
G1 X171.4 Y137.617 E1489.90351
G1 X171.4 Y126.48 E1490.25911
G1 X171.448 Y126.101 E1490.27131
G1 X171.576 Y125.768 E1490.2827
G1 X171.819 Y125.421 E1490.29622
G1 X172.134 Y125.156 E1490.30937
G1 X172.298 Y125.066 E1490.31534
G1 X172.912 Y124.9 E1490.33565
G1 X174.968 Y124.9 E1490.4013
G1 X174.968 Y123.1 E1490.45877
G1 X125.028 Y123.1 E1492.05334
G1 X125.028 Y124.9 E1492.11082
G1 X127.075 Y124.904 E1492.17618
G1 X127.484 Y124.976 E1492.18944
G1 X127.728 Y125.076 E1492.19786
G1 X128.075 Y125.319 E1492.21138
G1 X128.34 Y125.634 E1492.22453
G1 X128.434 Y125.811 E1492.23092
G1 X128.596 Y126.338 E1492.24853
G1 X128.6 Y137.617 E1492.60866
G1 X128.718 Y138.239 E1492.62888
G1 X128.865 Y138.59 E1492.64103
G1 X129.06 Y138.91 E1492.65299
G1 X129.302 Y139.194 E1492.66491
G1 X129.587 Y139.437 E1492.67687
G1 X129.902 Y139.631 E1492.68868
G1 X130.258 Y139.779 E1492.70099
G1 X130.882 Y139.9 E1492.72128
G1 X137.267 Y139.906 E1492.92516
G1 X137.871 Y140 E1492.94467
G1 X138.334 Y140.154 E1492.96025
G1 X138.733 Y140.347 E1492.97441
G1 X139.329 Y140.752 E1492.99741
G1 X139.754 Y141.183 E1493.01674
G1 X140.09 Y141.657 E1493.03529
G1 X140.348 Y142.183 E1493.054
G1 X140.544 Y142.856 E1493.07638
G1 X140.596 Y143.252 E1493.08913
G1 X140.6 Y146.652 E1493.19769
G1 X159.009 Y146.652 E1493.78549
G0 F1620 X159.4 Y146.652
G1 F4200 E1492.78549
G0 F9600 X159.12 Y146.374
G0 X159.151 Y143.194
G0 X159.344 Y142.284
G0 X159.571 Y141.744
G0 X159.867 Y141.256
G0 X160.307 Y140.745
G0 X165.674 Y137.419
G1 F2100 E1493.78549
G1 F1800 X165.124 Y137.5 E1493.80324
G1 X134.904 Y137.496 E1494.76816
G1 X134.315 Y137.418 E1494.78713
G1 X133.756 Y137.228 E1494.80598
G1 X133.258 Y136.938 E1494.82438
G1 X132.81 Y136.546 E1494.84339
G1 X132.448 Y136.072 E1494.86243
G1 X132.21 Y135.6 E1494.87931
G1 X132.045 Y135.024 E1494.89844
G1 X132 Y134.624 E1494.91129
G1 X132.004 Y128.404 E1495.10989
G1 X132.082 Y127.815 E1495.12887
G1 X132.268 Y127.263 E1495.14746
G1 X132.491 Y126.849 E1495.16248
G1 X132.809 Y126.45 E1495.17877
G1 X133.33 Y125.995 E1495.20086
G1 X133.896 Y125.709 E1495.2211
G1 X134.313 Y125.58 E1495.23504
G1 X134.784 Y125.5 E1495.2503
G1 X165.082 Y125.503 E1496.2177
G1 X165.69 Y125.581 E1496.23728
G1 X166.232 Y125.768 E1496.25558
G1 X166.573 Y125.948 E1496.26789
G1 X167.123 Y126.369 E1496.29001
G1 X167.519 Y126.871 E1496.31043
G1 X167.74 Y127.278 E1496.32521
G1 X167.919 Y127.822 E1496.3435
G1 X168 Y128.372 E1496.36125
G1 X167.996 Y134.592 E1496.55985
G1 X167.918 Y135.181 E1496.57882
G1 X167.791 Y135.6 E1496.5928
G1 X167.544 Y136.08 E1496.61004
G1 X167.125 Y136.625 E1496.63199
G1 X166.58 Y137.044 E1496.65394
G1 X166.1 Y137.291 E1496.67118
G1 X166.048 Y137.307 E1496.67291
G0 F1620 X165.674 Y137.419
G0 F9600 X165.966 Y136.914
G1 F1800 X165.478 Y137.054 E1496.68912
G1 X165.124 Y137.1 E1496.70052
G1 X134.944 Y137.098 E1497.66416
G1 X134.544 Y137.058 E1497.677
G1 X133.999 Y136.906 E1497.69506
G1 X133.512 Y136.629 E1497.71295
G1 X133.119 Y136.292 E1497.72948
G1 X132.862 Y135.978 E1497.74244
G1 X132.586 Y135.466 E1497.76101
G1 X132.441 Y134.97 E1497.77751
G1 X132.4 Y134.624 E1497.78863
G1 X132.402 Y128.444 E1497.98596
G1 X132.442 Y128.044 E1497.9988
G1 X132.577 Y127.558 E1498.0149
G1 X132.827 Y127.066 E1498.03252
G1 X133.204 Y126.619 E1498.05119
G1 X133.611 Y126.301 E1498.06768
G1 X134.03 Y126.086 E1498.08272
G1 X134.526 Y125.941 E1498.09922
G1 X134.872 Y125.9 E1498.11035
G1 X165.046 Y125.902 E1499.07379
G1 X165.571 Y125.963 E1499.09067
G1 X166.045 Y126.121 E1499.10662
G1 X166.385 Y126.301 E1499.11891
G1 X166.792 Y126.619 E1499.1354
G1 X167.177 Y127.079 E1499.15455
G1 X167.383 Y127.459 E1499.16835
G1 X167.554 Y128.018 E1499.18702
G1 X167.6 Y128.372 E1499.19842
G1 X167.598 Y134.552 E1499.39574
G1 X167.558 Y134.952 E1499.40858
G1 X167.414 Y135.466 E1499.42562
G1 X167.132 Y135.981 E1499.44437
G1 X166.792 Y136.377 E1499.46104
G1 X166.39 Y136.692 E1499.47734
G1 X166.312 Y136.733 E1499.48016
G0 F1620 X165.966 Y136.914
G0 F9600 X165.832 Y136.537
G0 X165.832 Y136.537 Z4.19
;TYPE:WALL-OUTER
G1 F1800 X165.64 Y136.594 Z4.2 E1499.48653
G1 X165.446 Y136.652 E1499.49313
G1 X165.154 Y136.698 E1499.50276
G1 X134.984 Y136.7 E1500.48615
G1 X134.584 Y136.66 E1500.49926
G1 X134.174 Y136.54 E1500.51318
G1 X133.765 Y136.319 E1500.52833
G1 X133.429 Y136.039 E1500.54259
G1 X133.175 Y135.729 E1500.55565
G1 X132.96 Y135.323 E1500.57063
G1 X132.837 Y134.916 E1500.58449
G1 X132.801 Y134.652 E1500.59317
G1 X132.8 Y128.484 E1500.79422
G1 X132.84 Y128.084 E1500.80732
G1 X132.975 Y127.638 E1500.82251
G1 X133.163 Y127.283 E1500.8356
G1 X133.457 Y126.929 E1500.8506
G1 X133.798 Y126.655 E1500.86486
G1 X134.173 Y126.46 E1500.87864
G1 X134.58 Y126.337 E1500.89249
G1 X134.845 Y126.301 E1500.90121
G1 X165.01 Y126.3 E1501.88444
G1 X165.41 Y126.336 E1501.89753
G1 X165.858 Y126.475 E1501.91282
G1 X166.231 Y126.677 E1501.92664
G1 X166.567 Y126.957 E1501.9409
G1 X166.823 Y127.27 E1501.95408
G1 X167.027 Y127.641 E1501.96788
G1 X167.152 Y128.05 E1501.98182
G1 X167.198 Y128.342 E1501.99146
G1 X167.2 Y134.512 E1502.19257
G1 X167.152 Y134.95 E1502.20693
G1 X167.037 Y135.332 E1502.21993
G1 X166.819 Y135.731 E1502.23475
G1 X166.539 Y136.067 E1502.24901
G1 X166.2 Y136.34 E1502.2632
G1 X165.998 Y136.448 E1502.27066
G0 F1620 X165.832 Y136.537
G0 X165.64 Y136.594
G0 F9600 X165.446 Y136.652
G0 X165.154 Y136.698
G0 X164.852 Y136.698
G1 F4200 E1501.27066
G0 F9600 X164.852 Y137.41
G0 X160.589 Y141.03
G0 X160.192 Y141.492
G0 X159.727 Y142.404
G0 X159.585 Y143.078
G0 X159.52 Y146.774
G0 X159.8 Y147.052
G0 X159.8 Y147.052 Z4.19
G1 F2100 E1502.27066
G1 F1800 X159.8 Y146.852 Z4.2 E1502.27703
G1 X159.804 Y143.238 E1502.39482
G1 X159.972 Y142.457 E1502.42086
G1 X160.143 Y142.053 E1502.43516
G1 X160.404 Y141.621 E1502.45161
G1 X160.775 Y141.194 E1502.47005
G1 X161.121 Y140.906 E1502.48472
G1 X161.524 Y140.657 E1502.50016
G1 X162.212 Y140.395 E1502.52416
G1 X162.751 Y140.302 E1502.54199
G1 X169.139 Y140.3 E1502.75021
G1 X169.862 Y140.161 E1502.7742
G1 X170.277 Y139.989 E1502.78885
G1 X170.649 Y139.761 E1502.80307
G1 X170.977 Y139.478 E1502.81719
G1 X171.261 Y139.146 E1502.83143
G1 X171.489 Y138.772 E1502.84571
G1 X171.661 Y138.361 E1502.86023
G1 X171.766 Y137.928 E1502.87475
G1 X171.8 Y137.64 E1502.8842
G1 X171.801 Y126.471 E1503.24826
G1 X171.837 Y126.193 E1503.25739
G1 X171.974 Y125.872 E1503.26877
G1 X172.134 Y125.668 E1503.27722
G1 X172.432 Y125.443 E1503.28939
G1 X172.878 Y125.3 E1503.30466
G1 X175.368 Y125.3 E1503.38582
G1 X175.368 Y122.7 E1503.47057
G1 X124.628 Y122.7 E1505.12443
G1 X124.628 Y125.3 E1505.20918
G1 X127.025 Y125.301 E1505.28731
G1 X127.332 Y125.346 E1505.29742
G1 X127.624 Y125.474 E1505.30782
G1 X127.828 Y125.634 E1505.31627
G1 X128.054 Y125.937 E1505.32859
G1 X128.201 Y126.412 E1505.34479
G1 X128.2 Y137.64 E1505.71077
G1 X128.336 Y138.362 E1505.73472
G1 X128.507 Y138.772 E1505.7492
G1 X128.735 Y139.146 E1505.76347
G1 X129.018 Y139.478 E1505.77769
G1 X129.351 Y139.761 E1505.79194
G1 X129.72 Y139.989 E1505.80608
G1 X130.134 Y140.161 E1505.82069
G1 X130.857 Y140.3 E1505.84469
G1 X137.207 Y140.302 E1506.05166
G1 X137.788 Y140.394 E1506.07084
G1 X138.23 Y140.543 E1506.08604
G1 X138.509 Y140.678 E1506.09614
G1 X139.085 Y141.073 E1506.11891
G1 X139.43 Y141.418 E1506.13481
G1 X139.734 Y141.84 E1506.15176
G1 X139.964 Y142.295 E1506.16838
G1 X140.152 Y142.938 E1506.19022
G1 X140.199 Y143.302 E1506.20218
G1 X140.2 Y147.052 E1506.32441
G1 X159.612 Y147.052 E1506.95715
G0 F1620 X159.8 Y147.052
G0 X159.8 Y146.852
G0 F9600 X159.8 Y146.052
G0 X159.09 Y146.052
G0 X159.151 Y143.194
G0 X159.344 Y142.284
G0 X162.093 Y137.907
;TYPE:FILL
G1 F1800 X155.53 Y144.47 E1507.2535
G1 X152.012 Y144.469 E1507.36583
G1 X145.449 Y137.906 E1507.66218
G1 X143.237 Y137.904 E1507.73281
G1 X140.418 Y140.723 E1507.86011
G1 X139.854 Y140.131 E1507.88621
G1 X139.174 Y139.669 E1507.91246
G1 X138.603 Y139.392 E1507.93273
G1 X138.134 Y139.236 E1507.94851
G1 X139.466 Y137.904 E1508.00866
G1 X141.677 Y137.905 E1508.07925
G1 X148.241 Y144.469 E1508.37565
G1 X151.759 Y144.47 E1508.48798
G1 X158.322 Y137.906 E1508.78436
G1 X156.766 Y137.907 E1508.83404
G1 X159.582 Y140.723 E1508.9612
G1 X159.918 Y140.333 E1508.97764
G1 X160.469 Y139.888 E1509.00025
G1 X161.08 Y139.534 E1509.0228
G1 X161.865 Y139.234 E1509.04963
G1 X160.538 Y137.908 E1509.10953
G1 X164.31 Y137.908 E1509.22997
G1 X164.946 Y138.544 E1509.25869
G1 X164.946 Y139.092 E1509.27619
G1 X165.228 Y139.091 E1509.28519
G1 X165.228 Y138.544 E1509.30266
G1 X166.036 Y137.735 E1509.33916
G1 X166.245 Y137.673 E1509.34612
G1 X166.787 Y137.397 E1509.36554
G1 X167.232 Y137.059 E1509.38339
G1 X169.231 Y139.057 E1509.47363
G1 X169.055 Y139.092 E1509.47936
G1 X168.451 Y139.092 E1509.49865
G1 X170.592 Y136.952 E1509.5953
G1 X170.592 Y136.647 E1509.60504
G1 X168.403 Y134.458 E1509.70388
G1 X168.36 Y135.049 E1509.72281
G1 X168.228 Y135.543 E1509.73913
G1 X170.592 Y133.18 E1509.84586
G1 X170.592 Y132.875 E1509.8556
G1 X169 Y131.283 E1509.92748
G1 X168.406 Y131.283 E1509.94645
G1 X168.406 Y131.001 E1509.95545
G1 X168.999 Y131.001 E1509.97439
G1 X170.592 Y129.408 E1510.04632
G1 X170.592 Y129.104 E1510.05603
G1 X165.397 Y123.908 E1510.29063
G1 X168.549 Y123.908 E1510.39127
G1 X166.825 Y125.632 E1510.46912
G1 X167.409 Y126.073 E1510.49249
G1 X167.864 Y126.653 E1510.51603
G1 X168.161 Y127.198 E1510.53584
G1 X168.35 Y127.878 E1510.55838
G1 X170.909 Y125.319 E1510.67393
G1 X170.8 Y125.54 E1510.6818
G1 X169.169 Y123.908 E1510.75547
G1 X172.321 Y123.908 E1510.85611
G1 X171.804 Y124.425 E1510.87946
G1 X172.015 Y124.309 E1510.88715
G1 X172.497 Y124.154 E1510.90331
G1 X172.896 Y124.092 E1510.91621
G1 X173.124 Y124.092 E1510.92349
G1 X172.941 Y123.908 E1510.93177
G1 X174.16 Y123.908 E1510.9707
G1 F4200 E1509.9707
G0 F9600 X162.812 Y125.095
G1 F2100 E1510.9707
G1 F1800 X161.626 Y123.908 E1511.02427
G1 X164.777 Y123.908 E1511.12488
G1 X163.589 Y125.096 E1511.17853
G1 X159.817 Y125.096 E1511.29897
G1 X161.005 Y123.908 E1511.35261
G1 X157.854 Y123.908 E1511.45322
G1 X159.04 Y125.094 E1511.50678
G1 X156.046 Y125.095 E1511.60237
G1 X157.234 Y123.908 E1511.656
G1 X154.082 Y123.908 E1511.75664
G1 X155.268 Y125.094 E1511.81019
G1 X152.275 Y125.094 E1511.90576
G1 X153.462 Y123.908 E1511.95934
G1 X150.31 Y123.908 E1512.05998
G1 X151.496 Y125.094 E1512.11353
G1 X148.504 Y125.094 E1512.20907
G1 X149.69 Y123.908 E1512.26262
G1 X146.539 Y123.908 E1512.36323
G1 X147.724 Y125.094 E1512.41676
G1 X144.733 Y125.094 E1512.51226
G1 X145.919 Y123.908 E1512.56582
G1 X142.767 Y123.908 E1512.66646
G1 X143.951 Y125.093 E1512.71995
G1 X140.961 Y125.094 E1512.81542
G1 X142.147 Y123.908 E1512.86897
G1 X138.995 Y123.908 E1512.96961
G1 X140.179 Y125.092 E1513.02308
G1 X137.19 Y125.093 E1513.11852
G1 X138.375 Y123.908 E1513.17203
G1 X135.224 Y123.908 E1513.27264
G1 X136.407 Y125.092 E1513.32608
G1 X134.861 Y125.092 E1513.37544
G0 F9600 X127.68 Y123.908
G1 F1800 X128.189 Y124.418 E1513.39845
G1 X128.042 Y124.331 E1513.4039
G1 X127.45 Y124.136 E1513.4238
G1 X126.875 Y124.092 E1513.44222
G1 X127.06 Y123.908 E1513.45055
G1 X130.832 Y123.908 E1513.57099
G1 X129.197 Y125.543 E1513.64482
G1 X129.24 Y125.625 E1513.64777
G1 X131.662 Y127.89 E1513.75365
G1 X131.686 Y127.71 E1513.75945
G1 X131.9 Y127.087 E1513.78049
G1 X132.148 Y126.626 E1513.7972
G1 X132.503 Y126.18 E1513.8154
G1 X133.152 Y125.608 E1513.84302
G1 X131.452 Y123.908 E1513.91979
G1 X134.603 Y123.908 E1514.0204
G1 X129.409 Y129.102 E1514.25494
G1 X129.408 Y129.408 E1514.26471
G1 X131 Y131 E1514.33659
G1 X131.595 Y131 E1514.35559
G1 X131.595 Y131.282 E1514.3646
G1 X131 Y131.282 E1514.38359
G1 X129.408 Y132.875 E1514.4555
G1 X129.408 Y133.179 E1514.46521
G1 X131.77 Y135.542 E1514.57189
G1 X131.641 Y135.09 E1514.5869
G1 X131.592 Y134.463 E1514.60698
G1 X129.408 Y136.646 E1514.70558
G1 X129.408 Y136.951 E1514.71532
G1 X131.549 Y139.092 E1514.81199
G1 X130.941 Y139.092 E1514.83141
G1 X130.767 Y139.059 E1514.83706
G1 X132.768 Y137.059 E1514.92739
G1 X133.21 Y137.398 E1514.94518
G1 X133.813 Y137.694 E1514.96663
G1 X133.961 Y137.732 E1514.97151
G1 X134.772 Y138.544 E1515.00815
G1 X134.772 Y139.092 E1515.02565
G1 X135.054 Y139.092 E1515.03465
G1 X135.054 Y138.544 E1515.05215
G1 X135.694 Y137.904 E1515.08105
G1 X137.904 Y137.904 E1515.15161
G1 X144.469 Y144.469 E1515.44806
G1 X147.987 Y144.47 E1515.56039
G1 X154.551 Y137.906 E1515.85679
G1 X150.779 Y137.906 E1515.97723
G1 X144.215 Y144.47 E1516.27363
G1 X141.408 Y144.47 E1516.36326
G1 X141.408 Y143.505 E1516.39407
G1 X147.008 Y137.905 E1516.64694
G1 X149.221 Y137.906 E1516.7176
G1 X155.784 Y144.469 E1517.01395
G1 X158.592 Y144.469 E1517.10361
G1 X158.592 Y143.505 E1517.13439
G1 X152.993 Y137.906 E1517.38722
G0 F9600 X158.611 Y144.639
;TYPE:SKIN
G1 F1710 X158.84 Y144.867 E1517.39682
G0 F9600 X158.84 Y145.404
G1 F1710 X158.074 Y144.639 E1517.42897
G0 F9600 X157.536 Y144.639
G1 F1710 X158.84 Y145.942 E1517.48372
G0 F9600 X158.451 Y146.091
G1 F1710 X156.999 Y144.639 E1517.54471
G0 F9600 X156.462 Y144.639
G1 F1710 X157.914 Y146.091 E1517.6057
G0 F9600 X157.377 Y146.091
G1 F1710 X155.924 Y144.639 E1517.66671
G0 F9600 X155.387 Y144.639
G1 F1710 X156.839 Y146.091 E1517.7277
G0 F9600 X156.302 Y146.091
G1 F1710 X154.849 Y144.639 E1517.78871
G0 F9600 X154.312 Y144.639
G1 F1710 X155.764 Y146.091 E1517.8497
G0 F9600 X155.227 Y146.091
G1 F1710 X153.775 Y144.639 E1517.91069
G0 F9600 X153.237 Y144.639
G1 F1710 X154.69 Y146.091 E1517.9717
G0 F9600 X154.152 Y146.091
G1 F1710 X152.7 Y144.639 E1518.03269
G0 F9600 X152.162 Y144.639
G1 F1710 X153.615 Y146.091 E1518.0937
G0 F9600 X153.077 Y146.091
G1 F1710 X151.625 Y144.639 E1518.15469
G0 F9600 X151.088 Y144.639
G1 F1710 X152.54 Y146.091 E1518.21568
G0 F9600 X152.003 Y146.091
G1 F1710 X150.55 Y144.639 E1518.27669
G0 F9600 X150.013 Y144.639
G1 F1710 X151.465 Y146.091 E1518.33768
G0 F9600 X150.928 Y146.091
G1 F1710 X149.475 Y144.639 E1518.3987
G0 F9600 X148.938 Y144.639
G1 F1710 X150.39 Y146.091 E1518.45969
G0 F9600 X149.853 Y146.091
G1 F1710 X148.401 Y144.639 E1518.52067
G0 F9600 X147.863 Y144.639
G1 F1710 X149.315 Y146.091 E1518.58166
G0 F9600 X148.778 Y146.091
G1 F1710 X147.326 Y144.639 E1518.64265
G0 F9600 X146.788 Y144.639
G1 F1710 X148.241 Y146.091 E1518.70367
G0 F9600 X147.703 Y146.091
G1 F1710 X146.251 Y144.639 E1518.76466
G0 F9600 X145.713 Y144.639
G1 F1710 X147.166 Y146.091 E1518.82567
G0 F9600 X146.628 Y146.091
G1 F1710 X145.176 Y144.639 E1518.88666
G0 F9600 X144.639 Y144.639
G1 F1710 X146.091 Y146.091 E1518.94765
G0 F9600 X145.554 Y146.091
G1 F1710 X144.101 Y144.639 E1519.00866
G0 F9600 X143.564 Y144.639
G1 F1710 X145.016 Y146.091 E1519.06965
G0 F9600 X144.479 Y146.091
G1 F1710 X143.026 Y144.639 E1519.13066
G0 F9600 X142.489 Y144.639
G1 F1710 X143.941 Y146.091 E1519.19165
G0 F9600 X143.404 Y146.091
G1 F1710 X141.952 Y144.639 E1519.25264
G0 F9600 X141.414 Y144.639
G1 F1710 X142.867 Y146.091 E1519.31365
G0 F9600 X142.329 Y146.091
G1 F1710 X141.161 Y144.923 E1519.36271
G0 F9600 X141.161 Y145.46
G1 F1710 X141.792 Y146.091 E1519.38921
G0 F9600 X141.254 Y146.091
G1 F1710 X141.161 Y145.998 E1519.39312
G0 F9600 X141.21 Y145.998
G1 F4200 E1518.39312
G1 F1500 Z4.5
G0 F9600 X141.21 Y145.998 Z4.5
G0 X181 Y124.5
;TYPE:WALL-INNER
G1 F1500 Z4.2
G1 F2100 E1519.39312
G1 F1800 X181 Y123.5 E1519.42505
G1 X178.428 Y123.5 E1519.50717
G1 X178.428 Y124.5 E1519.5391
G1 X181 Y124.5 E1519.62122
G0 F9600 X181.4 Y124.9
G1 F1800 X181.4 Y123.1 E1519.6787
G1 X178.028 Y123.1 E1519.78637
G1 X178.028 Y124.9 E1519.84384
G1 X181.4 Y124.9 E1519.95151
G0 F9600 X181.8 Y125.3
G0 X181.8 Y125.3 Z4.19
;TYPE:WALL-OUTER
G1 F1800 X181.8 Y125.1 Z4.2 E1519.95787
G1 X181.8 Y122.7 E1520.0361
G1 X177.628 Y122.7 E1520.17208
G1 X177.628 Y125.3 E1520.25683
G1 X181.8 Y125.3 E1520.39282
G1 X181.8 Y125.1 E1520.39917
G0 F9600 X181.8 Y124.3
G0 X181.09 Y124.3
G0 X180.592 Y124.092
G0 X180.592 Y124.017
;TYPE:FILL
G1 F1800 X180.592 Y124.092 E1520.40157
G1 X179.68 Y124.092 E1520.43069
G1 X179.864 Y123.908 E1520.439
G1 X180.592 Y123.908 E1520.46224
G1 X180.483 Y123.908 E1520.46572
G1 X180.592 Y124.017 E1520.47064
G1 F4200 E1519.47064
G1 F1500 Z4.5
;MESH:NONMESH
G0 F9600 X180.592 Y124.017 Z4.5
G0 X121.336 Y124.497
;TIME_ELAPSED:1945.091125
;LAYER:21
;MESH:LC-GR3005??????RFID?????????-WB.stl
G0 X121.336 Y124.497 Z4.7
;TYPE:WALL-INNER
G1 F1500 Z4.4
G1 F2100 E1520.47064
G1 F1800 X121.336 Y123.5 E1520.50248
G1 X119 Y123.5 E1520.57706
G1 X119 Y124.499 E1520.60896
G1 X121.336 Y124.497 E1520.68355
G0 F9600 X121.736 Y124.896
G1 F1800 X121.736 Y123.1 E1520.7409
G1 X118.6 Y123.1 E1520.84103
G1 X118.6 Y124.899 E1520.89847
G1 X121.736 Y124.896 E1520.9986
G0 F9600 X122.136 Y125.296
G0 X122.136 Y125.296 Z4.39
;TYPE:WALL-OUTER
G1 F1800 X122.136 Y125.096 Z4.4 E1521.00496
G1 X122.136 Y122.7 E1521.08306
G1 X118.2 Y122.7 E1521.21136
G1 X118.2 Y125.299 E1521.29607
G1 X122.136 Y125.296 E1521.42436
G1 X122.136 Y125.096 E1521.43072
G0 F9600 X122.136 Y124.296
G0 X121.427 Y124.296
G0 X120.928 Y123.908
;TYPE:FILL
G1 F1800 X119.517 Y123.908 E1521.47577
G1 X119.408 Y124.016 E1521.48067
G1 X119.408 Y124.091 E1521.48307
G1 X120.318 Y124.089 E1521.51212
G1 X120.136 Y123.908 E1521.52032
G1 F4200 E1520.52032
G1 F1500 Z4.7
G0 F9600 X120.136 Y123.908 Z4.7
G0 X159 Y145.896
;TYPE:WALL-INNER
G1 F1500 Z4.4
G1 F2100 E1521.52032
G1 F1800 X159 Y143.233 E1521.60535
G1 X159.1 Y142.613 E1521.6254
G1 X159.311 Y141.936 E1521.64804
G1 X159.731 Y141.176 E1521.67577
G1 X160.141 Y140.699 E1521.69585
G1 X160.637 Y140.259 E1521.71702
G1 X161.379 Y139.836 E1521.74429
G1 X162.032 Y139.609 E1521.76637
G1 X162.724 Y139.504 E1521.78872
G1 X169.091 Y139.5 E1521.99201
G1 X169.615 Y139.397 E1522.00906
G1 X169.913 Y139.273 E1522.01937
G1 X170.176 Y139.113 E1522.0292
G1 X170.408 Y138.912 E1522.039
G1 X170.611 Y138.675 E1522.04896
G1 X170.774 Y138.408 E1522.05895
G1 X170.898 Y138.11 E1522.06926
G1 X171 Y137.594 E1522.08605
G1 X171 Y126.47 E1522.44124
G1 X171.058 Y126.009 E1522.45607
G1 X171.206 Y125.616 E1522.46948
G1 X171.345 Y125.378 E1522.47828
G1 X171.682 Y124.999 E1522.49448
G1 X171.89 Y124.839 E1522.50286
G1 X172.164 Y124.689 E1522.51283
G1 X172.606 Y124.547 E1522.52765
G1 X172.91 Y124.5 E1522.53748
G1 X174.336 Y124.497 E1522.58301
G1 X174.336 Y123.5 E1522.61484
G1 X125.66 Y123.5 E1524.16905
G1 X125.66 Y124.5 E1524.20098
G1 X127 Y124.5 E1524.24377
G1 X127.381 Y124.539 E1524.256
G1 X127.88 Y124.706 E1524.2728
G1 X128.118 Y124.845 E1524.2816
G1 X128.497 Y125.182 E1524.29779
G1 X128.657 Y125.39 E1524.30617
G1 X128.814 Y125.686 E1524.31687
G1 X129.001 Y126.326 E1524.33816
G1 X129 Y137.594 E1524.69794
G1 X129.1 Y138.115 E1524.71488
G1 X129.222 Y138.408 E1524.72502
G1 X129.385 Y138.675 E1524.735
G1 X129.586 Y138.91 E1524.74488
G1 X129.823 Y139.113 E1524.75484
G1 X130.085 Y139.274 E1524.76466
G1 X130.381 Y139.397 E1524.7749
G1 X130.907 Y139.5 E1524.79201
G1 X137.252 Y139.5 E1524.9946
G1 X137.848 Y139.591 E1525.01385
G1 X138.452 Y139.771 E1525.03398
G1 X139.049 Y140.063 E1525.0552
G1 X139.608 Y140.457 E1525.07703
G1 X140.195 Y141.085 E1525.10448
G1 X140.448 Y141.474 E1525.1193
G1 X140.722 Y142.038 E1525.13932
G1 X140.887 Y142.559 E1525.15677
G1 X140.996 Y143.192 E1525.17728
G1 X140.999 Y145.9 E1525.26374
G1 X158.609 Y145.896 E1525.82603
G0 F1620 X159 Y145.896
G0 F9600 X159.4 Y146.296
G1 F1800 X159.4 Y143.271 E1525.92261
G1 X159.49 Y142.701 E1525.94104
G1 X159.681 Y142.094 E1525.96136
G1 X160.062 Y141.405 E1525.9865
G1 X160.51 Y140.895 E1526.00817
G1 X160.926 Y140.554 E1526.02535
G1 X161.542 Y140.202 E1526.048
G1 X162.135 Y139.998 E1526.06802
G1 X162.718 Y139.91 E1526.08685
G1 X169.117 Y139.9 E1526.29117
G1 X169.738 Y139.779 E1526.31137
G1 X170.095 Y139.631 E1526.32371
G1 X170.413 Y139.437 E1526.3356
G1 X170.693 Y139.195 E1526.34742
G1 X170.936 Y138.91 E1526.35938
G1 X171.131 Y138.59 E1526.37134
G1 X171.28 Y138.236 E1526.38361
G1 X171.4 Y137.617 E1526.40374
G1 X171.4 Y126.48 E1526.75934
G1 X171.448 Y126.101 E1526.77154
G1 X171.576 Y125.768 E1526.78293
G1 X171.819 Y125.421 E1526.79646
G1 X172.134 Y125.156 E1526.8096
G1 X172.298 Y125.066 E1526.81557
G1 X172.911 Y124.9 E1526.83585
G1 X174.736 Y124.896 E1526.89412
G1 X174.736 Y123.1 E1526.95147
G1 X125.26 Y123.1 E1528.53122
G1 X125.26 Y124.9 E1528.5887
G1 X127.075 Y124.904 E1528.64665
G1 X127.484 Y124.976 E1528.65991
G1 X127.728 Y125.076 E1528.66833
G1 X128.075 Y125.319 E1528.68186
G1 X128.34 Y125.634 E1528.695
G1 X128.434 Y125.811 E1528.7014
G1 X128.596 Y126.338 E1528.719
G1 X128.6 Y137.617 E1529.07914
G1 X128.718 Y138.239 E1529.09935
G1 X128.865 Y138.59 E1529.1115
G1 X129.06 Y138.91 E1529.12347
G1 X129.302 Y139.194 E1529.13538
G1 X129.587 Y139.437 E1529.14734
G1 X129.902 Y139.631 E1529.15915
G1 X130.258 Y139.779 E1529.17146
G1 X130.882 Y139.9 E1529.19176
G1 X137.263 Y139.906 E1529.3955
G1 X137.879 Y140.008 E1529.41544
G1 X138.331 Y140.152 E1529.43059
G1 X138.865 Y140.419 E1529.44965
G1 X139.348 Y140.764 E1529.4686
G1 X139.876 Y141.33 E1529.49332
G1 X140.091 Y141.655 E1529.50576
G1 X140.342 Y142.163 E1529.52385
G1 X140.496 Y142.641 E1529.53989
G1 X140.596 Y143.225 E1529.5588
G1 X140.6 Y146.3 E1529.65699
G1 X159.009 Y146.296 E1530.24478
G0 F1620 X159.4 Y146.296
G1 F4200 E1529.24478
G0 F9600 X159.12 Y146.019
G0 X159.151 Y143.255
G0 X159.247 Y142.637
G0 X159.452 Y141.994
G0 X159.856 Y141.272
G0 X160.304 Y140.747
G0 X165.674 Y137.419
G1 F2100 E1530.24478
G1 F1800 X165.124 Y137.5 E1530.26253
G1 X134.904 Y137.496 E1531.22745
G1 X134.315 Y137.418 E1531.24642
G1 X133.756 Y137.228 E1531.26527
G1 X133.258 Y136.938 E1531.28367
G1 X132.81 Y136.546 E1531.30268
G1 X132.448 Y136.072 E1531.32172
G1 X132.21 Y135.6 E1531.3386
G1 X132.045 Y135.024 E1531.35773
G1 X132 Y134.624 E1531.37059
G1 X132.004 Y128.404 E1531.56919
G1 X132.082 Y127.815 E1531.58816
G1 X132.268 Y127.263 E1531.60676
G1 X132.491 Y126.849 E1531.62177
G1 X132.809 Y126.45 E1531.63806
G1 X133.33 Y125.995 E1531.66015
G1 X133.896 Y125.709 E1531.6804
G1 X134.313 Y125.58 E1531.69434
G1 X134.784 Y125.5 E1531.70959
G1 X165.082 Y125.503 E1532.677
G1 X165.69 Y125.581 E1532.69657
G1 X166.232 Y125.768 E1532.71488
G1 X166.573 Y125.948 E1532.72719
G1 X167.123 Y126.369 E1532.7493
G1 X167.519 Y126.871 E1532.76972
G1 X167.74 Y127.278 E1532.78451
G1 X167.919 Y127.822 E1532.80279
G1 X168 Y128.372 E1532.82054
G1 X167.996 Y134.592 E1533.01915
G1 X167.918 Y135.181 E1533.03812
G1 X167.791 Y135.6 E1533.0521
G1 X167.544 Y136.08 E1533.06933
G1 X167.125 Y136.625 E1533.09128
G1 X166.58 Y137.044 E1533.11323
G1 X166.1 Y137.291 E1533.13047
G1 X166.048 Y137.307 E1533.13221
G0 F1620 X165.674 Y137.419
G0 F9600 X165.966 Y136.914
G1 F1800 X165.478 Y137.054 E1533.14842
G1 X165.124 Y137.1 E1533.15982
G1 X134.944 Y137.098 E1534.12346
G1 X134.544 Y137.058 E1534.13629
G1 X133.999 Y136.906 E1534.15436
G1 X133.512 Y136.629 E1534.17225
G1 X133.119 Y136.292 E1534.18878
G1 X132.801 Y135.885 E1534.20527
G1 X132.586 Y135.466 E1534.2203
G1 X132.441 Y134.97 E1534.2368
G1 X132.4 Y134.624 E1534.24793
G1 X132.402 Y128.444 E1534.44526
G1 X132.465 Y127.931 E1534.46176
G1 X132.621 Y127.451 E1534.47787
G1 X132.827 Y127.066 E1534.49182
G1 X133.204 Y126.619 E1534.51049
G1 X133.611 Y126.301 E1534.52698
G1 X134.03 Y126.086 E1534.54202
G1 X134.526 Y125.941 E1534.55852
G1 X134.872 Y125.9 E1534.56964
G1 X165.046 Y125.902 E1535.53309
G1 X165.571 Y125.963 E1535.54996
G1 X166.045 Y126.121 E1535.56592
G1 X166.385 Y126.301 E1535.5782
G1 X166.792 Y126.619 E1535.59469
G1 X167.177 Y127.079 E1535.61385
G1 X167.383 Y127.459 E1535.62765
G1 X167.554 Y128.018 E1535.64631
G1 X167.6 Y128.372 E1535.65771
G1 X167.598 Y134.552 E1535.85504
G1 X167.558 Y134.952 E1535.86787
G1 X167.414 Y135.466 E1535.88492
G1 X167.132 Y135.981 E1535.90366
G1 X166.792 Y136.377 E1535.92033
G1 X166.39 Y136.692 E1535.93664
G1 X166.312 Y136.733 E1535.93945
G0 F1620 X165.966 Y136.914
G0 F9600 X165.832 Y136.537
G0 X165.832 Y136.537 Z4.39
;TYPE:WALL-OUTER
G1 F1800 X165.64 Y136.594 Z4.4 E1535.94582
G1 X165.446 Y136.652 E1535.95242
G1 X165.154 Y136.698 E1535.96206
G1 X134.984 Y136.7 E1536.94545
G1 X134.584 Y136.66 E1536.95855
G1 X134.174 Y136.54 E1536.97247
G1 X133.765 Y136.319 E1536.98763
G1 X133.429 Y136.039 E1537.00188
G1 X133.175 Y135.729 E1537.01495
G1 X132.96 Y135.323 E1537.02992
G1 X132.837 Y134.916 E1537.04378
G1 X132.801 Y134.652 E1537.05246
G1 X132.8 Y128.484 E1537.25351
G1 X132.84 Y128.084 E1537.26661
G1 X132.975 Y127.638 E1537.2818
G1 X133.163 Y127.283 E1537.2949
G1 X133.457 Y126.929 E1537.30989
G1 X133.798 Y126.655 E1537.32415
G1 X134.173 Y126.46 E1537.33793
G1 X134.58 Y126.337 E1537.35179
G1 X134.845 Y126.301 E1537.36051
G1 X165.01 Y126.3 E1538.34373
G1 X165.41 Y126.336 E1538.35682
G1 X165.858 Y126.475 E1538.37211
G1 X166.231 Y126.677 E1538.38594
G1 X166.567 Y126.957 E1538.40019
G1 X166.823 Y127.27 E1538.41337
G1 X167.027 Y127.641 E1538.42717
G1 X167.152 Y128.05 E1538.44111
G1 X167.198 Y128.342 E1538.45075
G1 X167.2 Y134.512 E1538.65186
G1 X167.152 Y134.95 E1538.66622
G1 X167.037 Y135.332 E1538.67923
G1 X166.819 Y135.731 E1538.69405
G1 X166.539 Y136.067 E1538.7083
G1 X166.2 Y136.34 E1538.72249
G1 X165.998 Y136.448 E1538.72995
G0 F1620 X165.832 Y136.537
G0 X165.64 Y136.594
G0 F9600 X165.446 Y136.652
G0 X165.154 Y136.698
G0 X164.852 Y136.698
G1 F4200 E1537.72995
G0 F9600 X164.852 Y137.41
G0 X160.587 Y141.032
G0 X160.186 Y141.501
G0 X159.821 Y142.154
G0 X159.638 Y142.729
G0 X159.52 Y146.419
G0 X159.8 Y146.696
G0 X159.8 Y146.696 Z4.39
G1 F2100 E1538.72995
G1 F1800 X159.8 Y146.496 Z4.4 E1538.73632
G1 X159.802 Y143.289 E1538.84085
G1 X159.88 Y142.788 E1538.85738
G1 X160.06 Y142.235 E1538.87633
G1 X160.38 Y141.655 E1538.89792
G1 X160.77 Y141.199 E1538.91748
G1 X161.124 Y140.902 E1538.93254
G1 X161.692 Y140.578 E1538.95386
G1 X162.246 Y140.386 E1538.97297
G1 X162.778 Y140.306 E1538.99051
G1 X169.143 Y140.3 E1539.19797
G1 X169.862 Y140.161 E1539.22184
G1 X170.277 Y139.989 E1539.23648
G1 X170.649 Y139.761 E1539.25071
G1 X170.977 Y139.478 E1539.26483
G1 X171.261 Y139.146 E1539.27907
G1 X171.489 Y138.772 E1539.29334
G1 X171.661 Y138.361 E1539.30787
G1 X171.766 Y137.928 E1539.32239
G1 X171.8 Y137.64 E1539.33184
G1 X171.801 Y126.471 E1539.69589
G1 X171.837 Y126.193 E1539.70503
G1 X171.974 Y125.872 E1539.71641
G1 X172.134 Y125.668 E1539.72486
G1 X172.432 Y125.443 E1539.73703
G1 X172.911 Y125.3 E1539.75332
G1 X175.136 Y125.296 E1539.82585
G1 X175.136 Y122.7 E1539.91046
G1 X124.86 Y122.7 E1541.54921
G1 X124.86 Y125.3 E1541.63395
G1 X127.025 Y125.301 E1541.70452
G1 X127.332 Y125.346 E1541.71464
G1 X127.624 Y125.474 E1541.72503
G1 X127.828 Y125.634 E1541.73348
G1 X128.054 Y125.937 E1541.7458
G1 X128.201 Y126.412 E1541.76201
G1 X128.2 Y137.64 E1542.12798
G1 X128.336 Y138.362 E1542.15193
G1 X128.507 Y138.772 E1542.16641
G1 X128.735 Y139.146 E1542.18069
G1 X129.018 Y139.478 E1542.19491
G1 X129.351 Y139.761 E1542.20915
G1 X129.72 Y139.989 E1542.22329
G1 X130.134 Y140.161 E1542.2379
G1 X130.857 Y140.3 E1542.2619
G1 X137.203 Y140.302 E1542.46875
G1 X137.757 Y140.389 E1542.48702
G1 X138.24 Y140.546 E1542.50358
G1 X138.707 Y140.79 E1542.52075
G1 X139.095 Y141.079 E1542.53652
G1 X139.57 Y141.591 E1542.55929
G1 X139.735 Y141.837 E1542.56894
G1 X139.951 Y142.261 E1542.58445
G1 X140.106 Y142.73 E1542.60055
G1 X140.194 Y143.246 E1542.61761
G1 X140.2 Y146.7 E1542.7302
G1 X159.612 Y146.696 E1543.36293
G0 F1620 X159.8 Y146.696
G0 X159.8 Y146.496
G0 F9600 X159.8 Y145.696
G1 F4200 E1542.36293
G0 F9600 X159.09 Y145.696
G0 X159.151 Y143.255
G0 X159.247 Y142.637
G0 X160.598 Y137.35
G0 X165.187 Y137.349
G0 X166.092 Y137.136
G0 X166.585 Y136.873
G0 X167.017 Y136.517
G0 X167.373 Y136.085
G0 X167.636 Y135.592
G0 X167.799 Y135.056
G0 X167.849 Y134.54
G0 X167.849 Y128.313
G0 X167.636 Y127.408
G0 X167.373 Y126.915
G0 X167.017 Y126.483
G0 X166.585 Y126.127
G0 X166.092 Y125.864
G0 X162.812 Y125.095
;TYPE:FILL
G1 F2100 E1543.36293
G1 F1800 X161.626 Y123.908 E1543.41651
G1 X164.776 Y123.908 E1543.51709
G1 X163.589 Y125.096 E1543.57071
G1 X159.817 Y125.096 E1543.69115
G1 X161.005 Y123.908 E1543.74479
G1 X157.854 Y123.908 E1543.8454
G1 X159.04 Y125.094 E1543.89896
G1 X156.046 Y125.095 E1543.99455
G1 X157.233 Y123.908 E1544.04815
G1 X154.082 Y123.908 E1544.14876
G1 X155.268 Y125.094 E1544.20232
G1 X152.275 Y125.094 E1544.29788
G1 X153.461 Y123.908 E1544.35144
G1 X150.31 Y123.908 E1544.45205
G1 X151.496 Y125.094 E1544.5056
G1 X148.504 Y125.094 E1544.60114
G1 X149.69 Y123.908 E1544.65469
G1 X146.539 Y123.908 E1544.7553
G1 X147.724 Y125.094 E1544.80883
G1 X144.733 Y125.094 E1544.90434
G1 X145.918 Y123.908 E1544.95787
G1 X142.767 Y123.908 E1545.05848
G1 X143.951 Y125.093 E1545.11196
G1 X140.961 Y125.094 E1545.20743
G1 X142.146 Y123.908 E1545.26097
G1 X138.995 Y123.908 E1545.36158
G1 X140.179 Y125.092 E1545.41504
G1 X137.19 Y125.093 E1545.51048
G1 X138.374 Y123.908 E1545.56397
G1 X135.224 Y123.908 E1545.66454
G1 X136.407 Y125.092 E1545.71799
G1 X134.861 Y125.092 E1545.76735
G0 F9600 X127.68 Y123.908
G1 F1800 X128.189 Y124.418 E1545.79036
G1 X128.042 Y124.331 E1545.79581
G1 X127.45 Y124.136 E1545.81571
G1 X126.875 Y124.092 E1545.83412
G1 X127.059 Y123.908 E1545.84243
G1 X130.831 Y123.908 E1545.96287
G1 X129.105 Y125.333 E1546.03434
G1 X131.662 Y127.89 E1546.1498
G1 X131.686 Y127.71 E1546.1556
G1 X131.9 Y127.087 E1546.17663
G1 X132.148 Y126.626 E1546.19335
G1 X132.503 Y126.18 E1546.21155
G1 X133.152 Y125.608 E1546.23917
G1 X131.452 Y123.908 E1546.31593
G1 X134.603 Y123.908 E1546.41654
G1 X129.409 Y129.102 E1546.65108
G1 X129.408 Y129.408 E1546.66085
G1 X131 Y131 E1546.73274
G1 X131.595 Y131 E1546.75174
G1 X131.595 Y131.282 E1546.76074
G1 X131 Y131.282 E1546.77974
G1 X129.408 Y132.875 E1546.85165
G1 X129.408 Y133.179 E1546.86136
G1 X131.77 Y135.542 E1546.96804
G1 X131.641 Y135.09 E1546.98305
G1 X131.592 Y134.463 E1547.00313
G1 X129.408 Y136.646 E1547.10172
G1 X129.408 Y136.951 E1547.11146
G1 X131.549 Y139.092 E1547.20814
G1 X130.941 Y139.092 E1547.22755
G1 X130.767 Y139.059 E1547.23321
G1 X132.768 Y137.059 E1547.32354
G1 X133.21 Y137.398 E1547.34133
G1 X133.813 Y137.694 E1547.36278
G1 X133.961 Y137.732 E1547.36765
G1 X134.772 Y138.544 E1547.4043
G1 X134.772 Y139.092 E1547.4218
G1 X135.054 Y139.092 E1547.4308
G1 X135.054 Y138.544 E1547.4483
G1 X135.694 Y137.904 E1547.4772
G1 X137.904 Y137.904 E1547.54776
G1 X144.114 Y144.114 E1547.82818
G1 X141.405 Y144.115 E1547.91467
G1 X141.405 Y143.508 E1547.93406
G1 X147.008 Y137.905 E1548.18706
G1 X149.221 Y137.906 E1548.25772
G1 X155.429 Y144.114 E1548.53805
G1 X152.114 Y144.115 E1548.64389
G1 X158.322 Y137.906 E1548.92424
G1 X160.538 Y137.908 E1548.995
G1 X161.866 Y139.236 E1549.05497
G1 X161.206 Y139.465 E1549.07727
G1 X160.411 Y139.917 E1549.10647
G1 X159.904 Y140.348 E1549.12772
G1 X159.582 Y140.723 E1549.1435
G1 X156.766 Y137.907 E1549.27066
G1 X154.551 Y137.906 E1549.34138
G1 X148.342 Y144.115 E1549.62175
G1 X151.657 Y144.114 E1549.7276
G1 X145.449 Y137.906 E1550.00793
G1 X143.237 Y137.904 E1550.07855
G1 X140.417 Y140.725 E1550.20591
G1 X139.881 Y140.151 E1550.23099
G1 X139.247 Y139.706 E1550.25572
G1 X138.591 Y139.387 E1550.27901
G1 X138.13 Y139.24 E1550.29446
G1 X139.466 Y137.904 E1550.35479
G1 X141.677 Y137.905 E1550.42539
G1 X147.886 Y144.114 E1550.70576
G1 X144.57 Y144.115 E1550.81164
G1 X150.779 Y137.906 E1551.09201
G1 X152.993 Y137.906 E1551.1627
G1 X158.592 Y143.505 E1551.41553
G1 X158.592 Y144.114 E1551.43497
G1 X155.885 Y144.115 E1551.5214
G1 X162.093 Y137.907 E1551.80173
G1 X164.31 Y137.908 E1551.87252
G1 X164.946 Y138.544 E1551.90124
G1 X164.946 Y139.095 E1551.91883
G1 X165.228 Y139.094 E1551.92783
G1 X165.228 Y138.544 E1551.9454
G1 X166.036 Y137.735 E1551.9819
G1 X166.245 Y137.673 E1551.98886
G1 X166.786 Y137.397 E1552.00826
G1 X167.231 Y137.058 E1552.02612
G1 X169.231 Y139.057 E1552.11641
G1 X169.057 Y139.092 E1552.12207
G1 X168.451 Y139.093 E1552.14142
G1 X170.592 Y136.952 E1552.2381
G1 X170.592 Y136.647 E1552.24784
G1 X168.403 Y134.458 E1552.34669
G1 X168.36 Y135.049 E1552.36561
G1 X168.228 Y135.543 E1552.38193
G1 X170.592 Y133.18 E1552.48866
G1 X170.592 Y132.875 E1552.4984
G1 X169 Y131.283 E1552.57028
G1 X168.406 Y131.283 E1552.58925
G1 X168.406 Y131.001 E1552.59825
G1 X168.999 Y131.001 E1552.61719
G1 X170.592 Y129.408 E1552.68912
G1 X170.592 Y129.104 E1552.69883
G1 X165.397 Y123.908 E1552.93343
G1 X168.548 Y123.908 E1553.03404
G1 X166.825 Y125.632 E1553.11187
G1 X167.409 Y126.073 E1553.13523
G1 X167.864 Y126.653 E1553.15877
G1 X168.161 Y127.198 E1553.17859
G1 X168.35 Y127.878 E1553.20113
G1 X170.909 Y125.319 E1553.31668
G1 X170.8 Y125.54 E1553.32455
G1 X169.169 Y123.908 E1553.39822
G1 X172.32 Y123.908 E1553.49883
G1 X171.804 Y124.425 E1553.52215
G1 X172.015 Y124.309 E1553.52984
G1 X172.497 Y124.154 E1553.54601
G1 X172.893 Y124.092 E1553.5588
G1 X173.123 Y124.091 E1553.56615
G1 X172.941 Y123.908 E1553.57439
G1 X173.928 Y123.908 E1553.6059
G1 F4200 E1552.6059
G0 F9600 X172.072 Y124.893
G0 X171.393 Y125.571
G0 X167.636 Y135.592
G0 X167.373 Y136.085
G0 X167.017 Y136.517
G0 X162.742 Y139.667
G0 X162.076 Y139.758
G0 X161.441 Y139.975
G0 X160.736 Y140.381
G0 X160.304 Y140.747
G0 X159.856 Y141.272
G0 X159.452 Y141.994
G0 X158.434 Y145.735
;TYPE:SKIN
G1 F2100 E1553.6059
G1 F1710 X158.839 Y145.33 E1553.62291
G0 F9600 X158.839 Y144.793
G1 F1710 X157.896 Y145.735 E1553.6625
G0 F9600 X157.359 Y145.735
G1 F1710 X158.811 Y144.283 E1553.72349
G0 F9600 X158.274 Y144.283
G1 F1710 X156.821 Y145.735 E1553.7845
G0 F9600 X156.284 Y145.735
G1 F1710 X157.736 Y144.283 E1553.84549
G0 F9600 X157.199 Y144.283
G1 F1710 X155.746 Y145.736 E1553.90653
G0 F9600 X155.209 Y145.736
G1 F1710 X156.662 Y144.283 E1553.96756
G0 F9600 X156.124 Y144.283
G1 F1710 X154.671 Y145.736 E1554.02859
G0 F9600 X154.134 Y145.736
G1 F1710 X155.587 Y144.283 E1554.08962
G0 F9600 X155.049 Y144.283
G1 F1710 X153.596 Y145.736 E1554.15065
G0 F9600 X153.059 Y145.736
G1 F1710 X154.512 Y144.283 E1554.21168
G0 F9600 X153.975 Y144.283
G1 F1710 X152.521 Y145.737 E1554.27276
G0 F9600 X151.983 Y145.737
G1 F1710 X153.437 Y144.283 E1554.33383
G0 F9600 X152.9 Y144.283
G1 F1710 X151.446 Y145.737 E1554.39491
G0 F9600 X150.909 Y145.737
G1 F1710 X152.362 Y144.283 E1554.45596
G0 F9600 X151.825 Y144.283
G1 F1710 X150.371 Y145.737 E1554.51703
G0 F9600 X149.833 Y145.738
G1 F1710 X151.288 Y144.283 E1554.57815
G0 F9600 X150.75 Y144.283
G1 F1710 X149.296 Y145.738 E1554.63924
G0 F9600 X148.758 Y145.738
G1 F1710 X150.213 Y144.283 E1554.70036
G0 F9600 X149.675 Y144.283
G1 F1710 X148.221 Y145.738 E1554.76145
G0 F9600 X147.683 Y145.738
G1 F1710 X149.138 Y144.283 E1554.82257
G0 F9600 X148.601 Y144.283
G1 F1710 X147.146 Y145.738 E1554.88369
G0 F9600 X146.608 Y145.738
G1 F1710 X148.063 Y144.283 E1554.9448
G0 F9600 X147.526 Y144.283
G1 F1710 X146.071 Y145.738 E1555.00592
G0 F9600 X145.533 Y145.738
G1 F1710 X146.988 Y144.283 E1555.06703
G0 F9600 X146.451 Y144.283
G1 F1710 X144.996 Y145.738 E1555.12815
G0 F9600 X144.458 Y145.738
G1 F1710 X145.914 Y144.283 E1555.18929
G0 F9600 X145.376 Y144.283
G1 F1710 X143.92 Y145.739 E1555.25044
G0 F9600 X143.383 Y145.739
G1 F1710 X144.839 Y144.283 E1555.3116
G0 F9600 X144.301 Y144.283
G1 F1710 X142.845 Y145.739 E1555.37276
G0 F9600 X142.308 Y145.739
G1 F1710 X143.764 Y144.283 E1555.43392
G0 F9600 X143.227 Y144.283
G1 F1710 X141.771 Y145.739 E1555.49507
G0 F9600 X141.233 Y145.739
G1 F1710 X142.689 Y144.283 E1555.55623
G0 F9600 X142.152 Y144.283
G1 F1710 X141.16 Y145.275 E1555.5979
G0 F9600 X141.159 Y144.738
G1 F1710 X141.614 Y144.283 E1555.61701
G1 F4200 E1554.61701
G1 F1500 Z4.7
G0 F9600 X141.614 Y144.283 Z4.7
G0 X181 Y124.5
;TYPE:WALL-INNER
G1 F1500 Z4.4
G1 F2100 E1555.61701
G1 F1800 X181 Y123.5 E1555.64894
G1 X178.66 Y123.5 E1555.72366
G1 X178.66 Y124.5 E1555.75559
G1 X181 Y124.5 E1555.8303
G0 F9600 X181.4 Y124.9
G1 F1800 X181.4 Y123.1 E1555.88778
G1 X178.26 Y123.1 E1555.98804
G1 X178.26 Y124.9 E1556.04551
G1 X181.4 Y124.9 E1556.14577
G0 F9600 X181.8 Y125.3
G0 X181.8 Y125.3 Z4.39
;TYPE:WALL-OUTER
G1 F1800 X181.8 Y125.1 Z4.4 E1556.15213
G1 X181.8 Y122.7 E1556.23036
G1 X177.86 Y122.7 E1556.35878
G1 X177.86 Y125.3 E1556.44353
G1 X181.8 Y125.3 E1556.57196
G1 X181.8 Y125.1 E1556.57831
G0 F9600 X181.8 Y124.3
G0 X181.09 Y124.3
G0 X180.592 Y124.092
G0 X180.592 Y124.017
;TYPE:FILL
G1 F1800 X180.592 Y124.092 E1556.58071
G1 X179.68 Y124.092 E1556.60983
G1 X179.864 Y123.908 E1556.61813
G1 X180.592 Y123.908 E1556.64138
G1 X180.483 Y123.908 E1556.64486
G1 X180.592 Y124.017 E1556.64978
G1 F4200 E1555.64978
G1 F1500 Z4.7
;MESH:NONMESH
G0 F9600 X180.592 Y124.017 Z4.7
G0 X121.178 Y124.5
;TIME_ELAPSED:1987.761307
;LAYER:22
;MESH:LC-GR3005??????RFID?????????-WB.stl
G0 X121.178 Y124.5 Z4.9
;TYPE:WALL-INNER
G1 F1500 Z4.6
G1 F2100 E1556.64978
G1 F1800 X121.177 Y123.5 E1556.68171
G1 X119 Y123.5 E1556.75122
G1 X119 Y124.5 E1556.78315
G1 X121.178 Y124.5 E1556.85269
G0 F9600 X121.579 Y124.9
G1 F1800 X121.576 Y123.1 E1556.91017
G1 X118.6 Y123.1 E1557.00519
G1 X118.6 Y124.9 E1557.06266
G1 X121.579 Y124.9 E1557.15778
G0 F9600 X121.979 Y125.3
G0 X121.979 Y125.3 Z4.59
;TYPE:WALL-OUTER
G1 F1800 X121.979 Y125.1 Z4.6 E1557.16415
G1 X121.976 Y122.7 E1557.24238
G1 X118.2 Y122.7 E1557.36545
G1 X118.2 Y125.3 E1557.4502
G1 X121.979 Y125.3 E1557.57338
G1 X121.979 Y125.1 E1557.57973
G0 F9600 X121.978 Y124.3
G0 X121.269 Y124.3
G0 X120.769 Y123.908
;TYPE:FILL
G1 F1800 X119.517 Y123.908 E1557.61971
G1 X119.408 Y124.016 E1557.62461
G1 X119.408 Y124.092 E1557.62704
G1 X120.321 Y124.092 E1557.65619
G1 X120.137 Y123.908 E1557.6645
G1 F4200 E1556.6645
G1 F1500 Z4.9
G0 F9600 X120.137 Y123.908 Z4.9
G0 X159 Y145.544
;TYPE:WALL-INNER
G1 F1500 Z4.6
G1 F2100 E1557.6645
G1 F1800 X159.003 Y143.361 E1557.7342
G1 X159.06 Y142.799 E1557.75223
G1 X159.201 Y142.222 E1557.7712
G1 X159.468 Y141.617 E1557.79232
G1 X159.769 Y141.136 E1557.81043
G1 X159.973 Y140.88 E1557.82088
G1 X160.362 Y140.491 E1557.83845
G1 X160.869 Y140.106 E1557.85878
G1 X161.476 Y139.793 E1557.88058
G1 X162.296 Y139.554 E1557.90786
G1 X162.799 Y139.504 E1557.92399
G1 X169.091 Y139.5 E1558.1249
G1 X169.615 Y139.397 E1558.14195
G1 X169.913 Y139.273 E1558.15225
G1 X170.176 Y139.113 E1558.16208
G1 X170.408 Y138.912 E1558.17188
G1 X170.611 Y138.675 E1558.18185
G1 X170.774 Y138.408 E1558.19184
G1 X170.898 Y138.11 E1558.20214
G1 X171 Y137.594 E1558.21894
G1 X171 Y126.47 E1558.57412
G1 X171.058 Y126.009 E1558.58896
G1 X171.206 Y125.616 E1558.60237
G1 X171.345 Y125.378 E1558.61117
G1 X171.682 Y124.999 E1558.62736
G1 X171.89 Y124.839 E1558.63574
G1 X172.164 Y124.689 E1558.64571
G1 X172.606 Y124.547 E1558.66054
G1 X172.912 Y124.5 E1558.67042
G1 X174.18 Y124.5 E1558.71091
G1 X174.18 Y123.5 E1558.74284
G1 X125.82 Y123.5 E1560.28696
G1 X125.82 Y124.5 E1560.31889
G1 X127 Y124.5 E1560.35657
G1 X127.381 Y124.539 E1560.3688
G1 X127.88 Y124.706 E1560.3856
G1 X128.118 Y124.845 E1560.3944
G1 X128.497 Y125.182 E1560.41059
G1 X128.657 Y125.39 E1560.41897
G1 X128.814 Y125.686 E1560.42967
G1 X129.001 Y126.326 E1560.45096
G1 X129 Y137.594 E1560.81074
G1 X129.1 Y138.115 E1560.82768
G1 X129.222 Y138.408 E1560.83782
G1 X129.385 Y138.675 E1560.8478
G1 X129.586 Y138.91 E1560.85768
G1 X129.823 Y139.113 E1560.86764
G1 X130.085 Y139.274 E1560.87746
G1 X130.381 Y139.397 E1560.8877
G1 X130.907 Y139.5 E1560.90481
G1 X137.26 Y139.5 E1561.10766
G1 X137.973 Y139.609 E1561.13069
G1 X138.595 Y139.831 E1561.15178
G1 X139.186 Y140.152 E1561.17325
G1 X139.818 Y140.653 E1561.199
G1 X140.147 Y141.036 E1561.21512
G1 X140.565 Y141.67 E1561.23937
G1 X140.82 Y142.321 E1561.2617
G1 X140.948 Y142.885 E1561.28016
G1 X140.992 Y143.329 E1561.29441
G1 X140.999 Y145.544 E1561.36513
G1 X158.609 Y145.544 E1561.92742
G0 F1620 X159 Y145.544
G0 F9600 X159.4 Y145.944
G1 F1800 X159.401 Y143.392 E1562.0089
G1 X159.433 Y142.988 E1562.02184
G1 X159.58 Y142.354 E1562.04262
G1 X159.81 Y141.825 E1562.06104
G1 X160.038 Y141.448 E1562.07511
G1 X160.286 Y141.13 E1562.08798
G1 X160.641 Y140.778 E1562.10395
G1 X161.086 Y140.444 E1562.12171
G1 X161.65 Y140.158 E1562.1419
G1 X162.321 Y139.963 E1562.16421
G1 X162.731 Y139.907 E1562.17743
G1 X169.117 Y139.9 E1562.38133
G1 X169.738 Y139.779 E1562.40153
G1 X170.095 Y139.631 E1562.41387
G1 X170.413 Y139.437 E1562.42576
G1 X170.693 Y139.195 E1562.43758
G1 X170.936 Y138.91 E1562.44954
G1 X171.131 Y138.59 E1562.46151
G1 X171.28 Y138.236 E1562.47377
G1 X171.4 Y137.617 E1562.4939
G1 X171.4 Y126.48 E1562.8495
G1 X171.448 Y126.101 E1562.8617
G1 X171.576 Y125.768 E1562.87309
G1 X171.819 Y125.421 E1562.88662
G1 X172.134 Y125.156 E1562.89976
G1 X172.298 Y125.066 E1562.90573
G1 X172.912 Y124.9 E1562.92604
G1 X174.58 Y124.9 E1562.9793
G1 X174.58 Y123.1 E1563.03678
G1 X125.42 Y123.1 E1564.60644
G1 X125.42 Y124.9 E1564.66391
G1 X127.075 Y124.904 E1564.71676
G1 X127.484 Y124.976 E1564.73002
G1 X127.728 Y125.076 E1564.73844
G1 X128.075 Y125.319 E1564.75196
G1 X128.34 Y125.634 E1564.76511
G1 X128.434 Y125.811 E1564.77151
G1 X128.596 Y126.338 E1564.78911
G1 X128.6 Y137.617 E1565.14925
G1 X128.718 Y138.239 E1565.16946
G1 X128.865 Y138.59 E1565.18161
G1 X129.06 Y138.91 E1565.19358
G1 X129.302 Y139.194 E1565.20549
G1 X129.587 Y139.437 E1565.21745
G1 X129.902 Y139.631 E1565.22926
G1 X130.258 Y139.779 E1565.24157
G1 X130.882 Y139.9 E1565.26187
G1 X137.271 Y139.906 E1565.46587
G1 X137.877 Y140 E1565.48545
G1 X138.415 Y140.188 E1565.50364
G1 X138.937 Y140.465 E1565.52251
G1 X139.542 Y140.944 E1565.54715
G1 X139.813 Y141.256 E1565.56035
G1 X140.206 Y141.85 E1565.58309
G1 X140.431 Y142.417 E1565.60257
G1 X140.55 Y142.924 E1565.61919
G1 X140.594 Y143.368 E1565.63344
G1 X140.6 Y145.944 E1565.71569
G1 X159.009 Y145.944 E1566.30349
G0 F1620 X159.4 Y145.944
G1 F4200 E1565.30349
G0 F9600 X159.12 Y145.664
G0 X159.194 Y142.905
G0 X159.347 Y142.276
G0 X159.569 Y141.751
G0 X160.121 Y140.942
G0 X160.798 Y140.368
G0 X165.674 Y137.419
G1 F2100 E1566.30349
G1 F1800 X165.124 Y137.5 E1566.32124
G1 X134.904 Y137.496 E1567.28615
G1 X134.315 Y137.418 E1567.30512
G1 X133.756 Y137.228 E1567.32398
G1 X133.258 Y136.938 E1567.34238
G1 X132.81 Y136.546 E1567.36138
G1 X132.448 Y136.072 E1567.38043
G1 X132.21 Y135.6 E1567.39731
G1 X132.045 Y135.024 E1567.41644
G1 X132 Y134.624 E1567.42929
G1 X132.004 Y128.404 E1567.62789
G1 X132.082 Y127.815 E1567.64686
G1 X132.268 Y127.263 E1567.66546
G1 X132.491 Y126.849 E1567.68048
G1 X132.809 Y126.45 E1567.69677
G1 X133.33 Y125.995 E1567.71885
G1 X133.896 Y125.709 E1567.7391
G1 X134.313 Y125.58 E1567.75304
G1 X134.784 Y125.5 E1567.76829
G1 X165.082 Y125.503 E1568.7357
G1 X165.69 Y125.581 E1568.75527
G1 X166.232 Y125.768 E1568.77358
G1 X166.573 Y125.948 E1568.78589
G1 X167.123 Y126.369 E1568.80801
G1 X167.519 Y126.871 E1568.82842
G1 X167.74 Y127.278 E1568.84321
G1 X167.919 Y127.822 E1568.8615
G1 X168 Y128.372 E1568.87925
G1 X167.996 Y134.592 E1569.07785
G1 X167.918 Y135.181 E1569.09682
G1 X167.791 Y135.6 E1569.1108
G1 X167.544 Y136.08 E1569.12804
G1 X167.125 Y136.625 E1569.14999
G1 X166.58 Y137.044 E1569.17194
G1 X166.1 Y137.291 E1569.18917
G1 X166.048 Y137.307 E1569.19091
G0 F1620 X165.674 Y137.419
G0 F9600 X165.966 Y136.914
G1 F1800 X165.478 Y137.054 E1569.20712
G1 X165.124 Y137.1 E1569.21852
G1 X134.944 Y137.098 E1570.18216
G1 X134.544 Y137.058 E1570.19499
G1 X133.999 Y136.906 E1570.21306
G1 X133.512 Y136.629 E1570.23095
G1 X133.119 Y136.292 E1570.24748
G1 X132.801 Y135.885 E1570.26397
G1 X132.586 Y135.466 E1570.27901
G1 X132.441 Y134.97 E1570.29551
G1 X132.4 Y134.624 E1570.30663
G1 X132.402 Y128.444 E1570.50396
G1 X132.442 Y128.044 E1570.51679
G1 X132.577 Y127.558 E1570.5329
G1 X132.827 Y127.066 E1570.55052
G1 X133.204 Y126.619 E1570.56919
G1 X133.611 Y126.301 E1570.58568
G1 X134.03 Y126.086 E1570.60072
G1 X134.526 Y125.941 E1570.61722
G1 X134.872 Y125.9 E1570.62835
G1 X165.046 Y125.902 E1571.59179
G1 X165.571 Y125.963 E1571.60867
G1 X166.045 Y126.121 E1571.62462
G1 X166.385 Y126.301 E1571.63691
G1 X166.792 Y126.619 E1571.6534
G1 X167.177 Y127.079 E1571.67255
G1 X167.383 Y127.459 E1571.68635
G1 X167.554 Y128.018 E1571.70502
G1 X167.6 Y128.372 E1571.71642
G1 X167.598 Y134.552 E1571.91374
G1 X167.558 Y134.952 E1571.92658
G1 X167.414 Y135.466 E1571.94362
G1 X167.132 Y135.981 E1571.96237
G1 X166.792 Y136.377 E1571.97903
G1 X166.39 Y136.692 E1571.99534
G1 X166.312 Y136.733 E1571.99815
G0 F1620 X165.966 Y136.914
G0 F9600 X165.832 Y136.537
G0 X165.832 Y136.537 Z4.59
;TYPE:WALL-OUTER
G1 F1800 X165.64 Y136.594 Z4.6 E1572.00453
G1 X165.446 Y136.652 E1572.01113
G1 X165.154 Y136.698 E1572.02076
G1 X134.984 Y136.7 E1573.00415
G1 X134.584 Y136.66 E1573.01725
G1 X134.174 Y136.54 E1573.03118
G1 X133.765 Y136.319 E1573.04633
G1 X133.429 Y136.039 E1573.06059
G1 X133.175 Y135.729 E1573.07365
G1 X132.96 Y135.323 E1573.08863
G1 X132.837 Y134.916 E1573.10249
G1 X132.801 Y134.652 E1573.11117
G1 X132.8 Y128.484 E1573.31222
G1 X132.84 Y128.084 E1573.32532
G1 X132.975 Y127.638 E1573.34051
G1 X133.163 Y127.283 E1573.3536
G1 X133.457 Y126.929 E1573.3686
G1 X133.798 Y126.655 E1573.38286
G1 X134.173 Y126.46 E1573.39664
G1 X134.58 Y126.337 E1573.41049
G1 X134.845 Y126.301 E1573.41921
G1 X165.01 Y126.3 E1574.40244
G1 X165.41 Y126.336 E1574.41553
G1 X165.858 Y126.475 E1574.43082
G1 X166.231 Y126.677 E1574.44464
G1 X166.567 Y126.957 E1574.4589
G1 X166.823 Y127.27 E1574.47208
G1 X167.027 Y127.641 E1574.48588
G1 X167.152 Y128.05 E1574.49982
G1 X167.198 Y128.342 E1574.50945
G1 X167.2 Y134.512 E1574.71057
G1 X167.152 Y134.95 E1574.72493
G1 X167.037 Y135.332 E1574.73793
G1 X166.819 Y135.731 E1574.75275
G1 X166.539 Y136.067 E1574.76701
G1 X166.2 Y136.34 E1574.78119
G1 X165.998 Y136.448 E1574.78866
G0 F1620 X165.832 Y136.537
G0 X165.64 Y136.594
G0 F9600 X165.446 Y136.652
G0 X165.154 Y136.698
G0 X164.852 Y136.698
G1 F4200 E1573.78866
G0 F9600 X164.852 Y137.41
G0 X160.419 Y141.21
G0 X159.926 Y141.933
G0 X159.728 Y142.402
G0 X159.59 Y142.97
G0 X159.52 Y146.064
G0 X159.8 Y146.344
G0 X159.8 Y146.344 Z4.59
G1 F2100 E1574.78866
G1 F1800 X159.8 Y146.144 Z4.6 E1574.79502
G1 X159.8 Y143.424 E1574.88368
G1 X159.837 Y142.988 E1574.89794
G1 X159.967 Y142.466 E1574.91548
G1 X160.152 Y142.032 E1574.93086
G1 X160.395 Y141.635 E1574.94603
G1 X160.616 Y141.36 E1574.95753
G1 X160.941 Y141.046 E1574.97226
G1 X161.285 Y140.794 E1574.98616
G1 X161.796 Y140.531 E1575.00489
G1 X162.432 Y140.347 E1575.02647
G1 X162.777 Y140.305 E1575.0378
G1 X169.143 Y140.3 E1575.2453
G1 X169.862 Y140.161 E1575.26917
G1 X170.277 Y139.989 E1575.28381
G1 X170.649 Y139.761 E1575.29803
G1 X170.977 Y139.478 E1575.31215
G1 X171.261 Y139.146 E1575.32639
G1 X171.489 Y138.772 E1575.34067
G1 X171.661 Y138.361 E1575.35519
G1 X171.766 Y137.928 E1575.36972
G1 X171.8 Y137.64 E1575.37917
G1 X171.801 Y126.471 E1575.74322
G1 X171.837 Y126.193 E1575.75236
G1 X171.974 Y125.872 E1575.76373
G1 X172.134 Y125.668 E1575.77218
G1 X172.432 Y125.443 E1575.78436
G1 X172.878 Y125.3 E1575.79962
G1 X174.98 Y125.3 E1575.86814
G1 X174.98 Y122.7 E1575.95288
G1 X125.02 Y122.7 E1577.58133
G1 X125.02 Y125.3 E1577.66607
G1 X127.025 Y125.301 E1577.73143
G1 X127.332 Y125.346 E1577.74154
G1 X127.624 Y125.474 E1577.75193
G1 X127.828 Y125.634 E1577.76038
G1 X128.054 Y125.937 E1577.7727
G1 X128.201 Y126.412 E1577.78891
G1 X128.2 Y137.64 E1578.15489
G1 X128.336 Y138.362 E1578.17883
G1 X128.507 Y138.772 E1578.19331
G1 X128.735 Y139.146 E1578.20759
G1 X129.018 Y139.478 E1578.22181
G1 X129.351 Y139.761 E1578.23605
G1 X129.72 Y139.989 E1578.25019
G1 X130.134 Y140.161 E1578.2648
G1 X130.857 Y140.3 E1578.2888
G1 X137.211 Y140.302 E1578.49591
G1 X137.792 Y140.394 E1578.51508
G1 X138.235 Y140.545 E1578.53034
G1 X138.689 Y140.779 E1578.54699
G1 X139.273 Y141.245 E1578.57134
G1 X139.461 Y141.453 E1578.58048
G1 X139.857 Y142.055 E1578.60397
G1 X140.043 Y142.512 E1578.62005
G1 X140.152 Y142.964 E1578.6352
G1 X140.196 Y143.408 E1578.64975
G1 X140.2 Y146.344 E1578.74545
G1 X159.612 Y146.344 E1579.37818
G0 F1620 X159.8 Y146.344
G0 X159.8 Y146.144
G0 F9600 X159.8 Y145.344
G0 X159.091 Y145.343
G0 X156.399 Y143.6
;TYPE:FILL
G1 F1800 X162.093 Y137.907 E1579.63527
G1 X164.31 Y137.908 E1579.70606
G1 X164.946 Y138.544 E1579.73478
G1 X164.946 Y139.095 E1579.75237
G1 X165.228 Y139.095 E1579.76138
G1 X165.228 Y138.544 E1579.77897
G1 X166.036 Y137.735 E1579.81548
G1 X166.245 Y137.673 E1579.82244
G1 X166.786 Y137.397 E1579.84183
G1 X167.231 Y137.058 E1579.85969
G1 X169.231 Y139.057 E1579.94998
G1 X169.057 Y139.092 E1579.95565
G1 X168.451 Y139.093 E1579.975
G1 X170.592 Y136.952 E1580.07167
G1 X170.592 Y136.647 E1580.08141
G1 X168.403 Y134.458 E1580.18026
G1 X168.36 Y135.049 E1580.19918
G1 X168.228 Y135.543 E1580.21551
G1 X170.592 Y133.18 E1580.32223
G1 X170.592 Y132.875 E1580.33197
G1 X169 Y131.283 E1580.40386
G1 X168.406 Y131.283 E1580.42282
G1 X168.406 Y131.001 E1580.43183
G1 X168.999 Y131.001 E1580.45076
G1 X170.592 Y129.408 E1580.52269
G1 X170.592 Y129.104 E1580.5324
G1 X165.397 Y123.908 E1580.76701
G1 X168.548 Y123.908 E1580.86762
G1 X166.825 Y125.632 E1580.94544
G1 X167.409 Y126.073 E1580.96881
G1 X167.864 Y126.653 E1580.99235
G1 X168.161 Y127.198 E1581.01216
G1 X168.35 Y127.878 E1581.0347
G1 X170.909 Y125.319 E1581.15025
G1 X170.8 Y125.54 E1581.15812
G1 X169.169 Y123.908 E1581.23179
G1 X172.32 Y123.908 E1581.3324
G1 X171.804 Y124.425 E1581.35572
G1 X172.015 Y124.309 E1581.36341
G1 X172.497 Y124.154 E1581.37958
G1 X172.896 Y124.092 E1581.39247
G1 X173.124 Y124.092 E1581.39975
G1 X172.941 Y123.908 E1581.40804
G1 X173.772 Y123.908 E1581.43457
G1 F4200 E1580.43457
G0 F9600 X162.812 Y125.095
G1 F2100 E1581.43457
G1 F1800 X161.626 Y123.908 E1581.48815
G1 X164.776 Y123.908 E1581.58873
G1 X163.589 Y125.096 E1581.64235
G1 X159.817 Y125.096 E1581.76279
G1 X161.005 Y123.908 E1581.81643
G1 X157.854 Y123.908 E1581.91704
G1 X159.04 Y125.094 E1581.9706
G1 X156.046 Y125.095 E1582.0662
G1 X157.233 Y123.908 E1582.11979
G1 X154.082 Y123.908 E1582.22041
G1 X155.268 Y125.094 E1582.27396
G1 X152.275 Y125.094 E1582.36953
G1 X153.461 Y123.908 E1582.42308
G1 X150.31 Y123.908 E1582.52369
G1 X151.496 Y125.094 E1582.57724
G1 X148.504 Y125.094 E1582.67278
G1 X149.69 Y123.908 E1582.72633
G1 X146.539 Y123.908 E1582.82694
G1 X147.724 Y125.094 E1582.88047
G1 X144.733 Y125.094 E1582.97598
G1 X145.918 Y123.908 E1583.02951
G1 X142.767 Y123.908 E1583.13012
G1 X143.951 Y125.093 E1583.18361
G1 X140.961 Y125.094 E1583.27908
G1 X142.146 Y123.908 E1583.33261
G1 X138.995 Y123.908 E1583.43322
G1 X140.179 Y125.092 E1583.48668
G1 X137.19 Y125.093 E1583.58212
G1 X138.374 Y123.908 E1583.63561
G1 X135.224 Y123.908 E1583.73619
G1 X136.407 Y125.092 E1583.78963
G1 X134.861 Y125.092 E1583.83899
G0 F9600 X127.68 Y123.908
G1 F1800 X128.189 Y124.418 E1583.862
G1 X128.042 Y124.331 E1583.86745
G1 X127.45 Y124.136 E1583.88735
G1 X126.875 Y124.092 E1583.90577
G1 X127.059 Y123.908 E1583.91407
G1 X130.831 Y123.908 E1584.03451
G1 X129.105 Y125.333 E1584.10598
G1 X131.662 Y127.89 E1584.22144
G1 X131.686 Y127.71 E1584.22724
G1 X131.9 Y127.087 E1584.24827
G1 X132.148 Y126.626 E1584.26499
G1 X132.503 Y126.18 E1584.28319
G1 X133.152 Y125.608 E1584.31081
G1 X131.452 Y123.908 E1584.38758
G1 X134.603 Y123.908 E1584.48819
G1 X129.409 Y129.102 E1584.72272
G1 X129.408 Y129.408 E1584.73249
G1 X131 Y131 E1584.80438
G1 X131.595 Y131 E1584.82338
G1 X131.595 Y131.282 E1584.83238
G1 X131 Y131.282 E1584.85138
G1 X129.408 Y132.875 E1584.92329
G1 X129.408 Y133.179 E1584.933
G1 X131.77 Y135.542 E1585.03968
G1 X131.641 Y135.09 E1585.05469
G1 X131.592 Y134.463 E1585.07477
G1 X129.408 Y136.646 E1585.17336
G1 X129.408 Y136.951 E1585.1831
G1 X131.548 Y139.091 E1585.27974
G1 X130.941 Y139.092 E1585.29912
G1 X130.767 Y139.059 E1585.30477
G1 X132.768 Y137.059 E1585.39511
G1 X133.21 Y137.398 E1585.41289
G1 X133.813 Y137.694 E1585.43434
G1 X133.961 Y137.732 E1585.43922
G1 X134.773 Y138.544 E1585.47589
G1 X134.773 Y139.092 E1585.49338
G1 X135.055 Y139.091 E1585.50239
G1 X135.055 Y138.543 E1585.51988
G1 X135.694 Y137.904 E1585.54874
G1 X137.904 Y137.904 E1585.6193
G1 X143.6 Y143.6 E1585.87651
G0 F9600 X145.084 Y143.6
G1 F1800 X150.779 Y137.906 E1586.13365
G1 X152.993 Y137.906 E1586.20434
G1 X158.595 Y143.508 E1586.4573
G1 X158.594 Y143.758 E1586.46528
G1 X156.242 Y143.758 E1586.54038
G1 X156.399 Y143.6 E1586.54749
G1 X154.915 Y143.6 E1586.59488
G1 X155.073 Y143.758 E1586.60201
G1 X152.47 Y143.758 E1586.68512
G1 X152.627 Y143.6 E1586.69224
G1 X151.143 Y143.6 E1586.73962
G1 X151.301 Y143.758 E1586.74675
G1 X148.697 Y143.759 E1586.8299
G1 X148.855 Y143.6 E1586.83706
G1 X147.372 Y143.6 E1586.88441
G1 X147.53 Y143.758 E1586.89154
G1 X144.926 Y143.759 E1586.97469
G1 X145.084 Y143.6 E1586.98185
G1 X143.6 Y143.6 E1587.02923
G1 X143.758 Y143.758 E1587.03636
G1 X141.401 Y143.759 E1587.11162
G1 X141.4 Y143.513 E1587.11948
G1 X147.008 Y137.905 E1587.37271
G1 X149.221 Y137.906 E1587.44337
G1 X154.915 Y143.6 E1587.70048
G0 F9600 X152.627 Y143.6
G1 F1800 X158.322 Y137.906 E1587.95762
G1 X160.538 Y137.908 E1588.02838
G1 X161.88 Y139.25 E1588.08898
G1 X161.317 Y139.416 E1588.10772
G1 X160.649 Y139.761 E1588.13172
G1 X160.085 Y140.191 E1588.15437
G1 X159.569 Y140.711 E1588.17776
G1 X156.766 Y137.907 E1588.30435
G1 X154.551 Y137.906 E1588.37508
G1 X148.855 Y143.6 E1588.63224
G0 F9600 X147.372 Y143.6
G1 F1800 X141.677 Y137.905 E1588.8894
G1 X139.466 Y137.904 E1588.96
G1 X138.135 Y139.235 E1589.0201
G1 X138.607 Y139.393 E1589.03599
G1 X139.317 Y139.735 E1589.06115
G1 X140.106 Y140.36 E1589.09329
G1 X140.417 Y140.725 E1589.1086
G1 X143.237 Y137.904 E1589.23596
G1 X145.449 Y137.906 E1589.30659
G1 X151.143 Y143.6 E1589.56371
G0 F9600 X158.438 Y143.928
;TYPE:SKIN
G1 F1710 X158.841 Y144.331 E1589.58064
G0 F9600 X158.84 Y144.868
G1 F1710 X157.9 Y143.928 E1589.62012
G0 F9600 X157.363 Y143.928
G1 F1710 X158.818 Y145.383 E1589.68124
G0 F9600 X158.28 Y145.383
G1 F1710 X156.826 Y143.928 E1589.74233
G0 F9600 X156.288 Y143.928
G1 F1710 X157.743 Y145.383 E1589.80345
G0 F9600 X157.205 Y145.383
G1 F1710 X155.751 Y143.928 E1589.86454
G0 F9600 X155.213 Y143.928
G1 F1710 X156.668 Y145.383 E1589.92566
G0 F9600 X156.131 Y145.383
G1 F1710 X154.676 Y143.928 E1589.98677
G0 F9600 X154.139 Y143.928
G1 F1710 X155.593 Y145.383 E1590.04787
G0 F9600 X155.056 Y145.383
G1 F1710 X153.601 Y143.928 E1590.10898
G0 F9600 X153.064 Y143.928
G1 F1710 X154.518 Y145.383 E1590.17008
G0 F9600 X153.981 Y145.383
G1 F1710 X152.526 Y143.928 E1590.23119
G0 F9600 X151.989 Y143.928
G1 F1710 X153.444 Y145.383 E1590.29231
G0 F9600 X152.906 Y145.383
G1 F1710 X151.452 Y143.928 E1590.3534
G0 F9600 X150.914 Y143.928
G1 F1710 X152.369 Y145.383 E1590.41452
G0 F9600 X151.831 Y145.383
G1 F1710 X150.377 Y143.928 E1590.47561
G0 F9600 X149.839 Y143.928
G1 F1710 X151.294 Y145.383 E1590.53673
G0 F9600 X150.757 Y145.383
G1 F1710 X149.302 Y143.928 E1590.59785
G0 F9600 X148.765 Y143.928
G1 F1710 X150.219 Y145.383 E1590.65894
G0 F9600 X149.682 Y145.383
G1 F1710 X148.227 Y143.928 E1590.72006
G0 F9600 X147.69 Y143.928
G1 F1710 X149.144 Y145.383 E1590.78115
G0 F9600 X148.607 Y145.383
G1 F1710 X147.152 Y143.928 E1590.84227
G0 F9600 X146.615 Y143.928
G1 F1710 X148.07 Y145.383 E1590.90338
G0 F9600 X147.532 Y145.383
G1 F1710 X146.078 Y143.928 E1590.96448
G0 F9600 X145.54 Y143.928
G1 F1710 X146.995 Y145.383 E1591.02559
G0 F9600 X146.457 Y145.383
G1 F1710 X145.003 Y143.928 E1591.08669
G0 F9600 X144.465 Y143.928
G1 F1710 X145.92 Y145.383 E1591.1478
G0 F9600 X145.383 Y145.383
G1 F1710 X143.928 Y143.928 E1591.20892
G0 F9600 X143.391 Y143.928
G1 F1710 X144.845 Y145.383 E1591.27001
G0 F9600 X144.308 Y145.383
G1 F1710 X142.853 Y143.928 E1591.33113
G0 F9600 X142.316 Y143.928
G1 F1710 X143.77 Y145.383 E1591.39223
G0 F9600 X143.233 Y145.383
G1 F1710 X141.778 Y143.928 E1591.45334
G0 F9600 X141.241 Y143.928
G1 F1710 X142.696 Y145.383 E1591.51446
G0 F9600 X142.158 Y145.383
G1 F1710 X141.156 Y144.381 E1591.55654
G0 F9600 X141.158 Y144.919
G1 F1710 X141.621 Y145.383 E1591.57601
G0 F9600 X141.622 Y145.334
G1 F4200 E1590.57601
G1 F1500 Z4.9
G0 F9600 X141.622 Y145.334 Z4.9
G0 X181 Y124.5
;TYPE:WALL-INNER
G1 F1500 Z4.6
G1 F2100 E1591.57601
G1 F1800 X181 Y123.5 E1591.60794
G1 X178.82 Y123.5 E1591.67755
G1 X178.82 Y124.5 E1591.70948
G1 X181 Y124.5 E1591.77909
G0 F9600 X181.4 Y124.9
G1 F1800 X181.4 Y123.1 E1591.83656
G1 X178.42 Y123.1 E1591.93171
G1 X178.42 Y124.9 E1591.98918
G1 X181.4 Y124.9 E1592.08433
G0 F9600 X181.8 Y125.3
G0 X181.8 Y125.3 Z4.59
;TYPE:WALL-OUTER
G1 F1800 X181.8 Y125.1 Z4.6 E1592.0907
G1 X181.8 Y122.7 E1592.16893
G1 X178.02 Y122.7 E1592.29214
G1 X178.02 Y125.3 E1592.37688
G1 X181.8 Y125.3 E1592.50009
G1 X181.8 Y125.1 E1592.50645
G0 F9600 X181.8 Y124.3
G0 X181.09 Y124.3
G0 X180.592 Y124.092
G0 X180.592 Y124.017
;TYPE:FILL
G1 F1800 X180.592 Y124.092 E1592.50884
G1 X179.679 Y124.092 E1592.53799
G1 X179.864 Y123.908 E1592.54633
G1 X180.592 Y123.908 E1592.56957
G1 X180.484 Y123.908 E1592.57302
G1 X180.592 Y124.017 E1592.57792
G1 F4200 E1591.57792
G1 F1500 Z4.9
;MESH:NONMESH
G0 F9600 X180.592 Y124.017 Z4.9
G0 X121.06 Y124.5
;TIME_ELAPSED:2029.907908
;LAYER:23
;MESH:LC-GR3005??????RFID?????????-WB.stl
G0 X121.06 Y124.5 Z5.1
;TYPE:WALL-INNER
G1 F1500 Z4.8
G1 F2100 E1592.57792
G1 F1800 X121.06 Y123.5 E1592.60985
G1 X119 Y123.5 E1592.67562
G1 X119 Y124.5 E1592.70755
G1 X121.06 Y124.5 E1592.77333
G0 F9600 X121.46 Y124.9
G1 F1800 X121.46 Y123.1 E1592.8308
G1 X118.6 Y123.1 E1592.92212
G1 X118.6 Y124.9 E1592.97959
G1 X121.46 Y124.9 E1593.07091
G0 F9600 X121.86 Y125.3
G0 X121.86 Y125.3 Z4.79
;TYPE:WALL-OUTER
G1 F1800 X121.86 Y125.1 Z4.8 E1593.07728
G1 X121.86 Y122.7 E1593.1555
G1 X118.2 Y122.7 E1593.2748
G1 X118.2 Y125.3 E1593.35955
G1 X121.86 Y125.3 E1593.47885
G1 X121.86 Y125.1 E1593.4852
G0 F9600 X121.86 Y124.3
G0 X121.152 Y124.3
G0 X120.652 Y123.908
;TYPE:FILL
G1 F1800 X119.517 Y123.908 E1593.52144
G1 X119.408 Y124.016 E1593.52634
G1 X119.408 Y124.092 E1593.52877
G1 X120.32 Y124.092 E1593.55789
G1 X120.136 Y123.908 E1593.5662
G1 F4200 E1592.5662
G1 F1500 Z5.1
G0 F9600 X120.136 Y123.908 Z5.1
G0 X159 Y145.188
;TYPE:WALL-INNER
G1 F1500 Z4.8
G1 F2100 E1593.5662
G1 F1800 X159 Y143.187 E1593.63009
G1 X159.135 Y142.464 E1593.65357
G1 X159.36 Y141.84 E1593.67475
G1 X159.747 Y141.153 E1593.69993
G1 X160.196 Y140.641 E1593.72167
G1 X160.575 Y140.318 E1593.73757
G1 X161.04 Y140.009 E1593.7554
G1 X161.544 Y139.769 E1593.77322
G1 X162.125 Y139.595 E1593.79259
G1 X162.726 Y139.504 E1593.812
G1 X169.091 Y139.5 E1594.01523
G1 X169.615 Y139.397 E1594.03228
G1 X169.913 Y139.273 E1594.04259
G1 X170.176 Y139.113 E1594.05242
G1 X170.408 Y138.912 E1594.06222
G1 X170.611 Y138.675 E1594.07218
G1 X170.774 Y138.408 E1594.08217
G1 X170.898 Y138.11 E1594.09248
G1 X171 Y137.594 E1594.10927
G1 X171 Y126.47 E1594.46446
G1 X171.058 Y126.009 E1594.47929
G1 X171.206 Y125.616 E1594.4927
G1 X171.345 Y125.378 E1594.5015
G1 X171.682 Y124.999 E1594.5177
G1 X171.89 Y124.839 E1594.52607
G1 X172.164 Y124.689 E1594.53605
G1 X172.606 Y124.547 E1594.55087
G1 X172.912 Y124.5 E1594.56076
G1 X174.06 Y124.5 E1594.59741
G1 X174.06 Y123.5 E1594.62934
G1 X125.936 Y123.5 E1596.16593
G1 X125.936 Y124.5 E1596.19786
G1 X127 Y124.5 E1596.23183
G1 X127.381 Y124.539 E1596.24406
G1 X127.88 Y124.706 E1596.26086
G1 X128.118 Y124.845 E1596.26966
G1 X128.497 Y125.182 E1596.28585
G1 X128.657 Y125.39 E1596.29423
G1 X128.814 Y125.686 E1596.30493
G1 X129.001 Y126.326 E1596.32622
G1 X129 Y137.594 E1596.68601
G1 X129.1 Y138.115 E1596.70294
G1 X129.222 Y138.408 E1596.71308
G1 X129.385 Y138.675 E1596.72307
G1 X129.586 Y138.91 E1596.73294
G1 X129.823 Y139.113 E1596.7429
G1 X130.085 Y139.274 E1596.75272
G1 X130.381 Y139.397 E1596.76296
G1 X130.907 Y139.5 E1596.78007
G1 X137.256 Y139.5 E1596.98279
G1 X137.966 Y139.609 E1597.00573
G1 X138.603 Y139.832 E1597.02728
G1 X139.185 Y140.151 E1597.04847
G1 X139.741 Y140.591 E1597.07111
G1 X139.907 Y140.758 E1597.07863
G1 X140.403 Y141.391 E1597.10431
G1 X140.705 Y141.977 E1597.12536
G1 X140.941 Y142.796 E1597.15257
G1 X140.996 Y143.31 E1597.16908
G1 X140.999 Y145.188 E1597.22904
G1 X158.609 Y145.188 E1597.79132
G0 F1620 X159 Y145.188
G0 F9600 X159.4 Y145.588
G1 F1800 X159.4 Y143.225 E1597.86677
G1 X159.522 Y142.567 E1597.88814
G1 X159.709 Y142.037 E1597.90609
G1 X160.076 Y141.386 E1597.92995
G1 X160.51 Y140.899 E1597.95078
G1 X160.9 Y140.574 E1597.96699
G1 X161.326 Y140.308 E1597.98302
G1 X161.678 Y140.146 E1597.99539
G1 X162.185 Y139.99 E1598.01233
G1 X162.714 Y139.91 E1598.02941
G1 X169.117 Y139.9 E1598.23386
G1 X169.738 Y139.779 E1598.25406
G1 X170.095 Y139.631 E1598.2664
G1 X170.413 Y139.437 E1598.27829
G1 X170.693 Y139.195 E1598.29011
G1 X170.936 Y138.91 E1598.30207
G1 X171.131 Y138.59 E1598.31404
G1 X171.28 Y138.236 E1598.3263
G1 X171.4 Y137.617 E1598.34643
G1 X171.4 Y126.48 E1598.70203
G1 X171.448 Y126.101 E1598.71423
G1 X171.576 Y125.768 E1598.72562
G1 X171.819 Y125.421 E1598.73915
G1 X172.134 Y125.156 E1598.75229
G1 X172.298 Y125.066 E1598.75827
G1 X172.912 Y124.9 E1598.77857
G1 X174.46 Y124.9 E1598.828
G1 X174.46 Y123.1 E1598.88547
G1 X125.536 Y123.1 E1600.4476
G1 X125.536 Y124.9 E1600.50508
G1 X127.075 Y124.904 E1600.55422
G1 X127.484 Y124.976 E1600.56748
G1 X127.728 Y125.076 E1600.5759
G1 X128.075 Y125.319 E1600.58942
G1 X128.34 Y125.634 E1600.60257
G1 X128.434 Y125.811 E1600.60897
G1 X128.596 Y126.338 E1600.62657
G1 X128.6 Y137.617 E1600.98671
G1 X128.718 Y138.239 E1601.00692
G1 X128.865 Y138.59 E1601.01907
G1 X129.06 Y138.91 E1601.03104
G1 X129.302 Y139.194 E1601.04295
G1 X129.587 Y139.437 E1601.05491
G1 X129.902 Y139.631 E1601.06672
G1 X130.258 Y139.779 E1601.07903
G1 X130.882 Y139.9 E1601.09933
G1 X137.267 Y139.906 E1601.3032
G1 X137.872 Y140 E1601.32275
G1 X138.421 Y140.189 E1601.34129
G1 X138.937 Y140.465 E1601.35997
G1 X139.55 Y140.95 E1601.38493
G1 X140.029 Y141.561 E1601.40972
G1 X140.331 Y142.124 E1601.43012
G1 X140.533 Y142.826 E1601.45344
G1 X140.592 Y143.237 E1601.4667
G1 X140.6 Y145.588 E1601.54177
G1 X159.009 Y145.588 E1602.12956
G0 F1620 X159.4 Y145.588
G1 F4200 E1601.12956
G0 F9600 X159.12 Y145.308
G0 X159.152 Y143.204
G0 X159.267 Y142.555
G0 X159.454 Y141.99
G0 X159.875 Y141.245
G0 X160.302 Y140.751
G0 X165.674 Y137.419
G1 F2100 E1602.12956
G1 F1800 X165.124 Y137.5 E1602.14731
G1 X134.904 Y137.496 E1603.11223
G1 X134.315 Y137.418 E1603.1312
G1 X133.756 Y137.228 E1603.15005
G1 X133.258 Y136.938 E1603.16845
G1 X132.81 Y136.546 E1603.18746
G1 X132.448 Y136.072 E1603.2065
G1 X132.21 Y135.6 E1603.22338
G1 X132.045 Y135.024 E1603.24251
G1 X132 Y134.624 E1603.25536
G1 X132.004 Y128.404 E1603.45397
G1 X132.082 Y127.815 E1603.47294
G1 X132.268 Y127.263 E1603.49154
G1 X132.491 Y126.849 E1603.50655
G1 X132.809 Y126.45 E1603.52284
G1 X133.33 Y125.995 E1603.54493
G1 X133.896 Y125.709 E1603.56518
G1 X134.313 Y125.58 E1603.57912
G1 X134.784 Y125.5 E1603.59437
G1 X165.082 Y125.503 E1604.56178
G1 X165.69 Y125.581 E1604.58135
G1 X166.232 Y125.768 E1604.59966
G1 X166.573 Y125.948 E1604.61197
G1 X167.123 Y126.369 E1604.63408
G1 X167.519 Y126.871 E1604.6545
G1 X167.74 Y127.278 E1604.66929
G1 X167.919 Y127.822 E1604.68757
G1 X168 Y128.372 E1604.70532
G1 X167.996 Y134.592 E1604.90393
G1 X167.918 Y135.181 E1604.9229
G1 X167.791 Y135.6 E1604.93688
G1 X167.544 Y136.08 E1604.95411
G1 X167.125 Y136.625 E1604.97606
G1 X166.58 Y137.044 E1604.99801
G1 X166.1 Y137.291 E1605.01525
G1 X166.048 Y137.307 E1605.01699
G0 F1620 X165.674 Y137.419
G0 F9600 X165.966 Y136.914
G1 F1800 X165.478 Y137.054 E1605.0332
G1 X165.124 Y137.1 E1605.0446
G1 X134.944 Y137.098 E1606.00823
G1 X134.544 Y137.058 E1606.02107
G1 X133.999 Y136.906 E1606.03914
G1 X133.512 Y136.629 E1606.05702
G1 X133.119 Y136.292 E1606.07356
G1 X132.801 Y135.885 E1606.09005
G1 X132.586 Y135.466 E1606.10508
G1 X132.441 Y134.97 E1606.12158
G1 X132.4 Y134.624 E1606.13271
G1 X132.402 Y128.444 E1606.33003
G1 X132.442 Y128.044 E1606.34287
G1 X132.577 Y127.558 E1606.35898
G1 X132.827 Y127.066 E1606.3766
G1 X133.204 Y126.619 E1606.39527
G1 X133.611 Y126.301 E1606.41176
G1 X134.03 Y126.086 E1606.4268
G1 X134.526 Y125.941 E1606.4433
G1 X134.872 Y125.9 E1606.45442
G1 X165.046 Y125.902 E1607.41787
G1 X165.571 Y125.963 E1607.43475
G1 X166.045 Y126.121 E1607.4507
G1 X166.385 Y126.301 E1607.46298
G1 X166.792 Y126.619 E1607.47947
G1 X167.177 Y127.079 E1607.49863
G1 X167.383 Y127.459 E1607.51243
G1 X167.554 Y128.018 E1607.53109
G1 X167.6 Y128.372 E1607.54249
G1 X167.598 Y134.552 E1607.73982
G1 X167.558 Y134.952 E1607.75265
G1 X167.414 Y135.466 E1607.7697
G1 X167.132 Y135.981 E1607.78844
G1 X166.792 Y136.377 E1607.80511
G1 X166.39 Y136.692 E1607.82142
G1 X166.312 Y136.733 E1607.82423
G0 F1620 X165.966 Y136.914
G0 F9600 X165.832 Y136.537
G0 X165.832 Y136.537 Z4.79
;TYPE:WALL-OUTER
G1 F1800 X165.64 Y136.594 Z4.8 E1607.8306
G1 X165.446 Y136.652 E1607.8372
G1 X165.154 Y136.698 E1607.84684
G1 X134.984 Y136.7 E1608.83023
G1 X134.584 Y136.66 E1608.84333
G1 X134.174 Y136.54 E1608.85725
G1 X133.765 Y136.319 E1608.87241
G1 X133.429 Y136.039 E1608.88666
G1 X133.175 Y135.729 E1608.89973
G1 X132.96 Y135.323 E1608.9147
G1 X132.837 Y134.916 E1608.92856
G1 X132.801 Y134.652 E1608.93725
G1 X132.8 Y128.484 E1609.13829
G1 X132.84 Y128.084 E1609.15139
G1 X132.975 Y127.638 E1609.16658
G1 X133.163 Y127.283 E1609.17968
G1 X133.457 Y126.929 E1609.19468
G1 X133.798 Y126.655 E1609.20893
G1 X134.173 Y126.46 E1609.22271
G1 X134.58 Y126.337 E1609.23657
G1 X134.845 Y126.301 E1609.24529
G1 X165.01 Y126.3 E1610.22851
G1 X165.41 Y126.336 E1610.2416
G1 X165.858 Y126.475 E1610.25689
G1 X166.231 Y126.677 E1610.27072
G1 X166.567 Y126.957 E1610.28497
G1 X166.823 Y127.27 E1610.29815
G1 X167.027 Y127.641 E1610.31195
G1 X167.152 Y128.05 E1610.3259
G1 X167.198 Y128.342 E1610.33553
G1 X167.2 Y134.512 E1610.53664
G1 X167.152 Y134.95 E1610.551
G1 X167.037 Y135.332 E1610.56401
G1 X166.819 Y135.731 E1610.57883
G1 X166.539 Y136.067 E1610.59308
G1 X166.2 Y136.34 E1610.60727
G1 X165.998 Y136.448 E1610.61474
G0 F1620 X165.832 Y136.537
G0 X165.64 Y136.594
G0 F9600 X165.446 Y136.652
G0 X165.154 Y136.698
G0 X164.852 Y136.698
G1 F4200 E1609.61474
G0 F9600 X164.852 Y137.41
G0 X160.584 Y141.035
G0 X160.204 Y141.476
G0 X159.821 Y142.153
G0 X159.655 Y142.653
G0 X159.52 Y145.708
G0 X159.8 Y145.988
G0 X159.8 Y145.988 Z4.79
G1 F2100 E1610.61474
G1 F1800 X159.8 Y145.788 Z4.8 E1610.6211
G1 X159.803 Y143.245 E1610.70399
G1 X159.9 Y142.697 E1610.72213
G1 X160.057 Y142.233 E1610.73809
G1 X160.393 Y141.637 E1610.7604
G1 X160.77 Y141.203 E1610.77913
G1 X161.116 Y140.911 E1610.79389
G1 X161.495 Y140.67 E1610.80853
G1 X161.818 Y140.521 E1610.82012
G1 X162.245 Y140.386 E1610.83472
G1 X162.774 Y140.306 E1610.85216
G1 X169.143 Y140.3 E1611.05976
G1 X169.862 Y140.161 E1611.08363
G1 X170.277 Y139.989 E1611.09827
G1 X170.649 Y139.761 E1611.11249
G1 X170.977 Y139.478 E1611.12661
G1 X171.261 Y139.146 E1611.14085
G1 X171.489 Y138.772 E1611.15513
G1 X171.661 Y138.361 E1611.16965
G1 X171.766 Y137.928 E1611.18418
G1 X171.8 Y137.64 E1611.19363
G1 X171.801 Y126.471 E1611.55768
G1 X171.837 Y126.193 E1611.56682
G1 X171.974 Y125.872 E1611.57819
G1 X172.134 Y125.668 E1611.58664
G1 X172.432 Y125.443 E1611.59882
G1 X172.878 Y125.3 E1611.61408
G1 X174.86 Y125.3 E1611.67868
G1 X174.86 Y122.7 E1611.76343
G1 X125.136 Y122.7 E1613.38418
G1 X125.136 Y125.3 E1613.46893
G1 X127.025 Y125.301 E1613.5305
G1 X127.332 Y125.346 E1613.54061
G1 X127.624 Y125.474 E1613.55101
G1 X127.828 Y125.634 E1613.55946
G1 X128.054 Y125.937 E1613.57178
G1 X128.201 Y126.412 E1613.58798
G1 X128.2 Y137.64 E1613.95396
G1 X128.336 Y138.362 E1613.97791
G1 X128.507 Y138.772 E1613.99239
G1 X128.735 Y139.146 E1614.00666
G1 X129.018 Y139.478 E1614.02088
G1 X129.351 Y139.761 E1614.03513
G1 X129.72 Y139.989 E1614.04927
G1 X130.134 Y140.161 E1614.06388
G1 X130.857 Y140.3 E1614.08788
G1 X137.207 Y140.302 E1614.29486
G1 X137.787 Y140.394 E1614.314
G1 X138.239 Y140.545 E1614.32953
G1 X138.689 Y140.779 E1614.34606
G1 X139.278 Y141.252 E1614.37068
G1 X139.714 Y141.808 E1614.39372
G1 X139.965 Y142.296 E1614.4116
G1 X140.149 Y142.936 E1614.43331
G1 X140.195 Y143.287 E1614.44485
G1 X140.2 Y145.988 E1614.53289
G1 X159.612 Y145.988 E1615.16562
G0 F1620 X159.8 Y145.988
G0 X159.8 Y145.788
G0 F9600 X159.8 Y144.988
G0 X159.091 Y144.987
G0 X156.799 Y143.2
;TYPE:FILL
G1 F1800 X162.093 Y137.907 E1615.40465
G1 X164.31 Y137.908 E1615.47544
G1 X164.946 Y138.544 E1615.50416
G1 X164.946 Y139.095 E1615.52175
G1 X165.228 Y139.095 E1615.53075
G1 X165.228 Y138.544 E1615.54835
G1 X166.036 Y137.735 E1615.58485
G1 X166.245 Y137.673 E1615.59182
G1 X166.786 Y137.397 E1615.61121
G1 X167.231 Y137.058 E1615.62907
G1 X169.231 Y139.057 E1615.71936
G1 X169.057 Y139.092 E1615.72503
G1 X168.451 Y139.093 E1615.74437
G1 X170.592 Y136.952 E1615.84105
G1 X170.592 Y136.647 E1615.85079
G1 X168.403 Y134.458 E1615.94964
G1 X168.36 Y135.049 E1615.96856
G1 X168.228 Y135.543 E1615.98488
G1 X170.592 Y133.18 E1616.09161
G1 X170.592 Y132.875 E1616.10135
G1 X169 Y131.283 E1616.17323
G1 X168.406 Y131.283 E1616.1922
G1 X168.406 Y131.001 E1616.2012
G1 X168.999 Y131.001 E1616.22014
G1 X170.592 Y129.408 E1616.29207
G1 X170.592 Y129.104 E1616.30178
G1 X165.397 Y123.908 E1616.53638
G1 X168.549 Y123.908 E1616.63703
G1 X166.825 Y125.632 E1616.71487
G1 X167.409 Y126.073 E1616.73824
G1 X167.864 Y126.653 E1616.76178
G1 X168.161 Y127.198 E1616.7816
G1 X168.35 Y127.878 E1616.80413
G1 X170.909 Y125.319 E1616.91968
G1 X170.8 Y125.54 E1616.92755
G1 X169.169 Y123.908 E1617.00122
G1 X172.321 Y123.908 E1617.10187
G1 X171.804 Y124.425 E1617.12521
G1 X172.015 Y124.309 E1617.1329
G1 X172.497 Y124.154 E1617.14907
G1 X172.896 Y124.092 E1617.16196
G1 X173.124 Y124.092 E1617.16924
G1 X172.941 Y123.908 E1617.17752
G1 X173.652 Y123.908 E1617.20023
G1 F4200 E1616.20023
G0 F9600 X162.812 Y125.095
G1 F2100 E1617.20023
G1 F1800 X161.626 Y123.908 E1617.2538
G1 X164.777 Y123.908 E1617.35441
G1 X163.589 Y125.096 E1617.40806
G1 X159.817 Y125.096 E1617.5285
G1 X161.005 Y123.908 E1617.58214
G1 X157.854 Y123.908 E1617.68275
G1 X159.04 Y125.094 E1617.73631
G1 X156.046 Y125.095 E1617.8319
G1 X157.234 Y123.908 E1617.88553
G1 X154.082 Y123.908 E1617.98617
G1 X155.268 Y125.094 E1618.03972
G1 X152.275 Y125.094 E1618.13529
G1 X153.462 Y123.908 E1618.18887
G1 X150.31 Y123.908 E1618.28951
G1 X151.496 Y125.094 E1618.34306
G1 X148.504 Y125.094 E1618.4386
G1 X149.69 Y123.908 E1618.49215
G1 X146.539 Y123.908 E1618.59276
G1 X147.724 Y125.094 E1618.64629
G1 X144.733 Y125.094 E1618.7418
G1 X145.919 Y123.908 E1618.79535
G1 X142.767 Y123.908 E1618.89599
G1 X143.951 Y125.093 E1618.94948
G1 X140.961 Y125.094 E1619.04495
G1 X142.147 Y123.908 E1619.0985
G1 X138.995 Y123.908 E1619.19915
G1 X140.179 Y125.092 E1619.25261
G1 X137.19 Y125.093 E1619.34805
G1 X138.375 Y123.908 E1619.40156
G1 X135.224 Y123.908 E1619.50217
G1 X136.407 Y125.092 E1619.55561
G1 X134.861 Y125.092 E1619.60497
G0 F9600 X127.68 Y123.908
G1 F1800 X128.189 Y124.418 E1619.62798
G1 X128.042 Y124.331 E1619.63343
G1 X127.45 Y124.136 E1619.65334
G1 X126.875 Y124.092 E1619.67175
G1 X127.06 Y123.908 E1619.68008
G1 X130.832 Y123.908 E1619.80052
G1 X129.105 Y125.333 E1619.87201
G1 X131.662 Y127.89 E1619.98747
G1 X131.686 Y127.71 E1619.99327
G1 X131.901 Y127.085 E1620.01437
G1 X132.205 Y126.544 E1620.03419
G1 X132.505 Y126.179 E1620.04927
G1 X133.151 Y125.607 E1620.07682
G1 X131.452 Y123.908 E1620.15354
G1 X134.603 Y123.908 E1620.25415
G1 X129.409 Y129.102 E1620.48869
G1 X129.408 Y129.408 E1620.49846
G1 X131 Y131 E1620.57035
G1 X131.595 Y131 E1620.58935
G1 X131.595 Y131.282 E1620.59835
G1 X131 Y131.282 E1620.61735
G1 X129.408 Y132.875 E1620.68926
G1 X129.408 Y133.179 E1620.69897
G1 X131.77 Y135.542 E1620.80565
G1 X131.641 Y135.09 E1620.82066
G1 X131.592 Y134.463 E1620.84074
G1 X129.408 Y136.646 E1620.93933
G1 X129.408 Y136.951 E1620.94907
G1 X131.549 Y139.092 E1621.04575
G1 X130.941 Y139.092 E1621.06516
G1 X130.767 Y139.059 E1621.07082
G1 X132.768 Y137.059 E1621.16115
G1 X133.21 Y137.398 E1621.17894
G1 X133.813 Y137.694 E1621.20039
G1 X133.961 Y137.732 E1621.20526
G1 X134.772 Y138.544 E1621.24191
G1 X134.772 Y139.092 E1621.25941
G1 X135.054 Y139.092 E1621.26841
G1 X135.054 Y138.544 E1621.28591
G1 X135.694 Y137.904 E1621.31481
G1 X137.904 Y137.904 E1621.38537
G1 X143.2 Y143.2 E1621.62451
G0 F9600 X145.484 Y143.2
G1 F1800 X150.779 Y137.906 E1621.86359
G1 X152.993 Y137.906 E1621.93428
G1 X158.49 Y143.403 E1622.1825
G1 X156.597 Y143.403 E1622.24294
G1 X156.799 Y143.2 E1622.25209
G1 X154.515 Y143.2 E1622.32502
G1 X154.718 Y143.403 E1622.33418
G1 X152.825 Y143.403 E1622.39463
G1 X153.027 Y143.2 E1622.40377
G1 X150.744 Y143.2 E1622.47667
G1 X150.947 Y143.403 E1622.48583
G1 X149.053 Y143.403 E1622.54631
G1 X149.255 Y143.2 E1622.55545
G1 X146.972 Y143.2 E1622.62835
G1 X147.175 Y143.403 E1622.63751
G1 X145.281 Y143.403 E1622.69799
G1 X145.484 Y143.2 E1622.70715
G1 X143.2 Y143.2 E1622.78008
G1 X143.403 Y143.403 E1622.78925
G1 X141.51 Y143.403 E1622.84969
G1 X147.008 Y137.905 E1623.09796
G1 X149.221 Y137.906 E1623.16862
G1 X154.515 Y143.2 E1623.40767
G0 F9600 X153.027 Y143.2
G1 F1800 X158.322 Y137.906 E1623.64675
G1 X160.538 Y137.908 E1623.7175
G1 X161.874 Y139.244 E1623.77783
G1 X161.404 Y139.385 E1623.7935
G1 X160.974 Y139.58 E1623.80857
G1 X160.455 Y139.899 E1623.82802
G1 X159.916 Y140.34 E1623.85026
G1 X159.582 Y140.723 E1623.86649
G1 X156.766 Y137.907 E1623.99364
G1 X154.551 Y137.906 E1624.06437
G1 X149.255 Y143.2 E1624.30347
G0 F9600 X150.744 Y143.2
G1 F1800 X145.449 Y137.906 E1624.54254
G1 X143.237 Y137.904 E1624.61317
G1 X140.407 Y140.734 E1624.74096
G1 X140.004 Y140.279 E1624.76037
G1 X139.424 Y139.821 E1624.78397
G1 X138.778 Y139.464 E1624.80753
G1 X138.135 Y139.235 E1624.82933
G1 X139.466 Y137.904 E1624.88943
G1 X141.677 Y137.905 E1624.96002
G1 X146.972 Y143.2 E1625.19912
G0 F9600 X141.158 Y143.664
;TYPE:SKIN
G1 F1710 X141.25 Y143.572 E1625.20299
G0 F9600 X141.788 Y143.572
G1 F1710 X141.159 Y144.201 E1625.22941
G0 F9600 X141.16 Y144.737
G1 F1710 X142.325 Y143.572 E1625.27834
G0 F9600 X142.862 Y143.572
G1 F1710 X141.408 Y145.027 E1625.33944
G0 F9600 X141.945 Y145.027
G1 F1710 X143.4 Y143.572 E1625.40055
G0 F9600 X143.937 Y143.572
G1 F1710 X142.483 Y145.027 E1625.46165
G0 F9600 X143.02 Y145.027
G1 F1710 X144.475 Y143.572 E1625.52276
G0 F9600 X145.012 Y143.572
G1 F1710 X143.558 Y145.027 E1625.58386
G0 F9600 X144.095 Y145.027
G1 F1710 X145.549 Y143.572 E1625.64495
G0 F9600 X146.087 Y143.572
G1 F1710 X144.632 Y145.027 E1625.70607
G0 F9600 X145.17 Y145.027
G1 F1710 X146.624 Y143.572 E1625.76716
G0 F9600 X147.162 Y143.572
G1 F1710 X145.707 Y145.027 E1625.82828
G0 F9600 X146.245 Y145.027
G1 F1710 X147.699 Y143.572 E1625.88937
G0 F9600 X148.236 Y143.572
G1 F1710 X146.782 Y145.027 E1625.95047
G0 F9600 X147.319 Y145.027
G1 F1710 X148.774 Y143.572 E1626.01158
G0 F9600 X149.311 Y143.572
G1 F1710 X147.857 Y145.027 E1626.07268
G0 F9600 X148.394 Y145.027
G1 F1710 X149.849 Y143.572 E1626.1338
G0 F9600 X150.386 Y143.572
G1 F1710 X148.932 Y145.027 E1626.19489
G0 F9600 X149.469 Y145.027
G1 F1710 X150.923 Y143.572 E1626.25599
G0 F9600 X151.461 Y143.572
G1 F1710 X150.006 Y145.027 E1626.3171
G0 F9600 X150.544 Y145.027
G1 F1710 X151.998 Y143.572 E1626.3782
G0 F9600 X152.536 Y143.572
G1 F1710 X151.081 Y145.027 E1626.43931
G0 F9600 X151.619 Y145.027
G1 F1710 X153.073 Y143.572 E1626.50041
G0 F9600 X153.61 Y143.572
G1 F1710 X152.156 Y145.027 E1626.5615
G0 F9600 X152.693 Y145.027
G1 F1710 X154.148 Y143.572 E1626.62262
G0 F9600 X154.685 Y143.572
G1 F1710 X153.231 Y145.027 E1626.68371
G0 F9600 X153.768 Y145.027
G1 F1710 X155.223 Y143.572 E1626.74483
G0 F9600 X155.76 Y143.572
G1 F1710 X154.306 Y145.027 E1626.80592
G0 F9600 X154.843 Y145.027
G1 F1710 X156.297 Y143.572 E1626.86702
G0 F9600 X156.835 Y143.572
G1 F1710 X155.38 Y145.027 E1626.92813
G0 F9600 X155.918 Y145.027
G1 F1710 X157.372 Y143.572 E1626.98923
G0 F9600 X157.91 Y143.572
G1 F1710 X156.455 Y145.027 E1627.05034
G0 F9600 X156.993 Y145.027
G1 F1710 X158.447 Y143.572 E1627.11144
G0 F9600 X158.839 Y143.718
G1 F1710 X157.53 Y145.027 E1627.16642
G0 F9600 X158.067 Y145.027
G1 F1710 X158.839 Y144.255 E1627.19885
G0 F9600 X158.839 Y144.793
G1 F1710 X158.605 Y145.027 E1627.20868
G0 F9600 X158.606 Y144.978
G1 F4200 E1626.20868
G1 F1500 Z5.1
G0 F9600 X158.606 Y144.978 Z5.1
G0 X181 Y124.5
;TYPE:WALL-INNER
G1 F1500 Z4.8
G1 F2100 E1627.20868
G1 F1800 X181 Y123.5 E1627.24061
G1 X178.936 Y123.5 E1627.30651
G1 X178.936 Y124.5 E1627.33844
G1 X181 Y124.5 E1627.40434
G0 F9600 X181.4 Y124.9
G1 F1800 X181.4 Y123.1 E1627.46182
G1 X178.536 Y123.1 E1627.55326
G1 X178.536 Y124.9 E1627.61074
G1 X181.4 Y124.9 E1627.70218
G0 F9600 X181.8 Y125.3
G0 X181.8 Y125.3 Z4.79
;TYPE:WALL-OUTER
G1 F1800 X181.8 Y125.1 Z4.8 E1627.70855
G1 X181.8 Y122.7 E1627.78678
G1 X178.136 Y122.7 E1627.9062
G1 X178.136 Y125.3 E1627.99095
G1 X181.8 Y125.3 E1628.11038
G1 X181.8 Y125.1 E1628.11673
G0 F9600 X181.8 Y124.3
G0 X181.09 Y124.3
G0 X180.592 Y124.092
G0 X180.592 Y124.017
;TYPE:FILL
G1 F1800 X180.592 Y124.092 E1628.11913
G1 X179.679 Y124.092 E1628.14828
G1 X179.864 Y123.908 E1628.15661
G1 X180.592 Y123.908 E1628.17986
G1 X180.484 Y123.908 E1628.1833
G1 X180.592 Y124.017 E1628.1882
G1 F4200 E1627.1882
G1 F1500 Z5.1
;MESH:NONMESH
G0 F9600 X180.592 Y124.017 Z5.1
G0 X120.98 Y124.5
;TIME_ELAPSED:2071.639680
;LAYER:24
;MESH:LC-GR3005??????RFID?????????-WB.stl
G0 X120.98 Y124.5 Z5.3
;TYPE:WALL-INNER
G1 F1500 Z5
G1 F2100 E1628.1882
G1 F1800 X120.98 Y123.5 E1628.22013
G1 X119 Y123.5 E1628.28335
G1 X119 Y124.5 E1628.31528
G1 X120.98 Y124.5 E1628.37851
G0 F9600 X121.38 Y124.9
G1 F1800 X121.38 Y123.1 E1628.43598
G1 X118.6 Y123.1 E1628.52474
G1 X118.6 Y124.9 E1628.58222
G1 X121.38 Y124.9 E1628.67098
G0 F9600 X121.78 Y125.3
G0 X121.78 Y125.3 Z4.99
;TYPE:WALL-OUTER
G1 F1800 X121.78 Y125.1 Z5 E1628.67735
G1 X121.78 Y122.7 E1628.75557
G1 X118.2 Y122.7 E1628.87226
G1 X118.2 Y125.3 E1628.95701
G1 X121.78 Y125.3 E1629.0737
G1 X121.78 Y125.1 E1629.08006
G0 F9600 X121.78 Y124.3
G0 X121.07 Y124.3
G0 X120.572 Y123.908
;TYPE:FILL
G1 F1800 X119.517 Y123.908 E1629.11374
G1 X119.408 Y124.016 E1629.11864
G1 X119.408 Y124.092 E1629.12107
G1 X120.321 Y124.092 E1629.15022
G1 X120.136 Y123.908 E1629.15855
G1 F4200 E1628.15855
G1 F1500 Z5.3
G0 F9600 X120.136 Y123.908 Z5.3
G0 X159 Y144.832
;TYPE:WALL-INNER
G1 F1500 Z5
G1 F2100 E1629.15855
G1 F1800 X159 Y143.328 E1629.20657
G1 X159.047 Y142.873 E1629.22118
G1 X159.19 Y142.27 E1629.24097
G1 X159.399 Y141.754 E1629.25874
G1 X159.731 Y141.18 E1629.27991
G1 X160.134 Y140.707 E1629.29976
G1 X160.571 Y140.318 E1629.31844
G1 X161.036 Y140.009 E1629.33626
G1 X161.569 Y139.765 E1629.35498
G1 X162.115 Y139.6 E1629.37319
G1 X162.747 Y139.5 E1629.39362
G1 X169.089 Y139.5 E1629.59612
G1 X169.615 Y139.397 E1629.61324
G1 X169.913 Y139.273 E1629.62354
G1 X170.176 Y139.113 E1629.63337
G1 X170.408 Y138.912 E1629.64317
G1 X170.611 Y138.675 E1629.65314
G1 X170.774 Y138.408 E1629.66312
G1 X170.898 Y138.11 E1629.67343
G1 X171 Y137.594 E1629.69022
G1 X171 Y126.47 E1630.04541
G1 X171.058 Y126.009 E1630.06025
G1 X171.206 Y125.616 E1630.07366
G1 X171.345 Y125.378 E1630.08246
G1 X171.682 Y124.999 E1630.09865
G1 X171.89 Y124.839 E1630.10703
G1 X172.164 Y124.689 E1630.117
G1 X172.606 Y124.547 E1630.13183
G1 X172.912 Y124.5 E1630.14171
G1 X173.98 Y124.5 E1630.17581
G1 X173.98 Y123.5 E1630.20774
G1 X126.018 Y123.5 E1631.73915
G1 X126.019 Y124.5 E1631.77108
G1 X127 Y124.5 E1631.80241
G1 X127.381 Y124.539 E1631.81464
G1 X127.88 Y124.706 E1631.83144
G1 X128.118 Y124.845 E1631.84024
G1 X128.497 Y125.182 E1631.85643
G1 X128.657 Y125.39 E1631.86481
G1 X128.814 Y125.686 E1631.87551
G1 X129.001 Y126.326 E1631.8968
G1 X129 Y137.594 E1632.25658
G1 X129.1 Y138.115 E1632.27352
G1 X129.222 Y138.408 E1632.28366
G1 X129.385 Y138.675 E1632.29364
G1 X129.586 Y138.91 E1632.30352
G1 X129.823 Y139.113 E1632.31348
G1 X130.085 Y139.274 E1632.3233
G1 X130.381 Y139.397 E1632.33354
G1 X130.907 Y139.5 E1632.35065
G1 X137.252 Y139.5 E1632.55324
G1 X137.848 Y139.591 E1632.57249
G1 X138.452 Y139.771 E1632.59262
G1 X139.025 Y140.052 E1632.613
G1 X139.532 Y140.403 E1632.63268
G1 X139.971 Y140.82 E1632.65202
G1 X140.279 Y141.2 E1632.66764
G1 X140.645 Y141.867 E1632.69193
G1 X140.89 Y142.543 E1632.71489
G1 X140.996 Y143.375 E1632.74167
G1 X140.999 Y144.832 E1632.78819
G1 X158.609 Y144.832 E1633.35047
G0 F1620 X159 Y144.832
G0 F9600 X159.4 Y145.232
G1 F1800 X159.404 Y143.257 E1633.41353
G1 X159.457 Y142.847 E1633.42673
G1 X159.571 Y142.391 E1633.44174
G1 X159.81 Y141.825 E1633.46136
G1 X160.095 Y141.37 E1633.4785
G1 X160.472 Y140.928 E1633.49705
G1 X160.896 Y140.574 E1633.51469
G1 X161.33 Y140.304 E1633.53101
G1 X161.693 Y140.145 E1633.54366
G1 X162.178 Y139.995 E1633.55987
G1 X162.778 Y139.9 E1633.57927
G1 X169.114 Y139.9 E1633.78157
G1 X169.738 Y139.779 E1633.80187
G1 X170.095 Y139.631 E1633.81421
G1 X170.413 Y139.437 E1633.8261
G1 X170.693 Y139.195 E1633.83792
G1 X170.936 Y138.91 E1633.84988
G1 X171.131 Y138.59 E1633.86184
G1 X171.28 Y138.236 E1633.87411
G1 X171.4 Y137.617 E1633.89424
G1 X171.4 Y126.48 E1634.24984
G1 X171.448 Y126.101 E1634.26204
G1 X171.576 Y125.768 E1634.27343
G1 X171.819 Y125.421 E1634.28696
G1 X172.134 Y125.156 E1634.3001
G1 X172.298 Y125.066 E1634.30607
G1 X172.912 Y124.9 E1634.32638
G1 X174.38 Y124.9 E1634.37325
G1 X174.38 Y123.1 E1634.43073
G1 X125.617 Y123.1 E1635.98772
G1 X125.62 Y124.9 E1636.04519
G1 X127.075 Y124.904 E1636.09165
G1 X127.484 Y124.976 E1636.10491
G1 X127.728 Y125.076 E1636.11333
G1 X128.075 Y125.319 E1636.12685
G1 X128.34 Y125.634 E1636.14
G1 X128.434 Y125.811 E1636.1464
G1 X128.596 Y126.338 E1636.164
G1 X128.6 Y137.617 E1636.52414
G1 X128.718 Y138.239 E1636.54435
G1 X128.865 Y138.59 E1636.5565
G1 X129.06 Y138.91 E1636.56847
G1 X129.302 Y139.194 E1636.58038
G1 X129.587 Y139.437 E1636.59234
G1 X129.902 Y139.631 E1636.60415
G1 X130.258 Y139.779 E1636.61646
G1 X130.882 Y139.9 E1636.63676
G1 X137.263 Y139.906 E1636.8405
G1 X137.879 Y140.008 E1636.86044
G1 X138.425 Y140.191 E1636.87882
G1 X138.915 Y140.452 E1636.89655
G1 X139.37 Y140.789 E1636.91463
G1 X139.743 Y141.164 E1636.93152
G1 X139.975 Y141.475 E1636.94391
G1 X140.295 Y142.059 E1636.96517
G1 X140.5 Y142.641 E1636.98487
G1 X140.592 Y143.364 E1637.00814
G1 X140.599 Y145.232 E1637.06779
G1 X159.009 Y145.232 E1637.65561
G0 F1620 X159.4 Y145.232
G1 F4200 E1636.65561
G0 F9600 X159.12 Y144.953
G0 X159.206 Y142.836
G0 X159.337 Y142.307
G0 X159.568 Y141.749
G0 X159.861 Y141.266
G0 X160.297 Y140.755
G0 X165.674 Y137.419
G1 F2100 E1637.65561
G1 F1800 X165.124 Y137.5 E1637.67337
G1 X134.904 Y137.496 E1638.63828
G1 X134.315 Y137.418 E1638.65725
G1 X133.756 Y137.228 E1638.6761
G1 X133.258 Y136.938 E1638.6945
G1 X132.81 Y136.546 E1638.71351
G1 X132.448 Y136.072 E1638.73256
G1 X132.21 Y135.6 E1638.74943
G1 X132.045 Y135.024 E1638.76857
G1 X132 Y134.624 E1638.78142
G1 X132.004 Y128.404 E1638.98002
G1 X132.082 Y127.815 E1638.99899
G1 X132.268 Y127.263 E1639.01759
G1 X132.491 Y126.849 E1639.0326
G1 X132.809 Y126.45 E1639.0489
G1 X133.33 Y125.995 E1639.07098
G1 X133.896 Y125.709 E1639.09123
G1 X134.313 Y125.58 E1639.10517
G1 X134.784 Y125.5 E1639.12042
G1 X165.082 Y125.503 E1640.08783
G1 X165.69 Y125.581 E1640.1074
G1 X166.232 Y125.768 E1640.12571
G1 X166.573 Y125.948 E1640.13802
G1 X167.123 Y126.369 E1640.16014
G1 X167.519 Y126.871 E1640.18055
G1 X167.74 Y127.278 E1640.19534
G1 X167.919 Y127.822 E1640.21363
G1 X168 Y128.372 E1640.23138
G1 X167.996 Y134.592 E1640.42998
G1 X167.918 Y135.181 E1640.44895
G1 X167.791 Y135.6 E1640.46293
G1 X167.544 Y136.08 E1640.48017
G1 X167.125 Y136.625 E1640.50212
G1 X166.58 Y137.044 E1640.52407
G1 X166.1 Y137.291 E1640.5413
G1 X166.048 Y137.307 E1640.54304
G0 F1620 X165.674 Y137.419
G0 F9600 X165.966 Y136.914
G1 F1800 X165.478 Y137.054 E1640.55925
G1 X165.124 Y137.1 E1640.57065
G1 X134.944 Y137.098 E1641.53429
G1 X134.544 Y137.058 E1641.54712
G1 X133.999 Y136.906 E1641.56519
G1 X133.512 Y136.629 E1641.58308
G1 X133.119 Y136.292 E1641.59961
G1 X132.801 Y135.885 E1641.6161
G1 X132.586 Y135.466 E1641.63114
G1 X132.441 Y134.97 E1641.64764
G1 X132.4 Y134.624 E1641.65876
G1 X132.402 Y128.444 E1641.85609
G1 X132.442 Y128.044 E1641.86892
G1 X132.577 Y127.558 E1641.88503
G1 X132.827 Y127.066 E1641.90265
G1 X133.204 Y126.619 E1641.92132
G1 X133.611 Y126.301 E1641.93781
G1 X134.03 Y126.086 E1641.95285
G1 X134.526 Y125.941 E1641.96935
G1 X134.872 Y125.9 E1641.98047
G1 X165.046 Y125.902 E1642.94392
G1 X165.571 Y125.963 E1642.9608
G1 X166.045 Y126.121 E1642.97675
G1 X166.385 Y126.301 E1642.98903
G1 X166.792 Y126.619 E1643.00553
G1 X167.177 Y127.079 E1643.02468
G1 X167.383 Y127.459 E1643.03848
G1 X167.554 Y128.018 E1643.05715
G1 X167.6 Y128.372 E1643.06854
G1 X167.598 Y134.552 E1643.26587
G1 X167.558 Y134.952 E1643.27871
G1 X167.414 Y135.466 E1643.29575
G1 X167.132 Y135.981 E1643.3145
G1 X166.792 Y136.377 E1643.33116
G1 X166.39 Y136.692 E1643.34747
G1 X166.312 Y136.733 E1643.35028
G0 F1620 X165.966 Y136.914
G0 F9600 X165.832 Y136.537
G0 X165.832 Y136.537 Z4.99
;TYPE:WALL-OUTER
G1 F1800 X165.64 Y136.594 Z5 E1643.35666
G1 X165.446 Y136.652 E1643.36326
G1 X165.154 Y136.698 E1643.37289
G1 X134.984 Y136.7 E1644.35628
G1 X134.584 Y136.66 E1644.36938
G1 X134.174 Y136.54 E1644.38331
G1 X133.765 Y136.319 E1644.39846
G1 X133.429 Y136.039 E1644.41272
G1 X133.175 Y135.729 E1644.42578
G1 X132.96 Y135.323 E1644.44075
G1 X132.837 Y134.916 E1644.45461
G1 X132.801 Y134.652 E1644.4633
G1 X132.8 Y128.484 E1644.66434
G1 X132.84 Y128.084 E1644.67745
G1 X132.975 Y127.638 E1644.69264
G1 X133.163 Y127.283 E1644.70573
G1 X133.457 Y126.929 E1644.72073
G1 X133.798 Y126.655 E1644.73499
G1 X134.173 Y126.46 E1644.74876
G1 X134.58 Y126.337 E1644.76262
G1 X134.845 Y126.301 E1644.77134
G1 X165.01 Y126.3 E1645.75457
G1 X165.41 Y126.336 E1645.76766
G1 X165.858 Y126.475 E1645.78294
G1 X166.231 Y126.677 E1645.79677
G1 X166.567 Y126.957 E1645.81103
G1 X166.823 Y127.27 E1645.82421
G1 X167.027 Y127.641 E1645.83801
G1 X167.152 Y128.05 E1645.85195
G1 X167.198 Y128.342 E1645.86158
G1 X167.2 Y134.512 E1646.06269
G1 X167.152 Y134.95 E1646.07706
G1 X167.037 Y135.332 E1646.09006
G1 X166.819 Y135.731 E1646.10488
G1 X166.539 Y136.067 E1646.11914
G1 X166.2 Y136.34 E1646.13332
G1 X165.998 Y136.448 E1646.14079
G0 F1620 X165.832 Y136.537
G0 X165.64 Y136.594
G0 F9600 X165.446 Y136.652
G0 X165.154 Y136.698
G0 X164.852 Y136.698
G1 F4200 E1645.14079
G0 F9600 X164.852 Y137.41
G0 X160.581 Y141.038
G0 X160.187 Y141.501
G0 X159.926 Y141.93
G0 X159.6 Y142.909
G0 X159.52 Y145.353
G0 X159.8 Y145.632
G0 X159.8 Y145.632 Z4.99
G1 F2100 E1646.14079
G1 F1800 X159.8 Y145.432 Z5 E1646.14715
G1 X159.801 Y143.304 E1646.21651
G1 X159.845 Y142.943 E1646.22837
G1 X159.953 Y142.511 E1646.24288
G1 X160.152 Y142.032 E1646.25979
G1 X160.399 Y141.63 E1646.27517
G1 X160.766 Y141.203 E1646.29352
G1 X161.112 Y140.911 E1646.30828
G1 X161.494 Y140.669 E1646.32302
G1 X162.209 Y140.397 E1646.34795
G1 X162.796 Y140.302 E1646.36733
G1 X169.139 Y140.3 E1646.57408
G1 X169.862 Y140.161 E1646.59808
G1 X170.277 Y139.989 E1646.61272
G1 X170.649 Y139.761 E1646.62695
G1 X170.977 Y139.478 E1646.64107
G1 X171.261 Y139.146 E1646.65531
G1 X171.489 Y138.772 E1646.66958
G1 X171.661 Y138.361 E1646.68411
G1 X171.766 Y137.928 E1646.69863
G1 X171.8 Y137.64 E1646.70808
G1 X171.801 Y126.471 E1647.07213
G1 X171.837 Y126.193 E1647.08127
G1 X171.974 Y125.872 E1647.09265
G1 X172.134 Y125.668 E1647.1011
G1 X172.432 Y125.443 E1647.11327
G1 X172.878 Y125.3 E1647.12854
G1 X174.78 Y125.3 E1647.19053
G1 X174.78 Y122.7 E1647.27528
G1 X125.217 Y122.7 E1648.89078
G1 X125.22 Y125.3 E1648.97553
G1 X127.025 Y125.301 E1649.03436
G1 X127.332 Y125.346 E1649.04447
G1 X127.624 Y125.474 E1649.05487
G1 X127.828 Y125.634 E1649.06332
G1 X128.054 Y125.937 E1649.07564
G1 X128.201 Y126.412 E1649.09185
G1 X128.2 Y137.64 E1649.45782
G1 X128.336 Y138.362 E1649.48177
G1 X128.507 Y138.772 E1649.49625
G1 X128.735 Y139.146 E1649.51053
G1 X129.018 Y139.478 E1649.52475
G1 X129.351 Y139.761 E1649.53899
G1 X129.72 Y139.989 E1649.55313
G1 X130.134 Y140.161 E1649.56774
G1 X130.857 Y140.3 E1649.59174
G1 X137.203 Y140.302 E1649.79859
G1 X137.757 Y140.389 E1649.81686
G1 X138.241 Y140.546 E1649.83345
G1 X138.657 Y140.762 E1649.84873
G1 X139.089 Y141.073 E1649.86608
G1 X139.427 Y141.409 E1649.88161
G1 X139.624 Y141.667 E1649.89219
G1 X139.944 Y142.251 E1649.9139
G1 X140.111 Y142.754 E1649.93117
G1 X140.195 Y143.414 E1649.95286
G1 X140.2 Y145.632 E1650.02516
G1 X159.612 Y145.632 E1650.65789
G0 F1620 X159.8 Y145.632
G0 X159.8 Y145.432
G0 F9600 X159.8 Y144.632
G0 X159.09 Y144.632
G0 X158.811 Y143.2
;TYPE:FILL
G1 F1800 X157.684 Y143.2 E1650.69387
G0 F9600 X157.402 Y143.2
G1 F1800 X153.913 Y143.2 E1650.80528
G0 F9600 X153.631 Y143.2
G1 F1800 X150.141 Y143.2 E1650.91671
G0 F9600 X149.859 Y143.2
G1 F1800 X146.37 Y143.2 E1651.02811
G0 F9600 X146.088 Y143.2
G1 F1800 X142.597 Y143.2 E1651.13958
G0 F9600 X142.315 Y143.2
G1 F1800 X141.176 Y143.2 E1651.17595
G1 F4200 E1650.17595
G0 F9600 X138.342 Y137.347
G0 X134.96 Y137.349
G0 X134.444 Y137.299
G0 X133.908 Y137.136
G0 X133.415 Y136.873
G0 X132.983 Y136.517
G0 X132.627 Y136.085
G0 X132.364 Y135.592
G0 X132.151 Y134.687
G0 X132.151 Y128.46
G0 X132.201 Y127.944
G0 X132.364 Y127.408
G0 X132.627 Y126.915
G0 X132.947 Y126.526
G0 X134.861 Y125.092
G1 F2100 E1651.17595
G1 F1800 X136.407 Y125.092 E1651.22531
G1 X135.224 Y123.908 E1651.27875
G1 X138.375 Y123.908 E1651.37936
G1 X137.19 Y125.093 E1651.43287
G1 X140.179 Y125.092 E1651.52831
G1 X138.995 Y123.908 E1651.58178
G1 X142.147 Y123.908 E1651.68242
G1 X140.961 Y125.094 E1651.73597
G1 X143.951 Y125.093 E1651.83144
G1 X142.767 Y123.908 E1651.88493
G1 X145.919 Y123.908 E1651.98557
G1 X144.733 Y125.094 E1652.03913
G1 X147.724 Y125.094 E1652.13463
G1 X146.539 Y123.908 E1652.18816
G1 X149.69 Y123.908 E1652.28877
G1 X148.504 Y125.094 E1652.34232
G1 X151.496 Y125.094 E1652.43786
G1 X150.31 Y123.908 E1652.49141
G1 X153.462 Y123.908 E1652.59206
G1 X152.275 Y125.094 E1652.64563
G1 X155.268 Y125.094 E1652.7412
G1 X154.082 Y123.908 E1652.79475
G1 X157.234 Y123.908 E1652.89539
G1 X156.046 Y125.095 E1652.94902
G1 X159.04 Y125.094 E1653.04461
G1 X157.854 Y123.908 E1653.09817
G1 X161.005 Y123.908 E1653.19878
G1 X159.817 Y125.096 E1653.25242
G1 X163.589 Y125.096 E1653.37286
G1 X164.777 Y123.908 E1653.42651
G1 X161.626 Y123.908 E1653.52712
G1 X162.812 Y125.095 E1653.5807
G1 F4200 E1652.5807
G0 F9600 X173.572 Y123.908
G1 F2100 E1653.5807
G1 F1800 X172.941 Y123.908 E1653.60084
G1 X173.124 Y124.092 E1653.60913
G1 X172.896 Y124.092 E1653.61641
G1 X172.497 Y124.154 E1653.6293
G1 X172.015 Y124.309 E1653.64547
G1 X171.804 Y124.425 E1653.65316
G1 X172.321 Y123.908 E1653.6765
G1 X169.169 Y123.908 E1653.77714
G1 X170.8 Y125.54 E1653.85082
G1 X170.909 Y125.319 E1653.85868
G1 X168.35 Y127.878 E1653.97424
G1 X168.161 Y127.198 E1653.99677
G1 X167.864 Y126.653 E1654.01659
G1 X167.409 Y126.073 E1654.04013
G1 X166.825 Y125.632 E1654.06349
G1 X168.549 Y123.908 E1654.14134
G1 X165.397 Y123.908 E1654.24198
G1 X170.592 Y129.104 E1654.47659
G1 X170.592 Y129.408 E1654.4863
G1 X168.999 Y131.001 E1654.55823
G1 X168.406 Y131.001 E1654.57716
G1 X168.406 Y131.283 E1654.58617
G1 X169 Y131.283 E1654.60513
G1 X170.592 Y132.875 E1654.67702
G1 X170.592 Y133.18 E1654.68676
G1 X168.228 Y135.543 E1654.79348
G1 X168.36 Y135.049 E1654.80981
G1 X168.403 Y134.458 E1654.82873
G1 X170.592 Y136.647 E1654.92758
G1 X170.592 Y136.952 E1654.93732
G1 X168.451 Y139.092 E1655.03397
G1 X169.055 Y139.092 E1655.05326
G1 X169.231 Y139.057 E1655.05899
G1 X167.232 Y137.059 E1655.14923
G1 X166.787 Y137.397 E1655.16707
G1 X166.245 Y137.673 E1655.18649
G1 X166.036 Y137.735 E1655.19345
G1 X165.228 Y138.544 E1655.22996
G1 X165.228 Y139.092 E1655.24746
G1 X164.946 Y139.092 E1655.25646
G1 X164.946 Y138.544 E1655.27396
G1 X164.31 Y137.908 E1655.30268
G1 X162.093 Y137.907 E1655.37347
G1 X157.684 Y142.316 E1655.57256
G1 X157.684 Y143.048 E1655.59593
G1 X157.402 Y143.049 E1655.60493
G1 X157.402 Y142.315 E1655.62837
G1 X152.993 Y137.906 E1655.82746
G1 X150.779 Y137.906 E1655.89815
G1 X146.37 Y142.315 E1656.09724
G1 X146.37 Y143.048 E1656.12065
G1 X146.088 Y143.049 E1656.12965
G1 X146.088 Y142.316 E1656.15306
G1 X141.677 Y137.905 E1656.35224
G1 X139.466 Y137.904 E1656.42283
G1 X138.13 Y139.24 E1656.48316
G1 X138.698 Y139.421 E1656.5022
G1 X139.375 Y139.788 E1656.52679
G1 X139.782 Y140.08 E1656.54278
G1 X140.265 Y140.536 E1656.56399
G1 X140.418 Y140.723 E1656.5717
G1 X143.237 Y137.904 E1656.699
G1 X145.449 Y137.906 E1656.76963
G1 X149.859 Y142.315 E1656.96874
G1 X149.859 Y143.049 E1656.99217
G1 X150.141 Y143.048 E1657.00118
G1 X150.141 Y142.315 E1657.02458
G1 X154.551 Y137.906 E1657.2237
G1 X156.766 Y137.907 E1657.29442
G1 X159.583 Y140.725 E1657.42165
G1 X159.904 Y140.347 E1657.43748
G1 X160.451 Y139.898 E1657.46008
G1 X160.99 Y139.571 E1657.48021
G1 X161.406 Y139.389 E1657.4947
G1 X161.877 Y139.247 E1657.51041
G1 X160.538 Y137.908 E1657.57087
G1 X158.322 Y137.906 E1657.64163
G1 X153.913 Y142.315 E1657.84072
G1 X153.913 Y143.048 E1657.86413
G1 X153.631 Y143.049 E1657.87313
G1 X153.631 Y142.315 E1657.89657
G1 X149.221 Y137.906 E1658.09568
G1 X147.008 Y137.905 E1658.16634
G1 X142.597 Y142.316 E1658.36552
G1 X142.597 Y143.048 E1658.38889
G1 X142.315 Y143.049 E1658.3979
G1 X142.315 Y142.315 E1658.42133
G1 X137.904 Y137.904 E1658.62051
G1 X135.694 Y137.904 E1658.69108
G1 X135.054 Y138.544 E1658.71998
G1 X135.054 Y139.092 E1658.73748
G1 X134.772 Y139.092 E1658.74648
G1 X134.772 Y138.544 E1658.76398
G1 X133.961 Y137.732 E1658.80062
G1 X133.813 Y137.694 E1658.8055
G1 X133.21 Y137.398 E1658.82695
G1 X132.768 Y137.059 E1658.84474
G1 X130.767 Y139.059 E1658.93507
G1 X130.941 Y139.092 E1658.94072
G1 X131.549 Y139.092 E1658.96014
G1 X129.408 Y136.951 E1659.05681
G1 X129.408 Y136.646 E1659.06655
G1 X131.592 Y134.463 E1659.16515
G1 X131.641 Y135.09 E1659.18523
G1 X131.77 Y135.542 E1659.20024
G1 X129.408 Y133.179 E1659.30692
G1 X129.408 Y132.875 E1659.31663
G1 X131 Y131.282 E1659.38854
G1 X131.595 Y131.282 E1659.40753
G1 X131.595 Y131 E1659.41654
G1 X131 Y131 E1659.43554
G1 X129.408 Y129.408 E1659.50742
G1 X129.409 Y129.102 E1659.51719
G1 X134.603 Y123.908 E1659.75173
G1 X131.452 Y123.908 E1659.85234
G1 X133.152 Y125.608 E1659.92911
G1 X132.503 Y126.18 E1659.95673
G1 X132.148 Y126.626 E1659.97493
G1 X131.9 Y127.087 E1659.99164
G1 X131.686 Y127.71 E1660.01268
G1 X131.662 Y127.89 E1660.01848
G1 X129.105 Y125.333 E1660.13394
G1 X130.832 Y123.908 E1660.20543
G1 X127.06 Y123.908 E1660.32587
G1 X126.875 Y124.092 E1660.3342
G1 X127.45 Y124.136 E1660.35261
G1 X128.042 Y124.331 E1660.37251
G1 X128.189 Y124.418 E1660.37797
G1 X127.68 Y123.908 E1660.40097
G1 F4200 E1659.40097
G0 F9600 X132.165 Y131.438
G0 X132.151 Y134.687
G0 X132.364 Y135.592
G0 X132.627 Y136.085
G0 X132.983 Y136.517
G0 X133.415 Y136.873
G0 X139.013 Y140.214
G0 X139.501 Y140.569
G0 X140.159 Y141.294
G0 X140.479 Y141.874
G0 X141.446 Y144.671
;TYPE:SKIN
G1 F2100 E1660.40097
G1 F1710 X141.158 Y144.383 E1660.41307
G0 F9600 X141.157 Y143.844
G1 F1710 X141.984 Y144.671 E1660.44781
G0 F9600 X142.521 Y144.671
G1 F1710 X141.148 Y143.298 E1660.50548
G0 F9600 X141.606 Y143.218
G1 F1710 X143.058 Y144.671 E1660.56649
G0 F9600 X143.596 Y144.671
G1 F1710 X142.143 Y143.218 E1660.62752
G0 F9600 X142.681 Y143.218
G1 F1710 X144.133 Y144.671 E1660.68853
G0 F9600 X144.671 Y144.671
G1 F1710 X143.218 Y143.218 E1660.74957
G0 F9600 X143.756 Y143.218
G1 F1710 X145.208 Y144.671 E1660.81058
G0 F9600 X145.745 Y144.671
G1 F1710 X144.293 Y143.218 E1660.87159
G0 F9600 X144.83 Y143.218
G1 F1710 X146.283 Y144.671 E1660.93262
G0 F9600 X146.82 Y144.671
G1 F1710 X145.368 Y143.218 E1660.99363
G0 F9600 X145.905 Y143.218
G1 F1710 X147.358 Y144.671 E1661.05466
G0 F9600 X147.895 Y144.671
G1 F1710 X146.443 Y143.218 E1661.11567
G0 F9600 X146.98 Y143.218
G1 F1710 X148.432 Y144.671 E1661.17668
G0 F9600 X148.97 Y144.671
G1 F1710 X147.517 Y143.218 E1661.23772
G0 F9600 X148.055 Y143.218
G1 F1710 X149.507 Y144.671 E1661.29873
G0 F9600 X150.045 Y144.671
G1 F1710 X148.592 Y143.218 E1661.35976
G0 F9600 X149.13 Y143.218
G1 F1710 X150.582 Y144.671 E1661.42077
G0 F9600 X151.119 Y144.671
G1 F1710 X149.667 Y143.218 E1661.48178
G0 F9600 X150.204 Y143.218
G1 F1710 X151.657 Y144.671 E1661.54281
G0 F9600 X152.194 Y144.671
G1 F1710 X150.742 Y143.218 E1661.60382
G0 F9600 X151.279 Y143.218
G1 F1710 X152.732 Y144.671 E1661.66485
G0 F9600 X153.269 Y144.671
G1 F1710 X151.817 Y143.218 E1661.72586
G0 F9600 X152.354 Y143.218
G1 F1710 X153.806 Y144.671 E1661.78688
G0 F9600 X154.344 Y144.671
G1 F1710 X152.891 Y143.218 E1661.84791
G0 F9600 X153.429 Y143.218
G1 F1710 X154.881 Y144.671 E1661.90892
G0 F9600 X155.419 Y144.671
G1 F1710 X153.966 Y143.218 E1661.96995
G0 F9600 X154.504 Y143.218
G1 F1710 X155.956 Y144.671 E1662.03096
G0 F9600 X156.493 Y144.671
G1 F1710 X155.041 Y143.218 E1662.09197
G0 F9600 X155.578 Y143.218
G1 F1710 X157.031 Y144.671 E1662.153
G0 F9600 X157.568 Y144.671
G1 F1710 X156.116 Y143.218 E1662.21401
G0 F9600 X156.653 Y143.218
G1 F1710 X158.106 Y144.671 E1662.27505
G0 F9600 X158.643 Y144.671
G1 F1710 X157.191 Y143.218 E1662.33606
G0 F9600 X157.728 Y143.218
G1 F1710 X158.839 Y144.329 E1662.38272
G0 F9600 X158.839 Y143.792
G1 F1710 X158.265 Y143.218 E1662.40683
G1 F4200 E1661.40683
G1 F1500 Z5.3
G0 F9600 X158.265 Y143.218 Z5.3
G0 X181 Y124.5
;TYPE:WALL-INNER
G1 F1500 Z5
G1 F2100 E1662.40683
G1 F1800 X181 Y123.5 E1662.43876
G1 X179.018 Y123.5 E1662.50205
G1 X179.019 Y124.5 E1662.53398
G1 X181 Y124.5 E1662.59723
G0 F9600 X181.4 Y124.9
G1 F1800 X181.4 Y123.1 E1662.6547
G1 X178.617 Y123.1 E1662.74356
G1 X178.62 Y124.9 E1662.80104
G1 X181.4 Y124.9 E1662.8898
G0 F9600 X181.8 Y125.3
G0 X181.8 Y125.3 Z4.99
;TYPE:WALL-OUTER
G1 F1800 X181.8 Y125.1 Z5 E1662.89617
G1 X181.8 Y122.7 E1662.97439
G1 X178.217 Y122.7 E1663.09118
G1 X178.22 Y125.3 E1663.17593
G1 X181.8 Y125.3 E1663.29262
G1 X181.8 Y125.1 E1663.29897
G0 F9600 X181.8 Y124.3
G0 X181.09 Y124.3
G0 X180.592 Y124.092
G0 X180.592 Y124.017
;TYPE:FILL
G1 F1800 X180.592 Y124.092 E1663.30137
G1 X179.68 Y124.092 E1663.33049
G1 X179.864 Y123.908 E1663.3388
G1 X180.592 Y123.908 E1663.36204
G1 X180.484 Y123.908 E1663.36549
G1 X180.592 Y124.017 E1663.37039
G1 F4200 E1662.37039
G1 F1500 Z5.3
;MESH:NONMESH
G0 F9600 X180.592 Y124.017 Z5.3
G0 X120.928 Y124.5
;TIME_ELAPSED:2113.283175
;LAYER:25
;MESH:LC-GR3005??????RFID?????????-WB.stl
G0 X120.928 Y124.5 Z5.5
;TYPE:WALL-INNER
G1 F1500 Z5.2
G1 F2100 E1663.37039
G1 F1800 X120.928 Y123.5 E1663.40232
G1 X119 Y123.5 E1663.46388
G1 X119 Y124.5 E1663.49581
G1 X120.928 Y124.5 E1663.55737
G0 F9600 X121.328 Y124.9
G1 F1800 X121.328 Y123.1 E1663.61484
G1 X118.6 Y123.1 E1663.70195
G1 X118.6 Y124.9 E1663.75942
G1 X121.328 Y124.9 E1663.84653
G0 F9600 X121.728 Y125.3
G0 X121.728 Y125.3 Z5.19
;TYPE:WALL-OUTER
G1 F1800 X121.728 Y125.1 Z5.2 E1663.85289
G1 X121.728 Y122.7 E1663.93112
G1 X118.2 Y122.7 E1664.04611
G1 X118.2 Y125.3 E1664.13086
G1 X121.728 Y125.3 E1664.24585
G1 X121.728 Y125.1 E1664.25221
G0 F9600 X121.728 Y124.3
G0 X121.019 Y124.3
G0 X120.52 Y123.908
;TYPE:FILL
G1 F1800 X120.137 Y123.908 E1664.26444
G1 X120.321 Y124.092 E1664.27275
G1 X119.408 Y124.092 E1664.3019
G1 X119.408 Y124.016 E1664.30433
G1 X119.517 Y123.908 E1664.30923
G1 X120.52 Y123.908 E1664.34125
G1 F4200 E1663.34125
G1 F1500 Z5.5
G0 F9600 X120.52 Y123.908 Z5.5
G0 X159 Y144.476
;TYPE:WALL-INNER
G1 F1500 Z5.2
G1 F2100 E1664.34125
G1 F1800 X159 Y143.205 E1664.38183
G1 X159.101 Y142.599 E1664.40145
G1 X159.305 Y141.953 E1664.42308
G1 X159.719 Y141.195 E1664.45066
G1 X160.196 Y140.636 E1664.47412
G1 X160.687 Y140.236 E1664.49434
G1 X161.153 Y139.949 E1664.51182
G1 X161.568 Y139.764 E1664.52633
G1 X162.115 Y139.6 E1664.54456
G1 X162.747 Y139.5 E1664.56499
G1 X169.089 Y139.5 E1664.76749
G1 X169.615 Y139.397 E1664.7846
G1 X169.913 Y139.273 E1664.79491
G1 X170.176 Y139.113 E1664.80474
G1 X170.408 Y138.912 E1664.81454
G1 X170.611 Y138.675 E1664.8245
G1 X170.774 Y138.408 E1664.83449
G1 X170.898 Y138.11 E1664.8448
G1 X171 Y137.594 E1664.86159
G1 X171 Y126.47 E1665.21678
G1 X171.058 Y126.009 E1665.23161
G1 X171.206 Y125.616 E1665.24502
G1 X171.345 Y125.378 E1665.25382
G1 X171.682 Y124.999 E1665.27002
G1 X171.89 Y124.839 E1665.2784
G1 X172.164 Y124.689 E1665.28837
G1 X172.606 Y124.547 E1665.30319
G1 X172.912 Y124.5 E1665.31308
G1 X173.928 Y124.5 E1665.34552
G1 X173.928 Y123.5 E1665.37745
G1 X126.068 Y123.5 E1666.90561
G1 X126.068 Y124.5 E1666.93754
G1 X127 Y124.5 E1666.96729
G1 X127.381 Y124.539 E1666.97952
G1 X127.88 Y124.706 E1666.99632
G1 X128.118 Y124.845 E1667.00512
G1 X128.497 Y125.182 E1667.02132
G1 X128.657 Y125.39 E1667.0297
G1 X128.814 Y125.686 E1667.0404
G1 X129.001 Y126.326 E1667.06168
G1 X129 Y137.594 E1667.42147
G1 X129.1 Y138.115 E1667.43841
G1 X129.222 Y138.408 E1667.44854
G1 X129.385 Y138.675 E1667.45853
G1 X129.586 Y138.91 E1667.4684
G1 X129.823 Y139.113 E1667.47837
G1 X130.085 Y139.274 E1667.48819
G1 X130.381 Y139.397 E1667.49842
G1 X130.907 Y139.5 E1667.51554
G1 X137.263 Y139.5 E1667.71848
G1 X137.985 Y139.615 E1667.74182
G1 X138.602 Y139.834 E1667.76273
G1 X139.022 Y140.05 E1667.77781
G1 X139.532 Y140.403 E1667.79761
G1 X139.919 Y140.76 E1667.81443
G1 X140.412 Y141.404 E1667.84032
G1 X140.722 Y142.041 E1667.86294
G1 X140.947 Y142.819 E1667.8888
G1 X140.996 Y143.318 E1667.90481
G1 X140.999 Y144.476 E1667.94179
G1 X158.609 Y144.476 E1668.50407
G0 F1620 X159 Y144.476
G0 F9600 X159.4 Y144.876
G1 F1800 X159.4 Y143.241 E1668.55627
G1 X159.505 Y142.613 E1668.5766
G1 X159.674 Y142.115 E1668.59339
G1 X160.049 Y141.423 E1668.61853
G1 X160.474 Y140.925 E1668.63943
G1 X160.901 Y140.573 E1668.6571
G1 X161.253 Y140.349 E1668.67042
G1 X161.674 Y140.15 E1668.68529
G1 X162.087 Y140.016 E1668.69915
G1 X162.776 Y139.9 E1668.72146
G1 X169.114 Y139.9 E1668.92383
G1 X169.738 Y139.779 E1668.94413
G1 X170.095 Y139.631 E1668.95647
G1 X170.413 Y139.437 E1668.96836
G1 X170.693 Y139.195 E1668.98018
G1 X170.936 Y138.91 E1668.99214
G1 X171.131 Y138.59 E1669.0041
G1 X171.28 Y138.236 E1669.01637
G1 X171.4 Y137.617 E1669.0365
G1 X171.4 Y126.48 E1669.3921
G1 X171.448 Y126.101 E1669.4043
G1 X171.576 Y125.768 E1669.41569
G1 X171.819 Y125.421 E1669.42922
G1 X172.134 Y125.156 E1669.44236
G1 X172.298 Y125.066 E1669.44833
G1 X172.912 Y124.9 E1669.46864
G1 X174.328 Y124.9 E1669.51385
G1 X174.328 Y123.1 E1669.57133
G1 X125.668 Y123.1 E1671.12503
G1 X125.668 Y124.9 E1671.1825
G1 X127.075 Y124.904 E1671.22743
G1 X127.484 Y124.976 E1671.24069
G1 X127.728 Y125.076 E1671.24911
G1 X128.075 Y125.319 E1671.26263
G1 X128.34 Y125.634 E1671.27578
G1 X128.434 Y125.811 E1671.28218
G1 X128.596 Y126.338 E1671.29978
G1 X128.6 Y137.617 E1671.65992
G1 X128.718 Y138.239 E1671.68013
G1 X128.865 Y138.59 E1671.69228
G1 X129.06 Y138.91 E1671.70425
G1 X129.302 Y139.194 E1671.71616
G1 X129.587 Y139.437 E1671.72812
G1 X129.902 Y139.631 E1671.73993
G1 X130.258 Y139.779 E1671.75224
G1 X130.882 Y139.9 E1671.77254
G1 X137.225 Y139.9 E1671.97507
G1 X137.885 Y140.004 E1671.9964
G1 X138.419 Y140.19 E1672.01445
G1 X138.915 Y140.452 E1672.03237
G1 X139.299 Y140.728 E1672.04747
G1 X139.653 Y141.07 E1672.06318
G1 X140.033 Y141.567 E1672.08316
G1 X140.328 Y142.117 E1672.10309
G1 X140.537 Y142.841 E1672.12715
G1 X140.593 Y143.251 E1672.14036
G1 X140.599 Y144.876 E1672.19225
G1 X159.009 Y144.876 E1672.78007
G0 F1620 X159.4 Y144.876
G1 F4200 E1671.78007
G0 F9600 X159.12 Y144.597
G0 X159.151 Y143.218
G0 X159.264 Y142.565
G0 X159.446 Y142.012
G0 X159.849 Y141.282
G0 X160.295 Y140.757
G0 X161.007 Y140.231
G0 X165.674 Y137.419
G1 F2100 E1672.78007
G1 F1800 X165.124 Y137.5 E1672.79782
G1 X134.904 Y137.496 E1673.76274
G1 X134.315 Y137.418 E1673.78171
G1 X133.756 Y137.228 E1673.80056
G1 X133.258 Y136.938 E1673.81896
G1 X132.81 Y136.546 E1673.83797
G1 X132.448 Y136.072 E1673.85701
G1 X132.21 Y135.6 E1673.87389
G1 X132.045 Y135.024 E1673.89302
G1 X132 Y134.624 E1673.90588
G1 X132.004 Y128.404 E1674.10448
G1 X132.082 Y127.815 E1674.12345
G1 X132.268 Y127.263 E1674.14205
G1 X132.491 Y126.849 E1674.15706
G1 X132.809 Y126.45 E1674.17335
G1 X133.33 Y125.995 E1674.19544
G1 X133.896 Y125.709 E1674.21569
G1 X134.313 Y125.58 E1674.22963
G1 X134.784 Y125.5 E1674.24488
G1 X165.082 Y125.503 E1675.21229
G1 X165.69 Y125.581 E1675.23186
G1 X166.232 Y125.768 E1675.25017
G1 X166.573 Y125.948 E1675.26248
G1 X167.123 Y126.369 E1675.28459
G1 X167.519 Y126.871 E1675.30501
G1 X167.74 Y127.278 E1675.3198
G1 X167.919 Y127.822 E1675.33808
G1 X168 Y128.372 E1675.35583
G1 X167.996 Y134.592 E1675.55444
G1 X167.918 Y135.181 E1675.57341
G1 X167.791 Y135.6 E1675.58739
G1 X167.544 Y136.08 E1675.60462
G1 X167.125 Y136.625 E1675.62657
G1 X166.58 Y137.044 E1675.64852
G1 X166.1 Y137.291 E1675.66576
G1 X166.048 Y137.307 E1675.6675
G0 F1620 X165.674 Y137.419
G0 F9600 X165.966 Y136.914
G1 F1800 X165.478 Y137.054 E1675.68371
G1 X165.124 Y137.1 E1675.69511
G1 X134.944 Y137.098 E1676.65874
G1 X134.544 Y137.058 E1676.67158
G1 X133.999 Y136.906 E1676.68965
G1 X133.512 Y136.629 E1676.70753
G1 X133.119 Y136.292 E1676.72407
G1 X132.801 Y135.885 E1676.74056
G1 X132.586 Y135.466 E1676.75559
G1 X132.441 Y134.97 E1676.77209
G1 X132.4 Y134.624 E1676.78322
G1 X132.402 Y128.444 E1676.98054
G1 X132.442 Y128.044 E1676.99338
G1 X132.577 Y127.558 E1677.00949
G1 X132.827 Y127.066 E1677.02711
G1 X133.204 Y126.619 E1677.04578
G1 X133.611 Y126.301 E1677.06227
G1 X134.03 Y126.086 E1677.07731
G1 X134.526 Y125.941 E1677.09381
G1 X134.872 Y125.9 E1677.10493
G1 X165.046 Y125.902 E1678.06838
G1 X165.571 Y125.963 E1678.08526
G1 X166.045 Y126.121 E1678.10121
G1 X166.385 Y126.301 E1678.11349
G1 X166.792 Y126.619 E1678.12998
G1 X167.177 Y127.079 E1678.14914
G1 X167.383 Y127.459 E1678.16294
G1 X167.554 Y128.018 E1678.1816
G1 X167.6 Y128.372 E1678.193
G1 X167.598 Y134.552 E1678.39033
G1 X167.558 Y134.952 E1678.40316
G1 X167.414 Y135.466 E1678.42021
G1 X167.132 Y135.981 E1678.43895
G1 X166.792 Y136.377 E1678.45562
G1 X166.39 Y136.692 E1678.47193
G1 X166.312 Y136.733 E1678.47474
G0 F1620 X165.966 Y136.914
G0 F9600 X165.832 Y136.537
G0 X165.832 Y136.537 Z5.19
;TYPE:WALL-OUTER
G1 F1800 X165.64 Y136.594 Z5.2 E1678.48111
G1 X165.446 Y136.652 E1678.48771
G1 X165.154 Y136.698 E1678.49735
G1 X134.984 Y136.7 E1679.48074
G1 X134.584 Y136.66 E1679.49384
G1 X134.174 Y136.54 E1679.50777
G1 X133.765 Y136.319 E1679.52292
G1 X133.429 Y136.039 E1679.53717
G1 X133.175 Y135.729 E1679.55024
G1 X132.96 Y135.323 E1679.56521
G1 X132.837 Y134.916 E1679.57907
G1 X132.801 Y134.652 E1679.58776
G1 X132.8 Y128.484 E1679.7888
G1 X132.84 Y128.084 E1679.8019
G1 X132.975 Y127.638 E1679.81709
G1 X133.163 Y127.283 E1679.83019
G1 X133.457 Y126.929 E1679.84519
G1 X133.798 Y126.655 E1679.85944
G1 X134.173 Y126.46 E1679.87322
G1 X134.58 Y126.337 E1679.88708
G1 X134.845 Y126.301 E1679.8958
G1 X165.01 Y126.3 E1680.87902
G1 X165.41 Y126.336 E1680.89211
G1 X165.858 Y126.475 E1680.9074
G1 X166.231 Y126.677 E1680.92123
G1 X166.567 Y126.957 E1680.93548
G1 X166.823 Y127.27 E1680.94866
G1 X167.027 Y127.641 E1680.96247
G1 X167.152 Y128.05 E1680.97641
G1 X167.198 Y128.342 E1680.98604
G1 X167.2 Y134.512 E1681.18715
G1 X167.152 Y134.95 E1681.20151
G1 X167.037 Y135.332 E1681.21452
G1 X166.819 Y135.731 E1681.22934
G1 X166.539 Y136.067 E1681.24359
G1 X166.2 Y136.34 E1681.25778
G1 X165.998 Y136.448 E1681.26525
G0 F1620 X165.832 Y136.537
G0 X165.64 Y136.594
G0 F9600 X165.446 Y136.652
G0 X165.154 Y136.698
G0 X164.852 Y136.698
G1 F4200 E1680.26525
G0 F9600 X164.852 Y137.41
G0 X160.579 Y141.04
G0 X160.18 Y141.511
G0 X159.815 Y142.171
G0 X159.653 Y142.662
G0 X159.52 Y144.997
G0 X159.8 Y145.276
G0 X159.8 Y145.276 Z5.19
G1 F2100 E1681.26525
G1 F1800 X159.8 Y145.076 Z5.2 E1681.27161
G1 X159.802 Y143.259 E1681.33083
G1 X159.898 Y142.699 E1681.34935
G1 X160.038 Y142.287 E1681.36354
G1 X160.395 Y141.634 E1681.3878
G1 X160.767 Y141.202 E1681.40638
G1 X161.116 Y140.911 E1681.42119
G1 X161.491 Y140.674 E1681.43565
G1 X161.814 Y140.525 E1681.44724
G1 X162.24 Y140.39 E1681.46181
G1 X162.796 Y140.302 E1681.48016
G1 X169.139 Y140.3 E1681.68691
G1 X169.862 Y140.161 E1681.7109
G1 X170.277 Y139.989 E1681.72555
G1 X170.649 Y139.761 E1681.73977
G1 X170.977 Y139.478 E1681.75389
G1 X171.261 Y139.146 E1681.76813
G1 X171.489 Y138.772 E1681.78241
G1 X171.661 Y138.361 E1681.79693
G1 X171.766 Y137.928 E1681.81145
G1 X171.8 Y137.64 E1681.8209
G1 X171.801 Y126.471 E1682.18496
G1 X171.837 Y126.193 E1682.19409
G1 X171.974 Y125.872 E1682.20547
G1 X172.134 Y125.668 E1682.21392
G1 X172.432 Y125.443 E1682.22609
G1 X172.878 Y125.3 E1682.24136
G1 X174.728 Y125.3 E1682.30166
G1 X174.728 Y122.7 E1682.38641
G1 X125.268 Y122.7 E1683.99855
G1 X125.268 Y125.3 E1684.0833
G1 X127.025 Y125.301 E1684.14057
G1 X127.332 Y125.346 E1684.15068
G1 X127.624 Y125.474 E1684.16107
G1 X127.828 Y125.634 E1684.16952
G1 X128.054 Y125.937 E1684.18184
G1 X128.201 Y126.412 E1684.19805
G1 X128.2 Y137.64 E1684.56403
G1 X128.336 Y138.362 E1684.58797
G1 X128.507 Y138.772 E1684.60245
G1 X128.735 Y139.146 E1684.61673
G1 X129.018 Y139.478 E1684.63095
G1 X129.351 Y139.761 E1684.6452
G1 X129.72 Y139.989 E1684.65933
G1 X130.134 Y140.161 E1684.67395
G1 X130.857 Y140.3 E1684.69794
G1 X137.208 Y140.302 E1684.90495
G1 X137.8 Y140.398 E1684.9245
G1 X138.236 Y140.546 E1684.93951
G1 X138.681 Y140.777 E1684.95585
G1 X139.065 Y141.053 E1684.97127
G1 X139.335 Y141.314 E1684.98351
G1 X139.734 Y141.84 E1685.00503
G1 X139.961 Y142.288 E1685.0214
G1 X140.153 Y142.952 E1685.04393
G1 X140.195 Y143.297 E1685.05525
G1 X140.2 Y145.276 E1685.11976
G1 X159.612 Y145.276 E1685.75249
G0 F1620 X159.8 Y145.276
G0 X159.8 Y145.076
G0 F9600 X159.8 Y144.276
G0 X159.09 Y144.276
G0 X158.865 Y142.8
;TYPE:FILL
G1 F1800 X157.684 Y142.8 E1685.7902
G0 F9600 X157.402 Y142.8
G1 F1800 X153.913 Y142.8 E1685.9016
G0 F9600 X153.631 Y142.8
G1 F1800 X150.141 Y142.8 E1686.01304
G0 F9600 X149.859 Y142.8
G1 F1800 X146.368 Y142.8 E1686.12451
G0 F9600 X146.085 Y142.8
G1 F1800 X142.597 Y142.8 E1686.23588
G0 F9600 X142.315 Y142.8
G1 F1800 X141.132 Y142.8 E1686.27365
G1 F4200 E1685.27365
G0 F9600 X138.395 Y137.348
G0 X134.96 Y137.349
G0 X134.444 Y137.299
G0 X133.908 Y137.136
G0 X133.415 Y136.873
G0 X132.983 Y136.517
G0 X132.627 Y136.085
G0 X132.364 Y135.592
G0 X132.151 Y134.687
G0 X132.151 Y128.46
G0 X132.201 Y127.944
G0 X132.364 Y127.408
G0 X132.627 Y126.915
G0 X132.947 Y126.526
G0 X134.861 Y125.092
G1 F2100 E1686.27365
G1 F1800 X136.407 Y125.092 E1686.32301
G1 X135.223 Y123.908 E1686.37648
G1 X138.375 Y123.908 E1686.47712
G1 X137.19 Y125.093 E1686.53063
G1 X140.179 Y125.092 E1686.62607
G1 X138.995 Y123.908 E1686.67953
G1 X142.147 Y123.908 E1686.78017
G1 X140.961 Y125.094 E1686.83373
G1 X143.951 Y125.093 E1686.9292
G1 X142.766 Y123.908 E1686.98271
G1 X145.919 Y123.908 E1687.08338
G1 X144.733 Y125.094 E1687.13694
G1 X147.724 Y125.094 E1687.23244
G1 X146.538 Y123.908 E1687.28599
G1 X149.69 Y123.908 E1687.38663
G1 X148.504 Y125.094 E1687.44019
G1 X151.496 Y125.094 E1687.53572
G1 X150.31 Y123.908 E1687.58928
G1 X153.462 Y123.908 E1687.68992
G1 X152.275 Y125.094 E1687.7435
G1 X155.268 Y125.094 E1687.83906
G1 X154.081 Y123.908 E1687.89264
G1 X157.234 Y123.908 E1687.99331
G1 X156.046 Y125.095 E1688.04694
G1 X159.04 Y125.094 E1688.14253
G1 X157.853 Y123.908 E1688.19611
G1 X161.005 Y123.908 E1688.29675
G1 X159.817 Y125.096 E1688.3504
G1 X163.589 Y125.096 E1688.47084
G1 X164.777 Y123.908 E1688.52448
G1 X161.625 Y123.908 E1688.62512
G1 X162.812 Y125.095 E1688.67872
G1 F4200 E1687.67872
G0 F9600 X173.52 Y123.908
G1 F2100 E1688.67872
G1 F1800 X172.94 Y123.908 E1688.69724
G1 X173.124 Y124.092 E1688.70555
G1 X172.896 Y124.092 E1688.71283
G1 X172.497 Y124.154 E1688.72572
G1 X172.015 Y124.309 E1688.74189
G1 X171.804 Y124.425 E1688.74958
G1 X172.321 Y123.908 E1688.77292
G1 X169.168 Y123.908 E1688.8736
G1 X170.8 Y125.54 E1688.94729
G1 X170.909 Y125.319 E1688.95516
G1 X168.35 Y127.878 E1689.07071
G1 X168.161 Y127.198 E1689.09325
G1 X167.864 Y126.653 E1689.11307
G1 X167.409 Y126.073 E1689.1366
G1 X166.825 Y125.632 E1689.15997
G1 X168.549 Y123.908 E1689.23782
G1 X165.397 Y123.908 E1689.33846
G1 X170.592 Y129.104 E1689.57307
G1 X170.592 Y129.408 E1689.58277
G1 X168.999 Y131.001 E1689.65471
G1 X168.406 Y131.001 E1689.67364
G1 X168.406 Y131.283 E1689.68264
G1 X169 Y131.283 E1689.70161
G1 X170.592 Y132.875 E1689.7735
G1 X170.592 Y133.18 E1689.78324
G1 X168.228 Y135.543 E1689.88996
G1 X168.36 Y135.049 E1689.90629
G1 X168.403 Y134.458 E1689.92521
G1 X170.592 Y136.647 E1690.02405
G1 X170.592 Y136.952 E1690.03379
G1 X168.451 Y139.092 E1690.13045
G1 X169.055 Y139.092 E1690.14973
G1 X169.231 Y139.057 E1690.15546
G1 X167.232 Y137.059 E1690.24571
G1 X166.787 Y137.397 E1690.26355
G1 X166.245 Y137.673 E1690.28297
G1 X166.036 Y137.735 E1690.28993
G1 X165.228 Y138.544 E1690.32644
G1 X165.228 Y139.092 E1690.34394
G1 X164.946 Y139.092 E1690.35294
G1 X164.946 Y138.544 E1690.37044
G1 X164.31 Y137.908 E1690.39916
G1 X162.093 Y137.907 E1690.46994
G1 X157.684 Y142.316 E1690.66903
G1 X157.684 Y142.692 E1690.68104
G1 X157.402 Y142.693 E1690.69004
G1 X157.402 Y142.315 E1690.70211
G1 X152.993 Y137.906 E1690.9012
G1 X150.779 Y137.906 E1690.9719
G1 X146.369 Y142.315 E1691.17101
G1 X146.368 Y142.693 E1691.18308
G1 X146.086 Y142.693 E1691.19208
G1 X146.087 Y142.316 E1691.20412
G1 X141.677 Y137.905 E1691.40328
G1 X139.466 Y137.904 E1691.47388
G1 X138.123 Y139.246 E1691.5345
G1 X138.6 Y139.391 E1691.55042
G1 X139.218 Y139.692 E1691.57236
G1 X139.779 Y140.078 E1691.59411
G1 X140.222 Y140.484 E1691.61329
G1 X140.411 Y140.731 E1691.62322
G1 X143.237 Y137.904 E1691.75086
G1 X145.449 Y137.906 E1691.82148
G1 X149.859 Y142.316 E1692.02062
G1 X149.859 Y142.693 E1692.03266
G1 X150.141 Y142.692 E1692.04166
G1 X150.141 Y142.315 E1692.0537
G1 X154.551 Y137.906 E1692.25281
G1 X156.766 Y137.907 E1692.32354
G1 X159.583 Y140.725 E1692.45076
G1 X159.906 Y140.344 E1692.46671
G1 X160.458 Y139.896 E1692.48941
G1 X160.971 Y139.584 E1692.50858
G1 X161.398 Y139.39 E1692.52356
G1 X161.867 Y139.236 E1692.53932
G1 X160.538 Y137.908 E1692.59931
G1 X158.322 Y137.906 E1692.67006
G1 X153.913 Y142.316 E1692.86918
G1 X153.913 Y142.692 E1692.88118
G1 X153.631 Y142.693 E1692.89019
G1 X153.631 Y142.316 E1692.90222
G1 X149.221 Y137.906 E1693.10136
G1 X147.008 Y137.905 E1693.17202
G1 X142.597 Y142.316 E1693.3712
G1 X142.597 Y142.693 E1693.38324
G1 X142.315 Y142.693 E1693.39224
G1 X142.315 Y142.315 E1693.40431
G1 X137.904 Y137.904 E1693.60349
G1 X135.694 Y137.904 E1693.67406
G1 X135.055 Y138.543 E1693.70291
G1 X135.055 Y139.091 E1693.72041
G1 X134.773 Y139.092 E1693.72941
G1 X134.773 Y138.544 E1693.74691
G1 X133.961 Y137.732 E1693.78358
G1 X133.813 Y137.694 E1693.78846
G1 X133.21 Y137.398 E1693.8099
G1 X132.768 Y137.059 E1693.82769
G1 X130.767 Y139.059 E1693.91802
G1 X130.941 Y139.092 E1693.92368
G1 X131.548 Y139.091 E1693.94306
G1 X129.408 Y136.951 E1694.03969
G1 X129.408 Y136.646 E1694.04943
G1 X131.592 Y134.463 E1694.14803
G1 X131.641 Y135.09 E1694.16811
G1 X131.77 Y135.542 E1694.18312
G1 X129.408 Y133.179 E1694.2898
G1 X129.408 Y132.875 E1694.2995
G1 X131 Y131.282 E1694.37141
G1 X131.595 Y131.282 E1694.39041
G1 X131.595 Y131 E1694.39942
G1 X131 Y131 E1694.41842
G1 X129.408 Y129.408 E1694.4903
G1 X129.409 Y129.102 E1694.50007
G1 X134.603 Y123.908 E1694.73461
G1 X131.451 Y123.908 E1694.83525
G1 X133.152 Y125.608 E1694.91204
G1 X132.503 Y126.18 E1694.93966
G1 X132.148 Y126.626 E1694.95786
G1 X131.9 Y127.087 E1694.97458
G1 X131.686 Y127.71 E1694.99561
G1 X131.662 Y127.89 E1695.00141
G1 X129.105 Y125.333 E1695.11687
G1 X130.832 Y123.908 E1695.18836
G1 X127.06 Y123.908 E1695.3088
G1 X126.875 Y124.092 E1695.31713
G1 X127.45 Y124.136 E1695.33555
G1 X128.042 Y124.331 E1695.35545
G1 X128.189 Y124.418 E1695.3609
G1 X127.679 Y123.908 E1695.38393
G1 F4200 E1694.38393
G0 F9600 X132.16 Y132.21
G0 X132.151 Y134.687
G0 X132.364 Y135.592
G0 X132.627 Y136.085
G0 X132.983 Y136.517
G0 X133.415 Y136.873
G0 X133.908 Y137.136
G0 X134.444 Y137.299
G0 X139.493 Y140.565
G0 X140.19 Y141.361
G0 X141.143 Y143.142
;TYPE:SKIN
G1 F2100 E1695.38393
G1 F1710 X141.424 Y142.861 E1695.39573
G0 F9600 X141.962 Y142.861
G1 F1710 X141.154 Y143.669 E1695.42967
G0 F9600 X141.158 Y144.202
G1 F1710 X142.499 Y142.861 E1695.486
G0 F9600 X143.036 Y142.861
G1 F1710 X141.582 Y144.316 E1695.54709
G0 F9600 X142.119 Y144.316
G1 F1710 X143.574 Y142.861 E1695.60821
G0 F9600 X144.111 Y142.861
G1 F1710 X142.657 Y144.316 E1695.66931
G0 F9600 X143.194 Y144.316
G1 F1710 X144.649 Y142.861 E1695.73042
G0 F9600 X145.186 Y142.861
G1 F1710 X143.731 Y144.316 E1695.79154
G0 F9600 X144.269 Y144.316
G1 F1710 X145.723 Y142.861 E1695.85263
G0 F9600 X146.261 Y142.861
G1 F1710 X144.806 Y144.316 E1695.91375
G0 F9600 X145.344 Y144.316
G1 F1710 X146.798 Y142.861 E1695.97484
G0 F9600 X147.336 Y142.861
G1 F1710 X145.881 Y144.316 E1696.03596
G0 F9600 X146.418 Y144.316
G1 F1710 X147.873 Y142.861 E1696.09707
G0 F9600 X148.41 Y142.861
G1 F1710 X146.956 Y144.316 E1696.15817
G0 F9600 X147.493 Y144.316
G1 F1710 X148.948 Y142.861 E1696.21928
G0 F9600 X149.485 Y142.861
G1 F1710 X148.031 Y144.316 E1696.28038
G0 F9600 X148.568 Y144.316
G1 F1710 X150.023 Y142.861 E1696.3415
G0 F9600 X150.56 Y142.861
G1 F1710 X149.105 Y144.316 E1696.40261
G0 F9600 X149.643 Y144.316
G1 F1710 X151.097 Y142.861 E1696.46371
G0 F9600 X151.635 Y142.861
G1 F1710 X150.18 Y144.316 E1696.52482
G0 F9600 X150.718 Y144.316
G1 F1710 X152.172 Y142.861 E1696.58592
G0 F9600 X152.71 Y142.861
G1 F1710 X151.255 Y144.316 E1696.64703
G0 F9600 X151.792 Y144.316
G1 F1710 X153.247 Y142.861 E1696.70815
G0 F9600 X153.784 Y142.861
G1 F1710 X152.33 Y144.316 E1696.76924
G0 F9600 X152.867 Y144.316
G1 F1710 X154.322 Y142.861 E1696.83036
G0 F9600 X154.859 Y142.861
G1 F1710 X153.405 Y144.316 E1696.89145
G0 F9600 X153.942 Y144.316
G1 F1710 X155.397 Y142.861 E1696.95257
G0 F9600 X155.934 Y142.861
G1 F1710 X154.479 Y144.316 E1697.01368
G0 F9600 X155.017 Y144.316
G1 F1710 X156.471 Y142.861 E1697.07478
G0 F9600 X157.009 Y142.861
G1 F1710 X155.554 Y144.316 E1697.1359
G0 F9600 X156.092 Y144.316
G1 F1710 X157.546 Y142.861 E1697.19699
G0 F9600 X158.084 Y142.861
G1 F1710 X156.629 Y144.316 E1697.25811
G0 F9600 X157.167 Y144.316
G1 F1710 X158.621 Y142.861 E1697.3192
G0 F9600 X158.841 Y143.179
G1 F1710 X157.704 Y144.316 E1697.36696
G0 F9600 X158.241 Y144.316
G1 F1710 X158.839 Y143.718 E1697.39208
G0 F9600 X158.839 Y144.255
G1 F1710 X158.779 Y144.316 E1697.39462
G0 F9600 X158.78 Y144.267
G1 F4200 E1696.39462
G1 F1500 Z5.5
G0 F9600 X158.78 Y144.267 Z5.5
G0 X181 Y124.5
;TYPE:WALL-INNER
G1 F1500 Z5.2
G1 F2100 E1697.39462
G1 F1800 X181 Y123.5 E1697.42655
G1 X179.068 Y123.5 E1697.48824
G1 X179.068 Y124.5 E1697.52017
G1 X181 Y124.5 E1697.58186
G0 F9600 X181.4 Y124.9
G1 F1800 X181.4 Y123.1 E1697.63933
G1 X178.668 Y123.1 E1697.72656
G1 X178.668 Y124.9 E1697.78403
G1 X181.4 Y124.9 E1697.87127
G0 F9600 X181.8 Y125.3
G0 X181.8 Y125.3 Z5.19
;TYPE:WALL-OUTER
G1 F1800 X181.8 Y125.1 Z5.2 E1697.87763
G1 X181.8 Y122.7 E1697.95586
G1 X178.268 Y122.7 E1698.07098
G1 X178.268 Y125.3 E1698.15573
G1 X181.8 Y125.3 E1698.27086
G1 X181.8 Y125.1 E1698.27721
G0 F9600 X181.8 Y124.3
G0 X181.09 Y124.3
G0 X180.592 Y124.092
G0 X180.592 Y124.017
;TYPE:FILL
G1 F1800 X180.592 Y124.092 E1698.27961
G1 X179.679 Y124.092 E1698.30876
G1 X179.864 Y123.908 E1698.31709
G1 X180.592 Y123.908 E1698.34033
G1 X180.483 Y123.908 E1698.34381
G1 X180.592 Y124.017 E1698.34874
G1 F4200 E1697.34874
G1 F1500 Z5.5
;MESH:NONMESH
G0 F9600 X180.592 Y124.017 Z5.5
G0 X120.904 Y124.5
;TIME_ELAPSED:2154.722775
;LAYER:26
;MESH:LC-GR3005??????RFID?????????-WB.stl
G0 X120.904 Y124.5 Z5.7
;TYPE:WALL-INNER
G1 F1500 Z5.4
G1 F2100 E1698.34874
G1 F1800 X120.904 Y123.5 E1698.38067
G1 X119 Y123.5 E1698.44146
G1 X119 Y124.5 E1698.47339
G1 X120.904 Y124.5 E1698.53418
G0 F9600 X121.304 Y124.9
G1 F1800 X121.304 Y123.1 E1698.59166
G1 X118.6 Y123.1 E1698.678
G1 X118.6 Y124.9 E1698.73547
G1 X121.304 Y124.9 E1698.82181
G0 F9600 X121.704 Y125.3
G0 X121.704 Y125.3 Z5.39
;TYPE:WALL-OUTER
G1 F1800 X121.704 Y125.1 Z5.4 E1698.82817
G1 X121.704 Y122.7 E1698.9064
G1 X118.2 Y122.7 E1699.02061
G1 X118.2 Y125.3 E1699.10536
G1 X121.704 Y125.3 E1699.21957
G1 X121.704 Y125.1 E1699.22593
G0 F9600 X121.704 Y124.3
G0 X120.995 Y124.3
G0 X120.496 Y123.908
;TYPE:FILL
G1 F1800 X120.137 Y123.908 E1699.23739
G1 X120.321 Y124.092 E1699.2457
G1 X119.408 Y124.092 E1699.27485
G1 X119.408 Y124.016 E1699.27728
G1 X119.517 Y123.908 E1699.28218
G1 X120.496 Y123.908 E1699.31344
G1 F4200 E1698.31344
G1 F1500 Z5.7
G0 F9600 X120.496 Y123.908 Z5.7
G0 X159 Y144.12
;TYPE:WALL-INNER
G1 F1500 Z5.4
G1 F2100 E1699.31344
G1 F1800 X159 Y143.32 E1699.33898
G1 X159.092 Y142.624 E1699.3614
G1 X159.296 Y141.981 E1699.38294
G1 X159.575 Y141.417 E1699.40303
G1 X159.939 Y140.923 E1699.42262
G1 X160.567 Y140.325 E1699.45031
G1 X161.104 Y139.969 E1699.47088
G1 X161.74 Y139.702 E1699.4929
G1 X162.233 Y139.573 E1699.50918
G1 X162.715 Y139.504 E1699.52472
G1 X169.091 Y139.5 E1699.72831
G1 X169.615 Y139.397 E1699.74536
G1 X169.913 Y139.273 E1699.75566
G1 X170.176 Y139.113 E1699.76549
G1 X170.408 Y138.912 E1699.77529
G1 X170.611 Y138.675 E1699.78526
G1 X170.774 Y138.408 E1699.79525
G1 X170.898 Y138.11 E1699.80555
G1 X171 Y137.594 E1699.82235
G1 X171 Y126.47 E1700.17753
G1 X171.058 Y126.009 E1700.19237
G1 X171.206 Y125.616 E1700.20578
G1 X171.345 Y125.378 E1700.21458
G1 X171.682 Y124.999 E1700.23077
G1 X171.89 Y124.839 E1700.23915
G1 X172.164 Y124.689 E1700.24912
G1 X172.606 Y124.547 E1700.26395
G1 X172.912 Y124.5 E1700.27383
G1 X173.904 Y124.5 E1700.30551
G1 X173.904 Y123.5 E1700.33744
G1 X126.094 Y123.5 E1701.864
G1 X126.095 Y124.5 E1701.89593
G1 X127 Y124.5 E1701.92482
G1 X127.381 Y124.539 E1701.93705
G1 X127.88 Y124.706 E1701.95385
G1 X128.118 Y124.845 E1701.96265
G1 X128.497 Y125.182 E1701.97885
G1 X128.657 Y125.39 E1701.98723
G1 X128.814 Y125.686 E1701.99792
G1 X129.001 Y126.326 E1702.01921
G1 X129 Y137.594 E1702.379
G1 X129.1 Y138.115 E1702.39594
G1 X129.222 Y138.408 E1702.40607
G1 X129.385 Y138.675 E1702.41606
G1 X129.586 Y138.91 E1702.42593
G1 X129.823 Y139.113 E1702.4359
G1 X130.085 Y139.274 E1702.44572
G1 X130.381 Y139.397 E1702.45595
G1 X130.907 Y139.5 E1702.47306
G1 X137.252 Y139.5 E1702.67566
G1 X137.848 Y139.591 E1702.69491
G1 X138.549 Y139.802 E1702.71828
G1 X139.262 Y140.204 E1702.74442
G1 X139.774 Y140.618 E1702.76544
G1 X140.168 Y141.061 E1702.78437
G1 X140.521 Y141.607 E1702.80513
G1 X140.812 Y142.265 E1702.82811
G1 X140.996 Y143.207 E1702.85875
G1 X140.998 Y144.12 E1702.8879
G1 X158.609 Y144.12 E1703.45022
G0 F1620 X159 Y144.12
G0 F9600 X159.4 Y144.52
G1 F1800 X159.406 Y143.23 E1703.49141
G1 X159.499 Y142.663 E1703.50975
G1 X159.67 Y142.123 E1703.52784
G1 X159.917 Y141.626 E1703.54556
G1 X160.232 Y141.195 E1703.56261
G1 X160.489 Y140.923 E1703.57455
G1 X160.901 Y140.573 E1703.59182
G1 X161.341 Y140.303 E1703.6083
G1 X161.874 Y140.078 E1703.62677
G1 X162.33 Y139.961 E1703.6418
G1 X162.716 Y139.908 E1703.65424
G1 X169.117 Y139.9 E1703.85863
G1 X169.738 Y139.779 E1703.87883
G1 X170.095 Y139.631 E1703.89117
G1 X170.413 Y139.437 E1703.90306
G1 X170.693 Y139.195 E1703.91488
G1 X170.936 Y138.91 E1703.92684
G1 X171.131 Y138.59 E1703.9388
G1 X171.28 Y138.236 E1703.95107
G1 X171.4 Y137.617 E1703.9712
G1 X171.4 Y126.48 E1704.3268
G1 X171.448 Y126.101 E1704.339
G1 X171.576 Y125.768 E1704.35039
G1 X171.819 Y125.421 E1704.36391
G1 X172.134 Y125.156 E1704.37706
G1 X172.298 Y125.066 E1704.38303
G1 X172.912 Y124.9 E1704.40334
G1 X174.304 Y124.9 E1704.44779
G1 X174.304 Y123.1 E1704.50526
G1 X125.693 Y123.1 E1706.0574
G1 X125.696 Y124.9 E1706.11487
G1 X127.075 Y124.904 E1706.1589
G1 X127.484 Y124.976 E1706.17216
G1 X127.728 Y125.076 E1706.18058
G1 X128.075 Y125.319 E1706.19411
G1 X128.34 Y125.634 E1706.20725
G1 X128.434 Y125.811 E1706.21365
G1 X128.596 Y126.338 E1706.23125
G1 X128.6 Y137.617 E1706.59139
G1 X128.718 Y138.239 E1706.6116
G1 X128.865 Y138.59 E1706.62375
G1 X129.06 Y138.91 E1706.63572
G1 X129.302 Y139.194 E1706.64763
G1 X129.587 Y139.437 E1706.65959
G1 X129.902 Y139.631 E1706.6714
G1 X130.258 Y139.779 E1706.68371
G1 X130.882 Y139.9 E1706.70401
G1 X137.263 Y139.906 E1706.90775
G1 X137.839 Y139.995 E1706.92636
G1 X138.396 Y140.176 E1706.94506
G1 X139.121 Y140.583 E1706.97161
G1 X139.576 Y140.985 E1706.991
G1 X139.918 Y141.394 E1707.00802
G1 X140.182 Y141.818 E1707.02397
G1 X140.428 Y142.389 E1707.04382
G1 X140.596 Y143.243 E1707.07161
G1 X140.599 Y144.52 E1707.11238
G1 X159.009 Y144.52 E1707.70021
G0 F1620 X159.4 Y144.52
G1 F4200 E1706.70021
G0 F9600 X159.12 Y144.242
G0 X159.151 Y143.254
G0 X159.244 Y142.649
G0 X159.443 Y142.016
G0 X159.706 Y141.503
G0 X160.286 Y140.77
G0 X165.674 Y137.419
G1 F2100 E1707.70021
G1 F1800 X165.124 Y137.5 E1707.71796
G1 X134.904 Y137.496 E1708.68288
G1 X134.315 Y137.418 E1708.70185
G1 X133.756 Y137.228 E1708.7207
G1 X133.258 Y136.938 E1708.7391
G1 X132.81 Y136.546 E1708.75811
G1 X132.448 Y136.072 E1708.77715
G1 X132.21 Y135.6 E1708.79403
G1 X132.045 Y135.024 E1708.81316
G1 X132 Y134.624 E1708.82601
G1 X132.004 Y128.404 E1709.02462
G1 X132.082 Y127.815 E1709.04359
G1 X132.268 Y127.263 E1709.06219
G1 X132.491 Y126.849 E1709.0772
G1 X132.809 Y126.45 E1709.09349
G1 X133.33 Y125.995 E1709.11558
G1 X133.896 Y125.709 E1709.13583
G1 X134.313 Y125.58 E1709.14976
G1 X134.784 Y125.5 E1709.16502
G1 X165.082 Y125.503 E1710.13243
G1 X165.69 Y125.581 E1710.152
G1 X166.232 Y125.768 E1710.1703
G1 X166.573 Y125.948 E1710.18262
G1 X167.123 Y126.369 E1710.20473
G1 X167.519 Y126.871 E1710.22515
G1 X167.74 Y127.278 E1710.23994
G1 X167.919 Y127.822 E1710.25822
G1 X168 Y128.372 E1710.27597
G1 X167.996 Y134.592 E1710.47458
G1 X167.918 Y135.181 E1710.49355
G1 X167.791 Y135.6 E1710.50753
G1 X167.544 Y136.08 E1710.52476
G1 X167.125 Y136.625 E1710.54671
G1 X166.58 Y137.044 E1710.56866
G1 X166.1 Y137.291 E1710.5859
G1 X166.048 Y137.307 E1710.58764
G0 F1620 X165.674 Y137.419
G0 F9600 X165.966 Y136.914
G1 F1800 X165.478 Y137.054 E1710.60385
G1 X165.124 Y137.1 E1710.61524
G1 X134.944 Y137.098 E1711.57888
G1 X134.544 Y137.058 E1711.59172
G1 X133.999 Y136.906 E1711.60978
G1 X133.512 Y136.629 E1711.62767
G1 X133.119 Y136.292 E1711.6442
G1 X132.801 Y135.885 E1711.6607
G1 X132.586 Y135.466 E1711.67573
G1 X132.441 Y134.97 E1711.69223
G1 X132.4 Y134.624 E1711.70336
G1 X132.402 Y128.444 E1711.90068
G1 X132.442 Y128.044 E1711.91352
G1 X132.577 Y127.558 E1711.92962
G1 X132.827 Y127.066 E1711.94725
G1 X133.204 Y126.619 E1711.96592
G1 X133.611 Y126.301 E1711.98241
G1 X134.03 Y126.086 E1711.99745
G1 X134.526 Y125.941 E1712.01395
G1 X134.872 Y125.9 E1712.02507
G1 X165.046 Y125.902 E1712.98852
G1 X165.571 Y125.963 E1713.00539
G1 X166.045 Y126.121 E1713.02135
G1 X166.385 Y126.301 E1713.03363
G1 X166.792 Y126.619 E1713.05012
G1 X167.177 Y127.079 E1713.06928
G1 X167.383 Y127.459 E1713.08308
G1 X167.554 Y128.018 E1713.10174
G1 X167.6 Y128.372 E1713.11314
G1 X167.598 Y134.552 E1713.31047
G1 X167.558 Y134.952 E1713.3233
G1 X167.414 Y135.466 E1713.34035
G1 X167.132 Y135.981 E1713.35909
G1 X166.792 Y136.377 E1713.37576
G1 X166.39 Y136.692 E1713.39207
G1 X166.312 Y136.733 E1713.39488
G0 F1620 X165.966 Y136.914
G0 F9600 X165.832 Y136.537
G0 X165.832 Y136.537 Z5.39
;TYPE:WALL-OUTER
G1 F1800 X165.64 Y136.594 Z5.4 E1713.40125
G1 X165.446 Y136.652 E1713.40785
G1 X165.154 Y136.698 E1713.41749
G1 X134.984 Y136.7 E1714.40088
G1 X134.584 Y136.66 E1714.41398
G1 X134.174 Y136.54 E1714.4279
G1 X133.765 Y136.319 E1714.44306
G1 X133.429 Y136.039 E1714.45731
G1 X133.175 Y135.729 E1714.47038
G1 X132.96 Y135.323 E1714.48535
G1 X132.837 Y134.916 E1714.49921
G1 X132.801 Y134.652 E1714.50789
G1 X132.8 Y128.484 E1714.70894
G1 X132.84 Y128.084 E1714.72204
G1 X132.975 Y127.638 E1714.73723
G1 X133.163 Y127.283 E1714.75033
G1 X133.457 Y126.929 E1714.76532
G1 X133.798 Y126.655 E1714.77958
G1 X134.173 Y126.46 E1714.79336
G1 X134.58 Y126.337 E1714.80722
G1 X134.845 Y126.301 E1714.81594
G1 X165.01 Y126.3 E1715.79916
G1 X165.41 Y126.336 E1715.81225
G1 X165.858 Y126.475 E1715.82754
G1 X166.231 Y126.677 E1715.84137
G1 X166.567 Y126.957 E1715.85562
G1 X166.823 Y127.27 E1715.8688
G1 X167.027 Y127.641 E1715.8826
G1 X167.152 Y128.05 E1715.89654
G1 X167.198 Y128.342 E1715.90618
G1 X167.2 Y134.512 E1716.10729
G1 X167.152 Y134.95 E1716.12165
G1 X167.037 Y135.332 E1716.13466
G1 X166.819 Y135.731 E1716.14948
G1 X166.539 Y136.067 E1716.16373
G1 X166.2 Y136.34 E1716.17792
G1 X165.998 Y136.448 E1716.18538
G0 F1620 X165.832 Y136.537
G0 X165.64 Y136.594
G0 F9600 X165.446 Y136.652
G0 X165.154 Y136.698
G0 X164.852 Y136.698
G1 F4200 E1715.18538
G0 F9600 X164.852 Y137.41
G0 X160.565 Y141.057
G0 X160.049 Y141.71
G0 X159.814 Y142.169
G0 X159.635 Y142.741
G0 X159.52 Y144.642
G0 X159.8 Y144.92
G0 X159.8 Y144.92 Z5.39
G1 F2100 E1716.18538
G1 F1800 X159.8 Y144.72 Z5.4 E1716.19175
G1 X159.802 Y143.29 E1716.23836
G1 X159.881 Y142.783 E1716.25508
G1 X160.044 Y142.265 E1716.27278
G1 X160.253 Y141.849 E1716.28796
G1 X160.608 Y141.351 E1716.30789
G1 X161.116 Y140.911 E1716.3298
G1 X161.497 Y140.671 E1716.34448
G1 X162.027 Y140.449 E1716.36321
G1 X162.45 Y140.345 E1716.3774
G1 X162.766 Y140.305 E1716.38779
G1 X169.143 Y140.3 E1716.59564
G1 X169.862 Y140.161 E1716.61951
G1 X170.277 Y139.989 E1716.63416
G1 X170.649 Y139.761 E1716.64838
G1 X170.977 Y139.478 E1716.6625
G1 X171.261 Y139.146 E1716.67674
G1 X171.489 Y138.772 E1716.69102
G1 X171.661 Y138.361 E1716.70554
G1 X171.766 Y137.928 E1716.72006
G1 X171.8 Y137.64 E1716.72951
G1 X171.801 Y126.471 E1717.09357
G1 X171.837 Y126.193 E1717.1027
G1 X171.974 Y125.872 E1717.11408
G1 X172.134 Y125.668 E1717.12253
G1 X172.432 Y125.443 E1717.1347
G1 X172.878 Y125.3 E1717.14997
G1 X174.704 Y125.3 E1717.20949
G1 X174.704 Y122.7 E1717.29423
G1 X125.293 Y122.7 E1718.90478
G1 X125.296 Y125.3 E1718.98953
G1 X127.025 Y125.301 E1719.04589
G1 X127.332 Y125.346 E1719.056
G1 X127.624 Y125.474 E1719.06639
G1 X127.828 Y125.634 E1719.07484
G1 X128.054 Y125.937 E1719.08716
G1 X128.201 Y126.412 E1719.10337
G1 X128.2 Y137.64 E1719.46935
G1 X128.336 Y138.362 E1719.49329
G1 X128.507 Y138.772 E1719.50777
G1 X128.735 Y139.146 E1719.52205
G1 X129.018 Y139.478 E1719.53627
G1 X129.351 Y139.761 E1719.55051
G1 X129.72 Y139.989 E1719.56465
G1 X130.134 Y140.161 E1719.57926
G1 X130.857 Y140.3 E1719.60326
G1 X137.203 Y140.302 E1719.81011
G1 X137.758 Y140.389 E1719.82842
G1 X138.25 Y140.553 E1719.84532
G1 X138.903 Y140.924 E1719.8698
G1 X139.272 Y141.245 E1719.88575
G1 X139.56 Y141.581 E1719.90017
G1 X139.857 Y142.059 E1719.91851
G1 X140.049 Y142.529 E1719.93506
G1 X140.193 Y143.269 E1719.95963
G1 X140.2 Y144.92 E1720.01345
G1 X159.612 Y144.92 E1720.64618
G0 F1620 X159.8 Y144.92
G0 X159.8 Y144.72
G0 F9600 X159.801 Y143.92
G0 X159.09 Y143.92
G0 X158.952 Y142.4
;TYPE:FILL
G1 F1800 X157.755 Y142.4 E1720.6844
G0 F9600 X157.33 Y142.4
G1 F1800 X153.983 Y142.4 E1720.79127
G0 F9600 X153.559 Y142.4
G1 F1800 X150.211 Y142.4 E1720.89817
G0 F9600 X149.79 Y142.4
G1 F1800 X146.437 Y142.4 E1721.00523
G0 F9600 X146.018 Y142.4
G1 F1800 X142.665 Y142.4 E1721.11229
G0 F9600 X141.6 Y142.545
G1 F1800 X141.6 Y141.601 E1721.14243
G1 F4200 E1720.14243
G0 F9600 X133.415 Y136.873
G0 X132.983 Y136.517
G0 X132.627 Y136.085
G0 X132.364 Y135.592
G0 X132.151 Y134.687
G0 X132.151 Y128.46
G0 X132.201 Y127.944
G0 X132.364 Y127.408
G0 X132.627 Y126.915
G0 X132.947 Y126.526
G0 X134.861 Y125.092
G1 F2100 E1721.14243
G1 F1800 X136.407 Y125.092 E1721.1918
G1 X135.224 Y123.908 E1721.24524
G1 X138.375 Y123.908 E1721.34585
G1 X137.19 Y125.093 E1721.39936
G1 X140.179 Y125.092 E1721.4948
G1 X138.995 Y123.908 E1721.54826
G1 X142.147 Y123.908 E1721.6489
G1 X140.961 Y125.094 E1721.70246
G1 X143.951 Y125.093 E1721.79793
G1 X142.767 Y123.908 E1721.85141
G1 X145.919 Y123.908 E1721.95206
G1 X144.733 Y125.094 E1722.00561
G1 X147.724 Y125.094 E1722.10111
G1 X146.539 Y123.908 E1722.15464
G1 X149.69 Y123.908 E1722.25526
G1 X148.504 Y125.094 E1722.30881
G1 X151.496 Y125.094 E1722.40434
G1 X150.31 Y123.908 E1722.4579
G1 X153.462 Y123.908 E1722.55854
G1 X152.275 Y125.094 E1722.61212
G1 X155.268 Y125.094 E1722.70768
G1 X154.082 Y123.908 E1722.76124
G1 X157.234 Y123.908 E1722.86188
G1 X156.046 Y125.095 E1722.9155
G1 X159.04 Y125.094 E1723.0111
G1 X157.854 Y123.908 E1723.06465
G1 X161.005 Y123.908 E1723.16526
G1 X159.817 Y125.096 E1723.21891
G1 X163.589 Y125.096 E1723.33935
G1 X164.777 Y123.908 E1723.39299
G1 X161.626 Y123.908 E1723.4936
G1 X162.812 Y125.095 E1723.54718
G1 F4200 E1722.54718
G0 F9600 X173.496 Y123.908
G1 F2100 E1723.54718
G1 F1800 X172.941 Y123.908 E1723.5649
G1 X173.124 Y124.092 E1723.57319
G1 X172.896 Y124.092 E1723.58047
G1 X172.497 Y124.154 E1723.59336
G1 X172.015 Y124.309 E1723.60953
G1 X171.804 Y124.425 E1723.61721
G1 X172.321 Y123.908 E1723.64056
G1 X169.169 Y123.908 E1723.7412
G1 X170.8 Y125.54 E1723.81487
G1 X170.909 Y125.319 E1723.82274
G1 X168.35 Y127.878 E1723.93829
G1 X168.161 Y127.198 E1723.96083
G1 X167.864 Y126.653 E1723.98065
G1 X167.409 Y126.073 E1724.00419
G1 X166.825 Y125.632 E1724.02755
G1 X168.549 Y123.908 E1724.1054
G1 X165.397 Y123.908 E1724.20604
G1 X170.592 Y129.104 E1724.44065
G1 X170.592 Y129.408 E1724.45035
G1 X168.999 Y131.001 E1724.52229
G1 X168.406 Y131.001 E1724.54122
G1 X168.406 Y131.283 E1724.55023
G1 X169 Y131.283 E1724.56919
G1 X170.592 Y132.875 E1724.64108
G1 X170.592 Y133.18 E1724.65082
G1 X168.228 Y135.543 E1724.75754
G1 X168.36 Y135.049 E1724.77387
G1 X168.403 Y134.458 E1724.79279
G1 X170.592 Y136.647 E1724.89163
G1 X170.592 Y136.952 E1724.90137
G1 X168.451 Y139.093 E1724.99805
G1 X169.057 Y139.092 E1725.0174
G1 X169.231 Y139.057 E1725.02307
G1 X167.231 Y137.058 E1725.11336
G1 X166.786 Y137.397 E1725.13122
G1 X166.245 Y137.673 E1725.15061
G1 X166.036 Y137.735 E1725.15757
G1 X165.228 Y138.544 E1725.19408
G1 X165.228 Y139.095 E1725.21167
G1 X164.946 Y139.095 E1725.22068
G1 X164.946 Y138.544 E1725.23827
G1 X164.31 Y137.908 E1725.26699
G1 X162.093 Y137.907 E1725.33778
G1 X157.664 Y142.336 E1725.53777
G1 X157.422 Y142.336 E1725.5455
G1 X152.993 Y137.906 E1725.74551
G1 X150.779 Y137.906 E1725.81621
G1 X146.348 Y142.337 E1726.01629
G1 X146.108 Y142.336 E1726.02395
G1 X141.677 Y137.905 E1726.22404
G1 X139.466 Y137.904 E1726.29463
G1 X138.13 Y139.24 E1726.35496
G1 X138.72 Y139.432 E1726.37477
G1 X139.597 Y139.923 E1726.40686
G1 X140.181 Y140.449 E1726.43196
G1 X140.417 Y140.724 E1726.44353
G1 X143.237 Y137.904 E1726.57087
G1 X145.449 Y137.906 E1726.6415
G1 X149.88 Y142.336 E1726.84156
G1 X150.12 Y142.336 E1726.84922
G1 X154.551 Y137.906 E1727.04928
G1 X156.766 Y137.907 E1727.12001
G1 X159.582 Y140.723 E1727.24717
G1 X159.953 Y140.318 E1727.2647
G1 X160.458 Y139.896 E1727.28572
G1 X161.012 Y139.565 E1727.30632
G1 X161.607 Y139.315 E1727.32693
G1 X161.875 Y139.245 E1727.33577
G1 X160.538 Y137.908 E1727.39615
G1 X158.322 Y137.906 E1727.4669
G1 X153.892 Y142.336 E1727.66694
G1 X153.651 Y142.336 E1727.67464
G1 X149.221 Y137.906 E1727.87467
G1 X147.008 Y137.905 E1727.94534
G1 X142.576 Y142.337 E1728.14546
G1 X142.336 Y142.336 E1728.15313
G1 X137.904 Y137.904 E1728.35326
G1 X135.694 Y137.904 E1728.42382
G1 X135.054 Y138.544 E1728.45272
G1 X135.054 Y139.092 E1728.47022
G1 X134.772 Y139.092 E1728.47922
G1 X134.772 Y138.544 E1728.49672
G1 X133.961 Y137.732 E1728.53336
G1 X133.813 Y137.694 E1728.53824
G1 X133.21 Y137.398 E1728.55969
G1 X132.768 Y137.059 E1728.57748
G1 X130.767 Y139.059 E1728.66781
G1 X130.941 Y139.092 E1728.67346
G1 X131.549 Y139.092 E1728.69288
G1 X129.408 Y136.951 E1728.78956
G1 X129.408 Y136.646 E1728.79929
G1 X131.592 Y134.463 E1728.89789
G1 X131.641 Y135.09 E1728.91797
G1 X131.77 Y135.542 E1728.93298
G1 X129.408 Y133.179 E1729.03966
G1 X129.408 Y132.875 E1729.04937
G1 X131 Y131.282 E1729.12128
G1 X131.595 Y131.282 E1729.14028
G1 X131.595 Y131 E1729.14928
G1 X131 Y131 E1729.16828
G1 X129.408 Y129.408 E1729.24017
G1 X129.409 Y129.102 E1729.24994
G1 X134.603 Y123.908 E1729.48447
G1 X131.452 Y123.908 E1729.58508
G1 X133.152 Y125.608 E1729.66185
G1 X132.503 Y126.18 E1729.68947
G1 X132.148 Y126.626 E1729.70767
G1 X131.9 Y127.087 E1729.72439
G1 X131.686 Y127.71 E1729.74542
G1 X131.662 Y127.89 E1729.75122
G1 X129.105 Y125.333 E1729.86668
G1 X130.832 Y123.908 E1729.93817
G1 X127.06 Y123.908 E1730.05861
G1 X126.875 Y124.092 E1730.06694
G1 X127.45 Y124.136 E1730.08535
G1 X128.042 Y124.331 E1730.10526
G1 X128.189 Y124.418 E1730.11071
G1 X127.68 Y123.908 E1730.13372
G1 F4200 E1729.13372
G0 F9600 X132.16 Y132.328
G0 X132.151 Y134.687
G0 X132.364 Y135.592
G0 X132.627 Y136.085
G0 X132.983 Y136.517
G0 X133.415 Y136.873
G0 X139.264 Y140.381
G0 X139.723 Y140.775
G0 X140.1 Y141.212
G0 X140.368 Y141.647
G0 X141.272 Y143.959
;TYPE:SKIN
G1 F2100 E1730.13372
G1 F1710 X141.158 Y143.845 E1730.1385
G0 F9600 X141.157 Y143.307
G1 F1710 X141.81 Y143.959 E1730.16591
G0 F9600 X142.347 Y143.959
G1 F1710 X141.055 Y142.667 E1730.22018
G0 F9600 X141.431 Y142.506
G1 F1710 X142.884 Y143.959 E1730.28121
G0 F9600 X143.422 Y143.959
G1 F1710 X141.969 Y142.506 E1730.34224
G0 F9600 X142.506 Y142.506
G1 F1710 X143.959 Y143.959 E1730.40328
G0 F9600 X144.497 Y143.959
G1 F1710 X143.043 Y142.506 E1730.46433
G0 F9600 X143.581 Y142.506
G1 F1710 X145.034 Y143.959 E1730.52536
G0 F9600 X145.571 Y143.959
G1 F1710 X144.118 Y142.506 E1730.58639
G0 F9600 X144.656 Y142.506
G1 F1710 X146.109 Y143.959 E1730.64742
G0 F9600 X146.646 Y143.959
G1 F1710 X145.193 Y142.506 E1730.70846
G0 F9600 X145.73 Y142.506
G1 F1710 X147.184 Y143.959 E1730.76951
G0 F9600 X147.721 Y143.959
G1 F1710 X146.268 Y142.506 E1730.83054
G0 F9600 X146.805 Y142.506
G1 F1710 X148.258 Y143.959 E1730.89157
G0 F9600 X148.796 Y143.959
G1 F1710 X147.343 Y142.506 E1730.9526
G0 F9600 X147.88 Y142.506
G1 F1710 X149.333 Y143.959 E1731.01364
G0 F9600 X149.871 Y143.959
G1 F1710 X148.417 Y142.506 E1731.07469
G0 F9600 X148.955 Y142.506
G1 F1710 X150.408 Y143.959 E1731.13572
G0 F9600 X150.945 Y143.959
G1 F1710 X149.492 Y142.506 E1731.19675
G0 F9600 X150.029 Y142.505
G1 F1710 X151.483 Y143.959 E1731.25783
G0 F9600 X152.02 Y143.959
G1 F1710 X150.566 Y142.505 E1731.3189
G0 F9600 X151.104 Y142.505
G1 F1710 X152.558 Y143.959 E1731.37997
G0 F9600 X153.095 Y143.959
G1 F1710 X151.641 Y142.505 E1731.44105
G0 F9600 X152.179 Y142.505
G1 F1710 X153.632 Y143.959 E1731.5021
G0 F9600 X154.17 Y143.959
G1 F1710 X152.716 Y142.505 E1731.56317
G0 F9600 X153.253 Y142.505
G1 F1710 X154.707 Y143.959 E1731.62425
G0 F9600 X155.245 Y143.959
G1 F1710 X153.791 Y142.505 E1731.68532
G0 F9600 X154.328 Y142.505
G1 F1710 X155.782 Y143.959 E1731.7464
G0 F9600 X156.319 Y143.959
G1 F1710 X154.866 Y142.505 E1731.80745
G0 F9600 X155.403 Y142.505
G1 F1710 X156.857 Y143.959 E1731.86852
G0 F9600 X157.394 Y143.959
G1 F1710 X155.94 Y142.505 E1731.9296
G0 F9600 X156.478 Y142.505
G1 F1710 X157.932 Y143.959 E1731.99067
G0 F9600 X158.469 Y143.959
G1 F1710 X157.015 Y142.505 E1732.05174
G0 F9600 X157.553 Y142.505
G1 F1710 X158.84 Y143.792 E1732.1058
G0 F9600 X158.84 Y143.255
G1 F1710 X158.09 Y142.505 E1732.13731
G0 F9600 X158.627 Y142.505
G1 F1710 X158.907 Y142.785 E1732.14907
G0 F9600 X158.86 Y142.778
G1 F4200 E1731.14907
G1 F1500 Z5.7
G0 F9600 X158.86 Y142.778 Z5.7
G0 X181 Y124.5
;TYPE:WALL-INNER
G1 F1500 Z5.4
G1 F2100 E1732.14907
G1 F1800 X181 Y123.5 E1732.181
G1 X179.092 Y123.5 E1732.24192
G1 X179.092 Y124.5 E1732.27385
G1 X181 Y124.5 E1732.33477
G0 F9600 X181.4 Y124.9
G1 F1800 X181.4 Y123.1 E1732.39224
G1 X178.692 Y123.1 E1732.47871
G1 X178.692 Y124.9 E1732.53618
G1 X181.4 Y124.9 E1732.62265
G0 F9600 X181.8 Y125.3
G0 X181.8 Y125.3 Z5.39
;TYPE:WALL-OUTER
G1 F1800 X181.8 Y125.1 Z5.4 E1732.62901
G1 X181.8 Y122.7 E1732.70724
G1 X178.292 Y122.7 E1732.82158
G1 X178.292 Y125.3 E1732.90633
G1 X181.8 Y125.3 E1733.02067
G1 X181.8 Y125.1 E1733.02703
G0 F9600 X181.8 Y124.3
G0 X181.09 Y124.3
G0 X180.592 Y124.092
G0 X180.592 Y124.017
;TYPE:FILL
G1 F1800 X180.592 Y124.092 E1733.02942
G1 X179.679 Y124.092 E1733.05858
G1 X179.864 Y123.908 E1733.06691
G1 X180.592 Y123.908 E1733.09015
G1 X180.484 Y123.908 E1733.0936
G1 X180.592 Y124.017 E1733.0985
G1 F4200 E1732.0985
G1 F1500 Z5.7
;MESH:NONMESH
G0 F9600 X180.592 Y124.017 Z5.7
G0 X120.904 Y124.5
;TIME_ELAPSED:2195.868201
;LAYER:27
;MESH:LC-GR3005??????RFID?????????-WB.stl
G0 X120.904 Y124.5 Z5.9
;TYPE:WALL-INNER
G1 F1500 Z5.6
G1 F2100 E1733.0985
G1 F1800 X120.904 Y123.5 E1733.13043
G1 X119 Y123.5 E1733.19122
G1 X119 Y124.5 E1733.22315
G1 X120.904 Y124.5 E1733.28395
G0 F9600 X121.304 Y124.9
G1 F1800 X121.304 Y123.1 E1733.34142
G1 X118.6 Y123.1 E1733.42776
G1 X118.6 Y124.9 E1733.48523
G1 X121.304 Y124.9 E1733.57157
G0 F9600 X121.704 Y125.3
G0 X121.704 Y125.3 Z5.59
;TYPE:WALL-OUTER
G1 F1800 X121.704 Y125.1 Z5.6 E1733.57793
G1 X121.704 Y122.7 E1733.65616
G1 X118.2 Y122.7 E1733.77038
G1 X118.2 Y125.3 E1733.85512
G1 X121.704 Y125.3 E1733.96933
G1 X121.704 Y125.1 E1733.97569
G0 F9600 X121.704 Y124.3
G0 X120.995 Y124.3
G0 X120.496 Y123.908
;TYPE:FILL
G1 F1800 X120.137 Y123.908 E1733.98715
G1 X120.321 Y124.092 E1733.99546
G1 X119.408 Y124.092 E1734.02461
G1 X119.408 Y124.016 E1734.02704
G1 X119.517 Y123.908 E1734.03194
G1 X120.496 Y123.908 E1734.0632
G1 F4200 E1733.0632
G1 F1500 Z5.9
G0 F9600 X120.496 Y123.908 Z5.9
G0 X159 Y143.764
;TYPE:WALL-INNER
G1 F1500 Z5.6
G1 F2100 E1734.0632
G1 F1800 X159.002 Y143.423 E1734.07409
G1 X159.078 Y142.733 E1734.09625
G1 X159.29 Y141.988 E1734.12098
G1 X159.533 Y141.5 E1734.13839
G1 X159.899 Y140.963 E1734.15914
G1 X160.341 Y140.512 E1734.1793
G1 X160.806 Y140.155 E1734.19802
G1 X161.341 Y139.851 E1734.21767
G1 X162.01 Y139.616 E1734.24031
G1 X162.682 Y139.5 E1734.26208
G1 X169.089 Y139.5 E1734.46666
G1 X169.615 Y139.397 E1734.48377
G1 X169.913 Y139.273 E1734.49408
G1 X170.176 Y139.113 E1734.50391
G1 X170.408 Y138.912 E1734.51371
G1 X170.611 Y138.675 E1734.52367
G1 X170.774 Y138.408 E1734.53366
G1 X170.898 Y138.11 E1734.54397
G1 X171 Y137.594 E1734.56076
G1 X171 Y126.47 E1734.91595
G1 X171.058 Y126.009 E1734.93078
G1 X171.206 Y125.616 E1734.94419
G1 X171.345 Y125.378 E1734.95299
G1 X171.682 Y124.999 E1734.96919
G1 X171.89 Y124.839 E1734.97757
G1 X172.164 Y124.689 E1734.98754
G1 X172.606 Y124.547 E1735.00236
G1 X172.912 Y124.5 E1735.01225
G1 X173.904 Y124.5 E1735.04392
G1 X173.904 Y123.5 E1735.07585
G1 X126.092 Y123.5 E1736.60248
G1 X126.092 Y124.5 E1736.63441
G1 X127 Y124.5 E1736.6634
G1 X127.381 Y124.539 E1736.67563
G1 X127.88 Y124.706 E1736.69243
G1 X128.118 Y124.845 E1736.70123
G1 X128.497 Y125.182 E1736.71742
G1 X128.657 Y125.39 E1736.7258
G1 X128.814 Y125.686 E1736.7365
G1 X129.001 Y126.326 E1736.75779
G1 X129 Y137.594 E1737.11757
G1 X129.1 Y138.115 E1737.13451
G1 X129.222 Y138.408 E1737.14465
G1 X129.385 Y138.675 E1737.15463
G1 X129.586 Y138.91 E1737.16451
G1 X129.823 Y139.113 E1737.17447
G1 X130.085 Y139.274 E1737.18429
G1 X130.381 Y139.397 E1737.19453
G1 X130.907 Y139.5 E1737.21164
G1 X137.283 Y139.506 E1737.41522
G1 X137.813 Y139.584 E1737.43233
G1 X138.542 Y139.797 E1737.45658
G1 X139.35 Y140.254 E1737.48622
G1 X139.875 Y140.719 E1737.50861
G1 X140.263 Y141.189 E1737.52807
G1 X140.596 Y141.751 E1737.54893
G1 X140.833 Y142.373 E1737.57018
G1 X140.982 Y143.121 E1737.59454
G1 X141 Y143.764 E1737.61507
G1 X158.609 Y143.764 E1738.17732
G0 F1620 X159 Y143.764
G0 F9600 X159.4 Y144.164
G1 F1800 X159.401 Y143.455 E1738.19996
G1 X159.445 Y142.905 E1738.21758
G1 X159.664 Y142.135 E1738.24314
G1 X159.912 Y141.637 E1738.2609
G1 X160.187 Y141.251 E1738.27604
G1 X160.662 Y140.756 E1738.29794
G1 X161.106 Y140.438 E1738.31538
G1 X161.562 Y140.197 E1738.33185
G1 X162.115 Y140.004 E1738.35055
G1 X162.715 Y139.9 E1738.36999
G1 X169.114 Y139.9 E1738.57431
G1 X169.738 Y139.779 E1738.59461
G1 X170.095 Y139.631 E1738.60695
G1 X170.413 Y139.437 E1738.61884
G1 X170.693 Y139.195 E1738.63066
G1 X170.936 Y138.91 E1738.64262
G1 X171.131 Y138.59 E1738.65458
G1 X171.28 Y138.236 E1738.66685
G1 X171.4 Y137.617 E1738.68698
G1 X171.4 Y126.48 E1739.04258
G1 X171.448 Y126.101 E1739.05478
G1 X171.576 Y125.768 E1739.06617
G1 X171.819 Y125.421 E1739.07969
G1 X172.134 Y125.156 E1739.09284
G1 X172.298 Y125.066 E1739.09881
G1 X172.912 Y124.9 E1739.11912
G1 X174.304 Y124.9 E1739.16357
G1 X174.304 Y123.1 E1739.22104
G1 X125.692 Y123.1 E1740.77321
G1 X125.692 Y124.9 E1740.83068
G1 X127.075 Y124.904 E1740.87484
G1 X127.484 Y124.976 E1740.8881
G1 X127.728 Y125.076 E1740.89652
G1 X128.075 Y125.319 E1740.91005
G1 X128.34 Y125.634 E1740.92319
G1 X128.434 Y125.811 E1740.92959
G1 X128.596 Y126.338 E1740.94719
G1 X128.6 Y137.617 E1741.30733
G1 X128.718 Y138.239 E1741.32754
G1 X128.865 Y138.59 E1741.33969
G1 X129.06 Y138.91 E1741.35166
G1 X129.302 Y139.194 E1741.36357
G1 X129.587 Y139.437 E1741.37553
G1 X129.902 Y139.631 E1741.38734
G1 X130.258 Y139.779 E1741.39965
G1 X130.882 Y139.9 E1741.41995
G1 X137.236 Y139.904 E1741.62283
G1 X137.701 Y139.968 E1741.63782
G1 X138.386 Y140.168 E1741.6606
G1 X139.06 Y140.549 E1741.68532
G1 X139.506 Y140.915 E1741.70375
G1 X139.867 Y141.324 E1741.72116
G1 X140.183 Y141.82 E1741.73994
G1 X140.429 Y142.39 E1741.75977
G1 X140.6 Y143.255 E1741.78792
G1 X140.6 Y144.164 E1741.81694
G1 X159.009 Y144.164 E1742.40474
G0 F1620 X159.4 Y144.164
G1 F4200 E1741.40474
G0 F9600 X159.12 Y143.886
G0 X159.201 Y142.854
G0 X159.433 Y142.041
G0 X159.705 Y141.505
G0 X160.021 Y141.059
G0 X160.501 Y140.568
G0 X161.021 Y140.238
G0 X165.674 Y137.419
G1 F2100 E1742.40474
G1 F1800 X165.124 Y137.5 E1742.42249
G1 X134.904 Y137.496 E1743.3874
G1 X134.315 Y137.418 E1743.40638
G1 X133.756 Y137.228 E1743.42523
G1 X133.258 Y136.938 E1743.44363
G1 X132.81 Y136.546 E1743.46263
G1 X132.448 Y136.072 E1743.48168
G1 X132.21 Y135.6 E1743.49856
G1 X132.045 Y135.024 E1743.51769
G1 X132 Y134.624 E1743.53054
G1 X132.004 Y128.404 E1743.72914
G1 X132.082 Y127.815 E1743.74811
G1 X132.268 Y127.263 E1743.76671
G1 X132.491 Y126.849 E1743.78173
G1 X132.809 Y126.45 E1743.79802
G1 X133.33 Y125.995 E1743.82011
G1 X133.896 Y125.709 E1743.84035
G1 X134.313 Y125.58 E1743.85429
G1 X134.784 Y125.5 E1743.86955
G1 X165.082 Y125.503 E1744.83695
G1 X165.69 Y125.581 E1744.85652
G1 X166.232 Y125.768 E1744.87483
G1 X166.573 Y125.948 E1744.88714
G1 X167.123 Y126.369 E1744.90926
G1 X167.519 Y126.871 E1744.92967
G1 X167.74 Y127.278 E1744.94446
G1 X167.919 Y127.822 E1744.96275
G1 X168 Y128.372 E1744.9805
G1 X167.996 Y134.592 E1745.1791
G1 X167.918 Y135.181 E1745.19807
G1 X167.791 Y135.6 E1745.21205
G1 X167.544 Y136.08 E1745.22929
G1 X167.125 Y136.625 E1745.25124
G1 X166.58 Y137.044 E1745.27319
G1 X166.1 Y137.291 E1745.29043
G1 X166.048 Y137.307 E1745.29216
G0 F1620 X165.674 Y137.419
G0 F9600 X165.966 Y136.914
G1 F1800 X165.478 Y137.054 E1745.30837
G1 X165.124 Y137.1 E1745.31977
G1 X134.944 Y137.098 E1746.28341
G1 X134.544 Y137.058 E1746.29625
G1 X133.999 Y136.906 E1746.31431
G1 X133.512 Y136.629 E1746.3322
G1 X133.119 Y136.292 E1746.34873
G1 X132.801 Y135.885 E1746.36522
G1 X132.586 Y135.466 E1746.38026
G1 X132.441 Y134.97 E1746.39676
G1 X132.4 Y134.624 E1746.40788
G1 X132.402 Y128.444 E1746.60521
G1 X132.442 Y128.044 E1746.61805
G1 X132.577 Y127.558 E1746.63415
G1 X132.827 Y127.066 E1746.65177
G1 X133.204 Y126.619 E1746.67044
G1 X133.611 Y126.301 E1746.68694
G1 X134.03 Y126.086 E1746.70197
G1 X134.526 Y125.941 E1746.71847
G1 X134.872 Y125.9 E1746.7296
G1 X165.046 Y125.902 E1747.69304
G1 X165.571 Y125.963 E1747.70992
G1 X166.045 Y126.121 E1747.72587
G1 X166.385 Y126.301 E1747.73816
G1 X166.792 Y126.619 E1747.75465
G1 X167.177 Y127.079 E1747.7738
G1 X167.383 Y127.459 E1747.7876
G1 X167.554 Y128.018 E1747.80627
G1 X167.6 Y128.372 E1747.81767
G1 X167.598 Y134.552 E1748.01499
G1 X167.558 Y134.952 E1748.02783
G1 X167.414 Y135.466 E1748.04487
G1 X167.132 Y135.981 E1748.06362
G1 X166.792 Y136.377 E1748.08029
G1 X166.39 Y136.692 E1748.09659
G1 X166.312 Y136.733 E1748.09941
G0 F1620 X165.966 Y136.914
G0 F9600 X165.832 Y136.537
G0 X165.832 Y136.537 Z5.59
;TYPE:WALL-OUTER
G1 F1800 X165.64 Y136.594 Z5.6 E1748.10578
G1 X165.446 Y136.652 E1748.11238
G1 X165.154 Y136.698 E1748.12201
G1 X134.984 Y136.7 E1749.1054
G1 X134.584 Y136.66 E1749.11851
G1 X134.174 Y136.54 E1749.13243
G1 X133.765 Y136.319 E1749.14758
G1 X133.429 Y136.039 E1749.16184
G1 X133.175 Y135.729 E1749.1749
G1 X132.96 Y135.323 E1749.18988
G1 X132.837 Y134.916 E1749.20374
G1 X132.801 Y134.652 E1749.21242
G1 X132.8 Y128.484 E1749.41347
G1 X132.84 Y128.084 E1749.42657
G1 X132.975 Y127.638 E1749.44176
G1 X133.163 Y127.283 E1749.45485
G1 X133.457 Y126.929 E1749.46985
G1 X133.798 Y126.655 E1749.48411
G1 X134.173 Y126.46 E1749.49789
G1 X134.58 Y126.337 E1749.51174
G1 X134.845 Y126.301 E1749.52046
G1 X165.01 Y126.3 E1750.50369
G1 X165.41 Y126.336 E1750.51678
G1 X165.858 Y126.475 E1750.53207
G1 X166.231 Y126.677 E1750.54589
G1 X166.567 Y126.957 E1750.56015
G1 X166.823 Y127.27 E1750.57333
G1 X167.027 Y127.641 E1750.58713
G1 X167.152 Y128.05 E1750.60107
G1 X167.198 Y128.342 E1750.61071
G1 X167.2 Y134.512 E1750.81182
G1 X167.152 Y134.95 E1750.82618
G1 X167.037 Y135.332 E1750.83918
G1 X166.819 Y135.731 E1750.854
G1 X166.539 Y136.067 E1750.86826
G1 X166.2 Y136.34 E1750.88245
G1 X165.998 Y136.448 E1750.88991
G0 F1620 X165.832 Y136.537
G0 X165.64 Y136.594
G0 F9600 X165.446 Y136.652
G0 X165.154 Y136.698
G0 X164.852 Y136.698
G1 F4200 E1749.88991
G0 F9600 X164.852 Y137.41
G0 X160.764 Y140.87
G0 X160.329 Y141.316
G0 X159.808 Y142.188
G0 X159.637 Y142.786
G0 X159.52 Y144.286
G0 X159.8 Y144.564
G0 X159.8 Y144.564 Z5.59
G1 F2100 E1750.88991
G1 F1800 X159.8 Y144.364 Z5.6 E1750.89628
G1 X159.8 Y143.487 E1750.92486
G1 X159.847 Y142.953 E1750.94233
G1 X160.035 Y142.293 E1750.9647
G1 X160.265 Y141.831 E1750.98152
G1 X160.513 Y141.483 E1750.99545
G1 X160.938 Y141.05 E1751.01523
G1 X161.299 Y140.788 E1751.02977
G1 X161.663 Y140.588 E1751.04331
G1 X162.229 Y140.39 E1751.06285
G1 X162.737 Y140.302 E1751.07966
G1 X169.139 Y140.3 E1751.28833
G1 X169.862 Y140.161 E1751.31233
G1 X170.277 Y139.989 E1751.32697
G1 X170.649 Y139.761 E1751.34119
G1 X170.977 Y139.478 E1751.35531
G1 X171.261 Y139.146 E1751.36955
G1 X171.489 Y138.772 E1751.38383
G1 X171.661 Y138.361 E1751.39835
G1 X171.766 Y137.928 E1751.41287
G1 X171.8 Y137.64 E1751.42233
G1 X171.801 Y126.471 E1751.78638
G1 X171.837 Y126.193 E1751.79552
G1 X171.974 Y125.872 E1751.80689
G1 X172.134 Y125.668 E1751.81534
G1 X172.432 Y125.443 E1751.82751
G1 X172.878 Y125.3 E1751.84278
G1 X174.704 Y125.3 E1751.9023
G1 X174.704 Y122.7 E1751.98704
G1 X125.292 Y122.7 E1753.59763
G1 X125.292 Y125.3 E1753.68237
G1 X127.025 Y125.301 E1753.73886
G1 X127.332 Y125.346 E1753.74897
G1 X127.624 Y125.474 E1753.75937
G1 X127.828 Y125.634 E1753.76782
G1 X128.054 Y125.937 E1753.78014
G1 X128.201 Y126.412 E1753.79634
G1 X128.2 Y137.64 E1754.16232
G1 X128.336 Y138.362 E1754.18627
G1 X128.507 Y138.772 E1754.20075
G1 X128.735 Y139.146 E1754.21502
G1 X129.018 Y139.478 E1754.22924
G1 X129.351 Y139.761 E1754.24349
G1 X129.72 Y139.989 E1754.25763
G1 X130.134 Y140.161 E1754.27224
G1 X130.857 Y140.3 E1754.29624
G1 X137.188 Y140.301 E1754.50259
G1 X137.589 Y140.352 E1754.51577
G1 X138.247 Y140.549 E1754.53816
G1 X138.894 Y140.919 E1754.56245
G1 X139.268 Y141.241 E1754.57854
G1 X139.583 Y141.61 E1754.59435
G1 X139.843 Y142.03 E1754.61045
G1 X140.049 Y142.529 E1754.62805
G1 X140.197 Y143.277 E1754.6529
G1 X140.2 Y144.564 E1754.69485
G1 X159.612 Y144.564 E1755.32759
G0 F1620 X159.8 Y144.564
G0 X159.8 Y144.364
G0 F9600 X159.8 Y143.564
G0 X159.09 Y143.564
G0 X158.4 Y142.188
;TYPE:FILL
G1 F1800 X158.4 Y141.601 E1755.34633
G0 F9600 X156.994 Y142
G1 F1800 X154.32 Y142 E1755.43171
G0 F9600 X153.222 Y142
G1 F1800 X150.549 Y142 E1755.51706
G0 F9600 X149.45 Y142
G1 F1800 X146.777 Y142 E1755.60241
G0 F9600 X145.679 Y142
G1 F1800 X143.005 Y142 E1755.68779
G0 F9600 X141.6 Y142.188
G1 F1800 X141.6 Y141.601 E1755.70653
G1 F4200 E1754.70653
G0 F9600 X133.415 Y136.873
G0 X132.983 Y136.517
G0 X132.627 Y136.085
G0 X132.364 Y135.592
G0 X132.151 Y134.687
G0 X132.151 Y128.46
G0 X132.201 Y127.944
G0 X132.364 Y127.408
G0 X132.627 Y126.915
G0 X132.947 Y126.526
G0 X134.861 Y125.092
G1 F2100 E1755.70653
G1 F1800 X136.407 Y125.092 E1755.75589
G1 X135.223 Y123.908 E1755.80936
G1 X138.375 Y123.908 E1755.91
G1 X137.19 Y125.093 E1755.96351
G1 X140.179 Y125.092 E1756.05895
G1 X138.995 Y123.908 E1756.11241
G1 X142.147 Y123.908 E1756.21305
G1 X140.961 Y125.094 E1756.26661
G1 X143.951 Y125.093 E1756.36208
G1 X142.766 Y123.908 E1756.41559
G1 X145.919 Y123.908 E1756.51626
G1 X144.733 Y125.094 E1756.56981
G1 X147.724 Y125.094 E1756.66532
G1 X146.538 Y123.908 E1756.71887
G1 X149.69 Y123.908 E1756.81951
G1 X148.504 Y125.094 E1756.87307
G1 X151.496 Y125.094 E1756.9686
G1 X150.31 Y123.908 E1757.02216
G1 X153.462 Y123.908 E1757.1228
G1 X152.275 Y125.094 E1757.17637
G1 X155.268 Y125.094 E1757.27194
G1 X154.081 Y123.908 E1757.32552
G1 X157.234 Y123.908 E1757.42619
G1 X156.046 Y125.095 E1757.47981
G1 X159.04 Y125.094 E1757.57541
G1 X157.853 Y123.908 E1757.62899
G1 X161.005 Y123.908 E1757.72963
G1 X159.817 Y125.096 E1757.78328
G1 X163.589 Y125.096 E1757.90371
G1 X164.777 Y123.908 E1757.95736
G1 X161.625 Y123.908 E1758.058
G1 X162.812 Y125.095 E1758.1116
G1 F4200 E1757.1116
G0 F9600 X173.496 Y123.908
G1 F2100 E1758.1116
G1 F1800 X172.94 Y123.908 E1758.12935
G1 X173.124 Y124.092 E1758.13766
G1 X172.896 Y124.092 E1758.14494
G1 X172.497 Y124.154 E1758.15784
G1 X172.015 Y124.309 E1758.174
G1 X171.804 Y124.425 E1758.18169
G1 X172.321 Y123.908 E1758.20504
G1 X169.168 Y123.908 E1758.30571
G1 X170.8 Y125.54 E1758.3794
G1 X170.909 Y125.319 E1758.38727
G1 X168.35 Y127.878 E1758.50282
G1 X168.161 Y127.198 E1758.52536
G1 X167.864 Y126.653 E1758.54518
G1 X167.409 Y126.073 E1758.56872
G1 X166.825 Y125.632 E1758.59208
G1 X168.549 Y123.908 E1758.66993
G1 X165.397 Y123.908 E1758.77057
G1 X170.592 Y129.104 E1759.00518
G1 X170.592 Y129.408 E1759.01488
G1 X168.999 Y131.001 E1759.08682
G1 X168.406 Y131.001 E1759.10575
G1 X168.406 Y131.283 E1759.11476
G1 X169 Y131.283 E1759.13372
G1 X170.592 Y132.875 E1759.20561
G1 X170.592 Y133.18 E1759.21535
G1 X168.228 Y135.543 E1759.32207
G1 X168.36 Y135.049 E1759.3384
G1 X168.403 Y134.458 E1759.35732
G1 X170.592 Y136.647 E1759.45616
G1 X170.592 Y136.952 E1759.4659
G1 X168.451 Y139.092 E1759.56256
G1 X169.055 Y139.092 E1759.58184
G1 X169.231 Y139.057 E1759.58757
G1 X167.231 Y137.058 E1759.67786
G1 X166.787 Y137.397 E1759.6957
G1 X166.245 Y137.673 E1759.71512
G1 X166.036 Y137.735 E1759.72208
G1 X165.228 Y138.544 E1759.75859
G1 X165.228 Y139.092 E1759.77609
G1 X164.946 Y139.092 E1759.78509
G1 X164.946 Y138.544 E1759.80259
G1 X164.31 Y137.908 E1759.83131
G1 X162.093 Y137.907 E1759.90209
G1 X158.02 Y141.98 E1760.08601
G1 X157.067 Y141.98 E1760.11644
G1 X152.993 Y137.906 E1760.30041
G1 X150.779 Y137.906 E1760.3711
G1 X146.705 Y141.98 E1760.55506
G1 X145.752 Y141.98 E1760.58549
G1 X141.677 Y137.905 E1760.7695
G1 X139.466 Y137.904 E1760.84009
G1 X138.121 Y139.249 E1760.90083
G1 X138.831 Y139.492 E1760.92479
G1 X139.471 Y139.854 E1760.94827
G1 X140.039 Y140.306 E1760.97145
G1 X140.415 Y140.726 E1760.98944
G1 X143.237 Y137.904 E1761.11687
G1 X145.449 Y137.906 E1761.1875
G1 X149.523 Y141.98 E1761.37147
G1 X150.477 Y141.98 E1761.40193
G1 X154.551 Y137.906 E1761.58589
G1 X156.766 Y137.907 E1761.65661
G1 X159.572 Y140.714 E1761.78334
G1 X160.14 Y140.134 E1761.80926
G1 X160.709 Y139.734 E1761.83147
G1 X161.275 Y139.442 E1761.85181
G1 X161.865 Y139.234 E1761.87178
G1 X160.538 Y137.908 E1761.93168
G1 X158.322 Y137.906 E1762.00244
G1 X154.248 Y141.98 E1762.1864
G1 X153.295 Y141.98 E1762.21683
G1 X149.221 Y137.906 E1762.40079
G1 X147.008 Y137.905 E1762.47145
G1 X142.933 Y141.98 E1762.65546
G1 X141.98 Y141.98 E1762.68589
G1 X137.904 Y137.904 E1762.86994
G1 X135.694 Y137.904 E1762.94051
G1 X135.055 Y138.543 E1762.96936
G1 X135.055 Y139.091 E1762.98686
G1 X134.773 Y139.092 E1762.99586
G1 X134.773 Y138.544 E1763.01336
G1 X133.961 Y137.732 E1763.05003
G1 X133.813 Y137.694 E1763.05491
G1 X133.21 Y137.398 E1763.07636
G1 X132.768 Y137.059 E1763.09414
G1 X130.768 Y139.058 E1763.18443
G1 X130.94 Y139.092 E1763.19003
G1 X131.548 Y139.091 E1763.20944
G1 X129.408 Y136.951 E1763.30607
G1 X129.408 Y136.646 E1763.31581
G1 X131.592 Y134.463 E1763.41441
G1 X131.641 Y135.09 E1763.43449
G1 X131.77 Y135.542 E1763.4495
G1 X129.408 Y133.179 E1763.55618
G1 X129.408 Y132.875 E1763.56589
G1 X131 Y131.282 E1763.6378
G1 X131.595 Y131.282 E1763.65679
G1 X131.595 Y131 E1763.6658
G1 X131 Y131 E1763.6848
G1 X129.408 Y129.408 E1763.75668
G1 X129.409 Y129.102 E1763.76645
G1 X134.603 Y123.908 E1764.00099
G1 X131.451 Y123.908 E1764.10163
G1 X133.152 Y125.608 E1764.17842
G1 X132.503 Y126.18 E1764.20604
G1 X132.148 Y126.626 E1764.22424
G1 X131.9 Y127.087 E1764.24096
G1 X131.686 Y127.71 E1764.26199
G1 X131.662 Y127.89 E1764.26779
G1 X129.105 Y125.333 E1764.38325
G1 X130.832 Y123.908 E1764.45474
G1 X127.06 Y123.908 E1764.57518
G1 X126.875 Y124.092 E1764.58351
G1 X127.45 Y124.136 E1764.60193
G1 X128.042 Y124.331 E1764.62183
G1 X128.189 Y124.418 E1764.62728
G1 X127.679 Y123.908 E1764.65031
G1 F4200 E1763.65031
G0 F9600 X132.16 Y132.083
G0 X132.151 Y134.687
G0 X132.364 Y135.592
G0 X132.627 Y136.085
G0 X132.983 Y136.517
G0 X133.415 Y136.873
G0 X133.908 Y137.136
G0 X134.444 Y137.299
G0 X134.96 Y137.349
G0 X136.954 Y137.343
G0 X140.972 Y142.238
;TYPE:SKIN
G1 F2100 E1764.65031
G1 F1710 X141.061 Y142.149 E1764.65405
G0 F9600 X141.061 Y142.686
G1 F1710 X141.599 Y142.149 E1764.67663
G0 F9600 X142.136 Y142.149
G1 F1710 X141.142 Y143.143 E1764.71838
G0 F9600 X141.22 Y143.603
G1 F1710 X142.674 Y142.149 E1764.77945
G0 F9600 X143.211 Y142.149
G1 F1710 X141.757 Y143.603 E1764.84053
G0 F9600 X142.295 Y143.603
G1 F1710 X143.748 Y142.149 E1764.90158
G0 F9600 X144.286 Y142.149
G1 F1710 X142.832 Y143.603 E1764.96265
G0 F9600 X143.369 Y143.603
G1 F1710 X144.823 Y142.149 E1765.02373
G0 F9600 X145.361 Y142.149
G1 F1710 X143.907 Y143.603 E1765.0848
G0 F9600 X144.444 Y143.603
G1 F1710 X145.898 Y142.149 E1765.14587
G0 F9600 X146.435 Y142.149
G1 F1710 X144.982 Y143.603 E1765.20693
G0 F9600 X145.519 Y143.603
G1 F1710 X146.973 Y142.149 E1765.268
G0 F9600 X147.51 Y142.149
G1 F1710 X146.056 Y143.603 E1765.32908
G0 F9600 X146.594 Y143.603
G1 F1710 X148.048 Y142.149 E1765.39015
G0 F9600 X148.585 Y142.149
G1 F1710 X147.131 Y143.603 E1765.45122
G0 F9600 X147.669 Y143.603
G1 F1710 X149.122 Y142.149 E1765.51228
G0 F9600 X149.66 Y142.149
G1 F1710 X148.206 Y143.603 E1765.57335
G0 F9600 X148.743 Y143.603
G1 F1710 X150.197 Y142.149 E1765.63442
G0 F9600 X150.735 Y142.149
G1 F1710 X149.281 Y143.603 E1765.6955
G0 F9600 X149.818 Y143.603
G1 F1710 X151.272 Y142.149 E1765.75657
G0 F9600 X151.809 Y142.149
G1 F1710 X150.356 Y143.603 E1765.81762
G0 F9600 X150.893 Y143.603
G1 F1710 X152.347 Y142.149 E1765.8787
G0 F9600 X152.884 Y142.149
G1 F1710 X151.43 Y143.603 E1765.93977
G0 F9600 X151.968 Y143.603
G1 F1710 X153.422 Y142.149 E1766.00084
G0 F9600 X153.959 Y142.149
G1 F1710 X152.505 Y143.603 E1766.06192
G0 F9600 X153.043 Y143.603
G1 F1710 X154.496 Y142.149 E1766.12297
G0 F9600 X155.034 Y142.149
G1 F1710 X153.58 Y143.603 E1766.18405
G0 F9600 X154.117 Y143.603
G1 F1710 X155.571 Y142.149 E1766.24512
G0 F9600 X156.109 Y142.149
G1 F1710 X154.655 Y143.603 E1766.30619
G0 F9600 X155.192 Y143.603
G1 F1710 X156.646 Y142.149 E1766.36727
G0 F9600 X157.183 Y142.149
G1 F1710 X155.73 Y143.603 E1766.42832
G0 F9600 X156.267 Y143.603
G1 F1710 X157.721 Y142.149 E1766.48939
G0 F9600 X158.258 Y142.149
G1 F1710 X156.804 Y143.603 E1766.55047
G0 F9600 X157.342 Y143.603
G1 F1710 X158.796 Y142.149 E1766.61154
G0 F9600 X158.976 Y142.506
G1 F1710 X157.879 Y143.603 E1766.65762
G0 F9600 X158.417 Y143.603
G1 F1710 X158.866 Y143.154 E1766.67648
G0 F9600 X158.816 Y143.15
G1 F4200 E1765.67648
G1 F1500 Z5.9
G0 F9600 X158.816 Y143.15 Z5.9
G0 X181 Y124.5
;TYPE:WALL-INNER
G1 F1500 Z5.6
G1 F2100 E1766.67648
G1 F1800 X181 Y123.5 E1766.70841
G1 X179.092 Y123.5 E1766.76933
G1 X179.092 Y124.5 E1766.80126
G1 X181 Y124.5 E1766.86218
G0 F9600 X181.4 Y124.9
G1 F1800 X181.4 Y123.1 E1766.91966
G1 X178.692 Y123.1 E1767.00612
G1 X178.692 Y124.9 E1767.06359
G1 X181.4 Y124.9 E1767.15006
G0 F9600 X181.8 Y125.3
G0 X181.8 Y125.3 Z5.59
;TYPE:WALL-OUTER
G1 F1800 X181.8 Y125.1 Z5.6 E1767.15642
G1 X181.8 Y122.7 E1767.23465
G1 X178.292 Y122.7 E1767.349
G1 X178.292 Y125.3 E1767.43374
G1 X181.8 Y125.3 E1767.54809
G1 X181.8 Y125.1 E1767.55444
G0 F9600 X181.8 Y124.3
G0 X181.09 Y124.3
G0 X180.592 Y124.092
G0 X180.592 Y124.017
;TYPE:FILL
G1 F1800 X180.592 Y124.092 E1767.55684
G1 X179.679 Y124.092 E1767.58599
G1 X179.864 Y123.908 E1767.59432
G1 X180.592 Y123.908 E1767.61756
G1 X180.484 Y123.908 E1767.62101
G1 X180.592 Y124.017 E1767.62591
G1 F4200 E1766.62591
G1 F1500 Z5.9
;MESH:NONMESH
G0 F9600 X180.592 Y124.017 Z5.9
G0 X120.928 Y124.5
;TIME_ELAPSED:2236.853332
;LAYER:28
;MESH:LC-GR3005??????RFID?????????-WB.stl
G0 X120.928 Y124.5 Z6.1
;TYPE:WALL-INNER
G1 F1500 Z5.8
G1 F2100 E1767.62591
G1 F1800 X120.928 Y123.5 E1767.65784
G1 X119 Y123.5 E1767.7194
G1 X119 Y124.5 E1767.75133
G1 X120.928 Y124.5 E1767.81289
G0 F9600 X121.328 Y124.9
G1 F1800 X121.328 Y123.1 E1767.87037
G1 X118.6 Y123.1 E1767.95747
G1 X118.6 Y124.9 E1768.01494
G1 X121.328 Y124.9 E1768.10205
G0 F9600 X121.728 Y125.3
G0 X121.728 Y125.3 Z5.79
;TYPE:WALL-OUTER
G1 F1800 X121.728 Y125.1 Z5.8 E1768.10841
G1 X121.728 Y122.7 E1768.18664
G1 X118.2 Y122.7 E1768.30163
G1 X118.2 Y125.3 E1768.38638
G1 X121.728 Y125.3 E1768.50138
G1 X121.728 Y125.1 E1768.50773
G0 F9600 X121.728 Y124.3
G0 X121.02 Y124.3
G0 X120.52 Y123.908
;TYPE:FILL
G1 F1800 X120.137 Y123.908 E1768.51996
G1 X120.321 Y124.092 E1768.52827
G1 X119.408 Y124.092 E1768.55742
G1 X119.408 Y124.016 E1768.55985
G1 X119.517 Y123.908 E1768.56475
G1 X120.52 Y123.908 E1768.59677
G1 F4200 E1767.59677
G1 F1500 Z6.1
G0 F9600 X120.52 Y123.908 Z6.1
G0 X159 Y143.408
;TYPE:WALL-INNER
G1 F1500 Z5.8
G1 F2100 E1768.59677
G1 F1800 X159.012 Y143.142 E1768.60528
G1 X159.117 Y142.55 E1768.62447
G1 X159.303 Y141.955 E1768.64438
G1 X159.716 Y141.202 E1768.6718
G1 X160.183 Y140.648 E1768.69493
G1 X160.683 Y140.236 E1768.71562
G1 X161.149 Y139.949 E1768.7331
G1 X161.528 Y139.777 E1768.74639
G1 X162.093 Y139.602 E1768.76527
G1 X162.682 Y139.5 E1768.78436
G1 X169.089 Y139.5 E1768.98893
G1 X169.615 Y139.397 E1769.00605
G1 X169.913 Y139.273 E1769.01635
G1 X170.176 Y139.113 E1769.02618
G1 X170.408 Y138.912 E1769.03598
G1 X170.611 Y138.675 E1769.04595
G1 X170.774 Y138.408 E1769.05593
G1 X170.898 Y138.11 E1769.06624
G1 X171 Y137.594 E1769.08303
G1 X171 Y126.47 E1769.43822
G1 X171.058 Y126.009 E1769.45306
G1 X171.206 Y125.616 E1769.46647
G1 X171.345 Y125.378 E1769.47527
G1 X171.682 Y124.999 E1769.49146
G1 X171.89 Y124.839 E1769.49984
G1 X172.164 Y124.689 E1769.50981
G1 X172.606 Y124.547 E1769.52464
G1 X172.912 Y124.5 E1769.53452
G1 X173.928 Y124.5 E1769.56696
G1 X173.928 Y123.5 E1769.59889
G1 X126.068 Y123.5 E1771.12705
G1 X126.068 Y124.5 E1771.15898
G1 X127 Y124.5 E1771.18874
G1 X127.381 Y124.539 E1771.20096
G1 X127.88 Y124.706 E1771.21777
G1 X128.118 Y124.845 E1771.22657
G1 X128.497 Y125.182 E1771.24276
G1 X128.657 Y125.39 E1771.25114
G1 X128.814 Y125.686 E1771.26184
G1 X129.001 Y126.326 E1771.28313
G1 X129 Y137.594 E1771.64291
G1 X129.1 Y138.115 E1771.65985
G1 X129.222 Y138.408 E1771.66998
G1 X129.385 Y138.675 E1771.67997
G1 X129.586 Y138.91 E1771.68985
G1 X129.823 Y139.113 E1771.69981
G1 X130.085 Y139.274 E1771.70963
G1 X130.381 Y139.397 E1771.71986
G1 X130.907 Y139.5 E1771.73698
G1 X137.412 Y139.5 E1771.94468
G1 X138.273 Y139.698 E1771.97289
G1 X139.127 Y140.103 E1772.00307
G1 X139.667 Y140.52 E1772.02485
G1 X140.11 Y140.978 E1772.0452
G1 X140.557 Y141.657 E1772.07116
G1 X140.816 Y142.282 E1772.09276
G1 X140.982 Y143.127 E1772.12025
G1 X141 Y143.412 E1772.12937
G1 X158.609 Y143.408 E1772.69162
G0 F1620 X159 Y143.408
G0 F9600 X159.4 Y143.808
G1 F1800 X159.407 Y143.205 E1772.71088
G1 X159.499 Y142.669 E1772.72824
G1 X159.674 Y142.108 E1772.74701
G1 X160.046 Y141.43 E1772.7717
G1 X160.466 Y140.933 E1772.79247
G1 X160.897 Y140.573 E1772.81041
G1 X161.249 Y140.349 E1772.82373
G1 X161.662 Y140.154 E1772.83831
G1 X162.161 Y139.996 E1772.85502
G1 X162.715 Y139.9 E1772.87298
G1 X169.114 Y139.9 E1773.07729
G1 X169.738 Y139.779 E1773.09759
G1 X170.095 Y139.631 E1773.10993
G1 X170.413 Y139.437 E1773.12182
G1 X170.693 Y139.195 E1773.13364
G1 X170.936 Y138.91 E1773.1456
G1 X171.131 Y138.59 E1773.15756
G1 X171.28 Y138.236 E1773.16983
G1 X171.4 Y137.617 E1773.18996
G1 X171.4 Y126.48 E1773.54556
G1 X171.448 Y126.101 E1773.55776
G1 X171.576 Y125.768 E1773.56915
G1 X171.819 Y125.421 E1773.58268
G1 X172.134 Y125.156 E1773.59582
G1 X172.298 Y125.066 E1773.60179
G1 X172.912 Y124.9 E1773.6221
G1 X174.328 Y124.9 E1773.66731
G1 X174.328 Y123.1 E1773.72479
G1 X125.668 Y123.1 E1775.27849
G1 X125.668 Y124.9 E1775.33596
G1 X127.075 Y124.904 E1775.38089
G1 X127.484 Y124.976 E1775.39415
G1 X127.728 Y125.076 E1775.40257
G1 X128.075 Y125.319 E1775.41609
G1 X128.34 Y125.634 E1775.42924
G1 X128.434 Y125.811 E1775.43564
G1 X128.596 Y126.338 E1775.45324
G1 X128.6 Y137.617 E1775.81338
G1 X128.718 Y138.239 E1775.83359
G1 X128.865 Y138.59 E1775.84574
G1 X129.06 Y138.91 E1775.85771
G1 X129.302 Y139.194 E1775.86962
G1 X129.587 Y139.437 E1775.88158
G1 X129.902 Y139.631 E1775.89339
G1 X130.258 Y139.779 E1775.9057
G1 X130.882 Y139.9 E1775.926
G1 X137.366 Y139.9 E1776.13303
G1 X138.14 Y140.078 E1776.15839
G1 X138.857 Y140.417 E1776.18371
G1 X139.342 Y140.76 E1776.20268
G1 X139.799 Y141.232 E1776.22366
G1 X140.216 Y141.877 E1776.24818
G1 X140.441 Y142.452 E1776.26789
G1 X140.589 Y143.204 E1776.29237
G1 X140.6 Y143.812 E1776.31178
G1 X159.009 Y143.808 E1776.89958
G0 F1620 X159.4 Y143.808
G0 F9600 X159.12 Y143.531
G0 X159.243 Y142.652
G0 X159.444 Y142.017
G0 X159.845 Y141.288
G0 X160.289 Y140.763
G0 X160.995 Y140.238
G0 X165.674 Y137.419
G1 F1800 X165.124 Y137.5 E1776.91733
G1 X134.904 Y137.496 E1777.88224
G1 X134.315 Y137.418 E1777.90122
G1 X133.756 Y137.228 E1777.92007
G1 X133.258 Y136.938 E1777.93847
G1 X132.81 Y136.546 E1777.95747
G1 X132.448 Y136.072 E1777.97652
G1 X132.21 Y135.6 E1777.9934
G1 X132.045 Y135.024 E1778.01253
G1 X132 Y134.624 E1778.02538
G1 X132.004 Y128.404 E1778.22398
G1 X132.082 Y127.815 E1778.24295
G1 X132.268 Y127.263 E1778.26155
G1 X132.491 Y126.849 E1778.27657
G1 X132.809 Y126.45 E1778.29286
G1 X133.33 Y125.995 E1778.31494
G1 X133.896 Y125.709 E1778.33519
G1 X134.313 Y125.58 E1778.34913
G1 X134.784 Y125.5 E1778.36438
G1 X165.082 Y125.503 E1779.33179
G1 X165.69 Y125.581 E1779.35136
G1 X166.232 Y125.768 E1779.36967
G1 X166.573 Y125.948 E1779.38198
G1 X167.123 Y126.369 E1779.4041
G1 X167.519 Y126.871 E1779.42451
G1 X167.74 Y127.278 E1779.4393
G1 X167.919 Y127.822 E1779.45759
G1 X168 Y128.372 E1779.47534
G1 X167.996 Y134.592 E1779.67394
G1 X167.918 Y135.181 E1779.69291
G1 X167.791 Y135.6 E1779.70689
G1 X167.544 Y136.08 E1779.72413
G1 X167.125 Y136.625 E1779.74608
G1 X166.58 Y137.044 E1779.76803
G1 X166.1 Y137.291 E1779.78526
G1 X166.048 Y137.307 E1779.787
G0 F1620 X165.674 Y137.419
G0 F9600 X165.966 Y136.914
G1 F1800 X165.478 Y137.054 E1779.80321
G1 X165.124 Y137.1 E1779.81461
G1 X134.944 Y137.098 E1780.77825
G1 X134.544 Y137.058 E1780.79109
G1 X133.999 Y136.906 E1780.80915
G1 X133.512 Y136.629 E1780.82704
G1 X133.119 Y136.292 E1780.84357
G1 X132.862 Y135.978 E1780.85653
G1 X132.586 Y135.466 E1780.8751
G1 X132.441 Y134.97 E1780.8916
G1 X132.4 Y134.624 E1780.90272
G1 X132.402 Y128.444 E1781.10005
G1 X132.442 Y128.044 E1781.11288
G1 X132.577 Y127.558 E1781.12899
G1 X132.827 Y127.066 E1781.14661
G1 X133.204 Y126.619 E1781.16528
G1 X133.611 Y126.301 E1781.18177
G1 X134.03 Y126.086 E1781.19681
G1 X134.526 Y125.941 E1781.21331
G1 X134.872 Y125.9 E1781.22444
G1 X165.046 Y125.902 E1782.18788
G1 X165.571 Y125.963 E1782.20476
G1 X166.045 Y126.121 E1782.22071
G1 X166.385 Y126.301 E1782.233
G1 X166.792 Y126.619 E1782.24949
G1 X167.177 Y127.079 E1782.26864
G1 X167.383 Y127.459 E1782.28244
G1 X167.554 Y128.018 E1782.30111
G1 X167.6 Y128.372 E1782.31251
G1 X167.598 Y134.552 E1782.50983
G1 X167.558 Y134.952 E1782.52267
G1 X167.414 Y135.466 E1782.53971
G1 X167.132 Y135.981 E1782.55846
G1 X166.792 Y136.377 E1782.57512
G1 X166.39 Y136.692 E1782.59143
G1 X166.312 Y136.733 E1782.59424
G0 F1620 X165.966 Y136.914
G0 F9600 X165.832 Y136.537
G0 X165.832 Y136.537 Z5.79
;TYPE:WALL-OUTER
G1 F1800 X165.64 Y136.594 Z5.8 E1782.60062
G1 X165.446 Y136.652 E1782.60722
G1 X165.154 Y136.698 E1782.61685
G1 X134.984 Y136.7 E1783.60024
G1 X134.584 Y136.66 E1783.61334
G1 X134.174 Y136.54 E1783.62727
G1 X133.765 Y136.319 E1783.64242
G1 X133.429 Y136.039 E1783.65668
G1 X133.175 Y135.729 E1783.66974
G1 X132.96 Y135.323 E1783.68472
G1 X132.837 Y134.916 E1783.69858
G1 X132.801 Y134.652 E1783.70726
G1 X132.8 Y128.484 E1783.90831
G1 X132.84 Y128.084 E1783.92141
G1 X132.975 Y127.638 E1783.9366
G1 X133.163 Y127.283 E1783.94969
G1 X133.457 Y126.929 E1783.96469
G1 X133.798 Y126.655 E1783.97895
G1 X134.173 Y126.46 E1783.99273
G1 X134.58 Y126.337 E1784.00658
G1 X134.845 Y126.301 E1784.0153
G1 X165.01 Y126.3 E1784.99853
G1 X165.41 Y126.336 E1785.01162
G1 X165.858 Y126.475 E1785.02691
G1 X166.231 Y126.677 E1785.04073
G1 X166.567 Y126.957 E1785.05499
G1 X166.823 Y127.27 E1785.06817
G1 X167.027 Y127.641 E1785.08197
G1 X167.152 Y128.05 E1785.09591
G1 X167.198 Y128.342 E1785.10554
G1 X167.2 Y134.512 E1785.30666
G1 X167.152 Y134.95 E1785.32102
G1 X167.037 Y135.332 E1785.33402
G1 X166.819 Y135.731 E1785.34884
G1 X166.539 Y136.067 E1785.3631
G1 X166.2 Y136.34 E1785.37728
G1 X165.998 Y136.448 E1785.38475
G0 F1620 X165.832 Y136.537
G0 X165.64 Y136.594
G0 F9600 X165.446 Y136.652
G0 X165.154 Y136.698
G0 X164.852 Y136.698
G0 X164.852 Y137.41
G0 X160.573 Y141.046
G0 X160.176 Y141.516
G0 X159.813 Y142.175
G0 X159.634 Y142.744
G0 X159.52 Y143.931
G0 X159.8 Y144.208
G0 X159.8 Y144.208 Z5.79
G1 F1800 X159.8 Y144.008 Z5.8 E1785.39111
G1 X159.802 Y143.268 E1785.41523
G1 X159.874 Y142.816 E1785.43015
G1 X160.052 Y142.251 E1785.44946
G1 X160.368 Y141.675 E1785.47088
G1 X160.762 Y141.207 E1785.49082
G1 X161.112 Y140.911 E1785.50576
G1 X161.487 Y140.674 E1785.52022
G1 X161.796 Y140.531 E1785.53132
G1 X162.229 Y140.39 E1785.54616
G1 X162.737 Y140.302 E1785.56296
G1 X169.139 Y140.3 E1785.77164
G1 X169.862 Y140.161 E1785.79563
G1 X170.277 Y139.989 E1785.81028
G1 X170.649 Y139.761 E1785.8245
G1 X170.977 Y139.478 E1785.83862
G1 X171.261 Y139.146 E1785.85286
G1 X171.489 Y138.772 E1785.86714
G1 X171.661 Y138.361 E1785.88166
G1 X171.766 Y137.928 E1785.89618
G1 X171.8 Y137.64 E1785.90563
G1 X171.801 Y126.471 E1786.26969
G1 X171.837 Y126.193 E1786.27882
G1 X171.974 Y125.872 E1786.2902
G1 X172.134 Y125.668 E1786.29865
G1 X172.432 Y125.443 E1786.31082
G1 X172.878 Y125.3 E1786.32609
G1 X174.728 Y125.3 E1786.38639
G1 X174.728 Y122.7 E1786.47113
G1 X125.268 Y122.7 E1788.08328
G1 X125.268 Y125.3 E1788.16803
G1 X127.025 Y125.301 E1788.2253
G1 X127.332 Y125.346 E1788.23541
G1 X127.624 Y125.474 E1788.2458
G1 X127.828 Y125.634 E1788.25425
G1 X128.054 Y125.937 E1788.26657
G1 X128.201 Y126.412 E1788.28278
G1 X128.2 Y137.64 E1788.64876
G1 X128.336 Y138.362 E1788.6727
G1 X128.507 Y138.772 E1788.68718
G1 X128.735 Y139.146 E1788.70146
G1 X129.018 Y139.478 E1788.71568
G1 X129.351 Y139.761 E1788.72992
G1 X129.72 Y139.989 E1788.74406
G1 X130.134 Y140.161 E1788.75868
G1 X130.857 Y140.3 E1788.78267
G1 X137.341 Y140.305 E1788.99402
G1 X138.026 Y140.467 E1789.01696
G1 X138.719 Y140.798 E1789.04199
G1 X139.092 Y141.076 E1789.05716
G1 X139.492 Y141.493 E1789.07599
G1 X139.854 Y142.047 E1789.09756
G1 X140.049 Y142.529 E1789.11451
G1 X140.197 Y143.281 E1789.13949
G1 X140.2 Y144.212 E1789.16984
G1 X159.612 Y144.208 E1789.80257
G0 F1620 X159.8 Y144.208
G0 X159.8 Y144.008
G0 F9600 X159.802 Y143.268
G0 X159.811 Y143.209
G0 X159.112 Y143.099
G0 X158.8 Y141.833
;TYPE:FILL
G1 F1800 X158.8 Y141.2 E1789.82278
G0 F9600 X156 Y140.914
G1 F1800 X156 Y141.833 E1789.85213
G0 F9600 X155.2 Y141.833
G1 F1800 X155.2 Y141.03 E1789.87777
G0 F9600 X152.885 Y141.6
G1 F1800 X150.886 Y141.6 E1789.94159
G0 F9600 X149.115 Y141.6
G1 F1800 X147.111 Y141.6 E1790.00558
G0 F9600 X144.8 Y141.834
G1 F1800 X144.8 Y141.03 E1790.03125
G0 F9600 X144 Y140.914
G1 F1800 X144 Y141.834 E1790.06063
G0 F9600 X141.2 Y141.834
G1 F1800 X141.2 Y141.201 E1790.08084
G1 F4200 E1789.08084
G0 F9600 X133.415 Y136.873
G0 X132.983 Y136.517
G0 X132.627 Y136.085
G0 X132.364 Y135.592
G0 X132.151 Y134.687
G0 X132.151 Y128.46
G0 X132.201 Y127.944
G0 X132.364 Y127.408
G0 X132.627 Y126.915
G0 X132.947 Y126.526
G0 X134.861 Y125.092
G1 F2100 E1790.08084
G1 F1800 X136.407 Y125.092 E1790.1302
G1 X135.223 Y123.908 E1790.18367
G1 X138.375 Y123.908 E1790.28431
G1 X137.19 Y125.093 E1790.33782
G1 X140.179 Y125.092 E1790.43326
G1 X138.995 Y123.908 E1790.48672
G1 X142.147 Y123.908 E1790.58736
G1 X140.961 Y125.094 E1790.64092
G1 X143.951 Y125.093 E1790.73639
G1 X142.766 Y123.908 E1790.7899
G1 X145.919 Y123.908 E1790.89057
G1 X144.733 Y125.094 E1790.94413
G1 X147.724 Y125.094 E1791.03963
G1 X146.538 Y123.908 E1791.09318
G1 X149.69 Y123.908 E1791.19382
G1 X148.504 Y125.094 E1791.24738
G1 X151.496 Y125.094 E1791.34291
G1 X150.31 Y123.908 E1791.39647
G1 X153.462 Y123.908 E1791.49711
G1 X152.275 Y125.094 E1791.55069
G1 X155.268 Y125.094 E1791.64625
G1 X154.081 Y123.908 E1791.69983
G1 X157.234 Y123.908 E1791.8005
G1 X156.046 Y125.095 E1791.85412
G1 X159.04 Y125.094 E1791.94972
G1 X157.853 Y123.908 E1792.0033
G1 X161.005 Y123.908 E1792.10394
G1 X159.817 Y125.096 E1792.15759
G1 X163.589 Y125.096 E1792.27803
G1 X164.777 Y123.908 E1792.33167
G1 X161.625 Y123.908 E1792.43231
G1 X162.812 Y125.095 E1792.48591
G1 F4200 E1791.48591
G0 F9600 X173.52 Y123.908
G1 F2100 E1792.48591
G1 F1800 X172.94 Y123.908 E1792.50443
G1 X173.124 Y124.092 E1792.51274
G1 X172.896 Y124.092 E1792.52002
G1 X172.497 Y124.154 E1792.53291
G1 X172.015 Y124.309 E1792.54908
G1 X171.804 Y124.425 E1792.55677
G1 X172.321 Y123.908 E1792.58011
G1 X169.168 Y123.908 E1792.68079
G1 X170.8 Y125.54 E1792.75448
G1 X170.909 Y125.319 E1792.76235
G1 X168.35 Y127.878 E1792.8779
G1 X168.161 Y127.198 E1792.90044
G1 X167.864 Y126.653 E1792.92026
G1 X167.409 Y126.073 E1792.94379
G1 X166.825 Y125.632 E1792.96716
G1 X168.549 Y123.908 E1793.04501
G1 X165.397 Y123.908 E1793.14565
G1 X170.592 Y129.104 E1793.38025
G1 X170.592 Y129.408 E1793.38996
G1 X168.999 Y131.001 E1793.46189
G1 X168.406 Y131.001 E1793.48083
G1 X168.406 Y131.283 E1793.48983
G1 X169 Y131.283 E1793.5088
G1 X170.592 Y132.875 E1793.58069
G1 X170.592 Y133.18 E1793.59042
G1 X168.228 Y135.543 E1793.69715
G1 X168.36 Y135.049 E1793.71348
G1 X168.403 Y134.458 E1793.7324
G1 X170.592 Y136.647 E1793.83124
G1 X170.592 Y136.952 E1793.84098
G1 X168.451 Y139.092 E1793.93764
G1 X169.055 Y139.092 E1793.95692
G1 X169.231 Y139.057 E1793.96265
G1 X167.232 Y137.059 E1794.05289
G1 X166.787 Y137.397 E1794.07074
G1 X166.245 Y137.673 E1794.09016
G1 X166.036 Y137.735 E1794.09712
G1 X165.228 Y138.544 E1794.13363
G1 X165.228 Y139.092 E1794.15112
G1 X164.946 Y139.092 E1794.16013
G1 X164.946 Y138.544 E1794.17763
G1 X164.31 Y137.908 E1794.20634
G1 X162.093 Y137.907 E1794.27713
G1 X158.374 Y141.626 E1794.44507
G1 X156.712 Y141.625 E1794.49813
G1 X152.993 Y137.906 E1794.66607
G1 X150.779 Y137.906 E1794.73676
G1 X147.058 Y141.626 E1794.90476
G1 X145.397 Y141.626 E1794.95779
G1 X141.677 Y137.905 E1795.1258
G1 X139.466 Y137.904 E1795.19639
G1 X138.125 Y139.245 E1795.25695
G1 X138.401 Y139.308 E1795.26599
G1 X139.325 Y139.744 E1795.29861
G1 X139.873 Y140.148 E1795.32035
G1 X140.426 Y140.715 E1795.34564
G1 X143.237 Y137.904 E1795.47257
G1 X145.449 Y137.906 E1795.5432
G1 X149.169 Y141.626 E1795.71117
G1 X150.831 Y141.626 E1795.76424
G1 X154.551 Y137.906 E1795.93222
G1 X156.766 Y137.907 E1796.00294
G1 X159.584 Y140.726 E1796.13021
G1 X159.896 Y140.356 E1796.14567
G1 X160.455 Y139.897 E1796.16876
G1 X160.968 Y139.584 E1796.18795
G1 X161.387 Y139.395 E1796.20263
G1 X161.874 Y139.243 E1796.21892
G1 X160.538 Y137.908 E1796.27922
G1 X158.322 Y137.906 E1796.34998
G1 X154.603 Y141.626 E1796.51793
G1 X152.94 Y141.625 E1796.57103
G1 X149.221 Y137.906 E1796.73897
G1 X147.008 Y137.905 E1796.80963
G1 X143.287 Y141.626 E1796.97765
G1 X141.626 Y141.626 E1797.03069
G1 X137.904 Y137.904 E1797.19875
G1 X135.694 Y137.904 E1797.26932
G1 X135.055 Y138.543 E1797.29817
G1 X135.055 Y139.091 E1797.31567
G1 X134.773 Y139.092 E1797.32468
G1 X134.773 Y138.544 E1797.34217
G1 X133.961 Y137.732 E1797.37884
G1 X133.813 Y137.694 E1797.38372
G1 X133.21 Y137.398 E1797.40517
G1 X132.768 Y137.059 E1797.42295
G1 X130.767 Y139.059 E1797.51329
G1 X130.941 Y139.092 E1797.51894
G1 X131.548 Y139.091 E1797.53832
G1 X129.408 Y136.951 E1797.63495
G1 X129.408 Y136.646 E1797.64469
G1 X131.592 Y134.463 E1797.74329
G1 X131.641 Y135.09 E1797.76337
G1 X131.77 Y135.542 E1797.77838
G1 X129.408 Y133.179 E1797.88506
G1 X129.408 Y132.875 E1797.89477
G1 X131 Y131.282 E1797.96668
G1 X131.595 Y131.282 E1797.98567
G1 X131.595 Y131 E1797.99468
G1 X131 Y131 E1798.01368
G1 X129.408 Y129.408 E1798.08556
G1 X129.409 Y129.102 E1798.09533
G1 X134.603 Y123.908 E1798.32987
G1 X131.451 Y123.908 E1798.43051
G1 X133.152 Y125.608 E1798.5073
G1 X132.503 Y126.18 E1798.53492
G1 X132.148 Y126.626 E1798.55312
G1 X131.9 Y127.087 E1798.56984
G1 X131.686 Y127.71 E1798.59087
G1 X131.662 Y127.89 E1798.59667
G1 X129.105 Y125.333 E1798.71213
G1 X130.832 Y123.908 E1798.78362
G1 X127.06 Y123.908 E1798.90406
G1 X126.875 Y124.092 E1798.91239
G1 X127.45 Y124.136 E1798.93081
G1 X128.042 Y124.331 E1798.95071
G1 X128.189 Y124.418 E1798.95616
G1 X127.679 Y123.908 E1798.97919
G1 F4200 E1797.97919
G0 F9600 X132.16 Y132.101
G0 X132.151 Y134.687
G0 X132.364 Y135.592
G0 X132.627 Y136.085
G0 X132.983 Y136.517
G0 X133.415 Y136.873
G0 X133.908 Y137.136
G0 X134.444 Y137.299
G0 X134.96 Y137.349
G0 X137.134 Y137.344
G0 X141.638 Y143.25
;TYPE:SKIN
G1 F2100 E1798.97919
G1 F1710 X141.056 Y142.668 E1799.00364
G0 F9600 X140.837 Y141.912
G1 F1710 X142.175 Y143.25 E1799.05984
G0 F9600 X142.713 Y143.25
G1 F1710 X141.258 Y141.795 E1799.12096
G0 F9600 X141.795 Y141.795
G1 F1710 X143.25 Y143.25 E1799.18207
G0 F9600 X143.787 Y143.25
G1 F1710 X142.333 Y141.795 E1799.24317
G0 F9600 X142.87 Y141.795
G1 F1710 X144.324 Y143.249 E1799.30424
G0 F9600 X144.861 Y143.249
G1 F1710 X143.408 Y141.795 E1799.36529
G0 F9600 X143.945 Y141.795
G1 F1710 X145.399 Y143.249 E1799.42637
G0 F9600 X145.936 Y143.249
G1 F1710 X144.482 Y141.795 E1799.48744
G0 F9600 X145.02 Y141.795
G1 F1710 X146.474 Y143.249 E1799.54851
G0 F9600 X147.011 Y143.249
G1 F1710 X145.557 Y141.795 E1799.60959
G0 F9600 X146.095 Y141.795
G1 F1710 X147.548 Y143.249 E1799.67064
G0 F9600 X148.085 Y143.249
G1 F1710 X146.632 Y141.795 E1799.73169
G0 F9600 X147.169 Y141.795
G1 F1710 X148.623 Y143.249 E1799.79277
G0 F9600 X149.16 Y143.249
G1 F1710 X147.707 Y141.795 E1799.85382
G0 F9600 X148.244 Y141.795
G1 F1710 X149.697 Y143.249 E1799.91487
G0 F9600 X150.234 Y143.248
G1 F1710 X148.782 Y141.795 E1799.97588
G0 F9600 X149.319 Y141.795
G1 F1710 X150.771 Y143.248 E1800.03689
G0 F9600 X151.309 Y143.248
G1 F1710 X149.856 Y141.795 E1800.09793
G0 F9600 X150.393 Y141.795
G1 F1710 X151.846 Y143.248 E1800.15896
G0 F9600 X152.384 Y143.248
G1 F1710 X150.931 Y141.795 E1800.21999
G0 F9600 X151.468 Y141.795
G1 F1710 X152.921 Y143.248 E1800.28102
G0 F9600 X153.458 Y143.247
G1 F1710 X152.005 Y141.795 E1800.34203
G0 F9600 X152.543 Y141.795
G1 F1710 X153.995 Y143.247 E1800.40302
G0 F9600 X154.533 Y143.247
G1 F1710 X153.08 Y141.795 E1800.46403
G0 F9600 X153.618 Y141.795
G1 F1710 X155.07 Y143.247 E1800.52502
G0 F9600 X155.607 Y143.247
G1 F1710 X154.155 Y141.795 E1800.58601
G0 F9600 X154.692 Y141.795
G1 F1710 X156.144 Y143.246 E1800.64698
G0 F9600 X156.681 Y143.246
G1 F1710 X155.23 Y141.795 E1800.70793
G0 F9600 X155.767 Y141.795
G1 F1710 X157.219 Y143.246 E1800.7689
G0 F9600 X157.756 Y143.246
G1 F1710 X156.305 Y141.795 E1800.82985
G0 F9600 X156.842 Y141.795
G1 F1710 X158.294 Y143.246 E1800.89081
G0 F9600 X158.831 Y143.246
G1 F1710 X157.379 Y141.795 E1800.95178
G0 F9600 X157.917 Y141.795
G1 F1710 X158.907 Y142.785 E1800.99337
G0 F9600 X159.011 Y142.352
G1 F1710 X158.454 Y141.795 E1801.01676
G0 F9600 X158.992 Y141.795
G1 F1710 X159.14 Y141.943 E1801.02298
G0 F9600 X159.094 Y141.928
G1 F4200 E1800.02298
G1 F1500 Z6.1
G0 F9600 X159.094 Y141.928 Z6.1
G0 X181 Y124.5
;TYPE:WALL-INNER
G1 F1500 Z5.8
G1 F2100 E1801.02298
G1 F1800 X181 Y123.5 E1801.05491
G1 X179.068 Y123.5 E1801.1166
G1 X179.068 Y124.5 E1801.14853
G1 X181 Y124.5 E1801.21022
G0 F9600 X181.4 Y124.9
G1 F1800 X181.4 Y123.1 E1801.26769
G1 X178.668 Y123.1 E1801.35492
G1 X178.668 Y124.9 E1801.41239
G1 X181.4 Y124.9 E1801.49963
G0 F9600 X181.8 Y125.3
G0 X181.8 Y125.3 Z5.79
;TYPE:WALL-OUTER
G1 F1800 X181.8 Y125.1 Z5.8 E1801.50599
G1 X181.8 Y122.7 E1801.58422
G1 X178.268 Y122.7 E1801.69934
G1 X178.268 Y125.3 E1801.78409
G1 X181.8 Y125.3 E1801.89922
G1 X181.8 Y125.1 E1801.90557
G0 F9600 X181.8 Y124.3
G0 X181.09 Y124.3
G0 X180.592 Y124.092
G0 X180.592 Y124.017
;TYPE:FILL
G1 F1800 X180.592 Y124.092 E1801.90797
G1 X179.679 Y124.092 E1801.93712
G1 X179.864 Y123.908 E1801.94545
G1 X180.592 Y123.908 E1801.96869
G1 X180.483 Y123.908 E1801.97217
G1 X180.592 Y124.017 E1801.9771
G1 F4200 E1800.9771
G1 F1500 Z6.1
;MESH:NONMESH
G0 F9600 X180.592 Y124.017 Z6.1
G0 X120.98 Y124.5
;TIME_ELAPSED:2277.671815
;LAYER:29
;MESH:LC-GR3005??????RFID?????????-WB.stl
G0 X120.98 Y124.5 Z6.3
;TYPE:WALL-INNER
G1 F1500 Z6
G1 F2100 E1801.9771
G1 F1800 X120.98 Y123.5 E1802.00903
G1 X119 Y123.5 E1802.07225
G1 X119 Y124.5 E1802.10418
G1 X120.98 Y124.5 E1802.1674
G0 F9600 X121.38 Y124.9
G1 F1800 X121.38 Y123.1 E1802.22487
G1 X118.6 Y123.1 E1802.31364
G1 X118.6 Y124.9 E1802.37111
G1 X121.38 Y124.9 E1802.45987
G0 F9600 X121.78 Y125.3
G0 X121.78 Y125.3 Z5.99
;TYPE:WALL-OUTER
G1 F1800 X121.78 Y125.1 Z6 E1802.46624
G1 X121.78 Y122.7 E1802.54447
G1 X118.2 Y122.7 E1802.66116
G1 X118.2 Y125.3 E1802.7459
G1 X121.78 Y125.3 E1802.86259
G1 X121.78 Y125.1 E1802.86895
G0 F9600 X121.78 Y124.3
G0 X121.071 Y124.3
G0 X120.572 Y123.908
;TYPE:FILL
G1 F1800 X119.517 Y123.908 E1802.90263
G1 X119.408 Y124.016 E1802.90753
G1 X119.408 Y124.092 E1802.90996
G1 X120.321 Y124.092 E1802.93911
G1 X120.136 Y123.908 E1802.94744
G1 F4200 E1801.94744
G1 F1500 Z6.3
G0 F9600 X120.136 Y123.908 Z6.3
G0 X159.033 Y143.056
;TYPE:WALL-INNER
G1 F1500 Z6
G1 F2100 E1802.94744
G1 F1800 X159.15 Y142.385 E1802.96919
G1 X159.339 Y141.889 E1802.98614
G1 X159.609 Y141.377 E1803.00462
G1 X159.928 Y140.934 E1803.02205
G1 X160.243 Y140.599 E1803.03673
G1 X160.674 Y140.245 E1803.05454
G1 X161.171 Y139.94 E1803.07316
G1 X161.744 Y139.697 E1803.09304
G1 X162.349 Y139.55 E1803.11291
G1 X162.844 Y139.5 E1803.1288
G1 X169.089 Y139.5 E1803.3282
G1 X169.615 Y139.397 E1803.34532
G1 X169.913 Y139.273 E1803.35562
G1 X170.176 Y139.113 E1803.36545
G1 X170.408 Y138.912 E1803.37525
G1 X170.611 Y138.675 E1803.38522
G1 X170.774 Y138.408 E1803.3952
G1 X170.898 Y138.11 E1803.40551
G1 X170.996 Y137.617 E1803.42156
G1 X171 Y126.47 E1803.77748
G1 X171.058 Y126.009 E1803.79232
G1 X171.206 Y125.616 E1803.80572
G1 X171.345 Y125.378 E1803.81452
G1 X171.682 Y124.999 E1803.83072
G1 X171.89 Y124.839 E1803.8391
G1 X172.164 Y124.689 E1803.84907
G1 X172.606 Y124.547 E1803.86389
G1 X172.912 Y124.5 E1803.87378
G1 X173.98 Y124.5 E1803.90788
G1 X173.98 Y123.5 E1803.93981
G1 X126.016 Y123.5 E1805.47129
G1 X126.016 Y124.5 E1805.50322
G1 X127 Y124.5 E1805.53464
G1 X127.381 Y124.539 E1805.54687
G1 X127.88 Y124.706 E1805.56367
G1 X128.118 Y124.845 E1805.57247
G1 X128.497 Y125.182 E1805.58866
G1 X128.657 Y125.39 E1805.59704
G1 X128.814 Y125.686 E1805.60774
G1 X129.001 Y126.326 E1805.62903
G1 X129 Y137.594 E1805.98881
G1 X129.099 Y138.114 E1806.00571
G1 X129.222 Y138.408 E1806.01589
G1 X129.385 Y138.675 E1806.02588
G1 X129.586 Y138.91 E1806.03575
G1 X129.823 Y139.113 E1806.04572
G1 X130.085 Y139.274 E1806.05553
G1 X130.36 Y139.388 E1806.06504
G1 X130.923 Y139.496 E1806.08334
G1 X137.27 Y139.5 E1806.286
G1 X138.127 Y139.666 E1806.31387
G1 X138.36 Y139.741 E1806.32169
G1 X139.124 Y140.099 E1806.34863
G1 X139.605 Y140.457 E1806.36777
G1 X140.105 Y140.967 E1806.39058
G1 X140.449 Y141.477 E1806.41022
G1 X140.717 Y142.031 E1806.42987
G1 X140.865 Y142.475 E1806.44482
G1 X140.969 Y143.056 E1806.46366
G1 X158.642 Y143.056 E1807.02796
G0 F1620 X159.033 Y143.056
G0 F9600 X159.4 Y143.456
G1 F1800 X159.408 Y143.233 E1807.03508
G1 X159.528 Y142.544 E1807.05741
G1 X159.696 Y142.069 E1807.0735
G1 X159.936 Y141.607 E1807.09012
G1 X160.18 Y141.259 E1807.10369
G1 X160.501 Y140.905 E1807.11895
G1 X160.892 Y140.581 E1807.13516
G1 X161.328 Y140.308 E1807.15159
G1 X161.878 Y140.074 E1807.17067
G1 X162.395 Y139.947 E1807.18767
G1 X162.774 Y139.903 E1807.19985
G1 X169.114 Y139.9 E1807.40229
G1 X169.738 Y139.779 E1807.42258
G1 X170.095 Y139.631 E1807.43492
G1 X170.413 Y139.437 E1807.44682
G1 X170.693 Y139.195 E1807.45864
G1 X170.936 Y138.91 E1807.47059
G1 X171.131 Y138.59 E1807.48256
G1 X171.28 Y138.236 E1807.49482
G1 X171.396 Y137.639 E1807.51424
G1 X171.4 Y126.48 E1807.87054
G1 X171.448 Y126.101 E1807.88274
G1 X171.576 Y125.768 E1807.89413
G1 X171.819 Y125.421 E1807.90766
G1 X172.134 Y125.156 E1807.9208
G1 X172.298 Y125.066 E1807.92678
G1 X172.912 Y124.9 E1807.94709
G1 X174.38 Y124.9 E1807.99396
G1 X174.38 Y123.1 E1808.05143
G1 X125.616 Y123.1 E1809.60845
G1 X125.616 Y124.9 E1809.66593
G1 X127.075 Y124.904 E1809.71251
G1 X127.484 Y124.976 E1809.72577
G1 X127.728 Y125.076 E1809.73419
G1 X128.075 Y125.319 E1809.74772
G1 X128.34 Y125.634 E1809.76086
G1 X128.434 Y125.811 E1809.76726
G1 X128.596 Y126.338 E1809.78487
G1 X128.6 Y137.617 E1810.145
G1 X128.717 Y138.238 E1810.16518
G1 X128.865 Y138.59 E1810.17737
G1 X129.06 Y138.91 E1810.18934
G1 X129.302 Y139.194 E1810.20125
G1 X129.587 Y139.437 E1810.21321
G1 X129.902 Y139.632 E1810.22504
G1 X130.245 Y139.774 E1810.23689
G1 X130.885 Y139.896 E1810.25769
G1 X137.236 Y139.9 E1810.46048
G1 X138.12 Y140.071 E1810.48923
G1 X138.916 Y140.443 E1810.51728
G1 X139.307 Y140.734 E1810.53285
G1 X139.793 Y141.22 E1810.55479
G1 X140.092 Y141.657 E1810.5717
G1 X140.338 Y142.158 E1810.58952
G1 X140.501 Y142.646 E1810.60595
G1 X140.593 Y143.244 E1810.62527
G1 X140.6 Y143.456 E1810.63204
G1 X159.009 Y143.456 E1811.21983
G0 F1620 X159.4 Y143.456
G0 F9600 X159.129 Y143.17
G0 X159.448 Y142.01
G0 X160.006 Y141.078
G0 X160.643 Y140.467
G0 X165.674 Y137.419
G1 F1800 X165.124 Y137.5 E1811.23758
G1 X134.904 Y137.496 E1812.2025
G1 X134.315 Y137.418 E1812.22147
G1 X133.756 Y137.228 E1812.24032
G1 X133.258 Y136.938 E1812.25872
G1 X132.809 Y136.546 E1812.27775
G1 X132.448 Y136.072 E1812.29678
G1 X132.21 Y135.6 E1812.31366
G1 X132.045 Y135.024 E1812.33279
G1 X132 Y134.624 E1812.34564
G1 X132.004 Y128.404 E1812.54424
G1 X132.082 Y127.815 E1812.56321
G1 X132.268 Y127.263 E1812.58181
G1 X132.491 Y126.849 E1812.59683
G1 X132.809 Y126.45 E1812.61312
G1 X133.33 Y125.995 E1812.63521
G1 X133.896 Y125.709 E1812.65545
G1 X134.313 Y125.58 E1812.66939
G1 X134.784 Y125.5 E1812.68465
G1 X165.082 Y125.503 E1813.65205
G1 X165.69 Y125.581 E1813.67162
G1 X166.232 Y125.768 E1813.68993
G1 X166.573 Y125.948 E1813.70224
G1 X167.123 Y126.369 E1813.72436
G1 X167.519 Y126.871 E1813.74477
G1 X167.74 Y127.277 E1813.75953
G1 X167.919 Y127.822 E1813.77785
G1 X168.001 Y128.283 E1813.7928
G1 X168.001 Y134.492 E1813.99105
G1 X167.956 Y134.992 E1814.00708
G1 X167.792 Y135.6 E1814.02719
G1 X167.544 Y136.08 E1814.04444
G1 X167.125 Y136.625 E1814.06639
G1 X166.58 Y137.044 E1814.08834
G1 X166.1 Y137.291 E1814.10558
G1 X166.048 Y137.307 E1814.10731
G0 F1620 X165.674 Y137.419
G0 F9600 X165.966 Y136.914
G1 F1800 X165.478 Y137.054 E1814.12352
G1 X165.124 Y137.1 E1814.13492
G1 X134.944 Y137.098 E1815.09856
G1 X134.43 Y137.035 E1815.1151
G1 X133.946 Y136.876 E1815.13136
G1 X133.511 Y136.629 E1815.14734
G1 X133.119 Y136.292 E1815.16384
G1 X132.801 Y135.885 E1815.18033
G1 X132.586 Y135.466 E1815.19537
G1 X132.441 Y134.97 E1815.21187
G1 X132.4 Y134.624 E1815.22299
G1 X132.402 Y128.444 E1815.42032
G1 X132.442 Y128.044 E1815.43316
G1 X132.577 Y127.558 E1815.44926
G1 X132.827 Y127.066 E1815.46688
G1 X133.204 Y126.619 E1815.48555
G1 X133.611 Y126.301 E1815.50205
G1 X134.03 Y126.086 E1815.51708
G1 X134.526 Y125.941 E1815.53358
G1 X134.872 Y125.9 E1815.54471
G1 X165.046 Y125.902 E1816.50816
G1 X165.571 Y125.963 E1816.52503
G1 X166.045 Y126.121 E1816.54098
G1 X166.385 Y126.301 E1816.55327
G1 X166.792 Y126.619 E1816.56976
G1 X167.177 Y127.079 E1816.58891
G1 X167.383 Y127.459 E1816.60271
G1 X167.536 Y127.936 E1816.61871
G1 X167.601 Y128.372 E1816.63278
G1 X167.601 Y134.492 E1816.82819
G1 X167.558 Y134.952 E1816.84295
G1 X167.415 Y135.466 E1816.85998
G1 X167.132 Y135.981 E1816.87874
G1 X166.792 Y136.377 E1816.89541
G1 X166.39 Y136.692 E1816.91172
G1 X166.312 Y136.733 E1816.91453
G0 F1620 X165.966 Y136.914
G0 F9600 X165.832 Y136.537
G0 X165.832 Y136.537 Z5.99
;TYPE:WALL-OUTER
G1 F1800 X165.64 Y136.594 Z6 E1816.9209
G1 X165.446 Y136.652 E1816.9275
G1 X165.154 Y136.698 E1816.93714
G1 X134.984 Y136.7 E1817.92053
G1 X134.584 Y136.66 E1817.93363
G1 X134.174 Y136.54 E1817.94755
G1 X133.765 Y136.319 E1817.96271
G1 X133.429 Y136.039 E1817.97696
G1 X133.175 Y135.729 E1817.99003
G1 X132.96 Y135.323 E1818.005
G1 X132.837 Y134.916 E1818.01886
G1 X132.801 Y134.652 E1818.02755
G1 X132.8 Y128.484 E1818.22859
G1 X132.84 Y128.084 E1818.24169
G1 X132.975 Y127.638 E1818.25688
G1 X133.163 Y127.283 E1818.26998
G1 X133.457 Y126.929 E1818.28498
G1 X133.798 Y126.655 E1818.29923
G1 X134.173 Y126.46 E1818.31301
G1 X134.58 Y126.337 E1818.32687
G1 X134.845 Y126.301 E1818.33559
G1 X165.01 Y126.3 E1819.31881
G1 X165.41 Y126.336 E1819.3319
G1 X165.858 Y126.475 E1819.34719
G1 X166.231 Y126.677 E1819.36102
G1 X166.567 Y126.957 E1819.37527
G1 X166.823 Y127.27 E1819.38845
G1 X167.027 Y127.641 E1819.40225
G1 X167.152 Y128.05 E1819.41619
G1 X167.201 Y128.372 E1819.42681
G1 X167.201 Y134.492 E1819.62629
G1 X167.152 Y134.95 E1819.64131
G1 X167.037 Y135.332 E1819.65431
G1 X166.819 Y135.731 E1819.66913
G1 X166.539 Y136.067 E1819.68339
G1 X166.2 Y136.34 E1819.69757
G1 X165.998 Y136.448 E1819.70504
G0 F1620 X165.832 Y136.537
G0 X165.64 Y136.594
G0 F9600 X165.446 Y136.652
G0 X165.154 Y136.698
G0 X164.852 Y136.698
G0 X164.852 Y137.41
G0 X160.577 Y141.044
G0 X160.048 Y141.714
G0 X159.755 Y142.382
G0 X159.52 Y143.576
G0 X159.8 Y143.856
G0 X159.8 Y143.856 Z5.99
G1 F1800 X159.801 Y143.656 Z6 E1819.7114
G1 X159.802 Y143.301 E1819.72297
G1 X159.922 Y142.613 E1819.74574
G1 X160.053 Y142.249 E1819.75835
G1 X160.249 Y141.861 E1819.77252
G1 X160.523 Y141.47 E1819.78808
G1 X160.759 Y141.211 E1819.7995
G1 X161.11 Y140.916 E1819.81444
G1 X161.454 Y140.692 E1819.82782
G1 X162.031 Y140.445 E1819.84828
G1 X162.415 Y140.349 E1819.86118
G1 X162.82 Y140.301 E1819.87448
G1 X169.139 Y140.3 E1820.08045
G1 X169.862 Y140.161 E1820.10444
G1 X170.277 Y139.989 E1820.11909
G1 X170.649 Y139.761 E1820.13331
G1 X170.977 Y139.478 E1820.14743
G1 X171.261 Y139.146 E1820.16167
G1 X171.489 Y138.772 E1820.17595
G1 X171.661 Y138.361 E1820.19047
G1 X171.766 Y137.929 E1820.20496
G1 X171.796 Y137.661 E1820.21375
G1 X171.801 Y126.471 E1820.57849
G1 X171.837 Y126.193 E1820.58762
G1 X171.974 Y125.872 E1820.599
G1 X172.134 Y125.668 E1820.60745
G1 X172.432 Y125.443 E1820.61962
G1 X172.878 Y125.3 E1820.63489
G1 X174.78 Y125.3 E1820.69688
G1 X174.78 Y122.7 E1820.78163
G1 X125.216 Y122.7 E1822.39716
G1 X125.216 Y125.3 E1822.48191
G1 X127.025 Y125.301 E1822.54088
G1 X127.332 Y125.346 E1822.55099
G1 X127.624 Y125.474 E1822.56138
G1 X127.828 Y125.634 E1822.56983
G1 X128.054 Y125.937 E1822.58215
G1 X128.201 Y126.412 E1822.59836
G1 X128.2 Y137.64 E1822.96434
G1 X128.335 Y138.362 E1822.98828
G1 X128.507 Y138.772 E1823.00277
G1 X128.735 Y139.146 E1823.01705
G1 X129.018 Y139.478 E1823.03127
G1 X129.351 Y139.761 E1823.04551
G1 X129.72 Y139.989 E1823.05965
G1 X130.13 Y140.159 E1823.07412
G1 X130.847 Y140.296 E1823.09791
G1 X137.211 Y140.303 E1823.30534
G1 X138.021 Y140.466 E1823.33227
G1 X138.724 Y140.799 E1823.35763
G1 X139.068 Y141.055 E1823.37161
G1 X139.492 Y141.488 E1823.39136
G1 X139.735 Y141.837 E1823.40522
G1 X139.947 Y142.257 E1823.42056
G1 X140.114 Y142.761 E1823.43786
G1 X140.198 Y143.305 E1823.4558
G1 X140.2 Y143.856 E1823.47376
G1 X159.612 Y143.856 E1824.1065
G0 F1620 X159.8 Y143.856
G0 X159.801 Y143.656
G0 F9600 X159.802 Y143.301
G0 X159.878 Y142.863
G0 X159.183 Y142.739
G0 X156.286 Y141.2
;TYPE:FILL
G1 F1800 X152.993 Y137.906 E1824.25522
G1 X150.779 Y137.906 E1824.32591
G1 X147.415 Y141.27 E1824.47781
G1 X145.042 Y141.27 E1824.55358
G1 X141.677 Y137.905 E1824.70553
G1 X139.466 Y137.904 E1824.77613
G1 X138.121 Y139.248 E1824.83684
G1 X138.521 Y139.367 E1824.85016
G1 X139.343 Y139.75 E1824.87912
G1 X139.945 Y140.221 E1824.90352
G1 X140.428 Y140.714 E1824.92556
G1 X143.237 Y137.904 E1825.05243
G1 X145.449 Y137.906 E1825.12305
G1 X148.813 Y141.27 E1825.27496
G1 X151.187 Y141.27 E1825.35076
G1 X154.551 Y137.906 E1825.50266
G1 X156.766 Y137.907 E1825.57339
G1 X159.581 Y140.723 E1825.70052
G1 X159.848 Y140.413 E1825.71358
G1 X160.319 Y140.001 E1825.73356
G1 X160.889 Y139.616 E1825.75553
G1 X161.609 Y139.311 E1825.78049
G1 X161.872 Y139.242 E1825.78918
G1 X160.538 Y137.908 E1825.84941
G1 X158.322 Y137.906 E1825.92017
G1 X155.029 Y141.2 E1826.06889
G1 X156.286 Y141.2 E1826.10902
G1 X156.357 Y141.27 E1826.11221
G1 X158.73 Y141.27 E1826.18798
G1 X162.093 Y137.907 E1826.33984
G1 X164.31 Y137.908 E1826.41062
G1 X164.946 Y138.544 E1826.43934
G1 X164.946 Y139.092 E1826.45684
G1 X165.228 Y139.092 E1826.46584
G1 X165.228 Y138.544 E1826.48334
G1 X166.036 Y137.735 E1826.51985
G1 X166.245 Y137.673 E1826.52681
G1 X166.787 Y137.397 E1826.54623
G1 X167.232 Y137.059 E1826.56407
G1 X169.231 Y139.057 E1826.65432
G1 X169.055 Y139.092 E1826.66005
G1 X168.451 Y139.092 E1826.67933
G1 X170.588 Y136.955 E1826.77583
G1 X170.589 Y136.643 E1826.78579
G1 X168.409 Y134.463 E1826.88423
G1 X168.361 Y135.048 E1826.90297
G1 X168.231 Y135.541 E1826.91925
G1 X170.589 Y133.183 E1827.02573
G1 X170.59 Y132.873 E1827.03563
G1 X168.999 Y131.282 E1827.10747
G1 X168.409 Y131.283 E1827.12631
G1 X168.409 Y131 E1827.13534
G1 X169 Y131 E1827.15421
G1 X170.59 Y129.41 E1827.22601
G1 X170.591 Y129.102 E1827.23585
G1 X165.397 Y123.908 E1827.47038
G1 X168.549 Y123.908 E1827.57103
G1 X166.825 Y125.632 E1827.64887
G1 X167.409 Y126.073 E1827.67224
G1 X167.864 Y126.653 E1827.69578
G1 X168.109 Y127.104 E1827.71217
G1 X168.313 Y127.713 E1827.73267
G1 X168.344 Y127.884 E1827.73822
G1 X170.909 Y125.319 E1827.85405
G1 X170.8 Y125.54 E1827.86191
G1 X169.168 Y123.908 E1827.93561
G1 X172.321 Y123.908 E1828.03628
G1 X171.804 Y124.425 E1828.05963
G1 X172.015 Y124.309 E1828.06731
G1 X172.497 Y124.154 E1828.08348
G1 X172.896 Y124.092 E1828.09637
G1 X173.124 Y124.092 E1828.10365
G1 X172.94 Y123.908 E1828.11196
G1 X173.572 Y123.908 E1828.13214
G1 F4200 E1827.13214
G0 F9600 X162.812 Y125.095
G1 F2100 E1828.13214
G1 F1800 X161.625 Y123.908 E1828.18574
G1 X164.777 Y123.908 E1828.28638
G1 X163.589 Y125.096 E1828.34003
G1 X159.817 Y125.096 E1828.46047
G1 X161.005 Y123.908 E1828.51411
G1 X157.853 Y123.908 E1828.61476
G1 X159.04 Y125.094 E1828.66833
G1 X156.046 Y125.095 E1828.76393
G1 X157.234 Y123.908 E1828.81755
G1 X154.081 Y123.908 E1828.91823
G1 X155.268 Y125.094 E1828.9718
G1 X152.275 Y125.094 E1829.06737
G1 X153.462 Y123.908 E1829.12095
G1 X150.31 Y123.908 E1829.22159
G1 X151.496 Y125.094 E1829.27514
G1 X148.504 Y125.094 E1829.37068
G1 X149.69 Y123.908 E1829.42423
G1 X146.538 Y123.908 E1829.52487
G1 X147.724 Y125.094 E1829.57843
G1 X144.733 Y125.094 E1829.67393
G1 X145.919 Y123.908 E1829.72748
G1 X142.766 Y123.908 E1829.82816
G1 X143.951 Y125.093 E1829.88167
G1 X140.961 Y125.094 E1829.97714
G1 X142.147 Y123.908 E1830.03069
G1 X138.995 Y123.908 E1830.13133
G1 X140.179 Y125.092 E1830.1848
G1 X137.19 Y125.093 E1830.28024
G1 X138.375 Y123.908 E1830.33375
G1 X135.223 Y123.908 E1830.43439
G1 X136.407 Y125.092 E1830.48785
G1 X134.861 Y125.092 E1830.53722
G0 F9600 X127.679 Y123.908
G1 F1800 X128.189 Y124.418 E1830.56024
G1 X128.042 Y124.331 E1830.5657
G1 X127.45 Y124.136 E1830.5856
G1 X126.875 Y124.092 E1830.60401
G1 X127.06 Y123.908 E1830.61234
G1 X130.832 Y123.908 E1830.73278
G1 X129.105 Y125.333 E1830.80427
G1 X131.662 Y127.89 E1830.91974
G1 X131.686 Y127.71 E1830.92554
G1 X131.9 Y127.087 E1830.94657
G1 X132.148 Y126.626 E1830.96328
G1 X132.503 Y126.18 E1830.98148
G1 X133.152 Y125.608 E1831.00911
G1 X131.451 Y123.908 E1831.08589
G1 X134.603 Y123.908 E1831.18654
G1 X129.409 Y129.102 E1831.42107
G1 X129.408 Y129.408 E1831.43084
G1 X131 Y131 E1831.50273
G1 X131.595 Y131 E1831.52173
G1 X131.595 Y131.282 E1831.53073
G1 X131 Y131.282 E1831.54973
G1 X129.408 Y132.875 E1831.62164
G1 X129.408 Y133.179 E1831.63135
G1 X131.77 Y135.542 E1831.73803
G1 X131.641 Y135.09 E1831.75304
G1 X131.592 Y134.463 E1831.77312
G1 X129.408 Y136.646 E1831.87171
G1 X129.408 Y136.951 E1831.88145
G1 X131.544 Y139.088 E1831.97793
G1 X130.959 Y139.088 E1831.99661
G1 X130.773 Y139.053 E1832.00265
G1 X132.773 Y137.054 E1832.09294
G1 X133.008 Y137.263 E1832.10298
G1 X133.566 Y137.59 E1832.12363
G1 X133.961 Y137.733 E1832.13704
G1 X134.772 Y138.544 E1832.17366
G1 X134.772 Y139.091 E1832.19113
G1 X135.054 Y139.091 E1832.20013
G1 X135.054 Y138.544 E1832.2176
G1 X135.694 Y137.904 E1832.2465
G1 X137.904 Y137.904 E1832.31706
G1 X141.27 Y141.27 E1832.46906
G1 X143.643 Y141.27 E1832.54483
G1 X147.008 Y137.905 E1832.69677
G1 X149.221 Y137.906 E1832.76744
G1 X152.585 Y141.27 E1832.91934
G1 X154.958 Y141.27 E1832.99511
G1 X155.029 Y141.2 E1832.99829
G0 F9600 X152 Y141.478
G1 F1800 X152 Y140.686 E1833.02358
G0 F9600 X148 Y140.686
G1 F1800 X148 Y141.478 E1833.04887
G0 F9600 X144.8 Y141.478
G1 F1800 X144.8 Y141.029 E1833.0632
G0 F9600 X144 Y140.914
G1 F1800 X144 Y141.478 E1833.08121
G0 F9600 X140.639 Y141.497
;TYPE:SKIN
G1 F1710 X140.697 Y141.438 E1833.08367
G0 F9600 X140.813 Y141.86
G1 F1710 X141.235 Y141.438 E1833.1014
G0 F9600 X141.772 Y141.438
G1 F1710 X140.96 Y142.25 E1833.1355
G0 F9600 X141.067 Y142.681
G1 F1710 X142.309 Y141.438 E1833.18769
G0 F9600 X142.847 Y141.438
G1 F1710 X141.39 Y142.895 E1833.24889
G0 F9600 X141.928 Y142.895
G1 F1710 X143.384 Y141.438 E1833.31007
G0 F9600 X143.922 Y141.438
G1 F1710 X142.465 Y142.895 E1833.37127
G0 F9600 X143.002 Y142.895
G1 F1710 X144.459 Y141.438 E1833.43247
G0 F9600 X144.996 Y141.438
G1 F1710 X143.54 Y142.895 E1833.49365
G0 F9600 X144.077 Y142.895
G1 F1710 X145.534 Y141.438 E1833.55485
G0 F9600 X146.071 Y141.438
G1 F1710 X144.615 Y142.895 E1833.61603
G0 F9600 X145.152 Y142.895
G1 F1710 X146.609 Y141.438 E1833.67723
G0 F9600 X147.146 Y141.438
G1 F1710 X145.689 Y142.895 E1833.73843
G0 F9600 X146.227 Y142.895
G1 F1710 X147.683 Y141.438 E1833.79961
G0 F9600 X148.221 Y141.438
G1 F1710 X146.764 Y142.895 E1833.86081
G0 F9600 X147.302 Y142.895
G1 F1710 X148.758 Y141.438 E1833.92199
G0 F9600 X149.296 Y141.438
G1 F1710 X147.839 Y142.895 E1833.98319
G0 F9600 X148.376 Y142.895
G1 F1710 X149.833 Y141.438 E1834.04439
G0 F9600 X150.37 Y141.438
G1 F1710 X148.914 Y142.895 E1834.10556
G0 F9600 X149.451 Y142.895
G1 F1710 X150.908 Y141.438 E1834.16676
G0 F9600 X151.445 Y141.438
G1 F1710 X149.989 Y142.895 E1834.22794
G0 F9600 X150.526 Y142.895
G1 F1710 X151.983 Y141.438 E1834.28914
G0 F9600 X152.52 Y141.438
G1 F1710 X151.063 Y142.895 E1834.35034
G0 F9600 X151.601 Y142.895
G1 F1710 X153.058 Y141.438 E1834.41154
G0 F9600 X153.595 Y141.438
G1 F1710 X152.138 Y142.895 E1834.47274
G0 F9600 X152.676 Y142.895
G1 F1710 X154.132 Y141.438 E1834.53392
G0 F9600 X154.67 Y141.438
G1 F1710 X153.213 Y142.895 E1834.59512
G0 F9600 X153.75 Y142.895
G1 F1710 X155.207 Y141.438 E1834.65632
G0 F9600 X155.745 Y141.438
G1 F1710 X154.288 Y142.895 E1834.71752
G0 F9600 X154.825 Y142.895
G1 F1710 X156.282 Y141.438 E1834.77872
G0 F9600 X156.819 Y141.438
G1 F1710 X155.363 Y142.895 E1834.8399
G0 F9600 X155.9 Y142.895
G1 F1710 X157.357 Y141.438 E1834.9011
G0 F9600 X157.894 Y141.438
G1 F1710 X156.437 Y142.895 E1834.9623
G0 F9600 X156.975 Y142.895
G1 F1710 X158.432 Y141.438 E1835.0235
G0 F9600 X158.969 Y141.438
G1 F1710 X157.512 Y142.895 E1835.0847
G0 F9600 X158.05 Y142.895
G1 F1710 X159.271 Y141.674 E1835.13598
G0 F9600 X158.977 Y142.505
G1 F1710 X158.587 Y142.895 E1835.15237
G0 F9600 X158.588 Y142.846
G1 F4200 E1834.15237
G1 F1500 Z6.3
G0 F9600 X158.588 Y142.846 Z6.3
G0 X181 Y124.5
;TYPE:WALL-INNER
G1 F1500 Z6
G1 F2100 E1835.15237
G1 F1800 X181 Y123.5 E1835.1843
G1 X179.016 Y123.5 E1835.24764
G1 X179.016 Y124.5 E1835.27957
G1 X181 Y124.5 E1835.34292
G0 F9600 X181.4 Y124.9
G1 F1800 X181.4 Y123.1 E1835.4004
G1 X178.616 Y123.1 E1835.48929
G1 X178.616 Y124.9 E1835.54676
G1 X181.4 Y124.9 E1835.63565
G0 F9600 X181.8 Y125.3
G0 X181.8 Y125.3 Z5.99
;TYPE:WALL-OUTER
G1 F1800 X181.8 Y125.1 Z6 E1835.64202
G1 X181.8 Y122.7 E1835.72025
G1 X178.216 Y122.7 E1835.83707
G1 X178.216 Y125.3 E1835.92181
G1 X181.8 Y125.3 E1836.03863
G1 X181.8 Y125.1 E1836.04499
G0 F9600 X181.8 Y124.3
G0 X181.09 Y124.3
G0 X180.592 Y124.092
G0 X180.592 Y124.017
;TYPE:FILL
G1 F1800 X180.592 Y124.092 E1836.04738
G1 X179.68 Y124.092 E1836.0765
G1 X179.864 Y123.908 E1836.08481
G1 X180.592 Y123.908 E1836.10806
G1 X180.483 Y123.908 E1836.11154
G1 X180.592 Y124.017 E1836.11646
G1 F4200 E1835.11646
G1 F1500 Z6.3
;MESH:NONMESH
G0 F9600 X180.592 Y124.017 Z6.3
G0 X121.06 Y124.5
;TIME_ELAPSED:2317.757808
;LAYER:30
;MESH:LC-GR3005??????RFID?????????-WB.stl
G0 X121.06 Y124.5 Z6.5
;TYPE:WALL-INNER
G1 F1500 Z6.2
G1 F2100 E1836.11646
G1 F1800 X121.06 Y123.5 E1836.14839
G1 X119 Y123.5 E1836.21416
G1 X119 Y124.5 E1836.24609
G1 X121.06 Y124.5 E1836.31187
G0 F9600 X121.46 Y124.9
G1 F1800 X121.46 Y123.1 E1836.36934
G1 X118.6 Y123.1 E1836.46066
G1 X118.6 Y124.9 E1836.51814
G1 X121.46 Y124.9 E1836.60945
G0 F9600 X121.86 Y125.3
G0 X121.86 Y125.3 Z6.19
;TYPE:WALL-OUTER
G1 F1800 X121.86 Y125.1 Z6.2 E1836.61582
G1 X121.86 Y122.7 E1836.69405
G1 X118.2 Y122.7 E1836.81334
G1 X118.2 Y125.3 E1836.89809
G1 X121.86 Y125.3 E1837.01739
G1 X121.86 Y125.1 E1837.02374
G0 F9600 X121.86 Y124.3
G0 X121.153 Y124.3
G0 X120.652 Y123.908
;TYPE:FILL
G1 F1800 X119.517 Y123.908 E1837.05998
G1 X119.408 Y124.016 E1837.06488
G1 X119.408 Y124.092 E1837.06731
G1 X120.32 Y124.092 E1837.09643
G1 X120.136 Y123.908 E1837.10474
G1 F4200 E1836.10474
G1 F1500 Z6.5
G0 F9600 X120.136 Y123.908 Z6.5
G0 X159.066 Y142.701
;TYPE:WALL-INNER
G1 F1500 Z6.2
G1 F2100 E1837.10474
G1 F1800 X159.299 Y141.967 E1837.12933
G1 X159.57 Y141.437 E1837.14833
G1 X159.856 Y141.029 E1837.16424
G1 X160.13 Y140.713 E1837.1776
G1 X160.616 Y140.281 E1837.19836
G1 X161.126 Y139.964 E1837.21753
G1 X161.516 Y139.781 E1837.23129
G1 X162.007 Y139.621 E1837.24778
G1 X162.667 Y139.5 E1837.2692
G1 X169.089 Y139.5 E1837.47426
G1 X169.615 Y139.397 E1837.49137
G1 X169.913 Y139.273 E1837.50168
G1 X170.176 Y139.113 E1837.51151
G1 X170.408 Y138.912 E1837.52131
G1 X170.611 Y138.675 E1837.53127
G1 X170.774 Y138.408 E1837.54126
G1 X170.898 Y138.11 E1837.55156
G1 X171 Y137.594 E1837.56836
G1 X171 Y126.47 E1837.92355
G1 X171.058 Y126.009 E1837.93838
G1 X171.206 Y125.616 E1837.95179
G1 X171.345 Y125.378 E1837.96059
G1 X171.682 Y124.999 E1837.97678
G1 X171.89 Y124.839 E1837.98516
G1 X172.164 Y124.689 E1837.99514
G1 X172.606 Y124.547 E1838.00996
G1 X172.912 Y124.5 E1838.01985
G1 X174.06 Y124.499 E1838.0565
G1 X174.061 Y123.501 E1838.08837
G1 X125.936 Y123.5 E1839.62498
G1 X125.936 Y124.5 E1839.65691
G1 X127 Y124.5 E1839.69089
G1 X127.381 Y124.539 E1839.70312
G1 X127.88 Y124.706 E1839.71992
G1 X128.118 Y124.845 E1839.72872
G1 X128.497 Y125.182 E1839.74491
G1 X128.657 Y125.39 E1839.75329
G1 X128.814 Y125.686 E1839.76399
G1 X129.001 Y126.326 E1839.78528
G1 X129 Y137.594 E1840.14506
G1 X129.1 Y138.115 E1840.162
G1 X129.222 Y138.408 E1840.17214
G1 X129.385 Y138.675 E1840.18212
G1 X129.586 Y138.91 E1840.192
G1 X129.823 Y139.113 E1840.20196
G1 X130.085 Y139.274 E1840.21178
G1 X130.381 Y139.397 E1840.22202
G1 X130.907 Y139.5 E1840.23913
G1 X137.245 Y139.5 E1840.4415
G1 X137.901 Y139.604 E1840.46271
G1 X138.526 Y139.795 E1840.48357
G1 X139.075 Y140.081 E1840.50334
G1 X139.594 Y140.45 E1840.52367
G1 X140.106 Y140.968 E1840.54693
G1 X140.413 Y141.408 E1840.56406
G1 X140.662 Y141.897 E1840.58158
G1 X140.829 Y142.35 E1840.597
G1 X140.905 Y142.7 E1840.60843
G1 X158.675 Y142.701 E1841.17582
G0 F1620 X159.066 Y142.701
G0 F9600 X159.422 Y143.1
G1 F1800 X159.474 Y142.761 E1841.18677
G1 X159.656 Y142.166 E1841.20664
G1 X159.913 Y141.643 E1841.22525
G1 X160.224 Y141.207 E1841.24235
G1 X160.484 Y140.925 E1841.2546
G1 X160.896 Y140.578 E1841.27179
G1 X161.301 Y140.324 E1841.28706
G1 X161.65 Y140.158 E1841.2994
G1 X162.148 Y140.001 E1841.31607
G1 X162.707 Y139.9 E1841.33421
G1 X169.114 Y139.9 E1841.53878
G1 X169.738 Y139.779 E1841.55908
G1 X170.095 Y139.631 E1841.57142
G1 X170.413 Y139.437 E1841.58331
G1 X170.693 Y139.195 E1841.59513
G1 X170.936 Y138.91 E1841.60709
G1 X171.131 Y138.59 E1841.61905
G1 X171.28 Y138.236 E1841.63132
G1 X171.4 Y137.617 E1841.65145
G1 X171.4 Y126.48 E1842.00705
G1 X171.448 Y126.101 E1842.01925
G1 X171.576 Y125.768 E1842.03064
G1 X171.819 Y125.421 E1842.04416
G1 X172.134 Y125.156 E1842.05731
G1 X172.298 Y125.066 E1842.06328
G1 X172.912 Y124.9 E1842.08359
G1 X174.46 Y124.899 E1842.13302
G1 X174.462 Y123.101 E1842.19043
G1 X125.536 Y123.1 E1843.75262
G1 X125.536 Y124.9 E1843.81009
G1 X127.075 Y124.904 E1843.85923
G1 X127.484 Y124.976 E1843.87249
G1 X127.728 Y125.076 E1843.88091
G1 X128.075 Y125.319 E1843.89444
G1 X128.34 Y125.634 E1843.90758
G1 X128.434 Y125.811 E1843.91398
G1 X128.596 Y126.338 E1843.93159
G1 X128.6 Y137.617 E1844.29172
G1 X128.718 Y138.239 E1844.31194
G1 X128.865 Y138.59 E1844.32409
G1 X129.06 Y138.91 E1844.33605
G1 X129.302 Y139.194 E1844.34797
G1 X129.587 Y139.437 E1844.35993
G1 X129.902 Y139.631 E1844.37174
G1 X130.258 Y139.779 E1844.38405
G1 X130.882 Y139.9 E1844.40434
G1 X137.214 Y139.9 E1844.60652
G1 X137.886 Y140.006 E1844.62824
G1 X138.422 Y140.192 E1844.64636
G1 X138.934 Y140.458 E1844.66478
G1 X139.371 Y140.793 E1844.68236
G1 X139.796 Y141.223 E1844.70167
G1 X140.084 Y141.641 E1844.71788
G1 X140.335 Y142.15 E1844.736
G1 X140.475 Y142.573 E1844.75022
G1 X140.57 Y143.1 E1844.76732
G1 X159.031 Y143.1 E1845.35678
G0 F1620 X159.422 Y143.1
G0 F9600 X159.181 Y142.815
G0 X159.438 Y142.03
G0 X160.003 Y141.082
G0 X160.64 Y140.47
G0 X165.674 Y137.419
G1 F1800 X165.124 Y137.5 E1845.37453
G1 X134.904 Y137.496 E1846.33944
G1 X134.315 Y137.418 E1846.35841
G1 X133.756 Y137.228 E1846.37727
G1 X133.258 Y136.938 E1846.39567
G1 X132.81 Y136.546 E1846.41467
G1 X132.448 Y136.072 E1846.43372
G1 X132.21 Y135.6 E1846.4506
G1 X132.045 Y135.024 E1846.46973
G1 X132 Y134.624 E1846.48258
G1 X132.004 Y128.404 E1846.68118
G1 X132.082 Y127.815 E1846.70015
G1 X132.268 Y127.263 E1846.71875
G1 X132.491 Y126.849 E1846.73377
G1 X132.809 Y126.45 E1846.75006
G1 X133.33 Y125.995 E1846.77214
G1 X133.896 Y125.709 E1846.79239
G1 X134.313 Y125.58 E1846.80633
G1 X134.784 Y125.5 E1846.82158
G1 X165.082 Y125.503 E1847.78899
G1 X165.69 Y125.581 E1847.80856
G1 X166.232 Y125.768 E1847.82687
G1 X166.573 Y125.948 E1847.83918
G1 X167.123 Y126.369 E1847.8613
G1 X167.519 Y126.871 E1847.88171
G1 X167.74 Y127.278 E1847.8965
G1 X167.919 Y127.822 E1847.91479
G1 X168 Y128.372 E1847.93254
G1 X167.996 Y134.592 E1848.13114
G1 X167.918 Y135.181 E1848.15011
G1 X167.791 Y135.6 E1848.16409
G1 X167.544 Y136.08 E1848.18133
G1 X167.125 Y136.625 E1848.20328
G1 X166.58 Y137.044 E1848.22523
G1 X166.1 Y137.291 E1848.24246
G1 X166.048 Y137.307 E1848.2442
G0 F1620 X165.674 Y137.419
G0 F9600 X165.966 Y136.914
G1 F1800 X165.478 Y137.054 E1848.26041
G1 X165.124 Y137.1 E1848.27181
G1 X134.944 Y137.098 E1849.23545
G1 X134.544 Y137.058 E1849.24828
G1 X133.999 Y136.906 E1849.26635
G1 X133.512 Y136.629 E1849.28424
G1 X133.119 Y136.292 E1849.30077
G1 X132.801 Y135.885 E1849.31726
G1 X132.586 Y135.466 E1849.3323
G1 X132.441 Y134.97 E1849.3488
G1 X132.4 Y134.624 E1849.35992
G1 X132.402 Y128.444 E1849.55725
G1 X132.442 Y128.044 E1849.57009
G1 X132.577 Y127.558 E1849.58619
G1 X132.827 Y127.066 E1849.60381
G1 X133.204 Y126.619 E1849.62248
G1 X133.611 Y126.301 E1849.63897
G1 X134.03 Y126.086 E1849.65401
G1 X134.526 Y125.941 E1849.67051
G1 X134.872 Y125.9 E1849.68164
G1 X165.046 Y125.902 E1850.64508
G1 X165.571 Y125.963 E1850.66196
G1 X166.045 Y126.121 E1850.67791
G1 X166.385 Y126.301 E1850.6902
G1 X166.792 Y126.619 E1850.70669
G1 X167.177 Y127.079 E1850.72584
G1 X167.383 Y127.459 E1850.73964
G1 X167.554 Y128.018 E1850.75831
G1 X167.6 Y128.372 E1850.76971
G1 X167.598 Y134.552 E1850.96703
G1 X167.558 Y134.952 E1850.97987
G1 X167.414 Y135.466 E1850.99691
G1 X167.132 Y135.981 E1851.01566
G1 X166.792 Y136.377 E1851.03232
G1 X166.39 Y136.692 E1851.04863
G1 X166.312 Y136.733 E1851.05145
G0 F1620 X165.966 Y136.914
G0 F9600 X165.832 Y136.537
G0 X165.832 Y136.537 Z6.19
;TYPE:WALL-OUTER
G1 F1800 X165.64 Y136.594 Z6.2 E1851.05782
G1 X165.446 Y136.652 E1851.06442
G1 X165.154 Y136.698 E1851.07405
G1 X134.984 Y136.7 E1852.05744
G1 X134.584 Y136.66 E1852.07055
G1 X134.174 Y136.54 E1852.08447
G1 X133.765 Y136.319 E1852.09962
G1 X133.429 Y136.039 E1852.11388
G1 X133.175 Y135.729 E1852.12694
G1 X132.96 Y135.323 E1852.14192
G1 X132.837 Y134.916 E1852.15578
G1 X132.801 Y134.652 E1852.16446
G1 X132.8 Y128.484 E1852.36551
G1 X132.84 Y128.084 E1852.37861
G1 X132.975 Y127.638 E1852.3938
G1 X133.163 Y127.283 E1852.40689
G1 X133.457 Y126.929 E1852.42189
G1 X133.798 Y126.655 E1852.43615
G1 X134.173 Y126.46 E1852.44993
G1 X134.58 Y126.337 E1852.46378
G1 X134.845 Y126.301 E1852.4725
G1 X165.01 Y126.3 E1853.45573
G1 X165.41 Y126.336 E1853.46882
G1 X165.858 Y126.475 E1853.48411
G1 X166.231 Y126.677 E1853.49793
G1 X166.567 Y126.957 E1853.51219
G1 X166.823 Y127.27 E1853.52537
G1 X167.027 Y127.641 E1853.53917
G1 X167.152 Y128.05 E1853.55311
G1 X167.198 Y128.342 E1853.56275
G1 X167.2 Y134.512 E1853.76386
G1 X167.152 Y134.95 E1853.77822
G1 X167.037 Y135.332 E1853.79122
G1 X166.819 Y135.731 E1853.80604
G1 X166.539 Y136.067 E1853.8203
G1 X166.2 Y136.34 E1853.83448
G1 X165.998 Y136.448 E1853.84195
G0 F1620 X165.832 Y136.537
G0 X165.64 Y136.594
G0 F9600 X165.446 Y136.652
G0 X165.154 Y136.698
G0 X164.852 Y136.698
G0 X164.852 Y137.41
G0 X160.565 Y141.057
G0 X160.048 Y141.715
G0 X159.531 Y143.219
G0 X159.803 Y143.5
G0 X159.803 Y143.5 Z6.19
G1 F1800 X159.808 Y143.3 Z6.2 E1853.84832
G1 X159.81 Y143.213 E1853.85115
G1 X159.877 Y142.791 E1853.86508
G1 X160.049 Y142.257 E1853.88337
G1 X160.256 Y141.849 E1853.89828
G1 X160.522 Y141.474 E1853.91327
G1 X160.745 Y141.228 E1853.92409
G1 X161.112 Y140.915 E1853.93981
G1 X161.476 Y140.684 E1853.95386
G1 X161.789 Y140.533 E1853.96519
G1 X162.193 Y140.401 E1853.97904
G1 X162.728 Y140.303 E1853.99677
G1 X169.139 Y140.3 E1854.20574
G1 X169.862 Y140.161 E1854.22973
G1 X170.277 Y139.989 E1854.24438
G1 X170.649 Y139.761 E1854.2586
G1 X170.977 Y139.478 E1854.27272
G1 X171.261 Y139.146 E1854.28696
G1 X171.489 Y138.772 E1854.30124
G1 X171.661 Y138.361 E1854.31576
G1 X171.766 Y137.928 E1854.33028
G1 X171.8 Y137.64 E1854.33973
G1 X171.801 Y126.471 E1854.70379
G1 X171.837 Y126.193 E1854.71292
G1 X171.974 Y125.872 E1854.7243
G1 X172.134 Y125.668 E1854.73275
G1 X172.432 Y125.443 E1854.74492
G1 X172.878 Y125.3 E1854.76019
G1 X174.86 Y125.299 E1854.82479
G1 X174.863 Y122.701 E1854.90947
G1 X125.136 Y122.7 E1856.53032
G1 X125.136 Y125.3 E1856.61507
G1 X127.025 Y125.301 E1856.67664
G1 X127.332 Y125.346 E1856.68675
G1 X127.624 Y125.474 E1856.69715
G1 X127.828 Y125.634 E1856.7056
G1 X128.054 Y125.937 E1856.71792
G1 X128.201 Y126.412 E1856.73412
G1 X128.2 Y137.64 E1857.1001
G1 X128.336 Y138.362 E1857.12405
G1 X128.507 Y138.772 E1857.13853
G1 X128.735 Y139.146 E1857.1528
G1 X129.018 Y139.478 E1857.16702
G1 X129.351 Y139.761 E1857.18127
G1 X129.72 Y139.989 E1857.19541
G1 X130.134 Y140.161 E1857.21002
G1 X130.857 Y140.3 E1857.23402
G1 X137.196 Y140.302 E1857.44064
G1 X137.776 Y140.394 E1857.45978
G1 X138.237 Y140.546 E1857.4756
G1 X138.732 Y140.807 E1857.49384
G1 X139.087 Y141.075 E1857.50834
G1 X139.496 Y141.492 E1857.52738
G1 X139.727 Y141.821 E1857.54048
G1 X139.947 Y142.257 E1857.5564
G1 X140.081 Y142.644 E1857.56975
G1 X140.185 Y143.22 E1857.58883
G1 X140.195 Y143.5 E1857.59796
G1 X159.615 Y143.5 E1858.23095
G0 F1620 X159.803 Y143.5
G0 X159.808 Y143.3
G0 F9600 X159.81 Y143.213
G0 X159.877 Y142.791
G0 X159.964 Y142.519
G0 X159.289 Y142.308
G0 X159.199 Y140.8
;TYPE:FILL
G1 F1800 X159.086 Y140.914 E1858.23608
G1 X159.447 Y140.914 E1858.2476
G1 X159.592 Y140.733 E1858.25501
G1 X156.766 Y137.907 E1858.38262
G1 X158.322 Y137.906 E1858.4323
G1 X155.798 Y140.43 E1858.54627
G1 X155.798 Y140.8 E1858.55809
G1 X159.199 Y140.8 E1858.66668
G1 X162.093 Y137.907 E1858.79734
G1 X160.538 Y137.908 E1858.84699
G1 X161.862 Y139.232 E1858.90677
G1 X162.636 Y139.092 E1858.93189
G1 X164.68 Y139.092 E1858.99715
G1 X166.036 Y137.735 E1859.05841
G1 X165.779 Y137.813 E1859.06698
G1 X165.25 Y137.908 E1859.08414
G1 X164.31 Y137.908 E1859.11416
G1 X165.494 Y139.092 E1859.16762
G1 X168.451 Y139.092 E1859.26204
G1 X170.592 Y136.952 E1859.35869
G1 X170.592 Y137.562 E1859.37817
G1 X170.507 Y137.991 E1859.39213
G1 X170.284 Y138.427 E1859.40777
G1 X169.927 Y138.787 E1859.42396
G1 X169.494 Y139.006 E1859.43945
G1 X169.231 Y139.057 E1859.44801
G1 X167.232 Y137.059 E1859.53825
G1 X167.498 Y136.809 E1859.5499
G1 X167.897 Y136.287 E1859.57088
G1 X168.176 Y135.742 E1859.59043
G1 X168.228 Y135.543 E1859.597
G1 X170.592 Y133.18 E1859.70372
G1 X170.592 Y136.647 E1859.81442
G1 X168.403 Y134.458 E1859.91327
G1 X168.406 Y131.594 E1860.00472
G1 X170.592 Y129.408 E1860.10343
G1 X170.592 Y132.875 E1860.21413
G1 X168.406 Y130.689 E1860.31284
G1 X168.408 Y128.36 E1860.3872
G1 X168.35 Y127.878 E1860.4027
G1 X170.909 Y125.319 E1860.51826
G1 X171.018 Y125.132 E1860.52517
G1 X171.418 Y124.687 E1860.54427
G1 X171.655 Y124.505 E1860.55381
G1 X172.015 Y124.309 E1860.5669
G1 X172.497 Y124.154 E1860.58307
G1 X172.895 Y124.092 E1860.59593
G1 X173.124 Y124.092 E1860.60324
G1 X172.941 Y123.909 E1860.6115
G1 X172.32 Y123.908 E1860.63133
G1 X171.804 Y124.425 E1860.65465
G0 F9600 X163.589 Y125.096
G1 F1800 X164.776 Y123.908 E1860.70828
G1 X165.398 Y123.909 E1860.72814
G1 X170.592 Y129.104 E1860.9627
G1 X170.592 Y126.451 E1861.04741
G1 X170.661 Y125.913 E1861.06473
G1 X170.8 Y125.54 E1861.07744
G1 X169.17 Y123.909 E1861.15106
G1 X168.548 Y123.908 E1861.17092
G1 X166.835 Y125.622 E1861.2483
G1 X166.199 Y125.313 E1861.27087
G1 X165.795 Y125.186 E1861.2844
G1 X165.114 Y125.096 E1861.30633
G1 X162.812 Y125.095 E1861.37983
G1 X161.626 Y123.909 E1861.43338
G1 X161.005 Y123.908 E1861.45321
G1 X159.817 Y125.096 E1861.50686
G1 X159.04 Y125.094 E1861.53167
G1 X157.855 Y123.909 E1861.58518
G1 X157.233 Y123.908 E1861.60504
G1 X156.046 Y125.095 E1861.65864
G1 X155.268 Y125.094 E1861.68348
G1 X154.083 Y123.909 E1861.73699
G1 X153.461 Y123.908 E1861.75685
G1 X152.275 Y125.094 E1861.8104
G1 X151.496 Y125.094 E1861.83528
G1 X150.311 Y123.909 E1861.88878
G1 X149.69 Y123.908 E1861.90861
G1 X148.504 Y125.094 E1861.96217
G1 X147.724 Y125.094 E1861.98707
G1 X146.539 Y123.908 E1862.0406
G1 X145.919 Y123.908 E1862.0604
G1 X144.733 Y125.094 E1862.11395
G1 X143.951 Y125.093 E1862.13892
G1 X142.767 Y123.908 E1862.19241
G1 X142.147 Y123.908 E1862.21221
G1 X140.961 Y125.094 E1862.26576
G1 X140.179 Y125.092 E1862.29073
G1 X138.995 Y123.908 E1862.34419
G1 X138.375 Y123.908 E1862.36399
G1 X137.19 Y125.093 E1862.4175
G1 X136.407 Y125.092 E1862.4425
G1 X135.224 Y123.908 E1862.49594
G1 X134.603 Y123.908 E1862.51577
G1 X129.409 Y129.102 E1862.75031
G1 X129.409 Y126.284 E1862.84029
G1 X129.197 Y125.543 E1862.8649
G1 X130.832 Y123.908 E1862.93872
G1 X131.452 Y123.908 E1862.95852
G1 X133.152 Y125.608 E1863.03529
G1 X132.503 Y126.18 E1863.06291
G1 X132.148 Y126.626 E1863.08111
G1 X131.9 Y127.087 E1863.09782
G1 X131.686 Y127.71 E1863.11886
G1 X131.662 Y127.89 E1863.12465
G1 X129.065 Y125.293 E1863.24192
G1 X128.809 Y124.918 E1863.25642
G1 X128.364 Y124.52 E1863.27548
G1 X128.189 Y124.418 E1863.28195
G1 X127.68 Y123.908 E1863.30496
G1 X127.06 Y123.908 E1863.32475
G1 X126.875 Y124.092 E1863.33309
G1 X126.344 Y124.092 E1863.35004
G1 X126.344 Y123.908 E1863.35592
G0 F9600 X128.313 Y125.187
G0 X131.595 Y131.595
G1 F1800 X129.408 Y129.408 E1863.45467
G1 X129.408 Y132.875 E1863.56537
G1 X131.595 Y130.687 E1863.66415
G1 X131.592 Y134.463 E1863.78471
G1 X129.408 Y136.646 E1863.88331
G1 X129.408 Y133.179 E1863.99401
G1 X131.77 Y135.542 E1864.10069
G1 X131.827 Y135.743 E1864.10736
G1 X132.152 Y136.395 E1864.13062
G1 X132.682 Y136.994 E1864.15616
G1 X132.768 Y137.059 E1864.1596
G1 X130.767 Y139.059 E1864.24994
G1 X130.497 Y139.005 E1864.25873
G1 X130.064 Y138.782 E1864.27428
G1 X129.716 Y138.435 E1864.28997
G1 X129.493 Y137.999 E1864.30561
G1 X129.408 Y137.566 E1864.3197
G1 X129.408 Y136.951 E1864.33933
G1 X131.549 Y139.092 E1864.43601
G1 X134.506 Y139.092 E1864.53043
G1 X135.694 Y137.904 E1864.58407
G1 X134.873 Y137.903 E1864.61029
G1 X134.448 Y137.86 E1864.62393
G1 X133.961 Y137.732 E1864.64001
G1 X135.32 Y139.092 E1864.70139
G1 X137.281 Y139.092 E1864.76401
G1 X137.98 Y139.203 E1864.78661
G1 X138.123 Y139.247 E1864.79138
G1 X139.466 Y137.904 E1864.85203
G1 X137.904 Y137.904 E1864.9019
G1 X140.8 Y140.8 E1865.03267
G0 F9600 X144.202 Y140.8
G1 F1800 X144.202 Y140.43 E1865.04449
G1 X141.677 Y137.905 E1865.1585
G1 X143.237 Y137.904 E1865.20831
G1 X140.428 Y140.714 E1865.33518
G1 X140.563 Y140.915 E1865.34291
G1 X140.914 Y140.914 E1865.35412
G1 X140.8 Y140.8 E1865.35926
G1 X144.202 Y140.8 E1865.46789
G1 X144.202 Y140.915 E1865.47156
G1 X144.484 Y140.914 E1865.48057
G1 X144.484 Y140.8 E1865.48421
G0 F9600 X147.973 Y140.8
G1 F1800 X147.973 Y140.429 E1865.49605
G1 X145.449 Y137.906 E1865.61
G1 X147.008 Y137.905 E1865.65978
G1 X144.484 Y140.429 E1865.77375
G1 X144.484 Y140.8 E1865.7856
G1 X147.973 Y140.8 E1865.897
G1 X147.973 Y140.915 E1865.90067
G1 X148.255 Y140.914 E1865.90968
G1 X148.255 Y140.8 E1865.91332
G0 F9600 X151.745 Y140.8
G1 F1800 X151.745 Y140.43 E1865.92513
G1 X149.221 Y137.906 E1866.0391
G1 X150.779 Y137.906 E1866.08885
G1 X148.255 Y140.43 E1866.20282
G1 X148.255 Y140.8 E1866.21464
G1 X151.745 Y140.8 E1866.32607
G1 X151.745 Y140.914 E1866.32971
G1 X152.027 Y140.914 E1866.33872
G1 X152.027 Y140.8 E1866.34236
G0 F9600 X155.516 Y140.8
G1 F1800 X155.516 Y140.43 E1866.35417
G1 X152.993 Y137.906 E1866.46812
G1 X154.551 Y137.906 E1866.51787
G1 X152.027 Y140.429 E1866.63182
G1 X152.027 Y140.8 E1866.64366
G1 X155.516 Y140.8 E1866.75506
G1 X155.516 Y140.914 E1866.7587
G1 X155.798 Y140.914 E1866.76771
G1 X155.798 Y140.8 E1866.77135
G0 F9600 X159.513 Y141.241
;TYPE:SKIN
G1 F1710 X159.355 Y141.083 E1866.77798
G0 F9600 X159.316 Y141.582
G1 F1710 X158.818 Y141.083 E1866.79892
G0 F9600 X158.28 Y141.083
G1 F1710 X159.139 Y141.942 E1866.83501
G0 F9600 X159.01 Y142.35
G1 F1710 X157.743 Y141.083 E1866.88822
G0 F9600 X157.205 Y141.083
G1 F1710 X158.661 Y142.539 E1866.94938
G0 F9600 X158.124 Y142.539
G1 F1710 X156.668 Y141.083 E1867.01054
G0 F9600 X156.131 Y141.083
G1 F1710 X157.587 Y142.539 E1867.0717
G0 F9600 X157.049 Y142.539
G1 F1710 X155.593 Y141.083 E1867.13286
G0 F9600 X155.056 Y141.083
G1 F1710 X156.512 Y142.539 E1867.19401
G0 F9600 X155.974 Y142.539
G1 F1710 X154.518 Y141.083 E1867.25517
G0 F9600 X153.981 Y141.083
G1 F1710 X155.437 Y142.539 E1867.31633
G0 F9600 X154.9 Y142.539
G1 F1710 X153.444 Y141.083 E1867.37749
G0 F9600 X152.906 Y141.083
G1 F1710 X154.362 Y142.539 E1867.43864
G0 F9600 X153.825 Y142.539
G1 F1710 X152.369 Y141.083 E1867.4998
G0 F9600 X151.831 Y141.083
G1 F1710 X153.287 Y142.539 E1867.56096
G0 F9600 X152.75 Y142.539
G1 F1710 X151.294 Y141.083 E1867.62212
G0 F9600 X150.757 Y141.083
G1 F1710 X152.213 Y142.539 E1867.68328
G0 F9600 X151.675 Y142.539
G1 F1710 X150.219 Y141.083 E1867.74443
G0 F9600 X149.682 Y141.083
G1 F1710 X151.138 Y142.539 E1867.80559
G0 F9600 X150.6 Y142.539
G1 F1710 X149.144 Y141.083 E1867.86675
G0 F9600 X148.607 Y141.083
G1 F1710 X150.063 Y142.539 E1867.92791
G0 F9600 X149.526 Y142.539
G1 F1710 X148.07 Y141.083 E1867.98906
G0 F9600 X147.532 Y141.083
G1 F1710 X148.988 Y142.539 E1868.05022
G0 F9600 X148.451 Y142.539
G1 F1710 X146.995 Y141.083 E1868.11138
G0 F9600 X146.457 Y141.083
G1 F1710 X147.913 Y142.539 E1868.17254
G0 F9600 X147.376 Y142.539
G1 F1710 X145.92 Y141.083 E1868.2337
G0 F9600 X145.383 Y141.083
G1 F1710 X146.839 Y142.539 E1868.29485
G0 F9600 X146.301 Y142.539
G1 F1710 X144.845 Y141.083 E1868.35601
G0 F9600 X144.308 Y141.083
G1 F1710 X145.764 Y142.539 E1868.41717
G0 F9600 X145.226 Y142.539
G1 F1710 X143.77 Y141.083 E1868.47833
G0 F9600 X143.233 Y141.083
G1 F1710 X144.689 Y142.539 E1868.53948
G0 F9600 X144.151 Y142.539
G1 F1710 X142.696 Y141.083 E1868.60062
G0 F9600 X142.158 Y141.083
G1 F1710 X143.614 Y142.539 E1868.66178
G0 F9600 X143.077 Y142.539
G1 F1710 X141.621 Y141.083 E1868.72294
G0 F9600 X141.083 Y141.083
G1 F1710 X142.539 Y142.539 E1868.7841
G0 F9600 X142.002 Y142.539
G1 F1710 X140.546 Y141.083 E1868.84525
G0 F9600 X140.842 Y141.916
G1 F1710 X141.464 Y142.539 E1868.8714
G0 F9600 X141.465 Y142.49
G1 F4200 E1867.8714
G1 F1500 Z6.5
G0 F9600 X141.465 Y142.49 Z6.5
G0 X181 Y124.5
;TYPE:WALL-INNER
G1 F1500 Z6.2
G1 F2100 E1868.8714
G1 F1800 X181 Y123.5 E1868.90333
G1 X178.936 Y123.5 E1868.96923
G1 X178.936 Y124.5 E1869.00116
G1 X181 Y124.5 E1869.06707
G0 F9600 X181.4 Y124.9
G1 F1800 X181.4 Y123.1 E1869.12454
G1 X178.536 Y123.1 E1869.21599
G1 X178.536 Y124.9 E1869.27346
G1 X181.4 Y124.9 E1869.36491
G0 F9600 X181.8 Y125.3
G0 X181.8 Y125.3 Z6.19
;TYPE:WALL-OUTER
G1 F1800 X181.8 Y125.1 Z6.2 E1869.37127
G1 X181.8 Y122.7 E1869.4495
G1 X178.136 Y122.7 E1869.56893
G1 X178.136 Y125.3 E1869.65367
G1 X181.8 Y125.3 E1869.7731
G1 X181.8 Y125.1 E1869.77946
G0 F9600 X181.8 Y124.3
G0 X181.09 Y124.3
G0 X180.592 Y124.092
G0 X180.592 Y124.017
;TYPE:FILL
G1 F1800 X180.592 Y124.092 E1869.78185
G1 X179.679 Y124.092 E1869.811
G1 X179.864 Y123.908 E1869.81933
G1 X180.592 Y123.908 E1869.84258
G1 X180.484 Y123.908 E1869.84603
G1 X180.592 Y124.017 E1869.85093
G1 F4200 E1868.85093
G1 F1500 Z6.5
;MESH:NONMESH
G0 F9600 X180.592 Y124.017 Z6.5
G0 X121.18 Y124.5
;TIME_ELAPSED:2357.445644
;LAYER:31
;MESH:LC-GR3005??????RFID?????????-WB.stl
G0 X121.18 Y124.5 Z6.7
;TYPE:WALL-INNER
G1 F1500 Z6.4
G1 F2100 E1869.85093
G1 F1800 X121.18 Y123.5 E1869.88286
G1 X119 Y123.5 E1869.95246
G1 X119 Y124.5 E1869.98439
G1 X121.18 Y124.5 E1870.054
G0 F9600 X121.58 Y124.9
G1 F1800 X121.58 Y123.1 E1870.11147
G1 X118.6 Y123.1 E1870.20662
G1 X118.6 Y124.9 E1870.2641
G1 X121.58 Y124.9 E1870.35925
G0 F9600 X121.98 Y125.3
G0 X121.98 Y125.3 Z6.39
;TYPE:WALL-OUTER
G1 F1800 X121.98 Y125.1 Z6.4 E1870.36561
G1 X121.98 Y122.7 E1870.44384
G1 X118.2 Y122.7 E1870.56705
G1 X118.2 Y125.3 E1870.6518
G1 X121.98 Y125.3 E1870.775
G1 X121.98 Y125.1 E1870.78136
G0 F9600 X121.98 Y124.3
G0 X121.27 Y124.3
G0 X120.772 Y123.908
;TYPE:FILL
G1 F1800 X119.517 Y123.908 E1870.82143
G1 X119.408 Y124.016 E1870.82633
G1 X119.408 Y124.092 E1870.82876
G1 X120.321 Y124.092 E1870.85791
G1 X120.136 Y123.908 E1870.86624
G1 F4200 E1869.86624
G1 F1500 Z6.7
G0 F9600 X120.136 Y123.908 Z6.7
G0 X159.189 Y142.344
;TYPE:WALL-INNER
G1 F1500 Z6.4
G1 F2100 E1870.86624
G1 F1800 X159.335 Y141.897 E1870.88126
G1 X159.535 Y141.5 E1870.89545
G1 X159.847 Y141.035 E1870.91333
G1 X160.208 Y140.634 E1870.93056
G1 X160.581 Y140.313 E1870.94627
G1 X161.08 Y139.983 E1870.96537
G1 X161.74 Y139.702 E1870.98828
G1 X162.217 Y139.577 E1871.00402
G1 X162.832 Y139.5 E1871.02381
G1 X169.089 Y139.5 E1871.2236
G1 X169.615 Y139.397 E1871.24071
G1 X169.913 Y139.273 E1871.25102
G1 X170.176 Y139.113 E1871.26085
G1 X170.408 Y138.912 E1871.27065
G1 X170.611 Y138.675 E1871.28061
G1 X170.774 Y138.408 E1871.2906
G1 X170.898 Y138.11 E1871.3009
G1 X171 Y137.594 E1871.3177
G1 X171 Y126.47 E1871.67289
G1 X171.058 Y126.009 E1871.68772
G1 X171.206 Y125.616 E1871.70113
G1 X171.345 Y125.378 E1871.70993
G1 X171.682 Y124.999 E1871.72612
G1 X171.89 Y124.839 E1871.7345
G1 X172.164 Y124.689 E1871.74448
G1 X172.606 Y124.547 E1871.7593
G1 X172.912 Y124.5 E1871.76918
G1 X174.18 Y124.5 E1871.80967
G1 X174.18 Y123.5 E1871.8416
G1 X125.819 Y123.5 E1873.38576
G1 X125.818 Y124.5 E1873.41768
G1 X127 Y124.5 E1873.45543
G1 X127.381 Y124.539 E1873.46765
G1 X127.88 Y124.706 E1873.48446
G1 X128.118 Y124.845 E1873.49326
G1 X128.497 Y125.182 E1873.50945
G1 X128.657 Y125.39 E1873.51783
G1 X128.814 Y125.686 E1873.52853
G1 X129.001 Y126.326 E1873.54982
G1 X129 Y137.594 E1873.9096
G1 X129.1 Y138.115 E1873.92654
G1 X129.222 Y138.408 E1873.93667
G1 X129.385 Y138.675 E1873.94666
G1 X129.586 Y138.91 E1873.95654
G1 X129.823 Y139.113 E1873.9665
G1 X130.085 Y139.274 E1873.97632
G1 X130.381 Y139.397 E1873.98655
G1 X130.907 Y139.5 E1874.00367
G1 X137.249 Y139.5 E1874.20617
G1 X137.905 Y139.604 E1874.22737
G1 X138.527 Y139.795 E1874.24815
G1 X139.166 Y140.128 E1874.27116
G1 X139.819 Y140.657 E1874.29799
G1 X140.27 Y141.2 E1874.32053
G1 X140.631 Y141.834 E1874.34382
G1 X140.814 Y142.344 E1874.36112
G1 X158.798 Y142.344 E1874.93535
G0 F1620 X159.189 Y142.344
G0 F9600 X159.491 Y142.744
G1 F1800 X159.65 Y142.184 E1874.95394
G1 X159.892 Y141.681 E1874.97176
G1 X160.175 Y141.264 E1874.98785
G1 X160.5 Y140.907 E1875.00326
G1 X160.837 Y140.621 E1875.01738
G1 X161.269 Y140.338 E1875.03387
G1 X161.874 Y140.078 E1875.05489
G1 X162.314 Y139.965 E1875.0694
G1 X162.832 Y139.9 E1875.08607
G1 X169.114 Y139.9 E1875.28665
G1 X169.738 Y139.779 E1875.30695
G1 X170.095 Y139.631 E1875.31928
G1 X170.413 Y139.437 E1875.33118
G1 X170.693 Y139.195 E1875.343
G1 X170.936 Y138.91 E1875.35495
G1 X171.131 Y138.59 E1875.36692
G1 X171.28 Y138.236 E1875.37918
G1 X171.4 Y137.617 E1875.39932
G1 X171.4 Y126.48 E1875.75492
G1 X171.448 Y126.101 E1875.76711
G1 X171.576 Y125.768 E1875.77851
G1 X171.819 Y125.421 E1875.79203
G1 X172.134 Y125.156 E1875.80518
G1 X172.298 Y125.066 E1875.81115
G1 X172.912 Y124.9 E1875.83146
G1 X174.58 Y124.9 E1875.88472
G1 X174.58 Y123.1 E1875.94219
G1 X125.42 Y123.1 E1877.51186
G1 X125.417 Y124.9 E1877.56933
G1 X127.075 Y124.904 E1877.62227
G1 X127.484 Y124.976 E1877.63553
G1 X127.728 Y125.076 E1877.64395
G1 X128.075 Y125.319 E1877.65747
G1 X128.34 Y125.634 E1877.67062
G1 X128.434 Y125.811 E1877.67702
G1 X128.596 Y126.338 E1877.69462
G1 X128.6 Y137.617 E1878.05476
G1 X128.718 Y138.239 E1878.07497
G1 X128.865 Y138.59 E1878.08712
G1 X129.06 Y138.91 E1878.09909
G1 X129.302 Y139.194 E1878.111
G1 X129.587 Y139.437 E1878.12296
G1 X129.902 Y139.631 E1878.13477
G1 X130.258 Y139.779 E1878.14708
G1 X130.882 Y139.9 E1878.16738
G1 X137.218 Y139.9 E1878.36968
G1 X137.893 Y140.007 E1878.39151
G1 X138.334 Y140.154 E1878.40635
G1 X138.939 Y140.46 E1878.428
G1 X139.541 Y140.947 E1878.45272
G1 X139.93 Y141.411 E1878.47205
G1 X140.314 Y142.087 E1878.49688
G1 X140.517 Y142.744 E1878.51883
G1 X159.1 Y142.744 E1879.11218
G0 F1620 X159.491 Y142.744
G0 F9600 X159.275 Y142.455
G0 X159.704 Y141.509
G0 X160.358 Y140.699
G0 X160.814 Y140.368
G0 X165.674 Y137.419
G1 F1800 X165.124 Y137.5 E1879.12993
G1 X134.904 Y137.496 E1880.09485
G1 X134.315 Y137.418 E1880.11382
G1 X133.756 Y137.228 E1880.13267
G1 X133.258 Y136.938 E1880.15107
G1 X132.81 Y136.546 E1880.17008
G1 X132.448 Y136.072 E1880.18912
G1 X132.21 Y135.6 E1880.206
G1 X132.045 Y135.024 E1880.22513
G1 X132 Y134.624 E1880.23799
G1 X132.004 Y128.404 E1880.43659
G1 X132.082 Y127.815 E1880.45556
G1 X132.268 Y127.263 E1880.47416
G1 X132.491 Y126.849 E1880.48917
G1 X132.809 Y126.45 E1880.50547
G1 X133.33 Y125.995 E1880.52755
G1 X133.896 Y125.709 E1880.5478
G1 X134.313 Y125.58 E1880.56174
G1 X134.784 Y125.5 E1880.57699
G1 X165.082 Y125.503 E1881.5444
G1 X165.69 Y125.581 E1881.56397
G1 X166.232 Y125.768 E1881.58228
G1 X166.573 Y125.948 E1881.59459
G1 X167.123 Y126.369 E1881.61671
G1 X167.519 Y126.871 E1881.63712
G1 X167.74 Y127.278 E1881.65191
G1 X167.919 Y127.822 E1881.67019
G1 X168 Y128.372 E1881.68795
G1 X167.996 Y134.592 E1881.88655
G1 X167.918 Y135.181 E1881.90552
G1 X167.791 Y135.6 E1881.9195
G1 X167.544 Y136.08 E1881.93673
G1 X167.125 Y136.625 E1881.95868
G1 X166.58 Y137.044 E1881.98063
G1 X166.1 Y137.291 E1881.99787
G1 X166.048 Y137.307 E1881.99961
G0 F1620 X165.674 Y137.419
G0 F9600 X165.966 Y136.914
G1 F1800 X165.478 Y137.054 E1882.01582
G1 X165.124 Y137.1 E1882.02722
G1 X134.944 Y137.098 E1882.99086
G1 X134.544 Y137.058 E1883.00369
G1 X133.999 Y136.906 E1883.02176
G1 X133.512 Y136.629 E1883.03965
G1 X133.119 Y136.292 E1883.05618
G1 X132.801 Y135.885 E1883.07267
G1 X132.586 Y135.466 E1883.08771
G1 X132.441 Y134.97 E1883.10421
G1 X132.4 Y134.624 E1883.11533
G1 X132.402 Y128.444 E1883.31266
G1 X132.442 Y128.044 E1883.32549
G1 X132.577 Y127.558 E1883.3416
G1 X132.827 Y127.066 E1883.35922
G1 X133.204 Y126.619 E1883.37789
G1 X133.611 Y126.301 E1883.39438
G1 X134.03 Y126.086 E1883.40942
G1 X134.526 Y125.941 E1883.42592
G1 X134.872 Y125.9 E1883.43704
G1 X165.046 Y125.902 E1884.40049
G1 X165.571 Y125.963 E1884.41737
G1 X166.045 Y126.121 E1884.43332
G1 X166.385 Y126.301 E1884.4456
G1 X166.792 Y126.619 E1884.4621
G1 X167.177 Y127.079 E1884.48125
G1 X167.383 Y127.459 E1884.49505
G1 X167.554 Y128.018 E1884.51372
G1 X167.6 Y128.372 E1884.52511
G1 X167.598 Y134.552 E1884.72244
G1 X167.558 Y134.952 E1884.73527
G1 X167.414 Y135.466 E1884.75232
G1 X167.132 Y135.981 E1884.77107
G1 X166.792 Y136.377 E1884.78773
G1 X166.39 Y136.692 E1884.80404
G1 X166.312 Y136.733 E1884.80685
G0 F1620 X165.966 Y136.914
G0 F9600 X165.832 Y136.537
G0 X165.832 Y136.537 Z6.39
;TYPE:WALL-OUTER
G1 F1800 X165.64 Y136.594 Z6.4 E1884.81323
G1 X165.446 Y136.652 E1884.81983
G1 X165.154 Y136.698 E1884.82946
G1 X134.984 Y136.7 E1885.81285
G1 X134.584 Y136.66 E1885.82595
G1 X134.174 Y136.54 E1885.83988
G1 X133.765 Y136.319 E1885.85503
G1 X133.429 Y136.039 E1885.86929
G1 X133.175 Y135.729 E1885.88235
G1 X132.96 Y135.323 E1885.89732
G1 X132.837 Y134.916 E1885.91118
G1 X132.801 Y134.652 E1885.91987
G1 X132.8 Y128.484 E1886.12091
G1 X132.84 Y128.084 E1886.13402
G1 X132.975 Y127.638 E1886.1492
G1 X133.163 Y127.283 E1886.1623
G1 X133.457 Y126.929 E1886.1773
G1 X133.798 Y126.655 E1886.19156
G1 X134.173 Y126.46 E1886.20533
G1 X134.58 Y126.337 E1886.21919
G1 X134.845 Y126.301 E1886.22791
G1 X165.01 Y126.3 E1887.21113
G1 X165.41 Y126.336 E1887.22422
G1 X165.858 Y126.475 E1887.23951
G1 X166.231 Y126.677 E1887.25334
G1 X166.567 Y126.957 E1887.2676
G1 X166.823 Y127.27 E1887.28078
G1 X167.027 Y127.641 E1887.29458
G1 X167.152 Y128.05 E1887.30852
G1 X167.198 Y128.342 E1887.31815
G1 X167.2 Y134.512 E1887.51926
G1 X167.152 Y134.95 E1887.53362
G1 X167.037 Y135.332 E1887.54663
G1 X166.819 Y135.731 E1887.56145
G1 X166.539 Y136.067 E1887.5757
G1 X166.2 Y136.34 E1887.58989
G1 X165.998 Y136.448 E1887.59736
G0 F1620 X165.832 Y136.537
G0 X165.64 Y136.594
G0 F9600 X165.446 Y136.652
G0 X165.154 Y136.698
G0 X164.852 Y136.698
G0 X164.852 Y137.41
G0 X160.358 Y140.699
G0 X159.769 Y141.428
G0 X159.275 Y142.455
G0 X159.843 Y142.969
G0 X159.843 Y142.969 Z6.39
G1 F1800 X159.899 Y142.777 Z6.4 E1887.60372
G1 X160.049 Y142.257 E1887.62136
G1 X160.249 Y141.861 E1887.63582
G1 X160.503 Y141.493 E1887.6504
G1 X160.793 Y141.179 E1887.66433
G1 X161.111 Y140.915 E1887.6778
G1 X161.476 Y140.684 E1887.69188
G1 X162.027 Y140.449 E1887.71141
G1 X162.411 Y140.353 E1887.72431
G1 X162.806 Y140.301 E1887.73729
G1 X169.139 Y140.3 E1887.94372
G1 X169.862 Y140.161 E1887.96771
G1 X170.277 Y139.989 E1887.98236
G1 X170.649 Y139.761 E1887.99658
G1 X170.977 Y139.478 E1888.0107
G1 X171.261 Y139.146 E1888.02494
G1 X171.489 Y138.772 E1888.03922
G1 X171.661 Y138.361 E1888.05374
G1 X171.766 Y137.928 E1888.06826
G1 X171.8 Y137.64 E1888.07771
G1 X171.801 Y126.471 E1888.44177
G1 X171.837 Y126.193 E1888.4509
G1 X171.974 Y125.872 E1888.46228
G1 X172.134 Y125.668 E1888.47073
G1 X172.432 Y125.443 E1888.4829
G1 X172.878 Y125.3 E1888.49817
G1 X174.98 Y125.3 E1888.56668
G1 X174.98 Y122.7 E1888.65143
G1 X125.02 Y122.7 E1890.27987
G1 X125.017 Y125.3 E1890.36462
G1 X127.025 Y125.301 E1890.43007
G1 X127.332 Y125.346 E1890.44018
G1 X127.624 Y125.474 E1890.45058
G1 X127.828 Y125.634 E1890.45903
G1 X128.054 Y125.937 E1890.47135
G1 X128.201 Y126.412 E1890.48755
G1 X128.2 Y137.64 E1890.85353
G1 X128.336 Y138.362 E1890.87748
G1 X128.507 Y138.772 E1890.89196
G1 X128.735 Y139.146 E1890.90623
G1 X129.018 Y139.478 E1890.92045
G1 X129.351 Y139.761 E1890.9347
G1 X129.72 Y139.989 E1890.94884
G1 X130.134 Y140.161 E1890.96345
G1 X130.857 Y140.3 E1890.98745
G1 X137.2 Y140.302 E1891.1942
G1 X137.812 Y140.402 E1891.21441
G1 X138.237 Y140.546 E1891.22904
G1 X138.738 Y140.812 E1891.24752
G1 X139.268 Y141.245 E1891.26983
G1 X139.595 Y141.629 E1891.28627
G1 X139.935 Y142.229 E1891.30875
G1 X140.135 Y142.862 E1891.33039
G1 X140.172 Y143.144 E1891.33966
G1 X159.811 Y143.144 E1891.97979
G0 F1620 X159.823 Y143.144
G0 X159.843 Y142.969
G0 X159.899 Y142.777
G0 F9600 X160.049 Y142.257
G0 X160.165 Y142.026
G1 F4200 E1890.97979
G0 F9600 X159.536 Y141.705
G0 X162.47 Y137.35
G0 X165.187 Y137.349
G0 X166.092 Y137.136
G0 X166.585 Y136.873
G0 X167.017 Y136.517
G0 X167.373 Y136.085
G0 X167.636 Y135.592
G0 X167.799 Y135.056
G0 X167.849 Y134.54
G0 X167.849 Y128.313
G0 X167.636 Y127.408
G0 X167.373 Y126.915
G0 X167.017 Y126.483
G0 X166.585 Y126.127
G0 X166.092 Y125.864
G0 X162.812 Y125.095
;TYPE:FILL
G1 F2100 E1891.97979
G1 F1800 X161.626 Y123.908 E1892.03337
G1 X164.777 Y123.908 E1892.13398
G1 X163.589 Y125.096 E1892.18762
G1 X159.817 Y125.096 E1892.30806
G1 X161.005 Y123.908 E1892.36171
G1 X157.854 Y123.908 E1892.46232
G1 X159.04 Y125.094 E1892.51587
G1 X156.046 Y125.095 E1892.61147
G1 X157.234 Y123.908 E1892.66509
G1 X154.082 Y123.908 E1892.76573
G1 X155.268 Y125.094 E1892.81929
G1 X152.275 Y125.094 E1892.91485
G1 X153.462 Y123.908 E1892.96843
G1 X150.31 Y123.908 E1893.06907
G1 X151.496 Y125.094 E1893.12263
G1 X148.504 Y125.094 E1893.21816
G1 X149.69 Y123.908 E1893.27172
G1 X146.539 Y123.908 E1893.37233
G1 X147.724 Y125.094 E1893.42586
G1 X144.733 Y125.094 E1893.52136
G1 X145.919 Y123.908 E1893.57491
G1 X142.767 Y123.908 E1893.67556
G1 X143.951 Y125.093 E1893.72904
G1 X140.961 Y125.094 E1893.82451
G1 X142.147 Y123.908 E1893.87807
G1 X138.995 Y123.908 E1893.97871
G1 X140.179 Y125.092 E1894.03217
G1 X137.19 Y125.093 E1894.12761
G1 X138.375 Y123.908 E1894.18112
G1 X135.224 Y123.908 E1894.28173
G1 X136.407 Y125.092 E1894.33517
G1 X134.861 Y125.092 E1894.38454
G0 F9600 X127.68 Y123.908
G1 F1800 X128.189 Y124.418 E1894.40754
G1 X128.042 Y124.331 E1894.413
G1 X127.45 Y124.136 E1894.4329
G1 X126.875 Y124.092 E1894.45131
G1 X127.06 Y123.908 E1894.45964
G1 X130.832 Y123.908 E1894.58008
G1 X129.105 Y125.333 E1894.65157
G1 X131.662 Y127.89 E1894.76704
G1 X131.686 Y127.71 E1894.77283
G1 X131.9 Y127.087 E1894.79387
G1 X132.148 Y126.626 E1894.81058
G1 X132.503 Y126.18 E1894.82878
G1 X133.152 Y125.608 E1894.85641
G1 X131.452 Y123.908 E1894.93317
G1 X134.603 Y123.908 E1895.03378
G1 X129.409 Y129.102 E1895.26832
G1 X129.408 Y129.408 E1895.27809
G1 X131 Y131 E1895.34998
G1 X131.595 Y131 E1895.36897
G1 X131.595 Y131.282 E1895.37798
G1 X131 Y131.282 E1895.39698
G1 X129.408 Y132.875 E1895.46889
G1 X129.408 Y133.179 E1895.47859
G1 X131.77 Y135.542 E1895.58527
G1 X131.641 Y135.09 E1895.60028
G1 X131.592 Y134.463 E1895.62036
G1 X129.408 Y136.646 E1895.71896
G1 X129.408 Y136.951 E1895.7287
G1 X131.549 Y139.092 E1895.82538
G1 X130.941 Y139.092 E1895.84479
G1 X130.767 Y139.059 E1895.85044
G1 X132.768 Y137.059 E1895.94078
G1 X133.21 Y137.398 E1895.95856
G1 X133.813 Y137.694 E1895.98001
G1 X133.961 Y137.732 E1895.98489
G1 X134.772 Y138.544 E1896.02153
G1 X134.772 Y139.092 E1896.03903
G1 X135.054 Y139.092 E1896.04804
G1 X135.054 Y138.544 E1896.06553
G1 X135.694 Y137.904 E1896.09443
G1 X137.904 Y137.904 E1896.165
G1 X140.558 Y140.558 E1896.28484
G1 X140.268 Y140.558 E1896.2941
G1 X140.112 Y140.369 E1896.30192
G1 X139.386 Y139.783 E1896.33171
G1 X138.677 Y139.415 E1896.35722
G1 X138.123 Y139.246 E1896.37571
G1 X139.466 Y137.904 E1896.43634
G1 X141.677 Y137.905 E1896.50693
G1 X144.33 Y140.558 E1896.62673
G1 X140.583 Y140.558 E1896.74637
G1 X143.237 Y137.904 E1896.86621
G1 X145.449 Y137.906 E1896.93684
G1 X148.101 Y140.558 E1897.05659
G1 X144.355 Y140.558 E1897.1762
G1 X147.008 Y137.905 E1897.296
G1 X149.221 Y137.906 E1897.36666
G1 X151.873 Y140.558 E1897.48641
G1 X148.127 Y140.558 E1897.60602
G1 X150.779 Y137.906 E1897.72577
G1 X152.993 Y137.906 E1897.79647
G1 X155.645 Y140.558 E1897.91622
G1 X151.899 Y140.558 E1898.03583
G1 X154.551 Y137.906 E1898.15558
G1 X156.766 Y137.907 E1898.2263
G1 X159.417 Y140.558 E1898.34601
G1 X155.67 Y140.558 E1898.46565
G1 X158.322 Y137.906 E1898.5854
G1 X160.538 Y137.908 E1898.65616
G1 X161.874 Y139.244 E1898.71649
G1 X161.606 Y139.315 E1898.72534
G1 X160.882 Y139.625 E1898.75049
G1 X160.328 Y139.993 E1898.77172
G1 X159.914 Y140.349 E1898.78916
G1 X159.728 Y140.558 E1898.79809
G1 X159.442 Y140.558 E1898.80722
G1 X162.093 Y137.907 E1898.92693
G1 X164.31 Y137.908 E1898.99772
G1 X164.946 Y138.544 E1899.02644
G1 X164.946 Y139.092 E1899.04393
G1 X165.228 Y139.092 E1899.05294
G1 X165.228 Y138.544 E1899.07044
G1 X166.036 Y137.735 E1899.10694
G1 X166.245 Y137.673 E1899.1139
G1 X166.787 Y137.397 E1899.13333
G1 X167.232 Y137.059 E1899.15117
G1 X169.231 Y139.057 E1899.24141
G1 X169.055 Y139.092 E1899.24714
G1 X168.451 Y139.092 E1899.26643
G1 X170.592 Y136.952 E1899.36308
G1 X170.592 Y136.647 E1899.37282
G1 X168.403 Y134.458 E1899.47167
G1 X168.36 Y135.049 E1899.49059
G1 X168.228 Y135.543 E1899.50691
G1 X170.592 Y133.18 E1899.61364
G1 X170.592 Y132.875 E1899.62338
G1 X169 Y131.283 E1899.69526
G1 X168.406 Y131.283 E1899.71423
G1 X168.406 Y131.001 E1899.72323
G1 X168.999 Y131.001 E1899.74217
G1 X170.592 Y129.408 E1899.8141
G1 X170.592 Y129.104 E1899.82381
G1 X165.397 Y123.908 E1900.05841
G1 X168.549 Y123.908 E1900.15906
G1 X166.825 Y125.632 E1900.2369
G1 X167.409 Y126.073 E1900.26027
G1 X167.864 Y126.653 E1900.28381
G1 X168.161 Y127.198 E1900.30363
G1 X168.35 Y127.878 E1900.32616
G1 X170.909 Y125.319 E1900.44171
G1 X170.8 Y125.54 E1900.44958
G1 X169.169 Y123.908 E1900.52325
G1 X172.321 Y123.908 E1900.62389
G1 X171.804 Y124.425 E1900.64724
G1 X172.015 Y124.309 E1900.65493
G1 X172.497 Y124.154 E1900.67109
G1 X172.896 Y124.092 E1900.68399
G1 X173.124 Y124.092 E1900.69127
G1 X172.941 Y123.908 E1900.69955
G1 X173.772 Y123.908 E1900.72609
G1 F4200 E1899.72609
G0 F9600 X172.072 Y124.893
G0 X167.835 Y131.136
G0 X167.849 Y134.54
G0 X167.799 Y135.056
G0 X167.636 Y135.592
G0 X167.373 Y136.085
G0 X167.017 Y136.517
G0 X166.585 Y136.873
G0 X166.092 Y137.136
G0 X165.187 Y137.349
G0 X163.798 Y137.345
G0 X158.762 Y142.183
;TYPE:SKIN
G1 F2100 E1900.72609
G1 F1710 X159.262 Y141.682 E1900.74711
G0 F9600 X159.143 Y140.727
G1 F1710 X157.687 Y142.183 E1900.80827
G0 F9600 X158.224 Y142.183
G1 F1710 X159.68 Y140.727 E1900.86943
G0 F9600 X158.605 Y140.727
G1 F1710 X157.15 Y142.183 E1900.93056
G0 F9600 X156.612 Y142.183
G1 F1710 X158.068 Y140.727 E1900.99172
G0 F9600 X157.531 Y140.727
G1 F1710 X156.075 Y142.183 E1901.05288
G0 F9600 X155.537 Y142.183
G1 F1710 X156.993 Y140.727 E1901.11404
G0 F9600 X156.456 Y140.727
G1 F1710 X155 Y142.183 E1901.17519
G0 F9600 X154.463 Y142.183
G1 F1710 X155.918 Y140.727 E1901.23633
G0 F9600 X155.381 Y140.727
G1 F1710 X153.925 Y142.183 E1901.29749
G0 F9600 X153.388 Y142.183
G1 F1710 X154.844 Y140.727 E1901.35865
G0 F9600 X154.306 Y140.727
G1 F1710 X152.85 Y142.183 E1901.4198
G0 F9600 X152.313 Y142.183
G1 F1710 X153.769 Y140.727 E1901.48096
G0 F9600 X153.231 Y140.727
G1 F1710 X151.776 Y142.183 E1901.5421
G0 F9600 X151.238 Y142.183
G1 F1710 X152.694 Y140.727 E1901.60326
G0 F9600 X152.157 Y140.727
G1 F1710 X150.701 Y142.183 E1901.66441
G0 F9600 X150.163 Y142.183
G1 F1710 X151.619 Y140.727 E1901.72557
G0 F9600 X151.082 Y140.727
G1 F1710 X149.626 Y142.183 E1901.78673
G0 F9600 X149.089 Y142.183
G1 F1710 X150.544 Y140.727 E1901.84787
G0 F9600 X150.007 Y140.727
G1 F1710 X148.551 Y142.183 E1901.90902
G0 F9600 X148.014 Y142.183
G1 F1710 X149.47 Y140.727 E1901.97018
G0 F9600 X148.932 Y140.727
G1 F1710 X147.476 Y142.183 E1902.03134
G0 F9600 X146.939 Y142.183
G1 F1710 X148.395 Y140.727 E1902.0925
G0 F9600 X147.857 Y140.727
G1 F1710 X146.402 Y142.183 E1902.15363
G0 F9600 X145.864 Y142.183
G1 F1710 X147.32 Y140.727 E1902.21479
G0 F9600 X146.783 Y140.727
G1 F1710 X145.327 Y142.183 E1902.27595
G0 F9600 X144.789 Y142.183
G1 F1710 X146.245 Y140.727 E1902.33711
G0 F9600 X145.708 Y140.727
G1 F1710 X144.252 Y142.183 E1902.39827
G0 F9600 X143.715 Y142.183
G1 F1710 X145.17 Y140.727 E1902.4594
G0 F9600 X144.633 Y140.727
G1 F1710 X143.177 Y142.183 E1902.52056
G0 F9600 X142.64 Y142.183
G1 F1710 X144.096 Y140.727 E1902.58172
G0 F9600 X143.558 Y140.727
G1 F1710 X142.102 Y142.183 E1902.64288
G0 F9600 X141.565 Y142.183
G1 F1710 X143.021 Y140.727 E1902.70403
G0 F9600 X142.483 Y140.727
G1 F1710 X141.027 Y142.183 E1902.76519
G0 F9600 X140.812 Y141.861
G1 F1710 X141.946 Y140.727 E1902.81282
G0 F9600 X141.409 Y140.727
G1 F1710 X140.629 Y141.506 E1902.84557
G0 F9600 X140.434 Y141.164
G1 F1710 X140.871 Y140.727 E1902.86392
G0 F9600 X140.334 Y140.727
G1 F1710 X140.199 Y140.862 E1902.86959
G0 F9600 X140.242 Y140.827
G1 F4200 E1901.86959
G1 F1500 Z6.7
G0 F9600 X140.243 Y140.828 Z6.7
G0 X181 Y124.5
;TYPE:WALL-INNER
G1 F1500 Z6.4
G1 F2100 E1902.86959
G1 F1800 X181 Y123.5 E1902.90152
G1 X178.82 Y123.5 E1902.97113
G1 X178.82 Y124.5 E1903.00306
G1 X181 Y124.5 E1903.07267
G0 F9600 X181.4 Y124.9
G1 F1800 X181.4 Y123.1 E1903.13014
G1 X178.42 Y123.1 E1903.22529
G1 X178.42 Y124.9 E1903.28276
G1 X181.4 Y124.9 E1903.37791
G0 F9600 X181.8 Y125.3
G0 X181.8 Y125.3 Z6.39
;TYPE:WALL-OUTER
G1 F1800 X181.8 Y125.1 Z6.4 E1903.38428
G1 X181.8 Y122.7 E1903.46251
G1 X178.02 Y122.7 E1903.58571
G1 X178.02 Y125.3 E1903.67046
G1 X181.8 Y125.3 E1903.79367
G1 X181.8 Y125.1 E1903.80003
G0 F9600 X181.8 Y124.3
G0 X181.09 Y124.3
G0 X180.592 Y124.092
G0 X180.592 Y124.017
;TYPE:FILL
G1 F1800 X180.592 Y124.092 E1903.80242
G1 X179.679 Y124.092 E1903.83157
G1 X179.864 Y123.908 E1903.8399
G1 X180.592 Y123.908 E1903.86315
G1 X180.484 Y123.908 E1903.8666
G1 X180.592 Y124.017 E1903.8715
G1 F4200 E1902.8715
G1 F1500 Z6.7
;MESH:NONMESH
G0 F9600 X180.592 Y124.017 Z6.7
G0 X121.336 Y124.497
;TIME_ELAPSED:2397.769851
;LAYER:32
;MESH:LC-GR3005??????RFID?????????-WB.stl
G0 X121.336 Y124.497 Z6.9
;TYPE:WALL-INNER
G1 F1500 Z6.6
G1 F2100 E1903.8715
G1 F1800 X121.336 Y123.5 E1903.90333
G1 X119 Y123.5 E1903.97792
G1 X119 Y124.499 E1904.00982
G1 X121.336 Y124.497 E1904.0844
G0 F9600 X121.736 Y124.896
G1 F1800 X121.736 Y123.1 E1904.14175
G1 X118.6 Y123.1 E1904.24188
G1 X118.6 Y124.899 E1904.29932
G1 X121.736 Y124.896 E1904.39945
G0 F9600 X122.136 Y125.296
G0 X122.136 Y125.296 Z6.59
;TYPE:WALL-OUTER
G1 F1800 X122.136 Y125.096 Z6.6 E1904.40582
G1 X122.136 Y122.7 E1904.48392
G1 X118.2 Y122.7 E1904.61221
G1 X118.2 Y125.299 E1904.69692
G1 X122.136 Y125.296 E1904.82522
G1 X122.136 Y125.096 E1904.83157
G0 F9600 X122.136 Y124.296
G0 X121.429 Y124.296
G0 X120.928 Y123.908
;TYPE:FILL
G1 F1800 X119.517 Y123.908 E1904.87663
G1 X119.408 Y124.016 E1904.88153
G1 X119.408 Y124.091 E1904.88392
G1 X120.318 Y124.089 E1904.91298
G1 X120.136 Y123.908 E1904.92117
G1 F4200 E1903.92117
G1 F1500 Z6.9
G0 F9600 X120.136 Y123.908 Z6.9
G0 X159.308 Y141.988
;TYPE:WALL-INNER
G1 F1500 Z6.6
G1 F2100 E1904.92117
G1 F1800 X159.471 Y141.616 E1904.93414
G1 X159.761 Y141.152 E1904.95161
G1 X160.236 Y140.6 E1904.97486
G1 X160.679 Y140.24 E1904.99309
G1 X161.019 Y140.023 E1905.00597
G1 X161.516 Y139.781 E1905.02362
G1 X162.073 Y139.608 E1905.04224
G1 X162.663 Y139.5 E1905.06139
G1 X169.089 Y139.5 E1905.26657
G1 X169.615 Y139.397 E1905.28369
G1 X169.913 Y139.273 E1905.29399
G1 X170.176 Y139.113 E1905.30382
G1 X170.408 Y138.912 E1905.31363
G1 X170.611 Y138.675 E1905.32359
G1 X170.774 Y138.408 E1905.33358
G1 X170.898 Y138.11 E1905.34388
G1 X170.996 Y137.607 E1905.36025
G1 X171 Y126.47 E1905.71585
G1 X171.058 Y126.009 E1905.73068
G1 X171.206 Y125.616 E1905.74409
G1 X171.345 Y125.378 E1905.75289
G1 X171.682 Y124.999 E1905.76909
G1 X171.89 Y124.839 E1905.77746
G1 X172.164 Y124.689 E1905.78744
G1 X172.606 Y124.547 E1905.80226
G1 X172.91 Y124.5 E1905.81208
G1 X174.336 Y124.497 E1905.85762
G1 X174.336 Y123.5 E1905.88945
G1 X125.66 Y123.5 E1907.44366
G1 X125.66 Y124.5 E1907.47559
G1 X127 Y124.5 E1907.51838
G1 X127.381 Y124.539 E1907.53061
G1 X127.88 Y124.706 E1907.54741
G1 X128.118 Y124.845 E1907.55621
G1 X128.497 Y125.182 E1907.5724
G1 X128.657 Y125.39 E1907.58078
G1 X128.814 Y125.686 E1907.59148
G1 X129.001 Y126.326 E1907.61277
G1 X129 Y137.594 E1907.97255
G1 X129.1 Y138.115 E1907.98949
G1 X129.222 Y138.408 E1907.99962
G1 X129.385 Y138.675 E1908.00961
G1 X129.586 Y138.91 E1908.01949
G1 X129.823 Y139.113 E1908.02945
G1 X130.085 Y139.274 E1908.03927
G1 X130.381 Y139.397 E1908.0495
G1 X130.895 Y139.496 E1908.06622
G1 X137.231 Y139.5 E1908.26852
G1 X137.836 Y139.589 E1908.28805
G1 X138.528 Y139.792 E1908.31108
G1 X139.152 Y140.13 E1908.33374
G1 X139.662 Y140.519 E1908.35422
G1 X140.054 Y140.923 E1908.37219
G1 X140.364 Y141.335 E1908.38865
G1 X140.715 Y141.988 E1908.41232
G1 X158.917 Y141.988 E1908.99351
G0 F1620 X159.308 Y141.988
G0 F9600 X159.579 Y142.388
G1 F1800 X159.79 Y141.86 E1909.01166
G1 X160.072 Y141.403 E1909.02881
G1 X160.514 Y140.89 E1909.05043
G1 X160.894 Y140.577 E1909.06615
G1 X161.293 Y140.328 E1909.08117
G1 X161.65 Y140.158 E1909.09379
G1 X162.144 Y140.001 E1909.11034
G1 X162.703 Y139.9 E1909.12848
G1 X169.114 Y139.9 E1909.33318
G1 X169.738 Y139.779 E1909.35348
G1 X170.095 Y139.631 E1909.36582
G1 X170.413 Y139.437 E1909.37771
G1 X170.693 Y139.195 E1909.38953
G1 X170.936 Y138.91 E1909.40149
G1 X171.131 Y138.59 E1909.41345
G1 X171.28 Y138.236 E1909.42572
G1 X171.396 Y137.628 E1909.44548
G1 X171.4 Y126.48 E1909.80143
G1 X171.448 Y126.101 E1909.81363
G1 X171.576 Y125.768 E1909.82502
G1 X171.819 Y125.421 E1909.83855
G1 X172.134 Y125.156 E1909.85169
G1 X172.298 Y125.066 E1909.85767
G1 X172.911 Y124.9 E1909.87794
G1 X174.736 Y124.896 E1909.93622
G1 X174.736 Y123.1 E1909.99356
G1 X125.26 Y123.1 E1911.57332
G1 X125.26 Y124.9 E1911.63079
G1 X127.075 Y124.904 E1911.68874
G1 X127.484 Y124.976 E1911.702
G1 X127.728 Y125.076 E1911.71042
G1 X128.075 Y125.319 E1911.72395
G1 X128.34 Y125.634 E1911.73709
G1 X128.434 Y125.811 E1911.74349
G1 X128.596 Y126.338 E1911.7611
G1 X128.6 Y137.617 E1912.12123
G1 X128.718 Y138.239 E1912.14145
G1 X128.865 Y138.59 E1912.1536
G1 X129.06 Y138.91 E1912.16556
G1 X129.302 Y139.194 E1912.17747
G1 X129.587 Y139.437 E1912.18943
G1 X129.902 Y139.631 E1912.20125
G1 X130.258 Y139.779 E1912.21356
G1 X130.872 Y139.896 E1912.23351
G1 X137.238 Y139.904 E1912.43678
G1 X137.722 Y139.972 E1912.45238
G1 X138.376 Y140.165 E1912.47416
G1 X138.917 Y140.454 E1912.49374
G1 X139.375 Y140.798 E1912.51203
G1 X139.823 Y141.269 E1912.53279
G1 X140.086 Y141.645 E1912.54744
G1 X140.302 Y142.065 E1912.56252
G1 X140.408 Y142.388 E1912.57337
G1 X159.188 Y142.388 E1913.17301
G0 F1620 X159.579 Y142.388
G0 F9600 X159.384 Y142.096
G0 X159.851 Y141.28
G0 X160.34 Y140.713
G0 X160.796 Y140.381
G0 X165.674 Y137.419
G1 F1800 X165.124 Y137.5 E1913.19076
G1 X134.904 Y137.496 E1914.15568
G1 X134.315 Y137.418 E1914.17465
G1 X133.756 Y137.228 E1914.1935
G1 X133.258 Y136.938 E1914.2119
G1 X132.809 Y136.546 E1914.23093
G1 X132.448 Y136.072 E1914.24996
G1 X132.21 Y135.6 E1914.26684
G1 X132.045 Y135.024 E1914.28597
G1 X132 Y134.624 E1914.29882
G1 X132.004 Y128.404 E1914.49742
G1 X132.082 Y127.815 E1914.51639
G1 X132.268 Y127.263 E1914.53499
G1 X132.491 Y126.849 E1914.55001
G1 X132.809 Y126.45 E1914.5663
G1 X133.33 Y125.995 E1914.58838
G1 X133.896 Y125.709 E1914.60863
G1 X134.313 Y125.58 E1914.62257
G1 X134.784 Y125.5 E1914.63782
G1 X165.082 Y125.503 E1915.60523
G1 X165.69 Y125.581 E1915.6248
G1 X166.232 Y125.768 E1915.64311
G1 X166.573 Y125.948 E1915.65542
G1 X167.123 Y126.369 E1915.67754
G1 X167.519 Y126.871 E1915.69795
G1 X167.74 Y127.277 E1915.71271
G1 X167.919 Y127.822 E1915.73103
G1 X168.001 Y128.283 E1915.74598
G1 X168.001 Y134.492 E1915.94423
G1 X167.956 Y134.992 E1915.96026
G1 X167.792 Y135.6 E1915.98037
G1 X167.544 Y136.08 E1915.99762
G1 X167.125 Y136.625 E1916.01957
G1 X166.58 Y137.044 E1916.04152
G1 X166.1 Y137.291 E1916.05876
G1 X166.048 Y137.307 E1916.06049
G0 F1620 X165.674 Y137.419
G0 F9600 X165.966 Y136.914
G1 F1800 X165.478 Y137.054 E1916.0767
G1 X165.124 Y137.1 E1916.0881
G1 X134.944 Y137.098 E1917.05174
G1 X134.43 Y137.035 E1917.06827
G1 X133.946 Y136.876 E1917.08454
G1 X133.511 Y136.629 E1917.10051
G1 X133.119 Y136.292 E1917.11702
G1 X132.801 Y135.885 E1917.13351
G1 X132.586 Y135.466 E1917.14855
G1 X132.441 Y134.97 E1917.16505
G1 X132.4 Y134.624 E1917.17617
G1 X132.402 Y128.444 E1917.3735
G1 X132.442 Y128.044 E1917.38633
G1 X132.577 Y127.558 E1917.40244
G1 X132.827 Y127.066 E1917.42006
G1 X133.204 Y126.619 E1917.43873
G1 X133.611 Y126.301 E1917.45522
G1 X134.03 Y126.086 E1917.47026
G1 X134.526 Y125.941 E1917.48676
G1 X134.872 Y125.9 E1917.49789
G1 X165.046 Y125.902 E1918.46133
G1 X165.571 Y125.963 E1918.47821
G1 X166.045 Y126.121 E1918.49416
G1 X166.385 Y126.301 E1918.50645
G1 X166.792 Y126.619 E1918.52294
G1 X167.177 Y127.079 E1918.54209
G1 X167.383 Y127.459 E1918.55589
G1 X167.536 Y127.936 E1918.57189
G1 X167.601 Y128.372 E1918.58596
G1 X167.601 Y134.492 E1918.78137
G1 X167.558 Y134.952 E1918.79612
G1 X167.415 Y135.466 E1918.81316
G1 X167.132 Y135.981 E1918.83192
G1 X166.792 Y136.377 E1918.84859
G1 X166.39 Y136.692 E1918.86489
G1 X166.312 Y136.733 E1918.86771
G0 F1620 X165.966 Y136.914
G0 F9600 X165.832 Y136.537
G0 X165.832 Y136.537 Z6.59
;TYPE:WALL-OUTER
G1 F1800 X165.64 Y136.594 Z6.6 E1918.87408
G1 X165.446 Y136.652 E1918.88068
G1 X165.154 Y136.698 E1918.89032
G1 X134.984 Y136.7 E1919.87371
G1 X134.584 Y136.66 E1919.88681
G1 X134.174 Y136.54 E1919.90073
G1 X133.765 Y136.319 E1919.91589
G1 X133.429 Y136.039 E1919.93014
G1 X133.175 Y135.729 E1919.94321
G1 X132.96 Y135.323 E1919.95818
G1 X132.837 Y134.916 E1919.97204
G1 X132.801 Y134.652 E1919.98072
G1 X132.8 Y128.484 E1920.18177
G1 X132.84 Y128.084 E1920.19487
G1 X132.975 Y127.638 E1920.21006
G1 X133.163 Y127.283 E1920.22315
G1 X133.457 Y126.929 E1920.23815
G1 X133.798 Y126.655 E1920.25241
G1 X134.173 Y126.46 E1920.26619
G1 X134.58 Y126.337 E1920.28005
G1 X134.845 Y126.301 E1920.28876
G1 X165.01 Y126.3 E1921.27199
G1 X165.41 Y126.336 E1921.28508
G1 X165.858 Y126.475 E1921.30037
G1 X166.231 Y126.677 E1921.3142
G1 X166.567 Y126.957 E1921.32845
G1 X166.823 Y127.27 E1921.34163
G1 X167.027 Y127.641 E1921.35543
G1 X167.152 Y128.05 E1921.36937
G1 X167.201 Y128.372 E1921.37999
G1 X167.201 Y134.492 E1921.57947
G1 X167.152 Y134.95 E1921.59448
G1 X167.037 Y135.332 E1921.60749
G1 X166.819 Y135.731 E1921.62231
G1 X166.539 Y136.067 E1921.63656
G1 X166.2 Y136.34 E1921.65075
G1 X165.998 Y136.448 E1921.65822
G0 F1620 X165.832 Y136.537
G0 X165.64 Y136.594
G0 F9600 X165.446 Y136.652
G0 X165.154 Y136.698
G0 X164.852 Y136.698
G0 X164.852 Y137.41
G0 X160.34 Y140.713
G0 X159.944 Y141.172
G0 X159.384 Y142.096
G0 X159.92 Y142.62
G0 X159.92 Y142.62 Z6.59
G1 F1800 X159.994 Y142.434 Z6.6 E1921.66459
G1 X160.156 Y142.028 E1921.67883
G1 X160.388 Y141.649 E1921.69332
G1 X160.784 Y141.189 E1921.7131
G1 X161.108 Y140.915 E1921.72693
G1 X161.468 Y140.688 E1921.74081
G1 X161.784 Y140.535 E1921.75225
G1 X162.216 Y140.395 E1921.76705
G1 X162.724 Y140.303 E1921.78388
G1 X169.139 Y140.3 E1921.99298
G1 X169.862 Y140.161 E1922.01697
G1 X170.277 Y139.989 E1922.03162
G1 X170.649 Y139.761 E1922.04584
G1 X170.977 Y139.478 E1922.05996
G1 X171.261 Y139.146 E1922.0742
G1 X171.489 Y138.772 E1922.08848
G1 X171.661 Y138.361 E1922.103
G1 X171.766 Y137.929 E1922.11749
G1 X171.796 Y137.649 E1922.12667
G1 X171.801 Y126.471 E1922.49101
G1 X171.837 Y126.193 E1922.50015
G1 X171.974 Y125.872 E1922.51153
G1 X172.134 Y125.668 E1922.51998
G1 X172.432 Y125.443 E1922.53215
G1 X172.911 Y125.3 E1922.54844
G1 X175.136 Y125.296 E1922.62097
G1 X175.136 Y122.7 E1922.70558
G1 X124.86 Y122.7 E1924.34433
G1 X124.86 Y125.3 E1924.42907
G1 X127.025 Y125.301 E1924.49964
G1 X127.332 Y125.346 E1924.50975
G1 X127.624 Y125.474 E1924.52015
G1 X127.828 Y125.634 E1924.5286
G1 X128.054 Y125.937 E1924.54092
G1 X128.201 Y126.412 E1924.55713
G1 X128.2 Y137.64 E1924.9231
G1 X128.336 Y138.362 E1924.94705
G1 X128.507 Y138.772 E1924.96153
G1 X128.735 Y139.146 E1924.97581
G1 X129.018 Y139.478 E1924.99003
G1 X129.351 Y139.761 E1925.00427
G1 X129.72 Y139.989 E1925.01841
G1 X130.134 Y140.161 E1925.03302
G1 X130.848 Y140.296 E1925.05671
G1 X137.189 Y140.301 E1925.26339
G1 X137.609 Y140.356 E1925.2772
G1 X138.241 Y140.546 E1925.29871
G1 X138.657 Y140.762 E1925.31399
G1 X139.088 Y141.076 E1925.33137
G1 X139.48 Y141.48 E1925.34972
G1 X139.715 Y141.803 E1925.36274
G1 X139.961 Y142.284 E1925.38034
G1 X140.107 Y142.788 E1925.39745
G1 X159.867 Y142.788 E1926.04152
G0 F1620 X159.883 Y142.788
G0 X159.92 Y142.62
G0 X159.994 Y142.434
G0 F9600 X160.156 Y142.028
G0 X160.345 Y141.719
G0 X159.737 Y141.354
G0 X156.227 Y140
;TYPE:FILL
G1 F1800 X156.025 Y140.203 E1926.05067
G1 X159.061 Y140.202 E1926.14761
G1 X156.766 Y137.907 E1926.25124
G1 X154.551 Y137.906 E1926.32196
G1 X152.254 Y140.203 E1926.42568
G1 X155.289 Y140.202 E1926.52259
G1 X155.087 Y140 E1926.53171
G1 X156.227 Y140 E1926.56811
G1 X158.322 Y137.906 E1926.66269
G1 X160.538 Y137.908 E1926.73345
G1 X161.873 Y139.243 E1926.79373
G1 X161.372 Y139.398 E1926.81047
G1 X160.811 Y139.672 E1926.83041
G1 X160.451 Y139.901 E1926.84403
G1 X160.078 Y140.202 E1926.85934
G1 X159.797 Y140.203 E1926.86831
G1 X162.093 Y137.907 E1926.97199
G1 X164.31 Y137.908 E1927.04277
G1 X164.946 Y138.544 E1927.07149
G1 X164.946 Y139.092 E1927.08899
G1 X165.228 Y139.092 E1927.09799
G1 X165.228 Y138.544 E1927.11549
G1 X166.036 Y137.735 E1927.152
G1 X166.245 Y137.673 E1927.15896
G1 X166.787 Y137.397 E1927.17838
G1 X167.232 Y137.059 E1927.19622
G1 X169.231 Y139.057 E1927.28647
G1 X169.055 Y139.092 E1927.2922
G1 X168.451 Y139.092 E1927.31148
G1 X170.588 Y136.955 E1927.40798
G1 X170.589 Y136.643 E1927.41794
G1 X168.409 Y134.463 E1927.51638
G1 X168.361 Y135.048 E1927.53512
G1 X168.231 Y135.541 E1927.5514
G1 X170.589 Y133.183 E1927.65788
G1 X170.59 Y132.873 E1927.66778
G1 X168.999 Y131.282 E1927.73962
G1 X168.409 Y131.283 E1927.75846
G1 X168.409 Y131 E1927.76749
G1 X169 Y131 E1927.78636
G1 X170.59 Y129.41 E1927.85816
G1 X170.591 Y129.102 E1927.868
G1 X165.397 Y123.908 E1928.10253
G1 X168.548 Y123.908 E1928.20314
G1 X166.825 Y125.632 E1928.28097
G1 X167.409 Y126.073 E1928.30434
G1 X167.864 Y126.653 E1928.32787
G1 X168.109 Y127.104 E1928.34426
G1 X168.313 Y127.713 E1928.36477
G1 X168.344 Y127.884 E1928.37032
G1 X170.909 Y125.319 E1928.48614
G1 X170.8 Y125.54 E1928.49401
G1 X169.169 Y123.908 E1928.56768
G1 X172.32 Y123.908 E1928.66829
G1 X171.804 Y124.425 E1928.69161
G1 X172.015 Y124.309 E1928.6993
G1 X172.497 Y124.154 E1928.71547
G1 X172.893 Y124.092 E1928.72827
G1 X173.123 Y124.091 E1928.73561
G1 X172.941 Y123.908 E1928.74385
G1 X173.928 Y123.908 E1928.77537
G1 F4200 E1927.77537
G0 F9600 X162.812 Y125.095
G1 F2100 E1928.77537
G1 F1800 X161.626 Y123.908 E1928.82894
G1 X164.776 Y123.908 E1928.92952
G1 X163.589 Y125.096 E1928.98314
G1 X159.817 Y125.096 E1929.10358
G1 X161.005 Y123.908 E1929.15723
G1 X157.854 Y123.908 E1929.25784
G1 X159.04 Y125.094 E1929.31139
G1 X156.046 Y125.095 E1929.40699
G1 X157.233 Y123.908 E1929.46059
G1 X154.082 Y123.908 E1929.5612
G1 X155.268 Y125.094 E1929.61475
G1 X152.275 Y125.094 E1929.71032
G1 X153.461 Y123.908 E1929.76387
G1 X150.31 Y123.908 E1929.86449
G1 X151.496 Y125.094 E1929.91804
G1 X148.504 Y125.094 E1930.01357
G1 X149.69 Y123.908 E1930.06713
G1 X146.539 Y123.908 E1930.16774
G1 X147.724 Y125.094 E1930.22127
G1 X144.733 Y125.094 E1930.31677
G1 X145.918 Y123.908 E1930.3703
G1 X142.767 Y123.908 E1930.47091
G1 X143.951 Y125.093 E1930.5244
G1 X140.961 Y125.094 E1930.61987
G1 X142.146 Y123.908 E1930.6734
G1 X138.995 Y123.908 E1930.77401
G1 X140.179 Y125.092 E1930.82748
G1 X137.19 Y125.093 E1930.92292
G1 X138.374 Y123.908 E1930.9764
G1 X135.224 Y123.908 E1931.07698
G1 X136.407 Y125.092 E1931.13042
G1 X134.861 Y125.092 E1931.17979
G0 F9600 X127.68 Y123.908
G1 F1800 X128.189 Y124.418 E1931.20279
G1 X128.042 Y124.331 E1931.20825
G1 X127.45 Y124.136 E1931.22815
G1 X126.875 Y124.092 E1931.24656
G1 X127.059 Y123.908 E1931.25487
G1 X130.831 Y123.908 E1931.37531
G1 X129.105 Y125.333 E1931.44677
G1 X131.662 Y127.89 E1931.56224
G1 X131.686 Y127.71 E1931.56804
G1 X131.9 Y127.087 E1931.58907
G1 X132.148 Y126.626 E1931.60578
G1 X132.503 Y126.18 E1931.62398
G1 X133.152 Y125.608 E1931.65161
G1 X131.452 Y123.908 E1931.72837
G1 X134.603 Y123.908 E1931.82898
G1 X129.409 Y129.102 E1932.06352
G1 X129.408 Y129.408 E1932.07329
G1 X131 Y131 E1932.14518
G1 X131.595 Y131 E1932.16417
G1 X131.595 Y131.282 E1932.17318
G1 X131 Y131.282 E1932.19218
G1 X129.408 Y132.875 E1932.26409
G1 X129.408 Y133.179 E1932.27379
G1 X131.77 Y135.542 E1932.38047
G1 X131.641 Y135.09 E1932.39548
G1 X131.592 Y134.463 E1932.41556
G1 X129.408 Y136.646 E1932.51416
G1 X129.408 Y136.951 E1932.5239
G1 X131.544 Y139.088 E1932.62037
G1 X130.927 Y139.088 E1932.64007
G1 X130.769 Y139.057 E1932.64521
G1 X132.773 Y137.054 E1932.73568
G1 X133.008 Y137.263 E1932.74573
G1 X133.566 Y137.59 E1932.76638
G1 X133.961 Y137.733 E1932.77979
G1 X134.772 Y138.544 E1932.81641
G1 X134.772 Y139.091 E1932.83388
G1 X135.054 Y139.091 E1932.84288
G1 X135.054 Y138.544 E1932.86035
G1 X135.694 Y137.904 E1932.88925
G1 X137.904 Y137.904 E1932.95981
G1 X140.203 Y140.203 E1933.06362
G1 X139.918 Y140.204 E1933.07272
G1 X139.383 Y139.793 E1933.09426
G1 X138.682 Y139.412 E1933.11974
G1 X138.122 Y139.248 E1933.13837
G1 X139.466 Y137.904 E1933.19906
G1 X141.677 Y137.905 E1933.26966
G1 X143.772 Y140 E1933.36426
G0 F9600 X144.913 Y140
G1 F1800 X144.709 Y140.204 E1933.37347
G1 X147.746 Y140.203 E1933.47044
G1 X145.449 Y137.906 E1933.57416
G1 X143.237 Y137.904 E1933.64479
G1 X140.938 Y140.204 E1933.74862
G1 X143.975 Y140.203 E1933.8456
G1 X143.772 Y140 E1933.85476
G1 X144.913 Y140 E1933.89119
G1 X147.008 Y137.905 E1933.98579
G1 X149.221 Y137.906 E1934.05645
G1 X151.517 Y140.202 E1934.16013
G1 X148.481 Y140.204 E1934.25707
G1 X150.779 Y137.906 E1934.36084
G1 X152.993 Y137.906 E1934.43153
G1 X155.087 Y140 E1934.52609
G0 F9600 X159.718 Y140.371
;TYPE:SKIN
G1 F1710 X159.988 Y140.641 E1934.53743
G0 F9600 X159.74 Y140.931
G1 F1710 X159.181 Y140.372 E1934.56091
G0 F9600 X158.644 Y140.372
G1 F1710 X159.515 Y141.243 E1934.59749
G0 F9600 X159.312 Y141.578
G1 F1710 X158.106 Y140.372 E1934.64815
G0 F9600 X157.569 Y140.372
G1 F1710 X159.023 Y141.827 E1934.70924
G0 F9600 X158.486 Y141.827
G1 F1710 X157.031 Y140.372 E1934.77036
G0 F9600 X156.494 Y140.372
G1 F1710 X157.949 Y141.827 E1934.83148
G0 F9600 X157.411 Y141.827
G1 F1710 X155.957 Y140.372 E1934.89257
G0 F9600 X155.419 Y140.372
G1 F1710 X156.874 Y141.827 E1934.95369
G0 F9600 X156.336 Y141.827
G1 F1710 X154.882 Y140.372 E1935.01478
G0 F9600 X154.345 Y140.373
G1 F1710 X155.799 Y141.827 E1935.07585
G0 F9600 X155.262 Y141.827
G1 F1710 X153.808 Y140.373 E1935.13693
G0 F9600 X153.27 Y140.373
G1 F1710 X154.724 Y141.827 E1935.198
G0 F9600 X154.187 Y141.827
G1 F1710 X152.733 Y140.373 E1935.25908
G0 F9600 X152.196 Y140.373
G1 F1710 X153.649 Y141.827 E1935.32013
G0 F9600 X153.112 Y141.827
G1 F1710 X151.658 Y140.373 E1935.3812
G0 F9600 X151.121 Y140.373
G1 F1710 X152.575 Y141.827 E1935.44228
G0 F9600 X152.037 Y141.827
G1 F1710 X150.583 Y140.373 E1935.50335
G0 F9600 X150.046 Y140.373
G1 F1710 X151.5 Y141.827 E1935.56442
G0 F9600 X150.962 Y141.827
G1 F1710 X149.509 Y140.373 E1935.62548
G0 F9600 X148.972 Y140.373
G1 F1710 X150.425 Y141.827 E1935.68653
G0 F9600 X149.888 Y141.827
G1 F1710 X148.434 Y140.373 E1935.7476
G0 F9600 X147.897 Y140.373
G1 F1710 X149.35 Y141.827 E1935.80866
G0 F9600 X148.813 Y141.827
G1 F1710 X147.36 Y140.373 E1935.86971
G0 F9600 X146.822 Y140.373
G1 F1710 X148.275 Y141.827 E1935.93076
G0 F9600 X147.738 Y141.827
G1 F1710 X146.285 Y140.373 E1935.99181
G0 F9600 X145.747 Y140.373
G1 F1710 X147.201 Y141.827 E1936.05289
G0 F9600 X146.663 Y141.827
G1 F1710 X145.21 Y140.373 E1936.11394
G0 F9600 X144.673 Y140.373
G1 F1710 X146.126 Y141.827 E1936.17499
G0 F9600 X145.588 Y141.827
G1 F1710 X144.135 Y140.373 E1936.23605
G0 F9600 X143.598 Y140.373
G1 F1710 X145.051 Y141.827 E1936.2971
G0 F9600 X144.514 Y141.827
G1 F1710 X143.06 Y140.373 E1936.35817
G0 F9600 X142.523 Y140.373
G1 F1710 X143.976 Y141.827 E1936.41923
G0 F9600 X143.439 Y141.827
G1 F1710 X141.986 Y140.373 E1936.48028
G0 F9600 X141.448 Y140.373
G1 F1710 X142.901 Y141.827 E1936.54133
G0 F9600 X142.364 Y141.827
G1 F1710 X140.911 Y140.373 E1936.60238
G0 F9600 X140.373 Y140.373
G1 F1710 X141.827 Y141.827 E1936.66346
G0 F9600 X141.289 Y141.827
G1 F1710 X139.939 Y140.476 E1936.72018
G1 F4200 E1935.72018
G1 F1500 Z6.9
G0 F9600 X139.939 Y140.476 Z6.9
G0 X181 Y124.5
;TYPE:WALL-INNER
G1 F1500 Z6.6
G1 F2100 E1936.72018
G1 F1800 X181 Y123.5 E1936.75211
G1 X178.66 Y123.5 E1936.82683
G1 X178.66 Y124.5 E1936.85876
G1 X181 Y124.5 E1936.93348
G0 F9600 X181.4 Y124.9
G1 F1800 X181.4 Y123.1 E1936.99095
G1 X178.26 Y123.1 E1937.09121
G1 X178.26 Y124.9 E1937.14868
G1 X181.4 Y124.9 E1937.24894
G0 F9600 X181.8 Y125.3
G0 X181.8 Y125.3 Z6.59
;TYPE:WALL-OUTER
G1 F1800 X181.8 Y125.1 Z6.6 E1937.25531
G1 X181.8 Y122.7 E1937.33353
G1 X177.86 Y122.7 E1937.46196
G1 X177.86 Y125.3 E1937.5467
G1 X181.8 Y125.3 E1937.67513
G1 X181.8 Y125.1 E1937.68148
G0 F9600 X181.8 Y124.3
G0 X181.09 Y124.3
G0 X180.592 Y124.092
G0 X180.592 Y124.017
;TYPE:FILL
G1 F1800 X180.592 Y124.092 E1937.68388
G1 X179.68 Y124.092 E1937.713
G1 X179.864 Y123.908 E1937.72131
G1 X180.592 Y123.908 E1937.74455
G1 X180.483 Y123.908 E1937.74803
G1 X180.592 Y124.017 E1937.75295
G1 F4200 E1936.75295
G1 F1500 Z6.9
;MESH:NONMESH
G0 F9600 X180.592 Y124.017 Z6.9
G0 X121.568 Y124.5
;TIME_ELAPSED:2437.565850
;LAYER:33
;MESH:LC-GR3005??????RFID?????????-WB.stl
G0 X121.568 Y124.5 Z7.1
;TYPE:WALL-INNER
G1 F1500 Z6.8
G1 F2100 E1937.75295
G1 F1800 X121.568 Y123.5 E1937.78488
G1 X119 Y123.5 E1937.86688
G1 X119 Y124.5 E1937.89881
G1 X121.568 Y124.5 E1937.9808
G0 F9600 X121.968 Y124.9
G1 F1800 X121.968 Y123.1 E1938.03828
G1 X118.6 Y123.1 E1938.14582
G1 X118.6 Y124.9 E1938.20329
G1 X121.968 Y124.9 E1938.31083
G0 F9600 X122.368 Y125.3
G0 X122.368 Y125.3 Z6.79
;TYPE:WALL-OUTER
G1 F1800 X122.368 Y125.1 Z6.8 E1938.31719
G1 X122.368 Y122.7 E1938.39542
G1 X118.2 Y122.7 E1938.53128
G1 X118.2 Y125.3 E1938.61602
G1 X122.368 Y125.3 E1938.75188
G1 X122.368 Y125.1 E1938.75824
G0 F9600 X122.368 Y124.3
G0 X121.66 Y124.3
G0 X121.16 Y123.908
;TYPE:FILL
G1 F1800 X119.517 Y123.908 E1938.8107
G1 X119.408 Y124.016 E1938.8156
G1 X119.408 Y124.092 E1938.81802
G1 X120.32 Y124.092 E1938.84714
G1 X120.136 Y123.908 E1938.85545
G1 F4200 E1937.85545
G1 F1500 Z7.1
G0 F9600 X120.136 Y123.908 Z7.1
G0 X159.463 Y141.632
;TYPE:WALL-INNER
G1 F1500 Z6.8
G1 F2100 E1938.85545
G1 F1800 X159.756 Y141.157 E1938.87327
G1 X160.12 Y140.723 E1938.89136
G1 X160.544 Y140.343 E1938.90954
G1 X161.071 Y139.985 E1938.92988
G1 X161.74 Y139.702 E1938.95307
G1 X162.198 Y139.579 E1938.96822
G1 X162.756 Y139.5 E1938.98621
G1 X169.089 Y139.5 E1939.18842
G1 X169.615 Y139.397 E1939.20553
G1 X169.913 Y139.273 E1939.21584
G1 X170.176 Y139.113 E1939.22567
G1 X170.408 Y138.912 E1939.23547
G1 X170.611 Y138.675 E1939.24544
G1 X170.774 Y138.408 E1939.25542
G1 X170.898 Y138.11 E1939.26573
G1 X170.996 Y137.607 E1939.28209
G1 X171 Y126.47 E1939.63769
G1 X171.058 Y126.009 E1939.65253
G1 X171.206 Y125.616 E1939.66594
G1 X171.345 Y125.378 E1939.67474
G1 X171.682 Y124.999 E1939.69093
G1 X171.89 Y124.839 E1939.69931
G1 X172.164 Y124.689 E1939.70928
G1 X172.606 Y124.547 E1939.72411
G1 X172.912 Y124.5 E1939.73399
G1 X174.568 Y124.5 E1939.78687
G1 X174.568 Y123.5 E1939.8188
G1 X125.428 Y123.5 E1941.38783
G1 X125.428 Y124.5 E1941.41976
G1 X127 Y124.5 E1941.46995
G1 X127.381 Y124.539 E1941.48218
G1 X127.88 Y124.706 E1941.49898
G1 X128.118 Y124.845 E1941.50778
G1 X128.497 Y125.182 E1941.52397
G1 X128.657 Y125.39 E1941.53235
G1 X128.814 Y125.686 E1941.54305
G1 X129.001 Y126.326 E1941.56434
G1 X129 Y137.594 E1941.92412
G1 X129.1 Y138.115 E1941.94106
G1 X129.222 Y138.408 E1941.9512
G1 X129.385 Y138.675 E1941.96119
G1 X129.586 Y138.91 E1941.97106
G1 X129.823 Y139.113 E1941.98102
G1 X130.085 Y139.274 E1941.99084
G1 X130.381 Y139.397 E1942.00108
G1 X130.895 Y139.496 E1942.01779
G1 X137.11 Y139.503 E1942.21623
G1 X137.74 Y139.573 E1942.23647
G1 X138.52 Y139.793 E1942.26235
G1 X139.152 Y140.13 E1942.28522
G1 X139.64 Y140.497 E1942.30472
G1 X139.977 Y140.833 E1942.31991
G1 X140.321 Y141.273 E1942.33774
G1 X140.532 Y141.632 E1942.35104
G1 X159.072 Y141.632 E1942.94302
G0 F1620 X159.463 Y141.632
G0 F9600 X159.721 Y142.032
G1 F1800 X160.025 Y141.47 E1942.96342
G1 X160.387 Y141.021 E1942.98183
G1 X160.811 Y140.641 E1943.00001
G1 X161.266 Y140.337 E1943.01749
G1 X161.874 Y140.078 E1943.03859
G1 X162.298 Y139.966 E1943.05259
G1 X162.757 Y139.904 E1943.06738
G1 X169.114 Y139.9 E1943.27036
G1 X169.738 Y139.779 E1943.29065
G1 X170.095 Y139.631 E1943.30299
G1 X170.413 Y139.437 E1943.31488
G1 X170.693 Y139.195 E1943.3267
G1 X170.936 Y138.91 E1943.33866
G1 X171.131 Y138.59 E1943.35062
G1 X171.28 Y138.236 E1943.36289
G1 X171.396 Y137.628 E1943.38265
G1 X171.4 Y126.48 E1943.7386
G1 X171.448 Y126.101 E1943.7508
G1 X171.576 Y125.768 E1943.76219
G1 X171.819 Y125.421 E1943.77572
G1 X172.134 Y125.156 E1943.78886
G1 X172.298 Y125.066 E1943.79484
G1 X172.912 Y124.9 E1943.81515
G1 X174.968 Y124.9 E1943.88079
G1 X174.968 Y123.1 E1943.93827
G1 X125.028 Y123.1 E1945.53284
G1 X125.028 Y124.9 E1945.59031
G1 X127.075 Y124.904 E1945.65567
G1 X127.484 Y124.976 E1945.66893
G1 X127.728 Y125.076 E1945.67735
G1 X128.075 Y125.319 E1945.69088
G1 X128.34 Y125.634 E1945.70402
G1 X128.434 Y125.811 E1945.71042
G1 X128.596 Y126.338 E1945.72802
G1 X128.6 Y137.617 E1946.08816
G1 X128.718 Y138.239 E1946.10837
G1 X128.865 Y138.59 E1946.12052
G1 X129.06 Y138.91 E1946.13249
G1 X129.302 Y139.194 E1946.1444
G1 X129.587 Y139.437 E1946.15636
G1 X129.902 Y139.631 E1946.16817
G1 X130.258 Y139.779 E1946.18048
G1 X130.872 Y139.896 E1946.20044
G1 X137.077 Y139.902 E1946.39857
G1 X137.632 Y139.958 E1946.41638
G1 X138.372 Y140.167 E1946.44093
G1 X138.917 Y140.454 E1946.4606
G1 X139.362 Y140.785 E1946.4783
G1 X139.666 Y141.085 E1946.49194
G1 X139.977 Y141.477 E1946.50792
G1 X140.274 Y142.032 E1946.52802
G1 X159.33 Y142.032 E1947.13647
G0 F1620 X159.721 Y142.032
G0 F9600 X159.525 Y141.741
G0 X160.173 Y140.883
G0 X160.647 Y140.457
G0 X165.674 Y137.419
G1 F1800 X165.124 Y137.5 E1947.15422
G1 X134.904 Y137.496 E1948.11914
G1 X134.315 Y137.418 E1948.13811
G1 X133.756 Y137.228 E1948.15696
G1 X133.258 Y136.938 E1948.17536
G1 X132.809 Y136.546 E1948.19439
G1 X132.448 Y136.072 E1948.21342
G1 X132.21 Y135.6 E1948.2303
G1 X132.045 Y135.024 E1948.24943
G1 X132 Y134.624 E1948.26228
G1 X132.004 Y128.404 E1948.46088
G1 X132.082 Y127.815 E1948.47985
G1 X132.268 Y127.263 E1948.49845
G1 X132.491 Y126.849 E1948.51347
G1 X132.809 Y126.45 E1948.52976
G1 X133.33 Y125.995 E1948.55184
G1 X133.896 Y125.709 E1948.57209
G1 X134.313 Y125.58 E1948.58603
G1 X134.784 Y125.5 E1948.60128
G1 X165.082 Y125.503 E1949.56869
G1 X165.69 Y125.581 E1949.58826
G1 X166.232 Y125.768 E1949.60657
G1 X166.573 Y125.948 E1949.61888
G1 X167.123 Y126.369 E1949.641
G1 X167.519 Y126.871 E1949.66141
G1 X167.74 Y127.277 E1949.67617
G1 X167.919 Y127.822 E1949.69449
G1 X168.001 Y128.283 E1949.70944
G1 X168.001 Y134.492 E1949.90769
G1 X167.956 Y134.992 E1949.92372
G1 X167.792 Y135.6 E1949.94383
G1 X167.544 Y136.08 E1949.96108
G1 X167.125 Y136.625 E1949.98303
G1 X166.58 Y137.044 E1950.00498
G1 X166.1 Y137.291 E1950.02221
G1 X166.048 Y137.307 E1950.02395
G0 F1620 X165.674 Y137.419
G0 F9600 X165.966 Y136.914
G1 F1800 X165.478 Y137.054 E1950.04016
G1 X165.124 Y137.1 E1950.05156
G1 X134.944 Y137.098 E1951.0152
G1 X134.43 Y137.035 E1951.03173
G1 X133.946 Y136.876 E1951.048
G1 X133.511 Y136.629 E1951.06397
G1 X133.119 Y136.292 E1951.08048
G1 X132.801 Y135.885 E1951.09697
G1 X132.586 Y135.466 E1951.11201
G1 X132.441 Y134.97 E1951.12851
G1 X132.4 Y134.624 E1951.13963
G1 X132.402 Y128.444 E1951.33696
G1 X132.442 Y128.044 E1951.34979
G1 X132.577 Y127.558 E1951.3659
G1 X132.827 Y127.066 E1951.38352
G1 X133.204 Y126.619 E1951.40219
G1 X133.611 Y126.301 E1951.41868
G1 X134.03 Y126.086 E1951.43372
G1 X134.526 Y125.941 E1951.45022
G1 X134.872 Y125.9 E1951.46135
G1 X165.046 Y125.902 E1952.42479
G1 X165.571 Y125.963 E1952.44167
G1 X166.045 Y126.121 E1952.45762
G1 X166.385 Y126.301 E1952.46991
G1 X166.792 Y126.619 E1952.4864
G1 X167.177 Y127.079 E1952.50555
G1 X167.383 Y127.459 E1952.51935
G1 X167.536 Y127.936 E1952.53535
G1 X167.601 Y128.372 E1952.54942
G1 X167.601 Y134.492 E1952.74483
G1 X167.558 Y134.952 E1952.75958
G1 X167.415 Y135.466 E1952.77662
G1 X167.132 Y135.981 E1952.79538
G1 X166.792 Y136.377 E1952.81205
G1 X166.39 Y136.692 E1952.82835
G1 X166.312 Y136.733 E1952.83117
G0 F1620 X165.966 Y136.914
G0 F9600 X165.832 Y136.537
G0 X165.832 Y136.537 Z6.79
;TYPE:WALL-OUTER
G1 F1800 X165.64 Y136.594 Z6.8 E1952.83754
G1 X165.446 Y136.652 E1952.84414
G1 X165.154 Y136.698 E1952.85378
G1 X134.984 Y136.7 E1953.83717
G1 X134.584 Y136.66 E1953.85027
G1 X134.174 Y136.54 E1953.86419
G1 X133.765 Y136.319 E1953.87935
G1 X133.429 Y136.039 E1953.8936
G1 X133.175 Y135.729 E1953.90667
G1 X132.96 Y135.323 E1953.92164
G1 X132.837 Y134.916 E1953.9355
G1 X132.801 Y134.652 E1953.94418
G1 X132.8 Y128.484 E1954.14523
G1 X132.84 Y128.084 E1954.15833
G1 X132.975 Y127.638 E1954.17352
G1 X133.163 Y127.283 E1954.18661
G1 X133.457 Y126.929 E1954.20161
G1 X133.798 Y126.655 E1954.21587
G1 X134.173 Y126.46 E1954.22965
G1 X134.58 Y126.337 E1954.24351
G1 X134.845 Y126.301 E1954.25222
G1 X165.01 Y126.3 E1955.23545
G1 X165.41 Y126.336 E1955.24854
G1 X165.858 Y126.475 E1955.26383
G1 X166.231 Y126.677 E1955.27766
G1 X166.567 Y126.957 E1955.29191
G1 X166.823 Y127.27 E1955.30509
G1 X167.027 Y127.641 E1955.31889
G1 X167.152 Y128.05 E1955.33283
G1 X167.201 Y128.372 E1955.34345
G1 X167.201 Y134.492 E1955.54293
G1 X167.152 Y134.95 E1955.55794
G1 X167.037 Y135.332 E1955.57095
G1 X166.819 Y135.731 E1955.58577
G1 X166.539 Y136.067 E1955.60002
G1 X166.2 Y136.34 E1955.61421
G1 X165.998 Y136.448 E1955.62168
G0 F1620 X165.832 Y136.537
G0 X165.64 Y136.594
G0 F9600 X165.446 Y136.652
G0 X165.154 Y136.698
G0 X164.852 Y136.698
G0 X164.852 Y137.41
G0 X160.7 Y140.41
G0 X160.273 Y140.793
G0 X159.525 Y141.741
G0 X159.992 Y142.432
G0 X159.992 Y142.432 Z6.79
G1 F1800 X160.067 Y142.247 Z6.8 E1955.62803
G1 X160.156 Y142.028 E1955.63573
G1 X160.383 Y141.655 E1955.64997
G1 X160.654 Y141.319 E1955.66404
G1 X161.103 Y140.92 E1955.68362
G1 X161.473 Y140.684 E1955.69792
G1 X162.008 Y140.455 E1955.71689
G1 X162.423 Y140.349 E1955.73085
G1 X162.807 Y140.301 E1955.74346
G1 X169.139 Y140.3 E1955.94985
G1 X169.862 Y140.161 E1955.97385
G1 X170.277 Y139.989 E1955.9885
G1 X170.649 Y139.761 E1956.00272
G1 X170.977 Y139.478 E1956.01684
G1 X171.261 Y139.146 E1956.03108
G1 X171.489 Y138.772 E1956.04536
G1 X171.661 Y138.361 E1956.05988
G1 X171.766 Y137.929 E1956.07437
G1 X171.796 Y137.649 E1956.08355
G1 X171.801 Y126.471 E1956.44789
G1 X171.837 Y126.193 E1956.45703
G1 X171.974 Y125.872 E1956.46841
G1 X172.134 Y125.668 E1956.47686
G1 X172.432 Y125.443 E1956.48903
G1 X172.878 Y125.3 E1956.50429
G1 X175.368 Y125.3 E1956.58546
G1 X175.368 Y122.7 E1956.6702
G1 X124.628 Y122.7 E1958.32407
G1 X124.628 Y125.3 E1958.40882
G1 X127.025 Y125.301 E1958.48695
G1 X127.332 Y125.346 E1958.49706
G1 X127.624 Y125.474 E1958.50745
G1 X127.828 Y125.634 E1958.5159
G1 X128.054 Y125.937 E1958.52822
G1 X128.201 Y126.412 E1958.54443
G1 X128.2 Y137.64 E1958.91041
G1 X128.336 Y138.362 E1958.93435
G1 X128.507 Y138.772 E1958.94883
G1 X128.735 Y139.146 E1958.96311
G1 X129.018 Y139.478 E1958.97733
G1 X129.351 Y139.761 E1958.99157
G1 X129.72 Y139.989 E1959.00571
G1 X130.134 Y140.161 E1959.02033
G1 X130.848 Y140.296 E1959.04401
G1 X137.045 Y140.3 E1959.246
G1 X137.523 Y140.343 E1959.26164
G1 X138.239 Y140.549 E1959.28593
G1 X138.655 Y140.761 E1959.30115
G1 X139.084 Y141.072 E1959.31842
G1 X139.356 Y141.337 E1959.3308
G1 X139.633 Y141.681 E1959.34519
G1 X139.837 Y142.025 E1959.35823
G1 X140.006 Y142.432 E1959.37259
G1 X159.804 Y142.432 E1960.01791
G0 F1620 X159.992 Y142.432
G0 X160.067 Y142.247
G0 F9600 X160.156 Y142.028
G0 X160.383 Y141.655
G0 X160.462 Y141.557
G1 F4200 E1959.01791
G0 F9600 X159.912 Y141.114
G0 X163.885 Y137.349
G0 X165.187 Y137.349
G0 X166.092 Y137.136
G0 X166.585 Y136.873
G0 X167.017 Y136.517
G0 X167.373 Y136.085
G0 X167.636 Y135.592
G0 X167.799 Y135.056
G0 X167.849 Y134.54
G0 X167.849 Y128.313
G0 X167.636 Y127.408
G0 X167.373 Y126.915
G0 X167.017 Y126.483
G0 X166.585 Y126.127
G0 X166.092 Y125.864
G0 X162.812 Y125.095
;TYPE:FILL
G1 F2100 E1960.01791
G1 F1800 X161.626 Y123.908 E1960.07148
G1 X164.777 Y123.908 E1960.1721
G1 X163.589 Y125.096 E1960.22574
G1 X159.817 Y125.096 E1960.34618
G1 X161.005 Y123.908 E1960.39982
G1 X157.854 Y123.908 E1960.50043
G1 X159.04 Y125.094 E1960.55399
G1 X156.046 Y125.095 E1960.64959
G1 X157.234 Y123.908 E1960.70321
G1 X154.082 Y123.908 E1960.80385
G1 X155.268 Y125.094 E1960.85741
G1 X152.275 Y125.094 E1960.95297
G1 X153.462 Y123.908 E1961.00655
G1 X150.31 Y123.908 E1961.10719
G1 X151.496 Y125.094 E1961.16074
G1 X148.504 Y125.094 E1961.25628
G1 X149.69 Y123.908 E1961.30983
G1 X146.539 Y123.908 E1961.41044
G1 X147.724 Y125.094 E1961.46398
G1 X144.733 Y125.094 E1961.55948
G1 X145.919 Y123.908 E1961.61303
G1 X142.767 Y123.908 E1961.71367
G1 X143.951 Y125.093 E1961.76716
G1 X140.961 Y125.094 E1961.86263
G1 X142.147 Y123.908 E1961.91618
G1 X138.995 Y123.908 E1962.01683
G1 X140.179 Y125.092 E1962.07029
G1 X137.19 Y125.093 E1962.16573
G1 X138.375 Y123.908 E1962.21924
G1 X135.224 Y123.908 E1962.31985
G1 X136.407 Y125.092 E1962.37329
G1 X134.861 Y125.092 E1962.42265
G0 F9600 X127.68 Y123.908
G1 F1800 X128.189 Y124.418 E1962.44566
G1 X128.042 Y124.331 E1962.45111
G1 X127.45 Y124.136 E1962.47102
G1 X126.875 Y124.092 E1962.48943
G1 X127.06 Y123.908 E1962.49776
G1 X130.832 Y123.908 E1962.6182
G1 X129.105 Y125.333 E1962.68969
G1 X131.662 Y127.89 E1962.80515
G1 X131.686 Y127.71 E1962.81095
G1 X131.9 Y127.087 E1962.83198
G1 X132.148 Y126.626 E1962.8487
G1 X132.503 Y126.18 E1962.8669
G1 X133.152 Y125.608 E1962.89452
G1 X131.452 Y123.908 E1962.97129
G1 X134.603 Y123.908 E1963.0719
G1 X129.409 Y129.102 E1963.30643
G1 X129.408 Y129.408 E1963.3162
G1 X131 Y131 E1963.38809
G1 X131.595 Y131 E1963.40709
G1 X131.595 Y131.282 E1963.41609
G1 X131 Y131.282 E1963.43509
G1 X129.408 Y132.875 E1963.507
G1 X129.408 Y133.179 E1963.51671
G1 X131.77 Y135.542 E1963.62339
G1 X131.641 Y135.09 E1963.6384
G1 X131.592 Y134.463 E1963.65848
G1 X129.408 Y136.646 E1963.75708
G1 X129.408 Y136.951 E1963.76681
G1 X131.545 Y139.089 E1963.86333
G1 X130.925 Y139.088 E1963.88313
G1 X130.768 Y139.058 E1963.88823
G1 X132.773 Y137.054 E1963.97875
G1 X133.008 Y137.263 E1963.98879
G1 X133.566 Y137.59 E1964.00944
G1 X133.961 Y137.733 E1964.02285
G1 X134.772 Y138.544 E1964.05948
G1 X134.772 Y139.093 E1964.077
G1 X135.054 Y139.094 E1964.08601
G1 X135.054 Y138.544 E1964.10357
G1 X135.694 Y137.904 E1964.13247
G1 X137.904 Y137.904 E1964.20303
G1 X139.847 Y139.847 E1964.29077
G1 X139.618 Y139.847 E1964.29808
G1 X139.574 Y139.938 E1964.30131
G1 X139.382 Y139.792 E1964.30901
G1 X138.682 Y139.417 E1964.33437
G1 X138.114 Y139.255 E1964.35323
G1 X139.466 Y137.904 E1964.41426
G1 X141.677 Y137.905 E1964.48485
G1 X143.619 Y139.847 E1964.57254
G1 X141.294 Y139.847 E1964.64678
G1 X143.237 Y137.904 E1964.73452
G1 X145.449 Y137.906 E1964.80515
G1 X147.391 Y139.847 E1964.89282
G1 X145.066 Y139.847 E1964.96705
G1 X147.008 Y137.905 E1965.05474
G1 X149.221 Y137.906 E1965.1254
G1 X151.162 Y139.847 E1965.21305
G1 X148.837 Y139.847 E1965.28729
G1 X150.779 Y137.906 E1965.37496
G1 X152.993 Y137.906 E1965.44565
G1 X154.934 Y139.847 E1965.5333
G1 X152.609 Y139.847 E1965.60753
G1 X154.551 Y137.906 E1965.6952
G1 X156.766 Y137.907 E1965.76593
G1 X158.706 Y139.847 E1965.85353
G1 X156.381 Y139.847 E1965.92776
G1 X158.322 Y137.906 E1966.01541
G1 X160.538 Y137.908 E1966.08617
G1 X161.873 Y139.243 E1966.14645
G1 X161.606 Y139.315 E1966.15528
G1 X160.877 Y139.625 E1966.18057
G1 X160.417 Y139.938 E1966.19834
G1 X160.372 Y139.847 E1966.20158
G1 X160.153 Y139.847 E1966.20857
G1 X162.093 Y137.907 E1966.29617
G1 X164.31 Y137.908 E1966.36696
G1 X164.946 Y138.544 E1966.39568
G1 X164.946 Y139.092 E1966.41318
G1 X165.228 Y139.092 E1966.42218
G1 X165.228 Y138.544 E1966.43968
G1 X166.036 Y137.735 E1966.47619
G1 X166.245 Y137.673 E1966.48315
G1 X166.787 Y137.397 E1966.50257
G1 X167.232 Y137.059 E1966.52041
G1 X169.231 Y139.057 E1966.61066
G1 X169.055 Y139.092 E1966.61639
G1 X168.451 Y139.092 E1966.63567
G1 X170.588 Y136.955 E1966.73217
G1 X170.589 Y136.643 E1966.74213
G1 X168.409 Y134.463 E1966.84057
G1 X168.361 Y135.048 E1966.85931
G1 X168.231 Y135.541 E1966.87559
G1 X170.589 Y133.183 E1966.98207
G1 X170.59 Y132.873 E1966.99197
G1 X168.999 Y131.282 E1967.06381
G1 X168.409 Y131.283 E1967.08265
G1 X168.409 Y131 E1967.09168
G1 X169 Y131 E1967.11055
G1 X170.59 Y129.41 E1967.18235
G1 X170.591 Y129.102 E1967.19219
G1 X165.397 Y123.908 E1967.42672
G1 X168.549 Y123.908 E1967.52736
G1 X166.825 Y125.632 E1967.60521
G1 X167.409 Y126.073 E1967.62858
G1 X167.864 Y126.653 E1967.65212
G1 X168.109 Y127.104 E1967.6685
G1 X168.313 Y127.713 E1967.68901
G1 X168.344 Y127.884 E1967.69456
G1 X170.909 Y125.319 E1967.81038
G1 X170.8 Y125.54 E1967.81825
G1 X169.169 Y123.908 E1967.89192
G1 X172.321 Y123.908 E1967.99257
G1 X171.804 Y124.425 E1968.01591
G1 X172.015 Y124.309 E1968.0236
G1 X172.497 Y124.154 E1968.03977
G1 X172.896 Y124.092 E1968.05266
G1 X173.124 Y124.092 E1968.05994
G1 X172.941 Y123.908 E1968.06823
G1 X174.16 Y123.908 E1968.10715
G1 F4200 E1967.10715
G0 F9600 X172.072 Y124.893
G0 X171.393 Y125.571
G0 X167.636 Y135.592
G0 X167.373 Y136.085
G0 X167.017 Y136.517
G0 X158.936 Y141.471
;TYPE:SKIN
G1 F2100 E1968.10715
G1 F1710 X160.307 Y140.1 E1968.16474
G0 F9600 X159.854 Y140.016
G1 F1710 X158.399 Y141.471 E1968.22585
G0 F9600 X157.862 Y141.471
G1 F1710 X159.317 Y140.016 E1968.28697
G0 F9600 X158.779 Y140.016
G1 F1710 X157.324 Y141.471 E1968.34808
G0 F9600 X156.787 Y141.471
G1 F1710 X158.242 Y140.016 E1968.4092
G0 F9600 X157.705 Y140.016
G1 F1710 X156.249 Y141.471 E1968.47034
G0 F9600 X155.712 Y141.471
G1 F1710 X157.167 Y140.016 E1968.53145
G0 F9600 X156.63 Y140.016
G1 F1710 X155.175 Y141.471 E1968.59257
G0 F9600 X154.637 Y141.471
G1 F1710 X156.092 Y140.016 E1968.65368
G0 F9600 X155.555 Y140.016
G1 F1710 X154.1 Y141.471 E1968.7148
G0 F9600 X153.562 Y141.471
G1 F1710 X155.018 Y140.016 E1968.77594
G0 F9600 X154.48 Y140.016
G1 F1710 X153.025 Y141.471 E1968.83705
G0 F9600 X152.488 Y141.471
G1 F1710 X153.943 Y140.016 E1968.89817
G0 F9600 X153.405 Y140.016
G1 F1710 X151.95 Y141.471 E1968.95928
G0 F9600 X151.413 Y141.471
G1 F1710 X152.868 Y140.016 E1969.0204
G0 F9600 X152.331 Y140.016
G1 F1710 X150.875 Y141.471 E1969.08154
G0 F9600 X150.338 Y141.471
G1 F1710 X151.793 Y140.016 E1969.14265
G0 F9600 X151.256 Y140.016
G1 F1710 X149.801 Y141.471 E1969.20377
G0 F9600 X149.263 Y141.471
G1 F1710 X150.718 Y140.016 E1969.26488
G0 F9600 X150.181 Y140.016
G1 F1710 X148.726 Y141.471 E1969.326
G0 F9600 X148.188 Y141.471
G1 F1710 X149.644 Y140.016 E1969.38714
G0 F9600 X149.106 Y140.016
G1 F1710 X147.651 Y141.471 E1969.44825
G0 F9600 X147.114 Y141.471
G1 F1710 X148.569 Y140.016 E1969.50937
G0 F9600 X148.031 Y140.016
G1 F1710 X146.576 Y141.471 E1969.57048
G0 F9600 X146.039 Y141.471
G1 F1710 X147.494 Y140.016 E1969.6316
G0 F9600 X146.957 Y140.016
G1 F1710 X145.501 Y141.471 E1969.69274
G0 F9600 X144.964 Y141.471
G1 F1710 X146.419 Y140.016 E1969.75385
G0 F9600 X145.882 Y140.016
G1 F1710 X144.427 Y141.471 E1969.81497
G0 F9600 X143.889 Y141.471
G1 F1710 X145.344 Y140.016 E1969.87608
G0 F9600 X144.807 Y140.016
G1 F1710 X143.352 Y141.471 E1969.9372
G0 F9600 X142.814 Y141.471
G1 F1710 X144.27 Y140.016 E1969.99833
G0 F9600 X143.732 Y140.016
G1 F1710 X142.277 Y141.471 E1970.05945
G0 F9600 X141.74 Y141.471
G1 F1710 X143.195 Y140.016 E1970.12057
G0 F9600 X142.657 Y140.016
G1 F1710 X141.202 Y141.471 E1970.18168
G0 F9600 X140.665 Y141.471
G1 F1710 X142.12 Y140.016 E1970.2428
G0 F9600 X141.583 Y140.016
G1 F1710 X140.436 Y141.162 E1970.29096
G0 F9600 X140.202 Y140.859
G1 F1710 X141.045 Y140.016 E1970.32637
G0 F9600 X140.508 Y140.016
G1 F1710 X139.946 Y140.577 E1970.34995
G0 F9600 X139.667 Y140.319
G1 F1710 X139.97 Y140.016 E1970.36268
G1 F4200 E1969.36268
G1 F1500 Z7.1
G0 F9600 X139.97 Y140.016 Z7.1
G0 X181 Y124.5
;TYPE:WALL-INNER
G1 F1500 Z6.8
G1 F2100 E1970.36268
G1 F1800 X181 Y123.5 E1970.39461
G1 X178.428 Y123.5 E1970.47673
G1 X178.428 Y124.5 E1970.50866
G1 X181 Y124.5 E1970.59078
G0 F9600 X181.4 Y124.9
G1 F1800 X181.4 Y123.1 E1970.64826
G1 X178.028 Y123.1 E1970.75592
G1 X178.028 Y124.9 E1970.8134
G1 X181.4 Y124.9 E1970.92106
G0 F9600 X181.8 Y125.3
G0 X181.8 Y125.3 Z6.79
;TYPE:WALL-OUTER
G1 F1800 X181.8 Y125.1 Z6.8 E1970.92743
G1 X181.8 Y122.7 E1971.00566
G1 X177.628 Y122.7 E1971.14164
G1 X177.628 Y125.3 E1971.22639
G1 X181.8 Y125.3 E1971.36238
G1 X181.8 Y125.1 E1971.36873
G0 F9600 X181.8 Y124.3
G0 X181.09 Y124.3
G0 X180.592 Y124.092
G0 X180.592 Y124.017
;TYPE:FILL
G1 F1800 X180.592 Y124.092 E1971.37113
G1 X179.68 Y124.092 E1971.40025
G1 X179.864 Y123.908 E1971.40855
G1 X180.592 Y123.908 E1971.4318
G1 X180.483 Y123.908 E1971.43528
G1 X180.592 Y124.017 E1971.4402
G1 F4200 E1970.4402
G1 F1500 Z7.1
;MESH:NONMESH
G0 F9600 X180.592 Y124.017 Z7.1
G0 X121.948 Y124.5
;TIME_ELAPSED:2477.469835
;LAYER:34
;MESH:LC-GR3005??????RFID?????????-WB.stl
G0 X121.948 Y124.5 Z7.3
;TYPE:WALL-INNER
G1 F1500 Z7
G1 F2100 E1971.4402
G1 F1800 X121.948 Y123.5 E1971.47213
G1 X119 Y123.5 E1971.56626
G1 X119 Y124.5 E1971.59819
G1 X121.948 Y124.5 E1971.69232
G0 F9600 X122.348 Y124.9
G1 F1800 X122.348 Y123.1 E1971.74979
G1 X118.6 Y123.1 E1971.86947
G1 X118.6 Y124.9 E1971.92694
G1 X122.348 Y124.9 E1972.04661
G0 F9600 X122.069 Y124.62
G0 X118.481 Y125.02
G0 X118.2 Y125.3
G0 X118.2 Y125.3 Z6.99
;TYPE:WALL-OUTER
G1 F1800 X118.4 Y125.3 Z7 E1972.05298
G1 X122.748 Y125.3 E1972.1947
G1 X122.748 Y122.7 E1972.27944
G1 X118.2 Y122.7 E1972.42769
G1 X118.2 Y125.3 E1972.51243
G1 X118.4 Y125.3 E1972.51879
G0 F9600 X119.2 Y125.3
G0 X119.2 Y124.59
G0 X121.615 Y124.167
;TYPE:SKIN
G1 F1922.5 X119.329 Y124.167 E1972.57918
G1 X119.329 Y123.829 E1972.58811
G1 X121.615 Y123.829 E1972.6485
G1 X121.615 Y124.167 E1972.65743
G1 F4200 E1971.65743
G1 F1500 Z7.3
G0 F9600 X121.615 Y124.167 Z7.3
G0 X159.68 Y141.276
;TYPE:WALL-INNER
G1 F1500 Z7
G1 F2100 E1972.65743
G1 F1800 X160.041 Y140.795 E1972.67664
G1 X160.544 Y140.343 E1972.69823
G1 X161.065 Y139.991 E1972.71831
G1 X161.74 Y139.702 E1972.74175
G1 X162.191 Y139.58 E1972.75667
G1 X162.759 Y139.5 E1972.77498
G1 X169.089 Y139.5 E1972.9771
G1 X169.615 Y139.397 E1972.99421
G1 X169.913 Y139.273 E1973.00452
G1 X170.176 Y139.113 E1973.01435
G1 X170.408 Y138.912 E1973.02415
G1 X170.611 Y138.675 E1973.03411
G1 X170.774 Y138.408 E1973.0441
G1 X170.898 Y138.11 E1973.05441
G1 X170.996 Y137.607 E1973.07077
G1 X171 Y126.47 E1973.42637
G1 X171.058 Y126.009 E1973.44121
G1 X171.206 Y125.616 E1973.45462
G1 X171.345 Y125.378 E1973.46342
G1 X171.682 Y124.999 E1973.47961
G1 X171.89 Y124.839 E1973.48799
G1 X172.164 Y124.689 E1973.49796
G1 X172.606 Y124.547 E1973.51279
G1 X172.912 Y124.5 E1973.52267
G1 X174.948 Y124.5 E1973.58768
G1 X174.948 Y123.5 E1973.61961
G1 X125.048 Y123.5 E1975.2129
G1 X125.048 Y124.5 E1975.24483
G1 X127 Y124.5 E1975.30716
G1 X127.381 Y124.539 E1975.31939
G1 X127.88 Y124.706 E1975.33619
G1 X128.118 Y124.845 E1975.34499
G1 X128.497 Y125.182 E1975.36118
G1 X128.657 Y125.39 E1975.36956
G1 X128.814 Y125.686 E1975.38026
G1 X129.001 Y126.326 E1975.40155
G1 X129 Y137.594 E1975.76133
G1 X129.1 Y138.115 E1975.77827
G1 X129.222 Y138.408 E1975.78841
G1 X129.385 Y138.675 E1975.7984
G1 X129.586 Y138.91 E1975.80827
G1 X129.823 Y139.113 E1975.81823
G1 X130.085 Y139.274 E1975.82805
G1 X130.381 Y139.397 E1975.83829
G1 X130.895 Y139.496 E1975.855
G1 X137.152 Y139.506 E1976.05478
G1 X137.916 Y139.599 E1976.07936
G1 X138.461 Y139.776 E1976.09766
G1 X138.943 Y139.996 E1976.11457
G1 X139.595 Y140.45 E1976.13994
G1 X140.054 Y140.923 E1976.16099
G1 X140.32 Y141.276 E1976.1751
G1 X159.289 Y141.276 E1976.78077
G0 F1620 X159.68 Y141.276
G0 F9600 X159.911 Y141.676
G1 F1800 X160.067 Y141.414 E1976.79051
G1 X160.368 Y141.039 E1976.80586
G1 X160.847 Y140.609 E1976.82642
G1 X161.31 Y140.321 E1976.84383
G1 X161.874 Y140.078 E1976.86344
G1 X162.37 Y139.952 E1976.87978
G1 X162.758 Y139.904 E1976.89226
G1 X169.114 Y139.9 E1977.0952
G1 X169.738 Y139.779 E1977.1155
G1 X170.095 Y139.631 E1977.12784
G1 X170.413 Y139.437 E1977.13973
G1 X170.693 Y139.195 E1977.15155
G1 X170.936 Y138.91 E1977.16351
G1 X171.131 Y138.59 E1977.17547
G1 X171.28 Y138.236 E1977.18774
G1 X171.396 Y137.628 E1977.2075
G1 X171.4 Y126.48 E1977.56345
G1 X171.448 Y126.101 E1977.57565
G1 X171.576 Y125.768 E1977.58704
G1 X171.819 Y125.421 E1977.60057
G1 X172.134 Y125.156 E1977.61371
G1 X172.298 Y125.066 E1977.61969
G1 X172.912 Y124.9 E1977.63999
G1 X175.348 Y124.9 E1977.71778
G1 X175.348 Y123.1 E1977.77525
G1 X124.648 Y123.1 E1979.39409
G1 X124.648 Y124.9 E1979.45156
G1 X127.075 Y124.904 E1979.52905
G1 X127.484 Y124.976 E1979.54231
G1 X127.728 Y125.076 E1979.55073
G1 X128.075 Y125.319 E1979.56426
G1 X128.34 Y125.634 E1979.5774
G1 X128.434 Y125.811 E1979.5838
G1 X128.596 Y126.338 E1979.60141
G1 X128.6 Y137.617 E1979.96154
G1 X128.718 Y138.239 E1979.98176
G1 X128.865 Y138.59 E1979.99391
G1 X129.06 Y138.91 E1980.00587
G1 X129.302 Y139.194 E1980.01779
G1 X129.587 Y139.437 E1980.02974
G1 X129.902 Y139.631 E1980.04156
G1 X130.258 Y139.779 E1980.05387
G1 X130.872 Y139.896 E1980.07382
G1 X137.104 Y139.904 E1980.27281
G1 X137.829 Y139.991 E1980.29613
G1 X138.412 Y140.186 E1980.31575
G1 X138.787 Y140.375 E1980.32916
G1 X139.336 Y140.757 E1980.35052
G1 X139.825 Y141.271 E1980.37317
G1 X140.102 Y141.676 E1980.38884
G1 X159.52 Y141.676 E1981.00885
G0 F1620 X159.911 Y141.676
G0 F9600 X159.738 Y141.382
G0 X160.169 Y140.887
G0 X160.598 Y140.501
G0 X165.674 Y137.419
G1 F1800 X165.124 Y137.5 E1981.0266
G1 X134.904 Y137.496 E1981.99152
G1 X134.315 Y137.418 E1982.01049
G1 X133.756 Y137.228 E1982.02934
G1 X133.258 Y136.938 E1982.04774
G1 X132.809 Y136.546 E1982.06677
G1 X132.448 Y136.072 E1982.08579
G1 X132.21 Y135.6 E1982.10267
G1 X132.045 Y135.024 E1982.1218
G1 X132 Y134.624 E1982.13466
G1 X132.004 Y128.404 E1982.33326
G1 X132.082 Y127.815 E1982.35223
G1 X132.268 Y127.263 E1982.37083
G1 X132.491 Y126.849 E1982.38584
G1 X132.809 Y126.45 E1982.40214
G1 X133.33 Y125.995 E1982.42422
G1 X133.896 Y125.709 E1982.44447
G1 X134.313 Y125.58 E1982.45841
G1 X134.784 Y125.5 E1982.47366
G1 X165.082 Y125.503 E1983.44107
G1 X165.69 Y125.581 E1983.46064
G1 X166.232 Y125.768 E1983.47895
G1 X166.573 Y125.948 E1983.49126
G1 X167.123 Y126.369 E1983.51338
G1 X167.519 Y126.871 E1983.53379
G1 X167.74 Y127.277 E1983.54855
G1 X167.919 Y127.822 E1983.56687
G1 X168.001 Y128.283 E1983.58182
G1 X168.001 Y134.492 E1983.78007
G1 X167.956 Y134.992 E1983.7961
G1 X167.792 Y135.6 E1983.81621
G1 X167.544 Y136.08 E1983.83346
G1 X167.125 Y136.625 E1983.85541
G1 X166.58 Y137.044 E1983.87736
G1 X166.1 Y137.291 E1983.89459
G1 X166.048 Y137.307 E1983.89633
G0 F1620 X165.674 Y137.419
G0 F9600 X165.966 Y136.914
G1 F1800 X165.478 Y137.054 E1983.91254
G1 X165.124 Y137.1 E1983.92394
G1 X134.944 Y137.098 E1984.88758
G1 X134.43 Y137.035 E1984.90411
G1 X133.946 Y136.876 E1984.92038
G1 X133.511 Y136.629 E1984.93635
G1 X133.119 Y136.292 E1984.95286
G1 X132.801 Y135.885 E1984.96935
G1 X132.586 Y135.466 E1984.98439
G1 X132.441 Y134.97 E1985.00089
G1 X132.4 Y134.624 E1985.01201
G1 X132.402 Y128.444 E1985.20934
G1 X132.442 Y128.044 E1985.22217
G1 X132.577 Y127.558 E1985.23828
G1 X132.827 Y127.066 E1985.2559
G1 X133.204 Y126.619 E1985.27457
G1 X133.611 Y126.301 E1985.29106
G1 X134.03 Y126.086 E1985.3061
G1 X134.526 Y125.941 E1985.3226
G1 X134.872 Y125.9 E1985.33372
G1 X165.046 Y125.902 E1986.29717
G1 X165.571 Y125.963 E1986.31405
G1 X166.045 Y126.121 E1986.33
G1 X166.385 Y126.301 E1986.34228
G1 X166.792 Y126.619 E1986.35878
G1 X167.177 Y127.079 E1986.37793
G1 X167.383 Y127.459 E1986.39173
G1 X167.536 Y127.936 E1986.40773
G1 X167.601 Y128.372 E1986.4218
G1 X167.601 Y134.492 E1986.61721
G1 X167.558 Y134.952 E1986.63196
G1 X167.415 Y135.466 E1986.649
G1 X167.132 Y135.981 E1986.66776
G1 X166.792 Y136.377 E1986.68443
G1 X166.39 Y136.692 E1986.70073
G1 X166.312 Y136.733 E1986.70355
G0 F1620 X165.966 Y136.914
G0 F9600 X165.832 Y136.537
G0 X165.832 Y136.537 Z6.99
;TYPE:WALL-OUTER
G1 F1800 X165.64 Y136.594 Z7 E1986.70992
G1 X165.446 Y136.652 E1986.71652
G1 X165.154 Y136.698 E1986.72615
G1 X134.984 Y136.7 E1987.70954
G1 X134.584 Y136.66 E1987.72265
G1 X134.174 Y136.54 E1987.73657
G1 X133.765 Y136.319 E1987.75172
G1 X133.429 Y136.039 E1987.76598
G1 X133.175 Y135.729 E1987.77904
G1 X132.975 Y135.358 E1987.79278
G1 X132.837 Y134.916 E1987.80787
G1 X132.801 Y134.652 E1987.81656
G1 X132.8 Y128.484 E1988.0176
G1 X132.84 Y128.084 E1988.03071
G1 X132.975 Y127.638 E1988.0459
G1 X133.163 Y127.283 E1988.05899
G1 X133.457 Y126.929 E1988.07399
G1 X133.798 Y126.655 E1988.08825
G1 X134.173 Y126.46 E1988.10202
G1 X134.58 Y126.337 E1988.11588
G1 X134.845 Y126.301 E1988.1246
G1 X165.01 Y126.3 E1989.10783
G1 X165.41 Y126.336 E1989.12092
G1 X165.858 Y126.475 E1989.13621
G1 X166.231 Y126.677 E1989.15003
G1 X166.567 Y126.957 E1989.16429
G1 X166.823 Y127.27 E1989.17747
G1 X167.027 Y127.641 E1989.19127
G1 X167.152 Y128.05 E1989.20521
G1 X167.201 Y128.372 E1989.21582
G1 X167.201 Y134.492 E1989.41531
G1 X167.152 Y134.95 E1989.43032
G1 X167.037 Y135.332 E1989.44332
G1 X166.819 Y135.731 E1989.45814
G1 X166.539 Y136.067 E1989.4724
G1 X166.2 Y136.34 E1989.48659
G1 X165.998 Y136.448 E1989.49405
G0 F1620 X165.832 Y136.537
G0 X165.64 Y136.594
G0 F9600 X165.446 Y136.652
G0 X165.154 Y136.698
G0 X164.852 Y136.698
G0 X164.852 Y137.41
G0 X160.699 Y140.41
G0 X159.738 Y141.382
G0 X160.143 Y142.076
G0 X160.143 Y142.076 Z6.99
G1 F1800 X160.243 Y141.903 Z7 E1989.50041
G1 X160.382 Y141.66 E1989.50954
G1 X160.626 Y141.348 E1989.52245
G1 X161.103 Y140.919 E1989.54336
G1 X161.468 Y140.688 E1989.55744
G1 X162.008 Y140.455 E1989.57661
G1 X162.419 Y140.349 E1989.59044
G1 X162.807 Y140.301 E1989.60318
G1 X169.139 Y140.3 E1989.80958
G1 X169.862 Y140.161 E1989.83357
G1 X170.277 Y139.989 E1989.84822
G1 X170.649 Y139.761 E1989.86244
G1 X170.977 Y139.478 E1989.87656
G1 X171.261 Y139.146 E1989.8908
G1 X171.489 Y138.772 E1989.90508
G1 X171.661 Y138.361 E1989.9196
G1 X171.766 Y137.929 E1989.93409
G1 X171.796 Y137.649 E1989.94327
G1 X171.801 Y126.471 E1990.30761
G1 X171.837 Y126.193 E1990.31675
G1 X171.974 Y125.872 E1990.32813
G1 X172.134 Y125.668 E1990.33658
G1 X172.432 Y125.443 E1990.34875
G1 X172.878 Y125.3 E1990.36401
G1 X175.748 Y125.3 E1990.45756
G1 X175.748 Y122.7 E1990.54231
G1 X124.248 Y122.7 E1992.22095
G1 X124.248 Y125.3 E1992.30569
G1 X127.025 Y125.301 E1992.39621
G1 X127.332 Y125.346 E1992.40632
G1 X127.624 Y125.474 E1992.41672
G1 X127.828 Y125.634 E1992.42517
G1 X128.054 Y125.937 E1992.43749
G1 X128.201 Y126.412 E1992.4537
G1 X128.2 Y137.64 E1992.81967
G1 X128.336 Y138.362 E1992.84362
G1 X128.507 Y138.772 E1992.8581
G1 X128.735 Y139.146 E1992.87238
G1 X129.018 Y139.478 E1992.88659
G1 X129.351 Y139.761 E1992.90084
G1 X129.72 Y139.989 E1992.91498
G1 X130.134 Y140.161 E1992.92959
G1 X130.848 Y140.296 E1992.95328
G1 X137.056 Y140.301 E1993.15562
G1 X137.758 Y140.389 E1993.17869
G1 X138.239 Y140.547 E1993.19519
G1 X138.559 Y140.703 E1993.20679
G1 X139.088 Y141.076 E1993.22789
G1 X139.48 Y141.48 E1993.24624
G1 X139.719 Y141.811 E1993.25955
G1 X139.858 Y142.076 E1993.2693
G1 X159.955 Y142.076 E1993.92436
G0 F1620 X160.143 Y142.076
G0 X160.243 Y141.903
G0 F9600 X160.382 Y141.66
G0 X160.626 Y141.348
G0 X160.718 Y141.266
G1 F4200 E1992.92436
G0 F9600 X160.244 Y140.739
G0 X165.575 Y137.294
G0 X166.092 Y137.136
G0 X166.585 Y136.873
G0 X167.017 Y136.517
G0 X167.373 Y136.085
G0 X171.164 Y127.851
G0 X171.151 Y126.445
G0 X171.393 Y125.571
G0 X171.998 Y124.949
G0 X174.714 Y123.661
;TYPE:SKIN
G1 F2100 E1993.92436
G1 F1710 X174.788 Y123.734 E1993.92745
G0 F9600 X174.788 Y124.272
G1 F1710 X174.177 Y123.661 E1993.95311
G0 F9600 X173.639 Y123.661
G1 F1710 X174.317 Y124.338 E1993.98157
G0 F9600 X173.779 Y124.338
G1 F1710 X173.102 Y123.661 E1994.01001
G0 F9600 X172.564 Y123.661
G1 F1710 X173.242 Y124.338 E1994.03846
G0 F9600 X172.733 Y124.367
G1 F1710 X172.027 Y123.661 E1994.06812
G0 F9600 X171.49 Y123.661
G1 F1710 X172.304 Y124.475 E1994.10231
G0 F9600 X171.928 Y124.637
G1 F1710 X170.952 Y123.661 E1994.14331
G0 F9600 X170.415 Y123.661
G1 F1710 X171.607 Y124.853 E1994.19337
G0 F9600 X171.35 Y125.133
G1 F1710 X169.877 Y123.661 E1994.25522
G0 F9600 X169.34 Y123.661
G1 F1710 X171.123 Y125.444 E1994.33012
G0 F9600 X170.96 Y125.818
G1 F1710 X168.803 Y123.661 E1994.42072
G0 F9600 X168.265 Y123.661
G1 F1710 X170.866 Y126.262 E1994.52997
G0 F9600 X170.839 Y126.772
G1 F1710 X167.728 Y123.661 E1994.66065
G0 F9600 X167.19 Y123.661
G1 F1710 X170.839 Y127.31 E1994.81392
G0 F9600 X170.839 Y127.847
G1 F1710 X166.653 Y123.661 E1994.98975
G0 F9600 X166.116 Y123.661
G1 F1710 X170.838 Y128.384 E1995.18811
G0 F9600 X170.838 Y128.921
G1 F1710 X165.578 Y123.661 E1995.40905
G0 F9600 X165.041 Y123.661
G1 F1710 X170.838 Y129.459 E1995.65257
G0 F9600 X170.838 Y129.996
G1 F1710 X167.686 Y126.844 E1995.78497
G0 F9600 X168.07 Y127.765
G1 F1710 X170.838 Y130.533 E1995.90123
G0 F9600 X170.838 Y131.07
G1 F1710 X168.162 Y128.394 E1996.01364
G0 F9600 X168.162 Y128.932
G1 F1710 X170.838 Y131.607 E1996.12602
G0 F9600 X170.837 Y132.144
G1 F1710 X168.162 Y129.469 E1996.23838
G0 F9600 X168.162 Y130.007
G1 F1710 X170.837 Y132.682 E1996.35074
G0 F9600 X170.837 Y133.219
G1 F1710 X168.162 Y130.544 E1996.4631
G0 F9600 X168.162 Y131.081
G1 F1710 X170.837 Y133.756 E1996.57546
G0 F9600 X170.836 Y134.293
G1 F1710 X168.162 Y131.619 E1996.68778
G0 F9600 X168.162 Y132.156
G1 F1710 X170.836 Y134.83 E1996.8001
G0 F9600 X170.836 Y135.368
G1 F1710 X168.162 Y132.694 E1996.91242
G0 F9600 X168.162 Y133.231
G1 F1710 X170.836 Y135.905 E1997.02474
G0 F9600 X170.836 Y136.442
G1 F1710 X168.162 Y133.768 E1997.13705
G0 F9600 X168.162 Y134.306
G1 F1710 X170.836 Y136.979 E1997.24935
G0 F9600 X170.836 Y137.517
G1 F1710 X168.133 Y134.814 E1997.36289
G0 F9600 X168.047 Y135.265
G1 F1710 X170.761 Y137.98 E1997.47691
G0 F9600 X170.611 Y138.367
G1 F1710 X167.927 Y135.683 E1997.58965
G0 F9600 X167.746 Y136.039
G1 F1710 X170.384 Y138.678 E1997.70048
G0 F9600 X170.116 Y138.947
G1 F1710 X167.529 Y136.36 E1997.80914
G0 F9600 X167.294 Y136.663
G1 F1710 X169.785 Y139.153 E1997.91375
G0 F9600 X169.375 Y139.281
G1 F1710 X167.01 Y136.916 E1998.01309
G0 F9600 X166.706 Y137.149
G1 F1710 X168.896 Y139.339 E1998.10508
G0 F9600 X168.359 Y139.339
G1 F1710 X166.358 Y137.339 E1998.18911
G0 F9600 X165.978 Y137.495
G1 F1710 X167.821 Y139.339 E1998.26654
G0 F9600 X167.284 Y139.339
G1 F1710 X165.549 Y137.604 E1998.33942
G0 F9600 X165.068 Y137.661
G1 F1710 X166.746 Y139.339 E1998.4099
G0 F9600 X166.209 Y139.339
G1 F1710 X164.531 Y137.661 E1998.48038
G0 F9600 X163.994 Y137.661
G1 F1710 X165.672 Y139.339 E1998.55087
G0 F9600 X165.134 Y139.339
G1 F1710 X163.456 Y137.661 E1998.62135
G0 F9600 X162.919 Y137.661
G1 F1710 X164.597 Y139.339 E1998.69183
G0 F9600 X164.059 Y139.339
G1 F1710 X162.381 Y137.661 E1998.76232
G0 F9600 X161.844 Y137.661
G1 F1710 X163.522 Y139.339 E1998.8328
G0 F9600 X162.985 Y139.339
G1 F1710 X161.307 Y137.661 E1998.90328
G0 F9600 X160.769 Y137.66
G1 F1710 X162.485 Y139.376 E1998.97536
G0 F9600 X162.034 Y139.463
G1 F1710 X160.231 Y137.66 E1999.05109
G0 F9600 X159.694 Y137.66
G1 F1710 X161.614 Y139.581 E1999.13176
G0 F9600 X161.238 Y139.742
G1 F1710 X159.156 Y137.66 E1999.21921
G0 F9600 X158.619 Y137.66
G1 F1710 X160.88 Y139.922 E1999.31421
G0 F9600 X160.56 Y140.139
G1 F1710 X158.081 Y137.66 E1999.41833
G0 F9600 X157.544 Y137.66
G1 F1710 X160.262 Y140.378 E1999.5325
G0 F9600 X159.98 Y140.634
G1 F1710 X157.007 Y137.66 E1999.6574
G0 F9600 X156.469 Y137.66
G1 F1710 X159.741 Y140.932 E1999.79484
G0 F9600 X159.387 Y141.115
G1 F1710 X155.931 Y137.66 E1999.93998
G0 F9600 X155.394 Y137.66
G1 F1710 X158.849 Y141.115 E2000.0851
G0 F9600 X158.312 Y141.115
G1 F1710 X154.856 Y137.66 E2000.23025
G0 F9600 X154.319 Y137.66
G1 F1710 X157.775 Y141.115 E2000.37539
G0 F9600 X157.237 Y141.115
G1 F1710 X153.782 Y137.66 E2000.52052
G0 F9600 X153.244 Y137.66
G1 F1710 X156.7 Y141.115 E2000.66566
G0 F9600 X156.162 Y141.115
G1 F1710 X152.707 Y137.66 E2000.81079
G0 F9600 X152.169 Y137.659
G1 F1710 X155.625 Y141.115 E2000.95595
G0 F9600 X155.088 Y141.115
G1 F1710 X151.631 Y137.659 E2001.10114
G0 F9600 X151.094 Y137.659
G1 F1710 X154.55 Y141.115 E2001.2463
G0 F9600 X154.013 Y141.115
G1 F1710 X150.556 Y137.659 E2001.39149
G0 F9600 X150.019 Y137.659
G1 F1710 X153.475 Y141.115 E2001.53666
G0 F9600 X152.938 Y141.115
G1 F1710 X149.482 Y137.659 E2001.68182
G0 F9600 X148.944 Y137.659
G1 F1710 X152.401 Y141.115 E2001.82701
G0 F9600 X151.863 Y141.115
G1 F1710 X148.407 Y137.659 E2001.97218
G0 F9600 X147.869 Y137.658
G1 F1710 X151.326 Y141.115 E2002.11738
G0 F9600 X150.788 Y141.115
G1 F1710 X147.331 Y137.658 E2002.26259
G0 F9600 X146.794 Y137.658
G1 F1710 X150.251 Y141.115 E2002.4078
G0 F9600 X149.714 Y141.115
G1 F1710 X146.257 Y137.658 E2002.55301
G0 F9600 X145.719 Y137.658
G1 F1710 X149.176 Y141.115 E2002.69821
G0 F9600 X148.639 Y141.115
G1 F1710 X145.182 Y137.658 E2002.84342
G0 F9600 X144.644 Y137.658
G1 F1710 X148.101 Y141.115 E2002.98863
G0 F9600 X147.564 Y141.115
G1 F1710 X144.107 Y137.658 E2003.13384
G0 F9600 X143.57 Y137.658
G1 F1710 X147.027 Y141.115 E2003.27905
G0 F9600 X146.489 Y141.115
G1 F1710 X143.031 Y137.657 E2003.4243
G0 F9600 X142.494 Y137.657
G1 F1710 X145.952 Y141.115 E2003.56954
G0 F9600 X145.414 Y141.115
G1 F1710 X141.957 Y137.657 E2003.71477
G0 F9600 X141.419 Y137.657
G1 F1710 X144.877 Y141.115 E2003.86002
G0 F9600 X144.34 Y141.115
G1 F1710 X140.882 Y137.657 E2004.00527
G0 F9600 X140.344 Y137.657
G1 F1710 X143.802 Y141.115 E2004.15052
G0 F9600 X143.265 Y141.115
G1 F1710 X139.807 Y137.657 E2004.29577
G0 F9600 X139.27 Y137.657
G1 F1710 X142.727 Y141.115 E2004.441
G0 F9600 X142.19 Y141.115
G1 F1710 X138.732 Y137.657 E2004.58625
G0 F9600 X138.194 Y137.657
G1 F1710 X141.653 Y141.115 E2004.73152
G0 F9600 X141.115 Y141.115
G1 F1710 X137.657 Y137.657 E2004.87677
G0 F9600 X137.119 Y137.657
G1 F1710 X140.578 Y141.115 E2005.02204
G0 F9600 X138.579 Y139.654
G1 F1710 X136.582 Y137.657 E2005.10592
G0 F9600 X136.045 Y137.657
G1 F1710 X137.812 Y139.424 E2005.18015
G0 F9600 X137.201 Y139.35
G1 F1710 X135.507 Y137.657 E2005.25128
G0 F9600 X134.97 Y137.657
G1 F1710 X136.651 Y139.338 E2005.32189
G0 F9600 X136.114 Y139.338
G1 F1710 X134.356 Y137.58 E2005.39573
G0 F9600 X133.505 Y137.267
G1 F1710 X135.576 Y139.338 E2005.48272
G0 F9600 X135.038 Y139.338
G1 F1710 X129.161 Y133.46 E2005.7296
G0 F9600 X129.161 Y133.997
G1 F1710 X134.5 Y139.337 E2005.95388
G0 F9600 X133.962 Y139.336
G1 F1710 X129.161 Y134.535 E2006.15554
G0 F9600 X129.161 Y135.072
G1 F1710 X133.425 Y139.336 E2006.33465
G0 F9600 X132.887 Y139.335
G1 F1710 X129.161 Y135.61 E2006.49113
G0 F9600 X129.161 Y136.147
G1 F1710 X132.349 Y139.335 E2006.62504
G0 F9600 X131.811 Y139.335
G1 F1710 X129.161 Y136.684 E2006.73637
G0 F9600 X129.161 Y137.222
G1 F1710 X131.274 Y139.335 E2006.82513
G0 F9600 X130.696 Y139.294
G1 F1710 X129.202 Y137.8 E2006.88788
G0 F9600 X132.224 Y135.986
G1 F1710 X129.161 Y132.923 E2007.01654
G0 F9600 X129.161 Y132.385
G1 F1710 X131.911 Y135.136 E2007.13207
G0 F9600 X131.84 Y134.527
G1 F1710 X129.162 Y131.849 E2007.24456
G0 F9600 X129.162 Y131.311
G1 F1710 X131.84 Y133.99 E2007.35706
G0 F9600 X131.841 Y133.453
G1 F1710 X129.162 Y130.774 E2007.46959
G0 F9600 X129.162 Y130.236
G1 F1710 X131.841 Y132.916 E2007.58214
G0 F9600 X131.841 Y132.379
G1 F1710 X129.162 Y129.699 E2007.69469
G0 F9600 X129.162 Y129.162
G1 F1710 X131.842 Y131.842 E2007.80726
G0 F9600 X131.842 Y131.305
G1 F1710 X129.162 Y128.624 E2007.91986
G0 F9600 X129.162 Y128.087
G1 F1710 X131.843 Y130.768 E2008.03247
G0 F9600 X131.843 Y130.231
G1 F1710 X129.162 Y127.549 E2008.1451
G0 F9600 X129.162 Y127.012
G1 F1710 X131.844 Y129.694 E2008.25776
G0 F9600 X131.844 Y129.157
G1 F1710 X129.162 Y126.475 E2008.37041
G0 F9600 X129.009 Y125.784
G1 F1710 X131.844 Y128.62 E2008.48951
G0 F9600 X131.881 Y128.119
G1 F1710 X127.423 Y123.661 E2008.67677
G0 F9600 X127.96 Y123.661
G1 F1710 X131.963 Y127.664 E2008.84491
G0 F9600 X132.1 Y127.264
G1 F1710 X128.498 Y123.661 E2008.99623
G0 F9600 X129.035 Y123.661
G1 F1710 X132.279 Y126.905 E2009.13249
G0 F9600 X132.498 Y126.586
G1 F1710 X129.572 Y123.661 E2009.25537
G0 F9600 X130.11 Y123.661
G1 F1710 X132.745 Y126.296 E2009.36605
G0 F9600 X133.03 Y126.044
G1 F1710 X130.647 Y123.661 E2009.46615
G0 F9600 X131.185 Y123.661
G1 F1710 X133.335 Y125.811 E2009.55646
G0 F9600 X133.693 Y125.632
G1 F1710 X131.722 Y123.661 E2009.63925
G0 F9600 X132.259 Y123.661
G1 F1710 X134.087 Y125.489 E2009.71603
G0 F9600 X134.514 Y125.379
G1 F1710 X132.797 Y123.661 E2009.78817
G0 F9600 X133.334 Y123.661
G1 F1710 X135.012 Y125.339 E2009.85865
G0 F9600 X135.55 Y125.339
G1 F1710 X133.872 Y123.661 E2009.92914
G0 F9600 X134.409 Y123.661
G1 F1710 X136.087 Y125.339 E2009.99962
G0 F9600 X136.624 Y125.339
G1 F1710 X134.946 Y123.661 E2010.0701
G0 F9600 X135.484 Y123.661
G1 F1710 X137.162 Y125.339 E2010.14058
G0 F9600 X137.699 Y125.339
G1 F1710 X136.021 Y123.661 E2010.21107
G0 F9600 X136.559 Y123.661
G1 F1710 X138.237 Y125.339 E2010.28155
G0 F9600 X138.774 Y125.339
G1 F1710 X137.096 Y123.661 E2010.35203
G0 F9600 X137.633 Y123.661
G1 F1710 X139.311 Y125.339 E2010.42252
G0 F9600 X139.849 Y125.339
G1 F1710 X138.171 Y123.661 E2010.493
G0 F9600 X138.708 Y123.661
G1 F1710 X140.387 Y125.34 E2010.56352
G0 F9600 X140.924 Y125.34
G1 F1710 X139.246 Y123.661 E2010.63403
G0 F9600 X139.783 Y123.661
G1 F1710 X141.462 Y125.34 E2010.70455
G0 F9600 X141.999 Y125.34
G1 F1710 X140.32 Y123.661 E2010.77508
G0 F9600 X140.858 Y123.661
G1 F1710 X142.536 Y125.34 E2010.84558
G0 F9600 X143.074 Y125.34
G1 F1710 X141.395 Y123.661 E2010.9161
G0 F9600 X141.933 Y123.661
G1 F1710 X143.611 Y125.34 E2010.98661
G0 F9600 X144.149 Y125.34
G1 F1710 X142.47 Y123.661 E2011.05713
G0 F9600 X143.007 Y123.661
G1 F1710 X144.686 Y125.34 E2011.12766
G0 F9600 X145.224 Y125.34
G1 F1710 X143.545 Y123.661 E2011.19818
G0 F9600 X144.082 Y123.661
G1 F1710 X145.762 Y125.34 E2011.26873
G0 F9600 X146.299 Y125.34
G1 F1710 X144.62 Y123.661 E2011.33925
G0 F9600 X145.157 Y123.661
G1 F1710 X146.836 Y125.34 E2011.40978
G0 F9600 X147.374 Y125.34
G1 F1710 X145.694 Y123.661 E2011.48032
G0 F9600 X146.232 Y123.661
G1 F1710 X147.911 Y125.34 E2011.55085
G0 F9600 X148.449 Y125.34
G1 F1710 X146.769 Y123.661 E2011.62139
G0 F9600 X147.307 Y123.661
G1 F1710 X148.986 Y125.34 E2011.69192
G0 F9600 X149.523 Y125.34
G1 F1710 X147.844 Y123.661 E2011.76244
G0 F9600 X148.381 Y123.661
G1 F1710 X150.061 Y125.341 E2011.83301
G0 F9600 X150.599 Y125.341
G1 F1710 X148.919 Y123.661 E2011.90358
G0 F9600 X149.456 Y123.661
G1 F1710 X151.136 Y125.341 E2011.97414
G0 F9600 X151.674 Y125.341
G1 F1710 X149.994 Y123.661 E2012.04471
G0 F9600 X150.531 Y123.661
G1 F1710 X152.211 Y125.341 E2012.11528
G0 F9600 X152.748 Y125.341
G1 F1710 X151.068 Y123.661 E2012.18584
G0 F9600 X151.606 Y123.661
G1 F1710 X153.286 Y125.341 E2012.25641
G0 F9600 X153.823 Y125.341
G1 F1710 X152.143 Y123.661 E2012.32698
G0 F9600 X152.681 Y123.661
G1 F1710 X154.361 Y125.341 E2012.39754
G0 F9600 X154.898 Y125.341
G1 F1710 X153.218 Y123.661 E2012.46811
G0 F9600 X153.755 Y123.661
G1 F1710 X155.436 Y125.342 E2012.53872
G0 F9600 X155.974 Y125.342
G1 F1710 X154.293 Y123.661 E2012.60933
G0 F9600 X154.83 Y123.661
G1 F1710 X156.511 Y125.342 E2012.67994
G0 F9600 X157.048 Y125.342
G1 F1710 X155.368 Y123.661 E2012.75052
G0 F9600 X155.905 Y123.661
G1 F1710 X157.586 Y125.342 E2012.82113
G0 F9600 X158.123 Y125.342
G1 F1710 X156.442 Y123.661 E2012.89174
G0 F9600 X156.98 Y123.661
G1 F1710 X158.661 Y125.342 E2012.96235
G0 F9600 X159.198 Y125.342
G1 F1710 X157.517 Y123.661 E2013.03296
G0 F9600 X158.055 Y123.661
G1 F1710 X159.735 Y125.342 E2013.10355
G0 F9600 X160.274 Y125.342
G1 F1710 X158.592 Y123.661 E2013.17418
G0 F9600 X159.129 Y123.661
G1 F1710 X160.811 Y125.342 E2013.24481
G0 F9600 X161.348 Y125.342
G1 F1710 X159.667 Y123.661 E2013.31541
G0 F9600 X160.204 Y123.661
G1 F1710 X161.886 Y125.342 E2013.38604
G0 F9600 X162.423 Y125.342
G1 F1710 X160.742 Y123.661 E2013.45665
G0 F9600 X161.279 Y123.661
G1 F1710 X162.961 Y125.342 E2013.52728
G0 F9600 X163.498 Y125.342
G1 F1710 X161.816 Y123.661 E2013.59791
G0 F9600 X162.354 Y123.661
G1 F1710 X164.035 Y125.342 E2013.66852
G0 F9600 X164.573 Y125.342
G1 F1710 X162.891 Y123.661 E2013.73915
G0 F9600 X163.429 Y123.661
G1 F1710 X165.113 Y125.345 E2013.80988
G0 F9600 X165.732 Y125.427
G1 F1710 X163.966 Y123.661 E2013.88406
G0 F9600 X164.503 Y123.661
G1 F1710 X166.655 Y125.813 E2013.97446
G1 F4200 E2012.97446
G0 F9600 X165.346 Y125.682
G0 X127.704 Y124.48
G1 F2100 E2013.97446
G1 F1710 X126.885 Y123.661 E2014.00886
G0 F9600 X126.348 Y123.661
G1 F1710 X127.029 Y124.342 E2014.03746
G0 F9600 X126.489 Y124.339
G1 F1710 X125.811 Y123.661 E2014.06594
G0 F9600 X125.273 Y123.661
G1 F1710 X125.951 Y124.339 E2014.09442
G0 F9600 X125.414 Y124.339
G1 F1710 X125.209 Y124.134 E2014.10303
G0 F9600 X125.26 Y124.134
G1 F4200 E2013.10303
G1 F1500 Z7.3
G0 F9600 X125.26 Y124.134 Z7.3
G0 X180.996 Y124.5
;TYPE:WALL-INNER
G1 F1500 Z7
G1 F2100 E2014.10303
G1 F1800 X180.996 Y123.5 E2014.13496
G1 X178.048 Y123.5 E2014.22909
G1 X178.048 Y124.5 E2014.26102
G1 X180.996 Y124.5 E2014.35515
G0 F9600 X181.396 Y124.9
G1 F1800 X181.396 Y123.1 E2014.41262
G1 X177.648 Y123.1 E2014.53229
G1 X177.648 Y124.9 E2014.58977
G1 X181.396 Y124.9 E2014.70944
G0 F9600 X181.796 Y125.3
G0 X181.796 Y125.3 Z6.99
;TYPE:WALL-OUTER
G1 F1800 X181.796 Y125.1 Z7 E2014.7158
G1 X181.796 Y122.7 E2014.79403
G1 X177.248 Y122.7 E2014.94227
G1 X177.248 Y125.3 E2015.02702
G1 X181.796 Y125.3 E2015.17526
G1 X181.796 Y125.1 E2015.18162
G0 F9600 X181.796 Y124.3
G0 X181.089 Y124.3
G0 X180.663 Y124.167
;TYPE:SKIN
G1 F1922.5 X178.377 Y124.167 E2015.24201
G1 X178.377 Y123.829 E2015.25094
G1 X180.663 Y123.829 E2015.31133
G1 X180.663 Y124.167 E2015.32026
G1 F4200 E2014.32026
G1 F1500 Z7.3
;MESH:NONMESH
G0 F9600 X180.663 Y124.167 Z7.3
G0 X159.964 Y140.92
;TIME_ELAPSED:2533.657729
;LAYER:35
;MESH:LC-GR3005??????RFID?????????-WB.stl
G0 X159.964 Y140.92 Z7.5
;TYPE:WALL-INNER
G1 F1500 Z7.2
G1 F2100 E2015.32026
G1 F1800 X160.219 Y140.625 E2015.33271
G1 X160.675 Y140.243 E2015.35171
G1 X161.119 Y139.97 E2015.36835
G1 X161.516 Y139.785 E2015.38233
G1 X162.249 Y139.565 E2015.40677
G1 X162.912 Y139.503 E2015.42803
G1 X169.089 Y139.5 E2015.62526
G1 X169.615 Y139.397 E2015.64238
G1 X169.913 Y139.273 E2015.65268
G1 X170.176 Y139.113 E2015.66251
G1 X170.408 Y138.912 E2015.67231
G1 X170.611 Y138.675 E2015.68228
G1 X170.774 Y138.408 E2015.69226
G1 X170.898 Y138.11 E2015.70257
G1 X171 Y137.594 E2015.71936
G1 X171 Y126.47 E2016.07455
G1 X171.058 Y126.009 E2016.08939
G1 X171.206 Y125.616 E2016.1028
G1 X171.345 Y125.378 E2016.1116
G1 X171.682 Y124.999 E2016.12779
G1 X171.89 Y124.839 E2016.13617
G1 X172.164 Y124.689 E2016.14614
G1 X172.606 Y124.547 E2016.16097
G1 X172.912 Y124.5 E2016.17085
G1 X180.976 Y124.5 E2016.42833
G1 X180.976 Y123.5 E2016.46026
G1 X119.02 Y123.5 E2018.4385
G1 X119.02 Y124.5 E2018.47043
G1 X127 Y124.5 E2018.72523
G1 X127.381 Y124.539 E2018.73746
G1 X127.88 Y124.706 E2018.75426
G1 X128.118 Y124.845 E2018.76306
G1 X128.497 Y125.182 E2018.77925
G1 X128.657 Y125.39 E2018.78763
G1 X128.814 Y125.686 E2018.79833
G1 X129.001 Y126.326 E2018.81962
G1 X129 Y137.594 E2019.1794
G1 X129.1 Y138.115 E2019.19634
G1 X129.222 Y138.408 E2019.20648
G1 X129.385 Y138.675 E2019.21647
G1 X129.586 Y138.91 E2019.22634
G1 X129.823 Y139.113 E2019.2363
G1 X130.085 Y139.274 E2019.24612
G1 X130.381 Y139.397 E2019.25636
G1 X130.907 Y139.5 E2019.27347
G1 X137.11 Y139.503 E2019.47153
G1 X137.74 Y139.573 E2019.49177
G1 X138.509 Y139.79 E2019.51728
G1 X138.977 Y140.023 E2019.53398
G1 X139.448 Y140.339 E2019.55209
G1 X139.876 Y140.723 E2019.57045
G1 X140.048 Y140.92 E2019.5788
G1 X159.573 Y140.92 E2020.20222
G0 F1620 X159.964 Y140.92
G0 F9600 X160.157 Y141.32
G1 F1800 X160.482 Y140.927 E2020.21851
G1 X160.89 Y140.581 E2020.23559
G1 X161.292 Y140.33 E2020.25072
G1 X161.65 Y140.162 E2020.26335
G1 X162.327 Y139.959 E2020.28592
G1 X162.948 Y139.902 E2020.30583
G1 X169.114 Y139.9 E2020.50271
G1 X169.738 Y139.779 E2020.523
G1 X170.095 Y139.631 E2020.53534
G1 X170.413 Y139.437 E2020.54723
G1 X170.693 Y139.195 E2020.55905
G1 X170.936 Y138.91 E2020.57101
G1 X171.131 Y138.59 E2020.58297
G1 X171.28 Y138.236 E2020.59524
G1 X171.4 Y137.617 E2020.61537
G1 X171.4 Y126.48 E2020.97097
G1 X171.448 Y126.101 E2020.98317
G1 X171.576 Y125.768 E2020.99456
G1 X171.819 Y125.421 E2021.00809
G1 X172.134 Y125.156 E2021.02123
G1 X172.298 Y125.066 E2021.0272
G1 X172.912 Y124.9 E2021.04751
G1 X181.376 Y124.9 E2021.31777
G1 X181.376 Y123.1 E2021.37524
G1 X118.62 Y123.1 E2023.37902
G1 X118.62 Y124.9 E2023.4365
G1 X127.075 Y124.904 E2023.70646
G1 X127.484 Y124.976 E2023.71972
G1 X127.728 Y125.076 E2023.72814
G1 X128.075 Y125.319 E2023.74167
G1 X128.34 Y125.634 E2023.75481
G1 X128.434 Y125.811 E2023.76121
G1 X128.596 Y126.338 E2023.77881
G1 X128.6 Y137.617 E2024.13895
G1 X128.718 Y138.239 E2024.15916
G1 X128.865 Y138.59 E2024.17131
G1 X129.06 Y138.91 E2024.18328
G1 X129.302 Y139.194 E2024.19519
G1 X129.587 Y139.437 E2024.20715
G1 X129.902 Y139.631 E2024.21896
G1 X130.258 Y139.779 E2024.23127
G1 X130.882 Y139.9 E2024.25157
G1 X137.077 Y139.902 E2024.44937
G1 X137.632 Y139.958 E2024.46719
G1 X138.367 Y140.166 E2024.49158
G1 X138.762 Y140.361 E2024.50564
G1 X139.181 Y140.637 E2024.52166
G1 X139.609 Y141.021 E2024.54002
G1 X139.848 Y141.32 E2024.55224
G1 X159.766 Y141.32 E2025.18822
G0 F1620 X160.157 Y141.32
G0 F9600 X159.99 Y141.021
G0 X160.634 Y140.467
G0 X165.674 Y137.419
G1 F1800 X165.124 Y137.5 E2025.20597
G1 X134.904 Y137.496 E2026.17089
G1 X134.315 Y137.418 E2026.18986
G1 X133.756 Y137.228 E2026.20871
G1 X133.258 Y136.938 E2026.22711
G1 X132.81 Y136.546 E2026.24612
G1 X132.448 Y136.072 E2026.26516
G1 X132.21 Y135.6 E2026.28204
G1 X132.045 Y135.024 E2026.30117
G1 X132 Y134.624 E2026.31402
G1 X132.004 Y128.404 E2026.51263
G1 X132.082 Y127.815 E2026.5316
G1 X132.268 Y127.263 E2026.5502
G1 X132.491 Y126.849 E2026.56521
G1 X132.809 Y126.45 E2026.5815
G1 X133.33 Y125.995 E2026.60359
G1 X133.896 Y125.709 E2026.62384
G1 X134.313 Y125.58 E2026.63777
G1 X134.784 Y125.5 E2026.65303
G1 X165.082 Y125.503 E2027.62043
G1 X165.69 Y125.581 E2027.64001
G1 X166.232 Y125.768 E2027.65831
G1 X166.573 Y125.948 E2027.67063
G1 X167.123 Y126.369 E2027.69274
G1 X167.519 Y126.871 E2027.71316
G1 X167.74 Y127.278 E2027.72794
G1 X167.919 Y127.822 E2027.74623
G1 X168 Y128.372 E2027.76398
G1 X167.996 Y134.592 E2027.96258
G1 X167.918 Y135.181 E2027.98156
G1 X167.791 Y135.6 E2027.99553
G1 X167.544 Y136.08 E2028.01277
G1 X167.125 Y136.625 E2028.03472
G1 X166.58 Y137.044 E2028.05667
G1 X166.1 Y137.291 E2028.07391
G1 X166.048 Y137.307 E2028.07564
G0 F1620 X165.674 Y137.419
G0 F9600 X165.966 Y136.914
G1 F1800 X165.478 Y137.054 E2028.09186
G1 X165.124 Y137.1 E2028.10325
G1 X134.944 Y137.098 E2029.06689
G1 X134.544 Y137.058 E2029.07973
G1 X133.999 Y136.906 E2029.09779
G1 X133.512 Y136.629 E2029.11568
G1 X133.119 Y136.292 E2029.13221
G1 X132.801 Y135.885 E2029.1487
G1 X132.586 Y135.466 E2029.16374
G1 X132.441 Y134.97 E2029.18024
G1 X132.4 Y134.624 E2029.19137
G1 X132.402 Y128.444 E2029.38869
G1 X132.442 Y128.044 E2029.40153
G1 X132.577 Y127.558 E2029.41763
G1 X132.827 Y127.066 E2029.43525
G1 X133.204 Y126.619 E2029.45393
G1 X133.611 Y126.301 E2029.47042
G1 X134.03 Y126.086 E2029.48545
G1 X134.526 Y125.941 E2029.50195
G1 X134.872 Y125.9 E2029.51308
G1 X165.046 Y125.902 E2030.47653
G1 X165.571 Y125.963 E2030.4934
G1 X166.045 Y126.121 E2030.50936
G1 X166.385 Y126.301 E2030.52164
G1 X166.792 Y126.619 E2030.53813
G1 X167.177 Y127.079 E2030.55729
G1 X167.383 Y127.459 E2030.57109
G1 X167.554 Y128.018 E2030.58975
G1 X167.6 Y128.372 E2030.60115
G1 X167.598 Y134.552 E2030.79848
G1 X167.558 Y134.952 E2030.81131
G1 X167.414 Y135.466 E2030.82835
G1 X167.132 Y135.981 E2030.8471
G1 X166.792 Y136.377 E2030.86377
G1 X166.39 Y136.692 E2030.88007
G1 X166.312 Y136.733 E2030.88289
G0 F1620 X165.966 Y136.914
G0 F9600 X165.832 Y136.537
G0 X165.832 Y136.537 Z7.19
;TYPE:WALL-OUTER
G1 F1800 X165.64 Y136.594 Z7.2 E2030.88926
G1 X165.446 Y136.652 E2030.89586
G1 X165.154 Y136.698 E2030.9055
G1 X134.984 Y136.7 E2031.88889
G1 X134.584 Y136.66 E2031.90199
G1 X134.174 Y136.54 E2031.91591
G1 X133.765 Y136.319 E2031.93107
G1 X133.429 Y136.039 E2031.94532
G1 X133.175 Y135.729 E2031.95839
G1 X132.96 Y135.323 E2031.97336
G1 X132.837 Y134.916 E2031.98722
G1 X132.801 Y134.652 E2031.9959
G1 X132.8 Y128.484 E2032.19695
G1 X132.84 Y128.084 E2032.21005
G1 X132.975 Y127.638 E2032.22524
G1 X133.163 Y127.283 E2032.23833
G1 X133.457 Y126.929 E2032.25333
G1 X133.798 Y126.655 E2032.26759
G1 X134.173 Y126.46 E2032.28137
G1 X134.58 Y126.337 E2032.29523
G1 X134.845 Y126.301 E2032.30394
G1 X165.01 Y126.3 E2033.28717
G1 X165.41 Y126.336 E2033.30026
G1 X165.858 Y126.475 E2033.31555
G1 X166.231 Y126.677 E2033.32938
G1 X166.567 Y126.957 E2033.34363
G1 X166.823 Y127.27 E2033.35681
G1 X167.027 Y127.641 E2033.37061
G1 X167.152 Y128.05 E2033.38455
G1 X167.198 Y128.342 E2033.39419
G1 X167.2 Y134.512 E2033.5953
G1 X167.152 Y134.95 E2033.60966
G1 X167.037 Y135.332 E2033.62266
G1 X166.819 Y135.731 E2033.63748
G1 X166.539 Y136.067 E2033.65174
G1 X166.2 Y136.34 E2033.66593
G1 X165.998 Y136.448 E2033.67339
G0 F1620 X165.832 Y136.537
G0 X165.64 Y136.594
G0 F9600 X165.446 Y136.652
G0 X165.154 Y136.698
G0 X164.852 Y136.698
G0 X164.852 Y137.41
G0 X161.121 Y140.106
G0 X159.99 Y141.021
G0 X160.351 Y141.72
G0 X160.351 Y141.72 Z7.19
G1 F1800 X160.475 Y141.563 Z7.2 E2033.67976
G1 X160.719 Y141.255 E2033.69257
G1 X161.104 Y140.919 E2033.70922
G1 X161.465 Y140.691 E2033.72314
G1 X161.784 Y140.539 E2033.73466
G1 X162.421 Y140.352 E2033.7563
G1 X162.985 Y140.3 E2033.77476
G1 X169.139 Y140.3 E2033.97535
G1 X169.862 Y140.161 E2033.99935
G1 X170.277 Y139.989 E2034.01399
G1 X170.649 Y139.761 E2034.02821
G1 X170.977 Y139.478 E2034.04233
G1 X171.261 Y139.146 E2034.05657
G1 X171.489 Y138.772 E2034.07085
G1 X171.661 Y138.361 E2034.08537
G1 X171.766 Y137.928 E2034.09989
G1 X171.8 Y137.64 E2034.10935
G1 X171.801 Y126.471 E2034.4734
G1 X171.837 Y126.193 E2034.48254
G1 X171.974 Y125.872 E2034.49391
G1 X172.134 Y125.668 E2034.50236
G1 X172.432 Y125.443 E2034.51453
G1 X172.878 Y125.3 E2034.5298
G1 X181.776 Y125.3 E2034.81983
G1 X181.776 Y122.7 E2034.90458
G1 X118.22 Y122.7 E2036.97618
G1 X118.22 Y125.3 E2037.06093
G1 X127.025 Y125.301 E2037.34793
G1 X127.332 Y125.346 E2037.35804
G1 X127.624 Y125.474 E2037.36843
G1 X127.828 Y125.634 E2037.37688
G1 X128.054 Y125.937 E2037.3892
G1 X128.201 Y126.412 E2037.40541
G1 X128.2 Y137.64 E2037.77139
G1 X128.336 Y138.362 E2037.79533
G1 X128.507 Y138.772 E2037.80981
G1 X128.735 Y139.146 E2037.82409
G1 X129.018 Y139.478 E2037.83831
G1 X129.351 Y139.761 E2037.85255
G1 X129.72 Y139.989 E2037.86669
G1 X130.134 Y140.161 E2037.8813
G1 X130.857 Y140.3 E2037.9053
G1 X137.045 Y140.3 E2038.107
G1 X137.523 Y140.343 E2038.12264
G1 X138.235 Y140.547 E2038.14678
G1 X138.548 Y140.699 E2038.15813
G1 X138.914 Y140.935 E2038.17232
G1 X139.368 Y141.347 E2038.1923
G1 X139.648 Y141.72 E2038.20751
G1 X160.163 Y141.72 E2038.87619
G0 F1620 X160.351 Y141.72
G0 X160.475 Y141.563
G0 F9600 X160.719 Y141.255
G0 X161.025 Y140.988
G1 F4200 E2037.87619
G0 F9600 X160.562 Y140.451
G0 X134.444 Y137.299
G0 X133.908 Y137.136
G0 X133.415 Y136.873
G0 X132.983 Y136.517
G0 X132.627 Y136.085
G0 X132.364 Y135.592
G0 X128.607 Y125.572
G0 X127.929 Y124.893
G0 X122.779 Y124.167
;TYPE:SKIN
G1 F2100 E2038.87619
G1 F1922.5 X119.349 Y124.167 E2038.96681
G1 X119.349 Y123.829 E2038.97574
G1 X122.779 Y123.829 E2039.06635
G1 X122.779 Y124.167 E2039.07528
G0 F9600 X127.008 Y124.167
G1 F1922.5 X124.217 Y124.167 E2039.14901
G1 X124.217 Y123.829 E2039.15794
G1 X127.062 Y123.829 E2039.23311
G1 F1928.2 X127.008 Y124.167 E2039.24212
G1 F4200 E2038.24212
G0 F9600 X180.643 Y124.167
G1 F2100 E2039.24212
G1 F1922.5 X177.217 Y124.167 E2039.33263
G1 X177.217 Y123.829 E2039.34156
G1 X180.643 Y123.829 E2039.43207
G1 X180.643 Y124.167 E2039.441
G0 F9600 X175.779 Y124.167
G1 F1922.5 X172.985 Y124.167 E2039.51481
G1 X172.933 Y123.829 E2039.52385
G1 X175.779 Y123.829 E2039.59903
G1 X175.779 Y124.167 E2039.60796
G1 F4200 E2038.60796
G0 F9600 X172.495 Y124.717
G0 X171.687 Y125.187
G0 X171.226 Y125.974
G0 X169.931 Y139.074
G1 F2100 E2039.60796
G1 F1710 X170.565 Y138.44 E2039.63459
G0 F9600 X170.827 Y137.641
G1 F1710 X169.141 Y139.327 E2039.70541
G0 F9600 X168.591 Y139.34
G1 F1710 X170.838 Y137.092 E2039.79982
G0 F9600 X170.838 Y136.555
G1 F1710 X168.054 Y139.34 E2039.91678
G0 F9600 X167.516 Y139.34
G1 F1710 X170.838 Y136.018 E2040.05631
G0 F9600 X170.838 Y135.48
G1 F1710 X166.978 Y139.341 E2040.21847
G0 F9600 X166.44 Y139.341
G1 F1710 X170.838 Y134.943 E2040.4032
G0 F9600 X170.838 Y134.405
G1 F1710 X165.902 Y139.342 E2040.61056
G0 F9600 X165.365 Y139.342
G1 F1710 X170.838 Y133.868 E2040.84047
G0 F9600 X170.838 Y133.331
G1 F1710 X164.827 Y139.342 E2041.09295
G0 F9600 X164.289 Y139.342
G1 F1710 X166.227 Y137.404 E2041.17436
G0 F9600 X165.479 Y137.616
G1 F1710 X163.751 Y139.343 E2041.24692
G0 F9600 X163.214 Y139.343
G1 F1710 X164.897 Y137.66 E2041.31761
G0 F9600 X164.359 Y137.66
G1 F1710 X162.653 Y139.367 E2041.38929
G0 F9600 X162.014 Y139.468
G1 F1710 X163.822 Y137.66 E2041.46523
G0 F9600 X163.284 Y137.66
G1 F1710 X161.183 Y139.762 E2041.5535
G0 F9600 X159.648 Y140.76
G1 F1710 X162.747 Y137.66 E2041.6837
G0 F9600 X162.21 Y137.66
G1 F1710 X159.11 Y140.76 E2041.81391
G0 F9600 X158.573 Y140.76
G1 F1710 X161.672 Y137.66 E2041.9441
G0 F9600 X161.135 Y137.66
G1 F1710 X158.036 Y140.76 E2042.07429
G0 F9600 X157.498 Y140.76
G1 F1710 X160.598 Y137.66 E2042.2045
G0 F9600 X160.061 Y137.66
G1 F1710 X156.961 Y140.76 E2042.33472
G0 F9600 X156.423 Y140.76
G1 F1710 X159.523 Y137.66 E2042.46493
G0 F9600 X158.986 Y137.66
G1 F1710 X155.886 Y140.76 E2042.59514
G0 F9600 X155.349 Y140.76
G1 F1710 X158.448 Y137.66 E2042.72533
G0 F9600 X157.911 Y137.66
G1 F1710 X154.811 Y140.76 E2042.85554
G0 F9600 X154.274 Y140.76
G1 F1710 X157.374 Y137.66 E2042.98576
G0 F9600 X156.836 Y137.66
G1 F1710 X153.736 Y140.76 E2043.11597
G0 F9600 X153.199 Y140.76
G1 F1710 X156.3 Y137.659 E2043.24622
G0 F9600 X155.762 Y137.659
G1 F1710 X152.662 Y140.76 E2043.37646
G0 F9600 X152.124 Y140.76
G1 F1710 X155.225 Y137.659 E2043.50671
G0 F9600 X154.687 Y137.659
G1 F1710 X151.587 Y140.76 E2043.63694
G0 F9600 X151.049 Y140.76
G1 F1710 X154.15 Y137.659 E2043.7672
G0 F9600 X153.613 Y137.659
G1 F1710 X150.512 Y140.76 E2043.89745
G0 F9600 X149.975 Y140.76
G1 F1710 X153.075 Y137.659 E2044.02769
G0 F9600 X152.538 Y137.659
G1 F1710 X149.437 Y140.76 E2044.15794
G0 F9600 X148.9 Y140.76
G1 F1710 X152.001 Y137.658 E2044.28822
G0 F9600 X151.464 Y137.658
G1 F1710 X148.362 Y140.76 E2044.41851
G0 F9600 X147.825 Y140.76
G1 F1710 X150.926 Y137.658 E2044.54879
G0 F9600 X150.389 Y137.658
G1 F1710 X147.288 Y140.76 E2044.67906
G0 F9600 X146.75 Y140.76
G1 F1710 X149.851 Y137.658 E2044.80934
G0 F9600 X149.314 Y137.658
G1 F1710 X146.213 Y140.76 E2044.93961
G0 F9600 X145.675 Y140.76
G1 F1710 X148.777 Y137.658 E2045.06991
G0 F9600 X148.239 Y137.658
G1 F1710 X145.138 Y140.76 E2045.20019
G0 F9600 X144.601 Y140.76
G1 F1710 X147.703 Y137.657 E2045.3305
G0 F9600 X147.165 Y137.657
G1 F1710 X144.063 Y140.76 E2045.46082
G0 F9600 X143.526 Y140.76
G1 F1710 X146.628 Y137.657 E2045.59114
G0 F9600 X146.09 Y137.657
G1 F1710 X142.988 Y140.76 E2045.72145
G0 F9600 X142.451 Y140.76
G1 F1710 X145.553 Y137.657 E2045.85177
G0 F9600 X145.016 Y137.657
G1 F1710 X141.914 Y140.76 E2045.98209
G0 F9600 X141.376 Y140.76
G1 F1710 X144.478 Y137.657 E2046.11241
G0 F9600 X143.941 Y137.657
G1 F1710 X140.839 Y140.76 E2046.24272
G0 F9600 X140.301 Y140.76
G1 F1710 X143.404 Y137.657 E2046.37306
G0 F9600 X142.867 Y137.657
G1 F1710 X139.95 Y140.574 E2046.49559
G0 F9600 X139.667 Y140.319
G1 F1710 X142.329 Y137.657 E2046.6074
G0 F9600 X141.792 Y137.657
G1 F1710 X139.361 Y140.088 E2046.70951
G0 F9600 X139.037 Y139.874
G1 F1710 X141.254 Y137.657 E2046.80264
G0 F9600 X140.717 Y137.657
G1 F1710 X138.679 Y139.695 E2046.88824
G0 F9600 X138.278 Y139.559
G1 F1710 X140.18 Y137.657 E2046.96813
G0 F9600 X139.642 Y137.657
G1 F1710 X137.859 Y139.44 E2047.04303
G0 F9600 X137.388 Y139.374
G1 F1710 X139.106 Y137.656 E2047.11519
G0 F9600 X138.568 Y137.656
G1 F1710 X136.882 Y139.342 E2047.18601
G0 F9600 X136.344 Y139.342
G1 F1710 X138.031 Y137.656 E2047.25685
G0 F9600 X137.493 Y137.656
G1 F1710 X135.808 Y139.342 E2047.32765
G0 F9600 X135.27 Y139.342
G1 F1710 X136.956 Y137.656 E2047.39846
G0 F9600 X136.419 Y137.656
G1 F1710 X134.733 Y139.342 E2047.46928
G0 F9600 X134.196 Y139.341
G1 F1710 X135.881 Y137.656 E2047.54006
G0 F9600 X135.344 Y137.656
G1 F1710 X133.659 Y139.341 E2047.61084
G0 F9600 X133.122 Y139.34
G1 F1710 X134.814 Y137.648 E2047.68191
G0 F9600 X134.347 Y137.578
G1 F1710 X132.585 Y139.34 E2047.75592
G0 F9600 X132.048 Y139.34
G1 F1710 X133.921 Y137.467 E2047.83459
G0 F9600 X133.558 Y137.293
G1 F1710 X131.511 Y139.34 E2047.92057
G0 F9600 X130.973 Y139.34
G1 F1710 X133.22 Y137.093 E2048.01496
G0 F9600 X132.915 Y136.861
G1 F1710 X130.515 Y139.26 E2048.11574
G0 F9600 X130.127 Y139.111
G1 F1710 X132.651 Y136.587 E2048.22176
G0 F9600 X132.399 Y136.302
G1 F1710 X129.81 Y138.891 E2048.33051
G0 F9600 X129.547 Y138.616
G1 F1710 X132.208 Y135.955 E2048.44228
G0 F9600 X132.039 Y135.586
G1 F1710 X129.344 Y138.282 E2048.55551
G0 F9600 X129.216 Y137.872
G1 F1710 X131.92 Y135.168 E2048.66908
G0 F9600 X131.847 Y134.704
G1 F1710 X129.162 Y137.389 E2048.78186
G0 F9600 X129.162 Y136.852
G1 F1710 X131.839 Y134.174 E2048.89433
G0 F9600 X131.84 Y133.636
G1 F1710 X129.162 Y136.315 E2049.00684
G0 F9600 X129.162 Y135.777
G1 F1710 X131.84 Y133.099 E2049.11932
G0 F9600 X131.841 Y132.561
G1 F1710 X129.162 Y135.24 E2049.23185
G0 F9600 X129.162 Y134.702
G1 F1710 X131.841 Y132.023 E2049.34438
G0 F9600 X131.841 Y131.485
G1 F1710 X129.162 Y134.165 E2049.45693
G0 F9600 X129.162 Y133.628
G1 F1710 X131.842 Y130.947 E2049.56952
G0 F9600 X131.842 Y130.41
G1 F1710 X129.162 Y133.09 E2049.68209
G0 F9600 X129.162 Y132.553
G1 F1710 X131.843 Y129.871 E2049.79473
G0 F9600 X131.843 Y129.334
G1 F1710 X129.162 Y132.015 E2049.90734
G0 F9600 X129.162 Y131.477
G1 F1710 X131.844 Y128.796 E2050.01997
G0 F9600 X131.865 Y128.237
G1 F1710 X129.162 Y130.94 E2050.13351
G0 F9600 X129.162 Y130.403
G1 F1710 X131.997 Y127.568 E2050.25259
G0 F9600 X129.162 Y127.716
G1 F1710 X133.217 Y123.661 E2050.42292
G0 F9600 X133.754 Y123.661
G1 F1710 X129.162 Y128.253 E2050.6158
G0 F9600 X129.162 Y128.79
G1 F1710 X134.292 Y123.661 E2050.83126
G0 F9600 X134.829 Y123.661
G1 F1710 X129.162 Y129.328 E2051.0693
G0 F9600 X129.162 Y129.865
G1 F1710 X135.366 Y123.661 E2051.32989
G0 F9600 X135.904 Y123.661
G1 F1710 X134.07 Y125.494 E2051.4069
G0 F9600 X134.748 Y125.354
G1 F1710 X136.441 Y123.661 E2051.47802
G0 F9600 X136.979 Y123.661
G1 F1710 X135.3 Y125.34 E2051.54854
G0 F9600 X135.837 Y125.34
G1 F1710 X137.516 Y123.661 E2051.61907
G0 F9600 X138.053 Y123.661
G1 F1710 X136.375 Y125.34 E2051.68957
G0 F9600 X136.912 Y125.34
G1 F1710 X138.591 Y123.661 E2051.76009
G0 F9600 X139.128 Y123.661
G1 F1710 X137.45 Y125.34 E2051.8306
G0 F9600 X137.987 Y125.34
G1 F1710 X139.666 Y123.661 E2051.90112
G0 F9600 X140.203 Y123.661
G1 F1710 X138.524 Y125.34 E2051.97165
G0 F9600 X139.062 Y125.34
G1 F1710 X140.74 Y123.661 E2052.04215
G0 F9600 X141.278 Y123.661
G1 F1710 X139.599 Y125.34 E2052.11268
G0 F9600 X140.136 Y125.34
G1 F1710 X141.815 Y123.661 E2052.1832
G0 F9600 X142.353 Y123.661
G1 F1710 X140.673 Y125.34 E2052.25375
G0 F9600 X141.211 Y125.34
G1 F1710 X142.89 Y123.661 E2052.32427
G0 F9600 X143.427 Y123.661
G1 F1710 X141.748 Y125.34 E2052.3948
G0 F9600 X142.285 Y125.34
G1 F1710 X143.965 Y123.661 E2052.46534
G0 F9600 X144.502 Y123.661
G1 F1710 X142.823 Y125.34 E2052.53587
G0 F9600 X143.36 Y125.34
G1 F1710 X145.04 Y123.661 E2052.60641
G0 F9600 X145.577 Y123.661
G1 F1710 X143.898 Y125.34 E2052.67694
G0 F9600 X144.435 Y125.34
G1 F1710 X146.114 Y123.661 E2052.74746
G0 F9600 X146.652 Y123.661
G1 F1710 X144.972 Y125.341 E2052.81803
G0 F9600 X145.509 Y125.341
G1 F1710 X147.189 Y123.661 E2052.88859
G0 F9600 X147.727 Y123.661
G1 F1710 X146.047 Y125.341 E2052.95916
G0 F9600 X146.584 Y125.341
G1 F1710 X148.264 Y123.661 E2053.02973
G0 F9600 X148.801 Y123.661
G1 F1710 X147.121 Y125.341 E2053.10029
G0 F9600 X147.659 Y125.341
G1 F1710 X149.339 Y123.661 E2053.17086
G0 F9600 X149.876 Y123.661
G1 F1710 X148.196 Y125.341 E2053.24143
G0 F9600 X148.734 Y125.341
G1 F1710 X150.414 Y123.661 E2053.31199
G0 F9600 X150.951 Y123.661
G1 F1710 X149.271 Y125.341 E2053.38256
G0 F9600 X149.808 Y125.341
G1 F1710 X151.488 Y123.661 E2053.45313
G0 F9600 X152.026 Y123.661
G1 F1710 X150.345 Y125.342 E2053.52374
G0 F9600 X150.882 Y125.342
G1 F1710 X152.563 Y123.661 E2053.59435
G0 F9600 X153.101 Y123.661
G1 F1710 X151.42 Y125.342 E2053.66495
G0 F9600 X151.957 Y125.342
G1 F1710 X153.638 Y123.661 E2053.73556
G0 F9600 X154.175 Y123.661
G1 F1710 X152.495 Y125.342 E2053.80615
G0 F9600 X153.032 Y125.342
G1 F1710 X154.713 Y123.661 E2053.87676
G0 F9600 X155.25 Y123.661
G1 F1710 X153.569 Y125.342 E2053.94737
G0 F9600 X154.107 Y125.342
G1 F1710 X155.788 Y123.661 E2054.01798
G0 F9600 X156.325 Y123.661
G1 F1710 X154.644 Y125.342 E2054.08859
G0 F9600 X155.181 Y125.342
G1 F1710 X156.862 Y123.661 E2054.15919
G0 F9600 X157.4 Y123.661
G1 F1710 X155.718 Y125.342 E2054.22982
G0 F9600 X156.256 Y125.342
G1 F1710 X157.937 Y123.661 E2054.30043
G0 F9600 X158.475 Y123.661
G1 F1710 X156.793 Y125.342 E2054.37106
G0 F9600 X157.331 Y125.342
G1 F1710 X159.012 Y123.661 E2054.44167
G0 F9600 X159.549 Y123.661
G1 F1710 X157.868 Y125.342 E2054.51228
G0 F9600 X158.405 Y125.342
G1 F1710 X160.087 Y123.661 E2054.58291
G0 F9600 X160.624 Y123.661
G1 F1710 X158.943 Y125.342 E2054.65352
G0 F9600 X159.48 Y125.342
G1 F1710 X161.162 Y123.661 E2054.72415
G0 F9600 X161.699 Y123.661
G1 F1710 X160.018 Y125.342 E2054.79476
G0 F9600 X160.554 Y125.343
G1 F1710 X162.236 Y123.661 E2054.86541
G0 F9600 X162.774 Y123.661
G1 F1710 X161.092 Y125.343 E2054.93606
G0 F9600 X161.629 Y125.343
G1 F1710 X163.311 Y123.661 E2055.00671
G0 F9600 X163.849 Y123.661
G1 F1710 X162.166 Y125.343 E2055.07738
G0 F9600 X162.704 Y125.343
G1 F1710 X164.386 Y123.661 E2055.14803
G0 F9600 X164.923 Y123.661
G1 F1710 X163.241 Y125.343 E2055.21868
G0 F9600 X163.779 Y125.343
G1 F1710 X165.461 Y123.661 E2055.28933
G0 F9600 X165.998 Y123.661
G1 F1710 X164.316 Y125.343 E2055.35998
G0 F9600 X164.853 Y125.343
G1 F1710 X166.536 Y123.661 E2055.43065
G0 F9600 X167.073 Y123.661
G1 F1710 X165.356 Y125.378 E2055.50278
G0 F9600 X165.819 Y125.453
G1 F1710 X167.61 Y123.661 E2055.57803
G0 F9600 X168.148 Y123.661
G1 F1710 X166.214 Y125.595 E2055.65926
G0 F9600 X166.575 Y125.771
G1 F1710 X168.685 Y123.661 E2055.74789
G0 F9600 X169.223 Y123.661
G1 F1710 X166.891 Y125.992 E2055.84582
G0 F9600 X167.197 Y126.224
G1 F1710 X169.76 Y123.661 E2055.95348
G0 F9600 X170.297 Y123.661
G1 F1710 X167.442 Y126.516 E2056.0734
G0 F9600 X167.675 Y126.821
G1 F1710 X170.835 Y123.661 E2056.20613
G0 F9600 X171.372 Y123.661
G1 F1710 X167.864 Y127.169 E2056.35348
G0 F9600 X168.006 Y127.564
G1 F1710 X171.91 Y123.661 E2056.51744
G0 F9600 X172.447 Y123.661
G1 F1710 X168.116 Y127.992 E2056.69936
G0 F9600 X168.161 Y128.484
G1 F1710 X171.037 Y125.608 E2056.82017
G0 F9600 X170.857 Y126.326
G1 F1710 X168.161 Y129.022 E2056.93341
G0 F9600 X168.161 Y129.56
G1 F1710 X170.838 Y126.882 E2057.04588
G0 F9600 X170.838 Y127.419
G1 F1710 X168.16 Y130.098 E2057.15838
G0 F9600 X168.16 Y130.635
G1 F1710 X170.838 Y127.957 E2057.27087
G0 F9600 X170.838 Y128.494
G1 F1710 X168.159 Y131.173 E2057.3834
G0 F9600 X168.158 Y131.711
G1 F1710 X170.838 Y129.031 E2057.49597
G0 F9600 X170.838 Y129.569
G1 F1710 X168.158 Y132.249 E2057.60854
G0 F9600 X168.158 Y132.787
G1 F1710 X170.838 Y130.106 E2057.72113
G0 F9600 X170.838 Y130.644
G1 F1710 X168.157 Y133.325 E2057.83374
G0 F9600 X168.156 Y133.863
G1 F1710 X170.838 Y131.181 E2057.9464
G0 F9600 X170.838 Y131.718
G1 F1710 X168.156 Y134.4 E2058.05905
G0 F9600 X168.12 Y134.974
G1 F1710 X170.838 Y132.256 E2058.17322
G0 F9600 X170.838 Y132.793
G1 F1710 X167.905 Y135.727 E2058.29644
G1 F4200 E2057.29644
G0 F9600 X171.393 Y125.571
G0 X172.103 Y124.543
G1 F2100 E2058.29644
G1 F1710 X172.772 Y123.874 E2058.32454
G0 F9600 X175.95 Y123.92
G1 F1710 X176.209 Y123.661 E2058.33542
G0 F9600 X176.746 Y123.661
G1 F1710 X176.068 Y124.339 E2058.3639
G0 F9600 X176.606 Y124.339
G1 F1710 X177.05 Y123.894 E2058.38257
G1 F4200 E2057.38257
G0 F9600 X132.679 Y123.661
G1 F2100 E2058.38257
G1 F1710 X129.162 Y127.178 E2058.5303
G0 F9600 X129.162 Y126.641
G1 F1710 X132.142 Y123.661 E2058.65547
G0 F9600 X131.605 Y123.661
G1 F1710 X129.114 Y126.151 E2058.76008
G0 F9600 X128.995 Y125.733
G1 F1710 X131.067 Y123.661 E2058.84711
G0 F9600 X130.53 Y123.661
G1 F1710 X128.825 Y125.366 E2058.91873
G0 F9600 X128.595 Y125.058
G1 F1710 X129.992 Y123.661 E2058.97741
G0 F9600 X129.455 Y123.661
G1 F1710 X128.312 Y124.804 E2059.02542
G0 F9600 X127.991 Y124.587
G1 F1710 X128.918 Y123.661 E2059.06433
G0 F9600 X128.38 Y123.661
G1 F1710 X127.596 Y124.445 E2059.09727
G0 F9600 X127.191 Y124.313
G1 F1710 X127.843 Y123.661 E2059.12465
G0 F9600 X124.051 Y123.691
G1 F1710 X123.403 Y124.339 E2059.15187
G0 F9600 X122.95 Y124.255
G1 F1710 X123.544 Y123.661 E2059.17682
G0 F9600 X123.006 Y123.661
G1 F1710 X122.95 Y123.718 E2059.17919
G0 F9600 X123.94 Y124.339
G1 F1710 X124.051 Y124.229 E2059.18384
G1 F4200 E2058.18384
;MESH:NONMESH
G0 F1500 X124.051 Y124.229 Z7.4
G0 F9600 X127.481 Y124.707
G0 X132.151 Y128.46
G0 X132.151 Y134.687
G0 X132.364 Y135.592
G0 X132.627 Y136.085
G0 X132.983 Y136.517
G0 X133.415 Y136.873
G0 X133.908 Y137.136
G0 X160.31 Y140.564
;TIME_ELAPSED:2589.490029
;LAYER:36
;TYPE:WALL-INNER
;MESH:LC-GR3005??????RFID?????????-WB.stl
G1 F2100 E2059.18384
G1 F1800 X160.628 Y140.275 E2059.19756
G1 X161.144 Y139.959 E2059.21688
G1 X161.74 Y139.702 E2059.2376
G1 X162.195 Y139.582 E2059.25263
G1 X162.755 Y139.5 E2059.2707
G1 X169.089 Y139.5 E2059.47294
G1 X169.615 Y139.397 E2059.49005
G1 X169.913 Y139.273 E2059.50036
G1 X170.176 Y139.113 E2059.51019
G1 X170.408 Y138.912 E2059.51999
G1 X170.611 Y138.675 E2059.52995
G1 X170.774 Y138.408 E2059.53994
G1 X170.896 Y138.115 E2059.55008
G1 X170.97 Y137.804 E2059.56028
G1 X171 Y137.471 E2059.57096
G1 X171 Y126.47 E2059.92222
G1 X171.058 Y126.009 E2059.93705
G1 X171.206 Y125.616 E2059.95046
G1 X171.345 Y125.378 E2059.95926
G1 X171.682 Y124.999 E2059.97546
G1 X171.89 Y124.839 E2059.98384
G1 X172.164 Y124.689 E2059.99381
G1 X172.606 Y124.547 E2060.00863
G1 X172.912 Y124.5 E2060.01852
G1 X180.912 Y124.5 E2060.27396
G1 X180.912 Y123.5 E2060.30589
G1 X119.084 Y123.5 E2062.28004
G1 X119.084 Y124.5 E2062.31197
G1 X127 Y124.5 E2062.56472
G1 X127.381 Y124.539 E2062.57695
G1 X127.88 Y124.706 E2062.59375
G1 X128.118 Y124.845 E2062.60255
G1 X128.497 Y125.182 E2062.61875
G1 X128.657 Y125.39 E2062.62713
G1 X128.814 Y125.686 E2062.63782
G1 X129.001 Y126.326 E2062.65911
G1 X129 Y137.594 E2063.0189
G1 X129.1 Y138.115 E2063.03584
G1 X129.222 Y138.407 E2063.04594
G1 X129.385 Y138.675 E2063.05596
G1 X129.586 Y138.91 E2063.06583
G1 X129.823 Y139.113 E2063.07579
G1 X130.085 Y139.274 E2063.08561
G1 X130.38 Y139.397 E2063.09582
G1 X130.692 Y139.47 E2063.10605
G1 X131.025 Y139.5 E2063.11672
G1 X137.27 Y139.5 E2063.31613
G1 X138.235 Y139.687 E2063.34751
G1 X138.92 Y139.984 E2063.37135
G1 X139.366 Y140.273 E2063.38832
G1 X139.688 Y140.564 E2063.40218
G1 X159.919 Y140.564 E2064.04815
G0 F1620 X160.31 Y140.564
G0 F9600 X160.469 Y140.964
G1 F1800 X160.861 Y140.6 E2064.06523
G1 X161.304 Y140.325 E2064.08188
G1 X161.874 Y140.078 E2064.10171
G1 X162.36 Y139.957 E2064.1177
G1 X162.832 Y139.9 E2064.13288
G1 X169.114 Y139.9 E2064.33347
G1 X169.738 Y139.779 E2064.35376
G1 X170.095 Y139.631 E2064.3661
G1 X170.413 Y139.437 E2064.378
G1 X170.693 Y139.195 E2064.38981
G1 X170.936 Y138.91 E2064.40177
G1 X171.131 Y138.59 E2064.41374
G1 X171.278 Y138.239 E2064.42589
G1 X171.366 Y137.868 E2064.43806
G1 X171.4 Y137.489 E2064.45021
G1 X171.4 Y126.48 E2064.80173
G1 X171.448 Y126.101 E2064.81392
G1 X171.576 Y125.768 E2064.82531
G1 X171.819 Y125.421 E2064.83884
G1 X172.134 Y125.156 E2064.85198
G1 X172.298 Y125.066 E2064.85796
G1 X172.912 Y124.9 E2064.87827
G1 X181.312 Y124.9 E2065.14648
G1 X181.312 Y123.1 E2065.20395
G1 X118.684 Y123.1 E2067.20364
G1 X118.684 Y124.9 E2067.26112
G1 X127.075 Y124.904 E2067.52904
G1 X127.484 Y124.976 E2067.5423
G1 X127.728 Y125.076 E2067.55072
G1 X128.075 Y125.319 E2067.56425
G1 X128.34 Y125.634 E2067.57739
G1 X128.434 Y125.811 E2067.58379
G1 X128.596 Y126.338 E2067.60139
G1 X128.6 Y137.617 E2067.96153
G1 X128.718 Y138.238 E2067.98171
G1 X128.865 Y138.59 E2067.99389
G1 X129.06 Y138.91 E2068.00586
G1 X129.302 Y139.194 E2068.01777
G1 X129.587 Y139.437 E2068.02973
G1 X129.902 Y139.631 E2068.04154
G1 X130.257 Y139.779 E2068.05382
G1 X130.628 Y139.866 E2068.06599
G1 X131.007 Y139.9 E2068.07814
G1 X137.23 Y139.9 E2068.27684
G1 X138.113 Y140.07 E2068.30555
G1 X138.728 Y140.336 E2068.32695
G1 X139.132 Y140.597 E2068.3423
G1 X139.53 Y140.964 E2068.35959
G1 X160.078 Y140.964 E2069.01568
G0 F1620 X160.469 Y140.964
G0 F9600 X160.35 Y140.664
G0 X165.674 Y137.419
G1 F1800 X165.124 Y137.5 E2069.03343
G1 X134.904 Y137.496 E2069.99835
G1 X134.315 Y137.418 E2070.01732
G1 X133.756 Y137.228 E2070.03617
G1 X133.258 Y136.938 E2070.05457
G1 X132.81 Y136.546 E2070.07358
G1 X132.448 Y136.072 E2070.09262
G1 X132.21 Y135.6 E2070.1095
G1 X132.045 Y135.024 E2070.12863
G1 X132 Y134.624 E2070.14148
G1 X132.004 Y128.404 E2070.34009
G1 X132.082 Y127.815 E2070.35906
G1 X132.268 Y127.263 E2070.37766
G1 X132.491 Y126.849 E2070.39267
G1 X132.809 Y126.45 E2070.40896
G1 X133.33 Y125.995 E2070.43105
G1 X133.896 Y125.709 E2070.4513
G1 X134.313 Y125.58 E2070.46523
G1 X134.784 Y125.5 E2070.48049
G1 X165.082 Y125.503 E2071.4479
G1 X165.69 Y125.581 E2071.46747
G1 X166.232 Y125.768 E2071.48577
G1 X166.573 Y125.948 E2071.49809
G1 X167.123 Y126.369 E2071.5202
G1 X167.519 Y126.871 E2071.54062
G1 X167.74 Y127.278 E2071.55541
G1 X167.919 Y127.822 E2071.57369
G1 X168 Y128.372 E2071.59144
G1 X167.996 Y134.592 E2071.79005
G1 X167.918 Y135.181 E2071.80902
G1 X167.771 Y135.665 E2071.82517
G1 X167.464 Y136.205 E2071.845
G1 X167.046 Y136.686 E2071.86535
G1 X166.58 Y137.044 E2071.88411
G1 X166.1 Y137.291 E2071.90135
G1 X166.048 Y137.307 E2071.90308
G0 F1620 X165.674 Y137.419
G0 F9600 X165.966 Y136.914
G1 F1800 X165.478 Y137.054 E2071.91929
G1 X165.124 Y137.1 E2071.93069
G1 X134.944 Y137.098 E2072.89433
G1 X134.544 Y137.058 E2072.90717
G1 X133.999 Y136.906 E2072.92523
G1 X133.512 Y136.629 E2072.94312
G1 X133.119 Y136.292 E2072.95965
G1 X132.801 Y135.885 E2072.97614
G1 X132.586 Y135.466 E2072.99118
G1 X132.441 Y134.97 E2073.00768
G1 X132.4 Y134.624 E2073.01881
G1 X132.402 Y128.444 E2073.21613
G1 X132.442 Y128.044 E2073.22897
G1 X132.577 Y127.558 E2073.24507
G1 X132.827 Y127.066 E2073.26269
G1 X133.204 Y126.619 E2073.28137
G1 X133.611 Y126.301 E2073.29786
G1 X134.03 Y126.086 E2073.31289
G1 X134.526 Y125.941 E2073.32939
G1 X134.872 Y125.9 E2073.34052
G1 X165.046 Y125.902 E2074.30397
G1 X165.571 Y125.963 E2074.32084
G1 X166.045 Y126.121 E2074.3368
G1 X166.385 Y126.301 E2074.34908
G1 X166.792 Y126.619 E2074.36557
G1 X167.177 Y127.079 E2074.38472
G1 X167.383 Y127.459 E2074.39853
G1 X167.554 Y128.018 E2074.41719
G1 X167.6 Y128.372 E2074.42859
G1 X167.598 Y134.552 E2074.62592
G1 X167.558 Y134.952 E2074.63875
G1 X167.414 Y135.466 E2074.65579
G1 X167.144 Y135.965 E2074.67391
G1 X166.792 Y136.377 E2074.69121
G1 X166.39 Y136.692 E2074.70752
G1 X166.312 Y136.733 E2074.71033
G0 F1620 X165.966 Y136.914
G0 F9600 X165.832 Y136.537
G0 X165.832 Y136.537 Z7.39
;TYPE:WALL-OUTER
G1 F1800 X165.64 Y136.594 Z7.4 E2074.71671
G1 X165.446 Y136.652 E2074.72331
G1 X165.154 Y136.698 E2074.73294
G1 X134.984 Y136.7 E2075.71633
G1 X134.584 Y136.66 E2075.72943
G1 X134.174 Y136.54 E2075.74336
G1 X133.765 Y136.319 E2075.75851
G1 X133.429 Y136.039 E2075.77277
G1 X133.176 Y135.731 E2075.78576
G1 X132.96 Y135.323 E2075.80081
G1 X132.837 Y134.916 E2075.81467
G1 X132.801 Y134.652 E2075.82335
G1 X132.8 Y128.484 E2076.0244
G1 X132.84 Y128.084 E2076.0375
G1 X132.975 Y127.638 E2076.05269
G1 X133.163 Y127.283 E2076.06578
G1 X133.457 Y126.929 E2076.08078
G1 X133.798 Y126.655 E2076.09504
G1 X134.173 Y126.46 E2076.10882
G1 X134.58 Y126.337 E2076.12267
G1 X134.845 Y126.301 E2076.13139
G1 X165.01 Y126.3 E2077.11462
G1 X165.41 Y126.336 E2077.12771
G1 X165.858 Y126.475 E2077.143
G1 X166.231 Y126.677 E2077.15682
G1 X166.567 Y126.957 E2077.17108
G1 X166.823 Y127.27 E2077.18426
G1 X167.027 Y127.641 E2077.19806
G1 X167.152 Y128.05 E2077.212
G1 X167.198 Y128.342 E2077.22164
G1 X167.2 Y134.512 E2077.42275
G1 X167.152 Y134.95 E2077.43711
G1 X167.037 Y135.332 E2077.45011
G1 X166.819 Y135.731 E2077.46493
G1 X166.539 Y136.067 E2077.47919
G1 X166.2 Y136.34 E2077.49337
G1 X165.998 Y136.448 E2077.50084
G0 F1620 X165.832 Y136.537
G0 X165.64 Y136.594
G0 F9600 X165.446 Y136.652
G0 X165.154 Y136.698
G0 X164.852 Y136.698
G0 X164.852 Y137.41
G0 X160.35 Y140.664
G0 X160.628 Y141.364
G0 X160.628 Y141.364 Z7.39
G1 F1800 X160.773 Y141.227 Z7.4 E2077.50719
G1 X161.074 Y140.942 E2077.5207
G1 X161.464 Y140.692 E2077.5358
G1 X162.008 Y140.455 E2077.55514
G1 X162.413 Y140.353 E2077.56875
G1 X162.805 Y140.301 E2077.58164
G1 X169.139 Y140.3 E2077.7881
G1 X169.862 Y140.161 E2077.8121
G1 X170.277 Y139.989 E2077.82674
G1 X170.649 Y139.761 E2077.84096
G1 X170.977 Y139.478 E2077.85508
G1 X171.261 Y139.146 E2077.86932
G1 X171.489 Y138.772 E2077.8836
G1 X171.66 Y138.362 E2077.89808
G1 X171.762 Y137.932 E2077.91248
G1 X171.8 Y137.507 E2077.92639
G1 X171.801 Y126.471 E2078.28611
G1 X171.837 Y126.193 E2078.29525
G1 X171.974 Y125.872 E2078.30662
G1 X172.134 Y125.668 E2078.31507
G1 X172.432 Y125.443 E2078.32724
G1 X172.878 Y125.3 E2078.34251
G1 X181.712 Y125.3 E2078.63045
G1 X181.712 Y122.7 E2078.7152
G1 X118.284 Y122.7 E2080.78263
G1 X118.284 Y125.3 E2080.86738
G1 X127.025 Y125.301 E2081.15229
G1 X127.332 Y125.346 E2081.16241
G1 X127.624 Y125.474 E2081.1728
G1 X127.828 Y125.634 E2081.18125
G1 X128.054 Y125.937 E2081.19357
G1 X128.201 Y126.412 E2081.20978
G1 X128.2 Y137.64 E2081.57575
G1 X128.336 Y138.362 E2081.5997
G1 X128.507 Y138.772 E2081.61418
G1 X128.735 Y139.146 E2081.62846
G1 X129.018 Y139.478 E2081.64268
G1 X129.351 Y139.761 E2081.65692
G1 X129.72 Y139.989 E2081.67106
G1 X130.134 Y140.161 E2081.68567
G1 X130.564 Y140.262 E2081.70007
G1 X130.989 Y140.3 E2081.71398
G1 X137.206 Y140.303 E2081.91662
G1 X138.016 Y140.464 E2081.94354
G1 X138.553 Y140.699 E2081.96264
G1 X138.898 Y140.921 E2081.97602
G1 X139.372 Y141.364 E2081.99716
G1 X160.439 Y141.364 E2082.68384
G0 F1620 X160.628 Y141.364
G0 X160.773 Y141.227
G0 F9600 X161.074 Y140.942
G0 X161.398 Y140.735
G1 F4200 E2081.68384
G0 F9600 X161.013 Y140.136
G0 X134.444 Y137.299
G0 X133.908 Y137.136
G0 X133.415 Y136.873
G0 X132.983 Y136.517
G0 X132.627 Y136.085
G0 X132.364 Y135.592
G0 X132.151 Y134.687
G0 X132.151 Y128.46
G0 X127.008 Y124.167
;TYPE:SKIN
G1 F2100 E2082.68384
G1 F1922.5 X119.413 Y124.167 E2082.88449
G1 X119.413 Y123.829 E2082.89342
G1 X127.062 Y123.829 E2083.09549
G1 F1928.2 X127.008 Y124.167 E2083.10451
G1 F4200 E2082.10451
G0 F9600 X180.579 Y124.167
G1 F2100 E2083.10451
G1 F1922.5 X172.985 Y124.167 E2083.30513
G1 X172.933 Y123.829 E2083.31417
G1 X180.579 Y123.829 E2083.51616
G1 X180.579 Y124.167 E2083.52509
G0 F9600 X172.771 Y123.867
G1 F1710 X172.564 Y123.661 E2083.53377
G0 F9600 X172.027 Y123.661
G1 F1710 X172.71 Y124.344 E2083.56245
G0 F9600 X172.304 Y124.475
G1 F1710 X171.49 Y123.661 E2083.59665
G0 F9600 X170.952 Y123.661
G1 F1710 X171.928 Y124.637 E2083.63764
G0 F9600 X171.607 Y124.853
G1 F1710 X170.415 Y123.661 E2083.68771
G0 F9600 X169.877 Y123.661
G1 F1710 X171.35 Y125.133 E2083.74956
G0 F9600 X171.123 Y125.444
G1 F1710 X169.34 Y123.661 E2083.82445
G0 F9600 X168.803 Y123.661
G1 F1710 X170.96 Y125.818 E2083.91506
G0 F9600 X170.866 Y126.262
G1 F1710 X168.265 Y123.661 E2084.02431
G0 F9600 X167.728 Y123.661
G1 F1710 X170.839 Y126.772 E2084.15498
G0 F9600 X170.839 Y127.31
G1 F1710 X167.19 Y123.661 E2084.30826
G0 F9600 X166.653 Y123.661
G1 F1710 X170.839 Y127.847 E2084.48408
G0 F9600 X170.839 Y128.384
G1 F1710 X166.116 Y123.661 E2084.68247
G0 F9600 X165.578 Y123.661
G1 F1710 X170.839 Y128.922 E2084.90345
G0 F9600 X170.839 Y129.459
G1 F1710 X165.041 Y123.661 E2085.14699
G0 F9600 X164.503 Y123.661
G1 F1710 X166.655 Y125.813 E2085.23738
G0 F9600 X165.732 Y125.427
G1 F1710 X163.966 Y123.661 E2085.31156
G0 F9600 X163.429 Y123.661
G1 F1710 X165.113 Y125.345 E2085.3823
G0 F9600 X164.573 Y125.342
G1 F1710 X162.891 Y123.661 E2085.45293
G0 F9600 X162.354 Y123.661
G1 F1710 X164.035 Y125.342 E2085.52354
G0 F9600 X163.498 Y125.342
G1 F1710 X161.816 Y123.661 E2085.59417
G0 F9600 X161.279 Y123.661
G1 F1710 X162.961 Y125.342 E2085.6648
G0 F9600 X162.423 Y125.342
G1 F1710 X160.742 Y123.661 E2085.7354
G0 F9600 X160.204 Y123.661
G1 F1710 X161.886 Y125.342 E2085.80603
G0 F9600 X161.348 Y125.342
G1 F1710 X159.667 Y123.661 E2085.87664
G0 F9600 X159.129 Y123.661
G1 F1710 X160.811 Y125.342 E2085.94727
G0 F9600 X160.274 Y125.342
G1 F1710 X158.592 Y123.661 E2086.0179
G0 F9600 X158.055 Y123.661
G1 F1710 X159.735 Y125.342 E2086.08849
G0 F9600 X159.198 Y125.342
G1 F1710 X157.517 Y123.661 E2086.1591
G0 F9600 X156.98 Y123.661
G1 F1710 X158.661 Y125.342 E2086.22971
G0 F9600 X158.123 Y125.342
G1 F1710 X156.442 Y123.661 E2086.30032
G0 F9600 X155.905 Y123.661
G1 F1710 X157.586 Y125.342 E2086.37092
G0 F9600 X157.048 Y125.342
G1 F1710 X155.368 Y123.661 E2086.44151
G0 F9600 X154.83 Y123.661
G1 F1710 X156.511 Y125.342 E2086.51212
G0 F9600 X155.974 Y125.342
G1 F1710 X154.293 Y123.661 E2086.58273
G0 F9600 X153.755 Y123.661
G1 F1710 X155.436 Y125.342 E2086.65334
G0 F9600 X154.898 Y125.341
G1 F1710 X153.218 Y123.661 E2086.72391
G0 F9600 X152.681 Y123.661
G1 F1710 X154.361 Y125.341 E2086.79447
G0 F9600 X153.823 Y125.341
G1 F1710 X152.143 Y123.661 E2086.86504
G0 F9600 X151.606 Y123.661
G1 F1710 X153.286 Y125.341 E2086.93561
G0 F9600 X152.748 Y125.341
G1 F1710 X151.068 Y123.661 E2087.00617
G0 F9600 X150.531 Y123.661
G1 F1710 X152.211 Y125.341 E2087.07674
G0 F9600 X151.674 Y125.341
G1 F1710 X149.994 Y123.661 E2087.14731
G0 F9600 X149.456 Y123.661
G1 F1710 X151.136 Y125.341 E2087.21787
G0 F9600 X150.599 Y125.341
G1 F1710 X148.919 Y123.661 E2087.28844
G0 F9600 X148.381 Y123.661
G1 F1710 X150.061 Y125.341 E2087.35901
G0 F9600 X149.523 Y125.34
G1 F1710 X147.844 Y123.661 E2087.42953
G0 F9600 X147.307 Y123.661
G1 F1710 X148.986 Y125.34 E2087.50005
G0 F9600 X148.449 Y125.34
G1 F1710 X146.769 Y123.661 E2087.5706
G0 F9600 X146.232 Y123.661
G1 F1710 X147.911 Y125.34 E2087.64112
G0 F9600 X147.374 Y125.34
G1 F1710 X145.694 Y123.661 E2087.71167
G0 F9600 X145.157 Y123.661
G1 F1710 X146.836 Y125.34 E2087.7822
G0 F9600 X146.299 Y125.34
G1 F1710 X144.62 Y123.661 E2087.85272
G0 F9600 X144.082 Y123.661
G1 F1710 X145.762 Y125.34 E2087.92327
G0 F9600 X145.224 Y125.34
G1 F1710 X143.545 Y123.661 E2087.99379
G0 F9600 X143.007 Y123.661
G1 F1710 X144.686 Y125.34 E2088.06432
G0 F9600 X144.149 Y125.34
G1 F1710 X142.47 Y123.661 E2088.13484
G0 F9600 X141.933 Y123.661
G1 F1710 X143.611 Y125.34 E2088.20534
G0 F9600 X143.074 Y125.34
G1 F1710 X141.395 Y123.661 E2088.27587
G0 F9600 X140.858 Y123.661
G1 F1710 X142.536 Y125.34 E2088.34637
G0 F9600 X141.999 Y125.34
G1 F1710 X140.32 Y123.661 E2088.4169
G0 F9600 X139.783 Y123.661
G1 F1710 X141.462 Y125.34 E2088.48742
G0 F9600 X140.924 Y125.34
G1 F1710 X139.246 Y123.661 E2088.55792
G0 F9600 X138.708 Y123.661
G1 F1710 X140.387 Y125.34 E2088.62845
G0 F9600 X139.849 Y125.339
G1 F1710 X138.171 Y123.661 E2088.69893
G0 F9600 X137.633 Y123.661
G1 F1710 X139.311 Y125.339 E2088.76941
G0 F9600 X138.774 Y125.339
G1 F1710 X137.096 Y123.661 E2088.8399
G0 F9600 X136.559 Y123.661
G1 F1710 X138.237 Y125.339 E2088.91038
G0 F9600 X137.699 Y125.339
G1 F1710 X136.021 Y123.661 E2088.98086
G0 F9600 X135.484 Y123.661
G1 F1710 X137.162 Y125.339 E2089.05135
G0 F9600 X136.624 Y125.339
G1 F1710 X134.946 Y123.661 E2089.12183
G0 F9600 X134.409 Y123.661
G1 F1710 X136.087 Y125.339 E2089.19231
G0 F9600 X135.55 Y125.339
G1 F1710 X133.872 Y123.661 E2089.26279
G0 F9600 X133.334 Y123.661
G1 F1710 X135.012 Y125.339 E2089.33328
G0 F9600 X134.514 Y125.379
G1 F1710 X132.797 Y123.661 E2089.40542
G0 F9600 X132.259 Y123.661
G1 F1710 X134.087 Y125.489 E2089.4822
G0 F9600 X133.693 Y125.632
G1 F1710 X131.722 Y123.661 E2089.56499
G0 F9600 X131.185 Y123.661
G1 F1710 X133.335 Y125.811 E2089.6553
G0 F9600 X133.03 Y126.044
G1 F1710 X130.647 Y123.661 E2089.7554
G0 F9600 X130.11 Y123.661
G1 F1710 X132.745 Y126.296 E2089.86608
G0 F9600 X132.498 Y126.586
G1 F1710 X129.572 Y123.661 E2089.98896
G0 F9600 X129.035 Y123.661
G1 F1710 X132.279 Y126.905 E2090.12522
G0 F9600 X132.101 Y127.264
G1 F1710 X128.498 Y123.661 E2090.27656
G0 F9600 X127.96 Y123.661
G1 F1710 X131.965 Y127.665 E2090.44476
G0 F9600 X131.882 Y128.12
G1 F1710 X127.423 Y123.661 E2090.63206
G0 F9600 X127.209 Y123.985
G1 F1710 X127.703 Y124.479 E2090.65281
G0 F9600 X129.009 Y125.784
G1 F1710 X131.844 Y128.62 E2090.77191
G0 F9600 X131.844 Y129.157
G1 F1710 X129.162 Y126.475 E2090.88457
G0 F9600 X129.162 Y127.012
G1 F1710 X131.844 Y129.694 E2090.99722
G0 F9600 X131.843 Y130.231
G1 F1710 X129.162 Y127.549 E2091.10986
G0 F9600 X129.162 Y128.087
G1 F1710 X131.843 Y130.768 E2091.22247
G0 F9600 X131.842 Y131.305
G1 F1710 X129.162 Y128.624 E2091.33506
G0 F9600 X129.162 Y129.162
G1 F1710 X131.842 Y131.842 E2091.44763
G0 F9600 X131.841 Y132.379
G1 F1710 X129.162 Y129.699 E2091.56018
G0 F9600 X129.162 Y130.236
G1 F1710 X131.841 Y132.916 E2091.67273
G0 F9600 X131.841 Y133.453
G1 F1710 X129.162 Y130.774 E2091.78526
G0 F9600 X129.162 Y131.311
G1 F1710 X131.84 Y133.99 E2091.89777
G0 F9600 X131.84 Y134.527
G1 F1710 X129.162 Y131.849 E2092.01025
G0 F9600 X129.161 Y132.385
G1 F1710 X131.911 Y135.136 E2092.12579
G0 F9600 X132.225 Y135.987
G1 F1710 X129.161 Y132.923 E2092.25449
G0 F9600 X129.161 Y133.46
G1 F1710 X135.04 Y139.339 E2092.50143
G0 F9600 X135.577 Y139.339
G1 F1710 X133.507 Y137.269 E2092.58838
G0 F9600 X134.356 Y137.58
G1 F1710 X136.115 Y139.339 E2092.66226
G0 F9600 X136.652 Y139.339
G1 F1710 X134.97 Y137.657 E2092.73291
G0 F9600 X135.507 Y137.657
G1 F1710 X137.189 Y139.339 E2092.80356
G0 F9600 X137.831 Y139.444
G1 F1710 X136.045 Y137.657 E2092.8786
G0 F9600 X136.582 Y137.657
G1 F1710 X138.591 Y139.666 E2092.96299
G0 F9600 X139.866 Y140.403
G1 F1710 X137.119 Y137.657 E2093.07835
G0 F9600 X137.657 Y137.657
G1 F1710 X140.403 Y140.403 E2093.19369
G0 F9600 X140.941 Y140.403
G1 F1710 X138.194 Y137.657 E2093.30906
G0 F9600 X138.732 Y137.657
G1 F1710 X141.478 Y140.403 E2093.4244
G0 F9600 X142.015 Y140.403
G1 F1710 X139.27 Y137.657 E2093.53972
G0 F9600 X139.807 Y137.657
G1 F1710 X142.553 Y140.403 E2093.65507
G0 F9600 X143.09 Y140.403
G1 F1710 X140.344 Y137.657 E2093.77041
G0 F9600 X140.882 Y137.657
G1 F1710 X143.628 Y140.403 E2093.88575
G0 F9600 X144.165 Y140.403
G1 F1710 X141.419 Y137.657 E2094.00109
G0 F9600 X141.957 Y137.657
G1 F1710 X144.702 Y140.403 E2094.11642
G0 F9600 X145.24 Y140.403
G1 F1710 X142.494 Y137.657 E2094.23176
G0 F9600 X143.031 Y137.657
G1 F1710 X145.777 Y140.403 E2094.3471
G0 F9600 X146.315 Y140.403
G1 F1710 X143.57 Y137.658 E2094.4624
G0 F9600 X144.107 Y137.658
G1 F1710 X146.852 Y140.403 E2094.5777
G0 F9600 X147.389 Y140.403
G1 F1710 X144.644 Y137.658 E2094.69301
G0 F9600 X145.182 Y137.658
G1 F1710 X147.927 Y140.403 E2094.80831
G0 F9600 X148.464 Y140.403
G1 F1710 X145.719 Y137.658 E2094.92361
G0 F9600 X146.257 Y137.658
G1 F1710 X149.002 Y140.403 E2095.03891
G0 F9600 X149.539 Y140.403
G1 F1710 X146.794 Y137.658 E2095.15421
G0 F9600 X147.331 Y137.658
G1 F1710 X150.076 Y140.403 E2095.26951
G0 F9600 X150.614 Y140.403
G1 F1710 X147.869 Y137.658 E2095.38481
G0 F9600 X148.407 Y137.659
G1 F1710 X151.151 Y140.403 E2095.50007
G0 F9600 X151.689 Y140.403
G1 F1710 X148.944 Y137.659 E2095.61535
G0 F9600 X149.482 Y137.659
G1 F1710 X152.226 Y140.403 E2095.73061
G0 F9600 X152.763 Y140.403
G1 F1710 X150.019 Y137.659 E2095.84587
G0 F9600 X150.556 Y137.659
G1 F1710 X153.301 Y140.403 E2095.96115
G0 F9600 X153.838 Y140.403
G1 F1710 X151.094 Y137.659 E2096.07641
G0 F9600 X151.631 Y137.659
G1 F1710 X154.376 Y140.403 E2096.19169
G0 F9600 X154.913 Y140.403
G1 F1710 X152.169 Y137.659 E2096.30695
G0 F9600 X152.707 Y137.66
G1 F1710 X155.45 Y140.403 E2096.42216
G0 F9600 X155.988 Y140.403
G1 F1710 X153.244 Y137.66 E2096.5374
G0 F9600 X153.782 Y137.66
G1 F1710 X156.525 Y140.403 E2096.65262
G0 F9600 X157.063 Y140.403
G1 F1710 X154.319 Y137.66 E2096.76786
G0 F9600 X154.856 Y137.66
G1 F1710 X157.6 Y140.403 E2096.88309
G0 F9600 X158.137 Y140.403
G1 F1710 X155.394 Y137.66 E2096.99831
G0 F9600 X155.931 Y137.66
G1 F1710 X158.675 Y140.403 E2097.11355
G0 F9600 X159.212 Y140.403
G1 F1710 X156.469 Y137.66 E2097.22876
G0 F9600 X157.007 Y137.66
G1 F1710 X159.75 Y140.403 E2097.34398
G0 F9600 X160.267 Y140.383
G1 F1710 X157.544 Y137.66 E2097.45836
G0 F9600 X158.081 Y137.66
G1 F1710 X160.553 Y140.132 E2097.56219
G0 F9600 X160.887 Y139.928
G1 F1710 X158.619 Y137.66 E2097.65746
G0 F9600 X159.156 Y137.66
G1 F1710 X161.238 Y139.742 E2097.74491
G0 F9600 X161.614 Y139.581
G1 F1710 X159.694 Y137.66 E2097.82558
G0 F9600 X160.231 Y137.66
G1 F1710 X162.03 Y139.459 E2097.90114
G0 F9600 X162.486 Y139.378
G1 F1710 X160.769 Y137.66 E2097.97329
G0 F9600 X161.307 Y137.661
G1 F1710 X162.985 Y139.339 E2098.04377
G0 F9600 X163.522 Y139.339
G1 F1710 X161.844 Y137.661 E2098.11425
G0 F9600 X162.381 Y137.661
G1 F1710 X164.059 Y139.339 E2098.18473
G0 F9600 X164.597 Y139.339
G1 F1710 X162.919 Y137.661 E2098.25522
G0 F9600 X163.456 Y137.661
G1 F1710 X165.134 Y139.339 E2098.3257
G0 F9600 X165.672 Y139.339
G1 F1710 X163.994 Y137.661 E2098.39618
G0 F9600 X164.531 Y137.661
G1 F1710 X166.209 Y139.339 E2098.46666
G0 F9600 X166.746 Y139.339
G1 F1710 X165.068 Y137.661 E2098.53715
G0 F9600 X165.549 Y137.604
G1 F1710 X167.284 Y139.339 E2098.61002
G0 F9600 X167.821 Y139.339
G1 F1710 X165.978 Y137.495 E2098.68746
G0 F9600 X166.358 Y137.339
G1 F1710 X168.359 Y139.339 E2098.77149
G0 F9600 X168.896 Y139.339
G1 F1710 X166.706 Y137.149 E2098.86348
G0 F9600 X167.01 Y136.916
G1 F1710 X169.375 Y139.281 E2098.96282
G0 F9600 X169.785 Y139.153
G1 F1710 X167.297 Y136.665 E2099.06732
G0 F9600 X167.538 Y136.368
G1 F1710 X170.116 Y138.947 E2099.17563
G0 F9600 X170.384 Y138.678
G1 F1710 X167.746 Y136.039 E2099.28646
G0 F9600 X167.927 Y135.682
G1 F1710 X170.611 Y138.367 E2099.39922
G0 F9600 X170.761 Y137.98
G1 F1710 X168.047 Y135.265 E2099.51324
G0 F9600 X168.135 Y134.816
G1 F1710 X170.835 Y137.516 E2099.62665
G0 F9600 X170.839 Y136.983
G1 F1710 X168.156 Y134.299 E2099.73936
G0 F9600 X168.156 Y133.763
G1 F1710 X170.839 Y136.445 E2099.85204
G0 F9600 X170.839 Y135.908
G1 F1710 X168.156 Y133.225 E2099.96474
G0 F9600 X168.157 Y132.689
G1 F1710 X170.839 Y135.371 E2100.07739
G0 F9600 X170.839 Y134.833
G1 F1710 X168.158 Y132.152 E2100.19
G0 F9600 X168.158 Y131.614
G1 F1710 X170.839 Y134.296 E2100.30264
G0 F9600 X170.839 Y133.758
G1 F1710 X168.158 Y131.078 E2100.41523
G0 F9600 X168.159 Y130.541
G1 F1710 X170.839 Y133.221 E2100.5278
G0 F9600 X170.839 Y132.684
G1 F1710 X168.159 Y130.004 E2100.64037
G0 F9600 X168.16 Y129.467
G1 F1710 X170.839 Y132.146 E2100.7529
G0 F9600 X170.839 Y131.609
G1 F1710 X168.161 Y128.93 E2100.86541
G0 F9600 X168.161 Y128.393
G1 F1710 X170.839 Y131.071 E2100.97789
G0 F9600 X170.839 Y130.534
G1 F1710 X168.058 Y127.753 E2101.09471
G0 F9600 X167.686 Y126.844
G1 F1710 X170.839 Y129.997 E2101.22715
G1 F4200 E2100.22715
G0 F9600 X167.373 Y136.085
G0 X167.017 Y136.517
G0 X166.585 Y136.873
G0 X166.092 Y137.136
G0 X165.359 Y137.309
G0 X134.502 Y139.339
G1 F2100 E2101.22715
G1 F1710 X129.161 Y133.997 E2101.45151
G0 F9600 X129.161 Y134.535
G1 F1710 X133.965 Y139.339 E2101.6533
G0 F9600 X133.428 Y139.339
G1 F1710 X129.161 Y135.072 E2101.83253
G0 F9600 X129.161 Y135.61
G1 F1710 X132.89 Y139.339 E2101.98916
G0 F9600 X132.353 Y139.339
G1 F1710 X129.161 Y136.147 E2102.12324
G0 F9600 X129.161 Y136.684
G1 F1710 X131.815 Y139.339 E2102.23474
G0 F9600 X131.278 Y139.339
G1 F1710 X129.161 Y137.222 E2102.32366
G0 F9600 X129.202 Y137.8
G1 F1710 X130.686 Y139.284 E2102.38599
G0 F9600 X130.692 Y139.258
G1 F4200 E2101.38599
;MESH:NONMESH
G0 F1500 X130.692 Y139.258 Z7.6
G0 F9600 X160.748 Y140.208
;TIME_ELAPSED:2643.498100
;LAYER:37
;TYPE:WALL-INNER
;MESH:LC-GR3005??????RFID?????????-WB.stl
G1 F2100 E2102.38599
G1 F1800 X161.062 Y139.994 E2102.39813
G1 X161.74 Y139.702 E2102.4217
G1 X162.188 Y139.583 E2102.4365
G1 X162.75 Y139.5 E2102.45464
G1 X169.089 Y139.5 E2102.65704
G1 X169.615 Y139.397 E2102.67415
G1 X169.913 Y139.273 E2102.68446
G1 X170.176 Y139.113 E2102.69429
G1 X170.395 Y138.924 E2102.70352
G1 X170.703 Y138.535 E2102.71937
G1 X170.832 Y138.283 E2102.72841
G1 X171 Y137.693 E2102.74799
G1 X171 Y126.47 E2103.10634
G1 X171.058 Y126.009 E2103.12118
G1 X171.206 Y125.616 E2103.13459
G1 X171.345 Y125.378 E2103.14339
G1 X171.682 Y124.999 E2103.15958
G1 X171.89 Y124.839 E2103.16796
G1 X172.164 Y124.689 E2103.17793
G1 X172.606 Y124.547 E2103.19276
G1 X172.912 Y124.5 E2103.20264
G1 X180.796 Y124.5 E2103.45437
G1 X180.796 Y123.5 E2103.4863
G1 X119.2 Y123.5 E2105.45305
G1 X119.2 Y124.5 E2105.48498
G1 X127 Y124.5 E2105.73403
G1 X127.381 Y124.539 E2105.74626
G1 X127.88 Y124.706 E2105.76306
G1 X128.118 Y124.845 E2105.77186
G1 X128.497 Y125.182 E2105.78805
G1 X128.657 Y125.39 E2105.79643
G1 X128.814 Y125.686 E2105.80713
G1 X129.001 Y126.326 E2105.82842
G1 X129 Y137.594 E2106.18821
G1 X129.099 Y138.114 E2106.20511
G1 X129.222 Y138.408 E2106.21528
G1 X129.385 Y138.675 E2106.22527
G1 X129.574 Y138.896 E2106.23456
G1 X129.962 Y139.204 E2106.25037
G1 X130.21 Y139.332 E2106.25928
G1 X130.803 Y139.5 E2106.27896
G1 X137.251 Y139.5 E2106.48485
G1 X138.013 Y139.625 E2106.5095
G1 X138.704 Y139.876 E2106.53298
G1 X139.269 Y140.212 E2106.55397
G1 X160.357 Y140.208 E2107.2273
G0 F1620 X160.748 Y140.208
G0 F9600 X160.873 Y140.608
G1 F1800 X161.23 Y140.363 E2107.24113
G1 X161.874 Y140.078 E2107.26361
G1 X162.287 Y139.97 E2107.27724
G1 X162.749 Y139.905 E2107.29214
G1 X169.114 Y139.9 E2107.49537
G1 X169.738 Y139.779 E2107.51567
G1 X170.095 Y139.631 E2107.52801
G1 X170.413 Y139.437 E2107.5399
G1 X170.685 Y139.202 E2107.55138
G1 X171.041 Y138.753 E2107.56967
G1 X171.206 Y138.43 E2107.58125
G1 X171.367 Y137.865 E2107.60001
G1 X171.4 Y137.619 E2107.60794
G1 X171.4 Y126.48 E2107.9636
G1 X171.448 Y126.101 E2107.9758
G1 X171.576 Y125.768 E2107.98719
G1 X171.819 Y125.421 E2108.00072
G1 X172.134 Y125.156 E2108.01386
G1 X172.298 Y125.066 E2108.01984
G1 X172.912 Y124.9 E2108.04014
G1 X181.196 Y124.9 E2108.30465
G1 X181.196 Y123.1 E2108.36212
G1 X118.8 Y123.1 E2110.35441
G1 X118.8 Y124.9 E2110.41188
G1 X127.075 Y124.904 E2110.6761
G1 X127.484 Y124.976 E2110.68936
G1 X127.728 Y125.076 E2110.69778
G1 X128.075 Y125.319 E2110.71131
G1 X128.34 Y125.634 E2110.72445
G1 X128.434 Y125.811 E2110.73085
G1 X128.596 Y126.338 E2110.74846
G1 X128.6 Y137.617 E2111.10859
G1 X128.717 Y138.238 E2111.12877
G1 X128.865 Y138.59 E2111.14096
G1 X129.06 Y138.91 E2111.15293
G1 X129.295 Y139.185 E2111.16448
G1 X129.744 Y139.541 E2111.18277
G1 X130.062 Y139.706 E2111.19421
G1 X130.63 Y139.866 E2111.21305
G1 X130.877 Y139.9 E2111.22101
G1 X137.217 Y139.9 E2111.42345
G1 X137.906 Y140.012 E2111.44574
G1 X138.536 Y140.241 E2111.46714
G1 X139.138 Y140.612 E2111.48972
G1 X160.482 Y140.608 E2112.17123
G0 F1620 X160.873 Y140.608
G0 F9600 X160.78 Y140.305
G0 X165.674 Y137.419
G1 F1800 X165.124 Y137.5 E2112.18898
G1 X134.904 Y137.496 E2113.15389
G1 X134.315 Y137.418 E2113.17287
G1 X133.756 Y137.228 E2113.19172
G1 X133.258 Y136.938 E2113.21012
G1 X132.81 Y136.546 E2113.22912
G1 X132.448 Y136.072 E2113.24817
G1 X132.21 Y135.6 E2113.26505
G1 X132.045 Y135.024 E2113.28418
G1 X132 Y134.624 E2113.29703
G1 X132.004 Y128.404 E2113.49563
G1 X132.082 Y127.815 E2113.5146
G1 X132.268 Y127.263 E2113.5332
G1 X132.491 Y126.849 E2113.54822
G1 X132.809 Y126.45 E2113.56451
G1 X133.33 Y125.995 E2113.5866
G1 X133.896 Y125.709 E2113.60684
G1 X134.313 Y125.58 E2113.62078
G1 X134.784 Y125.5 E2113.63604
G1 X165.082 Y125.503 E2114.60344
G1 X165.69 Y125.581 E2114.62301
G1 X166.232 Y125.768 E2114.64132
G1 X166.573 Y125.948 E2114.65363
G1 X167.123 Y126.369 E2114.67575
G1 X167.519 Y126.871 E2114.69616
G1 X167.74 Y127.278 E2114.71095
G1 X167.919 Y127.822 E2114.72924
G1 X168 Y128.372 E2114.74699
G1 X167.996 Y134.592 E2114.94559
G1 X167.918 Y135.181 E2114.96456
G1 X167.791 Y135.6 E2114.97854
G1 X167.506 Y136.154 E2114.99843
G1 X167.115 Y136.633 E2115.01818
G1 X166.58 Y137.044 E2115.03972
G1 X166.1 Y137.291 E2115.05696
G1 X166.048 Y137.307 E2115.05869
G0 F1620 X165.674 Y137.419
G0 F9600 X165.966 Y136.914
G1 F1800 X165.478 Y137.054 E2115.0749
G1 X165.124 Y137.1 E2115.0863
G1 X134.944 Y137.098 E2116.04994
G1 X134.544 Y137.058 E2116.06278
G1 X133.999 Y136.906 E2116.08084
G1 X133.512 Y136.629 E2116.09873
G1 X133.119 Y136.292 E2116.11526
G1 X132.801 Y135.885 E2116.13175
G1 X132.586 Y135.466 E2116.14679
G1 X132.441 Y134.97 E2116.16329
G1 X132.4 Y134.624 E2116.17441
G1 X132.402 Y128.444 E2116.37174
G1 X132.442 Y128.044 E2116.38458
G1 X132.577 Y127.558 E2116.40068
G1 X132.827 Y127.066 E2116.4183
G1 X133.204 Y126.619 E2116.43697
G1 X133.611 Y126.301 E2116.45347
G1 X134.03 Y126.086 E2116.4685
G1 X134.526 Y125.941 E2116.485
G1 X134.872 Y125.9 E2116.49613
G1 X165.046 Y125.902 E2117.45957
G1 X165.571 Y125.963 E2117.47645
G1 X166.045 Y126.121 E2117.4924
G1 X166.385 Y126.301 E2117.50469
G1 X166.792 Y126.619 E2117.52118
G1 X167.177 Y127.079 E2117.54033
G1 X167.383 Y127.459 E2117.55413
G1 X167.554 Y128.018 E2117.5728
G1 X167.6 Y128.372 E2117.5842
G1 X167.598 Y134.552 E2117.78152
G1 X167.558 Y134.952 E2117.79436
G1 X167.414 Y135.466 E2117.8114
G1 X167.14 Y135.97 E2117.82972
G1 X166.792 Y136.377 E2117.84682
G1 X166.39 Y136.692 E2117.86312
G1 X166.312 Y136.733 E2117.86594
G0 F1620 X165.966 Y136.914
G0 F9600 X165.832 Y136.537
G0 X165.832 Y136.537 Z7.59
;TYPE:WALL-OUTER
G1 F1800 X165.64 Y136.594 Z7.6 E2117.87231
G1 X165.446 Y136.652 E2117.87891
G1 X165.154 Y136.698 E2117.88855
G1 X134.984 Y136.7 E2118.87194
G1 X134.584 Y136.66 E2118.88504
G1 X134.174 Y136.54 E2118.89896
G1 X133.765 Y136.319 E2118.91412
G1 X133.429 Y136.039 E2118.92837
G1 X133.175 Y135.729 E2118.94144
G1 X132.96 Y135.323 E2118.95641
G1 X132.837 Y134.916 E2118.97027
G1 X132.801 Y134.652 E2118.97895
G1 X132.8 Y128.484 E2119.18
G1 X132.84 Y128.084 E2119.1931
G1 X132.975 Y127.638 E2119.20829
G1 X133.163 Y127.283 E2119.22138
G1 X133.457 Y126.929 E2119.23638
G1 X133.798 Y126.655 E2119.25064
G1 X134.173 Y126.46 E2119.26442
G1 X134.58 Y126.337 E2119.27828
G1 X134.845 Y126.301 E2119.28699
G1 X165.01 Y126.3 E2120.27022
G1 X165.41 Y126.336 E2120.28331
G1 X165.858 Y126.475 E2120.2986
G1 X166.231 Y126.677 E2120.31243
G1 X166.567 Y126.957 E2120.32668
G1 X166.823 Y127.27 E2120.33986
G1 X167.027 Y127.641 E2120.35366
G1 X167.152 Y128.05 E2120.3676
G1 X167.198 Y128.342 E2120.37724
G1 X167.2 Y134.512 E2120.57835
G1 X167.152 Y134.95 E2120.59271
G1 X167.037 Y135.332 E2120.60571
G1 X166.819 Y135.731 E2120.62053
G1 X166.539 Y136.067 E2120.63479
G1 X166.2 Y136.34 E2120.64898
G1 X165.998 Y136.448 E2120.65644
G0 F1620 X165.832 Y136.537
G0 X165.64 Y136.594
G0 F9600 X165.446 Y136.652
G0 X165.154 Y136.698
G0 X164.852 Y136.698
G0 X164.852 Y137.41
G0 X160.78 Y140.305
G0 X160.997 Y141.008
G0 X160.997 Y141.008 Z7.59
G1 F1800 X161.162 Y140.895 Z7.6 E2120.66281
G1 X161.434 Y140.707 E2120.67358
G1 X162.008 Y140.455 E2120.69402
G1 X162.409 Y140.353 E2120.7075
G1 X162.801 Y140.301 E2120.72039
G1 X169.139 Y140.3 E2120.92698
G1 X169.862 Y140.161 E2120.95098
G1 X170.277 Y139.989 E2120.96562
G1 X170.649 Y139.761 E2120.97984
G1 X170.975 Y139.48 E2120.99387
G1 X171.379 Y138.971 E2121.01505
G1 X171.58 Y138.578 E2121.02944
G1 X171.759 Y137.947 E2121.05082
G1 X171.8 Y137.646 E2121.06072
G1 X171.801 Y126.471 E2121.42497
G1 X171.837 Y126.193 E2121.43411
G1 X171.974 Y125.872 E2121.44548
G1 X172.134 Y125.668 E2121.45393
G1 X172.432 Y125.443 E2121.4661
G1 X172.878 Y125.3 E2121.48137
G1 X181.596 Y125.3 E2121.76553
G1 X181.596 Y122.7 E2121.85028
G1 X118.4 Y122.7 E2123.91015
G1 X118.4 Y125.3 E2123.9949
G1 X127.025 Y125.301 E2124.27603
G1 X127.332 Y125.346 E2124.28614
G1 X127.624 Y125.474 E2124.29653
G1 X127.828 Y125.634 E2124.30498
G1 X128.054 Y125.937 E2124.3173
G1 X128.201 Y126.412 E2124.33351
G1 X128.2 Y137.64 E2124.69949
G1 X128.335 Y138.362 E2124.72343
G1 X128.507 Y138.772 E2124.73792
G1 X128.735 Y139.146 E2124.7522
G1 X129.016 Y139.475 E2124.7663
G1 X129.526 Y139.879 E2124.78751
G1 X129.914 Y140.08 E2124.80175
G1 X130.549 Y140.259 E2124.82326
G1 X130.85 Y140.3 E2124.83316
G1 X137.196 Y140.302 E2125.04
G1 X137.789 Y140.398 E2125.05959
G1 X138.382 Y140.613 E2125.08015
G1 X138.739 Y140.815 E2125.09352
G1 X139.006 Y141.012 E2125.10433
G1 X160.809 Y141.008 E2125.815
G0 F1620 X160.997 Y141.008
G0 X161.162 Y140.895
G0 F9600 X161.434 Y140.707
G0 X161.863 Y140.519
G1 F4200 E2124.815
G0 F9600 X161.582 Y139.869
G0 X134.444 Y137.299
G0 X133.908 Y137.136
G0 X133.415 Y136.873
G0 X132.983 Y136.517
G0 X132.627 Y136.085
G0 X132.364 Y135.592
G0 X132.151 Y134.687
G0 X132.151 Y128.46
G0 X127.008 Y124.167
;TYPE:SKIN
G1 F2100 E2125.815
G1 F1922.5 X119.529 Y124.167 E2126.01258
G1 X119.529 Y123.829 E2126.02151
G1 X127.062 Y123.829 E2126.22052
G1 F1928.2 X127.008 Y124.167 E2126.22954
G1 F4200 E2125.22954
G0 F9600 X180.463 Y124.167
G1 F2100 E2126.22954
G1 F1922.5 X172.985 Y124.167 E2126.4271
G1 X172.933 Y123.829 E2126.43613
G1 X180.463 Y123.829 E2126.63506
G1 X180.463 Y124.167 E2126.64399
G1 F4200 E2125.64399
G0 F9600 X172.834 Y124.651
G0 X172.072 Y124.893
G0 X171.393 Y125.571
G0 X169.932 Y139.074
G1 F2100 E2126.64399
G1 F1710 X170.575 Y138.43 E2126.67102
G0 F9600 X170.824 Y137.644
G1 F1710 X169.141 Y139.327 E2126.74171
G0 F9600 X168.592 Y139.339
G1 F1710 X170.839 Y137.092 E2126.8361
G0 F9600 X170.839 Y136.554
G1 F1710 X168.055 Y139.339 E2126.95306
G0 F9600 X167.517 Y139.339
G1 F1710 X170.839 Y136.017 E2127.09259
G0 F9600 X170.839 Y135.48
G1 F1710 X166.98 Y139.339 E2127.25469
G0 F9600 X166.442 Y139.339
G1 F1710 X170.839 Y134.942 E2127.43938
G0 F9600 X170.839 Y134.405
G1 F1710 X165.905 Y139.339 E2127.64663
G0 F9600 X165.368 Y139.339
G1 F1710 X170.839 Y133.867 E2127.87645
G0 F9600 X170.839 Y133.33
G1 F1710 X164.83 Y139.339 E2128.12885
G0 F9600 X164.293 Y139.339
G1 F1710 X166.227 Y137.404 E2128.21011
G0 F9600 X165.479 Y137.616
G1 F1710 X163.755 Y139.339 E2128.2825
G0 F9600 X163.218 Y139.339
G1 F1710 X164.897 Y137.66 E2128.35303
G0 F9600 X164.359 Y137.66
G1 F1710 X162.669 Y139.35 E2128.42402
G0 F9600 X162.021 Y139.461
G1 F1710 X163.822 Y137.66 E2128.49966
G0 F9600 X163.284 Y137.66
G1 F1710 X161.172 Y139.772 E2128.58838
G0 F9600 X160.359 Y140.048
G1 F1710 X162.747 Y137.66 E2128.68868
G0 F9600 X162.21 Y137.66
G1 F1710 X159.822 Y140.048 E2128.78899
G0 F9600 X159.284 Y140.048
G1 F1710 X161.672 Y137.66 E2128.88929
G0 F9600 X161.135 Y137.66
G1 F1710 X158.747 Y140.048 E2128.9896
G0 F9600 X158.209 Y140.048
G1 F1710 X160.598 Y137.66 E2129.08993
G0 F9600 X160.061 Y137.66
G1 F1710 X157.672 Y140.048 E2129.19025
G0 F9600 X157.135 Y140.048
G1 F1710 X159.523 Y137.66 E2129.29056
G0 F9600 X158.986 Y137.66
G1 F1710 X156.597 Y140.048 E2129.39088
G0 F9600 X156.059 Y140.049
G1 F1710 X158.448 Y137.66 E2129.49123
G0 F9600 X157.911 Y137.66
G1 F1710 X155.522 Y140.049 E2129.59158
G0 F9600 X154.984 Y140.049
G1 F1710 X157.374 Y137.66 E2129.69195
G0 F9600 X156.836 Y137.66
G1 F1710 X154.447 Y140.049 E2129.79229
G0 F9600 X153.91 Y140.049
G1 F1710 X156.3 Y137.659 E2129.89268
G0 F9600 X155.762 Y137.659
G1 F1710 X153.372 Y140.049 E2129.99307
G0 F9600 X152.835 Y140.049
G1 F1710 X155.225 Y137.659 E2130.09346
G0 F9600 X154.687 Y137.659
G1 F1710 X152.297 Y140.049 E2130.19385
G0 F9600 X151.759 Y140.05
G1 F1710 X154.15 Y137.659 E2130.29428
G0 F9600 X153.613 Y137.659
G1 F1710 X151.222 Y140.05 E2130.39472
G0 F9600 X150.684 Y140.05
G1 F1710 X153.075 Y137.659 E2130.49515
G0 F9600 X152.538 Y137.659
G1 F1710 X150.147 Y140.05 E2130.59558
G0 F9600 X149.61 Y140.05
G1 F1710 X152.001 Y137.658 E2130.69603
G0 F9600 X151.464 Y137.658
G1 F1710 X149.072 Y140.05 E2130.7965
G0 F9600 X148.535 Y140.05
G1 F1710 X150.926 Y137.658 E2130.89696
G0 F9600 X150.389 Y137.658
G1 F1710 X147.997 Y140.05 E2130.99743
G0 F9600 X147.459 Y140.05
G1 F1710 X149.851 Y137.658 E2131.0979
G0 F9600 X149.314 Y137.658
G1 F1710 X146.922 Y140.05 E2131.19838
G0 F9600 X146.385 Y140.05
G1 F1710 X148.777 Y137.658 E2131.29885
G0 F9600 X148.239 Y137.658
G1 F1710 X145.847 Y140.05 E2131.39933
G0 F9600 X145.31 Y140.05
G1 F1710 X147.703 Y137.657 E2131.49984
G0 F9600 X147.165 Y137.657
G1 F1710 X144.772 Y140.05 E2131.60036
G0 F9600 X144.235 Y140.05
G1 F1710 X146.628 Y137.657 E2131.70087
G0 F9600 X146.09 Y137.657
G1 F1710 X143.698 Y140.05 E2131.80137
G0 F9600 X143.159 Y140.051
G1 F1710 X145.553 Y137.657 E2131.90192
G0 F9600 X145.016 Y137.657
G1 F1710 X142.622 Y140.051 E2132.00248
G0 F9600 X142.085 Y140.051
G1 F1710 X144.478 Y137.657 E2132.10302
G0 F9600 X143.941 Y137.657
G1 F1710 X141.547 Y140.051 E2132.20358
G0 F9600 X141.01 Y140.051
G1 F1710 X143.404 Y137.657 E2132.30413
G0 F9600 X142.867 Y137.657
G1 F1710 X140.472 Y140.051 E2132.40471
G0 F9600 X139.935 Y140.051
G1 F1710 X142.329 Y137.657 E2132.50527
G0 F9600 X141.792 Y137.657
G1 F1710 X139.398 Y140.051 E2132.60583
G0 F9600 X139.031 Y139.881
G1 F1710 X141.254 Y137.657 E2132.69922
G0 F9600 X140.717 Y137.657
G1 F1710 X138.678 Y139.696 E2132.78487
G0 F9600 X138.284 Y139.552
G1 F1710 X140.18 Y137.657 E2132.86449
G0 F9600 X139.642 Y137.657
G1 F1710 X137.862 Y139.437 E2132.93925
G0 F9600 X137.4 Y139.362
G1 F1710 X139.106 Y137.656 E2133.01091
G0 F9600 X138.568 Y137.656
G1 F1710 X136.885 Y139.339 E2133.08161
G0 F9600 X136.348 Y139.339
G1 F1710 X138.031 Y137.656 E2133.1523
G0 F9600 X137.493 Y137.656
G1 F1710 X135.81 Y139.339 E2133.22299
G0 F9600 X135.273 Y139.339
G1 F1710 X136.956 Y137.656 E2133.29368
G0 F9600 X136.419 Y137.656
G1 F1710 X134.736 Y139.339 E2133.36438
G0 F9600 X134.198 Y139.339
G1 F1710 X135.881 Y137.656 E2133.43507
G0 F9600 X135.344 Y137.656
G1 F1710 X133.661 Y139.339 E2133.50576
G0 F9600 X133.123 Y139.339
G1 F1710 X134.814 Y137.648 E2133.57679
G0 F9600 X134.347 Y137.578
G1 F1710 X132.586 Y139.339 E2133.65076
G0 F9600 X132.049 Y139.339
G1 F1710 X133.921 Y137.467 E2133.72939
G0 F9600 X133.558 Y137.293
G1 F1710 X131.511 Y139.339 E2133.81535
G0 F9600 X130.974 Y139.339
G1 F1710 X133.22 Y137.093 E2133.90969
G0 F9600 X132.915 Y136.861
G1 F1710 X130.53 Y139.246 E2134.00987
G0 F9600 X130.129 Y139.109
G1 F1710 X132.651 Y136.587 E2134.11581
G0 F9600 X132.399 Y136.302
G1 F1710 X129.817 Y138.884 E2134.22426
G0 F9600 X129.547 Y138.616
G1 F1710 X132.208 Y135.955 E2134.33603
G0 F9600 X132.039 Y135.586
G1 F1710 X129.357 Y138.269 E2134.44871
G0 F9600 X129.217 Y137.872
G1 F1710 X131.92 Y135.168 E2134.56227
G0 F9600 X131.847 Y134.704
G1 F1710 X129.162 Y137.389 E2134.67505
G0 F9600 X129.162 Y136.852
G1 F1710 X131.839 Y134.174 E2134.78751
G0 F9600 X131.84 Y133.636
G1 F1710 X129.162 Y136.315 E2134.90002
G0 F9600 X129.162 Y135.777
G1 F1710 X131.84 Y133.099 E2135.01251
G0 F9600 X131.841 Y132.561
G1 F1710 X129.162 Y135.24 E2135.12504
G0 F9600 X129.162 Y134.702
G1 F1710 X131.841 Y132.023 E2135.23756
G0 F9600 X131.841 Y131.485
G1 F1710 X129.162 Y134.165 E2135.35011
G0 F9600 X129.162 Y133.628
G1 F1710 X131.842 Y130.947 E2135.46271
G0 F9600 X131.842 Y130.41
G1 F1710 X129.162 Y133.09 E2135.57528
G0 F9600 X129.162 Y132.553
G1 F1710 X131.843 Y129.871 E2135.68791
G0 F9600 X131.843 Y129.334
G1 F1710 X129.162 Y132.015 E2135.80052
G0 F9600 X129.162 Y131.477
G1 F1710 X131.844 Y128.796 E2135.91316
G0 F9600 X131.865 Y128.237
G1 F1710 X129.162 Y130.94 E2136.02669
G0 F9600 X129.162 Y130.403
G1 F1710 X131.997 Y127.568 E2136.14578
G0 F9600 X129.162 Y127.716
G1 F1710 X133.217 Y123.661 E2136.3161
G0 F9600 X133.754 Y123.661
G1 F1710 X129.162 Y128.253 E2136.50898
G0 F9600 X129.162 Y128.79
G1 F1710 X134.292 Y123.661 E2136.72444
G0 F9600 X134.829 Y123.661
G1 F1710 X129.162 Y129.328 E2136.96248
G0 F9600 X129.162 Y129.865
G1 F1710 X135.366 Y123.661 E2137.22307
G0 F9600 X135.904 Y123.661
G1 F1710 X134.07 Y125.494 E2137.30009
G0 F9600 X134.748 Y125.354
G1 F1710 X136.441 Y123.661 E2137.3712
G0 F9600 X136.979 Y123.661
G1 F1710 X135.3 Y125.34 E2137.44172
G0 F9600 X135.837 Y125.34
G1 F1710 X137.516 Y123.661 E2137.51225
G0 F9600 X138.053 Y123.661
G1 F1710 X136.375 Y125.34 E2137.58275
G0 F9600 X136.912 Y125.34
G1 F1710 X138.591 Y123.661 E2137.65328
G0 F9600 X139.128 Y123.661
G1 F1710 X137.45 Y125.34 E2137.72378
G0 F9600 X137.987 Y125.34
G1 F1710 X139.666 Y123.661 E2137.79431
G0 F9600 X140.203 Y123.661
G1 F1710 X138.524 Y125.34 E2137.86483
G0 F9600 X139.062 Y125.34
G1 F1710 X140.74 Y123.661 E2137.93533
G0 F9600 X141.278 Y123.661
G1 F1710 X139.599 Y125.34 E2138.00586
G0 F9600 X140.136 Y125.34
G1 F1710 X141.815 Y123.661 E2138.07638
G0 F9600 X142.353 Y123.661
G1 F1710 X140.673 Y125.34 E2138.14693
G0 F9600 X141.211 Y125.34
G1 F1710 X142.89 Y123.661 E2138.21745
G0 F9600 X143.427 Y123.661
G1 F1710 X141.748 Y125.34 E2138.28798
G0 F9600 X142.285 Y125.34
G1 F1710 X143.965 Y123.661 E2138.35852
G0 F9600 X144.502 Y123.661
G1 F1710 X142.823 Y125.34 E2138.42905
G0 F9600 X143.36 Y125.34
G1 F1710 X145.04 Y123.661 E2138.49959
G0 F9600 X145.577 Y123.661
G1 F1710 X143.898 Y125.34 E2138.57012
G0 F9600 X144.435 Y125.34
G1 F1710 X146.114 Y123.661 E2138.64064
G0 F9600 X146.652 Y123.661
G1 F1710 X144.972 Y125.341 E2138.71121
G0 F9600 X145.509 Y125.341
G1 F1710 X147.189 Y123.661 E2138.78178
G0 F9600 X147.727 Y123.661
G1 F1710 X146.047 Y125.341 E2138.85234
G0 F9600 X146.584 Y125.341
G1 F1710 X148.264 Y123.661 E2138.92291
G0 F9600 X148.801 Y123.661
G1 F1710 X147.121 Y125.341 E2138.99348
G0 F9600 X147.659 Y125.341
G1 F1710 X149.339 Y123.661 E2139.06404
G0 F9600 X149.876 Y123.661
G1 F1710 X148.196 Y125.341 E2139.13461
G0 F9600 X148.734 Y125.341
G1 F1710 X150.414 Y123.661 E2139.20518
G0 F9600 X150.951 Y123.661
G1 F1710 X149.271 Y125.341 E2139.27574
G0 F9600 X149.808 Y125.341
G1 F1710 X151.488 Y123.661 E2139.34631
G0 F9600 X152.026 Y123.661
G1 F1710 X150.345 Y125.342 E2139.41692
G0 F9600 X150.882 Y125.342
G1 F1710 X152.563 Y123.661 E2139.48753
G0 F9600 X153.101 Y123.661
G1 F1710 X151.42 Y125.342 E2139.55814
G0 F9600 X151.957 Y125.342
G1 F1710 X153.638 Y123.661 E2139.62875
G0 F9600 X154.175 Y123.661
G1 F1710 X152.495 Y125.342 E2139.69933
G0 F9600 X153.032 Y125.342
G1 F1710 X154.713 Y123.661 E2139.76994
G0 F9600 X155.25 Y123.661
G1 F1710 X153.569 Y125.342 E2139.84055
G0 F9600 X154.107 Y125.342
G1 F1710 X155.788 Y123.661 E2139.91116
G0 F9600 X156.325 Y123.661
G1 F1710 X154.644 Y125.342 E2139.98177
G0 F9600 X155.181 Y125.342
G1 F1710 X156.862 Y123.661 E2140.05238
G0 F9600 X157.4 Y123.661
G1 F1710 X155.718 Y125.342 E2140.12301
G0 F9600 X156.256 Y125.342
G1 F1710 X157.937 Y123.661 E2140.19361
G0 F9600 X158.475 Y123.661
G1 F1710 X156.793 Y125.342 E2140.26424
G0 F9600 X157.331 Y125.342
G1 F1710 X159.012 Y123.661 E2140.33485
G0 F9600 X159.549 Y123.661
G1 F1710 X157.868 Y125.342 E2140.40546
G0 F9600 X158.405 Y125.342
G1 F1710 X160.087 Y123.661 E2140.47609
G0 F9600 X160.624 Y123.661
G1 F1710 X158.943 Y125.342 E2140.5467
G0 F9600 X159.48 Y125.342
G1 F1710 X161.162 Y123.661 E2140.61733
G0 F9600 X161.699 Y123.661
G1 F1710 X160.018 Y125.342 E2140.68794
G0 F9600 X160.554 Y125.343
G1 F1710 X162.236 Y123.661 E2140.75859
G0 F9600 X162.774 Y123.661
G1 F1710 X161.092 Y125.343 E2140.82924
G0 F9600 X161.629 Y125.343
G1 F1710 X163.311 Y123.661 E2140.89989
G0 F9600 X163.849 Y123.661
G1 F1710 X162.166 Y125.343 E2140.97056
G0 F9600 X162.704 Y125.343
G1 F1710 X164.386 Y123.661 E2141.04121
G0 F9600 X164.923 Y123.661
G1 F1710 X163.241 Y125.343 E2141.11186
G0 F9600 X163.779 Y125.343
G1 F1710 X165.461 Y123.661 E2141.18251
G0 F9600 X165.998 Y123.661
G1 F1710 X164.316 Y125.343 E2141.25317
G0 F9600 X164.853 Y125.343
G1 F1710 X166.536 Y123.661 E2141.32384
G0 F9600 X167.073 Y123.661
G1 F1710 X165.356 Y125.378 E2141.39596
G0 F9600 X165.819 Y125.453
G1 F1710 X167.61 Y123.661 E2141.47121
G0 F9600 X168.148 Y123.661
G1 F1710 X166.214 Y125.595 E2141.55244
G0 F9600 X166.575 Y125.771
G1 F1710 X168.685 Y123.661 E2141.64107
G0 F9600 X169.223 Y123.661
G1 F1710 X166.891 Y125.992 E2141.739
G0 F9600 X167.197 Y126.224
G1 F1710 X169.76 Y123.661 E2141.84666
G0 F9600 X170.297 Y123.661
G1 F1710 X167.442 Y126.516 E2141.96658
G0 F9600 X167.675 Y126.821
G1 F1710 X170.835 Y123.661 E2142.09931
G0 F9600 X171.372 Y123.661
G1 F1710 X167.864 Y127.169 E2142.24666
G0 F9600 X168.006 Y127.564
G1 F1710 X171.91 Y123.661 E2142.41063
G0 F9600 X172.447 Y123.661
G1 F1710 X168.116 Y127.992 E2142.59255
G0 F9600 X168.161 Y128.484
G1 F1710 X171.037 Y125.608 E2142.71335
G0 F9600 X170.857 Y126.326
G1 F1710 X168.161 Y129.022 E2142.82659
G0 F9600 X168.161 Y129.56
G1 F1710 X170.839 Y126.881 E2142.9391
G0 F9600 X170.839 Y127.419
G1 F1710 X168.16 Y130.098 E2143.05163
G0 F9600 X168.16 Y130.635
G1 F1710 X170.839 Y127.956 E2143.16416
G0 F9600 X170.839 Y128.493
G1 F1710 X168.159 Y131.173 E2143.27673
G0 F9600 X168.158 Y131.711
G1 F1710 X170.839 Y129.031 E2143.38932
G0 F9600 X170.839 Y129.568
G1 F1710 X168.158 Y132.249 E2143.50193
G0 F9600 X168.158 Y132.787
G1 F1710 X170.839 Y130.106 E2143.61455
G0 F9600 X170.839 Y130.643
G1 F1710 X168.157 Y133.325 E2143.7272
G0 F9600 X168.156 Y133.863
G1 F1710 X170.839 Y131.18 E2143.8399
G0 F9600 X170.839 Y131.718
G1 F1710 X168.156 Y134.4 E2143.95257
G0 F9600 X168.12 Y134.974
G1 F1710 X170.839 Y132.255 E2144.06678
G0 F9600 X170.839 Y132.793
G1 F1710 X167.905 Y135.727 E2144.19002
G1 F4200 E2143.19002
G0 F9600 X171.393 Y125.571
G0 X172.103 Y124.543
G1 F2100 E2144.19002
G1 F1710 X172.772 Y123.874 E2144.21812
G1 F4200 E2143.21812
G0 F9600 X132.679 Y123.661
G1 F2100 E2144.21812
G1 F1710 X129.162 Y127.178 E2144.36585
G0 F9600 X129.162 Y126.641
G1 F1710 X132.142 Y123.661 E2144.49102
G0 F9600 X131.605 Y123.661
G1 F1710 X129.114 Y126.151 E2144.59563
G0 F9600 X128.995 Y125.733
G1 F1710 X131.067 Y123.661 E2144.68266
G0 F9600 X130.53 Y123.661
G1 F1710 X128.825 Y125.366 E2144.75428
G0 F9600 X128.595 Y125.058
G1 F1710 X129.992 Y123.661 E2144.81296
G0 F9600 X129.455 Y123.661
G1 F1710 X128.312 Y124.804 E2144.86097
G0 F9600 X127.991 Y124.587
G1 F1710 X128.918 Y123.661 E2144.89989
G0 F9600 X128.38 Y123.661
G1 F1710 X127.596 Y124.445 E2144.93282
G0 F9600 X127.191 Y124.313
G1 F1710 X127.843 Y123.661 E2144.96021
G0 F9600 X127.843 Y123.71
G1 F4200 E2143.96021
;MESH:NONMESH
G0 F1500 X127.843 Y123.71 Z7.8
G0 F9600 X132.151 Y128.46
G0 X132.151 Y134.687
G0 X132.364 Y135.592
G0 X132.627 Y136.085
G0 X132.983 Y136.517
G0 X133.415 Y136.873
G0 X133.908 Y137.136
G0 X161.736 Y139.702
;TIME_ELAPSED:2697.233063
;LAYER:38
;TYPE:WALL-INNER
;MESH:LC-GR3005??????RFID?????????-WB.stl
G1 F2100 E2144.96021
G1 F1800 X162.184 Y139.583 E2144.97501
G1 X162.752 Y139.5 E2144.99334
G1 X168.953 Y139.5 E2145.19133
G1 X169.293 Y139.471 E2145.20223
G1 X169.758 Y139.341 E2145.21764
G1 X170.183 Y139.102 E2145.23321
G1 X170.41 Y138.91 E2145.24271
G1 X170.609 Y138.679 E2145.25244
G1 X170.764 Y138.427 E2145.26189
G1 X170.944 Y137.947 E2145.27826
G1 X171 Y137.596 E2145.2896
G1 X171 Y126.47 E2145.64485
G1 X171.058 Y126.009 E2145.65969
G1 X171.206 Y125.616 E2145.6731
G1 X171.345 Y125.378 E2145.6819
G1 X171.682 Y124.999 E2145.69809
G1 X171.89 Y124.839 E2145.70647
G1 X172.164 Y124.689 E2145.71645
G1 X172.606 Y124.547 E2145.73127
G1 X172.912 Y124.5 E2145.74115
G1 X180.596 Y124.5 E2145.9865
G1 X180.596 Y123.5 E2146.01843
G1 X119.4 Y123.5 E2147.9724
G1 X119.4 Y124.5 E2148.00433
G1 X127 Y124.5 E2148.247
G1 X127.381 Y124.539 E2148.25923
G1 X127.88 Y124.706 E2148.27603
G1 X128.118 Y124.845 E2148.28483
G1 X128.497 Y125.182 E2148.30102
G1 X128.657 Y125.39 E2148.3094
G1 X128.814 Y125.686 E2148.3201
G1 X129.001 Y126.326 E2148.34139
G1 X129 Y137.465 E2148.69706
G1 X129.026 Y137.797 E2148.70769
G1 X129.155 Y138.258 E2148.72297
G1 X129.394 Y138.683 E2148.73854
G1 X129.586 Y138.91 E2148.74804
G1 X129.815 Y139.108 E2148.7577
G1 X130.071 Y139.264 E2148.76727
G1 X130.553 Y139.444 E2148.7837
G1 X130.903 Y139.5 E2148.79502
G1 X137.098 Y139.501 E2148.99282
G1 X137.463 Y139.525 E2149.0045
G1 X138.032 Y139.629 E2149.02297
G1 X138.601 Y139.852 E2149.04249
G1 X161.375 Y139.852 E2149.76965
G0 F1620 X161.379 Y139.852
G0 X161.736 Y139.702
G0 F9600 X161.87 Y140.078
G1 F1800 X162.283 Y139.97 E2149.78328
G1 X162.749 Y139.905 E2149.79831
G1 X168.97 Y139.9 E2149.99694
G1 X169.365 Y139.867 E2150.0096
G1 X169.912 Y139.713 E2150.02774
G1 X170.412 Y139.432 E2150.04606
G1 X170.692 Y139.195 E2150.05777
G1 X170.933 Y138.916 E2150.06954
G1 X171.126 Y138.603 E2150.08128
G1 X171.332 Y138.05 E2150.10012
G1 X171.4 Y137.628 E2150.11377
G1 X171.4 Y126.48 E2150.46973
G1 X171.448 Y126.101 E2150.48192
G1 X171.576 Y125.768 E2150.49331
G1 X171.819 Y125.421 E2150.50684
G1 X172.134 Y125.156 E2150.51998
G1 X172.298 Y125.066 E2150.52596
G1 X172.912 Y124.9 E2150.54627
G1 X180.996 Y124.9 E2150.80439
G1 X180.996 Y123.1 E2150.86186
G1 X119 Y123.1 E2152.84138
G1 X119 Y124.9 E2152.89885
G1 X127.075 Y124.904 E2153.15668
G1 X127.484 Y124.976 E2153.16994
G1 X127.728 Y125.076 E2153.17836
G1 X128.075 Y125.319 E2153.19189
G1 X128.34 Y125.634 E2153.20503
G1 X128.434 Y125.811 E2153.21143
G1 X128.596 Y126.338 E2153.22903
G1 X128.6 Y137.48 E2153.5848
G1 X128.63 Y137.867 E2153.59719
G1 X128.783 Y138.412 E2153.61526
G1 X129.064 Y138.912 E2153.63358
G1 X129.301 Y139.192 E2153.64529
G1 X129.579 Y139.433 E2153.65704
G1 X129.896 Y139.625 E2153.66887
G1 X130.45 Y139.833 E2153.68777
G1 X130.872 Y139.9 E2153.70141
G1 X137.072 Y139.901 E2153.89937
G1 X137.514 Y139.935 E2153.91353
G1 X137.975 Y140.037 E2153.9286
G1 X138.526 Y140.252 E2153.94749
G1 X161.461 Y140.252 E2154.6798
G1 X161.51 Y140.231 E2154.6815
G0 F1620 X161.87 Y140.078
G0 F9600 X161.75 Y139.795
G0 X165.674 Y137.419
G1 F1800 X165.124 Y137.5 E2154.69925
G1 X134.904 Y137.496 E2155.66417
G1 X134.315 Y137.418 E2155.68314
G1 X133.756 Y137.228 E2155.70199
G1 X133.258 Y136.938 E2155.72039
G1 X132.81 Y136.546 E2155.7394
G1 X132.533 Y136.207 E2155.75338
G1 X132.227 Y135.66 E2155.77339
G1 X132.045 Y135.024 E2155.79451
G1 X132 Y134.624 E2155.80736
G1 X132.004 Y128.404 E2156.00597
G1 X132.082 Y127.815 E2156.02494
G1 X132.268 Y127.263 E2156.04354
G1 X132.491 Y126.849 E2156.05855
G1 X132.809 Y126.45 E2156.07484
G1 X133.33 Y125.995 E2156.09693
G1 X133.896 Y125.709 E2156.11718
G1 X134.313 Y125.58 E2156.13111
G1 X134.784 Y125.5 E2156.14637
G1 X165.082 Y125.503 E2157.11377
G1 X165.69 Y125.581 E2157.13335
G1 X166.232 Y125.768 E2157.15165
G1 X166.573 Y125.948 E2157.16397
G1 X167.123 Y126.369 E2157.18608
G1 X167.519 Y126.871 E2157.2065
G1 X167.74 Y127.278 E2157.22128
G1 X167.919 Y127.822 E2157.23957
G1 X168 Y128.372 E2157.25732
G1 X167.996 Y134.592 E2157.45592
G1 X167.918 Y135.181 E2157.47489
G1 X167.791 Y135.6 E2157.48887
G1 X167.504 Y136.158 E2157.50891
G1 X167.114 Y136.634 E2157.52856
G1 X166.58 Y137.044 E2157.55005
G1 X166.1 Y137.291 E2157.56729
G1 X166.048 Y137.307 E2157.56903
G0 F1620 X165.674 Y137.419
G0 F9600 X165.966 Y136.914
G1 F1800 X165.478 Y137.054 E2157.58524
G1 X165.124 Y137.1 E2157.59664
G1 X134.944 Y137.098 E2158.56028
G1 X134.544 Y137.058 E2158.57311
G1 X133.999 Y136.906 E2158.59118
G1 X133.512 Y136.629 E2158.60907
G1 X133.119 Y136.292 E2158.6256
G1 X132.853 Y135.966 E2158.63903
G1 X132.586 Y135.466 E2158.65713
G1 X132.441 Y134.97 E2158.67363
G1 X132.4 Y134.624 E2158.68475
G1 X132.402 Y128.444 E2158.88208
G1 X132.442 Y128.044 E2158.89492
G1 X132.577 Y127.558 E2158.91102
G1 X132.827 Y127.066 E2158.92864
G1 X133.204 Y126.619 E2158.94731
G1 X133.611 Y126.301 E2158.96381
G1 X134.03 Y126.086 E2158.97884
G1 X134.526 Y125.941 E2158.99534
G1 X134.872 Y125.9 E2159.00647
G1 X165.046 Y125.902 E2159.96991
G1 X165.571 Y125.963 E2159.98679
G1 X166.045 Y126.121 E2160.00274
G1 X166.385 Y126.301 E2160.01503
G1 X166.792 Y126.619 E2160.03152
G1 X167.177 Y127.079 E2160.05067
G1 X167.383 Y127.459 E2160.06447
G1 X167.554 Y128.018 E2160.08314
G1 X167.6 Y128.372 E2160.09454
G1 X167.598 Y134.552 E2160.29186
G1 X167.558 Y134.952 E2160.3047
G1 X167.414 Y135.466 E2160.32174
G1 X167.138 Y135.974 E2160.3402
G1 X166.792 Y136.377 E2160.35716
G1 X166.39 Y136.692 E2160.37347
G1 X166.312 Y136.733 E2160.37628
G0 F1620 X165.966 Y136.914
G0 F9600 X165.832 Y136.537
G0 X165.832 Y136.537 Z7.79
;TYPE:WALL-OUTER
G1 F1800 X165.64 Y136.594 Z7.8 E2160.38266
G1 X165.446 Y136.652 E2160.38926
G1 X165.154 Y136.698 E2160.39889
G1 X134.984 Y136.7 E2161.38228
G1 X134.584 Y136.66 E2161.39538
G1 X134.174 Y136.54 E2161.40931
G1 X133.765 Y136.319 E2161.42446
G1 X133.429 Y136.039 E2161.43872
G1 X133.172 Y135.725 E2161.45194
G1 X132.96 Y135.323 E2161.46676
G1 X132.837 Y134.916 E2161.48061
G1 X132.801 Y134.652 E2161.4893
G1 X132.8 Y128.484 E2161.69034
G1 X132.84 Y128.084 E2161.70345
G1 X132.975 Y127.638 E2161.71864
G1 X133.163 Y127.283 E2161.73173
G1 X133.457 Y126.929 E2161.74673
G1 X133.798 Y126.655 E2161.76099
G1 X134.173 Y126.46 E2161.77476
G1 X134.58 Y126.337 E2161.78862
G1 X134.845 Y126.301 E2161.79734
G1 X165.01 Y126.3 E2162.78057
G1 X165.41 Y126.336 E2162.79366
G1 X165.858 Y126.475 E2162.80895
G1 X166.231 Y126.677 E2162.82277
G1 X166.567 Y126.957 E2162.83703
G1 X166.823 Y127.27 E2162.85021
G1 X167.027 Y127.641 E2162.86401
G1 X167.152 Y128.05 E2162.87795
G1 X167.198 Y128.342 E2162.88758
G1 X167.2 Y134.512 E2163.08869
G1 X167.152 Y134.95 E2163.10306
G1 X167.037 Y135.332 E2163.11606
G1 X166.819 Y135.731 E2163.13088
G1 X166.539 Y136.067 E2163.14514
G1 X166.2 Y136.34 E2163.15932
G1 X165.998 Y136.448 E2163.16679
G0 F1620 X165.832 Y136.537
G0 X165.64 Y136.594
G0 F9600 X165.446 Y136.652
G0 X165.154 Y136.698
G0 X164.852 Y136.698
G0 X164.852 Y137.41
G0 X161.728 Y139.805
G0 X162.004 Y140.455
G0 X162.004 Y140.455 Z7.79
G1 F1800 X162.198 Y140.406 Z7.8 E2163.17316
G1 X162.405 Y140.353 E2163.18012
G1 X162.801 Y140.301 E2163.19314
G1 X168.987 Y140.3 E2163.39477
G1 X169.436 Y140.262 E2163.40946
G1 X170.066 Y140.085 E2163.43079
G1 X170.641 Y139.762 E2163.45229
G1 X170.974 Y139.481 E2163.46649
G1 X171.257 Y139.153 E2163.48061
G1 X171.487 Y138.779 E2163.49492
G1 X171.721 Y138.152 E2163.51673
G1 X171.8 Y137.66 E2163.53298
G1 X171.801 Y126.471 E2163.89768
G1 X171.837 Y126.193 E2163.90682
G1 X171.974 Y125.872 E2163.91819
G1 X172.134 Y125.668 E2163.92664
G1 X172.432 Y125.443 E2163.93882
G1 X172.878 Y125.3 E2163.95408
G1 X181.396 Y125.3 E2164.23173
G1 X181.396 Y122.7 E2164.31647
G1 X118.6 Y122.7 E2166.3633
G1 X118.6 Y125.3 E2166.44805
G1 X127.025 Y125.301 E2166.72266
G1 X127.332 Y125.346 E2166.73278
G1 X127.624 Y125.474 E2166.74317
G1 X127.828 Y125.634 E2166.75162
G1 X128.054 Y125.937 E2166.76394
G1 X128.201 Y126.412 E2166.78015
G1 X128.2 Y137.496 E2167.14143
G1 X128.234 Y137.937 E2167.15585
G1 X128.411 Y138.566 E2167.17714
G1 X128.734 Y139.141 E2167.19864
G1 X129.015 Y139.474 E2167.21284
G1 X129.343 Y139.757 E2167.22696
G1 X129.72 Y139.987 E2167.24136
G1 X130.348 Y140.221 E2167.2632
G1 X130.84 Y140.3 E2167.27945
G1 X137.046 Y140.3 E2167.48173
G1 X137.436 Y140.327 E2167.49447
G1 X137.796 Y140.399 E2167.50644
G1 X138.45 Y140.652 E2167.52929
G1 X161.543 Y140.652 E2168.28201
G1 X161.831 Y140.529 E2168.29222
G0 F1620 X162.004 Y140.455
G0 X162.198 Y140.406
G0 F9600 X162.405 Y140.353
G0 X162.801 Y140.301
G0 X162.988 Y140.301
G1 F4200 E2167.29222
G0 F9600 X162.988 Y139.59
G0 X167.017 Y136.517
G0 X171.162 Y131.976
G0 X171.151 Y126.445
G0 X171.393 Y125.571
G0 X172.072 Y124.893
G0 X180.088 Y123.661
;TYPE:SKIN
G1 F2100 E2168.29222
G1 F1710 X180.435 Y124.008 E2168.30679
G0 F9600 X180.228 Y124.338
G1 F1710 X179.551 Y123.661 E2168.33523
G0 F9600 X179.013 Y123.661
G1 F1710 X179.691 Y124.338 E2168.36369
G0 F9600 X179.153 Y124.338
G1 F1710 X178.476 Y123.661 E2168.39212
G0 F9600 X177.938 Y123.661
G1 F1710 X178.616 Y124.338 E2168.42058
G0 F9600 X178.078 Y124.338
G1 F1710 X177.401 Y123.661 E2168.44902
G0 F9600 X176.864 Y123.661
G1 F1710 X177.541 Y124.338 E2168.47745
G0 F9600 X177.004 Y124.338
G1 F1710 X176.326 Y123.661 E2168.50591
G0 F9600 X175.789 Y123.661
G1 F1710 X176.466 Y124.338 E2168.53435
G0 F9600 X175.929 Y124.338
G1 F1710 X175.251 Y123.661 E2168.56281
G0 F9600 X174.714 Y123.661
G1 F1710 X175.391 Y124.338 E2168.59124
G0 F9600 X174.854 Y124.338
G1 F1710 X174.177 Y123.661 E2168.61968
G0 F9600 X173.639 Y123.661
G1 F1710 X174.317 Y124.338 E2168.64814
G0 F9600 X173.779 Y124.338
G1 F1710 X173.102 Y123.661 E2168.67657
G0 F9600 X172.564 Y123.661
G1 F1710 X173.242 Y124.338 E2168.70503
G0 F9600 X172.733 Y124.367
G1 F1710 X172.027 Y123.661 E2168.73469
G0 F9600 X171.49 Y123.661
G1 F1710 X172.304 Y124.475 E2168.76888
G0 F9600 X171.928 Y124.637
G1 F1710 X170.952 Y123.661 E2168.80987
G0 F9600 X170.415 Y123.661
G1 F1710 X171.607 Y124.853 E2168.85994
G0 F9600 X171.35 Y125.133
G1 F1710 X169.877 Y123.661 E2168.92179
G0 F9600 X169.34 Y123.661
G1 F1710 X171.123 Y125.444 E2168.99669
G0 F9600 X170.96 Y125.818
G1 F1710 X168.803 Y123.661 E2169.08729
G0 F9600 X168.265 Y123.661
G1 F1710 X170.866 Y126.262 E2169.19654
G0 F9600 X170.839 Y126.772
G1 F1710 X167.728 Y123.661 E2169.32722
G0 F9600 X167.19 Y123.661
G1 F1710 X170.839 Y127.31 E2169.48049
G0 F9600 X170.839 Y127.847
G1 F1710 X166.653 Y123.661 E2169.65632
G0 F9600 X166.116 Y123.661
G1 F1710 X170.839 Y128.384 E2169.8547
G0 F9600 X170.839 Y128.922
G1 F1710 X165.578 Y123.661 E2170.07569
G0 F9600 X165.041 Y123.661
G1 F1710 X170.839 Y129.459 E2170.31922
G0 F9600 X170.839 Y129.997
G1 F1710 X167.686 Y126.844 E2170.45166
G0 F9600 X168.058 Y127.753
G1 F1710 X170.839 Y130.534 E2170.56848
G0 F9600 X170.839 Y131.071
G1 F1710 X168.161 Y128.393 E2170.68096
G0 F9600 X168.161 Y128.93
G1 F1710 X170.839 Y131.609 E2170.79347
G0 F9600 X170.839 Y132.146
G1 F1710 X168.16 Y129.467 E2170.906
G0 F9600 X168.159 Y130.004
G1 F1710 X170.839 Y132.684 E2171.01857
G0 F9600 X170.839 Y133.221
G1 F1710 X168.159 Y130.541 E2171.13114
G0 F9600 X168.158 Y131.078
G1 F1710 X170.839 Y133.758 E2171.24373
G0 F9600 X170.839 Y134.296
G1 F1710 X168.158 Y131.614 E2171.35637
G0 F9600 X168.158 Y132.152
G1 F1710 X170.839 Y134.833 E2171.46898
G0 F9600 X170.839 Y135.371
G1 F1710 X168.157 Y132.689 E2171.58163
G0 F9600 X168.156 Y133.225
G1 F1710 X170.839 Y135.908 E2171.69433
G0 F9600 X170.839 Y136.445
G1 F1710 X168.156 Y133.763 E2171.80701
G0 F9600 X168.156 Y134.299
G1 F1710 X170.839 Y136.983 E2171.91972
G0 F9600 X170.839 Y137.52
G1 F1710 X168.135 Y134.816 E2172.0333
G0 F9600 X168.047 Y135.265
G1 F1710 X170.76 Y137.978 E2172.14726
G0 F9600 X170.612 Y138.368
G1 F1710 X167.927 Y135.682 E2172.26006
G0 F9600 X167.746 Y136.039
G1 F1710 X170.384 Y138.678 E2172.37089
G0 F9600 X170.114 Y138.945
G1 F1710 X167.529 Y136.36 E2172.47947
G0 F9600 X167.294 Y136.663
G1 F1710 X169.777 Y139.145 E2172.58374
G0 F9600 X169.376 Y139.282
G1 F1710 X167.01 Y136.916 E2172.68312
G0 F9600 X166.706 Y137.149
G1 F1710 X168.896 Y139.339 E2172.77511
G0 F9600 X168.359 Y139.339
G1 F1710 X166.358 Y137.339 E2172.85914
G0 F9600 X165.978 Y137.495
G1 F1710 X167.821 Y139.339 E2172.93658
G0 F9600 X167.284 Y139.339
G1 F1710 X165.549 Y137.604 E2173.00945
G0 F9600 X165.068 Y137.661
G1 F1710 X166.746 Y139.339 E2173.07994
G0 F9600 X166.209 Y139.339
G1 F1710 X164.531 Y137.661 E2173.15042
G0 F9600 X163.994 Y137.661
G1 F1710 X165.672 Y139.339 E2173.2209
G0 F9600 X165.134 Y139.339
G1 F1710 X163.456 Y137.661 E2173.29138
G0 F9600 X162.919 Y137.661
G1 F1710 X164.597 Y139.339 E2173.36187
G0 F9600 X164.059 Y139.339
G1 F1710 X162.381 Y137.661 E2173.43235
G0 F9600 X161.844 Y137.661
G1 F1710 X163.522 Y139.339 E2173.50283
G0 F9600 X162.985 Y139.339
G1 F1710 X161.307 Y137.661 E2173.57332
G0 F9600 X160.769 Y137.66
G1 F1710 X162.485 Y139.377 E2173.64541
G0 F9600 X162.029 Y139.458
G1 F1710 X160.231 Y137.66 E2173.72094
G0 F9600 X159.694 Y137.66
G1 F1710 X161.612 Y139.579 E2173.80152
G0 F9600 X161.187 Y139.691
G1 F1710 X159.156 Y137.66 E2173.88683
G0 F9600 X158.619 Y137.66
G1 F1710 X160.65 Y139.691 E2173.97214
G0 F9600 X160.112 Y139.691
G1 F1710 X158.081 Y137.66 E2174.05745
G0 F9600 X157.544 Y137.66
G1 F1710 X159.575 Y139.691 E2174.14276
G0 F9600 X159.038 Y139.691
G1 F1710 X157.007 Y137.66 E2174.22807
G0 F9600 X156.469 Y137.66
G1 F1710 X158.5 Y139.691 E2174.31338
G0 F9600 X157.963 Y139.691
G1 F1710 X155.931 Y137.66 E2174.39871
G0 F9600 X155.394 Y137.66
G1 F1710 X157.425 Y139.691 E2174.48402
G0 F9600 X156.888 Y139.691
G1 F1710 X154.856 Y137.66 E2174.56936
G0 F9600 X154.319 Y137.66
G1 F1710 X156.351 Y139.691 E2174.65469
G0 F9600 X155.813 Y139.691
G1 F1710 X153.782 Y137.66 E2174.74
G0 F9600 X153.244 Y137.66
G1 F1710 X155.276 Y139.691 E2174.82533
G0 F9600 X154.738 Y139.691
G1 F1710 X152.707 Y137.66 E2174.91064
G0 F9600 X152.169 Y137.659
G1 F1710 X154.201 Y139.691 E2174.99599
G0 F9600 X153.663 Y139.691
G1 F1710 X151.631 Y137.659 E2175.08134
G0 F9600 X151.094 Y137.659
G1 F1710 X153.126 Y139.691 E2175.16669
G0 F9600 X152.589 Y139.691
G1 F1710 X150.556 Y137.659 E2175.25207
G0 F9600 X150.019 Y137.659
G1 F1710 X152.051 Y139.691 E2175.33742
G0 F9600 X151.514 Y139.691
G1 F1710 X149.482 Y137.659 E2175.42277
G0 F9600 X148.944 Y137.659
G1 F1710 X150.976 Y139.691 E2175.50812
G0 F9600 X150.439 Y139.691
G1 F1710 X148.407 Y137.659 E2175.59348
G0 F9600 X147.869 Y137.658
G1 F1710 X149.902 Y139.691 E2175.67887
G0 F9600 X149.364 Y139.691
G1 F1710 X147.331 Y137.658 E2175.76426
G0 F9600 X146.794 Y137.658
G1 F1710 X148.827 Y139.691 E2175.84966
G0 F9600 X148.289 Y139.691
G1 F1710 X146.257 Y137.658 E2175.93503
G0 F9600 X145.719 Y137.658
G1 F1710 X147.752 Y139.691 E2176.02043
G0 F9600 X147.215 Y139.691
G1 F1710 X145.182 Y137.658 E2176.10582
G0 F9600 X144.644 Y137.658
G1 F1710 X146.677 Y139.691 E2176.19121
G0 F9600 X146.14 Y139.691
G1 F1710 X144.107 Y137.658 E2176.27661
G0 F9600 X143.57 Y137.658
G1 F1710 X145.602 Y139.691 E2176.36198
G0 F9600 X145.065 Y139.691
G1 F1710 X143.031 Y137.657 E2176.44742
G0 F9600 X142.494 Y137.657
G1 F1710 X144.528 Y139.691 E2176.53285
G0 F9600 X143.99 Y139.691
G1 F1710 X141.957 Y137.657 E2176.61827
G0 F9600 X141.419 Y137.657
G1 F1710 X143.453 Y139.691 E2176.7037
G0 F9600 X142.915 Y139.691
G1 F1710 X140.882 Y137.657 E2176.78912
G0 F9600 X140.344 Y137.657
G1 F1710 X142.378 Y139.691 E2176.87456
G0 F9600 X141.841 Y139.691
G1 F1710 X139.807 Y137.657 E2176.95999
G0 F9600 X139.27 Y137.657
G1 F1710 X141.303 Y139.691 E2177.04541
G0 F9600 X140.766 Y139.691
G1 F1710 X138.732 Y137.657 E2177.13084
G0 F9600 X138.194 Y137.657
G1 F1710 X140.228 Y139.691 E2177.21628
G0 F9600 X139.691 Y139.691
G1 F1710 X137.657 Y137.657 E2177.30171
G0 F9600 X137.119 Y137.657
G1 F1710 X139.154 Y139.691 E2177.38717
G0 F9600 X138.606 Y139.68
G1 F1710 X136.582 Y137.657 E2177.47217
G0 F9600 X136.045 Y137.657
G1 F1710 X137.819 Y139.431 E2177.54668
G0 F9600 X137.199 Y139.349
G1 F1710 X135.507 Y137.657 E2177.61775
G0 F9600 X134.97 Y137.657
G1 F1710 X136.653 Y139.34 E2177.68845
G0 F9600 X136.116 Y139.34
G1 F1710 X134.356 Y137.58 E2177.76237
G0 F9600 X133.507 Y137.269
G1 F1710 X135.579 Y139.34 E2177.84938
G0 F9600 X135.04 Y139.34
G1 F1710 X129.161 Y133.46 E2178.09635
G0 F9600 X129.161 Y133.997
G1 F1710 X134.503 Y139.34 E2178.32075
G0 F9600 X133.966 Y139.34
G1 F1710 X129.161 Y134.535 E2178.52258
G0 F9600 X129.161 Y135.072
G1 F1710 X133.428 Y139.34 E2178.70183
G0 F9600 X132.89 Y139.339
G1 F1710 X129.161 Y135.61 E2178.85847
G0 F9600 X129.161 Y136.147
G1 F1710 X132.353 Y139.339 E2178.99254
G0 F9600 X131.815 Y139.339
G1 F1710 X129.161 Y136.684 E2179.10404
G0 F9600 X129.161 Y137.222
G1 F1710 X131.278 Y139.339 E2179.19296
G0 F9600 X130.707 Y139.306
G1 F1710 X129.19 Y137.788 E2179.25671
G0 F9600 X132.226 Y135.988
G1 F1710 X129.161 Y132.923 E2179.38545
G0 F9600 X129.161 Y132.385
G1 F1710 X131.911 Y135.136 E2179.50098
G0 F9600 X131.84 Y134.527
G1 F1710 X129.162 Y131.849 E2179.61347
G0 F9600 X129.162 Y131.311
G1 F1710 X131.84 Y133.99 E2179.72597
G0 F9600 X131.841 Y133.453
G1 F1710 X129.162 Y130.774 E2179.8385
G0 F9600 X129.162 Y130.236
G1 F1710 X131.841 Y132.916 E2179.95105
G0 F9600 X131.841 Y132.379
G1 F1710 X129.162 Y129.699 E2180.0636
G0 F9600 X129.162 Y129.162
G1 F1710 X131.842 Y131.842 E2180.17617
G0 F9600 X131.842 Y131.305
G1 F1710 X129.162 Y128.624 E2180.28876
G0 F9600 X129.162 Y128.087
G1 F1710 X131.843 Y130.768 E2180.40138
G0 F9600 X131.843 Y130.231
G1 F1710 X129.162 Y127.549 E2180.51401
G0 F9600 X129.162 Y127.012
G1 F1710 X131.844 Y129.694 E2180.62667
G0 F9600 X131.844 Y129.157
G1 F1710 X129.162 Y126.475 E2180.73932
G0 F9600 X129.009 Y125.784
G1 F1710 X131.844 Y128.62 E2180.85842
G0 F9600 X131.882 Y128.12
G1 F1710 X127.423 Y123.661 E2181.04572
G0 F9600 X127.96 Y123.661
G1 F1710 X131.965 Y127.665 E2181.21392
G0 F9600 X132.101 Y127.264
G1 F1710 X128.498 Y123.661 E2181.36526
G0 F9600 X129.035 Y123.661
G1 F1710 X132.279 Y126.905 E2181.50152
G0 F9600 X132.498 Y126.586
G1 F1710 X129.572 Y123.661 E2181.62441
G0 F9600 X130.11 Y123.661
G1 F1710 X132.745 Y126.296 E2181.73509
G0 F9600 X133.03 Y126.044
G1 F1710 X130.647 Y123.661 E2181.83518
G0 F9600 X131.185 Y123.661
G1 F1710 X133.335 Y125.811 E2181.92549
G0 F9600 X133.693 Y125.632
G1 F1710 X131.722 Y123.661 E2182.00828
G0 F9600 X132.259 Y123.661
G1 F1710 X134.087 Y125.489 E2182.08507
G0 F9600 X134.514 Y125.379
G1 F1710 X132.797 Y123.661 E2182.15721
G0 F9600 X133.334 Y123.661
G1 F1710 X135.012 Y125.339 E2182.22769
G0 F9600 X135.55 Y125.339
G1 F1710 X133.872 Y123.661 E2182.29817
G0 F9600 X134.409 Y123.661
G1 F1710 X136.087 Y125.339 E2182.36865
G0 F9600 X136.624 Y125.339
G1 F1710 X134.946 Y123.661 E2182.43914
G0 F9600 X135.484 Y123.661
G1 F1710 X137.162 Y125.339 E2182.50962
G0 F9600 X137.699 Y125.339
G1 F1710 X136.021 Y123.661 E2182.5801
G0 F9600 X136.559 Y123.661
G1 F1710 X138.237 Y125.339 E2182.65059
G0 F9600 X138.774 Y125.339
G1 F1710 X137.096 Y123.661 E2182.72107
G0 F9600 X137.633 Y123.661
G1 F1710 X139.311 Y125.339 E2182.79155
G0 F9600 X139.849 Y125.339
G1 F1710 X138.171 Y123.661 E2182.86203
G0 F9600 X138.708 Y123.661
G1 F1710 X140.387 Y125.34 E2182.93256
G0 F9600 X140.924 Y125.34
G1 F1710 X139.246 Y123.661 E2183.00306
G0 F9600 X139.783 Y123.661
G1 F1710 X141.462 Y125.34 E2183.07359
G0 F9600 X141.999 Y125.34
G1 F1710 X140.32 Y123.661 E2183.14411
G0 F9600 X140.858 Y123.661
G1 F1710 X142.536 Y125.34 E2183.21462
G0 F9600 X143.074 Y125.34
G1 F1710 X141.395 Y123.661 E2183.28514
G0 F9600 X141.933 Y123.661
G1 F1710 X143.611 Y125.34 E2183.35564
G0 F9600 X144.149 Y125.34
G1 F1710 X142.47 Y123.661 E2183.42617
G0 F9600 X143.007 Y123.661
G1 F1710 X144.686 Y125.34 E2183.49669
G0 F9600 X145.224 Y125.34
G1 F1710 X143.545 Y123.661 E2183.56722
G0 F9600 X144.082 Y123.661
G1 F1710 X145.762 Y125.34 E2183.63776
G0 F9600 X146.299 Y125.34
G1 F1710 X144.62 Y123.661 E2183.70829
G0 F9600 X145.157 Y123.661
G1 F1710 X146.836 Y125.34 E2183.77881
G0 F9600 X147.374 Y125.34
G1 F1710 X145.694 Y123.661 E2183.84936
G0 F9600 X146.232 Y123.661
G1 F1710 X147.911 Y125.34 E2183.91988
G0 F9600 X148.449 Y125.34
G1 F1710 X146.769 Y123.661 E2183.99043
G0 F9600 X147.307 Y123.661
G1 F1710 X148.986 Y125.34 E2184.06095
G0 F9600 X149.523 Y125.34
G1 F1710 X147.844 Y123.661 E2184.13148
G0 F9600 X148.381 Y123.661
G1 F1710 X150.061 Y125.341 E2184.20204
G0 F9600 X150.599 Y125.341
G1 F1710 X148.919 Y123.661 E2184.27261
G0 F9600 X149.456 Y123.661
G1 F1710 X151.136 Y125.341 E2184.34318
G0 F9600 X151.674 Y125.341
G1 F1710 X149.994 Y123.661 E2184.41374
G0 F9600 X150.531 Y123.661
G1 F1710 X152.211 Y125.341 E2184.48431
G0 F9600 X152.748 Y125.341
G1 F1710 X151.068 Y123.661 E2184.55488
G0 F9600 X151.606 Y123.661
G1 F1710 X153.286 Y125.341 E2184.62544
G0 F9600 X153.823 Y125.341
G1 F1710 X152.143 Y123.661 E2184.69601
G0 F9600 X152.681 Y123.661
G1 F1710 X154.361 Y125.341 E2184.76658
G0 F9600 X154.898 Y125.341
G1 F1710 X153.218 Y123.661 E2184.83714
G0 F9600 X153.755 Y123.661
G1 F1710 X155.436 Y125.342 E2184.90775
G0 F9600 X155.974 Y125.342
G1 F1710 X154.293 Y123.661 E2184.97836
G0 F9600 X154.83 Y123.661
G1 F1710 X156.511 Y125.342 E2185.04897
G0 F9600 X157.048 Y125.342
G1 F1710 X155.368 Y123.661 E2185.11956
G0 F9600 X155.905 Y123.661
G1 F1710 X157.586 Y125.342 E2185.19017
G0 F9600 X158.123 Y125.342
G1 F1710 X156.442 Y123.661 E2185.26078
G0 F9600 X156.98 Y123.661
G1 F1710 X158.661 Y125.342 E2185.33138
G0 F9600 X159.198 Y125.342
G1 F1710 X157.517 Y123.661 E2185.40199
G0 F9600 X158.055 Y123.661
G1 F1710 X159.735 Y125.342 E2185.47258
G0 F9600 X160.274 Y125.342
G1 F1710 X158.592 Y123.661 E2185.54321
G0 F9600 X159.129 Y123.661
G1 F1710 X160.811 Y125.342 E2185.61384
G0 F9600 X161.348 Y125.342
G1 F1710 X159.667 Y123.661 E2185.68445
G0 F9600 X160.204 Y123.661
G1 F1710 X161.886 Y125.342 E2185.75508
G0 F9600 X162.423 Y125.342
G1 F1710 X160.742 Y123.661 E2185.82569
G0 F9600 X161.279 Y123.661
G1 F1710 X162.961 Y125.342 E2185.89632
G0 F9600 X163.498 Y125.342
G1 F1710 X161.816 Y123.661 E2185.96695
G0 F9600 X162.354 Y123.661
G1 F1710 X164.035 Y125.342 E2186.03756
G0 F9600 X164.573 Y125.342
G1 F1710 X162.891 Y123.661 E2186.10819
G0 F9600 X163.429 Y123.661
G1 F1710 X165.113 Y125.345 E2186.17892
G0 F9600 X165.732 Y125.427
G1 F1710 X163.966 Y123.661 E2186.2531
G0 F9600 X164.503 Y123.661
G1 F1710 X166.655 Y125.813 E2186.34349
G1 F4200 E2185.34349
G0 F9600 X165.346 Y125.682
G0 X127.704 Y124.48
G1 F2100 E2186.34349
G1 F1710 X126.885 Y123.661 E2186.37789
G0 F9600 X126.348 Y123.661
G1 F1710 X127.029 Y124.342 E2186.4065
G0 F9600 X126.489 Y124.339
G1 F1710 X125.811 Y123.661 E2186.43498
G0 F9600 X125.273 Y123.661
G1 F1710 X125.951 Y124.339 E2186.46346
G0 F9600 X125.414 Y124.339
G1 F1710 X124.736 Y123.661 E2186.49193
G0 F9600 X124.198 Y123.661
G1 F1710 X124.876 Y124.339 E2186.52041
G0 F9600 X124.339 Y124.339
G1 F1710 X123.661 Y123.661 E2186.54889
G0 F9600 X123.124 Y123.661
G1 F1710 X123.802 Y124.339 E2186.57737
G0 F9600 X123.264 Y124.339
G1 F1710 X122.586 Y123.661 E2186.60585
G0 F9600 X122.049 Y123.661
G1 F1710 X122.727 Y124.339 E2186.63433
G0 F9600 X122.189 Y124.339
G1 F1710 X121.511 Y123.661 E2186.66281
G0 F9600 X120.974 Y123.661
G1 F1710 X121.652 Y124.339 E2186.69128
G0 F9600 X121.115 Y124.339
G1 F1710 X120.437 Y123.661 E2186.71976
G0 F9600 X119.899 Y123.661
G1 F1710 X120.577 Y124.339 E2186.74824
G0 F9600 X120.04 Y124.339
G1 F1710 X119.56 Y123.86 E2186.76838
G0 F9600 X119.612 Y123.86
;TIME_ELAPSED:2749.229326
G1 F4200 E2185.76838
M140 S0
M107
M400
G92 E1
G1 E-0.2 F300
G1 X0 Y0 F10000
G28 Z
M104 S0
M140 S0
M84
M82 ;absolute extrusion mode
M104 S0
;End of Gcode
;SETTING_3 {"global_quality": "[general]\\nversion = 4\\nname = petg\\ndefinitio
;SETTING_3 n = infinity3dp_x2\\n\\n[metadata]\\ntype = quality_changes\\nquality
;SETTING_3 _type = a\\nintent_category = default\\nsetting_version = 24\\n\\n[va
;SETTING_3 lues]\\nmaterial_bed_temperature = 70\\n\\n", "extruder_quality": ["[
;SETTING_3 general]\\nversion = 4\\nname = petg\\ndefinition = infinity3dp_x2\\n
;SETTING_3 \\n[metadata]\\ntype = quality_changes\\nquality_type = a\\nintent_ca
;SETTING_3 tegory = default\\nposition = 0\\nsetting_version = 24\\n\\n[values]\
;SETTING_3 \ncool_fan_speed = 100\\ninfill_material_flow = 96\\ninfill_sparse_de
;SETTING_3 nsity = 30\\nmaterial_final_print_temperature = 230\\nmaterial_flow =
;SETTING_3  98\\nmaterial_flow_layer_0 = 106\\nmaterial_initial_print_temperatur
;SETTING_3 e = 230\\nmaterial_print_temperature = 230\\nskin_material_flow = 94\
;SETTING_3 \nspeed_support_interface = 25\\nsupport_angle = 60\\nsupport_bottom_
;SETTING_3 pattern = lines\\nsupport_interface_density = 90\\nsupport_roof_patte
;SETTING_3 rn = triangles\\nsupport_z_distance = 0.15\\nwall_x_material_flow = 9
;SETTING_3 6\\n\\n"]}
